timestamp,processId,parentProcessId,userId,processName,hostName,eventId,eventName,argsNum,returnValue,args,sus,evil
18769.484009,7784,1567,0,ps,ip-10-100-1-26,3,close,1,0,"[{'name': 'fd', 'type': 'int', 'value': 9}]",0,0
18769.484037,7784,1567,0,ps,ip-10-100-1-26,1005,security_file_open,4,0,"[{'name': 'pathname', 'type': 'const char*', 'value': '/proc/120/status'}, {'name': 'flags', 'type': 'int', 'value': 'O_RDONLY|O_LARGEFILE'}, {'name': 'dev', 'type': 'dev_t', 'value': 5}, {'name': 'inode', 'type': 'unsigned long', 'value': 127765}]",0,0
18769.484062,7784,1567,0,ps,ip-10-100-1-26,257,openat,4,9,"[{'name': 'dirfd', 'type': 'int', 'value': -100}, {'name': 'pathname', 'type': 'const char*', 'value': '/proc/120/status'}, {'name': 'flags', 'type': 'int', 'value': 'O_RDONLY'}, {'name': 'mode', 'type': 'int', 'value': 1151610539}]",0,0
18769.484094,7784,1567,0,ps,ip-10-100-1-26,3,close,1,0,"[{'name': 'fd', 'type': 'int', 'value': 9}]",0,0
18769.48412,7784,1567,0,ps,ip-10-100-1-26,1005,security_file_open,4,0,"[{'name': 'pathname', 'type': 'const char*', 'value': '/proc/120/cmdline'}, {'name': 'flags', 'type': 'int', 'value': 'O_RDONLY|O_LARGEFILE'}, {'name': 'dev', 'type': 'dev_t', 'value': 5}, {'name': 'inode', 'type': 'unsigned long', 'value': 127766}]",0,0
18769.484145,7784,1567,0,ps,ip-10-100-1-26,257,openat,4,9,"[{'name': 'dirfd', 'type': 'int', 'value': -100}, {'name': 'pathname', 'type': 'const char*', 'value': '/proc/120/cmdline'}, {'name': 'flags', 'type': 'int', 'value': 'O_RDONLY'}, {'name': 'mode', 'type': 'int', 'value': 1151610539}]",0,0
18769.48417,7784,1567,0,ps,ip-10-100-1-26,3,close,1,0,"[{'name': 'fd', 'type': 'int', 'value': 9}]",0,0
18769.484195,7784,1567,0,ps,ip-10-100-1-26,4,stat,2,0,"[{'name': 'pathname', 'type': 'const char*', 'value': '/proc/121'}, {'name': 'statbuf', 'type': 'struct stat*', 'value': '0x7F2A44B3E680'}]",0,0
18769.48422,7784,1567,0,ps,ip-10-100-1-26,1005,security_file_open,4,0,"[{'name': 'pathname', 'type': 'const char*', 'value': '/proc/121/stat'}, {'name': 'flags', 'type': 'int', 'value': 'O_RDONLY|O_LARGEFILE'}, {'name': 'dev', 'type': 'dev_t', 'value': 5}, {'name': 'inode', 'type': 'unsigned long', 'value': 127767}]",0,0
18769.484245,7784,1567,0,ps,ip-10-100-1-26,257,openat,4,9,"[{'name': 'dirfd', 'type': 'int', 'value': -100}, {'name': 'pathname', 'type': 'const char*', 'value': '/proc/121/stat'}, {'name': 'flags', 'type': 'int', 'value': 'O_RDONLY'}, {'name': 'mode', 'type': 'int', 'value': 1151610539}]",0,0
18769.495475,7784,1567,0,ps,ip-10-100-1-26,3,close,1,0,"[{'name': 'fd', 'type': 'int', 'value': 9}]",0,0
18769.495546,7784,1567,0,ps,ip-10-100-1-26,257,openat,4,9,"[{'name': 'dirfd', 'type': 'int', 'value': -100}, {'name': 'pathname', 'type': 'const char*', 'value': '/proc/121/cmdline'}, {'name': 'flags', 'type': 'int', 'value': 'O_RDONLY'}, {'name': 'mode', 'type': 'int', 'value': 1151610539}]",0,0
18769.495571,7784,1567,0,ps,ip-10-100-1-26,3,close,1,0,"[{'name': 'fd', 'type': 'int', 'value': 9}]",0,0
18769.495415,7784,1567,0,ps,ip-10-100-1-26,257,openat,4,9,"[{'name': 'dirfd', 'type': 'int', 'value': -100}, {'name': 'pathname', 'type': 'const char*', 'value': '/proc/121/status'}, {'name': 'flags', 'type': 'int', 'value': 'O_RDONLY'}, {'name': 'mode', 'type': 'int', 'value': 1151610539}]",0,0
18769.484302,7784,1567,0,ps,ip-10-100-1-26,1005,security_file_open,4,0,"[{'name': 'pathname', 'type': 'const char*', 'value': '/proc/121/status'}, {'name': 'flags', 'type': 'int', 'value': 'O_RDONLY|O_LARGEFILE'}, {'name': 'dev', 'type': 'dev_t', 'value': 5}, {'name': 'inode', 'type': 'unsigned long', 'value': 127768}]",0,0
18769.495632,7784,1567,0,ps,ip-10-100-1-26,1005,security_file_open,4,0,"[{'name': 'pathname', 'type': 'const char*', 'value': '/proc/159/stat'}, {'name': 'flags', 'type': 'int', 'value': 'O_RDONLY|O_LARGEFILE'}, {'name': 'dev', 'type': 'dev_t', 'value': 5}, {'name': 'inode', 'type': 'unsigned long', 'value': 127770}]",0,0
18769.484274,7784,1567,0,ps,ip-10-100-1-26,3,close,1,0,"[{'name': 'fd', 'type': 'int', 'value': 9}]",0,0
18769.495605,7784,1567,0,ps,ip-10-100-1-26,4,stat,2,0,"[{'name': 'pathname', 'type': 'const char*', 'value': '/proc/159'}, {'name': 'statbuf', 'type': 'struct stat*', 'value': '0x7F2A44B3E680'}]",0,0
18769.495516,7784,1567,0,ps,ip-10-100-1-26,1005,security_file_open,4,0,"[{'name': 'pathname', 'type': 'const char*', 'value': '/proc/121/cmdline'}, {'name': 'flags', 'type': 'int', 'value': 'O_RDONLY|O_LARGEFILE'}, {'name': 'dev', 'type': 'dev_t', 'value': 5}, {'name': 'inode', 'type': 'unsigned long', 'value': 127769}]",0,0
18769.495658,7784,1567,0,ps,ip-10-100-1-26,257,openat,4,9,"[{'name': 'dirfd', 'type': 'int', 'value': -100}, {'name': 'pathname', 'type': 'const char*', 'value': '/proc/159/stat'}, {'name': 'flags', 'type': 'int', 'value': 'O_RDONLY'}, {'name': 'mode', 'type': 'int', 'value': 1151610539}]",0,0
18769.495691,7784,1567,0,ps,ip-10-100-1-26,3,close,1,0,"[{'name': 'fd', 'type': 'int', 'value': 9}]",0,0
18769.495731,7784,1567,0,ps,ip-10-100-1-26,1005,security_file_open,4,0,"[{'name': 'pathname', 'type': 'const char*', 'value': '/proc/159/status'}, {'name': 'flags', 'type': 'int', 'value': 'O_RDONLY|O_LARGEFILE'}, {'name': 'dev', 'type': 'dev_t', 'value': 5}, {'name': 'inode', 'type': 'unsigned long', 'value': 127771}]",0,0
18769.495759,7784,1567,0,ps,ip-10-100-1-26,257,openat,4,9,"[{'name': 'dirfd', 'type': 'int', 'value': -100}, {'name': 'pathname', 'type': 'const char*', 'value': '/proc/159/status'}, {'name': 'flags', 'type': 'int', 'value': 'O_RDONLY'}, {'name': 'mode', 'type': 'int', 'value': 1151610539}]",0,0
18769.495807,7784,1567,0,ps,ip-10-100-1-26,3,close,1,0,"[{'name': 'fd', 'type': 'int', 'value': 9}]",0,0
18769.495836,7784,1567,0,ps,ip-10-100-1-26,1005,security_file_open,4,0,"[{'name': 'pathname', 'type': 'const char*', 'value': '/proc/159/cmdline'}, {'name': 'flags', 'type': 'int', 'value': 'O_RDONLY|O_LARGEFILE'}, {'name': 'dev', 'type': 'dev_t', 'value': 5}, {'name': 'inode', 'type': 'unsigned long', 'value': 127772}]",0,0
18769.495861,7784,1567,0,ps,ip-10-100-1-26,257,openat,4,9,"[{'name': 'dirfd', 'type': 'int', 'value': -100}, {'name': 'pathname', 'type': 'const char*', 'value': '/proc/159/cmdline'}, {'name': 'flags', 'type': 'int', 'value': 'O_RDONLY'}, {'name': 'mode', 'type': 'int', 'value': 1151610539}]",0,0
18769.495907,7784,1567,0,ps,ip-10-100-1-26,3,close,1,0,"[{'name': 'fd', 'type': 'int', 'value': 9}]",0,0
18769.495936,7784,1567,0,ps,ip-10-100-1-26,4,stat,2,0,"[{'name': 'pathname', 'type': 'const char*', 'value': '/proc/163'}, {'name': 'statbuf', 'type': 'struct stat*', 'value': '0x7F2A44B3E680'}]",0,0
18769.49596,7784,1567,0,ps,ip-10-100-1-26,1005,security_file_open,4,0,"[{'name': 'pathname', 'type': 'const char*', 'value': '/proc/163/stat'}, {'name': 'flags', 'type': 'int', 'value': 'O_RDONLY|O_LARGEFILE'}, {'name': 'dev', 'type': 'dev_t', 'value': 5}, {'name': 'inode', 'type': 'unsigned long', 'value': 127773}]",0,0
18769.495986,7784,1567,0,ps,ip-10-100-1-26,257,openat,4,9,"[{'name': 'dirfd', 'type': 'int', 'value': -100}, {'name': 'pathname', 'type': 'const char*', 'value': '/proc/163/stat'}, {'name': 'flags', 'type': 'int', 'value': 'O_RDONLY'}, {'name': 'mode', 'type': 'int', 'value': 1151610539}]",0,0
18769.496017,7784,1567,0,ps,ip-10-100-1-26,3,close,1,0,"[{'name': 'fd', 'type': 'int', 'value': 9}]",0,0
18769.496046,7784,1567,0,ps,ip-10-100-1-26,1005,security_file_open,4,0,"[{'name': 'pathname', 'type': 'const char*', 'value': '/proc/163/status'}, {'name': 'flags', 'type': 'int', 'value': 'O_RDONLY|O_LARGEFILE'}, {'name': 'dev', 'type': 'dev_t', 'value': 5}, {'name': 'inode', 'type': 'unsigned long', 'value': 127774}]",0,0
18769.496104,7784,1567,0,ps,ip-10-100-1-26,3,close,1,0,"[{'name': 'fd', 'type': 'int', 'value': 9}]",0,0
18769.49613,7784,1567,0,ps,ip-10-100-1-26,1005,security_file_open,4,0,"[{'name': 'pathname', 'type': 'const char*', 'value': '/proc/163/cmdline'}, {'name': 'flags', 'type': 'int', 'value': 'O_RDONLY|O_LARGEFILE'}, {'name': 'dev', 'type': 'dev_t', 'value': 5}, {'name': 'inode', 'type': 'unsigned long', 'value': 127775}]",0,0
18769.496072,7784,1567,0,ps,ip-10-100-1-26,257,openat,4,9,"[{'name': 'dirfd', 'type': 'int', 'value': -100}, {'name': 'pathname', 'type': 'const char*', 'value': '/proc/163/status'}, {'name': 'flags', 'type': 'int', 'value': 'O_RDONLY'}, {'name': 'mode', 'type': 'int', 'value': 1151610539}]",0,0
18769.49618,7784,1567,0,ps,ip-10-100-1-26,3,close,1,0,"[{'name': 'fd', 'type': 'int', 'value': 9}]",0,0
18769.496156,7784,1567,0,ps,ip-10-100-1-26,257,openat,4,9,"[{'name': 'dirfd', 'type': 'int', 'value': -100}, {'name': 'pathname', 'type': 'const char*', 'value': '/proc/163/cmdline'}, {'name': 'flags', 'type': 'int', 'value': 'O_RDONLY'}, {'name': 'mode', 'type': 'int', 'value': 1151610539}]",0,0
18769.496207,7784,1567,0,ps,ip-10-100-1-26,4,stat,2,0,"[{'name': 'pathname', 'type': 'const char*', 'value': '/proc/191'}, {'name': 'statbuf', 'type': 'struct stat*', 'value': '0x7F2A44B3E680'}]",0,0
18769.496232,7784,1567,0,ps,ip-10-100-1-26,1005,security_file_open,4,0,"[{'name': 'pathname', 'type': 'const char*', 'value': '/proc/191/stat'}, {'name': 'flags', 'type': 'int', 'value': 'O_RDONLY|O_LARGEFILE'}, {'name': 'dev', 'type': 'dev_t', 'value': 5}, {'name': 'inode', 'type': 'unsigned long', 'value': 127776}]",0,0
18769.496258,7784,1567,0,ps,ip-10-100-1-26,257,openat,4,9,"[{'name': 'dirfd', 'type': 'int', 'value': -100}, {'name': 'pathname', 'type': 'const char*', 'value': '/proc/191/stat'}, {'name': 'flags', 'type': 'int', 'value': 'O_RDONLY'}, {'name': 'mode', 'type': 'int', 'value': 1151610539}]",0,0
18769.496288,7784,1567,0,ps,ip-10-100-1-26,3,close,1,0,"[{'name': 'fd', 'type': 'int', 'value': 9}]",0,0
18769.496334,7784,1567,0,ps,ip-10-100-1-26,1005,security_file_open,4,0,"[{'name': 'pathname', 'type': 'const char*', 'value': '/proc/191/status'}, {'name': 'flags', 'type': 'int', 'value': 'O_RDONLY|O_LARGEFILE'}, {'name': 'dev', 'type': 'dev_t', 'value': 5}, {'name': 'inode', 'type': 'unsigned long', 'value': 127777}]",0,0
18769.501384,7784,1567,0,ps,ip-10-100-1-26,257,openat,4,9,"[{'name': 'dirfd', 'type': 'int', 'value': -100}, {'name': 'pathname', 'type': 'const char*', 'value': '/proc/191/status'}, {'name': 'flags', 'type': 'int', 'value': 'O_RDONLY'}, {'name': 'mode', 'type': 'int', 'value': 1151610539}]",0,0
18769.501462,7784,1567,0,ps,ip-10-100-1-26,1005,security_file_open,4,0,"[{'name': 'pathname', 'type': 'const char*', 'value': '/proc/191/cmdline'}, {'name': 'flags', 'type': 'int', 'value': 'O_RDONLY|O_LARGEFILE'}, {'name': 'dev', 'type': 'dev_t', 'value': 5}, {'name': 'inode', 'type': 'unsigned long', 'value': 127778}]",0,0
18769.501491,7784,1567,0,ps,ip-10-100-1-26,257,openat,4,9,"[{'name': 'dirfd', 'type': 'int', 'value': -100}, {'name': 'pathname', 'type': 'const char*', 'value': '/proc/191/cmdline'}, {'name': 'flags', 'type': 'int', 'value': 'O_RDONLY'}, {'name': 'mode', 'type': 'int', 'value': 1151610539}]",0,0
18769.501427,7784,1567,0,ps,ip-10-100-1-26,3,close,1,0,"[{'name': 'fd', 'type': 'int', 'value': 9}]",0,0
18769.501535,7784,1567,0,ps,ip-10-100-1-26,3,close,1,0,"[{'name': 'fd', 'type': 'int', 'value': 9}]",0,0
18769.501582,7784,1567,0,ps,ip-10-100-1-26,4,stat,2,0,"[{'name': 'pathname', 'type': 'const char*', 'value': '/proc/219'}, {'name': 'statbuf', 'type': 'struct stat*', 'value': '0x7F2A44B3E680'}]",0,0
18769.501611,7784,1567,0,ps,ip-10-100-1-26,1005,security_file_open,4,0,"[{'name': 'pathname', 'type': 'const char*', 'value': '/proc/219/stat'}, {'name': 'flags', 'type': 'int', 'value': 'O_RDONLY|O_LARGEFILE'}, {'name': 'dev', 'type': 'dev_t', 'value': 5}, {'name': 'inode', 'type': 'unsigned long', 'value': 127779}]",0,0
18769.501637,7784,1567,0,ps,ip-10-100-1-26,257,openat,4,9,"[{'name': 'dirfd', 'type': 'int', 'value': -100}, {'name': 'pathname', 'type': 'const char*', 'value': '/proc/219/stat'}, {'name': 'flags', 'type': 'int', 'value': 'O_RDONLY'}, {'name': 'mode', 'type': 'int', 'value': 1151610539}]",0,0
18769.501682,7784,1567,0,ps,ip-10-100-1-26,3,close,1,0,"[{'name': 'fd', 'type': 'int', 'value': 9}]",0,0
18769.501738,7784,1567,0,ps,ip-10-100-1-26,257,openat,4,9,"[{'name': 'dirfd', 'type': 'int', 'value': -100}, {'name': 'pathname', 'type': 'const char*', 'value': '/proc/219/status'}, {'name': 'flags', 'type': 'int', 'value': 'O_RDONLY'}, {'name': 'mode', 'type': 'int', 'value': 1151610539}]",0,0
18769.501712,7784,1567,0,ps,ip-10-100-1-26,1005,security_file_open,4,0,"[{'name': 'pathname', 'type': 'const char*', 'value': '/proc/219/status'}, {'name': 'flags', 'type': 'int', 'value': 'O_RDONLY|O_LARGEFILE'}, {'name': 'dev', 'type': 'dev_t', 'value': 5}, {'name': 'inode', 'type': 'unsigned long', 'value': 127780}]",0,0
18769.501769,7784,1567,0,ps,ip-10-100-1-26,3,close,1,0,"[{'name': 'fd', 'type': 'int', 'value': 9}]",0,0
18769.501808,7784,1567,0,ps,ip-10-100-1-26,1005,security_file_open,4,0,"[{'name': 'pathname', 'type': 'const char*', 'value': '/proc/219/cmdline'}, {'name': 'flags', 'type': 'int', 'value': 'O_RDONLY|O_LARGEFILE'}, {'name': 'dev', 'type': 'dev_t', 'value': 5}, {'name': 'inode', 'type': 'unsigned long', 'value': 127781}]",0,0
18769.501831,7784,1567,0,ps,ip-10-100-1-26,257,openat,4,9,"[{'name': 'dirfd', 'type': 'int', 'value': -100}, {'name': 'pathname', 'type': 'const char*', 'value': '/proc/219/cmdline'}, {'name': 'flags', 'type': 'int', 'value': 'O_RDONLY'}, {'name': 'mode', 'type': 'int', 'value': 1151610539}]",0,0
18769.501869,7784,1567,0,ps,ip-10-100-1-26,3,close,1,0,"[{'name': 'fd', 'type': 'int', 'value': 9}]",0,0
18769.501896,7784,1567,0,ps,ip-10-100-1-26,4,stat,2,0,"[{'name': 'pathname', 'type': 'const char*', 'value': '/proc/273'}, {'name': 'statbuf', 'type': 'struct stat*', 'value': '0x7F2A44B3E680'}]",0,0
18769.50192,7784,1567,0,ps,ip-10-100-1-26,1005,security_file_open,4,0,"[{'name': 'pathname', 'type': 'const char*', 'value': '/proc/273/stat'}, {'name': 'flags', 'type': 'int', 'value': 'O_RDONLY|O_LARGEFILE'}, {'name': 'dev', 'type': 'dev_t', 'value': 5}, {'name': 'inode', 'type': 'unsigned long', 'value': 127782}]",0,0
18769.501957,7784,1567,0,ps,ip-10-100-1-26,257,openat,4,9,"[{'name': 'dirfd', 'type': 'int', 'value': -100}, {'name': 'pathname', 'type': 'const char*', 'value': '/proc/273/stat'}, {'name': 'flags', 'type': 'int', 'value': 'O_RDONLY'}, {'name': 'mode', 'type': 'int', 'value': 1151610539}]",0,0
18769.501987,7784,1567,0,ps,ip-10-100-1-26,3,close,1,0,"[{'name': 'fd', 'type': 'int', 'value': 9}]",0,0
18769.502016,7784,1567,0,ps,ip-10-100-1-26,1005,security_file_open,4,0,"[{'name': 'pathname', 'type': 'const char*', 'value': '/proc/273/status'}, {'name': 'flags', 'type': 'int', 'value': 'O_RDONLY|O_LARGEFILE'}, {'name': 'dev', 'type': 'dev_t', 'value': 5}, {'name': 'inode', 'type': 'unsigned long', 'value': 127783}]",0,0
18769.502041,7784,1567,0,ps,ip-10-100-1-26,257,openat,4,9,"[{'name': 'dirfd', 'type': 'int', 'value': -100}, {'name': 'pathname', 'type': 'const char*', 'value': '/proc/273/status'}, {'name': 'flags', 'type': 'int', 'value': 'O_RDONLY'}, {'name': 'mode', 'type': 'int', 'value': 1151610539}]",0,0
18769.502072,7784,1567,0,ps,ip-10-100-1-26,3,close,1,0,"[{'name': 'fd', 'type': 'int', 'value': 9}]",0,0
18769.502099,7784,1567,0,ps,ip-10-100-1-26,1005,security_file_open,4,0,"[{'name': 'pathname', 'type': 'const char*', 'value': '/proc/273/cmdline'}, {'name': 'flags', 'type': 'int', 'value': 'O_RDONLY|O_LARGEFILE'}, {'name': 'dev', 'type': 'dev_t', 'value': 5}, {'name': 'inode', 'type': 'unsigned long', 'value': 127784}]",0,0
18769.502124,7784,1567,0,ps,ip-10-100-1-26,257,openat,4,9,"[{'name': 'dirfd', 'type': 'int', 'value': -100}, {'name': 'pathname', 'type': 'const char*', 'value': '/proc/273/cmdline'}, {'name': 'flags', 'type': 'int', 'value': 'O_RDONLY'}, {'name': 'mode', 'type': 'int', 'value': 1151610539}]",0,0
18769.502149,7784,1567,0,ps,ip-10-100-1-26,3,close,1,0,"[{'name': 'fd', 'type': 'int', 'value': 9}]",0,0
18769.502175,7784,1567,0,ps,ip-10-100-1-26,4,stat,2,0,"[{'name': 'pathname', 'type': 'const char*', 'value': '/proc/274'}, {'name': 'statbuf', 'type': 'struct stat*', 'value': '0x7F2A44B3E680'}]",0,0
18769.502199,7784,1567,0,ps,ip-10-100-1-26,1005,security_file_open,4,0,"[{'name': 'pathname', 'type': 'const char*', 'value': '/proc/274/stat'}, {'name': 'flags', 'type': 'int', 'value': 'O_RDONLY|O_LARGEFILE'}, {'name': 'dev', 'type': 'dev_t', 'value': 5}, {'name': 'inode', 'type': 'unsigned long', 'value': 127785}]",0,0
18769.502224,7784,1567,0,ps,ip-10-100-1-26,257,openat,4,9,"[{'name': 'dirfd', 'type': 'int', 'value': -100}, {'name': 'pathname', 'type': 'const char*', 'value': '/proc/274/stat'}, {'name': 'flags', 'type': 'int', 'value': 'O_RDONLY'}, {'name': 'mode', 'type': 'int', 'value': 1151610539}]",0,0
18769.502254,7784,1567,0,ps,ip-10-100-1-26,3,close,1,0,"[{'name': 'fd', 'type': 'int', 'value': 9}]",0,0
18769.502282,7784,1567,0,ps,ip-10-100-1-26,1005,security_file_open,4,0,"[{'name': 'pathname', 'type': 'const char*', 'value': '/proc/274/status'}, {'name': 'flags', 'type': 'int', 'value': 'O_RDONLY|O_LARGEFILE'}, {'name': 'dev', 'type': 'dev_t', 'value': 5}, {'name': 'inode', 'type': 'unsigned long', 'value': 127786}]",0,0
18769.502307,7784,1567,0,ps,ip-10-100-1-26,257,openat,4,9,"[{'name': 'dirfd', 'type': 'int', 'value': -100}, {'name': 'pathname', 'type': 'const char*', 'value': '/proc/274/status'}, {'name': 'flags', 'type': 'int', 'value': 'O_RDONLY'}, {'name': 'mode', 'type': 'int', 'value': 1151610539}]",0,0
18769.502338,7784,1567,0,ps,ip-10-100-1-26,3,close,1,0,"[{'name': 'fd', 'type': 'int', 'value': 9}]",0,0
18769.502364,7784,1567,0,ps,ip-10-100-1-26,1005,security_file_open,4,0,"[{'name': 'pathname', 'type': 'const char*', 'value': '/proc/274/cmdline'}, {'name': 'flags', 'type': 'int', 'value': 'O_RDONLY|O_LARGEFILE'}, {'name': 'dev', 'type': 'dev_t', 'value': 5}, {'name': 'inode', 'type': 'unsigned long', 'value': 127787}]",0,0
18769.50239,7784,1567,0,ps,ip-10-100-1-26,257,openat,4,9,"[{'name': 'dirfd', 'type': 'int', 'value': -100}, {'name': 'pathname', 'type': 'const char*', 'value': '/proc/274/cmdline'}, {'name': 'flags', 'type': 'int', 'value': 'O_RDONLY'}, {'name': 'mode', 'type': 'int', 'value': 1151610539}]",0,0
18769.502414,7784,1567,0,ps,ip-10-100-1-26,3,close,1,0,"[{'name': 'fd', 'type': 'int', 'value': 9}]",0,0
18769.50244,7784,1567,0,ps,ip-10-100-1-26,4,stat,2,0,"[{'name': 'pathname', 'type': 'const char*', 'value': '/proc/275'}, {'name': 'statbuf', 'type': 'struct stat*', 'value': '0x7F2A44B3E680'}]",0,0
18769.502464,7784,1567,0,ps,ip-10-100-1-26,1005,security_file_open,4,0,"[{'name': 'pathname', 'type': 'const char*', 'value': '/proc/275/stat'}, {'name': 'flags', 'type': 'int', 'value': 'O_RDONLY|O_LARGEFILE'}, {'name': 'dev', 'type': 'dev_t', 'value': 5}, {'name': 'inode', 'type': 'unsigned long', 'value': 127788}]",0,0
18769.50249,7784,1567,0,ps,ip-10-100-1-26,257,openat,4,9,"[{'name': 'dirfd', 'type': 'int', 'value': -100}, {'name': 'pathname', 'type': 'const char*', 'value': '/proc/275/stat'}, {'name': 'flags', 'type': 'int', 'value': 'O_RDONLY'}, {'name': 'mode', 'type': 'int', 'value': 1151610539}]",0,0
18769.502519,7784,1567,0,ps,ip-10-100-1-26,3,close,1,0,"[{'name': 'fd', 'type': 'int', 'value': 9}]",0,0
18769.502547,7784,1567,0,ps,ip-10-100-1-26,1005,security_file_open,4,0,"[{'name': 'pathname', 'type': 'const char*', 'value': '/proc/275/status'}, {'name': 'flags', 'type': 'int', 'value': 'O_RDONLY|O_LARGEFILE'}, {'name': 'dev', 'type': 'dev_t', 'value': 5}, {'name': 'inode', 'type': 'unsigned long', 'value': 127789}]",0,0
18769.502572,7784,1567,0,ps,ip-10-100-1-26,257,openat,4,9,"[{'name': 'dirfd', 'type': 'int', 'value': -100}, {'name': 'pathname', 'type': 'const char*', 'value': '/proc/275/status'}, {'name': 'flags', 'type': 'int', 'value': 'O_RDONLY'}, {'name': 'mode', 'type': 'int', 'value': 1151610539}]",0,0
18769.502603,7784,1567,0,ps,ip-10-100-1-26,3,close,1,0,"[{'name': 'fd', 'type': 'int', 'value': 9}]",0,0
18769.502629,7784,1567,0,ps,ip-10-100-1-26,1005,security_file_open,4,0,"[{'name': 'pathname', 'type': 'const char*', 'value': '/proc/275/cmdline'}, {'name': 'flags', 'type': 'int', 'value': 'O_RDONLY|O_LARGEFILE'}, {'name': 'dev', 'type': 'dev_t', 'value': 5}, {'name': 'inode', 'type': 'unsigned long', 'value': 127790}]",0,0
18769.502655,7784,1567,0,ps,ip-10-100-1-26,257,openat,4,9,"[{'name': 'dirfd', 'type': 'int', 'value': -100}, {'name': 'pathname', 'type': 'const char*', 'value': '/proc/275/cmdline'}, {'name': 'flags', 'type': 'int', 'value': 'O_RDONLY'}, {'name': 'mode', 'type': 'int', 'value': 1151610539}]",0,0
18769.502679,7784,1567,0,ps,ip-10-100-1-26,3,close,1,0,"[{'name': 'fd', 'type': 'int', 'value': 9}]",0,0
18769.502705,7784,1567,0,ps,ip-10-100-1-26,4,stat,2,0,"[{'name': 'pathname', 'type': 'const char*', 'value': '/proc/276'}, {'name': 'statbuf', 'type': 'struct stat*', 'value': '0x7F2A44B3E680'}]",0,0
18769.502729,7784,1567,0,ps,ip-10-100-1-26,1005,security_file_open,4,0,"[{'name': 'pathname', 'type': 'const char*', 'value': '/proc/276/stat'}, {'name': 'flags', 'type': 'int', 'value': 'O_RDONLY|O_LARGEFILE'}, {'name': 'dev', 'type': 'dev_t', 'value': 5}, {'name': 'inode', 'type': 'unsigned long', 'value': 127791}]",0,0
18769.502754,7784,1567,0,ps,ip-10-100-1-26,257,openat,4,9,"[{'name': 'dirfd', 'type': 'int', 'value': -100}, {'name': 'pathname', 'type': 'const char*', 'value': '/proc/276/stat'}, {'name': 'flags', 'type': 'int', 'value': 'O_RDONLY'}, {'name': 'mode', 'type': 'int', 'value': 1151610539}]",0,0
18769.502808,7784,1567,0,ps,ip-10-100-1-26,3,close,1,0,"[{'name': 'fd', 'type': 'int', 'value': 9}]",0,0
18769.502836,7784,1567,0,ps,ip-10-100-1-26,1005,security_file_open,4,0,"[{'name': 'pathname', 'type': 'const char*', 'value': '/proc/276/status'}, {'name': 'flags', 'type': 'int', 'value': 'O_RDONLY|O_LARGEFILE'}, {'name': 'dev', 'type': 'dev_t', 'value': 5}, {'name': 'inode', 'type': 'unsigned long', 'value': 127792}]",0,0
18769.502862,7784,1567,0,ps,ip-10-100-1-26,257,openat,4,9,"[{'name': 'dirfd', 'type': 'int', 'value': -100}, {'name': 'pathname', 'type': 'const char*', 'value': '/proc/276/status'}, {'name': 'flags', 'type': 'int', 'value': 'O_RDONLY'}, {'name': 'mode', 'type': 'int', 'value': 1151610539}]",0,0
18769.502893,7784,1567,0,ps,ip-10-100-1-26,3,close,1,0,"[{'name': 'fd', 'type': 'int', 'value': 9}]",0,0
18769.502919,7784,1567,0,ps,ip-10-100-1-26,1005,security_file_open,4,0,"[{'name': 'pathname', 'type': 'const char*', 'value': '/proc/276/cmdline'}, {'name': 'flags', 'type': 'int', 'value': 'O_RDONLY|O_LARGEFILE'}, {'name': 'dev', 'type': 'dev_t', 'value': 5}, {'name': 'inode', 'type': 'unsigned long', 'value': 127793}]",0,0
18769.502945,7784,1567,0,ps,ip-10-100-1-26,257,openat,4,9,"[{'name': 'dirfd', 'type': 'int', 'value': -100}, {'name': 'pathname', 'type': 'const char*', 'value': '/proc/276/cmdline'}, {'name': 'flags', 'type': 'int', 'value': 'O_RDONLY'}, {'name': 'mode', 'type': 'int', 'value': 1151610539}]",0,0
18769.502969,7784,1567,0,ps,ip-10-100-1-26,3,close,1,0,"[{'name': 'fd', 'type': 'int', 'value': 9}]",0,0
18769.502997,7784,1567,0,ps,ip-10-100-1-26,4,stat,2,0,"[{'name': 'pathname', 'type': 'const char*', 'value': '/proc/277'}, {'name': 'statbuf', 'type': 'struct stat*', 'value': '0x7F2A44B3E680'}]",0,0
18769.503021,7784,1567,0,ps,ip-10-100-1-26,1005,security_file_open,4,0,"[{'name': 'pathname', 'type': 'const char*', 'value': '/proc/277/stat'}, {'name': 'flags', 'type': 'int', 'value': 'O_RDONLY|O_LARGEFILE'}, {'name': 'dev', 'type': 'dev_t', 'value': 5}, {'name': 'inode', 'type': 'unsigned long', 'value': 127794}]",0,0
18769.503046,7784,1567,0,ps,ip-10-100-1-26,257,openat,4,9,"[{'name': 'dirfd', 'type': 'int', 'value': -100}, {'name': 'pathname', 'type': 'const char*', 'value': '/proc/277/stat'}, {'name': 'flags', 'type': 'int', 'value': 'O_RDONLY'}, {'name': 'mode', 'type': 'int', 'value': 1151610539}]",0,0
18769.503077,7784,1567,0,ps,ip-10-100-1-26,3,close,1,0,"[{'name': 'fd', 'type': 'int', 'value': 9}]",0,0
18769.503127,7784,1567,0,ps,ip-10-100-1-26,1005,security_file_open,4,0,"[{'name': 'pathname', 'type': 'const char*', 'value': '/proc/277/status'}, {'name': 'flags', 'type': 'int', 'value': 'O_RDONLY|O_LARGEFILE'}, {'name': 'dev', 'type': 'dev_t', 'value': 5}, {'name': 'inode', 'type': 'unsigned long', 'value': 127795}]",0,0
18769.503153,7784,1567,0,ps,ip-10-100-1-26,257,openat,4,9,"[{'name': 'dirfd', 'type': 'int', 'value': -100}, {'name': 'pathname', 'type': 'const char*', 'value': '/proc/277/status'}, {'name': 'flags', 'type': 'int', 'value': 'O_RDONLY'}, {'name': 'mode', 'type': 'int', 'value': 1151610539}]",0,0
18769.503186,7784,1567,0,ps,ip-10-100-1-26,3,close,1,0,"[{'name': 'fd', 'type': 'int', 'value': 9}]",0,0
18769.503213,7784,1567,0,ps,ip-10-100-1-26,1005,security_file_open,4,0,"[{'name': 'pathname', 'type': 'const char*', 'value': '/proc/277/cmdline'}, {'name': 'flags', 'type': 'int', 'value': 'O_RDONLY|O_LARGEFILE'}, {'name': 'dev', 'type': 'dev_t', 'value': 5}, {'name': 'inode', 'type': 'unsigned long', 'value': 127796}]",0,0
18769.503237,7784,1567,0,ps,ip-10-100-1-26,257,openat,4,9,"[{'name': 'dirfd', 'type': 'int', 'value': -100}, {'name': 'pathname', 'type': 'const char*', 'value': '/proc/277/cmdline'}, {'name': 'flags', 'type': 'int', 'value': 'O_RDONLY'}, {'name': 'mode', 'type': 'int', 'value': 1151610539}]",0,0
18769.503272,7784,1567,0,ps,ip-10-100-1-26,3,close,1,0,"[{'name': 'fd', 'type': 'int', 'value': 9}]",0,0
18769.503324,7784,1567,0,ps,ip-10-100-1-26,4,stat,2,0,"[{'name': 'pathname', 'type': 'const char*', 'value': '/proc/286'}, {'name': 'statbuf', 'type': 'struct stat*', 'value': '0x7F2A44B3E680'}]",0,0
18769.50335,7784,1567,0,ps,ip-10-100-1-26,1005,security_file_open,4,0,"[{'name': 'pathname', 'type': 'const char*', 'value': '/proc/286/stat'}, {'name': 'flags', 'type': 'int', 'value': 'O_RDONLY|O_LARGEFILE'}, {'name': 'dev', 'type': 'dev_t', 'value': 5}, {'name': 'inode', 'type': 'unsigned long', 'value': 127797}]",0,0
18769.503375,7784,1567,0,ps,ip-10-100-1-26,257,openat,4,9,"[{'name': 'dirfd', 'type': 'int', 'value': -100}, {'name': 'pathname', 'type': 'const char*', 'value': '/proc/286/stat'}, {'name': 'flags', 'type': 'int', 'value': 'O_RDONLY'}, {'name': 'mode', 'type': 'int', 'value': 1151610539}]",0,0
18769.503405,7784,1567,0,ps,ip-10-100-1-26,3,close,1,0,"[{'name': 'fd', 'type': 'int', 'value': 9}]",0,0
18769.503434,7784,1567,0,ps,ip-10-100-1-26,1005,security_file_open,4,0,"[{'name': 'pathname', 'type': 'const char*', 'value': '/proc/286/status'}, {'name': 'flags', 'type': 'int', 'value': 'O_RDONLY|O_LARGEFILE'}, {'name': 'dev', 'type': 'dev_t', 'value': 5}, {'name': 'inode', 'type': 'unsigned long', 'value': 127798}]",0,0
18769.503459,7784,1567,0,ps,ip-10-100-1-26,257,openat,4,9,"[{'name': 'dirfd', 'type': 'int', 'value': -100}, {'name': 'pathname', 'type': 'const char*', 'value': '/proc/286/status'}, {'name': 'flags', 'type': 'int', 'value': 'O_RDONLY'}, {'name': 'mode', 'type': 'int', 'value': 1151610539}]",0,0
18769.50349,7784,1567,0,ps,ip-10-100-1-26,3,close,1,0,"[{'name': 'fd', 'type': 'int', 'value': 9}]",0,0
18769.503517,7784,1567,0,ps,ip-10-100-1-26,1005,security_file_open,4,0,"[{'name': 'pathname', 'type': 'const char*', 'value': '/proc/286/cmdline'}, {'name': 'flags', 'type': 'int', 'value': 'O_RDONLY|O_LARGEFILE'}, {'name': 'dev', 'type': 'dev_t', 'value': 5}, {'name': 'inode', 'type': 'unsigned long', 'value': 127799}]",0,0
18769.503545,7784,1567,0,ps,ip-10-100-1-26,257,openat,4,9,"[{'name': 'dirfd', 'type': 'int', 'value': -100}, {'name': 'pathname', 'type': 'const char*', 'value': '/proc/286/cmdline'}, {'name': 'flags', 'type': 'int', 'value': 'O_RDONLY'}, {'name': 'mode', 'type': 'int', 'value': 1151610539}]",0,0
18769.503569,7784,1567,0,ps,ip-10-100-1-26,3,close,1,0,"[{'name': 'fd', 'type': 'int', 'value': 9}]",0,0
18769.503596,7784,1567,0,ps,ip-10-100-1-26,4,stat,2,0,"[{'name': 'pathname', 'type': 'const char*', 'value': '/proc/289'}, {'name': 'statbuf', 'type': 'struct stat*', 'value': '0x7F2A44B3E680'}]",0,0
18769.503621,7784,1567,0,ps,ip-10-100-1-26,1005,security_file_open,4,0,"[{'name': 'pathname', 'type': 'const char*', 'value': '/proc/289/stat'}, {'name': 'flags', 'type': 'int', 'value': 'O_RDONLY|O_LARGEFILE'}, {'name': 'dev', 'type': 'dev_t', 'value': 5}, {'name': 'inode', 'type': 'unsigned long', 'value': 127800}]",0,0
18769.503646,7784,1567,0,ps,ip-10-100-1-26,257,openat,4,9,"[{'name': 'dirfd', 'type': 'int', 'value': -100}, {'name': 'pathname', 'type': 'const char*', 'value': '/proc/289/stat'}, {'name': 'flags', 'type': 'int', 'value': 'O_RDONLY'}, {'name': 'mode', 'type': 'int', 'value': 1151610539}]",0,0
18769.503703,7784,1567,0,ps,ip-10-100-1-26,1005,security_file_open,4,0,"[{'name': 'pathname', 'type': 'const char*', 'value': '/proc/289/status'}, {'name': 'flags', 'type': 'int', 'value': 'O_RDONLY|O_LARGEFILE'}, {'name': 'dev', 'type': 'dev_t', 'value': 5}, {'name': 'inode', 'type': 'unsigned long', 'value': 127801}]",0,0
18769.503675,7784,1567,0,ps,ip-10-100-1-26,3,close,1,0,"[{'name': 'fd', 'type': 'int', 'value': 9}]",0,0
18769.503729,7784,1567,0,ps,ip-10-100-1-26,257,openat,4,9,"[{'name': 'dirfd', 'type': 'int', 'value': -100}, {'name': 'pathname', 'type': 'const char*', 'value': '/proc/289/status'}, {'name': 'flags', 'type': 'int', 'value': 'O_RDONLY'}, {'name': 'mode', 'type': 'int', 'value': 1151610539}]",0,0
18769.50376,7784,1567,0,ps,ip-10-100-1-26,3,close,1,0,"[{'name': 'fd', 'type': 'int', 'value': 9}]",0,0
18769.503786,7784,1567,0,ps,ip-10-100-1-26,1005,security_file_open,4,0,"[{'name': 'pathname', 'type': 'const char*', 'value': '/proc/289/cmdline'}, {'name': 'flags', 'type': 'int', 'value': 'O_RDONLY|O_LARGEFILE'}, {'name': 'dev', 'type': 'dev_t', 'value': 5}, {'name': 'inode', 'type': 'unsigned long', 'value': 127802}]",0,0
18769.503823,7784,1567,0,ps,ip-10-100-1-26,257,openat,4,9,"[{'name': 'dirfd', 'type': 'int', 'value': -100}, {'name': 'pathname', 'type': 'const char*', 'value': '/proc/289/cmdline'}, {'name': 'flags', 'type': 'int', 'value': 'O_RDONLY'}, {'name': 'mode', 'type': 'int', 'value': 1151610539}]",0,0
18769.503847,7784,1567,0,ps,ip-10-100-1-26,3,close,1,0,"[{'name': 'fd', 'type': 'int', 'value': 9}]",0,0
18769.503873,7784,1567,0,ps,ip-10-100-1-26,4,stat,2,0,"[{'name': 'pathname', 'type': 'const char*', 'value': '/proc/290'}, {'name': 'statbuf', 'type': 'struct stat*', 'value': '0x7F2A44B3E680'}]",0,0
18769.503908,7784,1567,0,ps,ip-10-100-1-26,1005,security_file_open,4,0,"[{'name': 'pathname', 'type': 'const char*', 'value': '/proc/290/stat'}, {'name': 'flags', 'type': 'int', 'value': 'O_RDONLY|O_LARGEFILE'}, {'name': 'dev', 'type': 'dev_t', 'value': 5}, {'name': 'inode', 'type': 'unsigned long', 'value': 127803}]",0,0
18769.503931,7784,1567,0,ps,ip-10-100-1-26,257,openat,4,9,"[{'name': 'dirfd', 'type': 'int', 'value': -100}, {'name': 'pathname', 'type': 'const char*', 'value': '/proc/290/stat'}, {'name': 'flags', 'type': 'int', 'value': 'O_RDONLY'}, {'name': 'mode', 'type': 'int', 'value': 1151610539}]",0,0
18769.503957,7784,1567,0,ps,ip-10-100-1-26,3,close,1,0,"[{'name': 'fd', 'type': 'int', 'value': 9}]",0,0
18769.503982,7784,1567,0,ps,ip-10-100-1-26,1005,security_file_open,4,0,"[{'name': 'pathname', 'type': 'const char*', 'value': '/proc/290/status'}, {'name': 'flags', 'type': 'int', 'value': 'O_RDONLY|O_LARGEFILE'}, {'name': 'dev', 'type': 'dev_t', 'value': 5}, {'name': 'inode', 'type': 'unsigned long', 'value': 127804}]",0,0
18769.504017,7784,1567,0,ps,ip-10-100-1-26,257,openat,4,9,"[{'name': 'dirfd', 'type': 'int', 'value': -100}, {'name': 'pathname', 'type': 'const char*', 'value': '/proc/290/status'}, {'name': 'flags', 'type': 'int', 'value': 'O_RDONLY'}, {'name': 'mode', 'type': 'int', 'value': 1151610539}]",0,0
18769.504047,7784,1567,0,ps,ip-10-100-1-26,3,close,1,0,"[{'name': 'fd', 'type': 'int', 'value': 9}]",0,0
18769.504072,7784,1567,0,ps,ip-10-100-1-26,1005,security_file_open,4,0,"[{'name': 'pathname', 'type': 'const char*', 'value': '/proc/290/cmdline'}, {'name': 'flags', 'type': 'int', 'value': 'O_RDONLY|O_LARGEFILE'}, {'name': 'dev', 'type': 'dev_t', 'value': 5}, {'name': 'inode', 'type': 'unsigned long', 'value': 127805}]",0,0
18769.504097,7784,1567,0,ps,ip-10-100-1-26,257,openat,4,9,"[{'name': 'dirfd', 'type': 'int', 'value': -100}, {'name': 'pathname', 'type': 'const char*', 'value': '/proc/290/cmdline'}, {'name': 'flags', 'type': 'int', 'value': 'O_RDONLY'}, {'name': 'mode', 'type': 'int', 'value': 1151610539}]",0,0
18769.50412,7784,1567,0,ps,ip-10-100-1-26,3,close,1,0,"[{'name': 'fd', 'type': 'int', 'value': 9}]",0,0
18769.504146,7784,1567,0,ps,ip-10-100-1-26,4,stat,2,0,"[{'name': 'pathname', 'type': 'const char*', 'value': '/proc/291'}, {'name': 'statbuf', 'type': 'struct stat*', 'value': '0x7F2A44B3E680'}]",0,0
18769.504182,7784,1567,0,ps,ip-10-100-1-26,1005,security_file_open,4,0,"[{'name': 'pathname', 'type': 'const char*', 'value': '/proc/291/stat'}, {'name': 'flags', 'type': 'int', 'value': 'O_RDONLY|O_LARGEFILE'}, {'name': 'dev', 'type': 'dev_t', 'value': 5}, {'name': 'inode', 'type': 'unsigned long', 'value': 127806}]",0,0
18769.504207,7784,1567,0,ps,ip-10-100-1-26,257,openat,4,9,"[{'name': 'dirfd', 'type': 'int', 'value': -100}, {'name': 'pathname', 'type': 'const char*', 'value': '/proc/291/stat'}, {'name': 'flags', 'type': 'int', 'value': 'O_RDONLY'}, {'name': 'mode', 'type': 'int', 'value': 1151610539}]",0,0
18769.504236,7784,1567,0,ps,ip-10-100-1-26,3,close,1,0,"[{'name': 'fd', 'type': 'int', 'value': 9}]",0,0
18769.504264,7784,1567,0,ps,ip-10-100-1-26,1005,security_file_open,4,0,"[{'name': 'pathname', 'type': 'const char*', 'value': '/proc/291/status'}, {'name': 'flags', 'type': 'int', 'value': 'O_RDONLY|O_LARGEFILE'}, {'name': 'dev', 'type': 'dev_t', 'value': 5}, {'name': 'inode', 'type': 'unsigned long', 'value': 127807}]",0,0
18769.504313,7784,1567,0,ps,ip-10-100-1-26,257,openat,4,9,"[{'name': 'dirfd', 'type': 'int', 'value': -100}, {'name': 'pathname', 'type': 'const char*', 'value': '/proc/291/status'}, {'name': 'flags', 'type': 'int', 'value': 'O_RDONLY'}, {'name': 'mode', 'type': 'int', 'value': 1151610539}]",0,0
18769.521857,7784,1567,0,ps,ip-10-100-1-26,3,close,1,0,"[{'name': 'fd', 'type': 'int', 'value': 9}]",0,0
18769.521915,7784,1567,0,ps,ip-10-100-1-26,1005,security_file_open,4,0,"[{'name': 'pathname', 'type': 'const char*', 'value': '/proc/291/cmdline'}, {'name': 'flags', 'type': 'int', 'value': 'O_RDONLY|O_LARGEFILE'}, {'name': 'dev', 'type': 'dev_t', 'value': 5}, {'name': 'inode', 'type': 'unsigned long', 'value': 127808}]",0,0
18769.521948,7784,1567,0,ps,ip-10-100-1-26,257,openat,4,9,"[{'name': 'dirfd', 'type': 'int', 'value': -100}, {'name': 'pathname', 'type': 'const char*', 'value': '/proc/291/cmdline'}, {'name': 'flags', 'type': 'int', 'value': 'O_RDONLY'}, {'name': 'mode', 'type': 'int', 'value': 1151610539}]",0,0
18769.521974,7784,1567,0,ps,ip-10-100-1-26,3,close,1,0,"[{'name': 'fd', 'type': 'int', 'value': 9}]",0,0
18769.522016,7784,1567,0,ps,ip-10-100-1-26,4,stat,2,0,"[{'name': 'pathname', 'type': 'const char*', 'value': '/proc/309'}, {'name': 'statbuf', 'type': 'struct stat*', 'value': '0x7F2A44B3E680'}]",0,0
18769.522044,7784,1567,0,ps,ip-10-100-1-26,1005,security_file_open,4,0,"[{'name': 'pathname', 'type': 'const char*', 'value': '/proc/309/stat'}, {'name': 'flags', 'type': 'int', 'value': 'O_RDONLY|O_LARGEFILE'}, {'name': 'dev', 'type': 'dev_t', 'value': 5}, {'name': 'inode', 'type': 'unsigned long', 'value': 127809}]",0,0
18769.522071,7784,1567,0,ps,ip-10-100-1-26,257,openat,4,9,"[{'name': 'dirfd', 'type': 'int', 'value': -100}, {'name': 'pathname', 'type': 'const char*', 'value': '/proc/309/stat'}, {'name': 'flags', 'type': 'int', 'value': 'O_RDONLY'}, {'name': 'mode', 'type': 'int', 'value': 1151610539}]",0,0
18769.522109,7784,1567,0,ps,ip-10-100-1-26,3,close,1,0,"[{'name': 'fd', 'type': 'int', 'value': 9}]",0,0
18769.522141,7784,1567,0,ps,ip-10-100-1-26,1005,security_file_open,4,0,"[{'name': 'pathname', 'type': 'const char*', 'value': '/proc/309/status'}, {'name': 'flags', 'type': 'int', 'value': 'O_RDONLY|O_LARGEFILE'}, {'name': 'dev', 'type': 'dev_t', 'value': 5}, {'name': 'inode', 'type': 'unsigned long', 'value': 127810}]",0,0
18769.522167,7784,1567,0,ps,ip-10-100-1-26,257,openat,4,9,"[{'name': 'dirfd', 'type': 'int', 'value': -100}, {'name': 'pathname', 'type': 'const char*', 'value': '/proc/309/status'}, {'name': 'flags', 'type': 'int', 'value': 'O_RDONLY'}, {'name': 'mode', 'type': 'int', 'value': 1151610539}]",0,0
18769.522202,7784,1567,0,ps,ip-10-100-1-26,3,close,1,0,"[{'name': 'fd', 'type': 'int', 'value': 9}]",0,0
18769.522232,7784,1567,0,ps,ip-10-100-1-26,1005,security_file_open,4,0,"[{'name': 'pathname', 'type': 'const char*', 'value': '/proc/309/cmdline'}, {'name': 'flags', 'type': 'int', 'value': 'O_RDONLY|O_LARGEFILE'}, {'name': 'dev', 'type': 'dev_t', 'value': 5}, {'name': 'inode', 'type': 'unsigned long', 'value': 127811}]",0,0
18769.522258,7784,1567,0,ps,ip-10-100-1-26,257,openat,4,9,"[{'name': 'dirfd', 'type': 'int', 'value': -100}, {'name': 'pathname', 'type': 'const char*', 'value': '/proc/309/cmdline'}, {'name': 'flags', 'type': 'int', 'value': 'O_RDONLY'}, {'name': 'mode', 'type': 'int', 'value': 1151610539}]",0,0
18769.522291,7784,1567,0,ps,ip-10-100-1-26,3,close,1,0,"[{'name': 'fd', 'type': 'int', 'value': 9}]",0,0
18769.52232,7784,1567,0,ps,ip-10-100-1-26,4,stat,2,0,"[{'name': 'pathname', 'type': 'const char*', 'value': '/proc/383'}, {'name': 'statbuf', 'type': 'struct stat*', 'value': '0x7F2A44B3E680'}]",0,0
18769.522345,7784,1567,0,ps,ip-10-100-1-26,1005,security_file_open,4,0,"[{'name': 'pathname', 'type': 'const char*', 'value': '/proc/383/stat'}, {'name': 'flags', 'type': 'int', 'value': 'O_RDONLY|O_LARGEFILE'}, {'name': 'dev', 'type': 'dev_t', 'value': 5}, {'name': 'inode', 'type': 'unsigned long', 'value': 127812}]",0,0
18769.522371,7784,1567,0,ps,ip-10-100-1-26,257,openat,4,9,"[{'name': 'dirfd', 'type': 'int', 'value': -100}, {'name': 'pathname', 'type': 'const char*', 'value': '/proc/383/stat'}, {'name': 'flags', 'type': 'int', 'value': 'O_RDONLY'}, {'name': 'mode', 'type': 'int', 'value': 1151610539}]",0,0
18769.522406,7784,1567,0,ps,ip-10-100-1-26,3,close,1,0,"[{'name': 'fd', 'type': 'int', 'value': 9}]",0,0
18769.522436,7784,1567,0,ps,ip-10-100-1-26,1005,security_file_open,4,0,"[{'name': 'pathname', 'type': 'const char*', 'value': '/proc/383/status'}, {'name': 'flags', 'type': 'int', 'value': 'O_RDONLY|O_LARGEFILE'}, {'name': 'dev', 'type': 'dev_t', 'value': 5}, {'name': 'inode', 'type': 'unsigned long', 'value': 127813}]",0,0
18769.522462,7784,1567,0,ps,ip-10-100-1-26,257,openat,4,9,"[{'name': 'dirfd', 'type': 'int', 'value': -100}, {'name': 'pathname', 'type': 'const char*', 'value': '/proc/383/status'}, {'name': 'flags', 'type': 'int', 'value': 'O_RDONLY'}, {'name': 'mode', 'type': 'int', 'value': 1151610539}]",0,0
18769.522496,7784,1567,0,ps,ip-10-100-1-26,3,close,1,0,"[{'name': 'fd', 'type': 'int', 'value': 9}]",0,0
18769.522536,7784,1567,0,ps,ip-10-100-1-26,1005,security_file_open,4,0,"[{'name': 'pathname', 'type': 'const char*', 'value': '/proc/383/cmdline'}, {'name': 'flags', 'type': 'int', 'value': 'O_RDONLY|O_LARGEFILE'}, {'name': 'dev', 'type': 'dev_t', 'value': 5}, {'name': 'inode', 'type': 'unsigned long', 'value': 127814}]",0,0
18769.522563,7784,1567,0,ps,ip-10-100-1-26,257,openat,4,9,"[{'name': 'dirfd', 'type': 'int', 'value': -100}, {'name': 'pathname', 'type': 'const char*', 'value': '/proc/383/cmdline'}, {'name': 'flags', 'type': 'int', 'value': 'O_RDONLY'}, {'name': 'mode', 'type': 'int', 'value': 1151610539}]",0,0
18769.522596,7784,1567,0,ps,ip-10-100-1-26,3,close,1,0,"[{'name': 'fd', 'type': 'int', 'value': 9}]",0,0
18769.522624,7784,1567,0,ps,ip-10-100-1-26,4,stat,2,0,"[{'name': 'pathname', 'type': 'const char*', 'value': '/proc/387'}, {'name': 'statbuf', 'type': 'struct stat*', 'value': '0x7F2A44B3E680'}]",0,0
18769.522649,7784,1567,0,ps,ip-10-100-1-26,1005,security_file_open,4,0,"[{'name': 'pathname', 'type': 'const char*', 'value': '/proc/387/stat'}, {'name': 'flags', 'type': 'int', 'value': 'O_RDONLY|O_LARGEFILE'}, {'name': 'dev', 'type': 'dev_t', 'value': 5}, {'name': 'inode', 'type': 'unsigned long', 'value': 127815}]",0,0
18769.522675,7784,1567,0,ps,ip-10-100-1-26,257,openat,4,9,"[{'name': 'dirfd', 'type': 'int', 'value': -100}, {'name': 'pathname', 'type': 'const char*', 'value': '/proc/387/stat'}, {'name': 'flags', 'type': 'int', 'value': 'O_RDONLY'}, {'name': 'mode', 'type': 'int', 'value': 1151610539}]",0,0
18769.522709,7784,1567,0,ps,ip-10-100-1-26,3,close,1,0,"[{'name': 'fd', 'type': 'int', 'value': 9}]",0,0
18769.522739,7784,1567,0,ps,ip-10-100-1-26,1005,security_file_open,4,0,"[{'name': 'pathname', 'type': 'const char*', 'value': '/proc/387/status'}, {'name': 'flags', 'type': 'int', 'value': 'O_RDONLY|O_LARGEFILE'}, {'name': 'dev', 'type': 'dev_t', 'value': 5}, {'name': 'inode', 'type': 'unsigned long', 'value': 127816}]",0,0
18769.522765,7784,1567,0,ps,ip-10-100-1-26,257,openat,4,9,"[{'name': 'dirfd', 'type': 'int', 'value': -100}, {'name': 'pathname', 'type': 'const char*', 'value': '/proc/387/status'}, {'name': 'flags', 'type': 'int', 'value': 'O_RDONLY'}, {'name': 'mode', 'type': 'int', 'value': 1151610539}]",0,0
18769.522799,7784,1567,0,ps,ip-10-100-1-26,3,close,1,0,"[{'name': 'fd', 'type': 'int', 'value': 9}]",0,0
18769.522827,7784,1567,0,ps,ip-10-100-1-26,1005,security_file_open,4,0,"[{'name': 'pathname', 'type': 'const char*', 'value': '/proc/387/cmdline'}, {'name': 'flags', 'type': 'int', 'value': 'O_RDONLY|O_LARGEFILE'}, {'name': 'dev', 'type': 'dev_t', 'value': 5}, {'name': 'inode', 'type': 'unsigned long', 'value': 127817}]",0,0
18769.522852,7784,1567,0,ps,ip-10-100-1-26,257,openat,4,9,"[{'name': 'dirfd', 'type': 'int', 'value': -100}, {'name': 'pathname', 'type': 'const char*', 'value': '/proc/387/cmdline'}, {'name': 'flags', 'type': 'int', 'value': 'O_RDONLY'}, {'name': 'mode', 'type': 'int', 'value': 1151610539}]",0,0
18769.522885,7784,1567,0,ps,ip-10-100-1-26,3,close,1,0,"[{'name': 'fd', 'type': 'int', 'value': 9}]",0,0
18769.52292,7784,1567,0,ps,ip-10-100-1-26,4,stat,2,0,"[{'name': 'pathname', 'type': 'const char*', 'value': '/proc/480'}, {'name': 'statbuf', 'type': 'struct stat*', 'value': '0x7F2A44B3E680'}]",0,0
18769.522946,7784,1567,0,ps,ip-10-100-1-26,1005,security_file_open,4,0,"[{'name': 'pathname', 'type': 'const char*', 'value': '/proc/480/stat'}, {'name': 'flags', 'type': 'int', 'value': 'O_RDONLY|O_LARGEFILE'}, {'name': 'dev', 'type': 'dev_t', 'value': 5}, {'name': 'inode', 'type': 'unsigned long', 'value': 127818}]",0,0
18769.522971,7784,1567,0,ps,ip-10-100-1-26,257,openat,4,9,"[{'name': 'dirfd', 'type': 'int', 'value': -100}, {'name': 'pathname', 'type': 'const char*', 'value': '/proc/480/stat'}, {'name': 'flags', 'type': 'int', 'value': 'O_RDONLY'}, {'name': 'mode', 'type': 'int', 'value': 1151610539}]",0,0
18769.523006,7784,1567,0,ps,ip-10-100-1-26,3,close,1,0,"[{'name': 'fd', 'type': 'int', 'value': 9}]",0,0
18769.523042,7784,1567,0,ps,ip-10-100-1-26,1005,security_file_open,4,0,"[{'name': 'pathname', 'type': 'const char*', 'value': '/proc/480/status'}, {'name': 'flags', 'type': 'int', 'value': 'O_RDONLY|O_LARGEFILE'}, {'name': 'dev', 'type': 'dev_t', 'value': 5}, {'name': 'inode', 'type': 'unsigned long', 'value': 127819}]",0,0
18769.523069,7784,1567,0,ps,ip-10-100-1-26,257,openat,4,9,"[{'name': 'dirfd', 'type': 'int', 'value': -100}, {'name': 'pathname', 'type': 'const char*', 'value': '/proc/480/status'}, {'name': 'flags', 'type': 'int', 'value': 'O_RDONLY'}, {'name': 'mode', 'type': 'int', 'value': 1151610539}]",0,0
18769.523103,7784,1567,0,ps,ip-10-100-1-26,3,close,1,0,"[{'name': 'fd', 'type': 'int', 'value': 9}]",0,0
18769.523131,7784,1567,0,ps,ip-10-100-1-26,1005,security_file_open,4,0,"[{'name': 'pathname', 'type': 'const char*', 'value': '/proc/480/cmdline'}, {'name': 'flags', 'type': 'int', 'value': 'O_RDONLY|O_LARGEFILE'}, {'name': 'dev', 'type': 'dev_t', 'value': 5}, {'name': 'inode', 'type': 'unsigned long', 'value': 127820}]",0,0
18769.523157,7784,1567,0,ps,ip-10-100-1-26,257,openat,4,9,"[{'name': 'dirfd', 'type': 'int', 'value': -100}, {'name': 'pathname', 'type': 'const char*', 'value': '/proc/480/cmdline'}, {'name': 'flags', 'type': 'int', 'value': 'O_RDONLY'}, {'name': 'mode', 'type': 'int', 'value': 1151610539}]",0,0
18769.523189,7784,1567,0,ps,ip-10-100-1-26,3,close,1,0,"[{'name': 'fd', 'type': 'int', 'value': 9}]",0,0
18769.523218,7784,1567,0,ps,ip-10-100-1-26,4,stat,2,0,"[{'name': 'pathname', 'type': 'const char*', 'value': '/proc/481'}, {'name': 'statbuf', 'type': 'struct stat*', 'value': '0x7F2A44B3E680'}]",0,0
18769.523243,7784,1567,0,ps,ip-10-100-1-26,1005,security_file_open,4,0,"[{'name': 'pathname', 'type': 'const char*', 'value': '/proc/481/stat'}, {'name': 'flags', 'type': 'int', 'value': 'O_RDONLY|O_LARGEFILE'}, {'name': 'dev', 'type': 'dev_t', 'value': 5}, {'name': 'inode', 'type': 'unsigned long', 'value': 127821}]",0,0
18769.523268,7784,1567,0,ps,ip-10-100-1-26,257,openat,4,9,"[{'name': 'dirfd', 'type': 'int', 'value': -100}, {'name': 'pathname', 'type': 'const char*', 'value': '/proc/481/stat'}, {'name': 'flags', 'type': 'int', 'value': 'O_RDONLY'}, {'name': 'mode', 'type': 'int', 'value': 1151610539}]",0,0
18769.523298,7784,1567,0,ps,ip-10-100-1-26,3,close,1,0,"[{'name': 'fd', 'type': 'int', 'value': 9}]",0,0
18769.523327,7784,1567,0,ps,ip-10-100-1-26,1005,security_file_open,4,0,"[{'name': 'pathname', 'type': 'const char*', 'value': '/proc/481/status'}, {'name': 'flags', 'type': 'int', 'value': 'O_RDONLY|O_LARGEFILE'}, {'name': 'dev', 'type': 'dev_t', 'value': 5}, {'name': 'inode', 'type': 'unsigned long', 'value': 127822}]",0,0
18769.523353,7784,1567,0,ps,ip-10-100-1-26,257,openat,4,9,"[{'name': 'dirfd', 'type': 'int', 'value': -100}, {'name': 'pathname', 'type': 'const char*', 'value': '/proc/481/status'}, {'name': 'flags', 'type': 'int', 'value': 'O_RDONLY'}, {'name': 'mode', 'type': 'int', 'value': 1151610539}]",0,0
18769.523386,7784,1567,0,ps,ip-10-100-1-26,3,close,1,0,"[{'name': 'fd', 'type': 'int', 'value': 9}]",0,0
18769.523414,7784,1567,0,ps,ip-10-100-1-26,1005,security_file_open,4,0,"[{'name': 'pathname', 'type': 'const char*', 'value': '/proc/481/cmdline'}, {'name': 'flags', 'type': 'int', 'value': 'O_RDONLY|O_LARGEFILE'}, {'name': 'dev', 'type': 'dev_t', 'value': 5}, {'name': 'inode', 'type': 'unsigned long', 'value': 127823}]",0,0
18769.523439,7784,1567,0,ps,ip-10-100-1-26,257,openat,4,9,"[{'name': 'dirfd', 'type': 'int', 'value': -100}, {'name': 'pathname', 'type': 'const char*', 'value': '/proc/481/cmdline'}, {'name': 'flags', 'type': 'int', 'value': 'O_RDONLY'}, {'name': 'mode', 'type': 'int', 'value': 1151610539}]",0,0
18769.523472,7784,1567,0,ps,ip-10-100-1-26,3,close,1,0,"[{'name': 'fd', 'type': 'int', 'value': 9}]",0,0
18769.523499,7784,1567,0,ps,ip-10-100-1-26,4,stat,2,0,"[{'name': 'pathname', 'type': 'const char*', 'value': '/proc/488'}, {'name': 'statbuf', 'type': 'struct stat*', 'value': '0x7F2A44B3E680'}]",0,0
18769.523523,7784,1567,0,ps,ip-10-100-1-26,1005,security_file_open,4,0,"[{'name': 'pathname', 'type': 'const char*', 'value': '/proc/488/stat'}, {'name': 'flags', 'type': 'int', 'value': 'O_RDONLY|O_LARGEFILE'}, {'name': 'dev', 'type': 'dev_t', 'value': 5}, {'name': 'inode', 'type': 'unsigned long', 'value': 127824}]",0,0
18769.523548,7784,1567,0,ps,ip-10-100-1-26,257,openat,4,9,"[{'name': 'dirfd', 'type': 'int', 'value': -100}, {'name': 'pathname', 'type': 'const char*', 'value': '/proc/488/stat'}, {'name': 'flags', 'type': 'int', 'value': 'O_RDONLY'}, {'name': 'mode', 'type': 'int', 'value': 1151610539}]",0,0
18769.523578,7784,1567,0,ps,ip-10-100-1-26,3,close,1,0,"[{'name': 'fd', 'type': 'int', 'value': 9}]",0,0
18769.523607,7784,1567,0,ps,ip-10-100-1-26,1005,security_file_open,4,0,"[{'name': 'pathname', 'type': 'const char*', 'value': '/proc/488/status'}, {'name': 'flags', 'type': 'int', 'value': 'O_RDONLY|O_LARGEFILE'}, {'name': 'dev', 'type': 'dev_t', 'value': 5}, {'name': 'inode', 'type': 'unsigned long', 'value': 127825}]",0,0
18769.523633,7784,1567,0,ps,ip-10-100-1-26,257,openat,4,9,"[{'name': 'dirfd', 'type': 'int', 'value': -100}, {'name': 'pathname', 'type': 'const char*', 'value': '/proc/488/status'}, {'name': 'flags', 'type': 'int', 'value': 'O_RDONLY'}, {'name': 'mode', 'type': 'int', 'value': 1151610539}]",0,0
18769.523665,7784,1567,0,ps,ip-10-100-1-26,3,close,1,0,"[{'name': 'fd', 'type': 'int', 'value': 9}]",0,0
18769.523693,7784,1567,0,ps,ip-10-100-1-26,1005,security_file_open,4,0,"[{'name': 'pathname', 'type': 'const char*', 'value': '/proc/488/cmdline'}, {'name': 'flags', 'type': 'int', 'value': 'O_RDONLY|O_LARGEFILE'}, {'name': 'dev', 'type': 'dev_t', 'value': 5}, {'name': 'inode', 'type': 'unsigned long', 'value': 127826}]",0,0
18769.523718,7784,1567,0,ps,ip-10-100-1-26,257,openat,4,9,"[{'name': 'dirfd', 'type': 'int', 'value': -100}, {'name': 'pathname', 'type': 'const char*', 'value': '/proc/488/cmdline'}, {'name': 'flags', 'type': 'int', 'value': 'O_RDONLY'}, {'name': 'mode', 'type': 'int', 'value': 1151610539}]",0,0
18769.52375,7784,1567,0,ps,ip-10-100-1-26,3,close,1,0,"[{'name': 'fd', 'type': 'int', 'value': 9}]",0,0
18769.523777,7784,1567,0,ps,ip-10-100-1-26,4,stat,2,0,"[{'name': 'pathname', 'type': 'const char*', 'value': '/proc/489'}, {'name': 'statbuf', 'type': 'struct stat*', 'value': '0x7F2A44B3E680'}]",0,0
18769.523805,7784,1567,0,ps,ip-10-100-1-26,1005,security_file_open,4,0,"[{'name': 'pathname', 'type': 'const char*', 'value': '/proc/489/stat'}, {'name': 'flags', 'type': 'int', 'value': 'O_RDONLY|O_LARGEFILE'}, {'name': 'dev', 'type': 'dev_t', 'value': 5}, {'name': 'inode', 'type': 'unsigned long', 'value': 127827}]",0,0
18769.52383,7784,1567,0,ps,ip-10-100-1-26,257,openat,4,9,"[{'name': 'dirfd', 'type': 'int', 'value': -100}, {'name': 'pathname', 'type': 'const char*', 'value': '/proc/489/stat'}, {'name': 'flags', 'type': 'int', 'value': 'O_RDONLY'}, {'name': 'mode', 'type': 'int', 'value': 1151610539}]",0,0
18769.523868,7784,1567,0,ps,ip-10-100-1-26,3,close,1,0,"[{'name': 'fd', 'type': 'int', 'value': 9}]",0,0
18769.523897,7784,1567,0,ps,ip-10-100-1-26,1005,security_file_open,4,0,"[{'name': 'pathname', 'type': 'const char*', 'value': '/proc/489/status'}, {'name': 'flags', 'type': 'int', 'value': 'O_RDONLY|O_LARGEFILE'}, {'name': 'dev', 'type': 'dev_t', 'value': 5}, {'name': 'inode', 'type': 'unsigned long', 'value': 127828}]",0,0
18769.523925,7784,1567,0,ps,ip-10-100-1-26,257,openat,4,9,"[{'name': 'dirfd', 'type': 'int', 'value': -100}, {'name': 'pathname', 'type': 'const char*', 'value': '/proc/489/status'}, {'name': 'flags', 'type': 'int', 'value': 'O_RDONLY'}, {'name': 'mode', 'type': 'int', 'value': 1151610539}]",0,0
18769.523959,7784,1567,0,ps,ip-10-100-1-26,3,close,1,0,"[{'name': 'fd', 'type': 'int', 'value': 9}]",0,0
18769.523987,7784,1567,0,ps,ip-10-100-1-26,1005,security_file_open,4,0,"[{'name': 'pathname', 'type': 'const char*', 'value': '/proc/489/cmdline'}, {'name': 'flags', 'type': 'int', 'value': 'O_RDONLY|O_LARGEFILE'}, {'name': 'dev', 'type': 'dev_t', 'value': 5}, {'name': 'inode', 'type': 'unsigned long', 'value': 127829}]",0,0
18769.524012,7784,1567,0,ps,ip-10-100-1-26,257,openat,4,9,"[{'name': 'dirfd', 'type': 'int', 'value': -100}, {'name': 'pathname', 'type': 'const char*', 'value': '/proc/489/cmdline'}, {'name': 'flags', 'type': 'int', 'value': 'O_RDONLY'}, {'name': 'mode', 'type': 'int', 'value': 1151610539}]",0,0
18769.524044,7784,1567,0,ps,ip-10-100-1-26,3,close,1,0,"[{'name': 'fd', 'type': 'int', 'value': 9}]",0,0
18769.524075,7784,1567,0,ps,ip-10-100-1-26,4,stat,2,0,"[{'name': 'pathname', 'type': 'const char*', 'value': '/proc/500'}, {'name': 'statbuf', 'type': 'struct stat*', 'value': '0x7F2A44B3E680'}]",0,0
18769.5241,7784,1567,0,ps,ip-10-100-1-26,1005,security_file_open,4,0,"[{'name': 'pathname', 'type': 'const char*', 'value': '/proc/500/stat'}, {'name': 'flags', 'type': 'int', 'value': 'O_RDONLY|O_LARGEFILE'}, {'name': 'dev', 'type': 'dev_t', 'value': 5}, {'name': 'inode', 'type': 'unsigned long', 'value': 127830}]",0,0
18769.524125,7784,1567,0,ps,ip-10-100-1-26,257,openat,4,9,"[{'name': 'dirfd', 'type': 'int', 'value': -100}, {'name': 'pathname', 'type': 'const char*', 'value': '/proc/500/stat'}, {'name': 'flags', 'type': 'int', 'value': 'O_RDONLY'}, {'name': 'mode', 'type': 'int', 'value': 1151610539}]",0,0
18769.524155,7784,1567,0,ps,ip-10-100-1-26,3,close,1,0,"[{'name': 'fd', 'type': 'int', 'value': 9}]",0,0
18769.524184,7784,1567,0,ps,ip-10-100-1-26,1005,security_file_open,4,0,"[{'name': 'pathname', 'type': 'const char*', 'value': '/proc/500/status'}, {'name': 'flags', 'type': 'int', 'value': 'O_RDONLY|O_LARGEFILE'}, {'name': 'dev', 'type': 'dev_t', 'value': 5}, {'name': 'inode', 'type': 'unsigned long', 'value': 127831}]",0,0
18769.524209,7784,1567,0,ps,ip-10-100-1-26,257,openat,4,9,"[{'name': 'dirfd', 'type': 'int', 'value': -100}, {'name': 'pathname', 'type': 'const char*', 'value': '/proc/500/status'}, {'name': 'flags', 'type': 'int', 'value': 'O_RDONLY'}, {'name': 'mode', 'type': 'int', 'value': 1151610539}]",0,0
18769.524242,7784,1567,0,ps,ip-10-100-1-26,3,close,1,0,"[{'name': 'fd', 'type': 'int', 'value': 9}]",0,0
18769.52427,7784,1567,0,ps,ip-10-100-1-26,1005,security_file_open,4,0,"[{'name': 'pathname', 'type': 'const char*', 'value': '/proc/500/cmdline'}, {'name': 'flags', 'type': 'int', 'value': 'O_RDONLY|O_LARGEFILE'}, {'name': 'dev', 'type': 'dev_t', 'value': 5}, {'name': 'inode', 'type': 'unsigned long', 'value': 127832}]",0,0
18769.524295,7784,1567,0,ps,ip-10-100-1-26,257,openat,4,9,"[{'name': 'dirfd', 'type': 'int', 'value': -100}, {'name': 'pathname', 'type': 'const char*', 'value': '/proc/500/cmdline'}, {'name': 'flags', 'type': 'int', 'value': 'O_RDONLY'}, {'name': 'mode', 'type': 'int', 'value': 1151610539}]",0,0
18769.530247,7784,1567,0,ps,ip-10-100-1-26,3,close,1,0,"[{'name': 'fd', 'type': 'int', 'value': 9}]",0,0
18769.530304,7784,1567,0,ps,ip-10-100-1-26,4,stat,2,0,"[{'name': 'pathname', 'type': 'const char*', 'value': '/proc/508'}, {'name': 'statbuf', 'type': 'struct stat*', 'value': '0x7F2A44B3E680'}]",0,0
18769.530465,7784,1567,0,ps,ip-10-100-1-26,1005,security_file_open,4,0,"[{'name': 'pathname', 'type': 'const char*', 'value': '/proc/508/stat'}, {'name': 'flags', 'type': 'int', 'value': 'O_RDONLY|O_LARGEFILE'}, {'name': 'dev', 'type': 'dev_t', 'value': 5}, {'name': 'inode', 'type': 'unsigned long', 'value': 127833}]",0,0
18769.530603,7784,1567,0,ps,ip-10-100-1-26,257,openat,4,9,"[{'name': 'dirfd', 'type': 'int', 'value': -100}, {'name': 'pathname', 'type': 'const char*', 'value': '/proc/508/stat'}, {'name': 'flags', 'type': 'int', 'value': 'O_RDONLY'}, {'name': 'mode', 'type': 'int', 'value': 1151610539}]",0,0
18769.530772,7784,1567,0,ps,ip-10-100-1-26,3,close,1,0,"[{'name': 'fd', 'type': 'int', 'value': 9}]",0,0
18769.530844,7784,1567,0,ps,ip-10-100-1-26,1005,security_file_open,4,0,"[{'name': 'pathname', 'type': 'const char*', 'value': '/proc/508/status'}, {'name': 'flags', 'type': 'int', 'value': 'O_RDONLY|O_LARGEFILE'}, {'name': 'dev', 'type': 'dev_t', 'value': 5}, {'name': 'inode', 'type': 'unsigned long', 'value': 127834}]",0,0
18769.531097,7784,1567,0,ps,ip-10-100-1-26,257,openat,4,9,"[{'name': 'dirfd', 'type': 'int', 'value': -100}, {'name': 'pathname', 'type': 'const char*', 'value': '/proc/508/status'}, {'name': 'flags', 'type': 'int', 'value': 'O_RDONLY'}, {'name': 'mode', 'type': 'int', 'value': 1151610539}]",0,0
18769.531157,7784,1567,0,ps,ip-10-100-1-26,3,close,1,0,"[{'name': 'fd', 'type': 'int', 'value': 9}]",0,0
18769.531329,7784,1567,0,ps,ip-10-100-1-26,1005,security_file_open,4,0,"[{'name': 'pathname', 'type': 'const char*', 'value': '/proc/508/cmdline'}, {'name': 'flags', 'type': 'int', 'value': 'O_RDONLY|O_LARGEFILE'}, {'name': 'dev', 'type': 'dev_t', 'value': 5}, {'name': 'inode', 'type': 'unsigned long', 'value': 127835}]",0,0
18769.531477,7784,1567,0,ps,ip-10-100-1-26,257,openat,4,9,"[{'name': 'dirfd', 'type': 'int', 'value': -100}, {'name': 'pathname', 'type': 'const char*', 'value': '/proc/508/cmdline'}, {'name': 'flags', 'type': 'int', 'value': 'O_RDONLY'}, {'name': 'mode', 'type': 'int', 'value': 1151610539}]",0,0
18769.531551,7784,1567,0,ps,ip-10-100-1-26,3,close,1,0,"[{'name': 'fd', 'type': 'int', 'value': 9}]",0,0
18769.531624,7784,1567,0,ps,ip-10-100-1-26,4,stat,2,0,"[{'name': 'pathname', 'type': 'const char*', 'value': '/proc/517'}, {'name': 'statbuf', 'type': 'struct stat*', 'value': '0x7F2A44B3E680'}]",0,0
18769.531802,7784,1567,0,ps,ip-10-100-1-26,1005,security_file_open,4,0,"[{'name': 'pathname', 'type': 'const char*', 'value': '/proc/517/stat'}, {'name': 'flags', 'type': 'int', 'value': 'O_RDONLY|O_LARGEFILE'}, {'name': 'dev', 'type': 'dev_t', 'value': 5}, {'name': 'inode', 'type': 'unsigned long', 'value': 127836}]",0,0
18769.531956,7784,1567,0,ps,ip-10-100-1-26,257,openat,4,9,"[{'name': 'dirfd', 'type': 'int', 'value': -100}, {'name': 'pathname', 'type': 'const char*', 'value': '/proc/517/stat'}, {'name': 'flags', 'type': 'int', 'value': 'O_RDONLY'}, {'name': 'mode', 'type': 'int', 'value': 1151610539}]",0,0
18769.532143,7784,1567,0,ps,ip-10-100-1-26,3,close,1,0,"[{'name': 'fd', 'type': 'int', 'value': 9}]",0,0
18769.532217,7784,1567,0,ps,ip-10-100-1-26,1005,security_file_open,4,0,"[{'name': 'pathname', 'type': 'const char*', 'value': '/proc/517/status'}, {'name': 'flags', 'type': 'int', 'value': 'O_RDONLY|O_LARGEFILE'}, {'name': 'dev', 'type': 'dev_t', 'value': 5}, {'name': 'inode', 'type': 'unsigned long', 'value': 127837}]",0,0
18769.532423,7784,1567,0,ps,ip-10-100-1-26,257,openat,4,9,"[{'name': 'dirfd', 'type': 'int', 'value': -100}, {'name': 'pathname', 'type': 'const char*', 'value': '/proc/517/status'}, {'name': 'flags', 'type': 'int', 'value': 'O_RDONLY'}, {'name': 'mode', 'type': 'int', 'value': 1151610539}]",0,0
18769.532485,7784,1567,0,ps,ip-10-100-1-26,3,close,1,0,"[{'name': 'fd', 'type': 'int', 'value': 9}]",0,0
18769.532647,7784,1567,0,ps,ip-10-100-1-26,1005,security_file_open,4,0,"[{'name': 'pathname', 'type': 'const char*', 'value': '/proc/517/cmdline'}, {'name': 'flags', 'type': 'int', 'value': 'O_RDONLY|O_LARGEFILE'}, {'name': 'dev', 'type': 'dev_t', 'value': 5}, {'name': 'inode', 'type': 'unsigned long', 'value': 127838}]",0,0
18769.5327,7784,1567,0,ps,ip-10-100-1-26,257,openat,4,9,"[{'name': 'dirfd', 'type': 'int', 'value': -100}, {'name': 'pathname', 'type': 'const char*', 'value': '/proc/517/cmdline'}, {'name': 'flags', 'type': 'int', 'value': 'O_RDONLY'}, {'name': 'mode', 'type': 'int', 'value': 1151610539}]",0,0
18769.532753,7784,1567,0,ps,ip-10-100-1-26,3,close,1,0,"[{'name': 'fd', 'type': 'int', 'value': 9}]",0,0
18769.533012,7784,1567,0,ps,ip-10-100-1-26,4,stat,2,0,"[{'name': 'pathname', 'type': 'const char*', 'value': '/proc/520'}, {'name': 'statbuf', 'type': 'struct stat*', 'value': '0x7F2A44B3E680'}]",0,0
18769.533091,7784,1567,0,ps,ip-10-100-1-26,1005,security_file_open,4,0,"[{'name': 'pathname', 'type': 'const char*', 'value': '/proc/520/stat'}, {'name': 'flags', 'type': 'int', 'value': 'O_RDONLY|O_LARGEFILE'}, {'name': 'dev', 'type': 'dev_t', 'value': 5}, {'name': 'inode', 'type': 'unsigned long', 'value': 127839}]",0,0
18769.533385,7784,1567,0,ps,ip-10-100-1-26,257,openat,4,9,"[{'name': 'dirfd', 'type': 'int', 'value': -100}, {'name': 'pathname', 'type': 'const char*', 'value': '/proc/520/stat'}, {'name': 'flags', 'type': 'int', 'value': 'O_RDONLY'}, {'name': 'mode', 'type': 'int', 'value': 1151610539}]",0,0
18769.533446,7784,1567,0,ps,ip-10-100-1-26,3,close,1,0,"[{'name': 'fd', 'type': 'int', 'value': 9}]",0,0
18769.533521,7784,1567,0,ps,ip-10-100-1-26,1005,security_file_open,4,0,"[{'name': 'pathname', 'type': 'const char*', 'value': '/proc/520/status'}, {'name': 'flags', 'type': 'int', 'value': 'O_RDONLY|O_LARGEFILE'}, {'name': 'dev', 'type': 'dev_t', 'value': 5}, {'name': 'inode', 'type': 'unsigned long', 'value': 127840}]",0,0
18769.539045,7784,1567,0,ps,ip-10-100-1-26,257,openat,4,9,"[{'name': 'dirfd', 'type': 'int', 'value': -100}, {'name': 'pathname', 'type': 'const char*', 'value': '/proc/520/status'}, {'name': 'flags', 'type': 'int', 'value': 'O_RDONLY'}, {'name': 'mode', 'type': 'int', 'value': 1151610539}]",0,0
18769.539089,7784,1567,0,ps,ip-10-100-1-26,3,close,1,0,"[{'name': 'fd', 'type': 'int', 'value': 9}]",0,0
18769.539745,7784,1567,0,ps,ip-10-100-1-26,1005,security_file_open,4,0,"[{'name': 'pathname', 'type': 'const char*', 'value': '/proc/520/cmdline'}, {'name': 'flags', 'type': 'int', 'value': 'O_RDONLY|O_LARGEFILE'}, {'name': 'dev', 'type': 'dev_t', 'value': 5}, {'name': 'inode', 'type': 'unsigned long', 'value': 127841}]",0,0
18769.53978,7784,1567,0,ps,ip-10-100-1-26,257,openat,4,9,"[{'name': 'dirfd', 'type': 'int', 'value': -100}, {'name': 'pathname', 'type': 'const char*', 'value': '/proc/520/cmdline'}, {'name': 'flags', 'type': 'int', 'value': 'O_RDONLY'}, {'name': 'mode', 'type': 'int', 'value': 1151610539}]",0,0
18769.539815,7784,1567,0,ps,ip-10-100-1-26,3,close,1,0,"[{'name': 'fd', 'type': 'int', 'value': 9}]",0,0
18769.539857,7784,1567,0,ps,ip-10-100-1-26,4,stat,2,0,"[{'name': 'pathname', 'type': 'const char*', 'value': '/proc/526'}, {'name': 'statbuf', 'type': 'struct stat*', 'value': '0x7F2A44B3E680'}]",0,0
18769.53989,7784,1567,0,ps,ip-10-100-1-26,1005,security_file_open,4,0,"[{'name': 'pathname', 'type': 'const char*', 'value': '/proc/526/stat'}, {'name': 'flags', 'type': 'int', 'value': 'O_RDONLY|O_LARGEFILE'}, {'name': 'dev', 'type': 'dev_t', 'value': 5}, {'name': 'inode', 'type': 'unsigned long', 'value': 127842}]",0,0
18769.539917,7784,1567,0,ps,ip-10-100-1-26,257,openat,4,9,"[{'name': 'dirfd', 'type': 'int', 'value': -100}, {'name': 'pathname', 'type': 'const char*', 'value': '/proc/526/stat'}, {'name': 'flags', 'type': 'int', 'value': 'O_RDONLY'}, {'name': 'mode', 'type': 'int', 'value': 1151610539}]",0,0
18769.539961,7784,1567,0,ps,ip-10-100-1-26,3,close,1,0,"[{'name': 'fd', 'type': 'int', 'value': 9}]",0,0
18769.540001,7784,1567,0,ps,ip-10-100-1-26,1005,security_file_open,4,0,"[{'name': 'pathname', 'type': 'const char*', 'value': '/proc/526/status'}, {'name': 'flags', 'type': 'int', 'value': 'O_RDONLY|O_LARGEFILE'}, {'name': 'dev', 'type': 'dev_t', 'value': 5}, {'name': 'inode', 'type': 'unsigned long', 'value': 127843}]",0,0
18769.540029,7784,1567,0,ps,ip-10-100-1-26,257,openat,4,9,"[{'name': 'dirfd', 'type': 'int', 'value': -100}, {'name': 'pathname', 'type': 'const char*', 'value': '/proc/526/status'}, {'name': 'flags', 'type': 'int', 'value': 'O_RDONLY'}, {'name': 'mode', 'type': 'int', 'value': 1151610539}]",0,0
18769.540065,7784,1567,0,ps,ip-10-100-1-26,3,close,1,0,"[{'name': 'fd', 'type': 'int', 'value': 9}]",0,0
18769.540094,7784,1567,0,ps,ip-10-100-1-26,1005,security_file_open,4,0,"[{'name': 'pathname', 'type': 'const char*', 'value': '/proc/526/cmdline'}, {'name': 'flags', 'type': 'int', 'value': 'O_RDONLY|O_LARGEFILE'}, {'name': 'dev', 'type': 'dev_t', 'value': 5}, {'name': 'inode', 'type': 'unsigned long', 'value': 127844}]",0,0
18769.54012,7784,1567,0,ps,ip-10-100-1-26,257,openat,4,9,"[{'name': 'dirfd', 'type': 'int', 'value': -100}, {'name': 'pathname', 'type': 'const char*', 'value': '/proc/526/cmdline'}, {'name': 'flags', 'type': 'int', 'value': 'O_RDONLY'}, {'name': 'mode', 'type': 'int', 'value': 1151610539}]",0,0
18769.540152,7784,1567,0,ps,ip-10-100-1-26,3,close,1,0,"[{'name': 'fd', 'type': 'int', 'value': 9}]",0,0
18769.540194,7784,1567,0,ps,ip-10-100-1-26,4,stat,2,0,"[{'name': 'pathname', 'type': 'const char*', 'value': '/proc/654'}, {'name': 'statbuf', 'type': 'struct stat*', 'value': '0x7F2A44B3E680'}]",0,0
18769.540218,7784,1567,0,ps,ip-10-100-1-26,1005,security_file_open,4,0,"[{'name': 'pathname', 'type': 'const char*', 'value': '/proc/654/stat'}, {'name': 'flags', 'type': 'int', 'value': 'O_RDONLY|O_LARGEFILE'}, {'name': 'dev', 'type': 'dev_t', 'value': 5}, {'name': 'inode', 'type': 'unsigned long', 'value': 127845}]",0,0
18769.540255,7784,1567,0,ps,ip-10-100-1-26,257,openat,4,9,"[{'name': 'dirfd', 'type': 'int', 'value': -100}, {'name': 'pathname', 'type': 'const char*', 'value': '/proc/654/stat'}, {'name': 'flags', 'type': 'int', 'value': 'O_RDONLY'}, {'name': 'mode', 'type': 'int', 'value': 1151610539}]",0,0
18769.540287,7784,1567,0,ps,ip-10-100-1-26,3,close,1,0,"[{'name': 'fd', 'type': 'int', 'value': 9}]",0,0
18769.54033,7784,1567,0,ps,ip-10-100-1-26,1005,security_file_open,4,0,"[{'name': 'pathname', 'type': 'const char*', 'value': '/proc/654/status'}, {'name': 'flags', 'type': 'int', 'value': 'O_RDONLY|O_LARGEFILE'}, {'name': 'dev', 'type': 'dev_t', 'value': 5}, {'name': 'inode', 'type': 'unsigned long', 'value': 127846}]",0,0
18769.562872,7784,1567,0,ps,ip-10-100-1-26,257,openat,4,9,"[{'name': 'dirfd', 'type': 'int', 'value': -100}, {'name': 'pathname', 'type': 'const char*', 'value': '/proc/654/status'}, {'name': 'flags', 'type': 'int', 'value': 'O_RDONLY'}, {'name': 'mode', 'type': 'int', 'value': 1151610539}]",0,0
18769.562931,7784,1567,0,ps,ip-10-100-1-26,3,close,1,0,"[{'name': 'fd', 'type': 'int', 'value': 9}]",0,0
18769.562985,7784,1567,0,ps,ip-10-100-1-26,1005,security_file_open,4,0,"[{'name': 'pathname', 'type': 'const char*', 'value': '/proc/654/cmdline'}, {'name': 'flags', 'type': 'int', 'value': 'O_RDONLY|O_LARGEFILE'}, {'name': 'dev', 'type': 'dev_t', 'value': 5}, {'name': 'inode', 'type': 'unsigned long', 'value': 127847}]",0,0
18769.563017,7784,1567,0,ps,ip-10-100-1-26,257,openat,4,9,"[{'name': 'dirfd', 'type': 'int', 'value': -100}, {'name': 'pathname', 'type': 'const char*', 'value': '/proc/654/cmdline'}, {'name': 'flags', 'type': 'int', 'value': 'O_RDONLY'}, {'name': 'mode', 'type': 'int', 'value': 1151610539}]",0,0
18769.563054,7784,1567,0,ps,ip-10-100-1-26,3,close,1,0,"[{'name': 'fd', 'type': 'int', 'value': 9}]",0,0
18769.563096,7784,1567,0,ps,ip-10-100-1-26,4,stat,2,0,"[{'name': 'pathname', 'type': 'const char*', 'value': '/proc/661'}, {'name': 'statbuf', 'type': 'struct stat*', 'value': '0x7F2A44B3E680'}]",0,0
18769.563167,7784,1567,0,ps,ip-10-100-1-26,1005,security_file_open,4,0,"[{'name': 'pathname', 'type': 'const char*', 'value': '/proc/661/stat'}, {'name': 'flags', 'type': 'int', 'value': 'O_RDONLY|O_LARGEFILE'}, {'name': 'dev', 'type': 'dev_t', 'value': 5}, {'name': 'inode', 'type': 'unsigned long', 'value': 127848}]",0,0
18769.563195,7784,1567,0,ps,ip-10-100-1-26,257,openat,4,9,"[{'name': 'dirfd', 'type': 'int', 'value': -100}, {'name': 'pathname', 'type': 'const char*', 'value': '/proc/661/stat'}, {'name': 'flags', 'type': 'int', 'value': 'O_RDONLY'}, {'name': 'mode', 'type': 'int', 'value': 1151610539}]",0,0
18769.563235,7784,1567,0,ps,ip-10-100-1-26,3,close,1,0,"[{'name': 'fd', 'type': 'int', 'value': 9}]",0,0
18769.56327,7784,1567,0,ps,ip-10-100-1-26,1005,security_file_open,4,0,"[{'name': 'pathname', 'type': 'const char*', 'value': '/proc/661/status'}, {'name': 'flags', 'type': 'int', 'value': 'O_RDONLY|O_LARGEFILE'}, {'name': 'dev', 'type': 'dev_t', 'value': 5}, {'name': 'inode', 'type': 'unsigned long', 'value': 127849}]",0,0
18769.563296,7784,1567,0,ps,ip-10-100-1-26,257,openat,4,9,"[{'name': 'dirfd', 'type': 'int', 'value': -100}, {'name': 'pathname', 'type': 'const char*', 'value': '/proc/661/status'}, {'name': 'flags', 'type': 'int', 'value': 'O_RDONLY'}, {'name': 'mode', 'type': 'int', 'value': 1151610539}]",0,0
18769.563331,7784,1567,0,ps,ip-10-100-1-26,3,close,1,0,"[{'name': 'fd', 'type': 'int', 'value': 9}]",0,0
18769.563359,7784,1567,0,ps,ip-10-100-1-26,1005,security_file_open,4,0,"[{'name': 'pathname', 'type': 'const char*', 'value': '/proc/661/cmdline'}, {'name': 'flags', 'type': 'int', 'value': 'O_RDONLY|O_LARGEFILE'}, {'name': 'dev', 'type': 'dev_t', 'value': 5}, {'name': 'inode', 'type': 'unsigned long', 'value': 127850}]",0,0
18769.5634,7784,1567,0,ps,ip-10-100-1-26,257,openat,4,9,"[{'name': 'dirfd', 'type': 'int', 'value': -100}, {'name': 'pathname', 'type': 'const char*', 'value': '/proc/661/cmdline'}, {'name': 'flags', 'type': 'int', 'value': 'O_RDONLY'}, {'name': 'mode', 'type': 'int', 'value': 1151610539}]",0,0
18769.563435,7784,1567,0,ps,ip-10-100-1-26,3,close,1,0,"[{'name': 'fd', 'type': 'int', 'value': 9}]",0,0
18769.563465,7784,1567,0,ps,ip-10-100-1-26,4,stat,2,0,"[{'name': 'pathname', 'type': 'const char*', 'value': '/proc/669'}, {'name': 'statbuf', 'type': 'struct stat*', 'value': '0x7F2A44B3E680'}]",0,0
18769.563492,7784,1567,0,ps,ip-10-100-1-26,1005,security_file_open,4,0,"[{'name': 'pathname', 'type': 'const char*', 'value': '/proc/669/stat'}, {'name': 'flags', 'type': 'int', 'value': 'O_RDONLY|O_LARGEFILE'}, {'name': 'dev', 'type': 'dev_t', 'value': 5}, {'name': 'inode', 'type': 'unsigned long', 'value': 127851}]",0,0
18769.563518,7784,1567,0,ps,ip-10-100-1-26,257,openat,4,9,"[{'name': 'dirfd', 'type': 'int', 'value': -100}, {'name': 'pathname', 'type': 'const char*', 'value': '/proc/669/stat'}, {'name': 'flags', 'type': 'int', 'value': 'O_RDONLY'}, {'name': 'mode', 'type': 'int', 'value': 1151610539}]",0,0
18769.563554,7784,1567,0,ps,ip-10-100-1-26,3,close,1,0,"[{'name': 'fd', 'type': 'int', 'value': 9}]",0,0
18769.563584,7784,1567,0,ps,ip-10-100-1-26,1005,security_file_open,4,0,"[{'name': 'pathname', 'type': 'const char*', 'value': '/proc/669/status'}, {'name': 'flags', 'type': 'int', 'value': 'O_RDONLY|O_LARGEFILE'}, {'name': 'dev', 'type': 'dev_t', 'value': 5}, {'name': 'inode', 'type': 'unsigned long', 'value': 127852}]",0,0
18769.56361,7784,1567,0,ps,ip-10-100-1-26,257,openat,4,9,"[{'name': 'dirfd', 'type': 'int', 'value': -100}, {'name': 'pathname', 'type': 'const char*', 'value': '/proc/669/status'}, {'name': 'flags', 'type': 'int', 'value': 'O_RDONLY'}, {'name': 'mode', 'type': 'int', 'value': 1151610539}]",0,0
18769.563644,7784,1567,0,ps,ip-10-100-1-26,3,close,1,0,"[{'name': 'fd', 'type': 'int', 'value': 9}]",0,0
18769.563673,7784,1567,0,ps,ip-10-100-1-26,1005,security_file_open,4,0,"[{'name': 'pathname', 'type': 'const char*', 'value': '/proc/669/cmdline'}, {'name': 'flags', 'type': 'int', 'value': 'O_RDONLY|O_LARGEFILE'}, {'name': 'dev', 'type': 'dev_t', 'value': 5}, {'name': 'inode', 'type': 'unsigned long', 'value': 127853}]",0,0
18769.563699,7784,1567,0,ps,ip-10-100-1-26,257,openat,4,9,"[{'name': 'dirfd', 'type': 'int', 'value': -100}, {'name': 'pathname', 'type': 'const char*', 'value': '/proc/669/cmdline'}, {'name': 'flags', 'type': 'int', 'value': 'O_RDONLY'}, {'name': 'mode', 'type': 'int', 'value': 1151610539}]",0,0
18769.563731,7784,1567,0,ps,ip-10-100-1-26,3,close,1,0,"[{'name': 'fd', 'type': 'int', 'value': 9}]",0,0
18769.563761,7784,1567,0,ps,ip-10-100-1-26,4,stat,2,0,"[{'name': 'pathname', 'type': 'const char*', 'value': '/proc/676'}, {'name': 'statbuf', 'type': 'struct stat*', 'value': '0x7F2A44B3E680'}]",0,0
18769.563786,7784,1567,0,ps,ip-10-100-1-26,1005,security_file_open,4,0,"[{'name': 'pathname', 'type': 'const char*', 'value': '/proc/676/stat'}, {'name': 'flags', 'type': 'int', 'value': 'O_RDONLY|O_LARGEFILE'}, {'name': 'dev', 'type': 'dev_t', 'value': 5}, {'name': 'inode', 'type': 'unsigned long', 'value': 127854}]",0,0
18769.563812,7784,1567,0,ps,ip-10-100-1-26,257,openat,4,9,"[{'name': 'dirfd', 'type': 'int', 'value': -100}, {'name': 'pathname', 'type': 'const char*', 'value': '/proc/676/stat'}, {'name': 'flags', 'type': 'int', 'value': 'O_RDONLY'}, {'name': 'mode', 'type': 'int', 'value': 1151610539}]",0,0
18769.563842,7784,1567,0,ps,ip-10-100-1-26,3,close,1,0,"[{'name': 'fd', 'type': 'int', 'value': 9}]",0,0
18769.563872,7784,1567,0,ps,ip-10-100-1-26,1005,security_file_open,4,0,"[{'name': 'pathname', 'type': 'const char*', 'value': '/proc/676/status'}, {'name': 'flags', 'type': 'int', 'value': 'O_RDONLY|O_LARGEFILE'}, {'name': 'dev', 'type': 'dev_t', 'value': 5}, {'name': 'inode', 'type': 'unsigned long', 'value': 127855}]",0,0
18769.563898,7784,1567,0,ps,ip-10-100-1-26,257,openat,4,9,"[{'name': 'dirfd', 'type': 'int', 'value': -100}, {'name': 'pathname', 'type': 'const char*', 'value': '/proc/676/status'}, {'name': 'flags', 'type': 'int', 'value': 'O_RDONLY'}, {'name': 'mode', 'type': 'int', 'value': 1151610539}]",0,0
18769.563931,7784,1567,0,ps,ip-10-100-1-26,3,close,1,0,"[{'name': 'fd', 'type': 'int', 'value': 9}]",0,0
18769.563962,7784,1567,0,ps,ip-10-100-1-26,1005,security_file_open,4,0,"[{'name': 'pathname', 'type': 'const char*', 'value': '/proc/676/cmdline'}, {'name': 'flags', 'type': 'int', 'value': 'O_RDONLY|O_LARGEFILE'}, {'name': 'dev', 'type': 'dev_t', 'value': 5}, {'name': 'inode', 'type': 'unsigned long', 'value': 127856}]",0,0
18769.563988,7784,1567,0,ps,ip-10-100-1-26,257,openat,4,9,"[{'name': 'dirfd', 'type': 'int', 'value': -100}, {'name': 'pathname', 'type': 'const char*', 'value': '/proc/676/cmdline'}, {'name': 'flags', 'type': 'int', 'value': 'O_RDONLY'}, {'name': 'mode', 'type': 'int', 'value': 1151610539}]",0,0
18769.56402,7784,1567,0,ps,ip-10-100-1-26,3,close,1,0,"[{'name': 'fd', 'type': 'int', 'value': 9}]",0,0
18769.564048,7784,1567,0,ps,ip-10-100-1-26,4,stat,2,0,"[{'name': 'pathname', 'type': 'const char*', 'value': '/proc/1516'}, {'name': 'statbuf', 'type': 'struct stat*', 'value': '0x7F2A44B3E680'}]",0,0
18769.564073,7784,1567,0,ps,ip-10-100-1-26,1005,security_file_open,4,0,"[{'name': 'pathname', 'type': 'const char*', 'value': '/proc/1516/stat'}, {'name': 'flags', 'type': 'int', 'value': 'O_RDONLY|O_LARGEFILE'}, {'name': 'dev', 'type': 'dev_t', 'value': 5}, {'name': 'inode', 'type': 'unsigned long', 'value': 127857}]",0,0
18769.564099,7784,1567,0,ps,ip-10-100-1-26,257,openat,4,9,"[{'name': 'dirfd', 'type': 'int', 'value': -100}, {'name': 'pathname', 'type': 'const char*', 'value': '/proc/1516/stat'}, {'name': 'flags', 'type': 'int', 'value': 'O_RDONLY'}, {'name': 'mode', 'type': 'int', 'value': 1151610539}]",0,0
18769.564131,7784,1567,0,ps,ip-10-100-1-26,3,close,1,0,"[{'name': 'fd', 'type': 'int', 'value': 9}]",0,0
18769.56416,7784,1567,0,ps,ip-10-100-1-26,1005,security_file_open,4,0,"[{'name': 'pathname', 'type': 'const char*', 'value': '/proc/1516/status'}, {'name': 'flags', 'type': 'int', 'value': 'O_RDONLY|O_LARGEFILE'}, {'name': 'dev', 'type': 'dev_t', 'value': 5}, {'name': 'inode', 'type': 'unsigned long', 'value': 127858}]",0,0
18769.564186,7784,1567,0,ps,ip-10-100-1-26,257,openat,4,9,"[{'name': 'dirfd', 'type': 'int', 'value': -100}, {'name': 'pathname', 'type': 'const char*', 'value': '/proc/1516/status'}, {'name': 'flags', 'type': 'int', 'value': 'O_RDONLY'}, {'name': 'mode', 'type': 'int', 'value': 1151610539}]",0,0
18769.564219,7784,1567,0,ps,ip-10-100-1-26,3,close,1,0,"[{'name': 'fd', 'type': 'int', 'value': 9}]",0,0
18769.564248,7784,1567,0,ps,ip-10-100-1-26,1005,security_file_open,4,0,"[{'name': 'pathname', 'type': 'const char*', 'value': '/proc/1516/cmdline'}, {'name': 'flags', 'type': 'int', 'value': 'O_RDONLY|O_LARGEFILE'}, {'name': 'dev', 'type': 'dev_t', 'value': 5}, {'name': 'inode', 'type': 'unsigned long', 'value': 127859}]",0,0
18769.564277,7784,1567,0,ps,ip-10-100-1-26,257,openat,4,9,"[{'name': 'dirfd', 'type': 'int', 'value': -100}, {'name': 'pathname', 'type': 'const char*', 'value': '/proc/1516/cmdline'}, {'name': 'flags', 'type': 'int', 'value': 'O_RDONLY'}, {'name': 'mode', 'type': 'int', 'value': 1151610539}]",0,0
18769.56431,7784,1567,0,ps,ip-10-100-1-26,3,close,1,0,"[{'name': 'fd', 'type': 'int', 'value': 9}]",0,0
18769.566621,7784,1567,0,ps,ip-10-100-1-26,4,stat,2,0,"[{'name': 'pathname', 'type': 'const char*', 'value': '/proc/1569'}, {'name': 'statbuf', 'type': 'struct stat*', 'value': '0x7F2A44B3E680'}]",0,0
18769.566817,7784,1567,0,ps,ip-10-100-1-26,1005,security_file_open,4,0,"[{'name': 'pathname', 'type': 'const char*', 'value': '/proc/1569/stat'}, {'name': 'flags', 'type': 'int', 'value': 'O_RDONLY|O_LARGEFILE'}, {'name': 'dev', 'type': 'dev_t', 'value': 5}, {'name': 'inode', 'type': 'unsigned long', 'value': 127860}]",0,0
18769.5669,7784,1567,0,ps,ip-10-100-1-26,257,openat,4,9,"[{'name': 'dirfd', 'type': 'int', 'value': -100}, {'name': 'pathname', 'type': 'const char*', 'value': '/proc/1569/stat'}, {'name': 'flags', 'type': 'int', 'value': 'O_RDONLY'}, {'name': 'mode', 'type': 'int', 'value': 1151610539}]",0,0
18769.567016,7784,1567,0,ps,ip-10-100-1-26,3,close,1,0,"[{'name': 'fd', 'type': 'int', 'value': 9}]",0,0
18769.567071,7784,1567,0,ps,ip-10-100-1-26,1005,security_file_open,4,0,"[{'name': 'pathname', 'type': 'const char*', 'value': '/proc/1569/status'}, {'name': 'flags', 'type': 'int', 'value': 'O_RDONLY|O_LARGEFILE'}, {'name': 'dev', 'type': 'dev_t', 'value': 5}, {'name': 'inode', 'type': 'unsigned long', 'value': 127861}]",0,0
18769.567181,7784,1567,0,ps,ip-10-100-1-26,257,openat,4,9,"[{'name': 'dirfd', 'type': 'int', 'value': -100}, {'name': 'pathname', 'type': 'const char*', 'value': '/proc/1569/status'}, {'name': 'flags', 'type': 'int', 'value': 'O_RDONLY'}, {'name': 'mode', 'type': 'int', 'value': 1151610539}]",0,0
18769.567237,7784,1567,0,ps,ip-10-100-1-26,3,close,1,0,"[{'name': 'fd', 'type': 'int', 'value': 9}]",0,0
18769.567516,7784,1567,0,ps,ip-10-100-1-26,1005,security_file_open,4,0,"[{'name': 'pathname', 'type': 'const char*', 'value': '/proc/1569/cmdline'}, {'name': 'flags', 'type': 'int', 'value': 'O_RDONLY|O_LARGEFILE'}, {'name': 'dev', 'type': 'dev_t', 'value': 5}, {'name': 'inode', 'type': 'unsigned long', 'value': 127862}]",0,0
18769.567587,7784,1567,0,ps,ip-10-100-1-26,257,openat,4,9,"[{'name': 'dirfd', 'type': 'int', 'value': -100}, {'name': 'pathname', 'type': 'const char*', 'value': '/proc/1569/cmdline'}, {'name': 'flags', 'type': 'int', 'value': 'O_RDONLY'}, {'name': 'mode', 'type': 'int', 'value': 1151610539}]",0,0
18769.567633,7784,1567,0,ps,ip-10-100-1-26,3,close,1,0,"[{'name': 'fd', 'type': 'int', 'value': 9}]",0,0
18769.567678,7784,1567,0,ps,ip-10-100-1-26,4,stat,2,0,"[{'name': 'pathname', 'type': 'const char*', 'value': '/proc/3900'}, {'name': 'statbuf', 'type': 'struct stat*', 'value': '0x7F2A44B3E680'}]",0,0
18769.567756,7784,1567,0,ps,ip-10-100-1-26,1005,security_file_open,4,0,"[{'name': 'pathname', 'type': 'const char*', 'value': '/proc/3900/stat'}, {'name': 'flags', 'type': 'int', 'value': 'O_RDONLY|O_LARGEFILE'}, {'name': 'dev', 'type': 'dev_t', 'value': 5}, {'name': 'inode', 'type': 'unsigned long', 'value': 127863}]",0,0
18769.567878,7784,1567,0,ps,ip-10-100-1-26,257,openat,4,9,"[{'name': 'dirfd', 'type': 'int', 'value': -100}, {'name': 'pathname', 'type': 'const char*', 'value': '/proc/3900/stat'}, {'name': 'flags', 'type': 'int', 'value': 'O_RDONLY'}, {'name': 'mode', 'type': 'int', 'value': 1151610539}]",0,0
18769.567932,7784,1567,0,ps,ip-10-100-1-26,3,close,1,0,"[{'name': 'fd', 'type': 'int', 'value': 9}]",0,0
18769.568011,7784,1567,0,ps,ip-10-100-1-26,1005,security_file_open,4,0,"[{'name': 'pathname', 'type': 'const char*', 'value': '/proc/3900/status'}, {'name': 'flags', 'type': 'int', 'value': 'O_RDONLY|O_LARGEFILE'}, {'name': 'dev', 'type': 'dev_t', 'value': 5}, {'name': 'inode', 'type': 'unsigned long', 'value': 127864}]",0,0
18769.568141,7784,1567,0,ps,ip-10-100-1-26,257,openat,4,9,"[{'name': 'dirfd', 'type': 'int', 'value': -100}, {'name': 'pathname', 'type': 'const char*', 'value': '/proc/3900/status'}, {'name': 'flags', 'type': 'int', 'value': 'O_RDONLY'}, {'name': 'mode', 'type': 'int', 'value': 1151610539}]",0,0
18769.568197,7784,1567,0,ps,ip-10-100-1-26,3,close,1,0,"[{'name': 'fd', 'type': 'int', 'value': 9}]",0,0
18769.568252,7784,1567,0,ps,ip-10-100-1-26,1005,security_file_open,4,0,"[{'name': 'pathname', 'type': 'const char*', 'value': '/proc/3900/cmdline'}, {'name': 'flags', 'type': 'int', 'value': 'O_RDONLY|O_LARGEFILE'}, {'name': 'dev', 'type': 'dev_t', 'value': 5}, {'name': 'inode', 'type': 'unsigned long', 'value': 127865}]",0,0
18769.568411,7784,1567,0,ps,ip-10-100-1-26,257,openat,4,9,"[{'name': 'dirfd', 'type': 'int', 'value': -100}, {'name': 'pathname', 'type': 'const char*', 'value': '/proc/3900/cmdline'}, {'name': 'flags', 'type': 'int', 'value': 'O_RDONLY'}, {'name': 'mode', 'type': 'int', 'value': 1151610539}]",0,0
18769.568471,7784,1567,0,ps,ip-10-100-1-26,3,close,1,0,"[{'name': 'fd', 'type': 'int', 'value': 9}]",0,0
18769.568517,7784,1567,0,ps,ip-10-100-1-26,4,stat,2,0,"[{'name': 'pathname', 'type': 'const char*', 'value': '/proc/4127'}, {'name': 'statbuf', 'type': 'struct stat*', 'value': '0x7F2A44B3E680'}]",0,0
18769.568622,7784,1567,0,ps,ip-10-100-1-26,1005,security_file_open,4,0,"[{'name': 'pathname', 'type': 'const char*', 'value': '/proc/4127/stat'}, {'name': 'flags', 'type': 'int', 'value': 'O_RDONLY|O_LARGEFILE'}, {'name': 'dev', 'type': 'dev_t', 'value': 5}, {'name': 'inode', 'type': 'unsigned long', 'value': 127866}]",0,0
18769.568694,7784,1567,0,ps,ip-10-100-1-26,257,openat,4,9,"[{'name': 'dirfd', 'type': 'int', 'value': -100}, {'name': 'pathname', 'type': 'const char*', 'value': '/proc/4127/stat'}, {'name': 'flags', 'type': 'int', 'value': 'O_RDONLY'}, {'name': 'mode', 'type': 'int', 'value': 1151610539}]",0,0
18769.568815,7784,1567,0,ps,ip-10-100-1-26,3,close,1,0,"[{'name': 'fd', 'type': 'int', 'value': 9}]",0,0
18769.568939,7784,1567,0,ps,ip-10-100-1-26,1005,security_file_open,4,0,"[{'name': 'pathname', 'type': 'const char*', 'value': '/proc/4127/status'}, {'name': 'flags', 'type': 'int', 'value': 'O_RDONLY|O_LARGEFILE'}, {'name': 'dev', 'type': 'dev_t', 'value': 5}, {'name': 'inode', 'type': 'unsigned long', 'value': 127867}]",0,0
18769.569066,7784,1567,0,ps,ip-10-100-1-26,257,openat,4,9,"[{'name': 'dirfd', 'type': 'int', 'value': -100}, {'name': 'pathname', 'type': 'const char*', 'value': '/proc/4127/status'}, {'name': 'flags', 'type': 'int', 'value': 'O_RDONLY'}, {'name': 'mode', 'type': 'int', 'value': 1151610539}]",0,0
18769.569345,7784,1567,0,ps,ip-10-100-1-26,3,close,1,0,"[{'name': 'fd', 'type': 'int', 'value': 9}]",0,0
18769.569399,7784,1567,0,ps,ip-10-100-1-26,1005,security_file_open,4,0,"[{'name': 'pathname', 'type': 'const char*', 'value': '/proc/4127/cmdline'}, {'name': 'flags', 'type': 'int', 'value': 'O_RDONLY|O_LARGEFILE'}, {'name': 'dev', 'type': 'dev_t', 'value': 5}, {'name': 'inode', 'type': 'unsigned long', 'value': 127868}]",0,0
18769.569444,7784,1567,0,ps,ip-10-100-1-26,257,openat,4,9,"[{'name': 'dirfd', 'type': 'int', 'value': -100}, {'name': 'pathname', 'type': 'const char*', 'value': '/proc/4127/cmdline'}, {'name': 'flags', 'type': 'int', 'value': 'O_RDONLY'}, {'name': 'mode', 'type': 'int', 'value': 1151610539}]",0,0
18769.56969,7784,1567,0,ps,ip-10-100-1-26,3,close,1,0,"[{'name': 'fd', 'type': 'int', 'value': 9}]",0,0
18769.569842,7784,1567,0,ps,ip-10-100-1-26,4,stat,2,0,"[{'name': 'pathname', 'type': 'const char*', 'value': '/proc/4145'}, {'name': 'statbuf', 'type': 'struct stat*', 'value': '0x7F2A44B3E680'}]",0,0
18769.569892,7784,1567,0,ps,ip-10-100-1-26,1005,security_file_open,4,0,"[{'name': 'pathname', 'type': 'const char*', 'value': '/proc/4145/stat'}, {'name': 'flags', 'type': 'int', 'value': 'O_RDONLY|O_LARGEFILE'}, {'name': 'dev', 'type': 'dev_t', 'value': 5}, {'name': 'inode', 'type': 'unsigned long', 'value': 127869}]",0,0
18769.569959,7784,1567,0,ps,ip-10-100-1-26,257,openat,4,9,"[{'name': 'dirfd', 'type': 'int', 'value': -100}, {'name': 'pathname', 'type': 'const char*', 'value': '/proc/4145/stat'}, {'name': 'flags', 'type': 'int', 'value': 'O_RDONLY'}, {'name': 'mode', 'type': 'int', 'value': 1151610539}]",0,0
18769.5701,7784,1567,0,ps,ip-10-100-1-26,3,close,1,0,"[{'name': 'fd', 'type': 'int', 'value': 9}]",0,0
18769.570382,7784,1567,0,ps,ip-10-100-1-26,1005,security_file_open,4,0,"[{'name': 'pathname', 'type': 'const char*', 'value': '/proc/4145/status'}, {'name': 'flags', 'type': 'int', 'value': 'O_RDONLY|O_LARGEFILE'}, {'name': 'dev', 'type': 'dev_t', 'value': 5}, {'name': 'inode', 'type': 'unsigned long', 'value': 127870}]",0,0
18769.570519,7784,1567,0,ps,ip-10-100-1-26,257,openat,4,9,"[{'name': 'dirfd', 'type': 'int', 'value': -100}, {'name': 'pathname', 'type': 'const char*', 'value': '/proc/4145/status'}, {'name': 'flags', 'type': 'int', 'value': 'O_RDONLY'}, {'name': 'mode', 'type': 'int', 'value': 1151610539}]",0,0
18769.57058,7784,1567,0,ps,ip-10-100-1-26,3,close,1,0,"[{'name': 'fd', 'type': 'int', 'value': 9}]",0,0
18769.570626,7784,1567,0,ps,ip-10-100-1-26,1005,security_file_open,4,0,"[{'name': 'pathname', 'type': 'const char*', 'value': '/proc/4145/cmdline'}, {'name': 'flags', 'type': 'int', 'value': 'O_RDONLY|O_LARGEFILE'}, {'name': 'dev', 'type': 'dev_t', 'value': 5}, {'name': 'inode', 'type': 'unsigned long', 'value': 127871}]",0,0
18769.570808,7784,1567,0,ps,ip-10-100-1-26,257,openat,4,9,"[{'name': 'dirfd', 'type': 'int', 'value': -100}, {'name': 'pathname', 'type': 'const char*', 'value': '/proc/4145/cmdline'}, {'name': 'flags', 'type': 'int', 'value': 'O_RDONLY'}, {'name': 'mode', 'type': 'int', 'value': 1151610539}]",0,0
18769.571102,7784,1567,0,ps,ip-10-100-1-26,3,close,1,0,"[{'name': 'fd', 'type': 'int', 'value': 9}]",0,0
18769.571156,7784,1567,0,ps,ip-10-100-1-26,4,stat,2,0,"[{'name': 'pathname', 'type': 'const char*', 'value': '/proc/7049'}, {'name': 'statbuf', 'type': 'struct stat*', 'value': '0x7F2A44B3E680'}]",0,0
18769.571231,7784,1567,0,ps,ip-10-100-1-26,1005,security_file_open,4,0,"[{'name': 'pathname', 'type': 'const char*', 'value': '/proc/7049/stat'}, {'name': 'flags', 'type': 'int', 'value': 'O_RDONLY|O_LARGEFILE'}, {'name': 'dev', 'type': 'dev_t', 'value': 5}, {'name': 'inode', 'type': 'unsigned long', 'value': 127872}]",0,0
18769.571407,7784,1567,0,ps,ip-10-100-1-26,257,openat,4,9,"[{'name': 'dirfd', 'type': 'int', 'value': -100}, {'name': 'pathname', 'type': 'const char*', 'value': '/proc/7049/stat'}, {'name': 'flags', 'type': 'int', 'value': 'O_RDONLY'}, {'name': 'mode', 'type': 'int', 'value': 1151610539}]",0,0
18769.571464,7784,1567,0,ps,ip-10-100-1-26,3,close,1,0,"[{'name': 'fd', 'type': 'int', 'value': 9}]",0,0
18769.571511,7784,1567,0,ps,ip-10-100-1-26,1005,security_file_open,4,0,"[{'name': 'pathname', 'type': 'const char*', 'value': '/proc/7049/status'}, {'name': 'flags', 'type': 'int', 'value': 'O_RDONLY|O_LARGEFILE'}, {'name': 'dev', 'type': 'dev_t', 'value': 5}, {'name': 'inode', 'type': 'unsigned long', 'value': 127873}]",0,0
18769.571673,7784,1567,0,ps,ip-10-100-1-26,257,openat,4,9,"[{'name': 'dirfd', 'type': 'int', 'value': -100}, {'name': 'pathname', 'type': 'const char*', 'value': '/proc/7049/status'}, {'name': 'flags', 'type': 'int', 'value': 'O_RDONLY'}, {'name': 'mode', 'type': 'int', 'value': 1151610539}]",0,0
18769.571922,7784,1567,0,ps,ip-10-100-1-26,3,close,1,0,"[{'name': 'fd', 'type': 'int', 'value': 9}]",0,0
18769.571974,7784,1567,0,ps,ip-10-100-1-26,1005,security_file_open,4,0,"[{'name': 'pathname', 'type': 'const char*', 'value': '/proc/7049/cmdline'}, {'name': 'flags', 'type': 'int', 'value': 'O_RDONLY|O_LARGEFILE'}, {'name': 'dev', 'type': 'dev_t', 'value': 5}, {'name': 'inode', 'type': 'unsigned long', 'value': 127874}]",0,0
18769.57211,7784,1567,0,ps,ip-10-100-1-26,257,openat,4,9,"[{'name': 'dirfd', 'type': 'int', 'value': -100}, {'name': 'pathname', 'type': 'const char*', 'value': '/proc/7049/cmdline'}, {'name': 'flags', 'type': 'int', 'value': 'O_RDONLY'}, {'name': 'mode', 'type': 'int', 'value': 1151610539}]",0,0
18769.57217,7784,1567,0,ps,ip-10-100-1-26,3,close,1,0,"[{'name': 'fd', 'type': 'int', 'value': 9}]",0,0
18769.572231,7784,1567,0,ps,ip-10-100-1-26,4,stat,2,0,"[{'name': 'pathname', 'type': 'const char*', 'value': '/proc/7092'}, {'name': 'statbuf', 'type': 'struct stat*', 'value': '0x7F2A44B3E680'}]",0,0
18769.572601,7784,1567,0,ps,ip-10-100-1-26,1005,security_file_open,4,0,"[{'name': 'pathname', 'type': 'const char*', 'value': '/proc/7092/stat'}, {'name': 'flags', 'type': 'int', 'value': 'O_RDONLY|O_LARGEFILE'}, {'name': 'dev', 'type': 'dev_t', 'value': 5}, {'name': 'inode', 'type': 'unsigned long', 'value': 127875}]",0,0
18769.572665,7784,1567,0,ps,ip-10-100-1-26,257,openat,4,9,"[{'name': 'dirfd', 'type': 'int', 'value': -100}, {'name': 'pathname', 'type': 'const char*', 'value': '/proc/7092/stat'}, {'name': 'flags', 'type': 'int', 'value': 'O_RDONLY'}, {'name': 'mode', 'type': 'int', 'value': 1151610539}]",0,0
18769.572711,7784,1567,0,ps,ip-10-100-1-26,3,close,1,0,"[{'name': 'fd', 'type': 'int', 'value': 9}]",0,0
18769.572767,7784,1567,0,ps,ip-10-100-1-26,1005,security_file_open,4,0,"[{'name': 'pathname', 'type': 'const char*', 'value': '/proc/7092/status'}, {'name': 'flags', 'type': 'int', 'value': 'O_RDONLY|O_LARGEFILE'}, {'name': 'dev', 'type': 'dev_t', 'value': 5}, {'name': 'inode', 'type': 'unsigned long', 'value': 127876}]",0,0
18769.573095,7784,1567,0,ps,ip-10-100-1-26,257,openat,4,9,"[{'name': 'dirfd', 'type': 'int', 'value': -100}, {'name': 'pathname', 'type': 'const char*', 'value': '/proc/7092/status'}, {'name': 'flags', 'type': 'int', 'value': 'O_RDONLY'}, {'name': 'mode', 'type': 'int', 'value': 1151610539}]",0,0
18769.573534,7784,1567,0,ps,ip-10-100-1-26,3,close,1,0,"[{'name': 'fd', 'type': 'int', 'value': 9}]",0,0
18769.573593,7784,1567,0,ps,ip-10-100-1-26,1005,security_file_open,4,0,"[{'name': 'pathname', 'type': 'const char*', 'value': '/proc/7092/cmdline'}, {'name': 'flags', 'type': 'int', 'value': 'O_RDONLY|O_LARGEFILE'}, {'name': 'dev', 'type': 'dev_t', 'value': 5}, {'name': 'inode', 'type': 'unsigned long', 'value': 127877}]",0,0
18769.573638,7784,1567,0,ps,ip-10-100-1-26,257,openat,4,9,"[{'name': 'dirfd', 'type': 'int', 'value': -100}, {'name': 'pathname', 'type': 'const char*', 'value': '/proc/7092/cmdline'}, {'name': 'flags', 'type': 'int', 'value': 'O_RDONLY'}, {'name': 'mode', 'type': 'int', 'value': 1151610539}]",0,0
18769.573683,7784,1567,0,ps,ip-10-100-1-26,3,close,1,0,"[{'name': 'fd', 'type': 'int', 'value': 9}]",0,0
18769.573744,7784,1567,0,ps,ip-10-100-1-26,4,stat,2,0,"[{'name': 'pathname', 'type': 'const char*', 'value': '/proc/7093'}, {'name': 'statbuf', 'type': 'struct stat*', 'value': '0x7F2A44B3E680'}]",0,0
18769.573785,7784,1567,0,ps,ip-10-100-1-26,1005,security_file_open,4,0,"[{'name': 'pathname', 'type': 'const char*', 'value': '/proc/7093/stat'}, {'name': 'flags', 'type': 'int', 'value': 'O_RDONLY|O_LARGEFILE'}, {'name': 'dev', 'type': 'dev_t', 'value': 5}, {'name': 'inode', 'type': 'unsigned long', 'value': 127878}]",0,0
18769.573849,7784,1567,0,ps,ip-10-100-1-26,257,openat,4,9,"[{'name': 'dirfd', 'type': 'int', 'value': -100}, {'name': 'pathname', 'type': 'const char*', 'value': '/proc/7093/stat'}, {'name': 'flags', 'type': 'int', 'value': 'O_RDONLY'}, {'name': 'mode', 'type': 'int', 'value': 1151610539}]",0,0
18769.573904,7784,1567,0,ps,ip-10-100-1-26,3,close,1,0,"[{'name': 'fd', 'type': 'int', 'value': 9}]",0,0
18769.574054,7784,1567,0,ps,ip-10-100-1-26,1005,security_file_open,4,0,"[{'name': 'pathname', 'type': 'const char*', 'value': '/proc/7093/status'}, {'name': 'flags', 'type': 'int', 'value': 'O_RDONLY|O_LARGEFILE'}, {'name': 'dev', 'type': 'dev_t', 'value': 5}, {'name': 'inode', 'type': 'unsigned long', 'value': 127879}]",0,0
18769.574104,7784,1567,0,ps,ip-10-100-1-26,257,openat,4,9,"[{'name': 'dirfd', 'type': 'int', 'value': -100}, {'name': 'pathname', 'type': 'const char*', 'value': '/proc/7093/status'}, {'name': 'flags', 'type': 'int', 'value': 'O_RDONLY'}, {'name': 'mode', 'type': 'int', 'value': 1151610539}]",0,0
18769.574151,7784,1567,0,ps,ip-10-100-1-26,3,close,1,0,"[{'name': 'fd', 'type': 'int', 'value': 9}]",0,0
18769.574474,7784,1567,0,ps,ip-10-100-1-26,1005,security_file_open,4,0,"[{'name': 'pathname', 'type': 'const char*', 'value': '/proc/7093/cmdline'}, {'name': 'flags', 'type': 'int', 'value': 'O_RDONLY|O_LARGEFILE'}, {'name': 'dev', 'type': 'dev_t', 'value': 5}, {'name': 'inode', 'type': 'unsigned long', 'value': 127880}]",0,0
18769.574522,7784,1567,0,ps,ip-10-100-1-26,257,openat,4,9,"[{'name': 'dirfd', 'type': 'int', 'value': -100}, {'name': 'pathname', 'type': 'const char*', 'value': '/proc/7093/cmdline'}, {'name': 'flags', 'type': 'int', 'value': 'O_RDONLY'}, {'name': 'mode', 'type': 'int', 'value': 1151610539}]",0,0
18769.574568,7784,1567,0,ps,ip-10-100-1-26,3,close,1,0,"[{'name': 'fd', 'type': 'int', 'value': 9}]",0,0
18769.574649,7784,1567,0,ps,ip-10-100-1-26,4,stat,2,0,"[{'name': 'pathname', 'type': 'const char*', 'value': '/proc/7094'}, {'name': 'statbuf', 'type': 'struct stat*', 'value': '0x7F2A44B3E680'}]",0,0
18769.574975,7784,1567,0,ps,ip-10-100-1-26,1005,security_file_open,4,0,"[{'name': 'pathname', 'type': 'const char*', 'value': '/proc/7094/stat'}, {'name': 'flags', 'type': 'int', 'value': 'O_RDONLY|O_LARGEFILE'}, {'name': 'dev', 'type': 'dev_t', 'value': 5}, {'name': 'inode', 'type': 'unsigned long', 'value': 127881}]",0,0
18769.575149,7784,1567,0,ps,ip-10-100-1-26,257,openat,4,9,"[{'name': 'dirfd', 'type': 'int', 'value': -100}, {'name': 'pathname', 'type': 'const char*', 'value': '/proc/7094/stat'}, {'name': 'flags', 'type': 'int', 'value': 'O_RDONLY'}, {'name': 'mode', 'type': 'int', 'value': 1151610539}]",0,0
18769.575201,7784,1567,0,ps,ip-10-100-1-26,3,close,1,0,"[{'name': 'fd', 'type': 'int', 'value': 9}]",0,0
18769.575563,7784,1567,0,ps,ip-10-100-1-26,257,openat,4,9,"[{'name': 'dirfd', 'type': 'int', 'value': -100}, {'name': 'pathname', 'type': 'const char*', 'value': '/proc/7094/status'}, {'name': 'flags', 'type': 'int', 'value': 'O_RDONLY'}, {'name': 'mode', 'type': 'int', 'value': 1151610539}]",0,0
18769.575248,7784,1567,0,ps,ip-10-100-1-26,1005,security_file_open,4,0,"[{'name': 'pathname', 'type': 'const char*', 'value': '/proc/7094/status'}, {'name': 'flags', 'type': 'int', 'value': 'O_RDONLY|O_LARGEFILE'}, {'name': 'dev', 'type': 'dev_t', 'value': 5}, {'name': 'inode', 'type': 'unsigned long', 'value': 127882}]",0,0
18769.575625,7784,1567,0,ps,ip-10-100-1-26,3,close,1,0,"[{'name': 'fd', 'type': 'int', 'value': 9}]",0,0
18769.575672,7784,1567,0,ps,ip-10-100-1-26,1005,security_file_open,4,0,"[{'name': 'pathname', 'type': 'const char*', 'value': '/proc/7094/cmdline'}, {'name': 'flags', 'type': 'int', 'value': 'O_RDONLY|O_LARGEFILE'}, {'name': 'dev', 'type': 'dev_t', 'value': 5}, {'name': 'inode', 'type': 'unsigned long', 'value': 127883}]",0,0
18769.575735,7784,1567,0,ps,ip-10-100-1-26,257,openat,4,9,"[{'name': 'dirfd', 'type': 'int', 'value': -100}, {'name': 'pathname', 'type': 'const char*', 'value': '/proc/7094/cmdline'}, {'name': 'flags', 'type': 'int', 'value': 'O_RDONLY'}, {'name': 'mode', 'type': 'int', 'value': 1151610539}]",0,0
18769.575889,7784,1567,0,ps,ip-10-100-1-26,3,close,1,0,"[{'name': 'fd', 'type': 'int', 'value': 9}]",0,0
18769.576583,7784,1567,0,ps,ip-10-100-1-26,4,stat,2,0,"[{'name': 'pathname', 'type': 'const char*', 'value': '/proc/7098'}, {'name': 'statbuf', 'type': 'struct stat*', 'value': '0x7F2A44B3E680'}]",0,0
18769.576791,7784,1567,0,ps,ip-10-100-1-26,1005,security_file_open,4,0,"[{'name': 'pathname', 'type': 'const char*', 'value': '/proc/7098/stat'}, {'name': 'flags', 'type': 'int', 'value': 'O_RDONLY|O_LARGEFILE'}, {'name': 'dev', 'type': 'dev_t', 'value': 5}, {'name': 'inode', 'type': 'unsigned long', 'value': 127884}]",0,0
18769.576841,7784,1567,0,ps,ip-10-100-1-26,257,openat,4,9,"[{'name': 'dirfd', 'type': 'int', 'value': -100}, {'name': 'pathname', 'type': 'const char*', 'value': '/proc/7098/stat'}, {'name': 'flags', 'type': 'int', 'value': 'O_RDONLY'}, {'name': 'mode', 'type': 'int', 'value': 1151610539}]",0,0
18769.576885,7784,1567,0,ps,ip-10-100-1-26,3,close,1,0,"[{'name': 'fd', 'type': 'int', 'value': 9}]",0,0
18769.576985,7784,1567,0,ps,ip-10-100-1-26,1005,security_file_open,4,0,"[{'name': 'pathname', 'type': 'const char*', 'value': '/proc/7098/status'}, {'name': 'flags', 'type': 'int', 'value': 'O_RDONLY|O_LARGEFILE'}, {'name': 'dev', 'type': 'dev_t', 'value': 5}, {'name': 'inode', 'type': 'unsigned long', 'value': 127885}]",0,0
18769.577195,7784,1567,0,ps,ip-10-100-1-26,257,openat,4,9,"[{'name': 'dirfd', 'type': 'int', 'value': -100}, {'name': 'pathname', 'type': 'const char*', 'value': '/proc/7098/status'}, {'name': 'flags', 'type': 'int', 'value': 'O_RDONLY'}, {'name': 'mode', 'type': 'int', 'value': 1151610539}]",0,0
18769.577443,7784,1567,0,ps,ip-10-100-1-26,3,close,1,0,"[{'name': 'fd', 'type': 'int', 'value': 9}]",0,0
18769.577619,7784,1567,0,ps,ip-10-100-1-26,1005,security_file_open,4,0,"[{'name': 'pathname', 'type': 'const char*', 'value': '/proc/7098/cmdline'}, {'name': 'flags', 'type': 'int', 'value': 'O_RDONLY|O_LARGEFILE'}, {'name': 'dev', 'type': 'dev_t', 'value': 5}, {'name': 'inode', 'type': 'unsigned long', 'value': 127886}]",0,0
18769.58189,7784,1567,0,ps,ip-10-100-1-26,3,close,1,0,"[{'name': 'fd', 'type': 'int', 'value': 9}]",0,0
18769.58194,7784,1567,0,ps,ip-10-100-1-26,4,stat,2,0,"[{'name': 'pathname', 'type': 'const char*', 'value': '/proc/7134'}, {'name': 'statbuf', 'type': 'struct stat*', 'value': '0x7F2A44B3E680'}]",0,0
18769.577667,7784,1567,0,ps,ip-10-100-1-26,257,openat,4,9,"[{'name': 'dirfd', 'type': 'int', 'value': -100}, {'name': 'pathname', 'type': 'const char*', 'value': '/proc/7098/cmdline'}, {'name': 'flags', 'type': 'int', 'value': 'O_RDONLY'}, {'name': 'mode', 'type': 'int', 'value': 1151610539}]",0,0
18769.581969,7784,1567,0,ps,ip-10-100-1-26,1005,security_file_open,4,0,"[{'name': 'pathname', 'type': 'const char*', 'value': '/proc/7134/stat'}, {'name': 'flags', 'type': 'int', 'value': 'O_RDONLY|O_LARGEFILE'}, {'name': 'dev', 'type': 'dev_t', 'value': 5}, {'name': 'inode', 'type': 'unsigned long', 'value': 127887}]",0,0
18769.582032,7784,1567,0,ps,ip-10-100-1-26,3,close,1,0,"[{'name': 'fd', 'type': 'int', 'value': 9}]",0,0
18769.581997,7784,1567,0,ps,ip-10-100-1-26,257,openat,4,9,"[{'name': 'dirfd', 'type': 'int', 'value': -100}, {'name': 'pathname', 'type': 'const char*', 'value': '/proc/7134/stat'}, {'name': 'flags', 'type': 'int', 'value': 'O_RDONLY'}, {'name': 'mode', 'type': 'int', 'value': 1151610539}]",0,0
18769.582064,7784,1567,0,ps,ip-10-100-1-26,1005,security_file_open,4,0,"[{'name': 'pathname', 'type': 'const char*', 'value': '/proc/7134/status'}, {'name': 'flags', 'type': 'int', 'value': 'O_RDONLY|O_LARGEFILE'}, {'name': 'dev', 'type': 'dev_t', 'value': 5}, {'name': 'inode', 'type': 'unsigned long', 'value': 127888}]",0,0
18769.58209,7784,1567,0,ps,ip-10-100-1-26,257,openat,4,9,"[{'name': 'dirfd', 'type': 'int', 'value': -100}, {'name': 'pathname', 'type': 'const char*', 'value': '/proc/7134/status'}, {'name': 'flags', 'type': 'int', 'value': 'O_RDONLY'}, {'name': 'mode', 'type': 'int', 'value': 1151610539}]",0,0
18769.582126,7784,1567,0,ps,ip-10-100-1-26,3,close,1,0,"[{'name': 'fd', 'type': 'int', 'value': 9}]",0,0
18769.582155,7784,1567,0,ps,ip-10-100-1-26,1005,security_file_open,4,0,"[{'name': 'pathname', 'type': 'const char*', 'value': '/proc/7134/cmdline'}, {'name': 'flags', 'type': 'int', 'value': 'O_RDONLY|O_LARGEFILE'}, {'name': 'dev', 'type': 'dev_t', 'value': 5}, {'name': 'inode', 'type': 'unsigned long', 'value': 127889}]",0,0
18769.582181,7784,1567,0,ps,ip-10-100-1-26,257,openat,4,9,"[{'name': 'dirfd', 'type': 'int', 'value': -100}, {'name': 'pathname', 'type': 'const char*', 'value': '/proc/7134/cmdline'}, {'name': 'flags', 'type': 'int', 'value': 'O_RDONLY'}, {'name': 'mode', 'type': 'int', 'value': 1151610539}]",0,0
18769.582214,7784,1567,0,ps,ip-10-100-1-26,3,close,1,0,"[{'name': 'fd', 'type': 'int', 'value': 9}]",0,0
18769.582248,7784,1567,0,ps,ip-10-100-1-26,4,stat,2,0,"[{'name': 'pathname', 'type': 'const char*', 'value': '/proc/7153'}, {'name': 'statbuf', 'type': 'struct stat*', 'value': '0x7F2A44B3E680'}]",0,0
18769.582273,7784,1567,0,ps,ip-10-100-1-26,1005,security_file_open,4,0,"[{'name': 'pathname', 'type': 'const char*', 'value': '/proc/7153/stat'}, {'name': 'flags', 'type': 'int', 'value': 'O_RDONLY|O_LARGEFILE'}, {'name': 'dev', 'type': 'dev_t', 'value': 5}, {'name': 'inode', 'type': 'unsigned long', 'value': 127890}]",0,0
18769.582302,7784,1567,0,ps,ip-10-100-1-26,257,openat,4,9,"[{'name': 'dirfd', 'type': 'int', 'value': -100}, {'name': 'pathname', 'type': 'const char*', 'value': '/proc/7153/stat'}, {'name': 'flags', 'type': 'int', 'value': 'O_RDONLY'}, {'name': 'mode', 'type': 'int', 'value': 1151610539}]",0,0
18769.582334,7784,1567,0,ps,ip-10-100-1-26,3,close,1,0,"[{'name': 'fd', 'type': 'int', 'value': 9}]",0,0
18769.582371,7784,1567,0,ps,ip-10-100-1-26,1005,security_file_open,4,0,"[{'name': 'pathname', 'type': 'const char*', 'value': '/proc/7153/status'}, {'name': 'flags', 'type': 'int', 'value': 'O_RDONLY|O_LARGEFILE'}, {'name': 'dev', 'type': 'dev_t', 'value': 5}, {'name': 'inode', 'type': 'unsigned long', 'value': 127891}]",0,0
18769.582398,7784,1567,0,ps,ip-10-100-1-26,257,openat,4,9,"[{'name': 'dirfd', 'type': 'int', 'value': -100}, {'name': 'pathname', 'type': 'const char*', 'value': '/proc/7153/status'}, {'name': 'flags', 'type': 'int', 'value': 'O_RDONLY'}, {'name': 'mode', 'type': 'int', 'value': 1151610539}]",0,0
18769.582433,7784,1567,0,ps,ip-10-100-1-26,3,close,1,0,"[{'name': 'fd', 'type': 'int', 'value': 9}]",0,0
18769.582462,7784,1567,0,ps,ip-10-100-1-26,1005,security_file_open,4,0,"[{'name': 'pathname', 'type': 'const char*', 'value': '/proc/7153/cmdline'}, {'name': 'flags', 'type': 'int', 'value': 'O_RDONLY|O_LARGEFILE'}, {'name': 'dev', 'type': 'dev_t', 'value': 5}, {'name': 'inode', 'type': 'unsigned long', 'value': 127892}]",0,0
18769.582488,7784,1567,0,ps,ip-10-100-1-26,257,openat,4,9,"[{'name': 'dirfd', 'type': 'int', 'value': -100}, {'name': 'pathname', 'type': 'const char*', 'value': '/proc/7153/cmdline'}, {'name': 'flags', 'type': 'int', 'value': 'O_RDONLY'}, {'name': 'mode', 'type': 'int', 'value': 1151610539}]",0,0
18769.58252,7784,1567,0,ps,ip-10-100-1-26,3,close,1,0,"[{'name': 'fd', 'type': 'int', 'value': 9}]",0,0
18769.582552,7784,1567,0,ps,ip-10-100-1-26,4,stat,2,0,"[{'name': 'pathname', 'type': 'const char*', 'value': '/proc/7236'}, {'name': 'statbuf', 'type': 'struct stat*', 'value': '0x7F2A44B3E680'}]",0,0
18769.582577,7784,1567,0,ps,ip-10-100-1-26,1005,security_file_open,4,0,"[{'name': 'pathname', 'type': 'const char*', 'value': '/proc/7236/stat'}, {'name': 'flags', 'type': 'int', 'value': 'O_RDONLY|O_LARGEFILE'}, {'name': 'dev', 'type': 'dev_t', 'value': 5}, {'name': 'inode', 'type': 'unsigned long', 'value': 127893}]",0,0
18769.582602,7784,1567,0,ps,ip-10-100-1-26,257,openat,4,9,"[{'name': 'dirfd', 'type': 'int', 'value': -100}, {'name': 'pathname', 'type': 'const char*', 'value': '/proc/7236/stat'}, {'name': 'flags', 'type': 'int', 'value': 'O_RDONLY'}, {'name': 'mode', 'type': 'int', 'value': 1151610539}]",0,0
18769.582634,7784,1567,0,ps,ip-10-100-1-26,3,close,1,0,"[{'name': 'fd', 'type': 'int', 'value': 9}]",0,0
18769.582662,7784,1567,0,ps,ip-10-100-1-26,1005,security_file_open,4,0,"[{'name': 'pathname', 'type': 'const char*', 'value': '/proc/7236/status'}, {'name': 'flags', 'type': 'int', 'value': 'O_RDONLY|O_LARGEFILE'}, {'name': 'dev', 'type': 'dev_t', 'value': 5}, {'name': 'inode', 'type': 'unsigned long', 'value': 127894}]",0,0
18769.582688,7784,1567,0,ps,ip-10-100-1-26,257,openat,4,9,"[{'name': 'dirfd', 'type': 'int', 'value': -100}, {'name': 'pathname', 'type': 'const char*', 'value': '/proc/7236/status'}, {'name': 'flags', 'type': 'int', 'value': 'O_RDONLY'}, {'name': 'mode', 'type': 'int', 'value': 1151610539}]",0,0
18769.582722,7784,1567,0,ps,ip-10-100-1-26,3,close,1,0,"[{'name': 'fd', 'type': 'int', 'value': 9}]",0,0
18769.58275,7784,1567,0,ps,ip-10-100-1-26,1005,security_file_open,4,0,"[{'name': 'pathname', 'type': 'const char*', 'value': '/proc/7236/cmdline'}, {'name': 'flags', 'type': 'int', 'value': 'O_RDONLY|O_LARGEFILE'}, {'name': 'dev', 'type': 'dev_t', 'value': 5}, {'name': 'inode', 'type': 'unsigned long', 'value': 127895}]",0,0
18769.582776,7784,1567,0,ps,ip-10-100-1-26,257,openat,4,9,"[{'name': 'dirfd', 'type': 'int', 'value': -100}, {'name': 'pathname', 'type': 'const char*', 'value': '/proc/7236/cmdline'}, {'name': 'flags', 'type': 'int', 'value': 'O_RDONLY'}, {'name': 'mode', 'type': 'int', 'value': 1151610539}]",0,0
18769.582808,7784,1567,0,ps,ip-10-100-1-26,3,close,1,0,"[{'name': 'fd', 'type': 'int', 'value': 9}]",0,0
18769.582837,7784,1567,0,ps,ip-10-100-1-26,4,stat,2,0,"[{'name': 'pathname', 'type': 'const char*', 'value': '/proc/7237'}, {'name': 'statbuf', 'type': 'struct stat*', 'value': '0x7F2A44B3E680'}]",0,0
18769.582861,7784,1567,0,ps,ip-10-100-1-26,1005,security_file_open,4,0,"[{'name': 'pathname', 'type': 'const char*', 'value': '/proc/7237/stat'}, {'name': 'flags', 'type': 'int', 'value': 'O_RDONLY|O_LARGEFILE'}, {'name': 'dev', 'type': 'dev_t', 'value': 5}, {'name': 'inode', 'type': 'unsigned long', 'value': 127896}]",0,0
18769.582886,7784,1567,0,ps,ip-10-100-1-26,257,openat,4,9,"[{'name': 'dirfd', 'type': 'int', 'value': -100}, {'name': 'pathname', 'type': 'const char*', 'value': '/proc/7237/stat'}, {'name': 'flags', 'type': 'int', 'value': 'O_RDONLY'}, {'name': 'mode', 'type': 'int', 'value': 1151610539}]",0,0
18769.582918,7784,1567,0,ps,ip-10-100-1-26,3,close,1,0,"[{'name': 'fd', 'type': 'int', 'value': 9}]",0,0
18769.582946,7784,1567,0,ps,ip-10-100-1-26,1005,security_file_open,4,0,"[{'name': 'pathname', 'type': 'const char*', 'value': '/proc/7237/status'}, {'name': 'flags', 'type': 'int', 'value': 'O_RDONLY|O_LARGEFILE'}, {'name': 'dev', 'type': 'dev_t', 'value': 5}, {'name': 'inode', 'type': 'unsigned long', 'value': 127897}]",0,0
18769.582972,7784,1567,0,ps,ip-10-100-1-26,257,openat,4,9,"[{'name': 'dirfd', 'type': 'int', 'value': -100}, {'name': 'pathname', 'type': 'const char*', 'value': '/proc/7237/status'}, {'name': 'flags', 'type': 'int', 'value': 'O_RDONLY'}, {'name': 'mode', 'type': 'int', 'value': 1151610539}]",0,0
18769.583005,7784,1567,0,ps,ip-10-100-1-26,3,close,1,0,"[{'name': 'fd', 'type': 'int', 'value': 9}]",0,0
18769.583033,7784,1567,0,ps,ip-10-100-1-26,1005,security_file_open,4,0,"[{'name': 'pathname', 'type': 'const char*', 'value': '/proc/7237/cmdline'}, {'name': 'flags', 'type': 'int', 'value': 'O_RDONLY|O_LARGEFILE'}, {'name': 'dev', 'type': 'dev_t', 'value': 5}, {'name': 'inode', 'type': 'unsigned long', 'value': 127898}]",0,0
18769.583058,7784,1567,0,ps,ip-10-100-1-26,257,openat,4,9,"[{'name': 'dirfd', 'type': 'int', 'value': -100}, {'name': 'pathname', 'type': 'const char*', 'value': '/proc/7237/cmdline'}, {'name': 'flags', 'type': 'int', 'value': 'O_RDONLY'}, {'name': 'mode', 'type': 'int', 'value': 1151610539}]",0,0
18769.583091,7784,1567,0,ps,ip-10-100-1-26,3,close,1,0,"[{'name': 'fd', 'type': 'int', 'value': 9}]",0,0
18769.583119,7784,1567,0,ps,ip-10-100-1-26,4,stat,2,0,"[{'name': 'pathname', 'type': 'const char*', 'value': '/proc/7239'}, {'name': 'statbuf', 'type': 'struct stat*', 'value': '0x7F2A44B3E680'}]",0,0
18769.583144,7784,1567,0,ps,ip-10-100-1-26,1005,security_file_open,4,0,"[{'name': 'pathname', 'type': 'const char*', 'value': '/proc/7239/stat'}, {'name': 'flags', 'type': 'int', 'value': 'O_RDONLY|O_LARGEFILE'}, {'name': 'dev', 'type': 'dev_t', 'value': 5}, {'name': 'inode', 'type': 'unsigned long', 'value': 127899}]",0,0
18769.583169,7784,1567,0,ps,ip-10-100-1-26,257,openat,4,9,"[{'name': 'dirfd', 'type': 'int', 'value': -100}, {'name': 'pathname', 'type': 'const char*', 'value': '/proc/7239/stat'}, {'name': 'flags', 'type': 'int', 'value': 'O_RDONLY'}, {'name': 'mode', 'type': 'int', 'value': 1151610539}]",0,0
18769.5832,7784,1567,0,ps,ip-10-100-1-26,3,close,1,0,"[{'name': 'fd', 'type': 'int', 'value': 9}]",0,0
18769.583229,7784,1567,0,ps,ip-10-100-1-26,1005,security_file_open,4,0,"[{'name': 'pathname', 'type': 'const char*', 'value': '/proc/7239/status'}, {'name': 'flags', 'type': 'int', 'value': 'O_RDONLY|O_LARGEFILE'}, {'name': 'dev', 'type': 'dev_t', 'value': 5}, {'name': 'inode', 'type': 'unsigned long', 'value': 127900}]",0,0
18769.583257,7784,1567,0,ps,ip-10-100-1-26,257,openat,4,9,"[{'name': 'dirfd', 'type': 'int', 'value': -100}, {'name': 'pathname', 'type': 'const char*', 'value': '/proc/7239/status'}, {'name': 'flags', 'type': 'int', 'value': 'O_RDONLY'}, {'name': 'mode', 'type': 'int', 'value': 1151610539}]",0,0
18769.583291,7784,1567,0,ps,ip-10-100-1-26,3,close,1,0,"[{'name': 'fd', 'type': 'int', 'value': 9}]",0,0
18769.583326,7784,1567,0,ps,ip-10-100-1-26,1005,security_file_open,4,0,"[{'name': 'pathname', 'type': 'const char*', 'value': '/proc/7239/cmdline'}, {'name': 'flags', 'type': 'int', 'value': 'O_RDONLY|O_LARGEFILE'}, {'name': 'dev', 'type': 'dev_t', 'value': 5}, {'name': 'inode', 'type': 'unsigned long', 'value': 127901}]",0,0
18769.583351,7784,1567,0,ps,ip-10-100-1-26,257,openat,4,9,"[{'name': 'dirfd', 'type': 'int', 'value': -100}, {'name': 'pathname', 'type': 'const char*', 'value': '/proc/7239/cmdline'}, {'name': 'flags', 'type': 'int', 'value': 'O_RDONLY'}, {'name': 'mode', 'type': 'int', 'value': 1151610539}]",0,0
18769.583385,7784,1567,0,ps,ip-10-100-1-26,3,close,1,0,"[{'name': 'fd', 'type': 'int', 'value': 9}]",0,0
18769.583412,7784,1567,0,ps,ip-10-100-1-26,4,stat,2,0,"[{'name': 'pathname', 'type': 'const char*', 'value': '/proc/7345'}, {'name': 'statbuf', 'type': 'struct stat*', 'value': '0x7F2A44B3E680'}]",0,0
18769.583436,7784,1567,0,ps,ip-10-100-1-26,1005,security_file_open,4,0,"[{'name': 'pathname', 'type': 'const char*', 'value': '/proc/7345/stat'}, {'name': 'flags', 'type': 'int', 'value': 'O_RDONLY|O_LARGEFILE'}, {'name': 'dev', 'type': 'dev_t', 'value': 5}, {'name': 'inode', 'type': 'unsigned long', 'value': 127902}]",0,0
18769.583462,7784,1567,0,ps,ip-10-100-1-26,257,openat,4,9,"[{'name': 'dirfd', 'type': 'int', 'value': -100}, {'name': 'pathname', 'type': 'const char*', 'value': '/proc/7345/stat'}, {'name': 'flags', 'type': 'int', 'value': 'O_RDONLY'}, {'name': 'mode', 'type': 'int', 'value': 1151610539}]",0,0
18769.583494,7784,1567,0,ps,ip-10-100-1-26,3,close,1,0,"[{'name': 'fd', 'type': 'int', 'value': 9}]",0,0
18769.583522,7784,1567,0,ps,ip-10-100-1-26,1005,security_file_open,4,0,"[{'name': 'pathname', 'type': 'const char*', 'value': '/proc/7345/status'}, {'name': 'flags', 'type': 'int', 'value': 'O_RDONLY|O_LARGEFILE'}, {'name': 'dev', 'type': 'dev_t', 'value': 5}, {'name': 'inode', 'type': 'unsigned long', 'value': 127903}]",0,0
18769.583548,7784,1567,0,ps,ip-10-100-1-26,257,openat,4,9,"[{'name': 'dirfd', 'type': 'int', 'value': -100}, {'name': 'pathname', 'type': 'const char*', 'value': '/proc/7345/status'}, {'name': 'flags', 'type': 'int', 'value': 'O_RDONLY'}, {'name': 'mode', 'type': 'int', 'value': 1151610539}]",0,0
18769.58358,7784,1567,0,ps,ip-10-100-1-26,3,close,1,0,"[{'name': 'fd', 'type': 'int', 'value': 9}]",0,0
18769.583606,7784,1567,0,ps,ip-10-100-1-26,1005,security_file_open,4,0,"[{'name': 'pathname', 'type': 'const char*', 'value': '/proc/7345/cmdline'}, {'name': 'flags', 'type': 'int', 'value': 'O_RDONLY|O_LARGEFILE'}, {'name': 'dev', 'type': 'dev_t', 'value': 5}, {'name': 'inode', 'type': 'unsigned long', 'value': 127904}]",0,0
18769.583632,7784,1567,0,ps,ip-10-100-1-26,257,openat,4,9,"[{'name': 'dirfd', 'type': 'int', 'value': -100}, {'name': 'pathname', 'type': 'const char*', 'value': '/proc/7345/cmdline'}, {'name': 'flags', 'type': 'int', 'value': 'O_RDONLY'}, {'name': 'mode', 'type': 'int', 'value': 1151610539}]",0,0
18769.583656,7784,1567,0,ps,ip-10-100-1-26,3,close,1,0,"[{'name': 'fd', 'type': 'int', 'value': 9}]",0,0
18769.583683,7784,1567,0,ps,ip-10-100-1-26,4,stat,2,0,"[{'name': 'pathname', 'type': 'const char*', 'value': '/proc/7741'}, {'name': 'statbuf', 'type': 'struct stat*', 'value': '0x7F2A44B3E680'}]",0,0
18769.583708,7784,1567,0,ps,ip-10-100-1-26,1005,security_file_open,4,0,"[{'name': 'pathname', 'type': 'const char*', 'value': '/proc/7741/stat'}, {'name': 'flags', 'type': 'int', 'value': 'O_RDONLY|O_LARGEFILE'}, {'name': 'dev', 'type': 'dev_t', 'value': 5}, {'name': 'inode', 'type': 'unsigned long', 'value': 127905}]",0,0
18769.583734,7784,1567,0,ps,ip-10-100-1-26,257,openat,4,9,"[{'name': 'dirfd', 'type': 'int', 'value': -100}, {'name': 'pathname', 'type': 'const char*', 'value': '/proc/7741/stat'}, {'name': 'flags', 'type': 'int', 'value': 'O_RDONLY'}, {'name': 'mode', 'type': 'int', 'value': 1151610539}]",0,0
18769.583764,7784,1567,0,ps,ip-10-100-1-26,3,close,1,0,"[{'name': 'fd', 'type': 'int', 'value': 9}]",0,0
18769.583792,7784,1567,0,ps,ip-10-100-1-26,1005,security_file_open,4,0,"[{'name': 'pathname', 'type': 'const char*', 'value': '/proc/7741/status'}, {'name': 'flags', 'type': 'int', 'value': 'O_RDONLY|O_LARGEFILE'}, {'name': 'dev', 'type': 'dev_t', 'value': 5}, {'name': 'inode', 'type': 'unsigned long', 'value': 127906}]",0,0
18769.583818,7784,1567,0,ps,ip-10-100-1-26,257,openat,4,9,"[{'name': 'dirfd', 'type': 'int', 'value': -100}, {'name': 'pathname', 'type': 'const char*', 'value': '/proc/7741/status'}, {'name': 'flags', 'type': 'int', 'value': 'O_RDONLY'}, {'name': 'mode', 'type': 'int', 'value': 1151610539}]",0,0
18769.58385,7784,1567,0,ps,ip-10-100-1-26,3,close,1,0,"[{'name': 'fd', 'type': 'int', 'value': 9}]",0,0
18769.583877,7784,1567,0,ps,ip-10-100-1-26,1005,security_file_open,4,0,"[{'name': 'pathname', 'type': 'const char*', 'value': '/proc/7741/cmdline'}, {'name': 'flags', 'type': 'int', 'value': 'O_RDONLY|O_LARGEFILE'}, {'name': 'dev', 'type': 'dev_t', 'value': 5}, {'name': 'inode', 'type': 'unsigned long', 'value': 127907}]",0,0
18769.583902,7784,1567,0,ps,ip-10-100-1-26,257,openat,4,9,"[{'name': 'dirfd', 'type': 'int', 'value': -100}, {'name': 'pathname', 'type': 'const char*', 'value': '/proc/7741/cmdline'}, {'name': 'flags', 'type': 'int', 'value': 'O_RDONLY'}, {'name': 'mode', 'type': 'int', 'value': 1151610539}]",0,0
18769.583927,7784,1567,0,ps,ip-10-100-1-26,3,close,1,0,"[{'name': 'fd', 'type': 'int', 'value': 9}]",0,0
18769.583954,7784,1567,0,ps,ip-10-100-1-26,4,stat,2,0,"[{'name': 'pathname', 'type': 'const char*', 'value': '/proc/7757'}, {'name': 'statbuf', 'type': 'struct stat*', 'value': '0x7F2A44B3E680'}]",0,0
18769.583979,7784,1567,0,ps,ip-10-100-1-26,1005,security_file_open,4,0,"[{'name': 'pathname', 'type': 'const char*', 'value': '/proc/7757/stat'}, {'name': 'flags', 'type': 'int', 'value': 'O_RDONLY|O_LARGEFILE'}, {'name': 'dev', 'type': 'dev_t', 'value': 5}, {'name': 'inode', 'type': 'unsigned long', 'value': 127908}]",0,0
18769.584005,7784,1567,0,ps,ip-10-100-1-26,257,openat,4,9,"[{'name': 'dirfd', 'type': 'int', 'value': -100}, {'name': 'pathname', 'type': 'const char*', 'value': '/proc/7757/stat'}, {'name': 'flags', 'type': 'int', 'value': 'O_RDONLY'}, {'name': 'mode', 'type': 'int', 'value': 1151610539}]",0,0
18769.584034,7784,1567,0,ps,ip-10-100-1-26,3,close,1,0,"[{'name': 'fd', 'type': 'int', 'value': 9}]",0,0
18769.584089,7784,1567,0,ps,ip-10-100-1-26,257,openat,4,9,"[{'name': 'dirfd', 'type': 'int', 'value': -100}, {'name': 'pathname', 'type': 'const char*', 'value': '/proc/7757/status'}, {'name': 'flags', 'type': 'int', 'value': 'O_RDONLY'}, {'name': 'mode', 'type': 'int', 'value': 1151610539}]",0,0
18769.584063,7784,1567,0,ps,ip-10-100-1-26,1005,security_file_open,4,0,"[{'name': 'pathname', 'type': 'const char*', 'value': '/proc/7757/status'}, {'name': 'flags', 'type': 'int', 'value': 'O_RDONLY|O_LARGEFILE'}, {'name': 'dev', 'type': 'dev_t', 'value': 5}, {'name': 'inode', 'type': 'unsigned long', 'value': 127909}]",0,0
18769.58412,7784,1567,0,ps,ip-10-100-1-26,3,close,1,0,"[{'name': 'fd', 'type': 'int', 'value': 9}]",0,0
18769.584146,7784,1567,0,ps,ip-10-100-1-26,1005,security_file_open,4,0,"[{'name': 'pathname', 'type': 'const char*', 'value': '/proc/7757/cmdline'}, {'name': 'flags', 'type': 'int', 'value': 'O_RDONLY|O_LARGEFILE'}, {'name': 'dev', 'type': 'dev_t', 'value': 5}, {'name': 'inode', 'type': 'unsigned long', 'value': 127910}]",0,0
18769.584171,7784,1567,0,ps,ip-10-100-1-26,257,openat,4,9,"[{'name': 'dirfd', 'type': 'int', 'value': -100}, {'name': 'pathname', 'type': 'const char*', 'value': '/proc/7757/cmdline'}, {'name': 'flags', 'type': 'int', 'value': 'O_RDONLY'}, {'name': 'mode', 'type': 'int', 'value': 1151610539}]",0,0
18769.584196,7784,1567,0,ps,ip-10-100-1-26,3,close,1,0,"[{'name': 'fd', 'type': 'int', 'value': 9}]",0,0
18769.584223,7784,1567,0,ps,ip-10-100-1-26,4,stat,2,0,"[{'name': 'pathname', 'type': 'const char*', 'value': '/proc/7779'}, {'name': 'statbuf', 'type': 'struct stat*', 'value': '0x7F2A44B3E680'}]",0,0
18769.584272,7784,1567,0,ps,ip-10-100-1-26,257,openat,4,9,"[{'name': 'dirfd', 'type': 'int', 'value': -100}, {'name': 'pathname', 'type': 'const char*', 'value': '/proc/7779/stat'}, {'name': 'flags', 'type': 'int', 'value': 'O_RDONLY'}, {'name': 'mode', 'type': 'int', 'value': 1151610539}]",0,0
18769.584247,7784,1567,0,ps,ip-10-100-1-26,1005,security_file_open,4,0,"[{'name': 'pathname', 'type': 'const char*', 'value': '/proc/7779/stat'}, {'name': 'flags', 'type': 'int', 'value': 'O_RDONLY|O_LARGEFILE'}, {'name': 'dev', 'type': 'dev_t', 'value': 5}, {'name': 'inode', 'type': 'unsigned long', 'value': 127911}]",0,0
18769.584309,7784,1567,0,ps,ip-10-100-1-26,3,close,1,0,"[{'name': 'fd', 'type': 'int', 'value': 9}]",0,0
18769.615435,7784,1567,0,ps,ip-10-100-1-26,1005,security_file_open,4,0,"[{'name': 'pathname', 'type': 'const char*', 'value': '/proc/7779/status'}, {'name': 'flags', 'type': 'int', 'value': 'O_RDONLY|O_LARGEFILE'}, {'name': 'dev', 'type': 'dev_t', 'value': 5}, {'name': 'inode', 'type': 'unsigned long', 'value': 127912}]",0,0
18769.615481,7784,1567,0,ps,ip-10-100-1-26,257,openat,4,9,"[{'name': 'dirfd', 'type': 'int', 'value': -100}, {'name': 'pathname', 'type': 'const char*', 'value': '/proc/7779/status'}, {'name': 'flags', 'type': 'int', 'value': 'O_RDONLY'}, {'name': 'mode', 'type': 'int', 'value': 1151610539}]",0,0
18769.615524,7784,1567,0,ps,ip-10-100-1-26,3,close,1,0,"[{'name': 'fd', 'type': 'int', 'value': 9}]",0,0
18769.615567,7784,1567,0,ps,ip-10-100-1-26,1005,security_file_open,4,0,"[{'name': 'pathname', 'type': 'const char*', 'value': '/proc/7779/cmdline'}, {'name': 'flags', 'type': 'int', 'value': 'O_RDONLY|O_LARGEFILE'}, {'name': 'dev', 'type': 'dev_t', 'value': 5}, {'name': 'inode', 'type': 'unsigned long', 'value': 127913}]",0,0
18769.615595,7784,1567,0,ps,ip-10-100-1-26,257,openat,4,9,"[{'name': 'dirfd', 'type': 'int', 'value': -100}, {'name': 'pathname', 'type': 'const char*', 'value': '/proc/7779/cmdline'}, {'name': 'flags', 'type': 'int', 'value': 'O_RDONLY'}, {'name': 'mode', 'type': 'int', 'value': 1151610539}]",0,0
18769.61562,7784,1567,0,ps,ip-10-100-1-26,3,close,1,0,"[{'name': 'fd', 'type': 'int', 'value': 9}]",0,0
18769.615658,7784,1567,0,ps,ip-10-100-1-26,4,stat,2,0,"[{'name': 'pathname', 'type': 'const char*', 'value': '/proc/7784'}, {'name': 'statbuf', 'type': 'struct stat*', 'value': '0x7F2A44B3E680'}]",0,0
18769.615709,7784,1567,0,ps,ip-10-100-1-26,257,openat,4,9,"[{'name': 'dirfd', 'type': 'int', 'value': -100}, {'name': 'pathname', 'type': 'const char*', 'value': '/proc/7784/stat'}, {'name': 'flags', 'type': 'int', 'value': 'O_RDONLY'}, {'name': 'mode', 'type': 'int', 'value': 1151610539}]",0,0
18769.615741,7784,1567,0,ps,ip-10-100-1-26,3,close,1,0,"[{'name': 'fd', 'type': 'int', 'value': 9}]",0,0
18769.615772,7784,1567,0,ps,ip-10-100-1-26,1005,security_file_open,4,0,"[{'name': 'pathname', 'type': 'const char*', 'value': '/proc/7784/status'}, {'name': 'flags', 'type': 'int', 'value': 'O_RDONLY|O_LARGEFILE'}, {'name': 'dev', 'type': 'dev_t', 'value': 5}, {'name': 'inode', 'type': 'unsigned long', 'value': 127914}]",0,0
18769.615683,7784,1567,0,ps,ip-10-100-1-26,1005,security_file_open,4,0,"[{'name': 'pathname', 'type': 'const char*', 'value': '/proc/7784/stat'}, {'name': 'flags', 'type': 'int', 'value': 'O_RDONLY|O_LARGEFILE'}, {'name': 'dev', 'type': 'dev_t', 'value': 5}, {'name': 'inode', 'type': 'unsigned long', 'value': 127536}]",0,0
18769.615798,7784,1567,0,ps,ip-10-100-1-26,257,openat,4,9,"[{'name': 'dirfd', 'type': 'int', 'value': -100}, {'name': 'pathname', 'type': 'const char*', 'value': '/proc/7784/status'}, {'name': 'flags', 'type': 'int', 'value': 'O_RDONLY'}, {'name': 'mode', 'type': 'int', 'value': 1151610539}]",0,0
18769.615833,7784,1567,0,ps,ip-10-100-1-26,3,close,1,0,"[{'name': 'fd', 'type': 'int', 'value': 9}]",0,0
18769.61587,7784,1567,0,ps,ip-10-100-1-26,1005,security_file_open,4,0,"[{'name': 'pathname', 'type': 'const char*', 'value': '/proc/7784/cmdline'}, {'name': 'flags', 'type': 'int', 'value': 'O_RDONLY|O_LARGEFILE'}, {'name': 'dev', 'type': 'dev_t', 'value': 5}, {'name': 'inode', 'type': 'unsigned long', 'value': 127915}]",0,0
18769.615897,7784,1567,0,ps,ip-10-100-1-26,257,openat,4,9,"[{'name': 'dirfd', 'type': 'int', 'value': -100}, {'name': 'pathname', 'type': 'const char*', 'value': '/proc/7784/cmdline'}, {'name': 'flags', 'type': 'int', 'value': 'O_RDONLY'}, {'name': 'mode', 'type': 'int', 'value': 1151610539}]",0,0
18769.615932,7784,1567,0,ps,ip-10-100-1-26,3,close,1,0,"[{'name': 'fd', 'type': 'int', 'value': 9}]",0,0
18769.61596,7784,1567,0,ps,ip-10-100-1-26,217,getdents64,3,0,"[{'name': 'fd', 'type': 'int', 'value': 8}, {'name': 'dirp', 'type': 'struct linux_dirent64*', 'value': '0x564D1F317230'}, {'name': 'count', 'type': 'size_t', 'value': 32768}]",0,0
18769.615983,7784,1567,0,ps,ip-10-100-1-26,3,close,1,0,"[{'name': 'fd', 'type': 'int', 'value': 8}]",0,0
18769.620724,7784,1567,0,ps,ip-10-100-1-26,3,close,1,0,"[{'name': 'fd', 'type': 'int', 'value': 1}]",0,0
18769.620752,7784,1567,0,ps,ip-10-100-1-26,3,close,1,0,"[{'name': 'fd', 'type': 'int', 'value': 2}]",0,0
18769.620799,1516,1,0,amazon-ssm-agen,ip-10-100-1-26,3,close,1,0,"[{'name': 'fd', 'type': 'int', 'value': 14}]",0,0
18769.621366,7784,1567,0,ps,ip-10-100-1-26,1010,sched_process_exit,0,0,[],0,0
18787.886899,488,1,0,cron,ip-10-100-1-26,4,stat,2,0,"[{'name': 'pathname', 'type': 'const char*', 'value': '/etc/localtime'}, {'name': 'statbuf', 'type': 'struct stat*', 'value': '0x7FFE6DC752F0'}]",0,0
18787.887145,488,1,0,cron,ip-10-100-1-26,4,stat,2,0,"[{'name': 'pathname', 'type': 'const char*', 'value': 'crontabs'}, {'name': 'statbuf', 'type': 'struct stat*', 'value': '0x7FFE6DC730E0'}]",0,0
18787.88723,488,1,0,cron,ip-10-100-1-26,4,stat,2,0,"[{'name': 'pathname', 'type': 'const char*', 'value': '/etc/cron.d'}, {'name': 'statbuf', 'type': 'struct stat*', 'value': '0x7FFE6DC73200'}]",0,0
18787.887193,488,1,0,cron,ip-10-100-1-26,4,stat,2,0,"[{'name': 'pathname', 'type': 'const char*', 'value': '/etc/crontab'}, {'name': 'statbuf', 'type': 'struct stat*', 'value': '0x7FFE6DC73170'}]",0,0
18787.887267,488,1,0,cron,ip-10-100-1-26,4,stat,2,0,"[{'name': 'pathname', 'type': 'const char*', 'value': '/etc/cron.d/e2scrub_all'}, {'name': 'statbuf', 'type': 'struct stat*', 'value': '0x7FFE6DC73290'}]",0,0
18787.887448,488,1,0,cron,ip-10-100-1-26,4,stat,2,0,"[{'name': 'pathname', 'type': 'const char*', 'value': '/etc/cron.d/popularity-contest'}, {'name': 'statbuf', 'type': 'struct stat*', 'value': '0x7FFE6DC73290'}]",0,0
18820.120437,383,1,100,systemd-network,ip-10-100-1-26,41,socket,3,15,"[{'name': 'domain', 'type': 'int', 'value': 'AF_UNIX'}, {'name': 'type', 'type': 'int', 'value': 'SOCK_DGRAM|SOCK_CLOEXEC'}, {'name': 'protocol', 'type': 'int', 'value': 0}]",0,0
18820.120801,1,0,0,systemd,ip-10-100-1-26,1005,security_file_open,4,0,"[{'name': 'pathname', 'type': 'const char*', 'value': '/proc/383/cgroup'}, {'name': 'flags', 'type': 'int', 'value': 'O_RDONLY|O_LARGEFILE'}, {'name': 'dev', 'type': 'dev_t', 'value': 5}, {'name': 'inode', 'type': 'unsigned long', 'value': 127529}]",0,0
18820.12085,1,0,0,systemd,ip-10-100-1-26,257,openat,4,12,"[{'name': 'dirfd', 'type': 'int', 'value': -100}, {'name': 'pathname', 'type': 'const char*', 'value': '/proc/383/cgroup'}, {'name': 'flags', 'type': 'int', 'value': 'O_RDONLY|O_CLOEXEC'}, {'name': 'mode', 'type': 'int', 'value': 1640750884}]",0,0
18820.120878,1,0,0,systemd,ip-10-100-1-26,5,fstat,2,0,"[{'name': 'fd', 'type': 'int', 'value': 12}, {'name': 'statbuf', 'type': 'struct stat*', 'value': '0x7FFCEA3FFC20'}]",0,0
18820.121011,1,0,0,systemd,ip-10-100-1-26,3,close,1,0,"[{'name': 'fd', 'type': 'int', 'value': 12}]",0,0
18820.121283,383,1,100,systemd-network,ip-10-100-1-26,3,close,1,0,"[{'name': 'fd', 'type': 'int', 'value': 15}]",0,0
18821.74602,387,1,101,systemd-resolve,ip-10-100-1-26,41,socket,3,15,"[{'name': 'domain', 'type': 'int', 'value': 'AF_UNIX'}, {'name': 'type', 'type': 'int', 'value': 'SOCK_DGRAM|SOCK_CLOEXEC'}, {'name': 'protocol', 'type': 'int', 'value': 0}]",0,0
18821.746591,1,0,0,systemd,ip-10-100-1-26,1005,security_file_open,4,0,"[{'name': 'pathname', 'type': 'const char*', 'value': '/proc/309/cgroup'}, {'name': 'flags', 'type': 'int', 'value': 'O_RDONLY|O_LARGEFILE'}, {'name': 'dev', 'type': 'dev_t', 'value': 5}, {'name': 'inode', 'type': 'unsigned long', 'value': 127919}]",0,0
18821.746639,1,0,0,systemd,ip-10-100-1-26,257,openat,4,12,"[{'name': 'dirfd', 'type': 'int', 'value': -100}, {'name': 'pathname', 'type': 'const char*', 'value': '/proc/309/cgroup'}, {'name': 'flags', 'type': 'int', 'value': 'O_RDONLY|O_CLOEXEC'}, {'name': 'mode', 'type': 'int', 'value': 1640750884}]",0,0
18821.746669,1,0,0,systemd,ip-10-100-1-26,5,fstat,2,0,"[{'name': 'fd', 'type': 'int', 'value': 12}, {'name': 'statbuf', 'type': 'struct stat*', 'value': '0x7FFCEA3FFC20'}]",0,0
18821.746793,1,0,0,systemd,ip-10-100-1-26,3,close,1,0,"[{'name': 'fd', 'type': 'int', 'value': 12}]",0,0
18821.747134,1,0,0,systemd,ip-10-100-1-26,1005,security_file_open,4,0,"[{'name': 'pathname', 'type': 'const char*', 'value': '/proc/387/cgroup'}, {'name': 'flags', 'type': 'int', 'value': 'O_RDONLY|O_LARGEFILE'}, {'name': 'dev', 'type': 'dev_t', 'value': 5}, {'name': 'inode', 'type': 'unsigned long', 'value': 127920}]",0,0
18821.747169,1,0,0,systemd,ip-10-100-1-26,257,openat,4,12,"[{'name': 'dirfd', 'type': 'int', 'value': -100}, {'name': 'pathname', 'type': 'const char*', 'value': '/proc/387/cgroup'}, {'name': 'flags', 'type': 'int', 'value': 'O_RDONLY|O_CLOEXEC'}, {'name': 'mode', 'type': 'int', 'value': 1640750884}]",0,0
18821.747202,1,0,0,systemd,ip-10-100-1-26,5,fstat,2,0,"[{'name': 'fd', 'type': 'int', 'value': 12}, {'name': 'statbuf', 'type': 'struct stat*', 'value': '0x7FFCEA3FFC20'}]",0,0
18821.747311,1,0,0,systemd,ip-10-100-1-26,3,close,1,0,"[{'name': 'fd', 'type': 'int', 'value': 12}]",0,0
18821.747491,387,1,101,systemd-resolve,ip-10-100-1-26,3,close,1,0,"[{'name': 'fd', 'type': 'int', 'value': 15}]",0,0
18830.176639,7049,1,0,sshd,ip-10-100-1-26,43,accept,3,5,"[{'name': 'sockfd', 'type': 'int', 'value': 3}, {'name': 'addr', 'type': 'const void*', 'value': ""{'sa_family': 'AF_INET','sin_port': '32090','sin_addr': '81.161.63.100'}""}, {'name': 'addrlen', 'type': 'int*', 'value': '0x7FFD7E2E3328'}]",0,0
18830.177408,7049,1,0,sshd,ip-10-100-1-26,56,clone,5,7785,"[{'name': 'flags', 'type': 'unsigned int', 'value': 'CLONE_CHILD_CLEARTID|CLONE_CHILD_SETTID'}, {'name': 'stack', 'type': 'void*', 'value': '0x0'}, {'name': 'parent_tid', 'type': 'int*', 'value': '0x0'}, {'name': 'child_tid', 'type': 'int*', 'value': '0x7F0E18CDE0BF'}, {'name': 'tls', 'type': 'unsigned long', 'value': 0}]",0,0
18830.177582,7049,1,0,sshd,ip-10-100-1-26,3,close,1,0,"[{'name': 'fd', 'type': 'int', 'value': 7}]",0,0
18830.177993,7049,1,0,sshd,ip-10-100-1-26,3,close,1,0,"[{'name': 'fd', 'type': 'int', 'value': 8}]",0,0
18830.178028,7049,1,0,sshd,ip-10-100-1-26,3,close,1,0,"[{'name': 'fd', 'type': 'int', 'value': 9}]",0,0
18830.178061,7049,1,0,sshd,ip-10-100-1-26,3,close,1,0,"[{'name': 'fd', 'type': 'int', 'value': 5}]",0,0
18830.178577,7785,7049,0,sshd,ip-10-100-1-26,1005,security_file_open,4,0,"[{'name': 'pathname', 'type': 'const char*', 'value': '/proc/7785/oom_score_adj'}, {'name': 'flags', 'type': 'int', 'value': 'O_WRONLY|O_CREAT|O_TRUNC|O_LARGEFILE'}, {'name': 'dev', 'type': 'dev_t', 'value': 5}, {'name': 'inode', 'type': 'unsigned long', 'value': 127926}]",0,0
18830.178651,7785,7049,0,sshd,ip-10-100-1-26,257,openat,4,10,"[{'name': 'dirfd', 'type': 'int', 'value': -100}, {'name': 'pathname', 'type': 'const char*', 'value': '/proc/self/oom_score_adj'}, {'name': 'flags', 'type': 'int', 'value': 'O_WRONLY|O_CREAT|O_TRUNC'}, {'name': 'mode', 'type': 'int', 'value': 416321195}]",0,0
18830.178701,7785,7049,0,sshd,ip-10-100-1-26,5,fstat,2,0,"[{'name': 'fd', 'type': 'int', 'value': 10}, {'name': 'statbuf', 'type': 'struct stat*', 'value': '0x7FFD7E2E2B00'}]",0,0
18830.178831,7785,7049,0,sshd,ip-10-100-1-26,3,close,1,0,"[{'name': 'fd', 'type': 'int', 'value': 10}]",0,0
18830.178873,7785,7049,0,sshd,ip-10-100-1-26,3,close,1,0,"[{'name': 'fd', 'type': 'int', 'value': 6}]",0,0
18830.178908,7785,7049,0,sshd,ip-10-100-1-26,3,close,1,0,"[{'name': 'fd', 'type': 'int', 'value': 3}]",0,0
18830.178939,7785,7049,0,sshd,ip-10-100-1-26,3,close,1,0,"[{'name': 'fd', 'type': 'int', 'value': 4}]",0,0
18830.179007,7785,7049,0,sshd,ip-10-100-1-26,3,close,1,0,"[{'name': 'fd', 'type': 'int', 'value': 8}]",0,0
18830.179086,7785,7049,0,sshd,ip-10-100-1-26,33,dup2,2,0,"[{'name': 'oldfd', 'type': 'int', 'value': 5}, {'name': 'newfd', 'type': 'int', 'value': 0}]",0,0
18830.179123,7785,7049,0,sshd,ip-10-100-1-26,33,dup2,2,1,"[{'name': 'oldfd', 'type': 'int', 'value': 0}, {'name': 'newfd', 'type': 'int', 'value': 1}]",0,0
18830.179175,7785,7049,0,sshd,ip-10-100-1-26,33,dup2,2,4,"[{'name': 'oldfd', 'type': 'int', 'value': 7}, {'name': 'newfd', 'type': 'int', 'value': 4}]",0,0
18830.179206,7785,7049,0,sshd,ip-10-100-1-26,3,close,1,0,"[{'name': 'fd', 'type': 'int', 'value': 7}]",0,0
18830.179237,7785,7049,0,sshd,ip-10-100-1-26,33,dup2,2,5,"[{'name': 'oldfd', 'type': 'int', 'value': 9}, {'name': 'newfd', 'type': 'int', 'value': 5}]",0,0
18830.179268,7785,7049,0,sshd,ip-10-100-1-26,3,close,1,0,"[{'name': 'fd', 'type': 'int', 'value': 9}]",0,0
18830.179298,7785,7049,0,sshd,ip-10-100-1-26,59,execve,2,0,"[{'name': 'pathname', 'type': 'const char*', 'value': '/usr/sbin/sshd'}, {'name': 'argv', 'type': 'const char*const*', 'value': ['/usr/sbin/sshd', '-D', '-o', 'AuthorizedKeysCommand /usr/share/ec2-instance-connect/eic_run_authorized_keys %u %f', '-o', 'AuthorizedKeysCommandUser ec2-instance-connect', '-R']}]",0,0
18830.179395,7785,7049,0,sshd,ip-10-100-1-26,1004,security_bprm_check,3,0,"[{'name': 'pathname', 'type': 'const char*', 'value': '/usr/sbin/sshd'}, {'name': 'dev', 'type': 'dev_t', 'value': 211812353}, {'name': 'inode', 'type': 'unsigned long', 'value': 2803}]",0,0
18830.180225,7785,7049,0,sshd,ip-10-100-1-26,21,access,2,-2,"[{'name': 'pathname', 'type': 'const char*', 'value': '/etc/ld.so.preload'}, {'name': 'mode', 'type': 'int', 'value': 'R_OK'}]",0,0
18830.180359,7785,7049,0,sshd,ip-10-100-1-26,257,openat,4,3,"[{'name': 'dirfd', 'type': 'int', 'value': -100}, {'name': 'pathname', 'type': 'const char*', 'value': '/etc/ld.so.cache'}, {'name': 'flags', 'type': 'int', 'value': 'O_RDONLY|O_CLOEXEC'}, {'name': 'mode', 'type': 'int', 'value': 4137824088}]",0,0
18830.180391,7785,7049,0,sshd,ip-10-100-1-26,5,fstat,2,0,"[{'name': 'fd', 'type': 'int', 'value': 3}, {'name': 'statbuf', 'type': 'struct stat*', 'value': '0x7FFF705E5EA0'}]",0,0
18830.180288,7785,7049,0,sshd,ip-10-100-1-26,1005,security_file_open,4,0,"[{'name': 'pathname', 'type': 'const char*', 'value': '/etc/ld.so.cache'}, {'name': 'flags', 'type': 'int', 'value': 'O_RDONLY|O_LARGEFILE'}, {'name': 'dev', 'type': 'dev_t', 'value': 211812353}, {'name': 'inode', 'type': 'unsigned long', 'value': 62957}]",0,0
18830.180473,7785,7049,0,sshd,ip-10-100-1-26,1005,security_file_open,4,0,"[{'name': 'pathname', 'type': 'const char*', 'value': '/usr/lib/x86_64-linux-gnu/libwrap.so.0.7.6'}, {'name': 'flags', 'type': 'int', 'value': 'O_RDONLY|O_LARGEFILE'}, {'name': 'dev', 'type': 'dev_t', 'value': 211812353}, {'name': 'inode', 'type': 'unsigned long', 'value': 5595}]",0,0
18830.180432,7785,7049,0,sshd,ip-10-100-1-26,3,close,1,0,"[{'name': 'fd', 'type': 'int', 'value': 3}]",0,0
18830.180543,7785,7049,0,sshd,ip-10-100-1-26,257,openat,4,3,"[{'name': 'dirfd', 'type': 'int', 'value': -100}, {'name': 'pathname', 'type': 'const char*', 'value': '/lib/x86_64-linux-gnu/libwrap.so.0'}, {'name': 'flags', 'type': 'int', 'value': 'O_RDONLY|O_CLOEXEC'}, {'name': 'mode', 'type': 'int', 'value': 4137824088}]",0,0
18830.180588,7785,7049,0,sshd,ip-10-100-1-26,5,fstat,2,0,"[{'name': 'fd', 'type': 'int', 'value': 3}, {'name': 'statbuf', 'type': 'struct stat*', 'value': '0x7FFF705E5EF0'}]",0,0
18830.180731,7785,7049,0,sshd,ip-10-100-1-26,3,close,1,0,"[{'name': 'fd', 'type': 'int', 'value': 3}]",0,0
18830.180777,7785,7049,0,sshd,ip-10-100-1-26,1005,security_file_open,4,0,"[{'name': 'pathname', 'type': 'const char*', 'value': '/usr/lib/x86_64-linux-gnu/libaudit.so.1.0.0'}, {'name': 'flags', 'type': 'int', 'value': 'O_RDONLY|O_LARGEFILE'}, {'name': 'dev', 'type': 'dev_t', 'value': 211812353}, {'name': 'inode', 'type': 'unsigned long', 'value': 3428}]",0,0
18830.180818,7785,7049,0,sshd,ip-10-100-1-26,257,openat,4,3,"[{'name': 'dirfd', 'type': 'int', 'value': -100}, {'name': 'pathname', 'type': 'const char*', 'value': '/lib/x86_64-linux-gnu/libaudit.so.1'}, {'name': 'flags', 'type': 'int', 'value': 'O_RDONLY|O_CLOEXEC'}, {'name': 'mode', 'type': 'int', 'value': 4137824088}]",0,0
18830.180864,7785,7049,0,sshd,ip-10-100-1-26,5,fstat,2,0,"[{'name': 'fd', 'type': 'int', 'value': 3}, {'name': 'statbuf', 'type': 'struct stat*', 'value': '0x7FFF705E5ED0'}]",0,0
18830.180988,7785,7049,0,sshd,ip-10-100-1-26,3,close,1,0,"[{'name': 'fd', 'type': 'int', 'value': 3}]",0,0
18830.181033,7785,7049,0,sshd,ip-10-100-1-26,1005,security_file_open,4,0,"[{'name': 'pathname', 'type': 'const char*', 'value': '/usr/lib/x86_64-linux-gnu/libpam.so.0.84.2'}, {'name': 'flags', 'type': 'int', 'value': 'O_RDONLY|O_LARGEFILE'}, {'name': 'dev', 'type': 'dev_t', 'value': 211812353}, {'name': 'inode', 'type': 'unsigned long', 'value': 4482}]",0,0
18830.181095,7785,7049,0,sshd,ip-10-100-1-26,257,openat,4,3,"[{'name': 'dirfd', 'type': 'int', 'value': -100}, {'name': 'pathname', 'type': 'const char*', 'value': '/lib/x86_64-linux-gnu/libpam.so.0'}, {'name': 'flags', 'type': 'int', 'value': 'O_RDONLY|O_CLOEXEC'}, {'name': 'mode', 'type': 'int', 'value': 4137824088}]",0,0
18830.181223,7785,7049,0,sshd,ip-10-100-1-26,3,close,1,0,"[{'name': 'fd', 'type': 'int', 'value': 3}]",0,0
18830.181132,7785,7049,0,sshd,ip-10-100-1-26,5,fstat,2,0,"[{'name': 'fd', 'type': 'int', 'value': 3}, {'name': 'statbuf', 'type': 'struct stat*', 'value': '0x7FFF705E5EB0'}]",0,0
18830.181289,7785,7049,0,sshd,ip-10-100-1-26,1005,security_file_open,4,0,"[{'name': 'pathname', 'type': 'const char*', 'value': '/usr/lib/x86_64-linux-gnu/libselinux.so.1'}, {'name': 'flags', 'type': 'int', 'value': 'O_RDONLY|O_LARGEFILE'}, {'name': 'dev', 'type': 'dev_t', 'value': 211812353}, {'name': 'inode', 'type': 'unsigned long', 'value': 3771}]",0,0
18830.18133,7785,7049,0,sshd,ip-10-100-1-26,257,openat,4,3,"[{'name': 'dirfd', 'type': 'int', 'value': -100}, {'name': 'pathname', 'type': 'const char*', 'value': '/lib/x86_64-linux-gnu/libselinux.so.1'}, {'name': 'flags', 'type': 'int', 'value': 'O_RDONLY|O_CLOEXEC'}, {'name': 'mode', 'type': 'int', 'value': 4137824088}]",0,0
18830.181504,7785,7049,0,sshd,ip-10-100-1-26,3,close,1,0,"[{'name': 'fd', 'type': 'int', 'value': 3}]",0,0
18830.181549,7785,7049,0,sshd,ip-10-100-1-26,1005,security_file_open,4,0,"[{'name': 'pathname', 'type': 'const char*', 'value': '/usr/lib/x86_64-linux-gnu/libsystemd.so.0.28.0'}, {'name': 'flags', 'type': 'int', 'value': 'O_RDONLY|O_LARGEFILE'}, {'name': 'dev', 'type': 'dev_t', 'value': 211812353}, {'name': 'inode', 'type': 'unsigned long', 'value': 4508}]",0,0
18830.181367,7785,7049,0,sshd,ip-10-100-1-26,5,fstat,2,0,"[{'name': 'fd', 'type': 'int', 'value': 3}, {'name': 'statbuf', 'type': 'struct stat*', 'value': '0x7FFF705E5E90'}]",0,0
18830.18159,7785,7049,0,sshd,ip-10-100-1-26,257,openat,4,3,"[{'name': 'dirfd', 'type': 'int', 'value': -100}, {'name': 'pathname', 'type': 'const char*', 'value': '/lib/x86_64-linux-gnu/libsystemd.so.0'}, {'name': 'flags', 'type': 'int', 'value': 'O_RDONLY|O_CLOEXEC'}, {'name': 'mode', 'type': 'int', 'value': 4137824088}]",0,0
18830.181647,7785,7049,0,sshd,ip-10-100-1-26,5,fstat,2,0,"[{'name': 'fd', 'type': 'int', 'value': 3}, {'name': 'statbuf', 'type': 'struct stat*', 'value': '0x7FFF705E5E70'}]",0,0
18830.181749,7785,7049,0,sshd,ip-10-100-1-26,3,close,1,0,"[{'name': 'fd', 'type': 'int', 'value': 3}]",0,0
18830.185686,7785,7049,0,sshd,ip-10-100-1-26,1005,security_file_open,4,0,"[{'name': 'pathname', 'type': 'const char*', 'value': '/usr/lib/x86_64-linux-gnu/libcrypto.so.1.1'}, {'name': 'flags', 'type': 'int', 'value': 'O_RDONLY|O_LARGEFILE'}, {'name': 'dev', 'type': 'dev_t', 'value': 211812353}, {'name': 'inode', 'type': 'unsigned long', 'value': 4492}]",0,0
18830.18579,7785,7049,0,sshd,ip-10-100-1-26,257,openat,4,3,"[{'name': 'dirfd', 'type': 'int', 'value': -100}, {'name': 'pathname', 'type': 'const char*', 'value': '/lib/x86_64-linux-gnu/libcrypto.so.1.1'}, {'name': 'flags', 'type': 'int', 'value': 'O_RDONLY|O_CLOEXEC'}, {'name': 'mode', 'type': 'int', 'value': 4137824088}]",0,0
18830.188951,7785,7049,0,sshd,ip-10-100-1-26,5,fstat,2,0,"[{'name': 'fd', 'type': 'int', 'value': 3}, {'name': 'statbuf', 'type': 'struct stat*', 'value': '0x7FFF705E5E50'}]",0,0
18830.189133,7785,7049,0,sshd,ip-10-100-1-26,3,close,1,0,"[{'name': 'fd', 'type': 'int', 'value': 3}]",0,0
18830.192831,7785,7049,0,sshd,ip-10-100-1-26,1005,security_file_open,4,0,"[{'name': 'pathname', 'type': 'const char*', 'value': '/usr/lib/x86_64-linux-gnu/libutil-2.31.so'}, {'name': 'flags', 'type': 'int', 'value': 'O_RDONLY|O_LARGEFILE'}, {'name': 'dev', 'type': 'dev_t', 'value': 211812353}, {'name': 'inode', 'type': 'unsigned long', 'value': 4649}]",0,0
18830.193202,7785,7049,0,sshd,ip-10-100-1-26,257,openat,4,3,"[{'name': 'dirfd', 'type': 'int', 'value': -100}, {'name': 'pathname', 'type': 'const char*', 'value': '/lib/x86_64-linux-gnu/libutil.so.1'}, {'name': 'flags', 'type': 'int', 'value': 'O_RDONLY|O_CLOEXEC'}, {'name': 'mode', 'type': 'int', 'value': 4137824088}]",0,0
18830.193248,7785,7049,0,sshd,ip-10-100-1-26,5,fstat,2,0,"[{'name': 'fd', 'type': 'int', 'value': 3}, {'name': 'statbuf', 'type': 'struct stat*', 'value': '0x7FFF705E5E30'}]",0,0
18830.193433,7785,7049,0,sshd,ip-10-100-1-26,3,close,1,0,"[{'name': 'fd', 'type': 'int', 'value': 3}]",0,0
18830.193811,7785,7049,0,sshd,ip-10-100-1-26,1005,security_file_open,4,0,"[{'name': 'pathname', 'type': 'const char*', 'value': '/usr/lib/x86_64-linux-gnu/libz.so.1.2.11'}, {'name': 'flags', 'type': 'int', 'value': 'O_RDONLY|O_LARGEFILE'}, {'name': 'dev', 'type': 'dev_t', 'value': 211812353}, {'name': 'inode', 'type': 'unsigned long', 'value': 4507}]",0,0
18830.193922,7785,7049,0,sshd,ip-10-100-1-26,257,openat,4,3,"[{'name': 'dirfd', 'type': 'int', 'value': -100}, {'name': 'pathname', 'type': 'const char*', 'value': '/lib/x86_64-linux-gnu/libz.so.1'}, {'name': 'flags', 'type': 'int', 'value': 'O_RDONLY|O_CLOEXEC'}, {'name': 'mode', 'type': 'int', 'value': 4137824088}]",0,0
18830.194103,7785,7049,0,sshd,ip-10-100-1-26,5,fstat,2,0,"[{'name': 'fd', 'type': 'int', 'value': 3}, {'name': 'statbuf', 'type': 'struct stat*', 'value': '0x7FFF705E5E10'}]",0,0
18830.19598,7785,7049,0,sshd,ip-10-100-1-26,3,close,1,0,"[{'name': 'fd', 'type': 'int', 'value': 3}]",0,0
18830.196046,7785,7049,0,sshd,ip-10-100-1-26,1005,security_file_open,4,0,"[{'name': 'pathname', 'type': 'const char*', 'value': '/usr/lib/x86_64-linux-gnu/libcrypt.so.1.1.0'}, {'name': 'flags', 'type': 'int', 'value': 'O_RDONLY|O_LARGEFILE'}, {'name': 'dev', 'type': 'dev_t', 'value': 211812353}, {'name': 'inode', 'type': 'unsigned long', 'value': 3410}]",0,0
18830.196868,7785,7049,0,sshd,ip-10-100-1-26,5,fstat,2,0,"[{'name': 'fd', 'type': 'int', 'value': 3}, {'name': 'statbuf', 'type': 'struct stat*', 'value': '0x7FFF705E5DF0'}]",0,0
18830.19698,7785,7049,0,sshd,ip-10-100-1-26,3,close,1,0,"[{'name': 'fd', 'type': 'int', 'value': 3}]",0,0
18830.196701,7785,7049,0,sshd,ip-10-100-1-26,257,openat,4,3,"[{'name': 'dirfd', 'type': 'int', 'value': -100}, {'name': 'pathname', 'type': 'const char*', 'value': '/lib/x86_64-linux-gnu/libcrypt.so.1'}, {'name': 'flags', 'type': 'int', 'value': 'O_RDONLY|O_CLOEXEC'}, {'name': 'mode', 'type': 'int', 'value': 4137824088}]",0,0
18830.197698,7785,7049,0,sshd,ip-10-100-1-26,1005,security_file_open,4,0,"[{'name': 'pathname', 'type': 'const char*', 'value': '/usr/lib/x86_64-linux-gnu/libgssapi_krb5.so.2.2'}, {'name': 'flags', 'type': 'int', 'value': 'O_RDONLY|O_LARGEFILE'}, {'name': 'dev', 'type': 'dev_t', 'value': 211812353}, {'name': 'inode', 'type': 'unsigned long', 'value': 5209}]",0,0
18830.19796,7785,7049,0,sshd,ip-10-100-1-26,257,openat,4,3,"[{'name': 'dirfd', 'type': 'int', 'value': -100}, {'name': 'pathname', 'type': 'const char*', 'value': '/lib/x86_64-linux-gnu/libgssapi_krb5.so.2'}, {'name': 'flags', 'type': 'int', 'value': 'O_RDONLY|O_CLOEXEC'}, {'name': 'mode', 'type': 'int', 'value': 4137824088}]",0,0
18830.198276,7785,7049,0,sshd,ip-10-100-1-26,5,fstat,2,0,"[{'name': 'fd', 'type': 'int', 'value': 3}, {'name': 'statbuf', 'type': 'struct stat*', 'value': '0x7FFF705E5DD0'}]",0,0
18830.198569,7785,7049,0,sshd,ip-10-100-1-26,3,close,1,0,"[{'name': 'fd', 'type': 'int', 'value': 3}]",0,0
18830.19898,7785,7049,0,sshd,ip-10-100-1-26,1005,security_file_open,4,0,"[{'name': 'pathname', 'type': 'const char*', 'value': '/usr/lib/x86_64-linux-gnu/libkrb5.so.3.3'}, {'name': 'flags', 'type': 'int', 'value': 'O_RDONLY|O_LARGEFILE'}, {'name': 'dev', 'type': 'dev_t', 'value': 211812353}, {'name': 'inode', 'type': 'unsigned long', 'value': 5207}]",0,0
18830.199108,7785,7049,0,sshd,ip-10-100-1-26,257,openat,4,3,"[{'name': 'dirfd', 'type': 'int', 'value': -100}, {'name': 'pathname', 'type': 'const char*', 'value': '/lib/x86_64-linux-gnu/libkrb5.so.3'}, {'name': 'flags', 'type': 'int', 'value': 'O_RDONLY|O_CLOEXEC'}, {'name': 'mode', 'type': 'int', 'value': 4137824088}]",0,0
18830.199368,7785,7049,0,sshd,ip-10-100-1-26,5,fstat,2,0,"[{'name': 'fd', 'type': 'int', 'value': 3}, {'name': 'statbuf', 'type': 'struct stat*', 'value': '0x7FFF705E5DB0'}]",0,0
18830.199514,7785,7049,0,sshd,ip-10-100-1-26,3,close,1,0,"[{'name': 'fd', 'type': 'int', 'value': 3}]",0,0
18830.200054,7785,7049,0,sshd,ip-10-100-1-26,1005,security_file_open,4,0,"[{'name': 'pathname', 'type': 'const char*', 'value': '/usr/lib/x86_64-linux-gnu/libcom_err.so.2.1'}, {'name': 'flags', 'type': 'int', 'value': 'O_RDONLY|O_LARGEFILE'}, {'name': 'dev', 'type': 'dev_t', 'value': 211812353}, {'name': 'inode', 'type': 'unsigned long', 'value': 3408}]",0,0
18830.200123,7785,7049,0,sshd,ip-10-100-1-26,257,openat,4,3,"[{'name': 'dirfd', 'type': 'int', 'value': -100}, {'name': 'pathname', 'type': 'const char*', 'value': '/lib/x86_64-linux-gnu/libcom_err.so.2'}, {'name': 'flags', 'type': 'int', 'value': 'O_RDONLY|O_CLOEXEC'}, {'name': 'mode', 'type': 'int', 'value': 4137824088}]",0,0
18830.200186,7785,7049,0,sshd,ip-10-100-1-26,5,fstat,2,0,"[{'name': 'fd', 'type': 'int', 'value': 3}, {'name': 'statbuf', 'type': 'struct stat*', 'value': '0x7FFF705E5D90'}]",0,0
18830.200371,7785,7049,0,sshd,ip-10-100-1-26,3,close,1,0,"[{'name': 'fd', 'type': 'int', 'value': 3}]",0,0
18830.200652,7785,7049,0,sshd,ip-10-100-1-26,1005,security_file_open,4,0,"[{'name': 'pathname', 'type': 'const char*', 'value': '/usr/lib/x86_64-linux-gnu/libc-2.31.so'}, {'name': 'flags', 'type': 'int', 'value': 'O_RDONLY|O_LARGEFILE'}, {'name': 'dev', 'type': 'dev_t', 'value': 211812353}, {'name': 'inode', 'type': 'unsigned long', 'value': 4632}]",0,0
18830.200882,7785,7049,0,sshd,ip-10-100-1-26,257,openat,4,3,"[{'name': 'dirfd', 'type': 'int', 'value': -100}, {'name': 'pathname', 'type': 'const char*', 'value': '/lib/x86_64-linux-gnu/libc.so.6'}, {'name': 'flags', 'type': 'int', 'value': 'O_RDONLY|O_CLOEXEC'}, {'name': 'mode', 'type': 'int', 'value': 4137824088}]",0,0
18830.201457,7785,7049,0,sshd,ip-10-100-1-26,3,close,1,0,"[{'name': 'fd', 'type': 'int', 'value': 3}]",0,0
18830.201086,7785,7049,0,sshd,ip-10-100-1-26,5,fstat,2,0,"[{'name': 'fd', 'type': 'int', 'value': 3}, {'name': 'statbuf', 'type': 'struct stat*', 'value': '0x7FFF705E5D70'}]",0,0
18830.201773,7785,7049,0,sshd,ip-10-100-1-26,1005,security_file_open,4,0,"[{'name': 'pathname', 'type': 'const char*', 'value': '/usr/lib/x86_64-linux-gnu/libnsl-2.31.so'}, {'name': 'flags', 'type': 'int', 'value': 'O_RDONLY|O_LARGEFILE'}, {'name': 'dev', 'type': 'dev_t', 'value': 211812353}, {'name': 'inode', 'type': 'unsigned long', 'value': 4637}]",0,0
18830.202058,7785,7049,0,sshd,ip-10-100-1-26,257,openat,4,3,"[{'name': 'dirfd', 'type': 'int', 'value': -100}, {'name': 'pathname', 'type': 'const char*', 'value': '/lib/x86_64-linux-gnu/libnsl.so.1'}, {'name': 'flags', 'type': 'int', 'value': 'O_RDONLY|O_CLOEXEC'}, {'name': 'mode', 'type': 'int', 'value': 4137824088}]",0,0
18830.202123,7785,7049,0,sshd,ip-10-100-1-26,5,fstat,2,0,"[{'name': 'fd', 'type': 'int', 'value': 3}, {'name': 'statbuf', 'type': 'struct stat*', 'value': '0x7FFF705E5D50'}]",0,0
18830.20225,7785,7049,0,sshd,ip-10-100-1-26,3,close,1,0,"[{'name': 'fd', 'type': 'int', 'value': 3}]",0,0
18830.205024,7785,7049,0,sshd,ip-10-100-1-26,1005,security_file_open,4,0,"[{'name': 'pathname', 'type': 'const char*', 'value': '/usr/lib/x86_64-linux-gnu/libcap-ng.so.0.0.0'}, {'name': 'flags', 'type': 'int', 'value': 'O_RDONLY|O_LARGEFILE'}, {'name': 'dev', 'type': 'dev_t', 'value': 211812353}, {'name': 'inode', 'type': 'unsigned long', 'value': 3406}]",0,0
18830.206196,7785,7049,0,sshd,ip-10-100-1-26,257,openat,4,3,"[{'name': 'dirfd', 'type': 'int', 'value': -100}, {'name': 'pathname', 'type': 'const char*', 'value': '/lib/x86_64-linux-gnu/libcap-ng.so.0'}, {'name': 'flags', 'type': 'int', 'value': 'O_RDONLY|O_CLOEXEC'}, {'name': 'mode', 'type': 'int', 'value': 4137824088}]",0,0
18830.206385,7785,7049,0,sshd,ip-10-100-1-26,3,close,1,0,"[{'name': 'fd', 'type': 'int', 'value': 3}]",0,0
18830.206243,7785,7049,0,sshd,ip-10-100-1-26,5,fstat,2,0,"[{'name': 'fd', 'type': 'int', 'value': 3}, {'name': 'statbuf', 'type': 'struct stat*', 'value': '0x7FFF705E5D30'}]",0,0
18830.206577,7785,7049,0,sshd,ip-10-100-1-26,1005,security_file_open,4,0,"[{'name': 'pathname', 'type': 'const char*', 'value': '/usr/lib/x86_64-linux-gnu/libdl-2.31.so'}, {'name': 'flags', 'type': 'int', 'value': 'O_RDONLY|O_LARGEFILE'}, {'name': 'dev', 'type': 'dev_t', 'value': 211812353}, {'name': 'inode', 'type': 'unsigned long', 'value': 4633}]",0,0
18830.206648,7785,7049,0,sshd,ip-10-100-1-26,257,openat,4,3,"[{'name': 'dirfd', 'type': 'int', 'value': -100}, {'name': 'pathname', 'type': 'const char*', 'value': '/lib/x86_64-linux-gnu/libdl.so.2'}, {'name': 'flags', 'type': 'int', 'value': 'O_RDONLY|O_CLOEXEC'}, {'name': 'mode', 'type': 'int', 'value': 4137824088}]",0,0
18830.206879,7785,7049,0,sshd,ip-10-100-1-26,5,fstat,2,0,"[{'name': 'fd', 'type': 'int', 'value': 3}, {'name': 'statbuf', 'type': 'struct stat*', 'value': '0x7FFF705E5D10'}]",0,0
18830.207183,7785,7049,0,sshd,ip-10-100-1-26,3,close,1,0,"[{'name': 'fd', 'type': 'int', 'value': 3}]",0,0
18830.207253,7785,7049,0,sshd,ip-10-100-1-26,1005,security_file_open,4,0,"[{'name': 'pathname', 'type': 'const char*', 'value': '/usr/lib/x86_64-linux-gnu/libpcre2-8.so.0.9.0'}, {'name': 'flags', 'type': 'int', 'value': 'O_RDONLY|O_LARGEFILE'}, {'name': 'dev', 'type': 'dev_t', 'value': 211812353}, {'name': 'inode', 'type': 'unsigned long', 'value': 3765}]",0,0
18830.207614,7785,7049,0,sshd,ip-10-100-1-26,257,openat,4,3,"[{'name': 'dirfd', 'type': 'int', 'value': -100}, {'name': 'pathname', 'type': 'const char*', 'value': '/lib/x86_64-linux-gnu/libpcre2-8.so.0'}, {'name': 'flags', 'type': 'int', 'value': 'O_RDONLY|O_CLOEXEC'}, {'name': 'mode', 'type': 'int', 'value': 4137824088}]",0,0
18830.20767,7785,7049,0,sshd,ip-10-100-1-26,5,fstat,2,0,"[{'name': 'fd', 'type': 'int', 'value': 3}, {'name': 'statbuf', 'type': 'struct stat*', 'value': '0x7FFF705E5CF0'}]",0,0
18830.207765,7785,7049,0,sshd,ip-10-100-1-26,3,close,1,0,"[{'name': 'fd', 'type': 'int', 'value': 3}]",0,0
18830.208217,7785,7049,0,sshd,ip-10-100-1-26,1005,security_file_open,4,0,"[{'name': 'pathname', 'type': 'const char*', 'value': '/usr/lib/x86_64-linux-gnu/librt-2.31.so'}, {'name': 'flags', 'type': 'int', 'value': 'O_RDONLY|O_LARGEFILE'}, {'name': 'dev', 'type': 'dev_t', 'value': 211812353}, {'name': 'inode', 'type': 'unsigned long', 'value': 4647}]",0,0
18830.208279,7785,7049,0,sshd,ip-10-100-1-26,257,openat,4,3,"[{'name': 'dirfd', 'type': 'int', 'value': -100}, {'name': 'pathname', 'type': 'const char*', 'value': '/lib/x86_64-linux-gnu/librt.so.1'}, {'name': 'flags', 'type': 'int', 'value': 'O_RDONLY|O_CLOEXEC'}, {'name': 'mode', 'type': 'int', 'value': 4137824088}]",0,0
18830.208498,7785,7049,0,sshd,ip-10-100-1-26,5,fstat,2,0,"[{'name': 'fd', 'type': 'int', 'value': 3}, {'name': 'statbuf', 'type': 'struct stat*', 'value': '0x7FFF705E5CB0'}]",0,0
18830.209055,7785,7049,0,sshd,ip-10-100-1-26,1005,security_file_open,4,0,"[{'name': 'pathname', 'type': 'const char*', 'value': '/usr/lib/x86_64-linux-gnu/liblzma.so.5.2.4'}, {'name': 'flags', 'type': 'int', 'value': 'O_RDONLY|O_LARGEFILE'}, {'name': 'dev', 'type': 'dev_t', 'value': 211812353}, {'name': 'inode', 'type': 'unsigned long', 'value': 3696}]",0,0
18830.208892,7785,7049,0,sshd,ip-10-100-1-26,3,close,1,0,"[{'name': 'fd', 'type': 'int', 'value': 3}]",0,0
18830.211822,7785,7049,0,sshd,ip-10-100-1-26,3,close,1,0,"[{'name': 'fd', 'type': 'int', 'value': 3}]",0,0
18830.212032,7785,7049,0,sshd,ip-10-100-1-26,1005,security_file_open,4,0,"[{'name': 'pathname', 'type': 'const char*', 'value': '/usr/lib/x86_64-linux-gnu/liblz4.so.1.9.2'}, {'name': 'flags', 'type': 'int', 'value': 'O_RDONLY|O_LARGEFILE'}, {'name': 'dev', 'type': 'dev_t', 'value': 211812353}, {'name': 'inode', 'type': 'unsigned long', 'value': 3701}]",0,0
18830.212138,7785,7049,0,sshd,ip-10-100-1-26,257,openat,4,3,"[{'name': 'dirfd', 'type': 'int', 'value': -100}, {'name': 'pathname', 'type': 'const char*', 'value': '/lib/x86_64-linux-gnu/liblz4.so.1'}, {'name': 'flags', 'type': 'int', 'value': 'O_RDONLY|O_CLOEXEC'}, {'name': 'mode', 'type': 'int', 'value': 4137824088}]",0,0
18830.209267,7785,7049,0,sshd,ip-10-100-1-26,5,fstat,2,0,"[{'name': 'fd', 'type': 'int', 'value': 3}, {'name': 'statbuf', 'type': 'struct stat*', 'value': '0x7FFF705E5C90'}]",0,0
18830.209225,7785,7049,0,sshd,ip-10-100-1-26,257,openat,4,3,"[{'name': 'dirfd', 'type': 'int', 'value': -100}, {'name': 'pathname', 'type': 'const char*', 'value': '/lib/x86_64-linux-gnu/liblzma.so.5'}, {'name': 'flags', 'type': 'int', 'value': 'O_RDONLY|O_CLOEXEC'}, {'name': 'mode', 'type': 'int', 'value': 4137824088}]",0,0
18830.212297,7785,7049,0,sshd,ip-10-100-1-26,5,fstat,2,0,"[{'name': 'fd', 'type': 'int', 'value': 3}, {'name': 'statbuf', 'type': 'struct stat*', 'value': '0x7FFF705E5C70'}]",0,0
18830.212426,7785,7049,0,sshd,ip-10-100-1-26,3,close,1,0,"[{'name': 'fd', 'type': 'int', 'value': 3}]",0,0
18830.212756,7785,7049,0,sshd,ip-10-100-1-26,1005,security_file_open,4,0,"[{'name': 'pathname', 'type': 'const char*', 'value': '/usr/lib/x86_64-linux-gnu/libgcrypt.so.20.2.5'}, {'name': 'flags', 'type': 'int', 'value': 'O_RDONLY|O_LARGEFILE'}, {'name': 'dev', 'type': 'dev_t', 'value': 211812353}, {'name': 'inode', 'type': 'unsigned long', 'value': 3419}]",0,0
18830.212936,7785,7049,0,sshd,ip-10-100-1-26,257,openat,4,3,"[{'name': 'dirfd', 'type': 'int', 'value': -100}, {'name': 'pathname', 'type': 'const char*', 'value': '/lib/x86_64-linux-gnu/libgcrypt.so.20'}, {'name': 'flags', 'type': 'int', 'value': 'O_RDONLY|O_CLOEXEC'}, {'name': 'mode', 'type': 'int', 'value': 4137824088}]",0,0
18830.213051,7785,7049,0,sshd,ip-10-100-1-26,5,fstat,2,0,"[{'name': 'fd', 'type': 'int', 'value': 3}, {'name': 'statbuf', 'type': 'struct stat*', 'value': '0x7FFF705E5C50'}]",0,0
18830.213419,7785,7049,0,sshd,ip-10-100-1-26,3,close,1,0,"[{'name': 'fd', 'type': 'int', 'value': 3}]",0,0
18830.213591,7785,7049,0,sshd,ip-10-100-1-26,1005,security_file_open,4,0,"[{'name': 'pathname', 'type': 'const char*', 'value': '/usr/lib/x86_64-linux-gnu/libpthread-2.31.so'}, {'name': 'flags', 'type': 'int', 'value': 'O_RDONLY|O_LARGEFILE'}, {'name': 'dev', 'type': 'dev_t', 'value': 211812353}, {'name': 'inode', 'type': 'unsigned long', 'value': 4645}]",0,0
18830.213864,7785,7049,0,sshd,ip-10-100-1-26,257,openat,4,3,"[{'name': 'dirfd', 'type': 'int', 'value': -100}, {'name': 'pathname', 'type': 'const char*', 'value': '/lib/x86_64-linux-gnu/libpthread.so.0'}, {'name': 'flags', 'type': 'int', 'value': 'O_RDONLY|O_CLOEXEC'}, {'name': 'mode', 'type': 'int', 'value': 4137824088}]",0,0
18830.213945,7785,7049,0,sshd,ip-10-100-1-26,5,fstat,2,0,"[{'name': 'fd', 'type': 'int', 'value': 3}, {'name': 'statbuf', 'type': 'struct stat*', 'value': '0x7FFF705E5C30'}]",0,0
18830.214221,7785,7049,0,sshd,ip-10-100-1-26,3,close,1,0,"[{'name': 'fd', 'type': 'int', 'value': 3}]",0,0
18830.217881,7785,7049,0,sshd,ip-10-100-1-26,1005,security_file_open,4,0,"[{'name': 'pathname', 'type': 'const char*', 'value': '/usr/lib/x86_64-linux-gnu/libk5crypto.so.3.1'}, {'name': 'flags', 'type': 'int', 'value': 'O_RDONLY|O_LARGEFILE'}, {'name': 'dev', 'type': 'dev_t', 'value': 211812353}, {'name': 'inode', 'type': 'unsigned long', 'value': 5203}]",0,0
18830.217918,7785,7049,0,sshd,ip-10-100-1-26,257,openat,4,3,"[{'name': 'dirfd', 'type': 'int', 'value': -100}, {'name': 'pathname', 'type': 'const char*', 'value': '/lib/x86_64-linux-gnu/libk5crypto.so.3'}, {'name': 'flags', 'type': 'int', 'value': 'O_RDONLY|O_CLOEXEC'}, {'name': 'mode', 'type': 'int', 'value': 4137824088}]",0,0
18830.217947,7785,7049,0,sshd,ip-10-100-1-26,5,fstat,2,0,"[{'name': 'fd', 'type': 'int', 'value': 3}, {'name': 'statbuf', 'type': 'struct stat*', 'value': '0x7FFF705E5C10'}]",0,0
18830.219268,7785,7049,0,sshd,ip-10-100-1-26,3,close,1,0,"[{'name': 'fd', 'type': 'int', 'value': 3}]",0,0
18830.220626,7785,7049,0,sshd,ip-10-100-1-26,1005,security_file_open,4,0,"[{'name': 'pathname', 'type': 'const char*', 'value': '/usr/lib/x86_64-linux-gnu/libkrb5support.so.0.1'}, {'name': 'flags', 'type': 'int', 'value': 'O_RDONLY|O_LARGEFILE'}, {'name': 'dev', 'type': 'dev_t', 'value': 211812353}, {'name': 'inode', 'type': 'unsigned long', 'value': 5200}]",0,0
18830.220661,7785,7049,0,sshd,ip-10-100-1-26,257,openat,4,3,"[{'name': 'dirfd', 'type': 'int', 'value': -100}, {'name': 'pathname', 'type': 'const char*', 'value': '/lib/x86_64-linux-gnu/libkrb5support.so.0'}, {'name': 'flags', 'type': 'int', 'value': 'O_RDONLY|O_CLOEXEC'}, {'name': 'mode', 'type': 'int', 'value': 4137824088}]",0,0
18830.220717,7785,7049,0,sshd,ip-10-100-1-26,5,fstat,2,0,"[{'name': 'fd', 'type': 'int', 'value': 3}, {'name': 'statbuf', 'type': 'struct stat*', 'value': '0x7FFF705E5BF0'}]",0,0
18830.220799,7785,7049,0,sshd,ip-10-100-1-26,3,close,1,0,"[{'name': 'fd', 'type': 'int', 'value': 3}]",0,0
18830.220853,7785,7049,0,sshd,ip-10-100-1-26,1005,security_file_open,4,0,"[{'name': 'pathname', 'type': 'const char*', 'value': '/usr/lib/x86_64-linux-gnu/libkeyutils.so.1.8'}, {'name': 'flags', 'type': 'int', 'value': 'O_RDONLY|O_LARGEFILE'}, {'name': 'dev', 'type': 'dev_t', 'value': 211812353}, {'name': 'inode', 'type': 'unsigned long', 'value': 5205}]",0,0
18830.220882,7785,7049,0,sshd,ip-10-100-1-26,257,openat,4,3,"[{'name': 'dirfd', 'type': 'int', 'value': -100}, {'name': 'pathname', 'type': 'const char*', 'value': '/lib/x86_64-linux-gnu/libkeyutils.so.1'}, {'name': 'flags', 'type': 'int', 'value': 'O_RDONLY|O_CLOEXEC'}, {'name': 'mode', 'type': 'int', 'value': 4137824088}]",0,0
18830.220909,7785,7049,0,sshd,ip-10-100-1-26,5,fstat,2,0,"[{'name': 'fd', 'type': 'int', 'value': 3}, {'name': 'statbuf', 'type': 'struct stat*', 'value': '0x7FFF705E5BD0'}]",0,0
18830.220996,7785,7049,0,sshd,ip-10-100-1-26,3,close,1,0,"[{'name': 'fd', 'type': 'int', 'value': 3}]",0,0
18830.221025,7785,7049,0,sshd,ip-10-100-1-26,1005,security_file_open,4,0,"[{'name': 'pathname', 'type': 'const char*', 'value': '/usr/lib/x86_64-linux-gnu/libresolv-2.31.so'}, {'name': 'flags', 'type': 'int', 'value': 'O_RDONLY|O_LARGEFILE'}, {'name': 'dev', 'type': 'dev_t', 'value': 211812353}, {'name': 'inode', 'type': 'unsigned long', 'value': 4646}]",0,0
18830.221051,7785,7049,0,sshd,ip-10-100-1-26,257,openat,4,3,"[{'name': 'dirfd', 'type': 'int', 'value': -100}, {'name': 'pathname', 'type': 'const char*', 'value': '/lib/x86_64-linux-gnu/libresolv.so.2'}, {'name': 'flags', 'type': 'int', 'value': 'O_RDONLY|O_CLOEXEC'}, {'name': 'mode', 'type': 'int', 'value': 4137824088}]",0,0
18830.221081,7785,7049,0,sshd,ip-10-100-1-26,5,fstat,2,0,"[{'name': 'fd', 'type': 'int', 'value': 3}, {'name': 'statbuf', 'type': 'struct stat*', 'value': '0x7FFF705E5BB0'}]",0,0
18830.221177,7785,7049,0,sshd,ip-10-100-1-26,3,close,1,0,"[{'name': 'fd', 'type': 'int', 'value': 3}]",0,0
18830.221221,7785,7049,0,sshd,ip-10-100-1-26,1005,security_file_open,4,0,"[{'name': 'pathname', 'type': 'const char*', 'value': '/usr/lib/x86_64-linux-gnu/libgpg-error.so.0.28.0'}, {'name': 'flags', 'type': 'int', 'value': 'O_RDONLY|O_LARGEFILE'}, {'name': 'dev', 'type': 'dev_t', 'value': 211812353}, {'name': 'inode', 'type': 'unsigned long', 'value': 3698}]",0,0
18830.221248,7785,7049,0,sshd,ip-10-100-1-26,257,openat,4,3,"[{'name': 'dirfd', 'type': 'int', 'value': -100}, {'name': 'pathname', 'type': 'const char*', 'value': '/lib/x86_64-linux-gnu/libgpg-error.so.0'}, {'name': 'flags', 'type': 'int', 'value': 'O_RDONLY|O_CLOEXEC'}, {'name': 'mode', 'type': 'int', 'value': 4137824088}]",0,0
18830.221274,7785,7049,0,sshd,ip-10-100-1-26,5,fstat,2,0,"[{'name': 'fd', 'type': 'int', 'value': 3}, {'name': 'statbuf', 'type': 'struct stat*', 'value': '0x7FFF705E5B90'}]",0,0
18830.221373,7785,7049,0,sshd,ip-10-100-1-26,3,close,1,0,"[{'name': 'fd', 'type': 'int', 'value': 3}]",0,0
18830.22306,7785,7049,0,sshd,ip-10-100-1-26,1005,security_file_open,4,0,"[{'name': 'pathname', 'type': 'const char*', 'value': '/proc/filesystems'}, {'name': 'flags', 'type': 'int', 'value': 'O_RDONLY|O_LARGEFILE'}, {'name': 'dev', 'type': 'dev_t', 'value': 5}, {'name': 'inode', 'type': 'unsigned long', 'value': 4026532121}]",0,0
18830.223118,7785,7049,0,sshd,ip-10-100-1-26,5,fstat,2,0,"[{'name': 'fd', 'type': 'int', 'value': 3}, {'name': 'statbuf', 'type': 'struct stat*', 'value': '0x7FFF705E6AB0'}]",0,0
18830.22318,7785,7049,0,sshd,ip-10-100-1-26,3,close,1,0,"[{'name': 'fd', 'type': 'int', 'value': 3}]",0,0
18830.223094,7785,7049,0,sshd,ip-10-100-1-26,257,openat,4,3,"[{'name': 'dirfd', 'type': 'int', 'value': -100}, {'name': 'pathname', 'type': 'const char*', 'value': '/proc/filesystems'}, {'name': 'flags', 'type': 'int', 'value': 'O_RDONLY|O_CLOEXEC'}, {'name': 'mode', 'type': 'int', 'value': 4130926251}]",0,0
18830.223221,7785,7049,0,sshd,ip-10-100-1-26,21,access,2,-2,"[{'name': 'pathname', 'type': 'const char*', 'value': '/etc/selinux/config'}, {'name': 'mode', 'type': 'int', 'value': 'F_OK'}]",0,0
18830.223277,7785,7049,0,sshd,ip-10-100-1-26,1003,cap_capable,1,0,"[{'name': 'cap', 'type': 'int', 'value': 'CAP_SETGID'}]",0,0
18830.223308,7785,7049,0,sshd,ip-10-100-1-26,1005,security_file_open,4,0,"[{'name': 'pathname', 'type': 'const char*', 'value': '/dev/null'}, {'name': 'flags', 'type': 'int', 'value': 'O_RDWR|O_LARGEFILE'}, {'name': 'dev', 'type': 'dev_t', 'value': 6}, {'name': 'inode', 'type': 'unsigned long', 'value': 6}]",0,0
18830.223333,7785,7049,0,sshd,ip-10-100-1-26,257,openat,4,3,"[{'name': 'dirfd', 'type': 'int', 'value': -100}, {'name': 'pathname', 'type': 'const char*', 'value': '/dev/null'}, {'name': 'flags', 'type': 'int', 'value': 'O_RDWR'}, {'name': 'mode', 'type': 'int', 'value': 4130926251}]",0,0
18830.223355,7785,7049,0,sshd,ip-10-100-1-26,3,close,1,0,"[{'name': 'fd', 'type': 'int', 'value': 3}]",0,0
18830.239414,7785,7049,0,sshd,ip-10-100-1-26,1005,security_file_open,4,0,"[{'name': 'pathname', 'type': 'const char*', 'value': '/etc/ssl/openssl.cnf'}, {'name': 'flags', 'type': 'int', 'value': 'O_RDONLY|O_LARGEFILE'}, {'name': 'dev', 'type': 'dev_t', 'value': 211812353}, {'name': 'inode', 'type': 'unsigned long', 'value': 1093}]",0,0
18830.240078,7785,7049,0,sshd,ip-10-100-1-26,257,openat,4,3,"[{'name': 'dirfd', 'type': 'int', 'value': -100}, {'name': 'pathname', 'type': 'const char*', 'value': '/usr/lib/ssl/openssl.cnf'}, {'name': 'flags', 'type': 'int', 'value': 'O_RDONLY'}, {'name': 'mode', 'type': 'int', 'value': 4130926251}]",0,0
18830.240132,7785,7049,0,sshd,ip-10-100-1-26,5,fstat,2,0,"[{'name': 'fd', 'type': 'int', 'value': 3}, {'name': 'statbuf', 'type': 'struct stat*', 'value': '0x7FFF705E5EC0'}]",0,0
18830.241717,7785,7049,0,sshd,ip-10-100-1-26,3,close,1,0,"[{'name': 'fd', 'type': 'int', 'value': 3}]",0,0
18830.243119,7785,7049,0,sshd,ip-10-100-1-26,1005,security_file_open,4,0,"[{'name': 'pathname', 'type': 'const char*', 'value': '/proc/7785/fd'}, {'name': 'flags', 'type': 'int', 'value': 'O_RDONLY|O_NONBLOCK|O_LARGEFILE|O_DIRECTORY'}, {'name': 'dev', 'type': 'dev_t', 'value': 5}, {'name': 'inode', 'type': 'unsigned long', 'value': 127927}]",0,0
18830.243631,7785,7049,0,sshd,ip-10-100-1-26,257,openat,4,3,"[{'name': 'dirfd', 'type': 'int', 'value': -100}, {'name': 'pathname', 'type': 'const char*', 'value': '/proc/7785/fd'}, {'name': 'flags', 'type': 'int', 'value': 'O_RDONLY|O_NONBLOCK|O_DIRECTORY|O_CLOEXEC'}, {'name': 'mode', 'type': 'int', 'value': 4130948700}]",0,0
18830.243665,7785,7049,0,sshd,ip-10-100-1-26,5,fstat,2,0,"[{'name': 'fd', 'type': 'int', 'value': 3}, {'name': 'statbuf', 'type': 'struct stat*', 'value': '0x7FFF705E5260'}]",0,0
18830.243769,7785,7049,0,sshd,ip-10-100-1-26,217,getdents64,3,192,"[{'name': 'fd', 'type': 'int', 'value': 3}, {'name': 'dirp', 'type': 'struct linux_dirent64*', 'value': '0x5640FB8A74B0'}, {'name': 'count', 'type': 'size_t', 'value': 32768}]",0,0
18830.244064,7785,7049,0,sshd,ip-10-100-1-26,217,getdents64,3,0,"[{'name': 'fd', 'type': 'int', 'value': 3}, {'name': 'dirp', 'type': 'struct linux_dirent64*', 'value': '0x5640FB8A74B0'}, {'name': 'count', 'type': 'size_t', 'value': 32768}]",0,0
18830.244111,7785,7049,0,sshd,ip-10-100-1-26,3,close,1,0,"[{'name': 'fd', 'type': 'int', 'value': 3}]",0,0
18830.244205,7785,7049,0,sshd,ip-10-100-1-26,32,dup,1,3,"[{'name': 'oldfd', 'type': 'int', 'value': 4}]",0,0
18830.244437,7785,7049,0,sshd,ip-10-100-1-26,3,close,1,0,"[{'name': 'fd', 'type': 'int', 'value': 4}]",0,0
18830.244996,7785,7049,0,sshd,ip-10-100-1-26,1005,security_file_open,4,0,"[{'name': 'pathname', 'type': 'const char*', 'value': '/etc/gai.conf'}, {'name': 'flags', 'type': 'int', 'value': 'O_RDONLY|O_LARGEFILE'}, {'name': 'dev', 'type': 'dev_t', 'value': 211812353}, {'name': 'inode', 'type': 'unsigned long', 'value': 530}]",0,0
18830.245167,7785,7049,0,sshd,ip-10-100-1-26,257,openat,4,4,"[{'name': 'dirfd', 'type': 'int', 'value': -100}, {'name': 'pathname', 'type': 'const char*', 'value': '/etc/gai.conf'}, {'name': 'flags', 'type': 'int', 'value': 'O_RDONLY|O_CLOEXEC'}, {'name': 'mode', 'type': 'int', 'value': 4130948700}]",0,0
18830.245203,7785,7049,0,sshd,ip-10-100-1-26,5,fstat,2,0,"[{'name': 'fd', 'type': 'int', 'value': 4}, {'name': 'statbuf', 'type': 'struct stat*', 'value': '0x7FFF705E5B90'}]",0,0
18830.245421,7785,7049,0,sshd,ip-10-100-1-26,5,fstat,2,0,"[{'name': 'fd', 'type': 'int', 'value': 4}, {'name': 'statbuf', 'type': 'struct stat*', 'value': '0x7FFF705E5980'}]",0,0
18830.245637,7785,7049,0,sshd,ip-10-100-1-26,3,close,1,0,"[{'name': 'fd', 'type': 'int', 'value': 4}]",0,0
18830.245952,7785,7049,0,sshd,ip-10-100-1-26,41,socket,3,4,"[{'name': 'domain', 'type': 'int', 'value': 'AF_NETLINK'}, {'name': 'type', 'type': 'int', 'value': 'SOCK_RAW|SOCK_CLOEXEC'}, {'name': 'protocol', 'type': 'int', 'value': 0}]",0,0
18830.246027,7785,7049,0,sshd,ip-10-100-1-26,51,getsockname,3,0,"[{'name': 'sockfd', 'type': 'int', 'value': 4}, {'name': 'addr', 'type': 'const void*', 'value': ""{'sa_family': 'AF_NETLINK'}""}, {'name': 'addrlen', 'type': 'int*', 'value': '0x7FFF705E5B74'}]",0,0
18830.245993,7785,7049,0,sshd,ip-10-100-1-26,49,bind,3,0,"[{'name': 'sockfd', 'type': 'int', 'value': 4}, {'name': 'addr', 'type': 'const void*', 'value': ""{'sa_family': 'AF_NETLINK'}""}, {'name': 'addrlen', 'type': 'int*', 'value': 12}]",0,0
18830.246196,7785,7049,0,sshd,ip-10-100-1-26,41,socket,3,6,"[{'name': 'domain', 'type': 'int', 'value': 'AF_UNIX'}, {'name': 'type', 'type': 'int', 'value': 'SOCK_STREAM|SOCK_NONBLOCK|SOCK_CLOEXEC'}, {'name': 'protocol', 'type': 'int', 'value': 0}]",0,0
18830.246499,7785,7049,0,sshd,ip-10-100-1-26,42,connect,3,-2,"[{'name': 'sockfd', 'type': 'int', 'value': 6}, {'name': 'addr', 'type': 'void*', 'value': ""{'sa_family': 'AF_UNIX','sun_path': '/var/run/nscd/socket'}""}, {'name': 'addrlen', 'type': 'int', 'value': 110}]",0,0
18830.246573,7785,7049,0,sshd,ip-10-100-1-26,3,close,1,0,"[{'name': 'fd', 'type': 'int', 'value': 6}]",0,0
18830.246684,7785,7049,0,sshd,ip-10-100-1-26,3,close,1,0,"[{'name': 'fd', 'type': 'int', 'value': 4}]",0,0
18830.246937,7785,7049,0,sshd,ip-10-100-1-26,41,socket,3,4,"[{'name': 'domain', 'type': 'int', 'value': 'AF_INET6'}, {'name': 'type', 'type': 'int', 'value': 'SOCK_DGRAM|SOCK_CLOEXEC'}, {'name': 'protocol', 'type': 'int', 'value': 0}]",0,0
18830.247133,7785,7049,0,sshd,ip-10-100-1-26,42,connect,3,0,"[{'name': 'sockfd', 'type': 'int', 'value': 4}, {'name': 'addr', 'type': 'void*', 'value': ""{'sa_family': 'AF_INET6','sin6_port': '22','sin6_flowinfo': '0','sin6_addr': '::','sin6_scopeid': '0'}""}, {'name': 'addrlen', 'type': 'int', 'value': 28}]",0,0
18830.24721,7785,7049,0,sshd,ip-10-100-1-26,51,getsockname,3,0,"[{'name': 'sockfd', 'type': 'int', 'value': 4}, {'name': 'addr', 'type': 'const void*', 'value': ""{'sa_family': 'AF_INET6','sin6_port': '57201','sin6_flowinfo': '0','sin6_addr': '::1','sin6_scopeid': '0'}""}, {'name': 'addrlen', 'type': 'int*', 'value': '0x7FFF705E5D60'}]",0,0
18830.247246,7785,7049,0,sshd,ip-10-100-1-26,42,connect,3,0,"[{'name': 'sockfd', 'type': 'int', 'value': 4}, {'name': 'addr', 'type': 'void*', 'value': ""{'sa_family': 'AF_UNSPEC'}""}, {'name': 'addrlen', 'type': 'int', 'value': 16}]",0,0
18830.247563,7785,7049,0,sshd,ip-10-100-1-26,51,getsockname,3,0,"[{'name': 'sockfd', 'type': 'int', 'value': 4}, {'name': 'addr', 'type': 'const void*', 'value': ""{'sin6_addr': '127.0.0.1','sin6_scopeid': '0','sa_family': 'AF_INET6','sin6_port': '35736','sin6_flowinfo': '0'}""}, {'name': 'addrlen', 'type': 'int*', 'value': '0x7FFF705E5D60'}]",0,0
18830.248027,7785,7049,0,sshd,ip-10-100-1-26,41,socket,3,4,"[{'name': 'domain', 'type': 'int', 'value': 'AF_UNIX'}, {'name': 'type', 'type': 'int', 'value': 'SOCK_STREAM|SOCK_NONBLOCK|SOCK_CLOEXEC'}, {'name': 'protocol', 'type': 'int', 'value': 0}]",0,0
18830.247502,7785,7049,0,sshd,ip-10-100-1-26,42,connect,3,0,"[{'name': 'sockfd', 'type': 'int', 'value': 4}, {'name': 'addr', 'type': 'void*', 'value': ""{'sin_addr': '0.0.0.0','sa_family': 'AF_INET','sin_port': '22'}""}, {'name': 'addrlen', 'type': 'int', 'value': 16}]",0,0
18830.247596,7785,7049,0,sshd,ip-10-100-1-26,3,close,1,0,"[{'name': 'fd', 'type': 'int', 'value': 4}]",0,0
18830.248267,7785,7049,0,sshd,ip-10-100-1-26,42,connect,3,-2,"[{'name': 'sockfd', 'type': 'int', 'value': 4}, {'name': 'addr', 'type': 'void*', 'value': ""{'sa_family': 'AF_UNIX','sun_path': '/var/run/nscd/socket'}""}, {'name': 'addrlen', 'type': 'int', 'value': 110}]",0,0
18830.248597,7785,7049,0,sshd,ip-10-100-1-26,3,close,1,0,"[{'name': 'fd', 'type': 'int', 'value': 4}]",0,0
18830.248652,7785,7049,0,sshd,ip-10-100-1-26,41,socket,3,4,"[{'name': 'domain', 'type': 'int', 'value': 'AF_UNIX'}, {'name': 'type', 'type': 'int', 'value': 'SOCK_STREAM|SOCK_NONBLOCK|SOCK_CLOEXEC'}, {'name': 'protocol', 'type': 'int', 'value': 0}]",0,0
18830.248841,7785,7049,0,sshd,ip-10-100-1-26,42,connect,3,-2,"[{'name': 'sockfd', 'type': 'int', 'value': 4}, {'name': 'addr', 'type': 'void*', 'value': ""{'sa_family': 'AF_UNIX','sun_path': '/var/run/nscd/socket'}""}, {'name': 'addrlen', 'type': 'int', 'value': 110}]",0,0
18830.248882,7785,7049,0,sshd,ip-10-100-1-26,3,close,1,0,"[{'name': 'fd', 'type': 'int', 'value': 4}]",0,0
18830.248942,7785,7049,0,sshd,ip-10-100-1-26,1005,security_file_open,4,0,"[{'name': 'pathname', 'type': 'const char*', 'value': '/etc/nsswitch.conf'}, {'name': 'flags', 'type': 'int', 'value': 'O_RDONLY|O_LARGEFILE'}, {'name': 'dev', 'type': 'dev_t', 'value': 211812353}, {'name': 'inode', 'type': 'unsigned long', 'value': 19}]",0,0
18830.249219,7785,7049,0,sshd,ip-10-100-1-26,257,openat,4,4,"[{'name': 'dirfd', 'type': 'int', 'value': -100}, {'name': 'pathname', 'type': 'const char*', 'value': '/etc/nsswitch.conf'}, {'name': 'flags', 'type': 'int', 'value': 'O_RDONLY|O_CLOEXEC'}, {'name': 'mode', 'type': 'int', 'value': 4130948700}]",0,0
18830.249257,7785,7049,0,sshd,ip-10-100-1-26,5,fstat,2,0,"[{'name': 'fd', 'type': 'int', 'value': 4}, {'name': 'statbuf', 'type': 'struct stat*', 'value': '0x7FFF705E6060'}]",0,0
18830.249307,7785,7049,0,sshd,ip-10-100-1-26,3,close,1,0,"[{'name': 'fd', 'type': 'int', 'value': 4}]",0,0
18830.249415,7785,7049,0,sshd,ip-10-100-1-26,1005,security_file_open,4,0,"[{'name': 'pathname', 'type': 'const char*', 'value': '/etc/ld.so.cache'}, {'name': 'flags', 'type': 'int', 'value': 'O_RDONLY|O_LARGEFILE'}, {'name': 'dev', 'type': 'dev_t', 'value': 211812353}, {'name': 'inode', 'type': 'unsigned long', 'value': 62957}]",0,0
18830.249679,7785,7049,0,sshd,ip-10-100-1-26,257,openat,4,4,"[{'name': 'dirfd', 'type': 'int', 'value': -100}, {'name': 'pathname', 'type': 'const char*', 'value': '/etc/ld.so.cache'}, {'name': 'flags', 'type': 'int', 'value': 'O_RDONLY|O_CLOEXEC'}, {'name': 'mode', 'type': 'int', 'value': 4137824088}]",0,0
18830.249739,7785,7049,0,sshd,ip-10-100-1-26,5,fstat,2,0,"[{'name': 'fd', 'type': 'int', 'value': 4}, {'name': 'statbuf', 'type': 'struct stat*', 'value': '0x7FFF705E57D0'}]",0,0
18830.249785,7785,7049,0,sshd,ip-10-100-1-26,3,close,1,0,"[{'name': 'fd', 'type': 'int', 'value': 4}]",0,0
18830.249941,7785,7049,0,sshd,ip-10-100-1-26,1005,security_file_open,4,0,"[{'name': 'pathname', 'type': 'const char*', 'value': '/usr/lib/x86_64-linux-gnu/libnss_files-2.31.so'}, {'name': 'flags', 'type': 'int', 'value': 'O_RDONLY|O_LARGEFILE'}, {'name': 'dev', 'type': 'dev_t', 'value': 211812353}, {'name': 'inode', 'type': 'unsigned long', 'value': 4640}]",0,0
18830.250234,7785,7049,0,sshd,ip-10-100-1-26,5,fstat,2,0,"[{'name': 'fd', 'type': 'int', 'value': 4}, {'name': 'statbuf', 'type': 'struct stat*', 'value': '0x7FFF705E5820'}]",0,0
18830.250181,7785,7049,0,sshd,ip-10-100-1-26,257,openat,4,4,"[{'name': 'dirfd', 'type': 'int', 'value': -100}, {'name': 'pathname', 'type': 'const char*', 'value': '/lib/x86_64-linux-gnu/libnss_files.so.2'}, {'name': 'flags', 'type': 'int', 'value': 'O_RDONLY|O_CLOEXEC'}, {'name': 'mode', 'type': 'int', 'value': 4137824088}]",0,0
18830.254186,7785,7049,0,sshd,ip-10-100-1-26,3,close,1,0,"[{'name': 'fd', 'type': 'int', 'value': 4}]",0,0
18830.25433,7785,7049,0,sshd,ip-10-100-1-26,257,openat,4,4,"[{'name': 'dirfd', 'type': 'int', 'value': -100}, {'name': 'pathname', 'type': 'const char*', 'value': '/etc/passwd'}, {'name': 'flags', 'type': 'int', 'value': 'O_RDONLY|O_CLOEXEC'}, {'name': 'mode', 'type': 'int', 'value': 4130948700}]",0,0
18830.2543,7785,7049,0,sshd,ip-10-100-1-26,1005,security_file_open,4,0,"[{'name': 'pathname', 'type': 'const char*', 'value': '/etc/passwd'}, {'name': 'flags', 'type': 'int', 'value': 'O_RDONLY|O_LARGEFILE'}, {'name': 'dev', 'type': 'dev_t', 'value': 211812353}, {'name': 'inode', 'type': 'unsigned long', 'value': 61348}]",0,0
18830.254373,7785,7049,0,sshd,ip-10-100-1-26,5,fstat,2,0,"[{'name': 'fd', 'type': 'int', 'value': 4}, {'name': 'statbuf', 'type': 'struct stat*', 'value': '0x7FFF705E6090'}]",0,0
18830.254439,7785,7049,0,sshd,ip-10-100-1-26,1005,security_file_open,4,0,"[{'name': 'pathname', 'type': 'const char*', 'value': '/etc/ssh/ssh_host_rsa_key'}, {'name': 'flags', 'type': 'int', 'value': 'O_RDONLY|O_LARGEFILE'}, {'name': 'dev', 'type': 'dev_t', 'value': 211812353}, {'name': 'inode', 'type': 'unsigned long', 'value': 61174}]",0,0
18830.254465,7785,7049,0,sshd,ip-10-100-1-26,257,openat,4,4,"[{'name': 'dirfd', 'type': 'int', 'value': -100}, {'name': 'pathname', 'type': 'const char*', 'value': '/etc/ssh/ssh_host_rsa_key'}, {'name': 'flags', 'type': 'int', 'value': 'O_RDONLY'}, {'name': 'mode', 'type': 'int', 'value': 4130926251}]",0,0
18830.254486,7785,7049,0,sshd,ip-10-100-1-26,5,fstat,2,0,"[{'name': 'fd', 'type': 'int', 'value': 4}, {'name': 'statbuf', 'type': 'struct stat*', 'value': '0x7FFF705E6270'}]",0,0
18830.254511,7785,7049,0,sshd,ip-10-100-1-26,5,fstat,2,0,"[{'name': 'fd', 'type': 'int', 'value': 4}, {'name': 'statbuf', 'type': 'struct stat*', 'value': '0x7FFF705E5260'}]",0,0
18830.260051,7785,7049,0,sshd,ip-10-100-1-26,3,close,1,0,"[{'name': 'fd', 'type': 'int', 'value': 4}]",0,0
18830.260204,7785,7049,0,sshd,ip-10-100-1-26,1005,security_file_open,4,0,"[{'name': 'pathname', 'type': 'const char*', 'value': '/etc/ssh/ssh_host_rsa_key'}, {'name': 'flags', 'type': 'int', 'value': 'O_RDONLY|O_LARGEFILE'}, {'name': 'dev', 'type': 'dev_t', 'value': 211812353}, {'name': 'inode', 'type': 'unsigned long', 'value': 61174}]",0,0
18830.254411,7785,7049,0,sshd,ip-10-100-1-26,3,close,1,0,"[{'name': 'fd', 'type': 'int', 'value': 4}]",0,0
18830.260234,7785,7049,0,sshd,ip-10-100-1-26,257,openat,4,4,"[{'name': 'dirfd', 'type': 'int', 'value': -100}, {'name': 'pathname', 'type': 'const char*', 'value': '/etc/ssh/ssh_host_rsa_key'}, {'name': 'flags', 'type': 'int', 'value': 'O_RDONLY'}, {'name': 'mode', 'type': 'int', 'value': 4130926251}]",0,0
18830.260256,7785,7049,0,sshd,ip-10-100-1-26,5,fstat,2,0,"[{'name': 'fd', 'type': 'int', 'value': 4}, {'name': 'statbuf', 'type': 'struct stat*', 'value': '0x7FFF705E6130'}]",0,0
18830.267067,7785,7049,0,sshd,ip-10-100-1-26,257,openat,4,4,"[{'name': 'dirfd', 'type': 'int', 'value': -100}, {'name': 'pathname', 'type': 'const char*', 'value': '/etc/ssh/ssh_host_rsa_key.pub'}, {'name': 'flags', 'type': 'int', 'value': 'O_RDONLY'}, {'name': 'mode', 'type': 'int', 'value': 4130926251}]",0,0
18830.260312,7785,7049,0,sshd,ip-10-100-1-26,1005,security_file_open,4,0,"[{'name': 'pathname', 'type': 'const char*', 'value': '/etc/ssh/ssh_host_rsa_key.pub'}, {'name': 'flags', 'type': 'int', 'value': 'O_RDONLY|O_LARGEFILE'}, {'name': 'dev', 'type': 'dev_t', 'value': 211812353}, {'name': 'inode', 'type': 'unsigned long', 'value': 61179}]",0,0
18830.267396,7785,7049,0,sshd,ip-10-100-1-26,5,fstat,2,0,"[{'name': 'fd', 'type': 'int', 'value': 4}, {'name': 'statbuf', 'type': 'struct stat*', 'value': '0x7FFF705E6130'}]",0,0
18830.260286,7785,7049,0,sshd,ip-10-100-1-26,3,close,1,0,"[{'name': 'fd', 'type': 'int', 'value': 4}]",0,0
18830.267462,7785,7049,0,sshd,ip-10-100-1-26,3,close,1,0,"[{'name': 'fd', 'type': 'int', 'value': 4}]",0,0
18830.275867,7785,7049,0,sshd,ip-10-100-1-26,1005,security_file_open,4,0,"[{'name': 'pathname', 'type': 'const char*', 'value': '/etc/ssh/ssh_host_ecdsa_key'}, {'name': 'flags', 'type': 'int', 'value': 'O_RDONLY|O_LARGEFILE'}, {'name': 'dev', 'type': 'dev_t', 'value': 211812353}, {'name': 'inode', 'type': 'unsigned long', 'value': 61182}]",0,0
18830.27642,7785,7049,0,sshd,ip-10-100-1-26,257,openat,4,4,"[{'name': 'dirfd', 'type': 'int', 'value': -100}, {'name': 'pathname', 'type': 'const char*', 'value': '/etc/ssh/ssh_host_ecdsa_key'}, {'name': 'flags', 'type': 'int', 'value': 'O_RDONLY'}, {'name': 'mode', 'type': 'int', 'value': 4130926251}]",0,0
18830.276512,7785,7049,0,sshd,ip-10-100-1-26,5,fstat,2,0,"[{'name': 'fd', 'type': 'int', 'value': 4}, {'name': 'statbuf', 'type': 'struct stat*', 'value': '0x7FFF705E6270'}]",0,0
18830.276572,7785,7049,0,sshd,ip-10-100-1-26,5,fstat,2,0,"[{'name': 'fd', 'type': 'int', 'value': 4}, {'name': 'statbuf', 'type': 'struct stat*', 'value': '0x7FFF705E5260'}]",0,0
18830.279744,7785,7049,0,sshd,ip-10-100-1-26,1005,security_file_open,4,0,"[{'name': 'pathname', 'type': 'const char*', 'value': '/etc/ssh/ssh_host_ecdsa_key'}, {'name': 'flags', 'type': 'int', 'value': 'O_RDONLY|O_LARGEFILE'}, {'name': 'dev', 'type': 'dev_t', 'value': 211812353}, {'name': 'inode', 'type': 'unsigned long', 'value': 61182}]",0,0
18830.280605,7785,7049,0,sshd,ip-10-100-1-26,5,fstat,2,0,"[{'name': 'fd', 'type': 'int', 'value': 4}, {'name': 'statbuf', 'type': 'struct stat*', 'value': '0x7FFF705E6130'}]",0,0
18830.280698,7785,7049,0,sshd,ip-10-100-1-26,3,close,1,0,"[{'name': 'fd', 'type': 'int', 'value': 4}]",0,0
18830.27854,7785,7049,0,sshd,ip-10-100-1-26,3,close,1,0,"[{'name': 'fd', 'type': 'int', 'value': 4}]",0,0
18830.28053,7785,7049,0,sshd,ip-10-100-1-26,257,openat,4,4,"[{'name': 'dirfd', 'type': 'int', 'value': -100}, {'name': 'pathname', 'type': 'const char*', 'value': '/etc/ssh/ssh_host_ecdsa_key'}, {'name': 'flags', 'type': 'int', 'value': 'O_RDONLY'}, {'name': 'mode', 'type': 'int', 'value': 4130926251}]",0,0
18830.281428,7785,7049,0,sshd,ip-10-100-1-26,1005,security_file_open,4,0,"[{'name': 'pathname', 'type': 'const char*', 'value': '/etc/ssh/ssh_host_ecdsa_key.pub'}, {'name': 'flags', 'type': 'int', 'value': 'O_RDONLY|O_LARGEFILE'}, {'name': 'dev', 'type': 'dev_t', 'value': 211812353}, {'name': 'inode', 'type': 'unsigned long', 'value': 61183}]",0,0
18830.281585,7785,7049,0,sshd,ip-10-100-1-26,257,openat,4,4,"[{'name': 'dirfd', 'type': 'int', 'value': -100}, {'name': 'pathname', 'type': 'const char*', 'value': '/etc/ssh/ssh_host_ecdsa_key.pub'}, {'name': 'flags', 'type': 'int', 'value': 'O_RDONLY'}, {'name': 'mode', 'type': 'int', 'value': 4130926251}]",0,0
18830.281802,7785,7049,0,sshd,ip-10-100-1-26,5,fstat,2,0,"[{'name': 'fd', 'type': 'int', 'value': 4}, {'name': 'statbuf', 'type': 'struct stat*', 'value': '0x7FFF705E6130'}]",0,0
18830.282467,7785,7049,0,sshd,ip-10-100-1-26,3,close,1,0,"[{'name': 'fd', 'type': 'int', 'value': 4}]",0,0
18830.285314,7785,7049,0,sshd,ip-10-100-1-26,1005,security_file_open,4,0,"[{'name': 'pathname', 'type': 'const char*', 'value': '/etc/ssh/ssh_host_ed25519_key'}, {'name': 'flags', 'type': 'int', 'value': 'O_RDONLY|O_LARGEFILE'}, {'name': 'dev', 'type': 'dev_t', 'value': 211812353}, {'name': 'inode', 'type': 'unsigned long', 'value': 61187}]",0,0
18830.286282,7785,7049,0,sshd,ip-10-100-1-26,5,fstat,2,0,"[{'name': 'fd', 'type': 'int', 'value': 4}, {'name': 'statbuf', 'type': 'struct stat*', 'value': '0x7FFF705E6270'}]",0,0
18830.286099,7785,7049,0,sshd,ip-10-100-1-26,257,openat,4,4,"[{'name': 'dirfd', 'type': 'int', 'value': -100}, {'name': 'pathname', 'type': 'const char*', 'value': '/etc/ssh/ssh_host_ed25519_key'}, {'name': 'flags', 'type': 'int', 'value': 'O_RDONLY'}, {'name': 'mode', 'type': 'int', 'value': 4130926251}]",0,0
18830.286323,7785,7049,0,sshd,ip-10-100-1-26,5,fstat,2,0,"[{'name': 'fd', 'type': 'int', 'value': 4}, {'name': 'statbuf', 'type': 'struct stat*', 'value': '0x7FFF705E5260'}]",0,0
18830.286389,7785,7049,0,sshd,ip-10-100-1-26,3,close,1,0,"[{'name': 'fd', 'type': 'int', 'value': 4}]",0,0
18830.287096,7785,7049,0,sshd,ip-10-100-1-26,257,openat,4,4,"[{'name': 'dirfd', 'type': 'int', 'value': -100}, {'name': 'pathname', 'type': 'const char*', 'value': '/etc/ssh/ssh_host_ed25519_key'}, {'name': 'flags', 'type': 'int', 'value': 'O_RDONLY'}, {'name': 'mode', 'type': 'int', 'value': 4130926251}]",0,0
18830.286784,7785,7049,0,sshd,ip-10-100-1-26,1005,security_file_open,4,0,"[{'name': 'pathname', 'type': 'const char*', 'value': '/etc/ssh/ssh_host_ed25519_key'}, {'name': 'flags', 'type': 'int', 'value': 'O_RDONLY|O_LARGEFILE'}, {'name': 'dev', 'type': 'dev_t', 'value': 211812353}, {'name': 'inode', 'type': 'unsigned long', 'value': 61187}]",0,0
18830.287201,7785,7049,0,sshd,ip-10-100-1-26,5,fstat,2,0,"[{'name': 'fd', 'type': 'int', 'value': 4}, {'name': 'statbuf', 'type': 'struct stat*', 'value': '0x7FFF705E6130'}]",0,0
18830.28728,7785,7049,0,sshd,ip-10-100-1-26,3,close,1,0,"[{'name': 'fd', 'type': 'int', 'value': 4}]",0,0
18830.287565,7785,7049,0,sshd,ip-10-100-1-26,1005,security_file_open,4,0,"[{'name': 'pathname', 'type': 'const char*', 'value': '/etc/ssh/ssh_host_ed25519_key.pub'}, {'name': 'flags', 'type': 'int', 'value': 'O_RDONLY|O_LARGEFILE'}, {'name': 'dev', 'type': 'dev_t', 'value': 211812353}, {'name': 'inode', 'type': 'unsigned long', 'value': 61188}]",0,0
18830.287742,7785,7049,0,sshd,ip-10-100-1-26,257,openat,4,4,"[{'name': 'dirfd', 'type': 'int', 'value': -100}, {'name': 'pathname', 'type': 'const char*', 'value': '/etc/ssh/ssh_host_ed25519_key.pub'}, {'name': 'flags', 'type': 'int', 'value': 'O_RDONLY'}, {'name': 'mode', 'type': 'int', 'value': 4130926251}]",0,0
18830.287788,7785,7049,0,sshd,ip-10-100-1-26,5,fstat,2,0,"[{'name': 'fd', 'type': 'int', 'value': 4}, {'name': 'statbuf', 'type': 'struct stat*', 'value': '0x7FFF705E6130'}]",0,0
18830.287859,7785,7049,0,sshd,ip-10-100-1-26,3,close,1,0,"[{'name': 'fd', 'type': 'int', 'value': 4}]",0,0
18830.289469,7785,7049,0,sshd,ip-10-100-1-26,4,stat,2,0,"[{'name': 'pathname', 'type': 'const char*', 'value': '/run/sshd'}, {'name': 'statbuf', 'type': 'struct stat*', 'value': '0x7FFF705E6400'}]",0,0
18830.290356,7785,7049,0,sshd,ip-10-100-1-26,1005,security_file_open,4,0,"[{'name': 'pathname', 'type': 'const char*', 'value': '/dev/tty'}, {'name': 'flags', 'type': 'int', 'value': 'O_RDONLY|O_NOCTTY|O_LARGEFILE'}, {'name': 'dev', 'type': 'dev_t', 'value': 6}, {'name': 'inode', 'type': 'unsigned long', 'value': 13}]",0,0
18830.289962,7785,7049,0,sshd,ip-10-100-1-26,1003,cap_capable,1,0,"[{'name': 'cap', 'type': 'int', 'value': 'CAP_SETGID'}]",0,0
18830.290526,7785,7049,0,sshd,ip-10-100-1-26,257,openat,4,-6,"[{'name': 'dirfd', 'type': 'int', 'value': -100}, {'name': 'pathname', 'type': 'const char*', 'value': '/dev/tty'}, {'name': 'flags', 'type': 'int', 'value': 'O_RDONLY|O_NOCTTY'}, {'name': 'mode', 'type': 'int', 'value': 4130926251}]",0,0
18830.290617,7785,7049,0,sshd,ip-10-100-1-26,3,close,1,0,"[{'name': 'fd', 'type': 'int', 'value': 5}]",0,0
18830.29079,7785,7049,0,sshd,ip-10-100-1-26,32,dup,1,4,"[{'name': 'oldfd', 'type': 'int', 'value': 0}]",0,0
18830.29094,7785,7049,0,sshd,ip-10-100-1-26,1005,security_file_open,4,0,"[{'name': 'pathname', 'type': 'const char*', 'value': '/dev/null'}, {'name': 'flags', 'type': 'int', 'value': 'O_RDWR|O_LARGEFILE'}, {'name': 'dev', 'type': 'dev_t', 'value': 6}, {'name': 'inode', 'type': 'unsigned long', 'value': 6}]",0,0
18830.291108,7785,7049,0,sshd,ip-10-100-1-26,33,dup2,2,0,"[{'name': 'oldfd', 'type': 'int', 'value': 5}, {'name': 'newfd', 'type': 'int', 'value': 0}]",0,0
18830.291283,7785,7049,0,sshd,ip-10-100-1-26,33,dup2,2,1,"[{'name': 'oldfd', 'type': 'int', 'value': 5}, {'name': 'newfd', 'type': 'int', 'value': 1}]",0,0
18830.291006,7785,7049,0,sshd,ip-10-100-1-26,257,openat,4,5,"[{'name': 'dirfd', 'type': 'int', 'value': -100}, {'name': 'pathname', 'type': 'const char*', 'value': '/dev/null'}, {'name': 'flags', 'type': 'int', 'value': 'O_RDWR'}, {'name': 'mode', 'type': 'int', 'value': 4130926251}]",0,0
18830.291377,7785,7049,0,sshd,ip-10-100-1-26,33,dup2,2,2,"[{'name': 'oldfd', 'type': 'int', 'value': 5}, {'name': 'newfd', 'type': 'int', 'value': 2}]",0,0
18830.291434,7785,7049,0,sshd,ip-10-100-1-26,3,close,1,0,"[{'name': 'fd', 'type': 'int', 'value': 5}]",0,0
18830.293509,7785,7049,0,sshd,ip-10-100-1-26,51,getsockname,3,0,"[{'name': 'sockfd', 'type': 'int', 'value': 4}, {'name': 'addr', 'type': 'const void*', 'value': ""{'sin_addr': '10.100.1.26','sa_family': 'AF_INET','sin_port': '22'}""}, {'name': 'addrlen', 'type': 'int*', 'value': '0x7FFF705E625C'}]",0,0
18830.293759,7785,7049,0,sshd,ip-10-100-1-26,51,getsockname,3,0,"[{'name': 'sockfd', 'type': 'int', 'value': 4}, {'name': 'addr', 'type': 'const void*', 'value': ""{'sa_family': 'AF_INET','sin_port': '22','sin_addr': '10.100.1.26'}""}, {'name': 'addrlen', 'type': 'int*', 'value': '0x7FFF705E434C'}]",0,0
18830.293837,7785,7049,0,sshd,ip-10-100-1-26,1005,security_file_open,4,0,"[{'name': 'pathname', 'type': 'const char*', 'value': '/etc/hosts.allow'}, {'name': 'flags', 'type': 'int', 'value': 'O_RDONLY|O_LARGEFILE'}, {'name': 'dev', 'type': 'dev_t', 'value': 211812353}, {'name': 'inode', 'type': 'unsigned long', 'value': 799}]",0,0
18830.295444,7785,7049,0,sshd,ip-10-100-1-26,257,openat,4,5,"[{'name': 'dirfd', 'type': 'int', 'value': -100}, {'name': 'pathname', 'type': 'const char*', 'value': '/etc/hosts.allow'}, {'name': 'flags', 'type': 'int', 'value': 'O_RDONLY'}, {'name': 'mode', 'type': 'int', 'value': 4130926251}]",0,0
18830.293466,7785,7049,0,sshd,ip-10-100-1-26,51,getsockname,3,0,"[{'name': 'sockfd', 'type': 'int', 'value': 4}, {'name': 'addr', 'type': 'const void*', 'value': ""{'sin_addr': '10.100.1.26','sa_family': 'AF_INET','sin_port': '22'}""}, {'name': 'addrlen', 'type': 'int*', 'value': '0x7FFF705E5E6C'}]",0,0
18830.295564,7785,7049,0,sshd,ip-10-100-1-26,5,fstat,2,0,"[{'name': 'fd', 'type': 'int', 'value': 5}, {'name': 'statbuf', 'type': 'struct stat*', 'value': '0x7FFF705E58E0'}]",0,0
18830.296243,7785,7049,0,sshd,ip-10-100-1-26,3,close,1,0,"[{'name': 'fd', 'type': 'int', 'value': 5}]",0,0
18830.296474,7785,7049,0,sshd,ip-10-100-1-26,1005,security_file_open,4,0,"[{'name': 'pathname', 'type': 'const char*', 'value': '/etc/hosts.deny'}, {'name': 'flags', 'type': 'int', 'value': 'O_RDONLY|O_LARGEFILE'}, {'name': 'dev', 'type': 'dev_t', 'value': 211812353}, {'name': 'inode', 'type': 'unsigned long', 'value': 800}]",0,0
18830.296763,7785,7049,0,sshd,ip-10-100-1-26,257,openat,4,5,"[{'name': 'dirfd', 'type': 'int', 'value': -100}, {'name': 'pathname', 'type': 'const char*', 'value': '/etc/hosts.deny'}, {'name': 'flags', 'type': 'int', 'value': 'O_RDONLY'}, {'name': 'mode', 'type': 'int', 'value': 4130926251}]",0,0
18830.296851,7785,7049,0,sshd,ip-10-100-1-26,3,close,1,0,"[{'name': 'fd', 'type': 'int', 'value': 5}]",0,0
18830.296804,7785,7049,0,sshd,ip-10-100-1-26,5,fstat,2,0,"[{'name': 'fd', 'type': 'int', 'value': 5}, {'name': 'statbuf', 'type': 'struct stat*', 'value': '0x7FFF705E58E0'}]",0,0
18830.298127,7785,7049,0,sshd,ip-10-100-1-26,51,getsockname,3,0,"[{'name': 'sockfd', 'type': 'int', 'value': 4}, {'name': 'addr', 'type': 'const void*', 'value': ""{'sa_family': 'AF_INET','sin_port': '22','sin_addr': '10.100.1.26'}""}, {'name': 'addrlen', 'type': 'int*', 'value': '0x7FFF705E5EBC'}]",0,0
18830.622699,1516,1,0,amazon-ssm-agen,ip-10-100-1-26,1005,security_file_open,4,0,"[{'name': 'pathname', 'type': 'const char*', 'value': '/dev/null'}, {'name': 'flags', 'type': 'int', 'value': 'O_RDONLY|O_LARGEFILE'}, {'name': 'dev', 'type': 'dev_t', 'value': 6}, {'name': 'inode', 'type': 'unsigned long', 'value': 6}]",0,0
18830.622751,1516,1,0,amazon-ssm-agen,ip-10-100-1-26,257,openat,4,13,"[{'name': 'dirfd', 'type': 'int', 'value': -100}, {'name': 'pathname', 'type': 'const char*', 'value': '/dev/null'}, {'name': 'flags', 'type': 'int', 'value': 'O_RDONLY|O_CLOEXEC'}, {'name': 'mode', 'type': 'int', 'value': 3684314698}]",0,0
18830.623242,7786,7291,0,amazon-ssm-agen,ip-10-100-1-26,33,dup2,2,0,"[{'name': 'oldfd', 'type': 'int', 'value': 13}, {'name': 'newfd', 'type': 'int', 'value': 0}]",0,0
18830.623268,7786,7291,0,amazon-ssm-agen,ip-10-100-1-26,33,dup2,2,1,"[{'name': 'oldfd', 'type': 'int', 'value': 15}, {'name': 'newfd', 'type': 'int', 'value': 1}]",0,0
18830.62331,7786,7291,0,amazon-ssm-agen,ip-10-100-1-26,33,dup2,2,2,"[{'name': 'oldfd', 'type': 'int', 'value': 15}, {'name': 'newfd', 'type': 'int', 'value': 2}]",0,0
18830.623331,7786,7291,0,amazon-ssm-agen,ip-10-100-1-26,59,execve,2,0,"[{'name': 'pathname', 'type': 'const char*', 'value': '/usr/bin/ps'}, {'name': 'argv', 'type': 'const char*const*', 'value': ['ps', '-e', '-o', 'pid,ppid,state,command']}]",0,0
18830.623434,7786,7291,0,amazon-ssm-agen,ip-10-100-1-26,1004,security_bprm_check,3,0,"[{'name': 'pathname', 'type': 'const char*', 'value': '/usr/bin/ps'}, {'name': 'dev', 'type': 'dev_t', 'value': 211812353}, {'name': 'inode', 'type': 'unsigned long', 'value': 1662}]",0,0
18830.623511,1516,1,0,amazon-ssm-agen,ip-10-100-1-26,56,clone,5,7786,"[{'name': 'flags', 'type': 'unsigned int', 'value': 'CLONE_VM|CLONE_VFORK'}, {'name': 'stack', 'type': 'void*', 'value': '0x0'}, {'name': 'parent_tid', 'type': 'int*', 'value': '0x0'}, {'name': 'child_tid', 'type': 'int*', 'value': '0x5649DB9A2F91'}, {'name': 'tls', 'type': 'unsigned long', 'value': 0}]",0,0
18830.623541,1516,1,0,amazon-ssm-agen,ip-10-100-1-26,3,close,1,0,"[{'name': 'fd', 'type': 'int', 'value': 17}]",0,0
18830.623708,1516,1,0,amazon-ssm-agen,ip-10-100-1-26,3,close,1,0,"[{'name': 'fd', 'type': 'int', 'value': 16}]",0,0
18830.623738,1516,1,0,amazon-ssm-agen,ip-10-100-1-26,3,close,1,0,"[{'name': 'fd', 'type': 'int', 'value': 13}]",0,0
18830.623766,1516,1,0,amazon-ssm-agen,ip-10-100-1-26,3,close,1,0,"[{'name': 'fd', 'type': 'int', 'value': 15}]",0,0
18830.623894,7786,7291,0,ps,ip-10-100-1-26,21,access,2,-2,"[{'name': 'pathname', 'type': 'const char*', 'value': '/etc/ld.so.preload'}, {'name': 'mode', 'type': 'int', 'value': 'R_OK'}]",0,0
18830.623926,7786,7291,0,ps,ip-10-100-1-26,1005,security_file_open,4,0,"[{'name': 'pathname', 'type': 'const char*', 'value': '/etc/ld.so.cache'}, {'name': 'flags', 'type': 'int', 'value': 'O_RDONLY|O_LARGEFILE'}, {'name': 'dev', 'type': 'dev_t', 'value': 211812353}, {'name': 'inode', 'type': 'unsigned long', 'value': 62957}]",0,0
18830.623978,7786,7291,0,ps,ip-10-100-1-26,5,fstat,2,0,"[{'name': 'fd', 'type': 'int', 'value': 3}, {'name': 'statbuf', 'type': 'struct stat*', 'value': '0x7FFC2BB1FC90'}]",0,0
18830.623955,7786,7291,0,ps,ip-10-100-1-26,257,openat,4,3,"[{'name': 'dirfd', 'type': 'int', 'value': -100}, {'name': 'pathname', 'type': 'const char*', 'value': '/etc/ld.so.cache'}, {'name': 'flags', 'type': 'int', 'value': 'O_RDONLY|O_CLOEXEC'}, {'name': 'mode', 'type': 'int', 'value': 2208403288}]",0,0
18830.624092,7786,7291,0,ps,ip-10-100-1-26,3,close,1,0,"[{'name': 'fd', 'type': 'int', 'value': 3}]",0,0
18830.624126,7786,7291,0,ps,ip-10-100-1-26,1005,security_file_open,4,0,"[{'name': 'pathname', 'type': 'const char*', 'value': '/usr/lib/x86_64-linux-gnu/libprocps.so.8.0.2'}, {'name': 'flags', 'type': 'int', 'value': 'O_RDONLY|O_LARGEFILE'}, {'name': 'dev', 'type': 'dev_t', 'value': 211812353}, {'name': 'inode', 'type': 'unsigned long', 'value': 3784}]",0,0
18830.624154,7786,7291,0,ps,ip-10-100-1-26,257,openat,4,3,"[{'name': 'dirfd', 'type': 'int', 'value': -100}, {'name': 'pathname', 'type': 'const char*', 'value': '/lib/x86_64-linux-gnu/libprocps.so.8'}, {'name': 'flags', 'type': 'int', 'value': 'O_RDONLY|O_CLOEXEC'}, {'name': 'mode', 'type': 'int', 'value': 2208403288}]",0,0
18830.624209,7786,7291,0,ps,ip-10-100-1-26,5,fstat,2,0,"[{'name': 'fd', 'type': 'int', 'value': 3}, {'name': 'statbuf', 'type': 'struct stat*', 'value': '0x7FFC2BB1FCE0'}]",0,0
18830.624326,7786,7291,0,ps,ip-10-100-1-26,3,close,1,0,"[{'name': 'fd', 'type': 'int', 'value': 3}]",0,0
18830.624379,7786,7291,0,ps,ip-10-100-1-26,1005,security_file_open,4,0,"[{'name': 'pathname', 'type': 'const char*', 'value': '/usr/lib/x86_64-linux-gnu/libdl-2.31.so'}, {'name': 'flags', 'type': 'int', 'value': 'O_RDONLY|O_LARGEFILE'}, {'name': 'dev', 'type': 'dev_t', 'value': 211812353}, {'name': 'inode', 'type': 'unsigned long', 'value': 4633}]",0,0
18830.624407,7786,7291,0,ps,ip-10-100-1-26,257,openat,4,3,"[{'name': 'dirfd', 'type': 'int', 'value': -100}, {'name': 'pathname', 'type': 'const char*', 'value': '/lib/x86_64-linux-gnu/libdl.so.2'}, {'name': 'flags', 'type': 'int', 'value': 'O_RDONLY|O_CLOEXEC'}, {'name': 'mode', 'type': 'int', 'value': 2208403288}]",0,0
18830.624434,7786,7291,0,ps,ip-10-100-1-26,5,fstat,2,0,"[{'name': 'fd', 'type': 'int', 'value': 3}, {'name': 'statbuf', 'type': 'struct stat*', 'value': '0x7FFC2BB1FCC0'}]",0,0
18830.624511,7786,7291,0,ps,ip-10-100-1-26,3,close,1,0,"[{'name': 'fd', 'type': 'int', 'value': 3}]",0,0
18830.624538,7786,7291,0,ps,ip-10-100-1-26,1005,security_file_open,4,0,"[{'name': 'pathname', 'type': 'const char*', 'value': '/usr/lib/x86_64-linux-gnu/libc-2.31.so'}, {'name': 'flags', 'type': 'int', 'value': 'O_RDONLY|O_LARGEFILE'}, {'name': 'dev', 'type': 'dev_t', 'value': 211812353}, {'name': 'inode', 'type': 'unsigned long', 'value': 4632}]",0,0
18830.624565,7786,7291,0,ps,ip-10-100-1-26,257,openat,4,3,"[{'name': 'dirfd', 'type': 'int', 'value': -100}, {'name': 'pathname', 'type': 'const char*', 'value': '/lib/x86_64-linux-gnu/libc.so.6'}, {'name': 'flags', 'type': 'int', 'value': 'O_RDONLY|O_CLOEXEC'}, {'name': 'mode', 'type': 'int', 'value': 2208403288}]",0,0
18830.624606,7786,7291,0,ps,ip-10-100-1-26,5,fstat,2,0,"[{'name': 'fd', 'type': 'int', 'value': 3}, {'name': 'statbuf', 'type': 'struct stat*', 'value': '0x7FFC2BB1FCA0'}]",0,0
18830.624735,7786,7291,0,ps,ip-10-100-1-26,3,close,1,0,"[{'name': 'fd', 'type': 'int', 'value': 3}]",0,0
18830.62477,7786,7291,0,ps,ip-10-100-1-26,1005,security_file_open,4,0,"[{'name': 'pathname', 'type': 'const char*', 'value': '/usr/lib/x86_64-linux-gnu/libsystemd.so.0.28.0'}, {'name': 'flags', 'type': 'int', 'value': 'O_RDONLY|O_LARGEFILE'}, {'name': 'dev', 'type': 'dev_t', 'value': 211812353}, {'name': 'inode', 'type': 'unsigned long', 'value': 4508}]",0,0
18830.624798,7786,7291,0,ps,ip-10-100-1-26,257,openat,4,3,"[{'name': 'dirfd', 'type': 'int', 'value': -100}, {'name': 'pathname', 'type': 'const char*', 'value': '/lib/x86_64-linux-gnu/libsystemd.so.0'}, {'name': 'flags', 'type': 'int', 'value': 'O_RDONLY|O_CLOEXEC'}, {'name': 'mode', 'type': 'int', 'value': 2208403288}]",0,0
18830.624825,7786,7291,0,ps,ip-10-100-1-26,5,fstat,2,0,"[{'name': 'fd', 'type': 'int', 'value': 3}, {'name': 'statbuf', 'type': 'struct stat*', 'value': '0x7FFC2BB1FC80'}]",0,0
18830.624918,7786,7291,0,ps,ip-10-100-1-26,3,close,1,0,"[{'name': 'fd', 'type': 'int', 'value': 3}]",0,0
18830.62495,7786,7291,0,ps,ip-10-100-1-26,1005,security_file_open,4,0,"[{'name': 'pathname', 'type': 'const char*', 'value': '/usr/lib/x86_64-linux-gnu/librt-2.31.so'}, {'name': 'flags', 'type': 'int', 'value': 'O_RDONLY|O_LARGEFILE'}, {'name': 'dev', 'type': 'dev_t', 'value': 211812353}, {'name': 'inode', 'type': 'unsigned long', 'value': 4647}]",0,0
18830.62498,7786,7291,0,ps,ip-10-100-1-26,257,openat,4,3,"[{'name': 'dirfd', 'type': 'int', 'value': -100}, {'name': 'pathname', 'type': 'const char*', 'value': '/lib/x86_64-linux-gnu/librt.so.1'}, {'name': 'flags', 'type': 'int', 'value': 'O_RDONLY|O_CLOEXEC'}, {'name': 'mode', 'type': 'int', 'value': 2208403288}]",0,0
18830.625007,7786,7291,0,ps,ip-10-100-1-26,5,fstat,2,0,"[{'name': 'fd', 'type': 'int', 'value': 3}, {'name': 'statbuf', 'type': 'struct stat*', 'value': '0x7FFC2BB1FC40'}]",0,0
18830.625094,7786,7291,0,ps,ip-10-100-1-26,3,close,1,0,"[{'name': 'fd', 'type': 'int', 'value': 3}]",0,0
18830.625123,7786,7291,0,ps,ip-10-100-1-26,1005,security_file_open,4,0,"[{'name': 'pathname', 'type': 'const char*', 'value': '/usr/lib/x86_64-linux-gnu/liblzma.so.5.2.4'}, {'name': 'flags', 'type': 'int', 'value': 'O_RDONLY|O_LARGEFILE'}, {'name': 'dev', 'type': 'dev_t', 'value': 211812353}, {'name': 'inode', 'type': 'unsigned long', 'value': 3696}]",0,0
18830.625151,7786,7291,0,ps,ip-10-100-1-26,257,openat,4,3,"[{'name': 'dirfd', 'type': 'int', 'value': -100}, {'name': 'pathname', 'type': 'const char*', 'value': '/lib/x86_64-linux-gnu/liblzma.so.5'}, {'name': 'flags', 'type': 'int', 'value': 'O_RDONLY|O_CLOEXEC'}, {'name': 'mode', 'type': 'int', 'value': 2208403288}]",0,0
18830.625178,7786,7291,0,ps,ip-10-100-1-26,5,fstat,2,0,"[{'name': 'fd', 'type': 'int', 'value': 3}, {'name': 'statbuf', 'type': 'struct stat*', 'value': '0x7FFC2BB1FC20'}]",0,0
18830.625263,7786,7291,0,ps,ip-10-100-1-26,3,close,1,0,"[{'name': 'fd', 'type': 'int', 'value': 3}]",0,0
18830.625292,7786,7291,0,ps,ip-10-100-1-26,1005,security_file_open,4,0,"[{'name': 'pathname', 'type': 'const char*', 'value': '/usr/lib/x86_64-linux-gnu/liblz4.so.1.9.2'}, {'name': 'flags', 'type': 'int', 'value': 'O_RDONLY|O_LARGEFILE'}, {'name': 'dev', 'type': 'dev_t', 'value': 211812353}, {'name': 'inode', 'type': 'unsigned long', 'value': 3701}]",0,0
18830.625319,7786,7291,0,ps,ip-10-100-1-26,257,openat,4,3,"[{'name': 'dirfd', 'type': 'int', 'value': -100}, {'name': 'pathname', 'type': 'const char*', 'value': '/lib/x86_64-linux-gnu/liblz4.so.1'}, {'name': 'flags', 'type': 'int', 'value': 'O_RDONLY|O_CLOEXEC'}, {'name': 'mode', 'type': 'int', 'value': 2208403288}]",0,0
18830.625346,7786,7291,0,ps,ip-10-100-1-26,5,fstat,2,0,"[{'name': 'fd', 'type': 'int', 'value': 3}, {'name': 'statbuf', 'type': 'struct stat*', 'value': '0x7FFC2BB1FC00'}]",0,0
18830.625437,7786,7291,0,ps,ip-10-100-1-26,3,close,1,0,"[{'name': 'fd', 'type': 'int', 'value': 3}]",0,0
18830.625466,7786,7291,0,ps,ip-10-100-1-26,1005,security_file_open,4,0,"[{'name': 'pathname', 'type': 'const char*', 'value': '/usr/lib/x86_64-linux-gnu/libgcrypt.so.20.2.5'}, {'name': 'flags', 'type': 'int', 'value': 'O_RDONLY|O_LARGEFILE'}, {'name': 'dev', 'type': 'dev_t', 'value': 211812353}, {'name': 'inode', 'type': 'unsigned long', 'value': 3419}]",0,0
18830.625493,7786,7291,0,ps,ip-10-100-1-26,257,openat,4,3,"[{'name': 'dirfd', 'type': 'int', 'value': -100}, {'name': 'pathname', 'type': 'const char*', 'value': '/lib/x86_64-linux-gnu/libgcrypt.so.20'}, {'name': 'flags', 'type': 'int', 'value': 'O_RDONLY|O_CLOEXEC'}, {'name': 'mode', 'type': 'int', 'value': 2208403288}]",0,0
18830.62552,7786,7291,0,ps,ip-10-100-1-26,5,fstat,2,0,"[{'name': 'fd', 'type': 'int', 'value': 3}, {'name': 'statbuf', 'type': 'struct stat*', 'value': '0x7FFC2BB1FBE0'}]",0,0
18830.625597,7786,7291,0,ps,ip-10-100-1-26,3,close,1,0,"[{'name': 'fd', 'type': 'int', 'value': 3}]",0,0
18830.625627,7786,7291,0,ps,ip-10-100-1-26,1005,security_file_open,4,0,"[{'name': 'pathname', 'type': 'const char*', 'value': '/usr/lib/x86_64-linux-gnu/libpthread-2.31.so'}, {'name': 'flags', 'type': 'int', 'value': 'O_RDONLY|O_LARGEFILE'}, {'name': 'dev', 'type': 'dev_t', 'value': 211812353}, {'name': 'inode', 'type': 'unsigned long', 'value': 4645}]",0,0
18830.625667,7786,7291,0,ps,ip-10-100-1-26,257,openat,4,3,"[{'name': 'dirfd', 'type': 'int', 'value': -100}, {'name': 'pathname', 'type': 'const char*', 'value': '/lib/x86_64-linux-gnu/libpthread.so.0'}, {'name': 'flags', 'type': 'int', 'value': 'O_RDONLY|O_CLOEXEC'}, {'name': 'mode', 'type': 'int', 'value': 2208403288}]",0,0
18830.625712,7786,7291,0,ps,ip-10-100-1-26,5,fstat,2,0,"[{'name': 'fd', 'type': 'int', 'value': 3}, {'name': 'statbuf', 'type': 'struct stat*', 'value': '0x7FFC2BB1FBC0'}]",0,0
18830.625806,7786,7291,0,ps,ip-10-100-1-26,3,close,1,0,"[{'name': 'fd', 'type': 'int', 'value': 3}]",0,0
18830.625841,7786,7291,0,ps,ip-10-100-1-26,1005,security_file_open,4,0,"[{'name': 'pathname', 'type': 'const char*', 'value': '/usr/lib/x86_64-linux-gnu/libgpg-error.so.0.28.0'}, {'name': 'flags', 'type': 'int', 'value': 'O_RDONLY|O_LARGEFILE'}, {'name': 'dev', 'type': 'dev_t', 'value': 211812353}, {'name': 'inode', 'type': 'unsigned long', 'value': 3698}]",0,0
18830.625869,7786,7291,0,ps,ip-10-100-1-26,257,openat,4,3,"[{'name': 'dirfd', 'type': 'int', 'value': -100}, {'name': 'pathname', 'type': 'const char*', 'value': '/lib/x86_64-linux-gnu/libgpg-error.so.0'}, {'name': 'flags', 'type': 'int', 'value': 'O_RDONLY|O_CLOEXEC'}, {'name': 'mode', 'type': 'int', 'value': 2208403288}]",0,0
18830.625897,7786,7291,0,ps,ip-10-100-1-26,5,fstat,2,0,"[{'name': 'fd', 'type': 'int', 'value': 3}, {'name': 'statbuf', 'type': 'struct stat*', 'value': '0x7FFC2BB1FBA0'}]",0,0
18830.625972,7786,7291,0,ps,ip-10-100-1-26,3,close,1,0,"[{'name': 'fd', 'type': 'int', 'value': 3}]",0,0
18830.626603,7786,7291,0,ps,ip-10-100-1-26,1005,security_file_open,4,0,"[{'name': 'pathname', 'type': 'const char*', 'value': '/proc/7786/auxv'}, {'name': 'flags', 'type': 'int', 'value': 'O_RDONLY|O_LARGEFILE'}, {'name': 'dev', 'type': 'dev_t', 'value': 5}, {'name': 'inode', 'type': 'unsigned long', 'value': 127942}]",0,0
18830.626637,7786,7291,0,ps,ip-10-100-1-26,257,openat,4,3,"[{'name': 'dirfd', 'type': 'int', 'value': -100}, {'name': 'pathname', 'type': 'const char*', 'value': '/proc/self/auxv'}, {'name': 'flags', 'type': 'int', 'value': 'O_RDONLY'}, {'name': 'mode', 'type': 'int', 'value': 2207129259}]",0,0
18830.626665,7786,7291,0,ps,ip-10-100-1-26,5,fstat,2,0,"[{'name': 'fd', 'type': 'int', 'value': 3}, {'name': 'statbuf', 'type': 'struct stat*', 'value': '0x7FFC2BB208B0'}]",0,0
18830.626695,7786,7291,0,ps,ip-10-100-1-26,3,close,1,0,"[{'name': 'fd', 'type': 'int', 'value': 3}]",0,0
18830.626728,7786,7291,0,ps,ip-10-100-1-26,1005,security_file_open,4,0,"[{'name': 'pathname', 'type': 'const char*', 'value': '/proc/sys/kernel/osrelease'}, {'name': 'flags', 'type': 'int', 'value': 'O_RDONLY|O_LARGEFILE'}, {'name': 'dev', 'type': 'dev_t', 'value': 5}, {'name': 'inode', 'type': 'unsigned long', 'value': 127535}]",0,0
18830.626755,7786,7291,0,ps,ip-10-100-1-26,257,openat,4,3,"[{'name': 'dirfd', 'type': 'int', 'value': -100}, {'name': 'pathname', 'type': 'const char*', 'value': '/proc/sys/kernel/osrelease'}, {'name': 'flags', 'type': 'int', 'value': 'O_RDONLY'}, {'name': 'mode', 'type': 'int', 'value': 2207129259}]",0,0
18830.626778,7786,7291,0,ps,ip-10-100-1-26,5,fstat,2,0,"[{'name': 'fd', 'type': 'int', 'value': 3}, {'name': 'statbuf', 'type': 'struct stat*', 'value': '0x7FFC2BB20750'}]",0,0
18830.626806,7786,7291,0,ps,ip-10-100-1-26,3,close,1,0,"[{'name': 'fd', 'type': 'int', 'value': 3}]",0,0
18830.626854,7786,7291,0,ps,ip-10-100-1-26,1005,security_file_open,4,0,"[{'name': 'pathname', 'type': 'const char*', 'value': '/sys/devices/system/cpu/online'}, {'name': 'flags', 'type': 'int', 'value': 'O_RDONLY|O_LARGEFILE'}, {'name': 'dev', 'type': 'dev_t', 'value': 22}, {'name': 'inode', 'type': 'unsigned long', 'value': 39}]",0,0
18830.626884,7786,7291,0,ps,ip-10-100-1-26,257,openat,4,3,"[{'name': 'dirfd', 'type': 'int', 'value': -100}, {'name': 'pathname', 'type': 'const char*', 'value': '/sys/devices/system/cpu/online'}, {'name': 'flags', 'type': 'int', 'value': 'O_RDONLY|O_CLOEXEC'}, {'name': 'mode', 'type': 'int', 'value': 2207151708}]",0,0
18830.626916,7786,7291,0,ps,ip-10-100-1-26,3,close,1,0,"[{'name': 'fd', 'type': 'int', 'value': 3}]",0,0
18830.626942,7786,7291,0,ps,ip-10-100-1-26,1005,security_file_open,4,0,"[{'name': 'pathname', 'type': 'const char*', 'value': '/proc/7786/auxv'}, {'name': 'flags', 'type': 'int', 'value': 'O_RDONLY|O_LARGEFILE'}, {'name': 'dev', 'type': 'dev_t', 'value': 5}, {'name': 'inode', 'type': 'unsigned long', 'value': 127942}]",0,0
18830.626967,7786,7291,0,ps,ip-10-100-1-26,257,openat,4,3,"[{'name': 'dirfd', 'type': 'int', 'value': -100}, {'name': 'pathname', 'type': 'const char*', 'value': '/proc/self/auxv'}, {'name': 'flags', 'type': 'int', 'value': 'O_RDONLY'}, {'name': 'mode', 'type': 'int', 'value': 2207129259}]",0,0
18830.627001,7786,7291,0,ps,ip-10-100-1-26,5,fstat,2,0,"[{'name': 'fd', 'type': 'int', 'value': 3}, {'name': 'statbuf', 'type': 'struct stat*', 'value': '0x7FFC2BB208B0'}]",0,0
18830.627027,7786,7291,0,ps,ip-10-100-1-26,3,close,1,0,"[{'name': 'fd', 'type': 'int', 'value': 3}]",0,0
18830.62708,7786,7291,0,ps,ip-10-100-1-26,1005,security_file_open,4,0,"[{'name': 'pathname', 'type': 'const char*', 'value': '/usr/lib/locale/locale-archive'}, {'name': 'flags', 'type': 'int', 'value': 'O_RDONLY|O_LARGEFILE'}, {'name': 'dev', 'type': 'dev_t', 'value': 211812353}, {'name': 'inode', 'type': 'unsigned long', 'value': 5864}]",0,0
18830.627109,7786,7291,0,ps,ip-10-100-1-26,257,openat,4,3,"[{'name': 'dirfd', 'type': 'int', 'value': -100}, {'name': 'pathname', 'type': 'const char*', 'value': '/usr/lib/locale/locale-archive'}, {'name': 'flags', 'type': 'int', 'value': 'O_RDONLY|O_CLOEXEC'}, {'name': 'mode', 'type': 'int', 'value': 2207151708}]",0,0
18830.627131,7786,7291,0,ps,ip-10-100-1-26,5,fstat,2,0,"[{'name': 'fd', 'type': 'int', 'value': 3}, {'name': 'statbuf', 'type': 'struct stat*', 'value': '0x7F96839BE6C0'}]",0,0
18830.627168,7786,7291,0,ps,ip-10-100-1-26,3,close,1,0,"[{'name': 'fd', 'type': 'int', 'value': 3}]",0,0
18830.627194,7786,7291,0,ps,ip-10-100-1-26,1005,security_file_open,4,0,"[{'name': 'pathname', 'type': 'const char*', 'value': '/etc/locale.alias'}, {'name': 'flags', 'type': 'int', 'value': 'O_RDONLY|O_LARGEFILE'}, {'name': 'dev', 'type': 'dev_t', 'value': 211812353}, {'name': 'inode', 'type': 'unsigned long', 'value': 690}]",0,0
18830.62722,7786,7291,0,ps,ip-10-100-1-26,257,openat,4,3,"[{'name': 'dirfd', 'type': 'int', 'value': -100}, {'name': 'pathname', 'type': 'const char*', 'value': '/usr/share/locale/locale.alias'}, {'name': 'flags', 'type': 'int', 'value': 'O_RDONLY|O_CLOEXEC'}, {'name': 'mode', 'type': 'int', 'value': 2207151708}]",0,0
18830.627242,7786,7291,0,ps,ip-10-100-1-26,5,fstat,2,0,"[{'name': 'fd', 'type': 'int', 'value': 3}, {'name': 'statbuf', 'type': 'struct stat*', 'value': '0x7FFC2BB202C0'}]",0,0
18830.627287,7786,7291,0,ps,ip-10-100-1-26,3,close,1,0,"[{'name': 'fd', 'type': 'int', 'value': 3}]",0,0
18830.627323,7786,7291,0,ps,ip-10-100-1-26,1005,security_file_open,4,0,"[{'name': 'pathname', 'type': 'const char*', 'value': '/usr/lib/locale/C.UTF-8/LC_IDENTIFICATION'}, {'name': 'flags', 'type': 'int', 'value': 'O_RDONLY|O_LARGEFILE'}, {'name': 'dev', 'type': 'dev_t', 'value': 211812353}, {'name': 'inode', 'type': 'unsigned long', 'value': 5871}]",0,0
18830.627351,7786,7291,0,ps,ip-10-100-1-26,257,openat,4,3,"[{'name': 'dirfd', 'type': 'int', 'value': -100}, {'name': 'pathname', 'type': 'const char*', 'value': '/usr/lib/locale/C.UTF-8/LC_IDENTIFICATION'}, {'name': 'flags', 'type': 'int', 'value': 'O_RDONLY|O_CLOEXEC'}, {'name': 'mode', 'type': 'int', 'value': 2207151708}]",0,0
18830.627372,7786,7291,0,ps,ip-10-100-1-26,5,fstat,2,0,"[{'name': 'fd', 'type': 'int', 'value': 3}, {'name': 'statbuf', 'type': 'struct stat*', 'value': '0x7FFC2BB20650'}]",0,0
18830.627403,7786,7291,0,ps,ip-10-100-1-26,3,close,1,0,"[{'name': 'fd', 'type': 'int', 'value': 3}]",0,0
18830.62743,7786,7291,0,ps,ip-10-100-1-26,1005,security_file_open,4,0,"[{'name': 'pathname', 'type': 'const char*', 'value': '/usr/lib/x86_64-linux-gnu/gconv/gconv-modules.cache'}, {'name': 'flags', 'type': 'int', 'value': 'O_RDONLY|O_LARGEFILE'}, {'name': 'dev', 'type': 'dev_t', 'value': 211812353}, {'name': 'inode', 'type': 'unsigned long', 'value': 3682}]",0,0
18830.627458,7786,7291,0,ps,ip-10-100-1-26,257,openat,4,3,"[{'name': 'dirfd', 'type': 'int', 'value': -100}, {'name': 'pathname', 'type': 'const char*', 'value': '/usr/lib/x86_64-linux-gnu/gconv/gconv-modules.cache'}, {'name': 'flags', 'type': 'int', 'value': 'O_RDONLY'}, {'name': 'mode', 'type': 'int', 'value': 2207151708}]",0,0
18830.627479,7786,7291,0,ps,ip-10-100-1-26,5,fstat,2,0,"[{'name': 'fd', 'type': 'int', 'value': 3}, {'name': 'statbuf', 'type': 'struct stat*', 'value': '0x7FFC2BB204F0'}]",0,0
18830.627509,7786,7291,0,ps,ip-10-100-1-26,3,close,1,0,"[{'name': 'fd', 'type': 'int', 'value': 3}]",0,0
18830.627543,7786,7291,0,ps,ip-10-100-1-26,1005,security_file_open,4,0,"[{'name': 'pathname', 'type': 'const char*', 'value': '/usr/lib/locale/C.UTF-8/LC_MEASUREMENT'}, {'name': 'flags', 'type': 'int', 'value': 'O_RDONLY|O_LARGEFILE'}, {'name': 'dev', 'type': 'dev_t', 'value': 211812353}, {'name': 'inode', 'type': 'unsigned long', 'value': 5872}]",0,0
18830.627571,7786,7291,0,ps,ip-10-100-1-26,257,openat,4,3,"[{'name': 'dirfd', 'type': 'int', 'value': -100}, {'name': 'pathname', 'type': 'const char*', 'value': '/usr/lib/locale/C.UTF-8/LC_MEASUREMENT'}, {'name': 'flags', 'type': 'int', 'value': 'O_RDONLY|O_CLOEXEC'}, {'name': 'mode', 'type': 'int', 'value': 2207151708}]",0,0
18830.627592,7786,7291,0,ps,ip-10-100-1-26,5,fstat,2,0,"[{'name': 'fd', 'type': 'int', 'value': 3}, {'name': 'statbuf', 'type': 'struct stat*', 'value': '0x7FFC2BB20650'}]",0,0
18830.627622,7786,7291,0,ps,ip-10-100-1-26,3,close,1,0,"[{'name': 'fd', 'type': 'int', 'value': 3}]",0,0
18830.62765,7786,7291,0,ps,ip-10-100-1-26,1005,security_file_open,4,0,"[{'name': 'pathname', 'type': 'const char*', 'value': '/usr/lib/locale/C.UTF-8/LC_TELEPHONE'}, {'name': 'flags', 'type': 'int', 'value': 'O_RDONLY|O_LARGEFILE'}, {'name': 'dev', 'type': 'dev_t', 'value': 211812353}, {'name': 'inode', 'type': 'unsigned long', 'value': 5877}]",0,0
18830.627702,7786,7291,0,ps,ip-10-100-1-26,257,openat,4,3,"[{'name': 'dirfd', 'type': 'int', 'value': -100}, {'name': 'pathname', 'type': 'const char*', 'value': '/usr/lib/locale/C.UTF-8/LC_TELEPHONE'}, {'name': 'flags', 'type': 'int', 'value': 'O_RDONLY|O_CLOEXEC'}, {'name': 'mode', 'type': 'int', 'value': 2207151708}]",0,0
18830.627724,7786,7291,0,ps,ip-10-100-1-26,5,fstat,2,0,"[{'name': 'fd', 'type': 'int', 'value': 3}, {'name': 'statbuf', 'type': 'struct stat*', 'value': '0x7FFC2BB20650'}]",0,0
18830.627757,7786,7291,0,ps,ip-10-100-1-26,3,close,1,0,"[{'name': 'fd', 'type': 'int', 'value': 3}]",0,0
18830.627785,7786,7291,0,ps,ip-10-100-1-26,1005,security_file_open,4,0,"[{'name': 'pathname', 'type': 'const char*', 'value': '/usr/lib/locale/C.UTF-8/LC_ADDRESS'}, {'name': 'flags', 'type': 'int', 'value': 'O_RDONLY|O_LARGEFILE'}, {'name': 'dev', 'type': 'dev_t', 'value': 211812353}, {'name': 'inode', 'type': 'unsigned long', 'value': 5868}]",0,0
18830.627812,7786,7291,0,ps,ip-10-100-1-26,257,openat,4,3,"[{'name': 'dirfd', 'type': 'int', 'value': -100}, {'name': 'pathname', 'type': 'const char*', 'value': '/usr/lib/locale/C.UTF-8/LC_ADDRESS'}, {'name': 'flags', 'type': 'int', 'value': 'O_RDONLY|O_CLOEXEC'}, {'name': 'mode', 'type': 'int', 'value': 2207151708}]",0,0
18830.627833,7786,7291,0,ps,ip-10-100-1-26,5,fstat,2,0,"[{'name': 'fd', 'type': 'int', 'value': 3}, {'name': 'statbuf', 'type': 'struct stat*', 'value': '0x7FFC2BB20650'}]",0,0
18830.627863,7786,7291,0,ps,ip-10-100-1-26,3,close,1,0,"[{'name': 'fd', 'type': 'int', 'value': 3}]",0,0
18830.62789,7786,7291,0,ps,ip-10-100-1-26,1005,security_file_open,4,0,"[{'name': 'pathname', 'type': 'const char*', 'value': '/usr/lib/locale/C.UTF-8/LC_NAME'}, {'name': 'flags', 'type': 'int', 'value': 'O_RDONLY|O_LARGEFILE'}, {'name': 'dev', 'type': 'dev_t', 'value': 211812353}, {'name': 'inode', 'type': 'unsigned long', 'value': 5874}]",0,0
18830.627916,7786,7291,0,ps,ip-10-100-1-26,257,openat,4,3,"[{'name': 'dirfd', 'type': 'int', 'value': -100}, {'name': 'pathname', 'type': 'const char*', 'value': '/usr/lib/locale/C.UTF-8/LC_NAME'}, {'name': 'flags', 'type': 'int', 'value': 'O_RDONLY|O_CLOEXEC'}, {'name': 'mode', 'type': 'int', 'value': 2207151708}]",0,0
18830.627938,7786,7291,0,ps,ip-10-100-1-26,5,fstat,2,0,"[{'name': 'fd', 'type': 'int', 'value': 3}, {'name': 'statbuf', 'type': 'struct stat*', 'value': '0x7FFC2BB20650'}]",0,0
18830.627967,7786,7291,0,ps,ip-10-100-1-26,3,close,1,0,"[{'name': 'fd', 'type': 'int', 'value': 3}]",0,0
18830.627994,7786,7291,0,ps,ip-10-100-1-26,1005,security_file_open,4,0,"[{'name': 'pathname', 'type': 'const char*', 'value': '/usr/lib/locale/C.UTF-8/LC_PAPER'}, {'name': 'flags', 'type': 'int', 'value': 'O_RDONLY|O_LARGEFILE'}, {'name': 'dev', 'type': 'dev_t', 'value': 211812353}, {'name': 'inode', 'type': 'unsigned long', 'value': 5876}]",0,0
18830.628021,7786,7291,0,ps,ip-10-100-1-26,257,openat,4,3,"[{'name': 'dirfd', 'type': 'int', 'value': -100}, {'name': 'pathname', 'type': 'const char*', 'value': '/usr/lib/locale/C.UTF-8/LC_PAPER'}, {'name': 'flags', 'type': 'int', 'value': 'O_RDONLY|O_CLOEXEC'}, {'name': 'mode', 'type': 'int', 'value': 2207151708}]",0,0
18830.628042,7786,7291,0,ps,ip-10-100-1-26,5,fstat,2,0,"[{'name': 'fd', 'type': 'int', 'value': 3}, {'name': 'statbuf', 'type': 'struct stat*', 'value': '0x7FFC2BB20650'}]",0,0
18830.628072,7786,7291,0,ps,ip-10-100-1-26,3,close,1,0,"[{'name': 'fd', 'type': 'int', 'value': 3}]",0,0
18830.628102,7786,7291,0,ps,ip-10-100-1-26,1005,security_file_open,4,0,"[{'name': 'pathname', 'type': 'const char*', 'value': '/usr/lib/locale/C.UTF-8/LC_MESSAGES'}, {'name': 'flags', 'type': 'int', 'value': 'O_RDONLY|O_LARGEFILE'}, {'name': 'dev', 'type': 'dev_t', 'value': 211812353}, {'name': 'inode', 'type': 'unsigned long', 'value': 5866}]",0,0
18830.628129,7786,7291,0,ps,ip-10-100-1-26,257,openat,4,3,"[{'name': 'dirfd', 'type': 'int', 'value': -100}, {'name': 'pathname', 'type': 'const char*', 'value': '/usr/lib/locale/C.UTF-8/LC_MESSAGES'}, {'name': 'flags', 'type': 'int', 'value': 'O_RDONLY|O_CLOEXEC'}, {'name': 'mode', 'type': 'int', 'value': 2207151708}]",0,0
18830.62815,7786,7291,0,ps,ip-10-100-1-26,5,fstat,2,0,"[{'name': 'fd', 'type': 'int', 'value': 3}, {'name': 'statbuf', 'type': 'struct stat*', 'value': '0x7FFC2BB20650'}]",0,0
18830.628171,7786,7291,0,ps,ip-10-100-1-26,3,close,1,0,"[{'name': 'fd', 'type': 'int', 'value': 3}]",0,0
18830.628194,7786,7291,0,ps,ip-10-100-1-26,1005,security_file_open,4,0,"[{'name': 'pathname', 'type': 'const char*', 'value': '/usr/lib/locale/C.UTF-8/LC_MESSAGES/SYS_LC_MESSAGES'}, {'name': 'flags', 'type': 'int', 'value': 'O_RDONLY|O_LARGEFILE'}, {'name': 'dev', 'type': 'dev_t', 'value': 211812353}, {'name': 'inode', 'type': 'unsigned long', 'value': 5867}]",0,0
18830.62822,7786,7291,0,ps,ip-10-100-1-26,257,openat,4,3,"[{'name': 'dirfd', 'type': 'int', 'value': -100}, {'name': 'pathname', 'type': 'const char*', 'value': '/usr/lib/locale/C.UTF-8/LC_MESSAGES/SYS_LC_MESSAGES'}, {'name': 'flags', 'type': 'int', 'value': 'O_RDONLY|O_CLOEXEC'}, {'name': 'mode', 'type': 'int', 'value': 2207151708}]",0,0
18830.628242,7786,7291,0,ps,ip-10-100-1-26,5,fstat,2,0,"[{'name': 'fd', 'type': 'int', 'value': 3}, {'name': 'statbuf', 'type': 'struct stat*', 'value': '0x7FFC2BB20650'}]",0,0
18830.628271,7786,7291,0,ps,ip-10-100-1-26,3,close,1,0,"[{'name': 'fd', 'type': 'int', 'value': 3}]",0,0
18830.628302,7786,7291,0,ps,ip-10-100-1-26,1005,security_file_open,4,0,"[{'name': 'pathname', 'type': 'const char*', 'value': '/usr/lib/locale/C.UTF-8/LC_MONETARY'}, {'name': 'flags', 'type': 'int', 'value': 'O_RDONLY|O_LARGEFILE'}, {'name': 'dev', 'type': 'dev_t', 'value': 211812353}, {'name': 'inode', 'type': 'unsigned long', 'value': 5873}]",0,0
18830.63374,7785,7049,0,sshd,ip-10-100-1-26,1005,security_file_open,4,0,"[{'name': 'pathname', 'type': 'const char*', 'value': '/usr/share/zoneinfo/Etc/UTC'}, {'name': 'flags', 'type': 'int', 'value': 'O_RDONLY|O_LARGEFILE'}, {'name': 'dev', 'type': 'dev_t', 'value': 211812353}, {'name': 'inode', 'type': 'unsigned long', 'value': 30889}]",0,0
18830.633778,7785,7049,0,sshd,ip-10-100-1-26,257,openat,4,5,"[{'name': 'dirfd', 'type': 'int', 'value': -100}, {'name': 'pathname', 'type': 'const char*', 'value': '/etc/localtime'}, {'name': 'flags', 'type': 'int', 'value': 'O_RDONLY|O_CLOEXEC'}, {'name': 'mode', 'type': 'int', 'value': 4130948700}]",0,0
18830.633802,7785,7049,0,sshd,ip-10-100-1-26,5,fstat,2,0,"[{'name': 'fd', 'type': 'int', 'value': 5}, {'name': 'statbuf', 'type': 'struct stat*', 'value': '0x7FFF705E5690'}]",0,0
18830.633823,7785,7049,0,sshd,ip-10-100-1-26,5,fstat,2,0,"[{'name': 'fd', 'type': 'int', 'value': 5}, {'name': 'statbuf', 'type': 'struct stat*', 'value': '0x7FFF705E54C0'}]",0,0
18830.633874,7785,7049,0,sshd,ip-10-100-1-26,3,close,1,0,"[{'name': 'fd', 'type': 'int', 'value': 5}]",0,0
18830.633918,7785,7049,0,sshd,ip-10-100-1-26,41,socket,3,5,"[{'name': 'domain', 'type': 'int', 'value': 'AF_UNIX'}, {'name': 'type', 'type': 'int', 'value': 'SOCK_DGRAM|SOCK_CLOEXEC'}, {'name': 'protocol', 'type': 'int', 'value': 0}]",0,0
18830.633948,7785,7049,0,sshd,ip-10-100-1-26,42,connect,3,0,"[{'name': 'sockfd', 'type': 'int', 'value': 5}, {'name': 'addr', 'type': 'void*', 'value': ""{'sa_family': 'AF_UNIX','sun_path': '/dev/log'}""}, {'name': 'addrlen', 'type': 'int', 'value': 110}]",0,0
18830.633999,7785,7049,0,sshd,ip-10-100-1-26,3,close,1,0,"[{'name': 'fd', 'type': 'int', 'value': 5}]",0,0
18830.634307,7785,7049,0,sshd,ip-10-100-1-26,1010,sched_process_exit,0,0,[],0,0
18830.634363,7049,1,0,sshd,ip-10-100-1-26,3,close,1,0,"[{'name': 'fd', 'type': 'int', 'value': 6}]",0,0
18830.63454,159,1,0,systemd-journal,ip-10-100-1-26,1003,cap_capable,1,0,"[{'name': 'cap', 'type': 'int', 'value': 'CAP_KILL'}]",0,0
18830.634564,159,1,0,systemd-journal,ip-10-100-1-26,62,kill,2,-1,"[{'name': 'pid', 'type': 'pid_t', 'value': 387}, {'name': 'sig', 'type': 'int', 'value': 0}]",0,0
18830.634623,159,1,0,systemd-journal,ip-10-100-1-26,62,kill,2,0,"[{'name': 'pid', 'type': 'pid_t', 'value': 481}, {'name': 'sig', 'type': 'int', 'value': 0}]",0,0
18830.634644,159,1,0,systemd-journal,ip-10-100-1-26,62,kill,2,0,"[{'name': 'pid', 'type': 'pid_t', 'value': 488}, {'name': 'sig', 'type': 'int', 'value': 0}]",0,0
18830.634664,159,1,0,systemd-journal,ip-10-100-1-26,1003,cap_capable,1,0,"[{'name': 'cap', 'type': 'int', 'value': 'CAP_KILL'}]",0,0
18830.634698,159,1,0,systemd-journal,ip-10-100-1-26,62,kill,2,-1,"[{'name': 'pid', 'type': 'pid_t', 'value': 508}, {'name': 'sig', 'type': 'int', 'value': 0}]",0,0
18830.634721,159,1,0,systemd-journal,ip-10-100-1-26,62,kill,2,0,"[{'name': 'pid', 'type': 'pid_t', 'value': 7049}, {'name': 'sig', 'type': 'int', 'value': 0}]",0,0
18830.634743,159,1,0,systemd-journal,ip-10-100-1-26,1003,cap_capable,1,0,"[{'name': 'cap', 'type': 'int', 'value': 'CAP_KILL'}]",0,0
18830.634761,159,1,0,systemd-journal,ip-10-100-1-26,62,kill,2,-1,"[{'name': 'pid', 'type': 'pid_t', 'value': 489}, {'name': 'sig', 'type': 'int', 'value': 0}]",0,0
18830.634783,159,1,0,systemd-journal,ip-10-100-1-26,62,kill,2,0,"[{'name': 'pid', 'type': 'pid_t', 'value': 676}, {'name': 'sig', 'type': 'int', 'value': 0}]",0,0
18830.634805,159,1,0,systemd-journal,ip-10-100-1-26,62,kill,2,0,"[{'name': 'pid', 'type': 'pid_t', 'value': 480}, {'name': 'sig', 'type': 'int', 'value': 0}]",0,0
18830.634828,159,1,0,systemd-journal,ip-10-100-1-26,1003,cap_capable,1,0,"[{'name': 'cap', 'type': 'int', 'value': 'CAP_KILL'}]",0,0
18830.634846,159,1,0,systemd-journal,ip-10-100-1-26,62,kill,2,-1,"[{'name': 'pid', 'type': 'pid_t', 'value': 309}, {'name': 'sig', 'type': 'int', 'value': 0}]",0,0
18830.634868,159,1,0,systemd-journal,ip-10-100-1-26,62,kill,2,0,"[{'name': 'pid', 'type': 'pid_t', 'value': 7237}, {'name': 'sig', 'type': 'int', 'value': 0}]",0,0
18830.63489,159,1,0,systemd-journal,ip-10-100-1-26,62,kill,2,0,"[{'name': 'pid', 'type': 'pid_t', 'value': 7093}, {'name': 'sig', 'type': 'int', 'value': 0}]",0,0
18830.634913,159,1,0,systemd-journal,ip-10-100-1-26,1003,cap_capable,1,0,"[{'name': 'cap', 'type': 'int', 'value': 'CAP_KILL'}]",0,0
18830.634931,159,1,0,systemd-journal,ip-10-100-1-26,62,kill,2,-1,"[{'name': 'pid', 'type': 'pid_t', 'value': 383}, {'name': 'sig', 'type': 'int', 'value': 0}]",0,0
18830.634953,159,1,0,systemd-journal,ip-10-100-1-26,62,kill,2,0,"[{'name': 'pid', 'type': 'pid_t', 'value': 520}, {'name': 'sig', 'type': 'int', 'value': 0}]",0,0
18830.634975,159,1,0,systemd-journal,ip-10-100-1-26,62,kill,2,-3,"[{'name': 'pid', 'type': 'pid_t', 'value': 7782}, {'name': 'sig', 'type': 'int', 'value': 0}]",0,0
18830.635022,159,1,0,systemd-journal,ip-10-100-1-26,257,openat,4,-2,"[{'name': 'dirfd', 'type': 'int', 'value': -100}, {'name': 'pathname', 'type': 'const char*', 'value': '/proc/7785/comm'}, {'name': 'flags', 'type': 'int', 'value': 'O_RDONLY|O_CLOEXEC'}, {'name': 'mode', 'type': 'int', 'value': 3713515300}]",0,0
18830.635065,159,1,0,systemd-journal,ip-10-100-1-26,257,openat,4,-2,"[{'name': 'dirfd', 'type': 'int', 'value': -100}, {'name': 'pathname', 'type': 'const char*', 'value': '/proc/7785/cmdline'}, {'name': 'flags', 'type': 'int', 'value': 'O_RDONLY|O_CLOEXEC'}, {'name': 'mode', 'type': 'int', 'value': 3713515300}]",0,0
18830.63509,159,1,0,systemd-journal,ip-10-100-1-26,257,openat,4,-2,"[{'name': 'dirfd', 'type': 'int', 'value': -100}, {'name': 'pathname', 'type': 'const char*', 'value': '/proc/7785/status'}, {'name': 'flags', 'type': 'int', 'value': 'O_RDONLY|O_CLOEXEC'}, {'name': 'mode', 'type': 'int', 'value': 3713515300}]",0,0
18830.635117,159,1,0,systemd-journal,ip-10-100-1-26,257,openat,4,-2,"[{'name': 'dirfd', 'type': 'int', 'value': -100}, {'name': 'pathname', 'type': 'const char*', 'value': '/proc/7785/attr/current'}, {'name': 'flags', 'type': 'int', 'value': 'O_RDONLY|O_CLOEXEC'}, {'name': 'mode', 'type': 'int', 'value': 3713515300}]",0,0
18830.635142,159,1,0,systemd-journal,ip-10-100-1-26,257,openat,4,-2,"[{'name': 'dirfd', 'type': 'int', 'value': -100}, {'name': 'pathname', 'type': 'const char*', 'value': '/proc/7785/sessionid'}, {'name': 'flags', 'type': 'int', 'value': 'O_RDONLY|O_CLOEXEC'}, {'name': 'mode', 'type': 'int', 'value': 3713515300}]",0,0
18830.635167,159,1,0,systemd-journal,ip-10-100-1-26,257,openat,4,-2,"[{'name': 'dirfd', 'type': 'int', 'value': -100}, {'name': 'pathname', 'type': 'const char*', 'value': '/proc/7785/loginuid'}, {'name': 'flags', 'type': 'int', 'value': 'O_RDONLY|O_CLOEXEC'}, {'name': 'mode', 'type': 'int', 'value': 3713515300}]",0,0
18830.635193,159,1,0,systemd-journal,ip-10-100-1-26,257,openat,4,-2,"[{'name': 'dirfd', 'type': 'int', 'value': -100}, {'name': 'pathname', 'type': 'const char*', 'value': '/proc/7785/cgroup'}, {'name': 'flags', 'type': 'int', 'value': 'O_RDONLY|O_CLOEXEC'}, {'name': 'mode', 'type': 'int', 'value': 3713515300}]",0,0
18830.635222,159,1,0,systemd-journal,ip-10-100-1-26,1003,cap_capable,1,0,"[{'name': 'cap', 'type': 'int', 'value': 'CAP_SYS_ADMIN'}]",0,0
18830.635283,159,1,0,systemd-journal,ip-10-100-1-26,257,openat,4,-2,"[{'name': 'dirfd', 'type': 'int', 'value': -100}, {'name': 'pathname', 'type': 'const char*', 'value': '/run/log/journal/eccc5f402a9947bd86ae939010fadc6a/system.journal'}, {'name': 'flags', 'type': 'int', 'value': 'O_RDWR|O_NONBLOCK|O_CLOEXEC'}, {'name': 'mode', 'type': 'int', 'value': 3713515300}]",0,0
18830.635329,159,1,0,systemd-journal,ip-10-100-1-26,5,fstat,2,0,"[{'name': 'fd', 'type': 'int', 'value': 22}, {'name': 'statbuf', 'type': 'struct stat*', 'value': '0x563999544338'}]",0,0
18830.641399,7786,7291,0,ps,ip-10-100-1-26,257,openat,4,3,"[{'name': 'dirfd', 'type': 'int', 'value': -100}, {'name': 'pathname', 'type': 'const char*', 'value': '/usr/lib/locale/C.UTF-8/LC_MONETARY'}, {'name': 'flags', 'type': 'int', 'value': 'O_RDONLY|O_CLOEXEC'}, {'name': 'mode', 'type': 'int', 'value': 2207151708}]",0,0
18830.641562,7786,7291,0,ps,ip-10-100-1-26,5,fstat,2,0,"[{'name': 'fd', 'type': 'int', 'value': 3}, {'name': 'statbuf', 'type': 'struct stat*', 'value': '0x7FFC2BB20650'}]",0,0
18830.641623,7786,7291,0,ps,ip-10-100-1-26,3,close,1,0,"[{'name': 'fd', 'type': 'int', 'value': 3}]",0,0
18830.641671,7786,7291,0,ps,ip-10-100-1-26,1005,security_file_open,4,0,"[{'name': 'pathname', 'type': 'const char*', 'value': '/usr/lib/locale/C.UTF-8/LC_COLLATE'}, {'name': 'flags', 'type': 'int', 'value': 'O_RDONLY|O_LARGEFILE'}, {'name': 'dev', 'type': 'dev_t', 'value': 211812353}, {'name': 'inode', 'type': 'unsigned long', 'value': 5869}]",0,0
18830.641832,7786,7291,0,ps,ip-10-100-1-26,257,openat,4,3,"[{'name': 'dirfd', 'type': 'int', 'value': -100}, {'name': 'pathname', 'type': 'const char*', 'value': '/usr/lib/locale/C.UTF-8/LC_COLLATE'}, {'name': 'flags', 'type': 'int', 'value': 'O_RDONLY|O_CLOEXEC'}, {'name': 'mode', 'type': 'int', 'value': 2207151708}]",0,0
18830.641867,7786,7291,0,ps,ip-10-100-1-26,5,fstat,2,0,"[{'name': 'fd', 'type': 'int', 'value': 3}, {'name': 'statbuf', 'type': 'struct stat*', 'value': '0x7FFC2BB20650'}]",0,0
18830.641935,7786,7291,0,ps,ip-10-100-1-26,3,close,1,0,"[{'name': 'fd', 'type': 'int', 'value': 3}]",0,0
18830.642116,7786,7291,0,ps,ip-10-100-1-26,1005,security_file_open,4,0,"[{'name': 'pathname', 'type': 'const char*', 'value': '/usr/lib/locale/C.UTF-8/LC_TIME'}, {'name': 'flags', 'type': 'int', 'value': 'O_RDONLY|O_LARGEFILE'}, {'name': 'dev', 'type': 'dev_t', 'value': 211812353}, {'name': 'inode', 'type': 'unsigned long', 'value': 5878}]",0,0
18830.642325,7786,7291,0,ps,ip-10-100-1-26,257,openat,4,3,"[{'name': 'dirfd', 'type': 'int', 'value': -100}, {'name': 'pathname', 'type': 'const char*', 'value': '/usr/lib/locale/C.UTF-8/LC_TIME'}, {'name': 'flags', 'type': 'int', 'value': 'O_RDONLY|O_CLOEXEC'}, {'name': 'mode', 'type': 'int', 'value': 2207151708}]",0,0
18830.642362,7786,7291,0,ps,ip-10-100-1-26,5,fstat,2,0,"[{'name': 'fd', 'type': 'int', 'value': 3}, {'name': 'statbuf', 'type': 'struct stat*', 'value': '0x7FFC2BB20650'}]",0,0
18830.642406,7786,7291,0,ps,ip-10-100-1-26,3,close,1,0,"[{'name': 'fd', 'type': 'int', 'value': 3}]",0,0
18830.642571,7786,7291,0,ps,ip-10-100-1-26,1005,security_file_open,4,0,"[{'name': 'pathname', 'type': 'const char*', 'value': '/usr/lib/locale/C.UTF-8/LC_NUMERIC'}, {'name': 'flags', 'type': 'int', 'value': 'O_RDONLY|O_LARGEFILE'}, {'name': 'dev', 'type': 'dev_t', 'value': 211812353}, {'name': 'inode', 'type': 'unsigned long', 'value': 5875}]",0,0
18830.642638,7786,7291,0,ps,ip-10-100-1-26,257,openat,4,3,"[{'name': 'dirfd', 'type': 'int', 'value': -100}, {'name': 'pathname', 'type': 'const char*', 'value': '/usr/lib/locale/C.UTF-8/LC_NUMERIC'}, {'name': 'flags', 'type': 'int', 'value': 'O_RDONLY|O_CLOEXEC'}, {'name': 'mode', 'type': 'int', 'value': 2207151708}]",0,0
18830.642703,7786,7291,0,ps,ip-10-100-1-26,5,fstat,2,0,"[{'name': 'fd', 'type': 'int', 'value': 3}, {'name': 'statbuf', 'type': 'struct stat*', 'value': '0x7FFC2BB20650'}]",0,0
18830.642867,7786,7291,0,ps,ip-10-100-1-26,3,close,1,0,"[{'name': 'fd', 'type': 'int', 'value': 3}]",0,0
18830.642919,7786,7291,0,ps,ip-10-100-1-26,1005,security_file_open,4,0,"[{'name': 'pathname', 'type': 'const char*', 'value': '/usr/lib/locale/C.UTF-8/LC_CTYPE'}, {'name': 'flags', 'type': 'int', 'value': 'O_RDONLY|O_LARGEFILE'}, {'name': 'dev', 'type': 'dev_t', 'value': 211812353}, {'name': 'inode', 'type': 'unsigned long', 'value': 5870}]",0,0
18830.64301,7786,7291,0,ps,ip-10-100-1-26,257,openat,4,3,"[{'name': 'dirfd', 'type': 'int', 'value': -100}, {'name': 'pathname', 'type': 'const char*', 'value': '/usr/lib/locale/C.UTF-8/LC_CTYPE'}, {'name': 'flags', 'type': 'int', 'value': 'O_RDONLY|O_CLOEXEC'}, {'name': 'mode', 'type': 'int', 'value': 2207151708}]",0,0
18830.643168,7786,7291,0,ps,ip-10-100-1-26,5,fstat,2,0,"[{'name': 'fd', 'type': 'int', 'value': 3}, {'name': 'statbuf', 'type': 'struct stat*', 'value': '0x7FFC2BB20650'}]",0,0
18830.643215,7786,7291,0,ps,ip-10-100-1-26,3,close,1,0,"[{'name': 'fd', 'type': 'int', 'value': 3}]",0,0
18830.64348,7786,7291,0,ps,ip-10-100-1-26,1005,security_file_open,4,0,"[{'name': 'pathname', 'type': 'const char*', 'value': '/proc/7786/stat'}, {'name': 'flags', 'type': 'int', 'value': 'O_RDONLY|O_LARGEFILE'}, {'name': 'dev', 'type': 'dev_t', 'value': 5}, {'name': 'inode', 'type': 'unsigned long', 'value': 127944}]",0,0
18830.643765,7786,7291,0,ps,ip-10-100-1-26,257,openat,4,3,"[{'name': 'dirfd', 'type': 'int', 'value': -100}, {'name': 'pathname', 'type': 'const char*', 'value': '/proc/self/stat'}, {'name': 'flags', 'type': 'int', 'value': 'O_RDONLY'}, {'name': 'mode', 'type': 'int', 'value': 2207129259}]",0,0
18830.643812,7786,7291,0,ps,ip-10-100-1-26,3,close,1,0,"[{'name': 'fd', 'type': 'int', 'value': 3}]",0,0
18830.652052,7786,7291,0,ps,ip-10-100-1-26,1005,security_file_open,4,0,"[{'name': 'pathname', 'type': 'const char*', 'value': '/dev/tty'}, {'name': 'flags', 'type': 'int', 'value': 'O_RDONLY|O_NOCTTY|O_NONBLOCK|O_LARGEFILE'}, {'name': 'dev', 'type': 'dev_t', 'value': 6}, {'name': 'inode', 'type': 'unsigned long', 'value': 13}]",0,0
18830.65209,7786,7291,0,ps,ip-10-100-1-26,257,openat,4,-6,"[{'name': 'dirfd', 'type': 'int', 'value': -100}, {'name': 'pathname', 'type': 'const char*', 'value': '/dev/tty'}, {'name': 'flags', 'type': 'int', 'value': 'O_RDONLY|O_NOCTTY|O_NONBLOCK'}, {'name': 'mode', 'type': 'int', 'value': 2207129259}]",0,0
18830.652144,7786,7291,0,ps,ip-10-100-1-26,1005,security_file_open,4,0,"[{'name': 'pathname', 'type': 'const char*', 'value': '/proc/uptime'}, {'name': 'flags', 'type': 'int', 'value': 'O_RDONLY|O_LARGEFILE'}, {'name': 'dev', 'type': 'dev_t', 'value': 5}, {'name': 'inode', 'type': 'unsigned long', 'value': 4026532076}]",0,0
18830.652173,7786,7291,0,ps,ip-10-100-1-26,257,openat,4,3,"[{'name': 'dirfd', 'type': 'int', 'value': -100}, {'name': 'pathname', 'type': 'const char*', 'value': '/proc/uptime'}, {'name': 'flags', 'type': 'int', 'value': 'O_RDONLY'}, {'name': 'mode', 'type': 'int', 'value': 2207129259}]",0,0
18830.652235,7786,7291,0,ps,ip-10-100-1-26,257,openat,4,-2,"[{'name': 'dirfd', 'type': 'int', 'value': -100}, {'name': 'pathname', 'type': 'const char*', 'value': '/usr/share/locale/C.UTF-8/LC_MESSAGES/procps-ng.mo'}, {'name': 'flags', 'type': 'int', 'value': 'O_RDONLY'}, {'name': 'mode', 'type': 'int', 'value': 2207151708}]",0,0
18830.652261,7786,7291,0,ps,ip-10-100-1-26,257,openat,4,-2,"[{'name': 'dirfd', 'type': 'int', 'value': -100}, {'name': 'pathname', 'type': 'const char*', 'value': '/usr/share/locale/C.utf8/LC_MESSAGES/procps-ng.mo'}, {'name': 'flags', 'type': 'int', 'value': 'O_RDONLY'}, {'name': 'mode', 'type': 'int', 'value': 2207151708}]",0,0
18830.652283,7786,7291,0,ps,ip-10-100-1-26,257,openat,4,-2,"[{'name': 'dirfd', 'type': 'int', 'value': -100}, {'name': 'pathname', 'type': 'const char*', 'value': '/usr/share/locale/C/LC_MESSAGES/procps-ng.mo'}, {'name': 'flags', 'type': 'int', 'value': 'O_RDONLY'}, {'name': 'mode', 'type': 'int', 'value': 2207151708}]",0,0
18830.652305,7786,7291,0,ps,ip-10-100-1-26,257,openat,4,-2,"[{'name': 'dirfd', 'type': 'int', 'value': -100}, {'name': 'pathname', 'type': 'const char*', 'value': '/usr/share/locale-langpack/C.UTF-8/LC_MESSAGES/procps-ng.mo'}, {'name': 'flags', 'type': 'int', 'value': 'O_RDONLY'}, {'name': 'mode', 'type': 'int', 'value': 2207151708}]",0,0
18830.653899,7786,7291,0,ps,ip-10-100-1-26,257,openat,4,-2,"[{'name': 'dirfd', 'type': 'int', 'value': -100}, {'name': 'pathname', 'type': 'const char*', 'value': '/usr/share/locale-langpack/C.utf8/LC_MESSAGES/procps-ng.mo'}, {'name': 'flags', 'type': 'int', 'value': 'O_RDONLY'}, {'name': 'mode', 'type': 'int', 'value': 2207151708}]",0,0
18830.653923,7786,7291,0,ps,ip-10-100-1-26,257,openat,4,-2,"[{'name': 'dirfd', 'type': 'int', 'value': -100}, {'name': 'pathname', 'type': 'const char*', 'value': '/usr/share/locale-langpack/C/LC_MESSAGES/procps-ng.mo'}, {'name': 'flags', 'type': 'int', 'value': 'O_RDONLY'}, {'name': 'mode', 'type': 'int', 'value': 2207151708}]",0,0
18830.653961,7786,7291,0,ps,ip-10-100-1-26,1005,security_file_open,4,0,"[{'name': 'pathname', 'type': 'const char*', 'value': '/proc/sys/kernel/pid_max'}, {'name': 'flags', 'type': 'int', 'value': 'O_RDONLY|O_LARGEFILE'}, {'name': 'dev', 'type': 'dev_t', 'value': 5}, {'name': 'inode', 'type': 'unsigned long', 'value': 127537}]",0,0
18830.65399,7786,7291,0,ps,ip-10-100-1-26,257,openat,4,4,"[{'name': 'dirfd', 'type': 'int', 'value': -100}, {'name': 'pathname', 'type': 'const char*', 'value': '/proc/sys/kernel/pid_max'}, {'name': 'flags', 'type': 'int', 'value': 'O_RDONLY'}, {'name': 'mode', 'type': 'int', 'value': 2207129259}]",0,0
18830.65402,7786,7291,0,ps,ip-10-100-1-26,3,close,1,0,"[{'name': 'fd', 'type': 'int', 'value': 4}]",0,0
18830.654081,7786,7291,0,ps,ip-10-100-1-26,1005,security_file_open,4,0,"[{'name': 'pathname', 'type': 'const char*', 'value': '/proc/sys/kernel/osrelease'}, {'name': 'flags', 'type': 'int', 'value': 'O_RDONLY|O_LARGEFILE'}, {'name': 'dev', 'type': 'dev_t', 'value': 5}, {'name': 'inode', 'type': 'unsigned long', 'value': 127535}]",0,0
18830.654109,7786,7291,0,ps,ip-10-100-1-26,257,openat,4,4,"[{'name': 'dirfd', 'type': 'int', 'value': -100}, {'name': 'pathname', 'type': 'const char*', 'value': '/proc/sys/kernel/osrelease'}, {'name': 'flags', 'type': 'int', 'value': 'O_RDONLY'}, {'name': 'mode', 'type': 'int', 'value': 2207129259}]",0,0
18830.654131,7786,7291,0,ps,ip-10-100-1-26,5,fstat,2,0,"[{'name': 'fd', 'type': 'int', 'value': 4}, {'name': 'statbuf', 'type': 'struct stat*', 'value': '0x7FFC2BB20550'}]",0,0
18830.65416,7786,7291,0,ps,ip-10-100-1-26,3,close,1,0,"[{'name': 'fd', 'type': 'int', 'value': 4}]",0,0
18830.654198,7786,7291,0,ps,ip-10-100-1-26,1005,security_file_open,4,0,"[{'name': 'pathname', 'type': 'const char*', 'value': '/proc/meminfo'}, {'name': 'flags', 'type': 'int', 'value': 'O_RDONLY|O_LARGEFILE'}, {'name': 'dev', 'type': 'dev_t', 'value': 5}, {'name': 'inode', 'type': 'unsigned long', 'value': 4026532074}]",0,0
18830.654224,7786,7291,0,ps,ip-10-100-1-26,257,openat,4,4,"[{'name': 'dirfd', 'type': 'int', 'value': -100}, {'name': 'pathname', 'type': 'const char*', 'value': '/proc/meminfo'}, {'name': 'flags', 'type': 'int', 'value': 'O_RDONLY'}, {'name': 'mode', 'type': 'int', 'value': 2207129259}]",0,0
18830.654299,7786,7291,0,ps,ip-10-100-1-26,4,stat,2,0,"[{'name': 'pathname', 'type': 'const char*', 'value': '/proc/self/task'}, {'name': 'statbuf', 'type': 'struct stat*', 'value': '0x7FFC2BB20840'}]",0,0
18830.654324,7786,7291,0,ps,ip-10-100-1-26,1005,security_file_open,4,0,"[{'name': 'pathname', 'type': 'const char*', 'value': '/proc'}, {'name': 'flags', 'type': 'int', 'value': 'O_RDONLY|O_NONBLOCK|O_LARGEFILE|O_DIRECTORY'}, {'name': 'dev', 'type': 'dev_t', 'value': 5}, {'name': 'inode', 'type': 'unsigned long', 'value': 1}]",0,0
18830.65435,7786,7291,0,ps,ip-10-100-1-26,257,openat,4,8,"[{'name': 'dirfd', 'type': 'int', 'value': -100}, {'name': 'pathname', 'type': 'const char*', 'value': '/proc'}, {'name': 'flags', 'type': 'int', 'value': 'O_RDONLY|O_NONBLOCK|O_DIRECTORY|O_CLOEXEC'}, {'name': 'mode', 'type': 'int', 'value': 2207151708}]",0,0
18830.654371,7786,7291,0,ps,ip-10-100-1-26,5,fstat,2,0,"[{'name': 'fd', 'type': 'int', 'value': 8}, {'name': 'statbuf', 'type': 'struct stat*', 'value': '0x7FFC2BB20750'}]",0,0
18830.654534,7786,7291,0,ps,ip-10-100-1-26,217,getdents64,3,4184,"[{'name': 'fd', 'type': 'int', 'value': 8}, {'name': 'dirp', 'type': 'struct linux_dirent64*', 'value': '0x55C7498F6230'}, {'name': 'count', 'type': 'size_t', 'value': 32768}]",0,0
18830.654561,7786,7291,0,ps,ip-10-100-1-26,4,stat,2,0,"[{'name': 'pathname', 'type': 'const char*', 'value': '/proc/1'}, {'name': 'statbuf', 'type': 'struct stat*', 'value': '0x7F96839DD680'}]",0,0
18830.654586,7786,7291,0,ps,ip-10-100-1-26,1005,security_file_open,4,0,"[{'name': 'pathname', 'type': 'const char*', 'value': '/proc/1/stat'}, {'name': 'flags', 'type': 'int', 'value': 'O_RDONLY|O_LARGEFILE'}, {'name': 'dev', 'type': 'dev_t', 'value': 5}, {'name': 'inode', 'type': 'unsigned long', 'value': 127629}]",0,0
18830.654612,7786,7291,0,ps,ip-10-100-1-26,257,openat,4,9,"[{'name': 'dirfd', 'type': 'int', 'value': -100}, {'name': 'pathname', 'type': 'const char*', 'value': '/proc/1/stat'}, {'name': 'flags', 'type': 'int', 'value': 'O_RDONLY'}, {'name': 'mode', 'type': 'int', 'value': 2207129259}]",0,0
18830.654659,7786,7291,0,ps,ip-10-100-1-26,3,close,1,0,"[{'name': 'fd', 'type': 'int', 'value': 9}]",0,0
18830.654702,7786,7291,0,ps,ip-10-100-1-26,1005,security_file_open,4,0,"[{'name': 'pathname', 'type': 'const char*', 'value': '/proc/1/status'}, {'name': 'flags', 'type': 'int', 'value': 'O_RDONLY|O_LARGEFILE'}, {'name': 'dev', 'type': 'dev_t', 'value': 5}, {'name': 'inode', 'type': 'unsigned long', 'value': 127630}]",0,0
18830.654728,7786,7291,0,ps,ip-10-100-1-26,257,openat,4,9,"[{'name': 'dirfd', 'type': 'int', 'value': -100}, {'name': 'pathname', 'type': 'const char*', 'value': '/proc/1/status'}, {'name': 'flags', 'type': 'int', 'value': 'O_RDONLY'}, {'name': 'mode', 'type': 'int', 'value': 2207129259}]",0,0
18830.654769,7786,7291,0,ps,ip-10-100-1-26,3,close,1,0,"[{'name': 'fd', 'type': 'int', 'value': 9}]",0,0
18830.654798,7786,7291,0,ps,ip-10-100-1-26,1005,security_file_open,4,0,"[{'name': 'pathname', 'type': 'const char*', 'value': '/proc/1/cmdline'}, {'name': 'flags', 'type': 'int', 'value': 'O_RDONLY|O_LARGEFILE'}, {'name': 'dev', 'type': 'dev_t', 'value': 5}, {'name': 'inode', 'type': 'unsigned long', 'value': 127631}]",0,0
18830.654824,7786,7291,0,ps,ip-10-100-1-26,257,openat,4,9,"[{'name': 'dirfd', 'type': 'int', 'value': -100}, {'name': 'pathname', 'type': 'const char*', 'value': '/proc/1/cmdline'}, {'name': 'flags', 'type': 'int', 'value': 'O_RDONLY'}, {'name': 'mode', 'type': 'int', 'value': 2207129259}]",0,0
18830.654858,7786,7291,0,ps,ip-10-100-1-26,3,close,1,0,"[{'name': 'fd', 'type': 'int', 'value': 9}]",0,0
18830.654893,7786,7291,0,ps,ip-10-100-1-26,5,fstat,2,0,"[{'name': 'fd', 'type': 'int', 'value': 1}, {'name': 'statbuf', 'type': 'struct stat*', 'value': '0x7FFC2BB206E0'}]",0,0
18830.65493,7786,7291,0,ps,ip-10-100-1-26,4,stat,2,0,"[{'name': 'pathname', 'type': 'const char*', 'value': '/proc/2'}, {'name': 'statbuf', 'type': 'struct stat*', 'value': '0x7F96839DD680'}]",0,0
18830.654955,7786,7291,0,ps,ip-10-100-1-26,1005,security_file_open,4,0,"[{'name': 'pathname', 'type': 'const char*', 'value': '/proc/2/stat'}, {'name': 'flags', 'type': 'int', 'value': 'O_RDONLY|O_LARGEFILE'}, {'name': 'dev', 'type': 'dev_t', 'value': 5}, {'name': 'inode', 'type': 'unsigned long', 'value': 127632}]",0,0
18830.65498,7786,7291,0,ps,ip-10-100-1-26,257,openat,4,9,"[{'name': 'dirfd', 'type': 'int', 'value': -100}, {'name': 'pathname', 'type': 'const char*', 'value': '/proc/2/stat'}, {'name': 'flags', 'type': 'int', 'value': 'O_RDONLY'}, {'name': 'mode', 'type': 'int', 'value': 2207129259}]",0,0
18830.655023,7786,7291,0,ps,ip-10-100-1-26,3,close,1,0,"[{'name': 'fd', 'type': 'int', 'value': 9}]",0,0
18830.655051,7786,7291,0,ps,ip-10-100-1-26,1005,security_file_open,4,0,"[{'name': 'pathname', 'type': 'const char*', 'value': '/proc/2/status'}, {'name': 'flags', 'type': 'int', 'value': 'O_RDONLY|O_LARGEFILE'}, {'name': 'dev', 'type': 'dev_t', 'value': 5}, {'name': 'inode', 'type': 'unsigned long', 'value': 127633}]",0,0
18830.655087,7786,7291,0,ps,ip-10-100-1-26,257,openat,4,9,"[{'name': 'dirfd', 'type': 'int', 'value': -100}, {'name': 'pathname', 'type': 'const char*', 'value': '/proc/2/status'}, {'name': 'flags', 'type': 'int', 'value': 'O_RDONLY'}, {'name': 'mode', 'type': 'int', 'value': 2207129259}]",0,0
18830.655119,7786,7291,0,ps,ip-10-100-1-26,3,close,1,0,"[{'name': 'fd', 'type': 'int', 'value': 9}]",0,0
18830.655146,7786,7291,0,ps,ip-10-100-1-26,1005,security_file_open,4,0,"[{'name': 'pathname', 'type': 'const char*', 'value': '/proc/2/cmdline'}, {'name': 'flags', 'type': 'int', 'value': 'O_RDONLY|O_LARGEFILE'}, {'name': 'dev', 'type': 'dev_t', 'value': 5}, {'name': 'inode', 'type': 'unsigned long', 'value': 127634}]",0,0
18830.655195,7786,7291,0,ps,ip-10-100-1-26,3,close,1,0,"[{'name': 'fd', 'type': 'int', 'value': 9}]",0,0
18830.655171,7786,7291,0,ps,ip-10-100-1-26,257,openat,4,9,"[{'name': 'dirfd', 'type': 'int', 'value': -100}, {'name': 'pathname', 'type': 'const char*', 'value': '/proc/2/cmdline'}, {'name': 'flags', 'type': 'int', 'value': 'O_RDONLY'}, {'name': 'mode', 'type': 'int', 'value': 2207129259}]",0,0
18830.655222,7786,7291,0,ps,ip-10-100-1-26,4,stat,2,0,"[{'name': 'pathname', 'type': 'const char*', 'value': '/proc/3'}, {'name': 'statbuf', 'type': 'struct stat*', 'value': '0x7F96839DD680'}]",0,0
18830.655245,7786,7291,0,ps,ip-10-100-1-26,1005,security_file_open,4,0,"[{'name': 'pathname', 'type': 'const char*', 'value': '/proc/3/stat'}, {'name': 'flags', 'type': 'int', 'value': 'O_RDONLY|O_LARGEFILE'}, {'name': 'dev', 'type': 'dev_t', 'value': 5}, {'name': 'inode', 'type': 'unsigned long', 'value': 127635}]",0,0
18830.655273,7786,7291,0,ps,ip-10-100-1-26,257,openat,4,9,"[{'name': 'dirfd', 'type': 'int', 'value': -100}, {'name': 'pathname', 'type': 'const char*', 'value': '/proc/3/stat'}, {'name': 'flags', 'type': 'int', 'value': 'O_RDONLY'}, {'name': 'mode', 'type': 'int', 'value': 2207129259}]",0,0
18830.655303,7786,7291,0,ps,ip-10-100-1-26,3,close,1,0,"[{'name': 'fd', 'type': 'int', 'value': 9}]",0,0
18830.65533,7786,7291,0,ps,ip-10-100-1-26,1005,security_file_open,4,0,"[{'name': 'pathname', 'type': 'const char*', 'value': '/proc/3/status'}, {'name': 'flags', 'type': 'int', 'value': 'O_RDONLY|O_LARGEFILE'}, {'name': 'dev', 'type': 'dev_t', 'value': 5}, {'name': 'inode', 'type': 'unsigned long', 'value': 127636}]",0,0
18830.655356,7786,7291,0,ps,ip-10-100-1-26,257,openat,4,9,"[{'name': 'dirfd', 'type': 'int', 'value': -100}, {'name': 'pathname', 'type': 'const char*', 'value': '/proc/3/status'}, {'name': 'flags', 'type': 'int', 'value': 'O_RDONLY'}, {'name': 'mode', 'type': 'int', 'value': 2207129259}]",0,0
18830.655387,7786,7291,0,ps,ip-10-100-1-26,3,close,1,0,"[{'name': 'fd', 'type': 'int', 'value': 9}]",0,0
18830.655412,7786,7291,0,ps,ip-10-100-1-26,1005,security_file_open,4,0,"[{'name': 'pathname', 'type': 'const char*', 'value': '/proc/3/cmdline'}, {'name': 'flags', 'type': 'int', 'value': 'O_RDONLY|O_LARGEFILE'}, {'name': 'dev', 'type': 'dev_t', 'value': 5}, {'name': 'inode', 'type': 'unsigned long', 'value': 127637}]",0,0
18830.655437,7786,7291,0,ps,ip-10-100-1-26,257,openat,4,9,"[{'name': 'dirfd', 'type': 'int', 'value': -100}, {'name': 'pathname', 'type': 'const char*', 'value': '/proc/3/cmdline'}, {'name': 'flags', 'type': 'int', 'value': 'O_RDONLY'}, {'name': 'mode', 'type': 'int', 'value': 2207129259}]",0,0
18830.655462,7786,7291,0,ps,ip-10-100-1-26,3,close,1,0,"[{'name': 'fd', 'type': 'int', 'value': 9}]",0,0
18830.655487,7786,7291,0,ps,ip-10-100-1-26,4,stat,2,0,"[{'name': 'pathname', 'type': 'const char*', 'value': '/proc/4'}, {'name': 'statbuf', 'type': 'struct stat*', 'value': '0x7F96839DD680'}]",0,0
18830.65551,7786,7291,0,ps,ip-10-100-1-26,1005,security_file_open,4,0,"[{'name': 'pathname', 'type': 'const char*', 'value': '/proc/4/stat'}, {'name': 'flags', 'type': 'int', 'value': 'O_RDONLY|O_LARGEFILE'}, {'name': 'dev', 'type': 'dev_t', 'value': 5}, {'name': 'inode', 'type': 'unsigned long', 'value': 127638}]",0,0
18830.655535,7786,7291,0,ps,ip-10-100-1-26,257,openat,4,9,"[{'name': 'dirfd', 'type': 'int', 'value': -100}, {'name': 'pathname', 'type': 'const char*', 'value': '/proc/4/stat'}, {'name': 'flags', 'type': 'int', 'value': 'O_RDONLY'}, {'name': 'mode', 'type': 'int', 'value': 2207129259}]",0,0
18830.655564,7786,7291,0,ps,ip-10-100-1-26,3,close,1,0,"[{'name': 'fd', 'type': 'int', 'value': 9}]",0,0
18830.655591,7786,7291,0,ps,ip-10-100-1-26,1005,security_file_open,4,0,"[{'name': 'pathname', 'type': 'const char*', 'value': '/proc/4/status'}, {'name': 'flags', 'type': 'int', 'value': 'O_RDONLY|O_LARGEFILE'}, {'name': 'dev', 'type': 'dev_t', 'value': 5}, {'name': 'inode', 'type': 'unsigned long', 'value': 127639}]",0,0
18830.655646,7786,7291,0,ps,ip-10-100-1-26,3,close,1,0,"[{'name': 'fd', 'type': 'int', 'value': 9}]",0,0
18830.655616,7786,7291,0,ps,ip-10-100-1-26,257,openat,4,9,"[{'name': 'dirfd', 'type': 'int', 'value': -100}, {'name': 'pathname', 'type': 'const char*', 'value': '/proc/4/status'}, {'name': 'flags', 'type': 'int', 'value': 'O_RDONLY'}, {'name': 'mode', 'type': 'int', 'value': 2207129259}]",0,0
18830.655672,7786,7291,0,ps,ip-10-100-1-26,1005,security_file_open,4,0,"[{'name': 'pathname', 'type': 'const char*', 'value': '/proc/4/cmdline'}, {'name': 'flags', 'type': 'int', 'value': 'O_RDONLY|O_LARGEFILE'}, {'name': 'dev', 'type': 'dev_t', 'value': 5}, {'name': 'inode', 'type': 'unsigned long', 'value': 127640}]",0,0
18830.655697,7786,7291,0,ps,ip-10-100-1-26,257,openat,4,9,"[{'name': 'dirfd', 'type': 'int', 'value': -100}, {'name': 'pathname', 'type': 'const char*', 'value': '/proc/4/cmdline'}, {'name': 'flags', 'type': 'int', 'value': 'O_RDONLY'}, {'name': 'mode', 'type': 'int', 'value': 2207129259}]",0,0
18830.655721,7786,7291,0,ps,ip-10-100-1-26,3,close,1,0,"[{'name': 'fd', 'type': 'int', 'value': 9}]",0,0
18830.655746,7786,7291,0,ps,ip-10-100-1-26,4,stat,2,0,"[{'name': 'pathname', 'type': 'const char*', 'value': '/proc/6'}, {'name': 'statbuf', 'type': 'struct stat*', 'value': '0x7F96839DD680'}]",0,0
18830.65577,7786,7291,0,ps,ip-10-100-1-26,1005,security_file_open,4,0,"[{'name': 'pathname', 'type': 'const char*', 'value': '/proc/6/stat'}, {'name': 'flags', 'type': 'int', 'value': 'O_RDONLY|O_LARGEFILE'}, {'name': 'dev', 'type': 'dev_t', 'value': 5}, {'name': 'inode', 'type': 'unsigned long', 'value': 127641}]",0,0
18830.655794,7786,7291,0,ps,ip-10-100-1-26,257,openat,4,9,"[{'name': 'dirfd', 'type': 'int', 'value': -100}, {'name': 'pathname', 'type': 'const char*', 'value': '/proc/6/stat'}, {'name': 'flags', 'type': 'int', 'value': 'O_RDONLY'}, {'name': 'mode', 'type': 'int', 'value': 2207129259}]",0,0
18830.655823,7786,7291,0,ps,ip-10-100-1-26,3,close,1,0,"[{'name': 'fd', 'type': 'int', 'value': 9}]",0,0
18830.655849,7786,7291,0,ps,ip-10-100-1-26,1005,security_file_open,4,0,"[{'name': 'pathname', 'type': 'const char*', 'value': '/proc/6/status'}, {'name': 'flags', 'type': 'int', 'value': 'O_RDONLY|O_LARGEFILE'}, {'name': 'dev', 'type': 'dev_t', 'value': 5}, {'name': 'inode', 'type': 'unsigned long', 'value': 127642}]",0,0
18830.655874,7786,7291,0,ps,ip-10-100-1-26,257,openat,4,9,"[{'name': 'dirfd', 'type': 'int', 'value': -100}, {'name': 'pathname', 'type': 'const char*', 'value': '/proc/6/status'}, {'name': 'flags', 'type': 'int', 'value': 'O_RDONLY'}, {'name': 'mode', 'type': 'int', 'value': 2207129259}]",0,0
18830.655905,7786,7291,0,ps,ip-10-100-1-26,3,close,1,0,"[{'name': 'fd', 'type': 'int', 'value': 9}]",0,0
18830.65593,7786,7291,0,ps,ip-10-100-1-26,1005,security_file_open,4,0,"[{'name': 'pathname', 'type': 'const char*', 'value': '/proc/6/cmdline'}, {'name': 'flags', 'type': 'int', 'value': 'O_RDONLY|O_LARGEFILE'}, {'name': 'dev', 'type': 'dev_t', 'value': 5}, {'name': 'inode', 'type': 'unsigned long', 'value': 127643}]",0,0
18830.655955,7786,7291,0,ps,ip-10-100-1-26,257,openat,4,9,"[{'name': 'dirfd', 'type': 'int', 'value': -100}, {'name': 'pathname', 'type': 'const char*', 'value': '/proc/6/cmdline'}, {'name': 'flags', 'type': 'int', 'value': 'O_RDONLY'}, {'name': 'mode', 'type': 'int', 'value': 2207129259}]",0,0
18830.655979,7786,7291,0,ps,ip-10-100-1-26,3,close,1,0,"[{'name': 'fd', 'type': 'int', 'value': 9}]",0,0
18830.656005,7786,7291,0,ps,ip-10-100-1-26,4,stat,2,0,"[{'name': 'pathname', 'type': 'const char*', 'value': '/proc/9'}, {'name': 'statbuf', 'type': 'struct stat*', 'value': '0x7F96839DD680'}]",0,0
18830.656028,7786,7291,0,ps,ip-10-100-1-26,1005,security_file_open,4,0,"[{'name': 'pathname', 'type': 'const char*', 'value': '/proc/9/stat'}, {'name': 'flags', 'type': 'int', 'value': 'O_RDONLY|O_LARGEFILE'}, {'name': 'dev', 'type': 'dev_t', 'value': 5}, {'name': 'inode', 'type': 'unsigned long', 'value': 127644}]",0,0
18830.656065,7786,7291,0,ps,ip-10-100-1-26,257,openat,4,9,"[{'name': 'dirfd', 'type': 'int', 'value': -100}, {'name': 'pathname', 'type': 'const char*', 'value': '/proc/9/stat'}, {'name': 'flags', 'type': 'int', 'value': 'O_RDONLY'}, {'name': 'mode', 'type': 'int', 'value': 2207129259}]",0,0
18830.656105,7786,7291,0,ps,ip-10-100-1-26,3,close,1,0,"[{'name': 'fd', 'type': 'int', 'value': 9}]",0,0
18830.656132,7786,7291,0,ps,ip-10-100-1-26,1005,security_file_open,4,0,"[{'name': 'pathname', 'type': 'const char*', 'value': '/proc/9/status'}, {'name': 'flags', 'type': 'int', 'value': 'O_RDONLY|O_LARGEFILE'}, {'name': 'dev', 'type': 'dev_t', 'value': 5}, {'name': 'inode', 'type': 'unsigned long', 'value': 127645}]",0,0
18830.656157,7786,7291,0,ps,ip-10-100-1-26,257,openat,4,9,"[{'name': 'dirfd', 'type': 'int', 'value': -100}, {'name': 'pathname', 'type': 'const char*', 'value': '/proc/9/status'}, {'name': 'flags', 'type': 'int', 'value': 'O_RDONLY'}, {'name': 'mode', 'type': 'int', 'value': 2207129259}]",0,0
18830.656188,7786,7291,0,ps,ip-10-100-1-26,3,close,1,0,"[{'name': 'fd', 'type': 'int', 'value': 9}]",0,0
18830.656212,7786,7291,0,ps,ip-10-100-1-26,1005,security_file_open,4,0,"[{'name': 'pathname', 'type': 'const char*', 'value': '/proc/9/cmdline'}, {'name': 'flags', 'type': 'int', 'value': 'O_RDONLY|O_LARGEFILE'}, {'name': 'dev', 'type': 'dev_t', 'value': 5}, {'name': 'inode', 'type': 'unsigned long', 'value': 127646}]",0,0
18830.656237,7786,7291,0,ps,ip-10-100-1-26,257,openat,4,9,"[{'name': 'dirfd', 'type': 'int', 'value': -100}, {'name': 'pathname', 'type': 'const char*', 'value': '/proc/9/cmdline'}, {'name': 'flags', 'type': 'int', 'value': 'O_RDONLY'}, {'name': 'mode', 'type': 'int', 'value': 2207129259}]",0,0
18830.656262,7786,7291,0,ps,ip-10-100-1-26,3,close,1,0,"[{'name': 'fd', 'type': 'int', 'value': 9}]",0,0
18830.656288,7786,7291,0,ps,ip-10-100-1-26,4,stat,2,0,"[{'name': 'pathname', 'type': 'const char*', 'value': '/proc/10'}, {'name': 'statbuf', 'type': 'struct stat*', 'value': '0x7F96839DD680'}]",0,0
18830.656311,7786,7291,0,ps,ip-10-100-1-26,1005,security_file_open,4,0,"[{'name': 'pathname', 'type': 'const char*', 'value': '/proc/10/stat'}, {'name': 'flags', 'type': 'int', 'value': 'O_RDONLY|O_LARGEFILE'}, {'name': 'dev', 'type': 'dev_t', 'value': 5}, {'name': 'inode', 'type': 'unsigned long', 'value': 127647}]",0,0
18830.672621,7786,7291,0,ps,ip-10-100-1-26,257,openat,4,9,"[{'name': 'dirfd', 'type': 'int', 'value': -100}, {'name': 'pathname', 'type': 'const char*', 'value': '/proc/10/stat'}, {'name': 'flags', 'type': 'int', 'value': 'O_RDONLY'}, {'name': 'mode', 'type': 'int', 'value': 2207129259}]",0,0
18830.672661,7786,7291,0,ps,ip-10-100-1-26,3,close,1,0,"[{'name': 'fd', 'type': 'int', 'value': 9}]",0,0
18830.672708,7786,7291,0,ps,ip-10-100-1-26,1005,security_file_open,4,0,"[{'name': 'pathname', 'type': 'const char*', 'value': '/proc/10/status'}, {'name': 'flags', 'type': 'int', 'value': 'O_RDONLY|O_LARGEFILE'}, {'name': 'dev', 'type': 'dev_t', 'value': 5}, {'name': 'inode', 'type': 'unsigned long', 'value': 127648}]",0,0
18830.672737,7786,7291,0,ps,ip-10-100-1-26,257,openat,4,9,"[{'name': 'dirfd', 'type': 'int', 'value': -100}, {'name': 'pathname', 'type': 'const char*', 'value': '/proc/10/status'}, {'name': 'flags', 'type': 'int', 'value': 'O_RDONLY'}, {'name': 'mode', 'type': 'int', 'value': 2207129259}]",0,0
18830.672811,7786,7291,0,ps,ip-10-100-1-26,3,close,1,0,"[{'name': 'fd', 'type': 'int', 'value': 9}]",0,0
18830.672846,7786,7291,0,ps,ip-10-100-1-26,1005,security_file_open,4,0,"[{'name': 'pathname', 'type': 'const char*', 'value': '/proc/10/cmdline'}, {'name': 'flags', 'type': 'int', 'value': 'O_RDONLY|O_LARGEFILE'}, {'name': 'dev', 'type': 'dev_t', 'value': 5}, {'name': 'inode', 'type': 'unsigned long', 'value': 127649}]",0,0
18830.672873,7786,7291,0,ps,ip-10-100-1-26,257,openat,4,9,"[{'name': 'dirfd', 'type': 'int', 'value': -100}, {'name': 'pathname', 'type': 'const char*', 'value': '/proc/10/cmdline'}, {'name': 'flags', 'type': 'int', 'value': 'O_RDONLY'}, {'name': 'mode', 'type': 'int', 'value': 2207129259}]",0,0
18830.672898,7786,7291,0,ps,ip-10-100-1-26,3,close,1,0,"[{'name': 'fd', 'type': 'int', 'value': 9}]",0,0
18830.672929,7786,7291,0,ps,ip-10-100-1-26,4,stat,2,0,"[{'name': 'pathname', 'type': 'const char*', 'value': '/proc/11'}, {'name': 'statbuf', 'type': 'struct stat*', 'value': '0x7F96839DD680'}]",0,0
18830.672953,7786,7291,0,ps,ip-10-100-1-26,1005,security_file_open,4,0,"[{'name': 'pathname', 'type': 'const char*', 'value': '/proc/11/stat'}, {'name': 'flags', 'type': 'int', 'value': 'O_RDONLY|O_LARGEFILE'}, {'name': 'dev', 'type': 'dev_t', 'value': 5}, {'name': 'inode', 'type': 'unsigned long', 'value': 127650}]",0,0
18830.672979,7786,7291,0,ps,ip-10-100-1-26,257,openat,4,9,"[{'name': 'dirfd', 'type': 'int', 'value': -100}, {'name': 'pathname', 'type': 'const char*', 'value': '/proc/11/stat'}, {'name': 'flags', 'type': 'int', 'value': 'O_RDONLY'}, {'name': 'mode', 'type': 'int', 'value': 2207129259}]",0,0
18830.673009,7786,7291,0,ps,ip-10-100-1-26,3,close,1,0,"[{'name': 'fd', 'type': 'int', 'value': 9}]",0,0
18830.673036,7786,7291,0,ps,ip-10-100-1-26,1005,security_file_open,4,0,"[{'name': 'pathname', 'type': 'const char*', 'value': '/proc/11/status'}, {'name': 'flags', 'type': 'int', 'value': 'O_RDONLY|O_LARGEFILE'}, {'name': 'dev', 'type': 'dev_t', 'value': 5}, {'name': 'inode', 'type': 'unsigned long', 'value': 127651}]",0,0
18830.673062,7786,7291,0,ps,ip-10-100-1-26,257,openat,4,9,"[{'name': 'dirfd', 'type': 'int', 'value': -100}, {'name': 'pathname', 'type': 'const char*', 'value': '/proc/11/status'}, {'name': 'flags', 'type': 'int', 'value': 'O_RDONLY'}, {'name': 'mode', 'type': 'int', 'value': 2207129259}]",0,0
18830.673106,7786,7291,0,ps,ip-10-100-1-26,3,close,1,0,"[{'name': 'fd', 'type': 'int', 'value': 9}]",0,0
18830.673136,7786,7291,0,ps,ip-10-100-1-26,1005,security_file_open,4,0,"[{'name': 'pathname', 'type': 'const char*', 'value': '/proc/11/cmdline'}, {'name': 'flags', 'type': 'int', 'value': 'O_RDONLY|O_LARGEFILE'}, {'name': 'dev', 'type': 'dev_t', 'value': 5}, {'name': 'inode', 'type': 'unsigned long', 'value': 127652}]",0,0
18830.673162,7786,7291,0,ps,ip-10-100-1-26,257,openat,4,9,"[{'name': 'dirfd', 'type': 'int', 'value': -100}, {'name': 'pathname', 'type': 'const char*', 'value': '/proc/11/cmdline'}, {'name': 'flags', 'type': 'int', 'value': 'O_RDONLY'}, {'name': 'mode', 'type': 'int', 'value': 2207129259}]",0,0
18830.673187,7786,7291,0,ps,ip-10-100-1-26,3,close,1,0,"[{'name': 'fd', 'type': 'int', 'value': 9}]",0,0
18830.673214,7786,7291,0,ps,ip-10-100-1-26,4,stat,2,0,"[{'name': 'pathname', 'type': 'const char*', 'value': '/proc/12'}, {'name': 'statbuf', 'type': 'struct stat*', 'value': '0x7F96839DD680'}]",0,0
18830.673237,7786,7291,0,ps,ip-10-100-1-26,1005,security_file_open,4,0,"[{'name': 'pathname', 'type': 'const char*', 'value': '/proc/12/stat'}, {'name': 'flags', 'type': 'int', 'value': 'O_RDONLY|O_LARGEFILE'}, {'name': 'dev', 'type': 'dev_t', 'value': 5}, {'name': 'inode', 'type': 'unsigned long', 'value': 127653}]",0,0
18830.673266,7786,7291,0,ps,ip-10-100-1-26,257,openat,4,9,"[{'name': 'dirfd', 'type': 'int', 'value': -100}, {'name': 'pathname', 'type': 'const char*', 'value': '/proc/12/stat'}, {'name': 'flags', 'type': 'int', 'value': 'O_RDONLY'}, {'name': 'mode', 'type': 'int', 'value': 2207129259}]",0,0
18830.673296,7786,7291,0,ps,ip-10-100-1-26,3,close,1,0,"[{'name': 'fd', 'type': 'int', 'value': 9}]",0,0
18830.673324,7786,7291,0,ps,ip-10-100-1-26,1005,security_file_open,4,0,"[{'name': 'pathname', 'type': 'const char*', 'value': '/proc/12/status'}, {'name': 'flags', 'type': 'int', 'value': 'O_RDONLY|O_LARGEFILE'}, {'name': 'dev', 'type': 'dev_t', 'value': 5}, {'name': 'inode', 'type': 'unsigned long', 'value': 127654}]",0,0
18830.673349,7786,7291,0,ps,ip-10-100-1-26,257,openat,4,9,"[{'name': 'dirfd', 'type': 'int', 'value': -100}, {'name': 'pathname', 'type': 'const char*', 'value': '/proc/12/status'}, {'name': 'flags', 'type': 'int', 'value': 'O_RDONLY'}, {'name': 'mode', 'type': 'int', 'value': 2207129259}]",0,0
18830.673381,7786,7291,0,ps,ip-10-100-1-26,3,close,1,0,"[{'name': 'fd', 'type': 'int', 'value': 9}]",0,0
18830.673406,7786,7291,0,ps,ip-10-100-1-26,1005,security_file_open,4,0,"[{'name': 'pathname', 'type': 'const char*', 'value': '/proc/12/cmdline'}, {'name': 'flags', 'type': 'int', 'value': 'O_RDONLY|O_LARGEFILE'}, {'name': 'dev', 'type': 'dev_t', 'value': 5}, {'name': 'inode', 'type': 'unsigned long', 'value': 127655}]",0,0
18830.673431,7786,7291,0,ps,ip-10-100-1-26,257,openat,4,9,"[{'name': 'dirfd', 'type': 'int', 'value': -100}, {'name': 'pathname', 'type': 'const char*', 'value': '/proc/12/cmdline'}, {'name': 'flags', 'type': 'int', 'value': 'O_RDONLY'}, {'name': 'mode', 'type': 'int', 'value': 2207129259}]",0,0
18830.673455,7786,7291,0,ps,ip-10-100-1-26,3,close,1,0,"[{'name': 'fd', 'type': 'int', 'value': 9}]",0,0
18830.673481,7786,7291,0,ps,ip-10-100-1-26,4,stat,2,0,"[{'name': 'pathname', 'type': 'const char*', 'value': '/proc/13'}, {'name': 'statbuf', 'type': 'struct stat*', 'value': '0x7F96839DD680'}]",0,0
18830.673505,7786,7291,0,ps,ip-10-100-1-26,1005,security_file_open,4,0,"[{'name': 'pathname', 'type': 'const char*', 'value': '/proc/13/stat'}, {'name': 'flags', 'type': 'int', 'value': 'O_RDONLY|O_LARGEFILE'}, {'name': 'dev', 'type': 'dev_t', 'value': 5}, {'name': 'inode', 'type': 'unsigned long', 'value': 127656}]",0,0
18830.67353,7786,7291,0,ps,ip-10-100-1-26,257,openat,4,9,"[{'name': 'dirfd', 'type': 'int', 'value': -100}, {'name': 'pathname', 'type': 'const char*', 'value': '/proc/13/stat'}, {'name': 'flags', 'type': 'int', 'value': 'O_RDONLY'}, {'name': 'mode', 'type': 'int', 'value': 2207129259}]",0,0
18830.673559,7786,7291,0,ps,ip-10-100-1-26,3,close,1,0,"[{'name': 'fd', 'type': 'int', 'value': 9}]",0,0
18830.673586,7786,7291,0,ps,ip-10-100-1-26,1005,security_file_open,4,0,"[{'name': 'pathname', 'type': 'const char*', 'value': '/proc/13/status'}, {'name': 'flags', 'type': 'int', 'value': 'O_RDONLY|O_LARGEFILE'}, {'name': 'dev', 'type': 'dev_t', 'value': 5}, {'name': 'inode', 'type': 'unsigned long', 'value': 127657}]",0,0
18830.673611,7786,7291,0,ps,ip-10-100-1-26,257,openat,4,9,"[{'name': 'dirfd', 'type': 'int', 'value': -100}, {'name': 'pathname', 'type': 'const char*', 'value': '/proc/13/status'}, {'name': 'flags', 'type': 'int', 'value': 'O_RDONLY'}, {'name': 'mode', 'type': 'int', 'value': 2207129259}]",0,0
18830.673641,7786,7291,0,ps,ip-10-100-1-26,3,close,1,0,"[{'name': 'fd', 'type': 'int', 'value': 9}]",0,0
18830.673666,7786,7291,0,ps,ip-10-100-1-26,1005,security_file_open,4,0,"[{'name': 'pathname', 'type': 'const char*', 'value': '/proc/13/cmdline'}, {'name': 'flags', 'type': 'int', 'value': 'O_RDONLY|O_LARGEFILE'}, {'name': 'dev', 'type': 'dev_t', 'value': 5}, {'name': 'inode', 'type': 'unsigned long', 'value': 127658}]",0,0
18830.673691,7786,7291,0,ps,ip-10-100-1-26,257,openat,4,9,"[{'name': 'dirfd', 'type': 'int', 'value': -100}, {'name': 'pathname', 'type': 'const char*', 'value': '/proc/13/cmdline'}, {'name': 'flags', 'type': 'int', 'value': 'O_RDONLY'}, {'name': 'mode', 'type': 'int', 'value': 2207129259}]",0,0
18830.673715,7786,7291,0,ps,ip-10-100-1-26,3,close,1,0,"[{'name': 'fd', 'type': 'int', 'value': 9}]",0,0
18830.673741,7786,7291,0,ps,ip-10-100-1-26,4,stat,2,0,"[{'name': 'pathname', 'type': 'const char*', 'value': '/proc/14'}, {'name': 'statbuf', 'type': 'struct stat*', 'value': '0x7F96839DD680'}]",0,0
18830.673764,7786,7291,0,ps,ip-10-100-1-26,1005,security_file_open,4,0,"[{'name': 'pathname', 'type': 'const char*', 'value': '/proc/14/stat'}, {'name': 'flags', 'type': 'int', 'value': 'O_RDONLY|O_LARGEFILE'}, {'name': 'dev', 'type': 'dev_t', 'value': 5}, {'name': 'inode', 'type': 'unsigned long', 'value': 127659}]",0,0
18830.673789,7786,7291,0,ps,ip-10-100-1-26,257,openat,4,9,"[{'name': 'dirfd', 'type': 'int', 'value': -100}, {'name': 'pathname', 'type': 'const char*', 'value': '/proc/14/stat'}, {'name': 'flags', 'type': 'int', 'value': 'O_RDONLY'}, {'name': 'mode', 'type': 'int', 'value': 2207129259}]",0,0
18830.673818,7786,7291,0,ps,ip-10-100-1-26,3,close,1,0,"[{'name': 'fd', 'type': 'int', 'value': 9}]",0,0
18830.673844,7786,7291,0,ps,ip-10-100-1-26,1005,security_file_open,4,0,"[{'name': 'pathname', 'type': 'const char*', 'value': '/proc/14/status'}, {'name': 'flags', 'type': 'int', 'value': 'O_RDONLY|O_LARGEFILE'}, {'name': 'dev', 'type': 'dev_t', 'value': 5}, {'name': 'inode', 'type': 'unsigned long', 'value': 127660}]",0,0
18830.673869,7786,7291,0,ps,ip-10-100-1-26,257,openat,4,9,"[{'name': 'dirfd', 'type': 'int', 'value': -100}, {'name': 'pathname', 'type': 'const char*', 'value': '/proc/14/status'}, {'name': 'flags', 'type': 'int', 'value': 'O_RDONLY'}, {'name': 'mode', 'type': 'int', 'value': 2207129259}]",0,0
18830.6739,7786,7291,0,ps,ip-10-100-1-26,3,close,1,0,"[{'name': 'fd', 'type': 'int', 'value': 9}]",0,0
18830.673925,7786,7291,0,ps,ip-10-100-1-26,1005,security_file_open,4,0,"[{'name': 'pathname', 'type': 'const char*', 'value': '/proc/14/cmdline'}, {'name': 'flags', 'type': 'int', 'value': 'O_RDONLY|O_LARGEFILE'}, {'name': 'dev', 'type': 'dev_t', 'value': 5}, {'name': 'inode', 'type': 'unsigned long', 'value': 127661}]",0,0
18830.67395,7786,7291,0,ps,ip-10-100-1-26,257,openat,4,9,"[{'name': 'dirfd', 'type': 'int', 'value': -100}, {'name': 'pathname', 'type': 'const char*', 'value': '/proc/14/cmdline'}, {'name': 'flags', 'type': 'int', 'value': 'O_RDONLY'}, {'name': 'mode', 'type': 'int', 'value': 2207129259}]",0,0
18830.673974,7786,7291,0,ps,ip-10-100-1-26,3,close,1,0,"[{'name': 'fd', 'type': 'int', 'value': 9}]",0,0
18830.674,7786,7291,0,ps,ip-10-100-1-26,4,stat,2,0,"[{'name': 'pathname', 'type': 'const char*', 'value': '/proc/15'}, {'name': 'statbuf', 'type': 'struct stat*', 'value': '0x7F96839DD680'}]",0,0
18830.674023,7786,7291,0,ps,ip-10-100-1-26,1005,security_file_open,4,0,"[{'name': 'pathname', 'type': 'const char*', 'value': '/proc/15/stat'}, {'name': 'flags', 'type': 'int', 'value': 'O_RDONLY|O_LARGEFILE'}, {'name': 'dev', 'type': 'dev_t', 'value': 5}, {'name': 'inode', 'type': 'unsigned long', 'value': 127662}]",0,0
18830.67406,7786,7291,0,ps,ip-10-100-1-26,257,openat,4,9,"[{'name': 'dirfd', 'type': 'int', 'value': -100}, {'name': 'pathname', 'type': 'const char*', 'value': '/proc/15/stat'}, {'name': 'flags', 'type': 'int', 'value': 'O_RDONLY'}, {'name': 'mode', 'type': 'int', 'value': 2207129259}]",0,0
18830.674088,7786,7291,0,ps,ip-10-100-1-26,3,close,1,0,"[{'name': 'fd', 'type': 'int', 'value': 9}]",0,0
18830.674114,7786,7291,0,ps,ip-10-100-1-26,1005,security_file_open,4,0,"[{'name': 'pathname', 'type': 'const char*', 'value': '/proc/15/status'}, {'name': 'flags', 'type': 'int', 'value': 'O_RDONLY|O_LARGEFILE'}, {'name': 'dev', 'type': 'dev_t', 'value': 5}, {'name': 'inode', 'type': 'unsigned long', 'value': 127663}]",0,0
18830.674139,7786,7291,0,ps,ip-10-100-1-26,257,openat,4,9,"[{'name': 'dirfd', 'type': 'int', 'value': -100}, {'name': 'pathname', 'type': 'const char*', 'value': '/proc/15/status'}, {'name': 'flags', 'type': 'int', 'value': 'O_RDONLY'}, {'name': 'mode', 'type': 'int', 'value': 2207129259}]",0,0
18830.674169,7786,7291,0,ps,ip-10-100-1-26,3,close,1,0,"[{'name': 'fd', 'type': 'int', 'value': 9}]",0,0
18830.674193,7786,7291,0,ps,ip-10-100-1-26,1005,security_file_open,4,0,"[{'name': 'pathname', 'type': 'const char*', 'value': '/proc/15/cmdline'}, {'name': 'flags', 'type': 'int', 'value': 'O_RDONLY|O_LARGEFILE'}, {'name': 'dev', 'type': 'dev_t', 'value': 5}, {'name': 'inode', 'type': 'unsigned long', 'value': 127664}]",0,0
18830.674217,7786,7291,0,ps,ip-10-100-1-26,257,openat,4,9,"[{'name': 'dirfd', 'type': 'int', 'value': -100}, {'name': 'pathname', 'type': 'const char*', 'value': '/proc/15/cmdline'}, {'name': 'flags', 'type': 'int', 'value': 'O_RDONLY'}, {'name': 'mode', 'type': 'int', 'value': 2207129259}]",0,0
18830.67424,7786,7291,0,ps,ip-10-100-1-26,3,close,1,0,"[{'name': 'fd', 'type': 'int', 'value': 9}]",0,0
18830.674266,7786,7291,0,ps,ip-10-100-1-26,4,stat,2,0,"[{'name': 'pathname', 'type': 'const char*', 'value': '/proc/16'}, {'name': 'statbuf', 'type': 'struct stat*', 'value': '0x7F96839DD680'}]",0,0
18830.674288,7786,7291,0,ps,ip-10-100-1-26,1005,security_file_open,4,0,"[{'name': 'pathname', 'type': 'const char*', 'value': '/proc/16/stat'}, {'name': 'flags', 'type': 'int', 'value': 'O_RDONLY|O_LARGEFILE'}, {'name': 'dev', 'type': 'dev_t', 'value': 5}, {'name': 'inode', 'type': 'unsigned long', 'value': 127665}]",0,0
18830.674312,7786,7291,0,ps,ip-10-100-1-26,257,openat,4,9,"[{'name': 'dirfd', 'type': 'int', 'value': -100}, {'name': 'pathname', 'type': 'const char*', 'value': '/proc/16/stat'}, {'name': 'flags', 'type': 'int', 'value': 'O_RDONLY'}, {'name': 'mode', 'type': 'int', 'value': 2207129259}]",0,0
18830.67434,7786,7291,0,ps,ip-10-100-1-26,3,close,1,0,"[{'name': 'fd', 'type': 'int', 'value': 9}]",0,0
18830.674366,7786,7291,0,ps,ip-10-100-1-26,1005,security_file_open,4,0,"[{'name': 'pathname', 'type': 'const char*', 'value': '/proc/16/status'}, {'name': 'flags', 'type': 'int', 'value': 'O_RDONLY|O_LARGEFILE'}, {'name': 'dev', 'type': 'dev_t', 'value': 5}, {'name': 'inode', 'type': 'unsigned long', 'value': 127666}]",0,0
18830.67439,7786,7291,0,ps,ip-10-100-1-26,257,openat,4,9,"[{'name': 'dirfd', 'type': 'int', 'value': -100}, {'name': 'pathname', 'type': 'const char*', 'value': '/proc/16/status'}, {'name': 'flags', 'type': 'int', 'value': 'O_RDONLY'}, {'name': 'mode', 'type': 'int', 'value': 2207129259}]",0,0
18830.67442,7786,7291,0,ps,ip-10-100-1-26,3,close,1,0,"[{'name': 'fd', 'type': 'int', 'value': 9}]",0,0
18830.674444,7786,7291,0,ps,ip-10-100-1-26,1005,security_file_open,4,0,"[{'name': 'pathname', 'type': 'const char*', 'value': '/proc/16/cmdline'}, {'name': 'flags', 'type': 'int', 'value': 'O_RDONLY|O_LARGEFILE'}, {'name': 'dev', 'type': 'dev_t', 'value': 5}, {'name': 'inode', 'type': 'unsigned long', 'value': 127667}]",0,0
18830.674467,7786,7291,0,ps,ip-10-100-1-26,257,openat,4,9,"[{'name': 'dirfd', 'type': 'int', 'value': -100}, {'name': 'pathname', 'type': 'const char*', 'value': '/proc/16/cmdline'}, {'name': 'flags', 'type': 'int', 'value': 'O_RDONLY'}, {'name': 'mode', 'type': 'int', 'value': 2207129259}]",0,0
18830.674491,7786,7291,0,ps,ip-10-100-1-26,3,close,1,0,"[{'name': 'fd', 'type': 'int', 'value': 9}]",0,0
18830.674516,7786,7291,0,ps,ip-10-100-1-26,4,stat,2,0,"[{'name': 'pathname', 'type': 'const char*', 'value': '/proc/17'}, {'name': 'statbuf', 'type': 'struct stat*', 'value': '0x7F96839DD680'}]",0,0
18830.674538,7786,7291,0,ps,ip-10-100-1-26,1005,security_file_open,4,0,"[{'name': 'pathname', 'type': 'const char*', 'value': '/proc/17/stat'}, {'name': 'flags', 'type': 'int', 'value': 'O_RDONLY|O_LARGEFILE'}, {'name': 'dev', 'type': 'dev_t', 'value': 5}, {'name': 'inode', 'type': 'unsigned long', 'value': 127668}]",0,0
18830.674562,7786,7291,0,ps,ip-10-100-1-26,257,openat,4,9,"[{'name': 'dirfd', 'type': 'int', 'value': -100}, {'name': 'pathname', 'type': 'const char*', 'value': '/proc/17/stat'}, {'name': 'flags', 'type': 'int', 'value': 'O_RDONLY'}, {'name': 'mode', 'type': 'int', 'value': 2207129259}]",0,0
18830.674591,7786,7291,0,ps,ip-10-100-1-26,3,close,1,0,"[{'name': 'fd', 'type': 'int', 'value': 9}]",0,0
18830.674616,7786,7291,0,ps,ip-10-100-1-26,1005,security_file_open,4,0,"[{'name': 'pathname', 'type': 'const char*', 'value': '/proc/17/status'}, {'name': 'flags', 'type': 'int', 'value': 'O_RDONLY|O_LARGEFILE'}, {'name': 'dev', 'type': 'dev_t', 'value': 5}, {'name': 'inode', 'type': 'unsigned long', 'value': 127669}]",0,0
18830.674643,7786,7291,0,ps,ip-10-100-1-26,257,openat,4,9,"[{'name': 'dirfd', 'type': 'int', 'value': -100}, {'name': 'pathname', 'type': 'const char*', 'value': '/proc/17/status'}, {'name': 'flags', 'type': 'int', 'value': 'O_RDONLY'}, {'name': 'mode', 'type': 'int', 'value': 2207129259}]",0,0
18830.674685,7786,7291,0,ps,ip-10-100-1-26,3,close,1,0,"[{'name': 'fd', 'type': 'int', 'value': 9}]",0,0
18830.67471,7786,7291,0,ps,ip-10-100-1-26,1005,security_file_open,4,0,"[{'name': 'pathname', 'type': 'const char*', 'value': '/proc/17/cmdline'}, {'name': 'flags', 'type': 'int', 'value': 'O_RDONLY|O_LARGEFILE'}, {'name': 'dev', 'type': 'dev_t', 'value': 5}, {'name': 'inode', 'type': 'unsigned long', 'value': 127670}]",0,0
18830.674735,7786,7291,0,ps,ip-10-100-1-26,257,openat,4,9,"[{'name': 'dirfd', 'type': 'int', 'value': -100}, {'name': 'pathname', 'type': 'const char*', 'value': '/proc/17/cmdline'}, {'name': 'flags', 'type': 'int', 'value': 'O_RDONLY'}, {'name': 'mode', 'type': 'int', 'value': 2207129259}]",0,0
18830.674759,7786,7291,0,ps,ip-10-100-1-26,3,close,1,0,"[{'name': 'fd', 'type': 'int', 'value': 9}]",0,0
18830.674785,7786,7291,0,ps,ip-10-100-1-26,4,stat,2,0,"[{'name': 'pathname', 'type': 'const char*', 'value': '/proc/18'}, {'name': 'statbuf', 'type': 'struct stat*', 'value': '0x7F96839DD680'}]",0,0
18830.674808,7786,7291,0,ps,ip-10-100-1-26,1005,security_file_open,4,0,"[{'name': 'pathname', 'type': 'const char*', 'value': '/proc/18/stat'}, {'name': 'flags', 'type': 'int', 'value': 'O_RDONLY|O_LARGEFILE'}, {'name': 'dev', 'type': 'dev_t', 'value': 5}, {'name': 'inode', 'type': 'unsigned long', 'value': 127671}]",0,0
18830.674833,7786,7291,0,ps,ip-10-100-1-26,257,openat,4,9,"[{'name': 'dirfd', 'type': 'int', 'value': -100}, {'name': 'pathname', 'type': 'const char*', 'value': '/proc/18/stat'}, {'name': 'flags', 'type': 'int', 'value': 'O_RDONLY'}, {'name': 'mode', 'type': 'int', 'value': 2207129259}]",0,0
18830.674862,7786,7291,0,ps,ip-10-100-1-26,3,close,1,0,"[{'name': 'fd', 'type': 'int', 'value': 9}]",0,0
18830.674889,7786,7291,0,ps,ip-10-100-1-26,1005,security_file_open,4,0,"[{'name': 'pathname', 'type': 'const char*', 'value': '/proc/18/status'}, {'name': 'flags', 'type': 'int', 'value': 'O_RDONLY|O_LARGEFILE'}, {'name': 'dev', 'type': 'dev_t', 'value': 5}, {'name': 'inode', 'type': 'unsigned long', 'value': 127672}]",0,0
18830.674914,7786,7291,0,ps,ip-10-100-1-26,257,openat,4,9,"[{'name': 'dirfd', 'type': 'int', 'value': -100}, {'name': 'pathname', 'type': 'const char*', 'value': '/proc/18/status'}, {'name': 'flags', 'type': 'int', 'value': 'O_RDONLY'}, {'name': 'mode', 'type': 'int', 'value': 2207129259}]",0,0
18830.674945,7786,7291,0,ps,ip-10-100-1-26,3,close,1,0,"[{'name': 'fd', 'type': 'int', 'value': 9}]",0,0
18830.674982,7786,7291,0,ps,ip-10-100-1-26,1005,security_file_open,4,0,"[{'name': 'pathname', 'type': 'const char*', 'value': '/proc/18/cmdline'}, {'name': 'flags', 'type': 'int', 'value': 'O_RDONLY|O_LARGEFILE'}, {'name': 'dev', 'type': 'dev_t', 'value': 5}, {'name': 'inode', 'type': 'unsigned long', 'value': 127673}]",0,0
18830.675006,7786,7291,0,ps,ip-10-100-1-26,257,openat,4,9,"[{'name': 'dirfd', 'type': 'int', 'value': -100}, {'name': 'pathname', 'type': 'const char*', 'value': '/proc/18/cmdline'}, {'name': 'flags', 'type': 'int', 'value': 'O_RDONLY'}, {'name': 'mode', 'type': 'int', 'value': 2207129259}]",0,0
18830.675055,7786,7291,0,ps,ip-10-100-1-26,4,stat,2,0,"[{'name': 'pathname', 'type': 'const char*', 'value': '/proc/19'}, {'name': 'statbuf', 'type': 'struct stat*', 'value': '0x7F96839DD680'}]",0,0
18830.67503,7786,7291,0,ps,ip-10-100-1-26,3,close,1,0,"[{'name': 'fd', 'type': 'int', 'value': 9}]",0,0
18830.675077,7786,7291,0,ps,ip-10-100-1-26,1005,security_file_open,4,0,"[{'name': 'pathname', 'type': 'const char*', 'value': '/proc/19/stat'}, {'name': 'flags', 'type': 'int', 'value': 'O_RDONLY|O_LARGEFILE'}, {'name': 'dev', 'type': 'dev_t', 'value': 5}, {'name': 'inode', 'type': 'unsigned long', 'value': 127674}]",0,0
18830.675101,7786,7291,0,ps,ip-10-100-1-26,257,openat,4,9,"[{'name': 'dirfd', 'type': 'int', 'value': -100}, {'name': 'pathname', 'type': 'const char*', 'value': '/proc/19/stat'}, {'name': 'flags', 'type': 'int', 'value': 'O_RDONLY'}, {'name': 'mode', 'type': 'int', 'value': 2207129259}]",0,0
18830.675129,7786,7291,0,ps,ip-10-100-1-26,3,close,1,0,"[{'name': 'fd', 'type': 'int', 'value': 9}]",0,0
18830.675155,7786,7291,0,ps,ip-10-100-1-26,1005,security_file_open,4,0,"[{'name': 'pathname', 'type': 'const char*', 'value': '/proc/19/status'}, {'name': 'flags', 'type': 'int', 'value': 'O_RDONLY|O_LARGEFILE'}, {'name': 'dev', 'type': 'dev_t', 'value': 5}, {'name': 'inode', 'type': 'unsigned long', 'value': 127675}]",0,0
18830.675181,7786,7291,0,ps,ip-10-100-1-26,257,openat,4,9,"[{'name': 'dirfd', 'type': 'int', 'value': -100}, {'name': 'pathname', 'type': 'const char*', 'value': '/proc/19/status'}, {'name': 'flags', 'type': 'int', 'value': 'O_RDONLY'}, {'name': 'mode', 'type': 'int', 'value': 2207129259}]",0,0
18830.675211,7786,7291,0,ps,ip-10-100-1-26,3,close,1,0,"[{'name': 'fd', 'type': 'int', 'value': 9}]",0,0
18830.675235,7786,7291,0,ps,ip-10-100-1-26,1005,security_file_open,4,0,"[{'name': 'pathname', 'type': 'const char*', 'value': '/proc/19/cmdline'}, {'name': 'flags', 'type': 'int', 'value': 'O_RDONLY|O_LARGEFILE'}, {'name': 'dev', 'type': 'dev_t', 'value': 5}, {'name': 'inode', 'type': 'unsigned long', 'value': 127676}]",0,0
18830.675259,7786,7291,0,ps,ip-10-100-1-26,257,openat,4,9,"[{'name': 'dirfd', 'type': 'int', 'value': -100}, {'name': 'pathname', 'type': 'const char*', 'value': '/proc/19/cmdline'}, {'name': 'flags', 'type': 'int', 'value': 'O_RDONLY'}, {'name': 'mode', 'type': 'int', 'value': 2207129259}]",0,0
18830.675283,7786,7291,0,ps,ip-10-100-1-26,3,close,1,0,"[{'name': 'fd', 'type': 'int', 'value': 9}]",0,0
18830.675307,7786,7291,0,ps,ip-10-100-1-26,4,stat,2,0,"[{'name': 'pathname', 'type': 'const char*', 'value': '/proc/20'}, {'name': 'statbuf', 'type': 'struct stat*', 'value': '0x7F96839DD680'}]",0,0
18830.675329,7786,7291,0,ps,ip-10-100-1-26,1005,security_file_open,4,0,"[{'name': 'pathname', 'type': 'const char*', 'value': '/proc/20/stat'}, {'name': 'flags', 'type': 'int', 'value': 'O_RDONLY|O_LARGEFILE'}, {'name': 'dev', 'type': 'dev_t', 'value': 5}, {'name': 'inode', 'type': 'unsigned long', 'value': 127677}]",0,0
18830.675353,7786,7291,0,ps,ip-10-100-1-26,257,openat,4,9,"[{'name': 'dirfd', 'type': 'int', 'value': -100}, {'name': 'pathname', 'type': 'const char*', 'value': '/proc/20/stat'}, {'name': 'flags', 'type': 'int', 'value': 'O_RDONLY'}, {'name': 'mode', 'type': 'int', 'value': 2207129259}]",0,0
18830.675381,7786,7291,0,ps,ip-10-100-1-26,3,close,1,0,"[{'name': 'fd', 'type': 'int', 'value': 9}]",0,0
18830.675407,7786,7291,0,ps,ip-10-100-1-26,1005,security_file_open,4,0,"[{'name': 'pathname', 'type': 'const char*', 'value': '/proc/20/status'}, {'name': 'flags', 'type': 'int', 'value': 'O_RDONLY|O_LARGEFILE'}, {'name': 'dev', 'type': 'dev_t', 'value': 5}, {'name': 'inode', 'type': 'unsigned long', 'value': 127678}]",0,0
18830.675432,7786,7291,0,ps,ip-10-100-1-26,257,openat,4,9,"[{'name': 'dirfd', 'type': 'int', 'value': -100}, {'name': 'pathname', 'type': 'const char*', 'value': '/proc/20/status'}, {'name': 'flags', 'type': 'int', 'value': 'O_RDONLY'}, {'name': 'mode', 'type': 'int', 'value': 2207129259}]",0,0
18830.675461,7786,7291,0,ps,ip-10-100-1-26,3,close,1,0,"[{'name': 'fd', 'type': 'int', 'value': 9}]",0,0
18830.675485,7786,7291,0,ps,ip-10-100-1-26,1005,security_file_open,4,0,"[{'name': 'pathname', 'type': 'const char*', 'value': '/proc/20/cmdline'}, {'name': 'flags', 'type': 'int', 'value': 'O_RDONLY|O_LARGEFILE'}, {'name': 'dev', 'type': 'dev_t', 'value': 5}, {'name': 'inode', 'type': 'unsigned long', 'value': 127679}]",0,0
18830.675509,7786,7291,0,ps,ip-10-100-1-26,257,openat,4,9,"[{'name': 'dirfd', 'type': 'int', 'value': -100}, {'name': 'pathname', 'type': 'const char*', 'value': '/proc/20/cmdline'}, {'name': 'flags', 'type': 'int', 'value': 'O_RDONLY'}, {'name': 'mode', 'type': 'int', 'value': 2207129259}]",0,0
18830.675533,7786,7291,0,ps,ip-10-100-1-26,3,close,1,0,"[{'name': 'fd', 'type': 'int', 'value': 9}]",0,0
18830.675558,7786,7291,0,ps,ip-10-100-1-26,4,stat,2,0,"[{'name': 'pathname', 'type': 'const char*', 'value': '/proc/21'}, {'name': 'statbuf', 'type': 'struct stat*', 'value': '0x7F96839DD680'}]",0,0
18830.67558,7786,7291,0,ps,ip-10-100-1-26,1005,security_file_open,4,0,"[{'name': 'pathname', 'type': 'const char*', 'value': '/proc/21/stat'}, {'name': 'flags', 'type': 'int', 'value': 'O_RDONLY|O_LARGEFILE'}, {'name': 'dev', 'type': 'dev_t', 'value': 5}, {'name': 'inode', 'type': 'unsigned long', 'value': 127680}]",0,0
18830.675604,7786,7291,0,ps,ip-10-100-1-26,257,openat,4,9,"[{'name': 'dirfd', 'type': 'int', 'value': -100}, {'name': 'pathname', 'type': 'const char*', 'value': '/proc/21/stat'}, {'name': 'flags', 'type': 'int', 'value': 'O_RDONLY'}, {'name': 'mode', 'type': 'int', 'value': 2207129259}]",0,0
18830.675644,7786,7291,0,ps,ip-10-100-1-26,3,close,1,0,"[{'name': 'fd', 'type': 'int', 'value': 9}]",0,0
18830.675671,7786,7291,0,ps,ip-10-100-1-26,1005,security_file_open,4,0,"[{'name': 'pathname', 'type': 'const char*', 'value': '/proc/21/status'}, {'name': 'flags', 'type': 'int', 'value': 'O_RDONLY|O_LARGEFILE'}, {'name': 'dev', 'type': 'dev_t', 'value': 5}, {'name': 'inode', 'type': 'unsigned long', 'value': 127681}]",0,0
18830.675698,7786,7291,0,ps,ip-10-100-1-26,257,openat,4,9,"[{'name': 'dirfd', 'type': 'int', 'value': -100}, {'name': 'pathname', 'type': 'const char*', 'value': '/proc/21/status'}, {'name': 'flags', 'type': 'int', 'value': 'O_RDONLY'}, {'name': 'mode', 'type': 'int', 'value': 2207129259}]",0,0
18830.675728,7786,7291,0,ps,ip-10-100-1-26,3,close,1,0,"[{'name': 'fd', 'type': 'int', 'value': 9}]",0,0
18830.675753,7786,7291,0,ps,ip-10-100-1-26,1005,security_file_open,4,0,"[{'name': 'pathname', 'type': 'const char*', 'value': '/proc/21/cmdline'}, {'name': 'flags', 'type': 'int', 'value': 'O_RDONLY|O_LARGEFILE'}, {'name': 'dev', 'type': 'dev_t', 'value': 5}, {'name': 'inode', 'type': 'unsigned long', 'value': 127682}]",0,0
18830.675778,7786,7291,0,ps,ip-10-100-1-26,257,openat,4,9,"[{'name': 'dirfd', 'type': 'int', 'value': -100}, {'name': 'pathname', 'type': 'const char*', 'value': '/proc/21/cmdline'}, {'name': 'flags', 'type': 'int', 'value': 'O_RDONLY'}, {'name': 'mode', 'type': 'int', 'value': 2207129259}]",0,0
18830.675802,7786,7291,0,ps,ip-10-100-1-26,3,close,1,0,"[{'name': 'fd', 'type': 'int', 'value': 9}]",0,0
18830.675828,7786,7291,0,ps,ip-10-100-1-26,4,stat,2,0,"[{'name': 'pathname', 'type': 'const char*', 'value': '/proc/22'}, {'name': 'statbuf', 'type': 'struct stat*', 'value': '0x7F96839DD680'}]",0,0
18830.675851,7786,7291,0,ps,ip-10-100-1-26,1005,security_file_open,4,0,"[{'name': 'pathname', 'type': 'const char*', 'value': '/proc/22/stat'}, {'name': 'flags', 'type': 'int', 'value': 'O_RDONLY|O_LARGEFILE'}, {'name': 'dev', 'type': 'dev_t', 'value': 5}, {'name': 'inode', 'type': 'unsigned long', 'value': 127683}]",0,0
18830.675877,7786,7291,0,ps,ip-10-100-1-26,257,openat,4,9,"[{'name': 'dirfd', 'type': 'int', 'value': -100}, {'name': 'pathname', 'type': 'const char*', 'value': '/proc/22/stat'}, {'name': 'flags', 'type': 'int', 'value': 'O_RDONLY'}, {'name': 'mode', 'type': 'int', 'value': 2207129259}]",0,0
18830.675905,7786,7291,0,ps,ip-10-100-1-26,3,close,1,0,"[{'name': 'fd', 'type': 'int', 'value': 9}]",0,0
18830.675932,7786,7291,0,ps,ip-10-100-1-26,1005,security_file_open,4,0,"[{'name': 'pathname', 'type': 'const char*', 'value': '/proc/22/status'}, {'name': 'flags', 'type': 'int', 'value': 'O_RDONLY|O_LARGEFILE'}, {'name': 'dev', 'type': 'dev_t', 'value': 5}, {'name': 'inode', 'type': 'unsigned long', 'value': 127684}]",0,0
18830.67597,7786,7291,0,ps,ip-10-100-1-26,257,openat,4,9,"[{'name': 'dirfd', 'type': 'int', 'value': -100}, {'name': 'pathname', 'type': 'const char*', 'value': '/proc/22/status'}, {'name': 'flags', 'type': 'int', 'value': 'O_RDONLY'}, {'name': 'mode', 'type': 'int', 'value': 2207129259}]",0,0
18830.675999,7786,7291,0,ps,ip-10-100-1-26,3,close,1,0,"[{'name': 'fd', 'type': 'int', 'value': 9}]",0,0
18830.676038,7786,7291,0,ps,ip-10-100-1-26,1005,security_file_open,4,0,"[{'name': 'pathname', 'type': 'const char*', 'value': '/proc/22/cmdline'}, {'name': 'flags', 'type': 'int', 'value': 'O_RDONLY|O_LARGEFILE'}, {'name': 'dev', 'type': 'dev_t', 'value': 5}, {'name': 'inode', 'type': 'unsigned long', 'value': 127685}]",0,0
18830.676063,7786,7291,0,ps,ip-10-100-1-26,257,openat,4,9,"[{'name': 'dirfd', 'type': 'int', 'value': -100}, {'name': 'pathname', 'type': 'const char*', 'value': '/proc/22/cmdline'}, {'name': 'flags', 'type': 'int', 'value': 'O_RDONLY'}, {'name': 'mode', 'type': 'int', 'value': 2207129259}]",0,0
18830.676087,7786,7291,0,ps,ip-10-100-1-26,3,close,1,0,"[{'name': 'fd', 'type': 'int', 'value': 9}]",0,0
18830.676113,7786,7291,0,ps,ip-10-100-1-26,4,stat,2,0,"[{'name': 'pathname', 'type': 'const char*', 'value': '/proc/23'}, {'name': 'statbuf', 'type': 'struct stat*', 'value': '0x7F96839DD680'}]",0,0
18830.676137,7786,7291,0,ps,ip-10-100-1-26,1005,security_file_open,4,0,"[{'name': 'pathname', 'type': 'const char*', 'value': '/proc/23/stat'}, {'name': 'flags', 'type': 'int', 'value': 'O_RDONLY|O_LARGEFILE'}, {'name': 'dev', 'type': 'dev_t', 'value': 5}, {'name': 'inode', 'type': 'unsigned long', 'value': 127686}]",0,0
18830.676161,7786,7291,0,ps,ip-10-100-1-26,257,openat,4,9,"[{'name': 'dirfd', 'type': 'int', 'value': -100}, {'name': 'pathname', 'type': 'const char*', 'value': '/proc/23/stat'}, {'name': 'flags', 'type': 'int', 'value': 'O_RDONLY'}, {'name': 'mode', 'type': 'int', 'value': 2207129259}]",0,0
18830.676191,7786,7291,0,ps,ip-10-100-1-26,3,close,1,0,"[{'name': 'fd', 'type': 'int', 'value': 9}]",0,0
18830.676218,7786,7291,0,ps,ip-10-100-1-26,1005,security_file_open,4,0,"[{'name': 'pathname', 'type': 'const char*', 'value': '/proc/23/status'}, {'name': 'flags', 'type': 'int', 'value': 'O_RDONLY|O_LARGEFILE'}, {'name': 'dev', 'type': 'dev_t', 'value': 5}, {'name': 'inode', 'type': 'unsigned long', 'value': 127687}]",0,0
18830.676243,7786,7291,0,ps,ip-10-100-1-26,257,openat,4,9,"[{'name': 'dirfd', 'type': 'int', 'value': -100}, {'name': 'pathname', 'type': 'const char*', 'value': '/proc/23/status'}, {'name': 'flags', 'type': 'int', 'value': 'O_RDONLY'}, {'name': 'mode', 'type': 'int', 'value': 2207129259}]",0,0
18830.676273,7786,7291,0,ps,ip-10-100-1-26,3,close,1,0,"[{'name': 'fd', 'type': 'int', 'value': 9}]",0,0
18830.676298,7786,7291,0,ps,ip-10-100-1-26,1005,security_file_open,4,0,"[{'name': 'pathname', 'type': 'const char*', 'value': '/proc/23/cmdline'}, {'name': 'flags', 'type': 'int', 'value': 'O_RDONLY|O_LARGEFILE'}, {'name': 'dev', 'type': 'dev_t', 'value': 5}, {'name': 'inode', 'type': 'unsigned long', 'value': 127688}]",0,0
18830.700196,7786,7291,0,ps,ip-10-100-1-26,257,openat,4,9,"[{'name': 'dirfd', 'type': 'int', 'value': -100}, {'name': 'pathname', 'type': 'const char*', 'value': '/proc/23/cmdline'}, {'name': 'flags', 'type': 'int', 'value': 'O_RDONLY'}, {'name': 'mode', 'type': 'int', 'value': 2207129259}]",0,0
18830.700233,7786,7291,0,ps,ip-10-100-1-26,3,close,1,0,"[{'name': 'fd', 'type': 'int', 'value': 9}]",0,0
18830.700273,7786,7291,0,ps,ip-10-100-1-26,4,stat,2,0,"[{'name': 'pathname', 'type': 'const char*', 'value': '/proc/69'}, {'name': 'statbuf', 'type': 'struct stat*', 'value': '0x7F96839DD680'}]",0,0
18830.700302,7786,7291,0,ps,ip-10-100-1-26,1005,security_file_open,4,0,"[{'name': 'pathname', 'type': 'const char*', 'value': '/proc/69/stat'}, {'name': 'flags', 'type': 'int', 'value': 'O_RDONLY|O_LARGEFILE'}, {'name': 'dev', 'type': 'dev_t', 'value': 5}, {'name': 'inode', 'type': 'unsigned long', 'value': 127689}]",0,0
18830.700621,7786,7291,0,ps,ip-10-100-1-26,257,openat,4,9,"[{'name': 'dirfd', 'type': 'int', 'value': -100}, {'name': 'pathname', 'type': 'const char*', 'value': '/proc/69/stat'}, {'name': 'flags', 'type': 'int', 'value': 'O_RDONLY'}, {'name': 'mode', 'type': 'int', 'value': 2207129259}]",0,0
18830.700661,7786,7291,0,ps,ip-10-100-1-26,3,close,1,0,"[{'name': 'fd', 'type': 'int', 'value': 9}]",0,0
18830.700696,7786,7291,0,ps,ip-10-100-1-26,1005,security_file_open,4,0,"[{'name': 'pathname', 'type': 'const char*', 'value': '/proc/69/status'}, {'name': 'flags', 'type': 'int', 'value': 'O_RDONLY|O_LARGEFILE'}, {'name': 'dev', 'type': 'dev_t', 'value': 5}, {'name': 'inode', 'type': 'unsigned long', 'value': 127690}]",0,0
18830.700724,7786,7291,0,ps,ip-10-100-1-26,257,openat,4,9,"[{'name': 'dirfd', 'type': 'int', 'value': -100}, {'name': 'pathname', 'type': 'const char*', 'value': '/proc/69/status'}, {'name': 'flags', 'type': 'int', 'value': 'O_RDONLY'}, {'name': 'mode', 'type': 'int', 'value': 2207129259}]",0,0
18830.700757,7786,7291,0,ps,ip-10-100-1-26,3,close,1,0,"[{'name': 'fd', 'type': 'int', 'value': 9}]",0,0
18830.700795,7786,7291,0,ps,ip-10-100-1-26,1005,security_file_open,4,0,"[{'name': 'pathname', 'type': 'const char*', 'value': '/proc/69/cmdline'}, {'name': 'flags', 'type': 'int', 'value': 'O_RDONLY|O_LARGEFILE'}, {'name': 'dev', 'type': 'dev_t', 'value': 5}, {'name': 'inode', 'type': 'unsigned long', 'value': 127691}]",0,0
18830.700837,7786,7291,0,ps,ip-10-100-1-26,257,openat,4,9,"[{'name': 'dirfd', 'type': 'int', 'value': -100}, {'name': 'pathname', 'type': 'const char*', 'value': '/proc/69/cmdline'}, {'name': 'flags', 'type': 'int', 'value': 'O_RDONLY'}, {'name': 'mode', 'type': 'int', 'value': 2207129259}]",0,0
18830.700866,7786,7291,0,ps,ip-10-100-1-26,3,close,1,0,"[{'name': 'fd', 'type': 'int', 'value': 9}]",0,0
18830.700897,7786,7291,0,ps,ip-10-100-1-26,4,stat,2,0,"[{'name': 'pathname', 'type': 'const char*', 'value': '/proc/70'}, {'name': 'statbuf', 'type': 'struct stat*', 'value': '0x7F96839DD680'}]",0,0
18830.700922,7786,7291,0,ps,ip-10-100-1-26,1005,security_file_open,4,0,"[{'name': 'pathname', 'type': 'const char*', 'value': '/proc/70/stat'}, {'name': 'flags', 'type': 'int', 'value': 'O_RDONLY|O_LARGEFILE'}, {'name': 'dev', 'type': 'dev_t', 'value': 5}, {'name': 'inode', 'type': 'unsigned long', 'value': 127692}]",0,0
18830.700947,7786,7291,0,ps,ip-10-100-1-26,257,openat,4,9,"[{'name': 'dirfd', 'type': 'int', 'value': -100}, {'name': 'pathname', 'type': 'const char*', 'value': '/proc/70/stat'}, {'name': 'flags', 'type': 'int', 'value': 'O_RDONLY'}, {'name': 'mode', 'type': 'int', 'value': 2207129259}]",0,0
18830.700977,7786,7291,0,ps,ip-10-100-1-26,3,close,1,0,"[{'name': 'fd', 'type': 'int', 'value': 9}]",0,0
18830.701005,7786,7291,0,ps,ip-10-100-1-26,1005,security_file_open,4,0,"[{'name': 'pathname', 'type': 'const char*', 'value': '/proc/70/status'}, {'name': 'flags', 'type': 'int', 'value': 'O_RDONLY|O_LARGEFILE'}, {'name': 'dev', 'type': 'dev_t', 'value': 5}, {'name': 'inode', 'type': 'unsigned long', 'value': 127693}]",0,0
18830.70103,7786,7291,0,ps,ip-10-100-1-26,257,openat,4,9,"[{'name': 'dirfd', 'type': 'int', 'value': -100}, {'name': 'pathname', 'type': 'const char*', 'value': '/proc/70/status'}, {'name': 'flags', 'type': 'int', 'value': 'O_RDONLY'}, {'name': 'mode', 'type': 'int', 'value': 2207129259}]",0,0
18830.701061,7786,7291,0,ps,ip-10-100-1-26,3,close,1,0,"[{'name': 'fd', 'type': 'int', 'value': 9}]",0,0
18830.701087,7786,7291,0,ps,ip-10-100-1-26,1005,security_file_open,4,0,"[{'name': 'pathname', 'type': 'const char*', 'value': '/proc/70/cmdline'}, {'name': 'flags', 'type': 'int', 'value': 'O_RDONLY|O_LARGEFILE'}, {'name': 'dev', 'type': 'dev_t', 'value': 5}, {'name': 'inode', 'type': 'unsigned long', 'value': 127694}]",0,0
18830.701112,7786,7291,0,ps,ip-10-100-1-26,257,openat,4,9,"[{'name': 'dirfd', 'type': 'int', 'value': -100}, {'name': 'pathname', 'type': 'const char*', 'value': '/proc/70/cmdline'}, {'name': 'flags', 'type': 'int', 'value': 'O_RDONLY'}, {'name': 'mode', 'type': 'int', 'value': 2207129259}]",0,0
18830.701137,7786,7291,0,ps,ip-10-100-1-26,3,close,1,0,"[{'name': 'fd', 'type': 'int', 'value': 9}]",0,0
18830.701163,7786,7291,0,ps,ip-10-100-1-26,4,stat,2,0,"[{'name': 'pathname', 'type': 'const char*', 'value': '/proc/71'}, {'name': 'statbuf', 'type': 'struct stat*', 'value': '0x7F96839DD680'}]",0,0
18830.701186,7786,7291,0,ps,ip-10-100-1-26,1005,security_file_open,4,0,"[{'name': 'pathname', 'type': 'const char*', 'value': '/proc/71/stat'}, {'name': 'flags', 'type': 'int', 'value': 'O_RDONLY|O_LARGEFILE'}, {'name': 'dev', 'type': 'dev_t', 'value': 5}, {'name': 'inode', 'type': 'unsigned long', 'value': 127695}]",0,0
18830.701211,7786,7291,0,ps,ip-10-100-1-26,257,openat,4,9,"[{'name': 'dirfd', 'type': 'int', 'value': -100}, {'name': 'pathname', 'type': 'const char*', 'value': '/proc/71/stat'}, {'name': 'flags', 'type': 'int', 'value': 'O_RDONLY'}, {'name': 'mode', 'type': 'int', 'value': 2207129259}]",0,0
18830.70124,7786,7291,0,ps,ip-10-100-1-26,3,close,1,0,"[{'name': 'fd', 'type': 'int', 'value': 9}]",0,0
18830.701267,7786,7291,0,ps,ip-10-100-1-26,1005,security_file_open,4,0,"[{'name': 'pathname', 'type': 'const char*', 'value': '/proc/71/status'}, {'name': 'flags', 'type': 'int', 'value': 'O_RDONLY|O_LARGEFILE'}, {'name': 'dev', 'type': 'dev_t', 'value': 5}, {'name': 'inode', 'type': 'unsigned long', 'value': 127696}]",0,0
18830.701292,7786,7291,0,ps,ip-10-100-1-26,257,openat,4,9,"[{'name': 'dirfd', 'type': 'int', 'value': -100}, {'name': 'pathname', 'type': 'const char*', 'value': '/proc/71/status'}, {'name': 'flags', 'type': 'int', 'value': 'O_RDONLY'}, {'name': 'mode', 'type': 'int', 'value': 2207129259}]",0,0
18830.701323,7786,7291,0,ps,ip-10-100-1-26,3,close,1,0,"[{'name': 'fd', 'type': 'int', 'value': 9}]",0,0
18830.701348,7786,7291,0,ps,ip-10-100-1-26,1005,security_file_open,4,0,"[{'name': 'pathname', 'type': 'const char*', 'value': '/proc/71/cmdline'}, {'name': 'flags', 'type': 'int', 'value': 'O_RDONLY|O_LARGEFILE'}, {'name': 'dev', 'type': 'dev_t', 'value': 5}, {'name': 'inode', 'type': 'unsigned long', 'value': 127697}]",0,0
18830.701373,7786,7291,0,ps,ip-10-100-1-26,257,openat,4,9,"[{'name': 'dirfd', 'type': 'int', 'value': -100}, {'name': 'pathname', 'type': 'const char*', 'value': '/proc/71/cmdline'}, {'name': 'flags', 'type': 'int', 'value': 'O_RDONLY'}, {'name': 'mode', 'type': 'int', 'value': 2207129259}]",0,0
18830.701398,7786,7291,0,ps,ip-10-100-1-26,3,close,1,0,"[{'name': 'fd', 'type': 'int', 'value': 9}]",0,0
18830.701424,7786,7291,0,ps,ip-10-100-1-26,4,stat,2,0,"[{'name': 'pathname', 'type': 'const char*', 'value': '/proc/72'}, {'name': 'statbuf', 'type': 'struct stat*', 'value': '0x7F96839DD680'}]",0,0
18830.701447,7786,7291,0,ps,ip-10-100-1-26,1005,security_file_open,4,0,"[{'name': 'pathname', 'type': 'const char*', 'value': '/proc/72/stat'}, {'name': 'flags', 'type': 'int', 'value': 'O_RDONLY|O_LARGEFILE'}, {'name': 'dev', 'type': 'dev_t', 'value': 5}, {'name': 'inode', 'type': 'unsigned long', 'value': 127698}]",0,0
18830.701472,7786,7291,0,ps,ip-10-100-1-26,257,openat,4,9,"[{'name': 'dirfd', 'type': 'int', 'value': -100}, {'name': 'pathname', 'type': 'const char*', 'value': '/proc/72/stat'}, {'name': 'flags', 'type': 'int', 'value': 'O_RDONLY'}, {'name': 'mode', 'type': 'int', 'value': 2207129259}]",0,0
18830.701501,7786,7291,0,ps,ip-10-100-1-26,3,close,1,0,"[{'name': 'fd', 'type': 'int', 'value': 9}]",0,0
18830.701528,7786,7291,0,ps,ip-10-100-1-26,1005,security_file_open,4,0,"[{'name': 'pathname', 'type': 'const char*', 'value': '/proc/72/status'}, {'name': 'flags', 'type': 'int', 'value': 'O_RDONLY|O_LARGEFILE'}, {'name': 'dev', 'type': 'dev_t', 'value': 5}, {'name': 'inode', 'type': 'unsigned long', 'value': 127699}]",0,0
18830.701553,7786,7291,0,ps,ip-10-100-1-26,257,openat,4,9,"[{'name': 'dirfd', 'type': 'int', 'value': -100}, {'name': 'pathname', 'type': 'const char*', 'value': '/proc/72/status'}, {'name': 'flags', 'type': 'int', 'value': 'O_RDONLY'}, {'name': 'mode', 'type': 'int', 'value': 2207129259}]",0,0
18830.701583,7786,7291,0,ps,ip-10-100-1-26,3,close,1,0,"[{'name': 'fd', 'type': 'int', 'value': 9}]",0,0
18830.701608,7786,7291,0,ps,ip-10-100-1-26,1005,security_file_open,4,0,"[{'name': 'pathname', 'type': 'const char*', 'value': '/proc/72/cmdline'}, {'name': 'flags', 'type': 'int', 'value': 'O_RDONLY|O_LARGEFILE'}, {'name': 'dev', 'type': 'dev_t', 'value': 5}, {'name': 'inode', 'type': 'unsigned long', 'value': 127700}]",0,0
18830.701633,7786,7291,0,ps,ip-10-100-1-26,257,openat,4,9,"[{'name': 'dirfd', 'type': 'int', 'value': -100}, {'name': 'pathname', 'type': 'const char*', 'value': '/proc/72/cmdline'}, {'name': 'flags', 'type': 'int', 'value': 'O_RDONLY'}, {'name': 'mode', 'type': 'int', 'value': 2207129259}]",0,0
18830.701658,7786,7291,0,ps,ip-10-100-1-26,3,close,1,0,"[{'name': 'fd', 'type': 'int', 'value': 9}]",0,0
18830.701684,7786,7291,0,ps,ip-10-100-1-26,4,stat,2,0,"[{'name': 'pathname', 'type': 'const char*', 'value': '/proc/73'}, {'name': 'statbuf', 'type': 'struct stat*', 'value': '0x7F96839DD680'}]",0,0
18830.701707,7786,7291,0,ps,ip-10-100-1-26,1005,security_file_open,4,0,"[{'name': 'pathname', 'type': 'const char*', 'value': '/proc/73/stat'}, {'name': 'flags', 'type': 'int', 'value': 'O_RDONLY|O_LARGEFILE'}, {'name': 'dev', 'type': 'dev_t', 'value': 5}, {'name': 'inode', 'type': 'unsigned long', 'value': 127701}]",0,0
18830.701732,7786,7291,0,ps,ip-10-100-1-26,257,openat,4,9,"[{'name': 'dirfd', 'type': 'int', 'value': -100}, {'name': 'pathname', 'type': 'const char*', 'value': '/proc/73/stat'}, {'name': 'flags', 'type': 'int', 'value': 'O_RDONLY'}, {'name': 'mode', 'type': 'int', 'value': 2207129259}]",0,0
18830.701761,7786,7291,0,ps,ip-10-100-1-26,3,close,1,0,"[{'name': 'fd', 'type': 'int', 'value': 9}]",0,0
18830.701787,7786,7291,0,ps,ip-10-100-1-26,1005,security_file_open,4,0,"[{'name': 'pathname', 'type': 'const char*', 'value': '/proc/73/status'}, {'name': 'flags', 'type': 'int', 'value': 'O_RDONLY|O_LARGEFILE'}, {'name': 'dev', 'type': 'dev_t', 'value': 5}, {'name': 'inode', 'type': 'unsigned long', 'value': 127702}]",0,0
18830.701813,7786,7291,0,ps,ip-10-100-1-26,257,openat,4,9,"[{'name': 'dirfd', 'type': 'int', 'value': -100}, {'name': 'pathname', 'type': 'const char*', 'value': '/proc/73/status'}, {'name': 'flags', 'type': 'int', 'value': 'O_RDONLY'}, {'name': 'mode', 'type': 'int', 'value': 2207129259}]",0,0
18830.701843,7786,7291,0,ps,ip-10-100-1-26,3,close,1,0,"[{'name': 'fd', 'type': 'int', 'value': 9}]",0,0
18830.701868,7786,7291,0,ps,ip-10-100-1-26,1005,security_file_open,4,0,"[{'name': 'pathname', 'type': 'const char*', 'value': '/proc/73/cmdline'}, {'name': 'flags', 'type': 'int', 'value': 'O_RDONLY|O_LARGEFILE'}, {'name': 'dev', 'type': 'dev_t', 'value': 5}, {'name': 'inode', 'type': 'unsigned long', 'value': 127703}]",0,0
18830.701893,7786,7291,0,ps,ip-10-100-1-26,257,openat,4,9,"[{'name': 'dirfd', 'type': 'int', 'value': -100}, {'name': 'pathname', 'type': 'const char*', 'value': '/proc/73/cmdline'}, {'name': 'flags', 'type': 'int', 'value': 'O_RDONLY'}, {'name': 'mode', 'type': 'int', 'value': 2207129259}]",0,0
18830.701917,7786,7291,0,ps,ip-10-100-1-26,3,close,1,0,"[{'name': 'fd', 'type': 'int', 'value': 9}]",0,0
18830.701943,7786,7291,0,ps,ip-10-100-1-26,4,stat,2,0,"[{'name': 'pathname', 'type': 'const char*', 'value': '/proc/74'}, {'name': 'statbuf', 'type': 'struct stat*', 'value': '0x7F96839DD680'}]",0,0
18830.701966,7786,7291,0,ps,ip-10-100-1-26,1005,security_file_open,4,0,"[{'name': 'pathname', 'type': 'const char*', 'value': '/proc/74/stat'}, {'name': 'flags', 'type': 'int', 'value': 'O_RDONLY|O_LARGEFILE'}, {'name': 'dev', 'type': 'dev_t', 'value': 5}, {'name': 'inode', 'type': 'unsigned long', 'value': 127704}]",0,0
18830.702003,7786,7291,0,ps,ip-10-100-1-26,257,openat,4,9,"[{'name': 'dirfd', 'type': 'int', 'value': -100}, {'name': 'pathname', 'type': 'const char*', 'value': '/proc/74/stat'}, {'name': 'flags', 'type': 'int', 'value': 'O_RDONLY'}, {'name': 'mode', 'type': 'int', 'value': 2207129259}]",0,0
18830.702031,7786,7291,0,ps,ip-10-100-1-26,3,close,1,0,"[{'name': 'fd', 'type': 'int', 'value': 9}]",0,0
18830.702057,7786,7291,0,ps,ip-10-100-1-26,1005,security_file_open,4,0,"[{'name': 'pathname', 'type': 'const char*', 'value': '/proc/74/status'}, {'name': 'flags', 'type': 'int', 'value': 'O_RDONLY|O_LARGEFILE'}, {'name': 'dev', 'type': 'dev_t', 'value': 5}, {'name': 'inode', 'type': 'unsigned long', 'value': 127705}]",0,0
18830.702082,7786,7291,0,ps,ip-10-100-1-26,257,openat,4,9,"[{'name': 'dirfd', 'type': 'int', 'value': -100}, {'name': 'pathname', 'type': 'const char*', 'value': '/proc/74/status'}, {'name': 'flags', 'type': 'int', 'value': 'O_RDONLY'}, {'name': 'mode', 'type': 'int', 'value': 2207129259}]",0,0
18830.702111,7786,7291,0,ps,ip-10-100-1-26,3,close,1,0,"[{'name': 'fd', 'type': 'int', 'value': 9}]",0,0
18830.702135,7786,7291,0,ps,ip-10-100-1-26,1005,security_file_open,4,0,"[{'name': 'pathname', 'type': 'const char*', 'value': '/proc/74/cmdline'}, {'name': 'flags', 'type': 'int', 'value': 'O_RDONLY|O_LARGEFILE'}, {'name': 'dev', 'type': 'dev_t', 'value': 5}, {'name': 'inode', 'type': 'unsigned long', 'value': 127706}]",0,0
18830.702159,7786,7291,0,ps,ip-10-100-1-26,257,openat,4,9,"[{'name': 'dirfd', 'type': 'int', 'value': -100}, {'name': 'pathname', 'type': 'const char*', 'value': '/proc/74/cmdline'}, {'name': 'flags', 'type': 'int', 'value': 'O_RDONLY'}, {'name': 'mode', 'type': 'int', 'value': 2207129259}]",0,0
18830.702183,7786,7291,0,ps,ip-10-100-1-26,3,close,1,0,"[{'name': 'fd', 'type': 'int', 'value': 9}]",0,0
18830.702208,7786,7291,0,ps,ip-10-100-1-26,4,stat,2,0,"[{'name': 'pathname', 'type': 'const char*', 'value': '/proc/75'}, {'name': 'statbuf', 'type': 'struct stat*', 'value': '0x7F96839DD680'}]",0,0
18830.702231,7786,7291,0,ps,ip-10-100-1-26,1005,security_file_open,4,0,"[{'name': 'pathname', 'type': 'const char*', 'value': '/proc/75/stat'}, {'name': 'flags', 'type': 'int', 'value': 'O_RDONLY|O_LARGEFILE'}, {'name': 'dev', 'type': 'dev_t', 'value': 5}, {'name': 'inode', 'type': 'unsigned long', 'value': 127707}]",0,0
18830.702258,7786,7291,0,ps,ip-10-100-1-26,257,openat,4,9,"[{'name': 'dirfd', 'type': 'int', 'value': -100}, {'name': 'pathname', 'type': 'const char*', 'value': '/proc/75/stat'}, {'name': 'flags', 'type': 'int', 'value': 'O_RDONLY'}, {'name': 'mode', 'type': 'int', 'value': 2207129259}]",0,0
18830.702298,7786,7291,0,ps,ip-10-100-1-26,3,close,1,0,"[{'name': 'fd', 'type': 'int', 'value': 9}]",0,0
18830.702326,7786,7291,0,ps,ip-10-100-1-26,1005,security_file_open,4,0,"[{'name': 'pathname', 'type': 'const char*', 'value': '/proc/75/status'}, {'name': 'flags', 'type': 'int', 'value': 'O_RDONLY|O_LARGEFILE'}, {'name': 'dev', 'type': 'dev_t', 'value': 5}, {'name': 'inode', 'type': 'unsigned long', 'value': 127708}]",0,0
18830.702351,7786,7291,0,ps,ip-10-100-1-26,257,openat,4,9,"[{'name': 'dirfd', 'type': 'int', 'value': -100}, {'name': 'pathname', 'type': 'const char*', 'value': '/proc/75/status'}, {'name': 'flags', 'type': 'int', 'value': 'O_RDONLY'}, {'name': 'mode', 'type': 'int', 'value': 2207129259}]",0,0
18830.702382,7786,7291,0,ps,ip-10-100-1-26,3,close,1,0,"[{'name': 'fd', 'type': 'int', 'value': 9}]",0,0
18830.702407,7786,7291,0,ps,ip-10-100-1-26,1005,security_file_open,4,0,"[{'name': 'pathname', 'type': 'const char*', 'value': '/proc/75/cmdline'}, {'name': 'flags', 'type': 'int', 'value': 'O_RDONLY|O_LARGEFILE'}, {'name': 'dev', 'type': 'dev_t', 'value': 5}, {'name': 'inode', 'type': 'unsigned long', 'value': 127709}]",0,0
18830.702432,7786,7291,0,ps,ip-10-100-1-26,257,openat,4,9,"[{'name': 'dirfd', 'type': 'int', 'value': -100}, {'name': 'pathname', 'type': 'const char*', 'value': '/proc/75/cmdline'}, {'name': 'flags', 'type': 'int', 'value': 'O_RDONLY'}, {'name': 'mode', 'type': 'int', 'value': 2207129259}]",0,0
18830.702456,7786,7291,0,ps,ip-10-100-1-26,3,close,1,0,"[{'name': 'fd', 'type': 'int', 'value': 9}]",0,0
18830.702483,7786,7291,0,ps,ip-10-100-1-26,4,stat,2,0,"[{'name': 'pathname', 'type': 'const char*', 'value': '/proc/76'}, {'name': 'statbuf', 'type': 'struct stat*', 'value': '0x7F96839DD680'}]",0,0
18830.702506,7786,7291,0,ps,ip-10-100-1-26,1005,security_file_open,4,0,"[{'name': 'pathname', 'type': 'const char*', 'value': '/proc/76/stat'}, {'name': 'flags', 'type': 'int', 'value': 'O_RDONLY|O_LARGEFILE'}, {'name': 'dev', 'type': 'dev_t', 'value': 5}, {'name': 'inode', 'type': 'unsigned long', 'value': 127710}]",0,0
18830.702531,7786,7291,0,ps,ip-10-100-1-26,257,openat,4,9,"[{'name': 'dirfd', 'type': 'int', 'value': -100}, {'name': 'pathname', 'type': 'const char*', 'value': '/proc/76/stat'}, {'name': 'flags', 'type': 'int', 'value': 'O_RDONLY'}, {'name': 'mode', 'type': 'int', 'value': 2207129259}]",0,0
18830.702559,7786,7291,0,ps,ip-10-100-1-26,3,close,1,0,"[{'name': 'fd', 'type': 'int', 'value': 9}]",0,0
18830.702586,7786,7291,0,ps,ip-10-100-1-26,1005,security_file_open,4,0,"[{'name': 'pathname', 'type': 'const char*', 'value': '/proc/76/status'}, {'name': 'flags', 'type': 'int', 'value': 'O_RDONLY|O_LARGEFILE'}, {'name': 'dev', 'type': 'dev_t', 'value': 5}, {'name': 'inode', 'type': 'unsigned long', 'value': 127711}]",0,0
18830.702611,7786,7291,0,ps,ip-10-100-1-26,257,openat,4,9,"[{'name': 'dirfd', 'type': 'int', 'value': -100}, {'name': 'pathname', 'type': 'const char*', 'value': '/proc/76/status'}, {'name': 'flags', 'type': 'int', 'value': 'O_RDONLY'}, {'name': 'mode', 'type': 'int', 'value': 2207129259}]",0,0
18830.702641,7786,7291,0,ps,ip-10-100-1-26,3,close,1,0,"[{'name': 'fd', 'type': 'int', 'value': 9}]",0,0
18830.702666,7786,7291,0,ps,ip-10-100-1-26,1005,security_file_open,4,0,"[{'name': 'pathname', 'type': 'const char*', 'value': '/proc/76/cmdline'}, {'name': 'flags', 'type': 'int', 'value': 'O_RDONLY|O_LARGEFILE'}, {'name': 'dev', 'type': 'dev_t', 'value': 5}, {'name': 'inode', 'type': 'unsigned long', 'value': 127712}]",0,0
18830.702691,7786,7291,0,ps,ip-10-100-1-26,257,openat,4,9,"[{'name': 'dirfd', 'type': 'int', 'value': -100}, {'name': 'pathname', 'type': 'const char*', 'value': '/proc/76/cmdline'}, {'name': 'flags', 'type': 'int', 'value': 'O_RDONLY'}, {'name': 'mode', 'type': 'int', 'value': 2207129259}]",0,0
18830.702715,7786,7291,0,ps,ip-10-100-1-26,3,close,1,0,"[{'name': 'fd', 'type': 'int', 'value': 9}]",0,0
18830.702741,7786,7291,0,ps,ip-10-100-1-26,4,stat,2,0,"[{'name': 'pathname', 'type': 'const char*', 'value': '/proc/77'}, {'name': 'statbuf', 'type': 'struct stat*', 'value': '0x7F96839DD680'}]",0,0
18830.702764,7786,7291,0,ps,ip-10-100-1-26,1005,security_file_open,4,0,"[{'name': 'pathname', 'type': 'const char*', 'value': '/proc/77/stat'}, {'name': 'flags', 'type': 'int', 'value': 'O_RDONLY|O_LARGEFILE'}, {'name': 'dev', 'type': 'dev_t', 'value': 5}, {'name': 'inode', 'type': 'unsigned long', 'value': 127713}]",0,0
18830.702789,7786,7291,0,ps,ip-10-100-1-26,257,openat,4,9,"[{'name': 'dirfd', 'type': 'int', 'value': -100}, {'name': 'pathname', 'type': 'const char*', 'value': '/proc/77/stat'}, {'name': 'flags', 'type': 'int', 'value': 'O_RDONLY'}, {'name': 'mode', 'type': 'int', 'value': 2207129259}]",0,0
18830.702818,7786,7291,0,ps,ip-10-100-1-26,3,close,1,0,"[{'name': 'fd', 'type': 'int', 'value': 9}]",0,0
18830.702844,7786,7291,0,ps,ip-10-100-1-26,1005,security_file_open,4,0,"[{'name': 'pathname', 'type': 'const char*', 'value': '/proc/77/status'}, {'name': 'flags', 'type': 'int', 'value': 'O_RDONLY|O_LARGEFILE'}, {'name': 'dev', 'type': 'dev_t', 'value': 5}, {'name': 'inode', 'type': 'unsigned long', 'value': 127714}]",0,0
18830.702869,7786,7291,0,ps,ip-10-100-1-26,257,openat,4,9,"[{'name': 'dirfd', 'type': 'int', 'value': -100}, {'name': 'pathname', 'type': 'const char*', 'value': '/proc/77/status'}, {'name': 'flags', 'type': 'int', 'value': 'O_RDONLY'}, {'name': 'mode', 'type': 'int', 'value': 2207129259}]",0,0
18830.7029,7786,7291,0,ps,ip-10-100-1-26,3,close,1,0,"[{'name': 'fd', 'type': 'int', 'value': 9}]",0,0
18830.702925,7786,7291,0,ps,ip-10-100-1-26,1005,security_file_open,4,0,"[{'name': 'pathname', 'type': 'const char*', 'value': '/proc/77/cmdline'}, {'name': 'flags', 'type': 'int', 'value': 'O_RDONLY|O_LARGEFILE'}, {'name': 'dev', 'type': 'dev_t', 'value': 5}, {'name': 'inode', 'type': 'unsigned long', 'value': 127715}]",0,0
18830.70295,7786,7291,0,ps,ip-10-100-1-26,257,openat,4,9,"[{'name': 'dirfd', 'type': 'int', 'value': -100}, {'name': 'pathname', 'type': 'const char*', 'value': '/proc/77/cmdline'}, {'name': 'flags', 'type': 'int', 'value': 'O_RDONLY'}, {'name': 'mode', 'type': 'int', 'value': 2207129259}]",0,0
18830.702975,7786,7291,0,ps,ip-10-100-1-26,3,close,1,0,"[{'name': 'fd', 'type': 'int', 'value': 9}]",0,0
18830.703,7786,7291,0,ps,ip-10-100-1-26,4,stat,2,0,"[{'name': 'pathname', 'type': 'const char*', 'value': '/proc/80'}, {'name': 'statbuf', 'type': 'struct stat*', 'value': '0x7F96839DD680'}]",0,0
18830.703024,7786,7291,0,ps,ip-10-100-1-26,1005,security_file_open,4,0,"[{'name': 'pathname', 'type': 'const char*', 'value': '/proc/80/stat'}, {'name': 'flags', 'type': 'int', 'value': 'O_RDONLY|O_LARGEFILE'}, {'name': 'dev', 'type': 'dev_t', 'value': 5}, {'name': 'inode', 'type': 'unsigned long', 'value': 127716}]",0,0
18830.703048,7786,7291,0,ps,ip-10-100-1-26,257,openat,4,9,"[{'name': 'dirfd', 'type': 'int', 'value': -100}, {'name': 'pathname', 'type': 'const char*', 'value': '/proc/80/stat'}, {'name': 'flags', 'type': 'int', 'value': 'O_RDONLY'}, {'name': 'mode', 'type': 'int', 'value': 2207129259}]",0,0
18830.703077,7786,7291,0,ps,ip-10-100-1-26,3,close,1,0,"[{'name': 'fd', 'type': 'int', 'value': 9}]",0,0
18830.703104,7786,7291,0,ps,ip-10-100-1-26,1005,security_file_open,4,0,"[{'name': 'pathname', 'type': 'const char*', 'value': '/proc/80/status'}, {'name': 'flags', 'type': 'int', 'value': 'O_RDONLY|O_LARGEFILE'}, {'name': 'dev', 'type': 'dev_t', 'value': 5}, {'name': 'inode', 'type': 'unsigned long', 'value': 127717}]",0,0
18830.70313,7786,7291,0,ps,ip-10-100-1-26,257,openat,4,9,"[{'name': 'dirfd', 'type': 'int', 'value': -100}, {'name': 'pathname', 'type': 'const char*', 'value': '/proc/80/status'}, {'name': 'flags', 'type': 'int', 'value': 'O_RDONLY'}, {'name': 'mode', 'type': 'int', 'value': 2207129259}]",0,0
18830.70316,7786,7291,0,ps,ip-10-100-1-26,3,close,1,0,"[{'name': 'fd', 'type': 'int', 'value': 9}]",0,0
18830.703185,7786,7291,0,ps,ip-10-100-1-26,1005,security_file_open,4,0,"[{'name': 'pathname', 'type': 'const char*', 'value': '/proc/80/cmdline'}, {'name': 'flags', 'type': 'int', 'value': 'O_RDONLY|O_LARGEFILE'}, {'name': 'dev', 'type': 'dev_t', 'value': 5}, {'name': 'inode', 'type': 'unsigned long', 'value': 127718}]",0,0
18830.70321,7786,7291,0,ps,ip-10-100-1-26,257,openat,4,9,"[{'name': 'dirfd', 'type': 'int', 'value': -100}, {'name': 'pathname', 'type': 'const char*', 'value': '/proc/80/cmdline'}, {'name': 'flags', 'type': 'int', 'value': 'O_RDONLY'}, {'name': 'mode', 'type': 'int', 'value': 2207129259}]",0,0
18830.703234,7786,7291,0,ps,ip-10-100-1-26,3,close,1,0,"[{'name': 'fd', 'type': 'int', 'value': 9}]",0,0
18830.70326,7786,7291,0,ps,ip-10-100-1-26,4,stat,2,0,"[{'name': 'pathname', 'type': 'const char*', 'value': '/proc/81'}, {'name': 'statbuf', 'type': 'struct stat*', 'value': '0x7F96839DD680'}]",0,0
18830.703283,7786,7291,0,ps,ip-10-100-1-26,1005,security_file_open,4,0,"[{'name': 'pathname', 'type': 'const char*', 'value': '/proc/81/stat'}, {'name': 'flags', 'type': 'int', 'value': 'O_RDONLY|O_LARGEFILE'}, {'name': 'dev', 'type': 'dev_t', 'value': 5}, {'name': 'inode', 'type': 'unsigned long', 'value': 127719}]",0,0
18830.703321,7786,7291,0,ps,ip-10-100-1-26,257,openat,4,9,"[{'name': 'dirfd', 'type': 'int', 'value': -100}, {'name': 'pathname', 'type': 'const char*', 'value': '/proc/81/stat'}, {'name': 'flags', 'type': 'int', 'value': 'O_RDONLY'}, {'name': 'mode', 'type': 'int', 'value': 2207129259}]",0,0
18830.703361,7786,7291,0,ps,ip-10-100-1-26,3,close,1,0,"[{'name': 'fd', 'type': 'int', 'value': 9}]",0,0
18830.703388,7786,7291,0,ps,ip-10-100-1-26,1005,security_file_open,4,0,"[{'name': 'pathname', 'type': 'const char*', 'value': '/proc/81/status'}, {'name': 'flags', 'type': 'int', 'value': 'O_RDONLY|O_LARGEFILE'}, {'name': 'dev', 'type': 'dev_t', 'value': 5}, {'name': 'inode', 'type': 'unsigned long', 'value': 127720}]",0,0
18830.703413,7786,7291,0,ps,ip-10-100-1-26,257,openat,4,9,"[{'name': 'dirfd', 'type': 'int', 'value': -100}, {'name': 'pathname', 'type': 'const char*', 'value': '/proc/81/status'}, {'name': 'flags', 'type': 'int', 'value': 'O_RDONLY'}, {'name': 'mode', 'type': 'int', 'value': 2207129259}]",0,0
18830.703444,7786,7291,0,ps,ip-10-100-1-26,3,close,1,0,"[{'name': 'fd', 'type': 'int', 'value': 9}]",0,0
18830.70347,7786,7291,0,ps,ip-10-100-1-26,1005,security_file_open,4,0,"[{'name': 'pathname', 'type': 'const char*', 'value': '/proc/81/cmdline'}, {'name': 'flags', 'type': 'int', 'value': 'O_RDONLY|O_LARGEFILE'}, {'name': 'dev', 'type': 'dev_t', 'value': 5}, {'name': 'inode', 'type': 'unsigned long', 'value': 127721}]",0,0
18830.703494,7786,7291,0,ps,ip-10-100-1-26,257,openat,4,9,"[{'name': 'dirfd', 'type': 'int', 'value': -100}, {'name': 'pathname', 'type': 'const char*', 'value': '/proc/81/cmdline'}, {'name': 'flags', 'type': 'int', 'value': 'O_RDONLY'}, {'name': 'mode', 'type': 'int', 'value': 2207129259}]",0,0
18830.703519,7786,7291,0,ps,ip-10-100-1-26,3,close,1,0,"[{'name': 'fd', 'type': 'int', 'value': 9}]",0,0
18830.703548,7786,7291,0,ps,ip-10-100-1-26,4,stat,2,0,"[{'name': 'pathname', 'type': 'const char*', 'value': '/proc/83'}, {'name': 'statbuf', 'type': 'struct stat*', 'value': '0x7F96839DD680'}]",0,0
18830.703571,7786,7291,0,ps,ip-10-100-1-26,1005,security_file_open,4,0,"[{'name': 'pathname', 'type': 'const char*', 'value': '/proc/83/stat'}, {'name': 'flags', 'type': 'int', 'value': 'O_RDONLY|O_LARGEFILE'}, {'name': 'dev', 'type': 'dev_t', 'value': 5}, {'name': 'inode', 'type': 'unsigned long', 'value': 127722}]",0,0
18830.703596,7786,7291,0,ps,ip-10-100-1-26,257,openat,4,9,"[{'name': 'dirfd', 'type': 'int', 'value': -100}, {'name': 'pathname', 'type': 'const char*', 'value': '/proc/83/stat'}, {'name': 'flags', 'type': 'int', 'value': 'O_RDONLY'}, {'name': 'mode', 'type': 'int', 'value': 2207129259}]",0,0
18830.703625,7786,7291,0,ps,ip-10-100-1-26,3,close,1,0,"[{'name': 'fd', 'type': 'int', 'value': 9}]",0,0
18830.703654,7786,7291,0,ps,ip-10-100-1-26,1005,security_file_open,4,0,"[{'name': 'pathname', 'type': 'const char*', 'value': '/proc/83/status'}, {'name': 'flags', 'type': 'int', 'value': 'O_RDONLY|O_LARGEFILE'}, {'name': 'dev', 'type': 'dev_t', 'value': 5}, {'name': 'inode', 'type': 'unsigned long', 'value': 127723}]",0,0
18830.70368,7786,7291,0,ps,ip-10-100-1-26,257,openat,4,9,"[{'name': 'dirfd', 'type': 'int', 'value': -100}, {'name': 'pathname', 'type': 'const char*', 'value': '/proc/83/status'}, {'name': 'flags', 'type': 'int', 'value': 'O_RDONLY'}, {'name': 'mode', 'type': 'int', 'value': 2207129259}]",0,0
18830.70371,7786,7291,0,ps,ip-10-100-1-26,3,close,1,0,"[{'name': 'fd', 'type': 'int', 'value': 9}]",0,0
18830.703735,7786,7291,0,ps,ip-10-100-1-26,1005,security_file_open,4,0,"[{'name': 'pathname', 'type': 'const char*', 'value': '/proc/83/cmdline'}, {'name': 'flags', 'type': 'int', 'value': 'O_RDONLY|O_LARGEFILE'}, {'name': 'dev', 'type': 'dev_t', 'value': 5}, {'name': 'inode', 'type': 'unsigned long', 'value': 127724}]",0,0
18830.70376,7786,7291,0,ps,ip-10-100-1-26,257,openat,4,9,"[{'name': 'dirfd', 'type': 'int', 'value': -100}, {'name': 'pathname', 'type': 'const char*', 'value': '/proc/83/cmdline'}, {'name': 'flags', 'type': 'int', 'value': 'O_RDONLY'}, {'name': 'mode', 'type': 'int', 'value': 2207129259}]",0,0
18830.703785,7786,7291,0,ps,ip-10-100-1-26,3,close,1,0,"[{'name': 'fd', 'type': 'int', 'value': 9}]",0,0
18830.70381,7786,7291,0,ps,ip-10-100-1-26,4,stat,2,0,"[{'name': 'pathname', 'type': 'const char*', 'value': '/proc/84'}, {'name': 'statbuf', 'type': 'struct stat*', 'value': '0x7F96839DD680'}]",0,0
18830.703834,7786,7291,0,ps,ip-10-100-1-26,1005,security_file_open,4,0,"[{'name': 'pathname', 'type': 'const char*', 'value': '/proc/84/stat'}, {'name': 'flags', 'type': 'int', 'value': 'O_RDONLY|O_LARGEFILE'}, {'name': 'dev', 'type': 'dev_t', 'value': 5}, {'name': 'inode', 'type': 'unsigned long', 'value': 127725}]",0,0
18830.703858,7786,7291,0,ps,ip-10-100-1-26,257,openat,4,9,"[{'name': 'dirfd', 'type': 'int', 'value': -100}, {'name': 'pathname', 'type': 'const char*', 'value': '/proc/84/stat'}, {'name': 'flags', 'type': 'int', 'value': 'O_RDONLY'}, {'name': 'mode', 'type': 'int', 'value': 2207129259}]",0,0
18830.703887,7786,7291,0,ps,ip-10-100-1-26,3,close,1,0,"[{'name': 'fd', 'type': 'int', 'value': 9}]",0,0
18830.703913,7786,7291,0,ps,ip-10-100-1-26,1005,security_file_open,4,0,"[{'name': 'pathname', 'type': 'const char*', 'value': '/proc/84/status'}, {'name': 'flags', 'type': 'int', 'value': 'O_RDONLY|O_LARGEFILE'}, {'name': 'dev', 'type': 'dev_t', 'value': 5}, {'name': 'inode', 'type': 'unsigned long', 'value': 127726}]",0,0
18830.703938,7786,7291,0,ps,ip-10-100-1-26,257,openat,4,9,"[{'name': 'dirfd', 'type': 'int', 'value': -100}, {'name': 'pathname', 'type': 'const char*', 'value': '/proc/84/status'}, {'name': 'flags', 'type': 'int', 'value': 'O_RDONLY'}, {'name': 'mode', 'type': 'int', 'value': 2207129259}]",0,0
18830.703969,7786,7291,0,ps,ip-10-100-1-26,3,close,1,0,"[{'name': 'fd', 'type': 'int', 'value': 9}]",0,0
18830.703994,7786,7291,0,ps,ip-10-100-1-26,1005,security_file_open,4,0,"[{'name': 'pathname', 'type': 'const char*', 'value': '/proc/84/cmdline'}, {'name': 'flags', 'type': 'int', 'value': 'O_RDONLY|O_LARGEFILE'}, {'name': 'dev', 'type': 'dev_t', 'value': 5}, {'name': 'inode', 'type': 'unsigned long', 'value': 127727}]",0,0
18830.704018,7786,7291,0,ps,ip-10-100-1-26,257,openat,4,9,"[{'name': 'dirfd', 'type': 'int', 'value': -100}, {'name': 'pathname', 'type': 'const char*', 'value': '/proc/84/cmdline'}, {'name': 'flags', 'type': 'int', 'value': 'O_RDONLY'}, {'name': 'mode', 'type': 'int', 'value': 2207129259}]",0,0
18830.704043,7786,7291,0,ps,ip-10-100-1-26,3,close,1,0,"[{'name': 'fd', 'type': 'int', 'value': 9}]",0,0
18830.704081,7786,7291,0,ps,ip-10-100-1-26,4,stat,2,0,"[{'name': 'pathname', 'type': 'const char*', 'value': '/proc/85'}, {'name': 'statbuf', 'type': 'struct stat*', 'value': '0x7F96839DD680'}]",0,0
18830.704104,7786,7291,0,ps,ip-10-100-1-26,1005,security_file_open,4,0,"[{'name': 'pathname', 'type': 'const char*', 'value': '/proc/85/stat'}, {'name': 'flags', 'type': 'int', 'value': 'O_RDONLY|O_LARGEFILE'}, {'name': 'dev', 'type': 'dev_t', 'value': 5}, {'name': 'inode', 'type': 'unsigned long', 'value': 127728}]",0,0
18830.704128,7786,7291,0,ps,ip-10-100-1-26,257,openat,4,9,"[{'name': 'dirfd', 'type': 'int', 'value': -100}, {'name': 'pathname', 'type': 'const char*', 'value': '/proc/85/stat'}, {'name': 'flags', 'type': 'int', 'value': 'O_RDONLY'}, {'name': 'mode', 'type': 'int', 'value': 2207129259}]",0,0
18830.704155,7786,7291,0,ps,ip-10-100-1-26,3,close,1,0,"[{'name': 'fd', 'type': 'int', 'value': 9}]",0,0
18830.704194,7786,7291,0,ps,ip-10-100-1-26,1005,security_file_open,4,0,"[{'name': 'pathname', 'type': 'const char*', 'value': '/proc/85/status'}, {'name': 'flags', 'type': 'int', 'value': 'O_RDONLY|O_LARGEFILE'}, {'name': 'dev', 'type': 'dev_t', 'value': 5}, {'name': 'inode', 'type': 'unsigned long', 'value': 127729}]",0,0
18830.704219,7786,7291,0,ps,ip-10-100-1-26,257,openat,4,9,"[{'name': 'dirfd', 'type': 'int', 'value': -100}, {'name': 'pathname', 'type': 'const char*', 'value': '/proc/85/status'}, {'name': 'flags', 'type': 'int', 'value': 'O_RDONLY'}, {'name': 'mode', 'type': 'int', 'value': 2207129259}]",0,0
18830.70425,7786,7291,0,ps,ip-10-100-1-26,3,close,1,0,"[{'name': 'fd', 'type': 'int', 'value': 9}]",0,0
18830.704275,7786,7291,0,ps,ip-10-100-1-26,1005,security_file_open,4,0,"[{'name': 'pathname', 'type': 'const char*', 'value': '/proc/85/cmdline'}, {'name': 'flags', 'type': 'int', 'value': 'O_RDONLY|O_LARGEFILE'}, {'name': 'dev', 'type': 'dev_t', 'value': 5}, {'name': 'inode', 'type': 'unsigned long', 'value': 127730}]",0,0
18830.704299,7786,7291,0,ps,ip-10-100-1-26,257,openat,4,9,"[{'name': 'dirfd', 'type': 'int', 'value': -100}, {'name': 'pathname', 'type': 'const char*', 'value': '/proc/85/cmdline'}, {'name': 'flags', 'type': 'int', 'value': 'O_RDONLY'}, {'name': 'mode', 'type': 'int', 'value': 2207129259}]",0,0
18830.713067,7786,7291,0,ps,ip-10-100-1-26,3,close,1,0,"[{'name': 'fd', 'type': 'int', 'value': 9}]",0,0
18830.713115,7786,7291,0,ps,ip-10-100-1-26,4,stat,2,0,"[{'name': 'pathname', 'type': 'const char*', 'value': '/proc/86'}, {'name': 'statbuf', 'type': 'struct stat*', 'value': '0x7F96839DD680'}]",0,0
18830.713449,7786,7291,0,ps,ip-10-100-1-26,257,openat,4,9,"[{'name': 'dirfd', 'type': 'int', 'value': -100}, {'name': 'pathname', 'type': 'const char*', 'value': '/proc/86/stat'}, {'name': 'flags', 'type': 'int', 'value': 'O_RDONLY'}, {'name': 'mode', 'type': 'int', 'value': 2207129259}]",0,0
18830.713205,7786,7291,0,ps,ip-10-100-1-26,1005,security_file_open,4,0,"[{'name': 'pathname', 'type': 'const char*', 'value': '/proc/86/stat'}, {'name': 'flags', 'type': 'int', 'value': 'O_RDONLY|O_LARGEFILE'}, {'name': 'dev', 'type': 'dev_t', 'value': 5}, {'name': 'inode', 'type': 'unsigned long', 'value': 127731}]",0,0
18830.713529,7786,7291,0,ps,ip-10-100-1-26,3,close,1,0,"[{'name': 'fd', 'type': 'int', 'value': 9}]",0,0
18830.713897,7786,7291,0,ps,ip-10-100-1-26,257,openat,4,9,"[{'name': 'dirfd', 'type': 'int', 'value': -100}, {'name': 'pathname', 'type': 'const char*', 'value': '/proc/86/status'}, {'name': 'flags', 'type': 'int', 'value': 'O_RDONLY'}, {'name': 'mode', 'type': 'int', 'value': 2207129259}]",0,0
18830.713744,7786,7291,0,ps,ip-10-100-1-26,1005,security_file_open,4,0,"[{'name': 'pathname', 'type': 'const char*', 'value': '/proc/86/status'}, {'name': 'flags', 'type': 'int', 'value': 'O_RDONLY|O_LARGEFILE'}, {'name': 'dev', 'type': 'dev_t', 'value': 5}, {'name': 'inode', 'type': 'unsigned long', 'value': 127732}]",0,0
18830.713952,7786,7291,0,ps,ip-10-100-1-26,3,close,1,0,"[{'name': 'fd', 'type': 'int', 'value': 9}]",0,0
18830.71414,7786,7291,0,ps,ip-10-100-1-26,257,openat,4,9,"[{'name': 'dirfd', 'type': 'int', 'value': -100}, {'name': 'pathname', 'type': 'const char*', 'value': '/proc/86/cmdline'}, {'name': 'flags', 'type': 'int', 'value': 'O_RDONLY'}, {'name': 'mode', 'type': 'int', 'value': 2207129259}]",0,0
18830.714096,7786,7291,0,ps,ip-10-100-1-26,1005,security_file_open,4,0,"[{'name': 'pathname', 'type': 'const char*', 'value': '/proc/86/cmdline'}, {'name': 'flags', 'type': 'int', 'value': 'O_RDONLY|O_LARGEFILE'}, {'name': 'dev', 'type': 'dev_t', 'value': 5}, {'name': 'inode', 'type': 'unsigned long', 'value': 127733}]",0,0
18830.714385,7786,7291,0,ps,ip-10-100-1-26,3,close,1,0,"[{'name': 'fd', 'type': 'int', 'value': 9}]",0,0
18830.71443,7786,7291,0,ps,ip-10-100-1-26,4,stat,2,0,"[{'name': 'pathname', 'type': 'const char*', 'value': '/proc/87'}, {'name': 'statbuf', 'type': 'struct stat*', 'value': '0x7F96839DD680'}]",0,0
18830.71458,7786,7291,0,ps,ip-10-100-1-26,1005,security_file_open,4,0,"[{'name': 'pathname', 'type': 'const char*', 'value': '/proc/87/stat'}, {'name': 'flags', 'type': 'int', 'value': 'O_RDONLY|O_LARGEFILE'}, {'name': 'dev', 'type': 'dev_t', 'value': 5}, {'name': 'inode', 'type': 'unsigned long', 'value': 127734}]",0,0
18830.71473,7786,7291,0,ps,ip-10-100-1-26,257,openat,4,9,"[{'name': 'dirfd', 'type': 'int', 'value': -100}, {'name': 'pathname', 'type': 'const char*', 'value': '/proc/87/stat'}, {'name': 'flags', 'type': 'int', 'value': 'O_RDONLY'}, {'name': 'mode', 'type': 'int', 'value': 2207129259}]",0,0
18830.714774,7786,7291,0,ps,ip-10-100-1-26,3,close,1,0,"[{'name': 'fd', 'type': 'int', 'value': 9}]",0,0
18830.71493,7786,7291,0,ps,ip-10-100-1-26,1005,security_file_open,4,0,"[{'name': 'pathname', 'type': 'const char*', 'value': '/proc/87/status'}, {'name': 'flags', 'type': 'int', 'value': 'O_RDONLY|O_LARGEFILE'}, {'name': 'dev', 'type': 'dev_t', 'value': 5}, {'name': 'inode', 'type': 'unsigned long', 'value': 127735}]",0,0
18830.715086,7786,7291,0,ps,ip-10-100-1-26,257,openat,4,9,"[{'name': 'dirfd', 'type': 'int', 'value': -100}, {'name': 'pathname', 'type': 'const char*', 'value': '/proc/87/status'}, {'name': 'flags', 'type': 'int', 'value': 'O_RDONLY'}, {'name': 'mode', 'type': 'int', 'value': 2207129259}]",0,0
18830.715134,7786,7291,0,ps,ip-10-100-1-26,3,close,1,0,"[{'name': 'fd', 'type': 'int', 'value': 9}]",0,0
18830.719425,7786,7291,0,ps,ip-10-100-1-26,1005,security_file_open,4,0,"[{'name': 'pathname', 'type': 'const char*', 'value': '/proc/87/cmdline'}, {'name': 'flags', 'type': 'int', 'value': 'O_RDONLY|O_LARGEFILE'}, {'name': 'dev', 'type': 'dev_t', 'value': 5}, {'name': 'inode', 'type': 'unsigned long', 'value': 127736}]",0,0
18830.71947,7786,7291,0,ps,ip-10-100-1-26,257,openat,4,9,"[{'name': 'dirfd', 'type': 'int', 'value': -100}, {'name': 'pathname', 'type': 'const char*', 'value': '/proc/87/cmdline'}, {'name': 'flags', 'type': 'int', 'value': 'O_RDONLY'}, {'name': 'mode', 'type': 'int', 'value': 2207129259}]",0,0
18830.719496,7786,7291,0,ps,ip-10-100-1-26,3,close,1,0,"[{'name': 'fd', 'type': 'int', 'value': 9}]",0,0
18830.719525,7786,7291,0,ps,ip-10-100-1-26,4,stat,2,0,"[{'name': 'pathname', 'type': 'const char*', 'value': '/proc/88'}, {'name': 'statbuf', 'type': 'struct stat*', 'value': '0x7F96839DD680'}]",0,0
18830.719583,7786,7291,0,ps,ip-10-100-1-26,257,openat,4,9,"[{'name': 'dirfd', 'type': 'int', 'value': -100}, {'name': 'pathname', 'type': 'const char*', 'value': '/proc/88/stat'}, {'name': 'flags', 'type': 'int', 'value': 'O_RDONLY'}, {'name': 'mode', 'type': 'int', 'value': 2207129259}]",0,0
18830.719549,7786,7291,0,ps,ip-10-100-1-26,1005,security_file_open,4,0,"[{'name': 'pathname', 'type': 'const char*', 'value': '/proc/88/stat'}, {'name': 'flags', 'type': 'int', 'value': 'O_RDONLY|O_LARGEFILE'}, {'name': 'dev', 'type': 'dev_t', 'value': 5}, {'name': 'inode', 'type': 'unsigned long', 'value': 127737}]",0,0
18830.719614,7786,7291,0,ps,ip-10-100-1-26,3,close,1,0,"[{'name': 'fd', 'type': 'int', 'value': 9}]",0,0
18830.719642,7786,7291,0,ps,ip-10-100-1-26,1005,security_file_open,4,0,"[{'name': 'pathname', 'type': 'const char*', 'value': '/proc/88/status'}, {'name': 'flags', 'type': 'int', 'value': 'O_RDONLY|O_LARGEFILE'}, {'name': 'dev', 'type': 'dev_t', 'value': 5}, {'name': 'inode', 'type': 'unsigned long', 'value': 127738}]",0,0
18830.719679,7786,7291,0,ps,ip-10-100-1-26,257,openat,4,9,"[{'name': 'dirfd', 'type': 'int', 'value': -100}, {'name': 'pathname', 'type': 'const char*', 'value': '/proc/88/status'}, {'name': 'flags', 'type': 'int', 'value': 'O_RDONLY'}, {'name': 'mode', 'type': 'int', 'value': 2207129259}]",0,0
18830.719712,7786,7291,0,ps,ip-10-100-1-26,3,close,1,0,"[{'name': 'fd', 'type': 'int', 'value': 9}]",0,0
18830.719767,7786,7291,0,ps,ip-10-100-1-26,257,openat,4,9,"[{'name': 'dirfd', 'type': 'int', 'value': -100}, {'name': 'pathname', 'type': 'const char*', 'value': '/proc/88/cmdline'}, {'name': 'flags', 'type': 'int', 'value': 'O_RDONLY'}, {'name': 'mode', 'type': 'int', 'value': 2207129259}]",0,0
18830.719791,7786,7291,0,ps,ip-10-100-1-26,3,close,1,0,"[{'name': 'fd', 'type': 'int', 'value': 9}]",0,0
18830.719818,7786,7291,0,ps,ip-10-100-1-26,4,stat,2,0,"[{'name': 'pathname', 'type': 'const char*', 'value': '/proc/89'}, {'name': 'statbuf', 'type': 'struct stat*', 'value': '0x7F96839DD680'}]",0,0
18830.719842,7786,7291,0,ps,ip-10-100-1-26,1005,security_file_open,4,0,"[{'name': 'pathname', 'type': 'const char*', 'value': '/proc/89/stat'}, {'name': 'flags', 'type': 'int', 'value': 'O_RDONLY|O_LARGEFILE'}, {'name': 'dev', 'type': 'dev_t', 'value': 5}, {'name': 'inode', 'type': 'unsigned long', 'value': 127740}]",0,0
18830.719741,7786,7291,0,ps,ip-10-100-1-26,1005,security_file_open,4,0,"[{'name': 'pathname', 'type': 'const char*', 'value': '/proc/88/cmdline'}, {'name': 'flags', 'type': 'int', 'value': 'O_RDONLY|O_LARGEFILE'}, {'name': 'dev', 'type': 'dev_t', 'value': 5}, {'name': 'inode', 'type': 'unsigned long', 'value': 127739}]",0,0
18830.719866,7786,7291,0,ps,ip-10-100-1-26,257,openat,4,9,"[{'name': 'dirfd', 'type': 'int', 'value': -100}, {'name': 'pathname', 'type': 'const char*', 'value': '/proc/89/stat'}, {'name': 'flags', 'type': 'int', 'value': 'O_RDONLY'}, {'name': 'mode', 'type': 'int', 'value': 2207129259}]",0,0
18830.719896,7786,7291,0,ps,ip-10-100-1-26,3,close,1,0,"[{'name': 'fd', 'type': 'int', 'value': 9}]",0,0
18830.719923,7786,7291,0,ps,ip-10-100-1-26,1005,security_file_open,4,0,"[{'name': 'pathname', 'type': 'const char*', 'value': '/proc/89/status'}, {'name': 'flags', 'type': 'int', 'value': 'O_RDONLY|O_LARGEFILE'}, {'name': 'dev', 'type': 'dev_t', 'value': 5}, {'name': 'inode', 'type': 'unsigned long', 'value': 127741}]",0,0
18830.719949,7786,7291,0,ps,ip-10-100-1-26,257,openat,4,9,"[{'name': 'dirfd', 'type': 'int', 'value': -100}, {'name': 'pathname', 'type': 'const char*', 'value': '/proc/89/status'}, {'name': 'flags', 'type': 'int', 'value': 'O_RDONLY'}, {'name': 'mode', 'type': 'int', 'value': 2207129259}]",0,0
18830.71998,7786,7291,0,ps,ip-10-100-1-26,3,close,1,0,"[{'name': 'fd', 'type': 'int', 'value': 9}]",0,0
18830.72003,7786,7291,0,ps,ip-10-100-1-26,257,openat,4,9,"[{'name': 'dirfd', 'type': 'int', 'value': -100}, {'name': 'pathname', 'type': 'const char*', 'value': '/proc/89/cmdline'}, {'name': 'flags', 'type': 'int', 'value': 'O_RDONLY'}, {'name': 'mode', 'type': 'int', 'value': 2207129259}]",0,0
18830.720005,7786,7291,0,ps,ip-10-100-1-26,1005,security_file_open,4,0,"[{'name': 'pathname', 'type': 'const char*', 'value': '/proc/89/cmdline'}, {'name': 'flags', 'type': 'int', 'value': 'O_RDONLY|O_LARGEFILE'}, {'name': 'dev', 'type': 'dev_t', 'value': 5}, {'name': 'inode', 'type': 'unsigned long', 'value': 127742}]",0,0
18830.720055,7786,7291,0,ps,ip-10-100-1-26,3,close,1,0,"[{'name': 'fd', 'type': 'int', 'value': 9}]",0,0
18830.72008,7786,7291,0,ps,ip-10-100-1-26,4,stat,2,0,"[{'name': 'pathname', 'type': 'const char*', 'value': '/proc/90'}, {'name': 'statbuf', 'type': 'struct stat*', 'value': '0x7F96839DD680'}]",0,0
18830.720104,7786,7291,0,ps,ip-10-100-1-26,1005,security_file_open,4,0,"[{'name': 'pathname', 'type': 'const char*', 'value': '/proc/90/stat'}, {'name': 'flags', 'type': 'int', 'value': 'O_RDONLY|O_LARGEFILE'}, {'name': 'dev', 'type': 'dev_t', 'value': 5}, {'name': 'inode', 'type': 'unsigned long', 'value': 127743}]",0,0
18830.720128,7786,7291,0,ps,ip-10-100-1-26,257,openat,4,9,"[{'name': 'dirfd', 'type': 'int', 'value': -100}, {'name': 'pathname', 'type': 'const char*', 'value': '/proc/90/stat'}, {'name': 'flags', 'type': 'int', 'value': 'O_RDONLY'}, {'name': 'mode', 'type': 'int', 'value': 2207129259}]",0,0
18830.720184,7786,7291,0,ps,ip-10-100-1-26,1005,security_file_open,4,0,"[{'name': 'pathname', 'type': 'const char*', 'value': '/proc/90/status'}, {'name': 'flags', 'type': 'int', 'value': 'O_RDONLY|O_LARGEFILE'}, {'name': 'dev', 'type': 'dev_t', 'value': 5}, {'name': 'inode', 'type': 'unsigned long', 'value': 127744}]",0,0
18830.720157,7786,7291,0,ps,ip-10-100-1-26,3,close,1,0,"[{'name': 'fd', 'type': 'int', 'value': 9}]",0,0
18830.720224,7786,7291,0,ps,ip-10-100-1-26,257,openat,4,9,"[{'name': 'dirfd', 'type': 'int', 'value': -100}, {'name': 'pathname', 'type': 'const char*', 'value': '/proc/90/status'}, {'name': 'flags', 'type': 'int', 'value': 'O_RDONLY'}, {'name': 'mode', 'type': 'int', 'value': 2207129259}]",0,0
18830.720254,7786,7291,0,ps,ip-10-100-1-26,3,close,1,0,"[{'name': 'fd', 'type': 'int', 'value': 9}]",0,0
18830.72029,7786,7291,0,ps,ip-10-100-1-26,1005,security_file_open,4,0,"[{'name': 'pathname', 'type': 'const char*', 'value': '/proc/90/cmdline'}, {'name': 'flags', 'type': 'int', 'value': 'O_RDONLY|O_LARGEFILE'}, {'name': 'dev', 'type': 'dev_t', 'value': 5}, {'name': 'inode', 'type': 'unsigned long', 'value': 127745}]",0,0
18830.72033,7786,7291,0,ps,ip-10-100-1-26,257,openat,4,9,"[{'name': 'dirfd', 'type': 'int', 'value': -100}, {'name': 'pathname', 'type': 'const char*', 'value': '/proc/90/cmdline'}, {'name': 'flags', 'type': 'int', 'value': 'O_RDONLY'}, {'name': 'mode', 'type': 'int', 'value': 2207129259}]",0,0
18830.725072,7786,7291,0,ps,ip-10-100-1-26,3,close,1,0,"[{'name': 'fd', 'type': 'int', 'value': 9}]",0,0
18830.725107,7786,7291,0,ps,ip-10-100-1-26,4,stat,2,0,"[{'name': 'pathname', 'type': 'const char*', 'value': '/proc/91'}, {'name': 'statbuf', 'type': 'struct stat*', 'value': '0x7F96839DD680'}]",0,0
18830.725132,7786,7291,0,ps,ip-10-100-1-26,1005,security_file_open,4,0,"[{'name': 'pathname', 'type': 'const char*', 'value': '/proc/91/stat'}, {'name': 'flags', 'type': 'int', 'value': 'O_RDONLY|O_LARGEFILE'}, {'name': 'dev', 'type': 'dev_t', 'value': 5}, {'name': 'inode', 'type': 'unsigned long', 'value': 127746}]",0,0
18830.725159,7786,7291,0,ps,ip-10-100-1-26,257,openat,4,9,"[{'name': 'dirfd', 'type': 'int', 'value': -100}, {'name': 'pathname', 'type': 'const char*', 'value': '/proc/91/stat'}, {'name': 'flags', 'type': 'int', 'value': 'O_RDONLY'}, {'name': 'mode', 'type': 'int', 'value': 2207129259}]",0,0
18830.725205,7786,7291,0,ps,ip-10-100-1-26,3,close,1,0,"[{'name': 'fd', 'type': 'int', 'value': 9}]",0,0
18830.725247,7786,7291,0,ps,ip-10-100-1-26,1005,security_file_open,4,0,"[{'name': 'pathname', 'type': 'const char*', 'value': '/proc/91/status'}, {'name': 'flags', 'type': 'int', 'value': 'O_RDONLY|O_LARGEFILE'}, {'name': 'dev', 'type': 'dev_t', 'value': 5}, {'name': 'inode', 'type': 'unsigned long', 'value': 127747}]",0,0
18830.725272,7786,7291,0,ps,ip-10-100-1-26,257,openat,4,9,"[{'name': 'dirfd', 'type': 'int', 'value': -100}, {'name': 'pathname', 'type': 'const char*', 'value': '/proc/91/status'}, {'name': 'flags', 'type': 'int', 'value': 'O_RDONLY'}, {'name': 'mode', 'type': 'int', 'value': 2207129259}]",0,0
18830.725315,7786,7291,0,ps,ip-10-100-1-26,3,close,1,0,"[{'name': 'fd', 'type': 'int', 'value': 9}]",0,0
18830.725341,7786,7291,0,ps,ip-10-100-1-26,1005,security_file_open,4,0,"[{'name': 'pathname', 'type': 'const char*', 'value': '/proc/91/cmdline'}, {'name': 'flags', 'type': 'int', 'value': 'O_RDONLY|O_LARGEFILE'}, {'name': 'dev', 'type': 'dev_t', 'value': 5}, {'name': 'inode', 'type': 'unsigned long', 'value': 127748}]",0,0
18830.725365,7786,7291,0,ps,ip-10-100-1-26,257,openat,4,9,"[{'name': 'dirfd', 'type': 'int', 'value': -100}, {'name': 'pathname', 'type': 'const char*', 'value': '/proc/91/cmdline'}, {'name': 'flags', 'type': 'int', 'value': 'O_RDONLY'}, {'name': 'mode', 'type': 'int', 'value': 2207129259}]",0,0
18830.725389,7786,7291,0,ps,ip-10-100-1-26,3,close,1,0,"[{'name': 'fd', 'type': 'int', 'value': 9}]",0,0
18830.725415,7786,7291,0,ps,ip-10-100-1-26,4,stat,2,0,"[{'name': 'pathname', 'type': 'const char*', 'value': '/proc/92'}, {'name': 'statbuf', 'type': 'struct stat*', 'value': '0x7F96839DD680'}]",0,0
18830.725438,7786,7291,0,ps,ip-10-100-1-26,1005,security_file_open,4,0,"[{'name': 'pathname', 'type': 'const char*', 'value': '/proc/92/stat'}, {'name': 'flags', 'type': 'int', 'value': 'O_RDONLY|O_LARGEFILE'}, {'name': 'dev', 'type': 'dev_t', 'value': 5}, {'name': 'inode', 'type': 'unsigned long', 'value': 127749}]",0,0
18830.725463,7786,7291,0,ps,ip-10-100-1-26,257,openat,4,9,"[{'name': 'dirfd', 'type': 'int', 'value': -100}, {'name': 'pathname', 'type': 'const char*', 'value': '/proc/92/stat'}, {'name': 'flags', 'type': 'int', 'value': 'O_RDONLY'}, {'name': 'mode', 'type': 'int', 'value': 2207129259}]",0,0
18830.725491,7786,7291,0,ps,ip-10-100-1-26,3,close,1,0,"[{'name': 'fd', 'type': 'int', 'value': 9}]",0,0
18830.725518,7786,7291,0,ps,ip-10-100-1-26,1005,security_file_open,4,0,"[{'name': 'pathname', 'type': 'const char*', 'value': '/proc/92/status'}, {'name': 'flags', 'type': 'int', 'value': 'O_RDONLY|O_LARGEFILE'}, {'name': 'dev', 'type': 'dev_t', 'value': 5}, {'name': 'inode', 'type': 'unsigned long', 'value': 127750}]",0,0
18830.725542,7786,7291,0,ps,ip-10-100-1-26,257,openat,4,9,"[{'name': 'dirfd', 'type': 'int', 'value': -100}, {'name': 'pathname', 'type': 'const char*', 'value': '/proc/92/status'}, {'name': 'flags', 'type': 'int', 'value': 'O_RDONLY'}, {'name': 'mode', 'type': 'int', 'value': 2207129259}]",0,0
18830.725572,7786,7291,0,ps,ip-10-100-1-26,3,close,1,0,"[{'name': 'fd', 'type': 'int', 'value': 9}]",0,0
18830.725597,7786,7291,0,ps,ip-10-100-1-26,1005,security_file_open,4,0,"[{'name': 'pathname', 'type': 'const char*', 'value': '/proc/92/cmdline'}, {'name': 'flags', 'type': 'int', 'value': 'O_RDONLY|O_LARGEFILE'}, {'name': 'dev', 'type': 'dev_t', 'value': 5}, {'name': 'inode', 'type': 'unsigned long', 'value': 127751}]",0,0
18830.725621,7786,7291,0,ps,ip-10-100-1-26,257,openat,4,9,"[{'name': 'dirfd', 'type': 'int', 'value': -100}, {'name': 'pathname', 'type': 'const char*', 'value': '/proc/92/cmdline'}, {'name': 'flags', 'type': 'int', 'value': 'O_RDONLY'}, {'name': 'mode', 'type': 'int', 'value': 2207129259}]",0,0
18830.725645,7786,7291,0,ps,ip-10-100-1-26,3,close,1,0,"[{'name': 'fd', 'type': 'int', 'value': 9}]",0,0
18830.725682,7786,7291,0,ps,ip-10-100-1-26,4,stat,2,0,"[{'name': 'pathname', 'type': 'const char*', 'value': '/proc/94'}, {'name': 'statbuf', 'type': 'struct stat*', 'value': '0x7F96839DD680'}]",0,0
18830.725705,7786,7291,0,ps,ip-10-100-1-26,1005,security_file_open,4,0,"[{'name': 'pathname', 'type': 'const char*', 'value': '/proc/94/stat'}, {'name': 'flags', 'type': 'int', 'value': 'O_RDONLY|O_LARGEFILE'}, {'name': 'dev', 'type': 'dev_t', 'value': 5}, {'name': 'inode', 'type': 'unsigned long', 'value': 127752}]",0,0
18830.725763,7786,7291,0,ps,ip-10-100-1-26,3,close,1,0,"[{'name': 'fd', 'type': 'int', 'value': 9}]",0,0
18830.725791,7786,7291,0,ps,ip-10-100-1-26,1005,security_file_open,4,0,"[{'name': 'pathname', 'type': 'const char*', 'value': '/proc/94/status'}, {'name': 'flags', 'type': 'int', 'value': 'O_RDONLY|O_LARGEFILE'}, {'name': 'dev', 'type': 'dev_t', 'value': 5}, {'name': 'inode', 'type': 'unsigned long', 'value': 127753}]",0,0
18830.725733,7786,7291,0,ps,ip-10-100-1-26,257,openat,4,9,"[{'name': 'dirfd', 'type': 'int', 'value': -100}, {'name': 'pathname', 'type': 'const char*', 'value': '/proc/94/stat'}, {'name': 'flags', 'type': 'int', 'value': 'O_RDONLY'}, {'name': 'mode', 'type': 'int', 'value': 2207129259}]",0,0
18830.725816,7786,7291,0,ps,ip-10-100-1-26,257,openat,4,9,"[{'name': 'dirfd', 'type': 'int', 'value': -100}, {'name': 'pathname', 'type': 'const char*', 'value': '/proc/94/status'}, {'name': 'flags', 'type': 'int', 'value': 'O_RDONLY'}, {'name': 'mode', 'type': 'int', 'value': 2207129259}]",0,0
18830.725847,7786,7291,0,ps,ip-10-100-1-26,3,close,1,0,"[{'name': 'fd', 'type': 'int', 'value': 9}]",0,0
18830.725873,7786,7291,0,ps,ip-10-100-1-26,1005,security_file_open,4,0,"[{'name': 'pathname', 'type': 'const char*', 'value': '/proc/94/cmdline'}, {'name': 'flags', 'type': 'int', 'value': 'O_RDONLY|O_LARGEFILE'}, {'name': 'dev', 'type': 'dev_t', 'value': 5}, {'name': 'inode', 'type': 'unsigned long', 'value': 127754}]",0,0
18830.725898,7786,7291,0,ps,ip-10-100-1-26,257,openat,4,9,"[{'name': 'dirfd', 'type': 'int', 'value': -100}, {'name': 'pathname', 'type': 'const char*', 'value': '/proc/94/cmdline'}, {'name': 'flags', 'type': 'int', 'value': 'O_RDONLY'}, {'name': 'mode', 'type': 'int', 'value': 2207129259}]",0,0
18830.725949,7786,7291,0,ps,ip-10-100-1-26,4,stat,2,0,"[{'name': 'pathname', 'type': 'const char*', 'value': '/proc/95'}, {'name': 'statbuf', 'type': 'struct stat*', 'value': '0x7F96839DD680'}]",0,0
18830.725922,7786,7291,0,ps,ip-10-100-1-26,3,close,1,0,"[{'name': 'fd', 'type': 'int', 'value': 9}]",0,0
18830.725972,7786,7291,0,ps,ip-10-100-1-26,1005,security_file_open,4,0,"[{'name': 'pathname', 'type': 'const char*', 'value': '/proc/95/stat'}, {'name': 'flags', 'type': 'int', 'value': 'O_RDONLY|O_LARGEFILE'}, {'name': 'dev', 'type': 'dev_t', 'value': 5}, {'name': 'inode', 'type': 'unsigned long', 'value': 127755}]",0,0
18830.725997,7786,7291,0,ps,ip-10-100-1-26,257,openat,4,9,"[{'name': 'dirfd', 'type': 'int', 'value': -100}, {'name': 'pathname', 'type': 'const char*', 'value': '/proc/95/stat'}, {'name': 'flags', 'type': 'int', 'value': 'O_RDONLY'}, {'name': 'mode', 'type': 'int', 'value': 2207129259}]",0,0
18830.726064,7786,7291,0,ps,ip-10-100-1-26,1005,security_file_open,4,0,"[{'name': 'pathname', 'type': 'const char*', 'value': '/proc/95/status'}, {'name': 'flags', 'type': 'int', 'value': 'O_RDONLY|O_LARGEFILE'}, {'name': 'dev', 'type': 'dev_t', 'value': 5}, {'name': 'inode', 'type': 'unsigned long', 'value': 127756}]",0,0
18830.726026,7786,7291,0,ps,ip-10-100-1-26,3,close,1,0,"[{'name': 'fd', 'type': 'int', 'value': 9}]",0,0
18830.726089,7786,7291,0,ps,ip-10-100-1-26,257,openat,4,9,"[{'name': 'dirfd', 'type': 'int', 'value': -100}, {'name': 'pathname', 'type': 'const char*', 'value': '/proc/95/status'}, {'name': 'flags', 'type': 'int', 'value': 'O_RDONLY'}, {'name': 'mode', 'type': 'int', 'value': 2207129259}]",0,0
18830.726119,7786,7291,0,ps,ip-10-100-1-26,3,close,1,0,"[{'name': 'fd', 'type': 'int', 'value': 9}]",0,0
18830.726143,7786,7291,0,ps,ip-10-100-1-26,1005,security_file_open,4,0,"[{'name': 'pathname', 'type': 'const char*', 'value': '/proc/95/cmdline'}, {'name': 'flags', 'type': 'int', 'value': 'O_RDONLY|O_LARGEFILE'}, {'name': 'dev', 'type': 'dev_t', 'value': 5}, {'name': 'inode', 'type': 'unsigned long', 'value': 127757}]",0,0
18830.726167,7786,7291,0,ps,ip-10-100-1-26,257,openat,4,9,"[{'name': 'dirfd', 'type': 'int', 'value': -100}, {'name': 'pathname', 'type': 'const char*', 'value': '/proc/95/cmdline'}, {'name': 'flags', 'type': 'int', 'value': 'O_RDONLY'}, {'name': 'mode', 'type': 'int', 'value': 2207129259}]",0,0
18830.726203,7786,7291,0,ps,ip-10-100-1-26,3,close,1,0,"[{'name': 'fd', 'type': 'int', 'value': 9}]",0,0
18830.726228,7786,7291,0,ps,ip-10-100-1-26,4,stat,2,0,"[{'name': 'pathname', 'type': 'const char*', 'value': '/proc/104'}, {'name': 'statbuf', 'type': 'struct stat*', 'value': '0x7F96839DD680'}]",0,0
18830.726249,7786,7291,0,ps,ip-10-100-1-26,1005,security_file_open,4,0,"[{'name': 'pathname', 'type': 'const char*', 'value': '/proc/104/stat'}, {'name': 'flags', 'type': 'int', 'value': 'O_RDONLY|O_LARGEFILE'}, {'name': 'dev', 'type': 'dev_t', 'value': 5}, {'name': 'inode', 'type': 'unsigned long', 'value': 127758}]",0,0
18830.726271,7786,7291,0,ps,ip-10-100-1-26,257,openat,4,9,"[{'name': 'dirfd', 'type': 'int', 'value': -100}, {'name': 'pathname', 'type': 'const char*', 'value': '/proc/104/stat'}, {'name': 'flags', 'type': 'int', 'value': 'O_RDONLY'}, {'name': 'mode', 'type': 'int', 'value': 2207129259}]",0,0
18830.726297,7786,7291,0,ps,ip-10-100-1-26,3,close,1,0,"[{'name': 'fd', 'type': 'int', 'value': 9}]",0,0
18830.726321,7786,7291,0,ps,ip-10-100-1-26,1005,security_file_open,4,0,"[{'name': 'pathname', 'type': 'const char*', 'value': '/proc/104/status'}, {'name': 'flags', 'type': 'int', 'value': 'O_RDONLY|O_LARGEFILE'}, {'name': 'dev', 'type': 'dev_t', 'value': 5}, {'name': 'inode', 'type': 'unsigned long', 'value': 127759}]",0,0
18830.726357,7786,7291,0,ps,ip-10-100-1-26,257,openat,4,9,"[{'name': 'dirfd', 'type': 'int', 'value': -100}, {'name': 'pathname', 'type': 'const char*', 'value': '/proc/104/status'}, {'name': 'flags', 'type': 'int', 'value': 'O_RDONLY'}, {'name': 'mode', 'type': 'int', 'value': 2207129259}]",0,0
18830.726387,7786,7291,0,ps,ip-10-100-1-26,3,close,1,0,"[{'name': 'fd', 'type': 'int', 'value': 9}]",0,0
18830.726424,7786,7291,0,ps,ip-10-100-1-26,1005,security_file_open,4,0,"[{'name': 'pathname', 'type': 'const char*', 'value': '/proc/104/cmdline'}, {'name': 'flags', 'type': 'int', 'value': 'O_RDONLY|O_LARGEFILE'}, {'name': 'dev', 'type': 'dev_t', 'value': 5}, {'name': 'inode', 'type': 'unsigned long', 'value': 127760}]",0,0
18830.726449,7786,7291,0,ps,ip-10-100-1-26,257,openat,4,9,"[{'name': 'dirfd', 'type': 'int', 'value': -100}, {'name': 'pathname', 'type': 'const char*', 'value': '/proc/104/cmdline'}, {'name': 'flags', 'type': 'int', 'value': 'O_RDONLY'}, {'name': 'mode', 'type': 'int', 'value': 2207129259}]",0,0
18830.726473,7786,7291,0,ps,ip-10-100-1-26,3,close,1,0,"[{'name': 'fd', 'type': 'int', 'value': 9}]",0,0
18830.726499,7786,7291,0,ps,ip-10-100-1-26,4,stat,2,0,"[{'name': 'pathname', 'type': 'const char*', 'value': '/proc/107'}, {'name': 'statbuf', 'type': 'struct stat*', 'value': '0x7F96839DD680'}]",0,0
18830.726523,7786,7291,0,ps,ip-10-100-1-26,1005,security_file_open,4,0,"[{'name': 'pathname', 'type': 'const char*', 'value': '/proc/107/stat'}, {'name': 'flags', 'type': 'int', 'value': 'O_RDONLY|O_LARGEFILE'}, {'name': 'dev', 'type': 'dev_t', 'value': 5}, {'name': 'inode', 'type': 'unsigned long', 'value': 127761}]",0,0
18830.726548,7786,7291,0,ps,ip-10-100-1-26,257,openat,4,9,"[{'name': 'dirfd', 'type': 'int', 'value': -100}, {'name': 'pathname', 'type': 'const char*', 'value': '/proc/107/stat'}, {'name': 'flags', 'type': 'int', 'value': 'O_RDONLY'}, {'name': 'mode', 'type': 'int', 'value': 2207129259}]",0,0
18830.726577,7786,7291,0,ps,ip-10-100-1-26,3,close,1,0,"[{'name': 'fd', 'type': 'int', 'value': 9}]",0,0
18830.726603,7786,7291,0,ps,ip-10-100-1-26,1005,security_file_open,4,0,"[{'name': 'pathname', 'type': 'const char*', 'value': '/proc/107/status'}, {'name': 'flags', 'type': 'int', 'value': 'O_RDONLY|O_LARGEFILE'}, {'name': 'dev', 'type': 'dev_t', 'value': 5}, {'name': 'inode', 'type': 'unsigned long', 'value': 127762}]",0,0
18830.72664,7786,7291,0,ps,ip-10-100-1-26,257,openat,4,9,"[{'name': 'dirfd', 'type': 'int', 'value': -100}, {'name': 'pathname', 'type': 'const char*', 'value': '/proc/107/status'}, {'name': 'flags', 'type': 'int', 'value': 'O_RDONLY'}, {'name': 'mode', 'type': 'int', 'value': 2207129259}]",0,0
18830.726681,7786,7291,0,ps,ip-10-100-1-26,3,close,1,0,"[{'name': 'fd', 'type': 'int', 'value': 9}]",0,0
18830.726707,7786,7291,0,ps,ip-10-100-1-26,1005,security_file_open,4,0,"[{'name': 'pathname', 'type': 'const char*', 'value': '/proc/107/cmdline'}, {'name': 'flags', 'type': 'int', 'value': 'O_RDONLY|O_LARGEFILE'}, {'name': 'dev', 'type': 'dev_t', 'value': 5}, {'name': 'inode', 'type': 'unsigned long', 'value': 127763}]",0,0
18830.726732,7786,7291,0,ps,ip-10-100-1-26,257,openat,4,9,"[{'name': 'dirfd', 'type': 'int', 'value': -100}, {'name': 'pathname', 'type': 'const char*', 'value': '/proc/107/cmdline'}, {'name': 'flags', 'type': 'int', 'value': 'O_RDONLY'}, {'name': 'mode', 'type': 'int', 'value': 2207129259}]",0,0
18830.726756,7786,7291,0,ps,ip-10-100-1-26,3,close,1,0,"[{'name': 'fd', 'type': 'int', 'value': 9}]",0,0
18830.726782,7786,7291,0,ps,ip-10-100-1-26,4,stat,2,0,"[{'name': 'pathname', 'type': 'const char*', 'value': '/proc/120'}, {'name': 'statbuf', 'type': 'struct stat*', 'value': '0x7F96839DD680'}]",0,0
18830.726806,7786,7291,0,ps,ip-10-100-1-26,1005,security_file_open,4,0,"[{'name': 'pathname', 'type': 'const char*', 'value': '/proc/120/stat'}, {'name': 'flags', 'type': 'int', 'value': 'O_RDONLY|O_LARGEFILE'}, {'name': 'dev', 'type': 'dev_t', 'value': 5}, {'name': 'inode', 'type': 'unsigned long', 'value': 127764}]",0,0
18830.72683,7786,7291,0,ps,ip-10-100-1-26,257,openat,4,9,"[{'name': 'dirfd', 'type': 'int', 'value': -100}, {'name': 'pathname', 'type': 'const char*', 'value': '/proc/120/stat'}, {'name': 'flags', 'type': 'int', 'value': 'O_RDONLY'}, {'name': 'mode', 'type': 'int', 'value': 2207129259}]",0,0
18830.726859,7786,7291,0,ps,ip-10-100-1-26,3,close,1,0,"[{'name': 'fd', 'type': 'int', 'value': 9}]",0,0
18830.726886,7786,7291,0,ps,ip-10-100-1-26,1005,security_file_open,4,0,"[{'name': 'pathname', 'type': 'const char*', 'value': '/proc/120/status'}, {'name': 'flags', 'type': 'int', 'value': 'O_RDONLY|O_LARGEFILE'}, {'name': 'dev', 'type': 'dev_t', 'value': 5}, {'name': 'inode', 'type': 'unsigned long', 'value': 127765}]",0,0
18830.726912,7786,7291,0,ps,ip-10-100-1-26,257,openat,4,9,"[{'name': 'dirfd', 'type': 'int', 'value': -100}, {'name': 'pathname', 'type': 'const char*', 'value': '/proc/120/status'}, {'name': 'flags', 'type': 'int', 'value': 'O_RDONLY'}, {'name': 'mode', 'type': 'int', 'value': 2207129259}]",0,0
18830.726943,7786,7291,0,ps,ip-10-100-1-26,3,close,1,0,"[{'name': 'fd', 'type': 'int', 'value': 9}]",0,0
18830.726978,7786,7291,0,ps,ip-10-100-1-26,1005,security_file_open,4,0,"[{'name': 'pathname', 'type': 'const char*', 'value': '/proc/120/cmdline'}, {'name': 'flags', 'type': 'int', 'value': 'O_RDONLY|O_LARGEFILE'}, {'name': 'dev', 'type': 'dev_t', 'value': 5}, {'name': 'inode', 'type': 'unsigned long', 'value': 127766}]",0,0
18830.727003,7786,7291,0,ps,ip-10-100-1-26,257,openat,4,9,"[{'name': 'dirfd', 'type': 'int', 'value': -100}, {'name': 'pathname', 'type': 'const char*', 'value': '/proc/120/cmdline'}, {'name': 'flags', 'type': 'int', 'value': 'O_RDONLY'}, {'name': 'mode', 'type': 'int', 'value': 2207129259}]",0,0
18830.727037,7786,7291,0,ps,ip-10-100-1-26,3,close,1,0,"[{'name': 'fd', 'type': 'int', 'value': 9}]",0,0
18830.727061,7786,7291,0,ps,ip-10-100-1-26,4,stat,2,0,"[{'name': 'pathname', 'type': 'const char*', 'value': '/proc/121'}, {'name': 'statbuf', 'type': 'struct stat*', 'value': '0x7F96839DD680'}]",0,0
18830.727083,7786,7291,0,ps,ip-10-100-1-26,1005,security_file_open,4,0,"[{'name': 'pathname', 'type': 'const char*', 'value': '/proc/121/stat'}, {'name': 'flags', 'type': 'int', 'value': 'O_RDONLY|O_LARGEFILE'}, {'name': 'dev', 'type': 'dev_t', 'value': 5}, {'name': 'inode', 'type': 'unsigned long', 'value': 127767}]",0,0
18830.727109,7786,7291,0,ps,ip-10-100-1-26,257,openat,4,9,"[{'name': 'dirfd', 'type': 'int', 'value': -100}, {'name': 'pathname', 'type': 'const char*', 'value': '/proc/121/stat'}, {'name': 'flags', 'type': 'int', 'value': 'O_RDONLY'}, {'name': 'mode', 'type': 'int', 'value': 2207129259}]",0,0
18830.727135,7786,7291,0,ps,ip-10-100-1-26,3,close,1,0,"[{'name': 'fd', 'type': 'int', 'value': 9}]",0,0
18830.727183,7786,7291,0,ps,ip-10-100-1-26,257,openat,4,9,"[{'name': 'dirfd', 'type': 'int', 'value': -100}, {'name': 'pathname', 'type': 'const char*', 'value': '/proc/121/status'}, {'name': 'flags', 'type': 'int', 'value': 'O_RDONLY'}, {'name': 'mode', 'type': 'int', 'value': 2207129259}]",0,0
18830.72716,7786,7291,0,ps,ip-10-100-1-26,1005,security_file_open,4,0,"[{'name': 'pathname', 'type': 'const char*', 'value': '/proc/121/status'}, {'name': 'flags', 'type': 'int', 'value': 'O_RDONLY|O_LARGEFILE'}, {'name': 'dev', 'type': 'dev_t', 'value': 5}, {'name': 'inode', 'type': 'unsigned long', 'value': 127768}]",0,0
18830.727211,7786,7291,0,ps,ip-10-100-1-26,3,close,1,0,"[{'name': 'fd', 'type': 'int', 'value': 9}]",0,0
18830.727233,7786,7291,0,ps,ip-10-100-1-26,1005,security_file_open,4,0,"[{'name': 'pathname', 'type': 'const char*', 'value': '/proc/121/cmdline'}, {'name': 'flags', 'type': 'int', 'value': 'O_RDONLY|O_LARGEFILE'}, {'name': 'dev', 'type': 'dev_t', 'value': 5}, {'name': 'inode', 'type': 'unsigned long', 'value': 127769}]",0,0
18830.727255,7786,7291,0,ps,ip-10-100-1-26,257,openat,4,9,"[{'name': 'dirfd', 'type': 'int', 'value': -100}, {'name': 'pathname', 'type': 'const char*', 'value': '/proc/121/cmdline'}, {'name': 'flags', 'type': 'int', 'value': 'O_RDONLY'}, {'name': 'mode', 'type': 'int', 'value': 2207129259}]",0,0
18830.727277,7786,7291,0,ps,ip-10-100-1-26,3,close,1,0,"[{'name': 'fd', 'type': 'int', 'value': 9}]",0,0
18830.727301,7786,7291,0,ps,ip-10-100-1-26,4,stat,2,0,"[{'name': 'pathname', 'type': 'const char*', 'value': '/proc/159'}, {'name': 'statbuf', 'type': 'struct stat*', 'value': '0x7F96839DD680'}]",0,0
18830.727323,7786,7291,0,ps,ip-10-100-1-26,1005,security_file_open,4,0,"[{'name': 'pathname', 'type': 'const char*', 'value': '/proc/159/stat'}, {'name': 'flags', 'type': 'int', 'value': 'O_RDONLY|O_LARGEFILE'}, {'name': 'dev', 'type': 'dev_t', 'value': 5}, {'name': 'inode', 'type': 'unsigned long', 'value': 127770}]",0,0
18830.727345,7786,7291,0,ps,ip-10-100-1-26,257,openat,4,9,"[{'name': 'dirfd', 'type': 'int', 'value': -100}, {'name': 'pathname', 'type': 'const char*', 'value': '/proc/159/stat'}, {'name': 'flags', 'type': 'int', 'value': 'O_RDONLY'}, {'name': 'mode', 'type': 'int', 'value': 2207129259}]",0,0
18830.727373,7786,7291,0,ps,ip-10-100-1-26,3,close,1,0,"[{'name': 'fd', 'type': 'int', 'value': 9}]",0,0
18830.72741,7786,7291,0,ps,ip-10-100-1-26,1005,security_file_open,4,0,"[{'name': 'pathname', 'type': 'const char*', 'value': '/proc/159/status'}, {'name': 'flags', 'type': 'int', 'value': 'O_RDONLY|O_LARGEFILE'}, {'name': 'dev', 'type': 'dev_t', 'value': 5}, {'name': 'inode', 'type': 'unsigned long', 'value': 127771}]",0,0
18830.727435,7786,7291,0,ps,ip-10-100-1-26,257,openat,4,9,"[{'name': 'dirfd', 'type': 'int', 'value': -100}, {'name': 'pathname', 'type': 'const char*', 'value': '/proc/159/status'}, {'name': 'flags', 'type': 'int', 'value': 'O_RDONLY'}, {'name': 'mode', 'type': 'int', 'value': 2207129259}]",0,0
18830.727468,7786,7291,0,ps,ip-10-100-1-26,3,close,1,0,"[{'name': 'fd', 'type': 'int', 'value': 9}]",0,0
18830.727494,7786,7291,0,ps,ip-10-100-1-26,1005,security_file_open,4,0,"[{'name': 'pathname', 'type': 'const char*', 'value': '/proc/159/cmdline'}, {'name': 'flags', 'type': 'int', 'value': 'O_RDONLY|O_LARGEFILE'}, {'name': 'dev', 'type': 'dev_t', 'value': 5}, {'name': 'inode', 'type': 'unsigned long', 'value': 127772}]",0,0
18830.727518,7786,7291,0,ps,ip-10-100-1-26,257,openat,4,9,"[{'name': 'dirfd', 'type': 'int', 'value': -100}, {'name': 'pathname', 'type': 'const char*', 'value': '/proc/159/cmdline'}, {'name': 'flags', 'type': 'int', 'value': 'O_RDONLY'}, {'name': 'mode', 'type': 'int', 'value': 2207129259}]",0,0
18830.727552,7786,7291,0,ps,ip-10-100-1-26,3,close,1,0,"[{'name': 'fd', 'type': 'int', 'value': 9}]",0,0
18830.72758,7786,7291,0,ps,ip-10-100-1-26,4,stat,2,0,"[{'name': 'pathname', 'type': 'const char*', 'value': '/proc/163'}, {'name': 'statbuf', 'type': 'struct stat*', 'value': '0x7F96839DD680'}]",0,0
18830.727603,7786,7291,0,ps,ip-10-100-1-26,1005,security_file_open,4,0,"[{'name': 'pathname', 'type': 'const char*', 'value': '/proc/163/stat'}, {'name': 'flags', 'type': 'int', 'value': 'O_RDONLY|O_LARGEFILE'}, {'name': 'dev', 'type': 'dev_t', 'value': 5}, {'name': 'inode', 'type': 'unsigned long', 'value': 127773}]",0,0
18830.727627,7786,7291,0,ps,ip-10-100-1-26,257,openat,4,9,"[{'name': 'dirfd', 'type': 'int', 'value': -100}, {'name': 'pathname', 'type': 'const char*', 'value': '/proc/163/stat'}, {'name': 'flags', 'type': 'int', 'value': 'O_RDONLY'}, {'name': 'mode', 'type': 'int', 'value': 2207129259}]",0,0
18830.727656,7786,7291,0,ps,ip-10-100-1-26,3,close,1,0,"[{'name': 'fd', 'type': 'int', 'value': 9}]",0,0
18830.727695,7786,7291,0,ps,ip-10-100-1-26,1005,security_file_open,4,0,"[{'name': 'pathname', 'type': 'const char*', 'value': '/proc/163/status'}, {'name': 'flags', 'type': 'int', 'value': 'O_RDONLY|O_LARGEFILE'}, {'name': 'dev', 'type': 'dev_t', 'value': 5}, {'name': 'inode', 'type': 'unsigned long', 'value': 127774}]",0,0
18830.727721,7786,7291,0,ps,ip-10-100-1-26,257,openat,4,9,"[{'name': 'dirfd', 'type': 'int', 'value': -100}, {'name': 'pathname', 'type': 'const char*', 'value': '/proc/163/status'}, {'name': 'flags', 'type': 'int', 'value': 'O_RDONLY'}, {'name': 'mode', 'type': 'int', 'value': 2207129259}]",0,0
18830.727752,7786,7291,0,ps,ip-10-100-1-26,3,close,1,0,"[{'name': 'fd', 'type': 'int', 'value': 9}]",0,0
18830.727777,7786,7291,0,ps,ip-10-100-1-26,1005,security_file_open,4,0,"[{'name': 'pathname', 'type': 'const char*', 'value': '/proc/163/cmdline'}, {'name': 'flags', 'type': 'int', 'value': 'O_RDONLY|O_LARGEFILE'}, {'name': 'dev', 'type': 'dev_t', 'value': 5}, {'name': 'inode', 'type': 'unsigned long', 'value': 127775}]",0,0
18830.727802,7786,7291,0,ps,ip-10-100-1-26,257,openat,4,9,"[{'name': 'dirfd', 'type': 'int', 'value': -100}, {'name': 'pathname', 'type': 'const char*', 'value': '/proc/163/cmdline'}, {'name': 'flags', 'type': 'int', 'value': 'O_RDONLY'}, {'name': 'mode', 'type': 'int', 'value': 2207129259}]",0,0
18830.727829,7786,7291,0,ps,ip-10-100-1-26,3,close,1,0,"[{'name': 'fd', 'type': 'int', 'value': 9}]",0,0
18830.727856,7786,7291,0,ps,ip-10-100-1-26,4,stat,2,0,"[{'name': 'pathname', 'type': 'const char*', 'value': '/proc/191'}, {'name': 'statbuf', 'type': 'struct stat*', 'value': '0x7F96839DD680'}]",0,0
18830.72788,7786,7291,0,ps,ip-10-100-1-26,1005,security_file_open,4,0,"[{'name': 'pathname', 'type': 'const char*', 'value': '/proc/191/stat'}, {'name': 'flags', 'type': 'int', 'value': 'O_RDONLY|O_LARGEFILE'}, {'name': 'dev', 'type': 'dev_t', 'value': 5}, {'name': 'inode', 'type': 'unsigned long', 'value': 127776}]",0,0
18830.727905,7786,7291,0,ps,ip-10-100-1-26,257,openat,4,9,"[{'name': 'dirfd', 'type': 'int', 'value': -100}, {'name': 'pathname', 'type': 'const char*', 'value': '/proc/191/stat'}, {'name': 'flags', 'type': 'int', 'value': 'O_RDONLY'}, {'name': 'mode', 'type': 'int', 'value': 2207129259}]",0,0
18830.727935,7786,7291,0,ps,ip-10-100-1-26,3,close,1,0,"[{'name': 'fd', 'type': 'int', 'value': 9}]",0,0
18830.727976,7786,7291,0,ps,ip-10-100-1-26,1005,security_file_open,4,0,"[{'name': 'pathname', 'type': 'const char*', 'value': '/proc/191/status'}, {'name': 'flags', 'type': 'int', 'value': 'O_RDONLY|O_LARGEFILE'}, {'name': 'dev', 'type': 'dev_t', 'value': 5}, {'name': 'inode', 'type': 'unsigned long', 'value': 127777}]",0,0
18830.728,7786,7291,0,ps,ip-10-100-1-26,257,openat,4,9,"[{'name': 'dirfd', 'type': 'int', 'value': -100}, {'name': 'pathname', 'type': 'const char*', 'value': '/proc/191/status'}, {'name': 'flags', 'type': 'int', 'value': 'O_RDONLY'}, {'name': 'mode', 'type': 'int', 'value': 2207129259}]",0,0
18830.728032,7786,7291,0,ps,ip-10-100-1-26,3,close,1,0,"[{'name': 'fd', 'type': 'int', 'value': 9}]",0,0
18830.728058,7786,7291,0,ps,ip-10-100-1-26,1005,security_file_open,4,0,"[{'name': 'pathname', 'type': 'const char*', 'value': '/proc/191/cmdline'}, {'name': 'flags', 'type': 'int', 'value': 'O_RDONLY|O_LARGEFILE'}, {'name': 'dev', 'type': 'dev_t', 'value': 5}, {'name': 'inode', 'type': 'unsigned long', 'value': 127778}]",0,0
18830.728082,7786,7291,0,ps,ip-10-100-1-26,257,openat,4,9,"[{'name': 'dirfd', 'type': 'int', 'value': -100}, {'name': 'pathname', 'type': 'const char*', 'value': '/proc/191/cmdline'}, {'name': 'flags', 'type': 'int', 'value': 'O_RDONLY'}, {'name': 'mode', 'type': 'int', 'value': 2207129259}]",0,0
18830.728125,7786,7291,0,ps,ip-10-100-1-26,3,close,1,0,"[{'name': 'fd', 'type': 'int', 'value': 9}]",0,0
18830.728151,7786,7291,0,ps,ip-10-100-1-26,4,stat,2,0,"[{'name': 'pathname', 'type': 'const char*', 'value': '/proc/219'}, {'name': 'statbuf', 'type': 'struct stat*', 'value': '0x7F96839DD680'}]",0,0
18830.728172,7786,7291,0,ps,ip-10-100-1-26,1005,security_file_open,4,0,"[{'name': 'pathname', 'type': 'const char*', 'value': '/proc/219/stat'}, {'name': 'flags', 'type': 'int', 'value': 'O_RDONLY|O_LARGEFILE'}, {'name': 'dev', 'type': 'dev_t', 'value': 5}, {'name': 'inode', 'type': 'unsigned long', 'value': 127779}]",0,0
18830.728195,7786,7291,0,ps,ip-10-100-1-26,257,openat,4,9,"[{'name': 'dirfd', 'type': 'int', 'value': -100}, {'name': 'pathname', 'type': 'const char*', 'value': '/proc/219/stat'}, {'name': 'flags', 'type': 'int', 'value': 'O_RDONLY'}, {'name': 'mode', 'type': 'int', 'value': 2207129259}]",0,0
18830.728222,7786,7291,0,ps,ip-10-100-1-26,3,close,1,0,"[{'name': 'fd', 'type': 'int', 'value': 9}]",0,0
18830.728246,7786,7291,0,ps,ip-10-100-1-26,1005,security_file_open,4,0,"[{'name': 'pathname', 'type': 'const char*', 'value': '/proc/219/status'}, {'name': 'flags', 'type': 'int', 'value': 'O_RDONLY|O_LARGEFILE'}, {'name': 'dev', 'type': 'dev_t', 'value': 5}, {'name': 'inode', 'type': 'unsigned long', 'value': 127780}]",0,0
18830.728269,7786,7291,0,ps,ip-10-100-1-26,257,openat,4,9,"[{'name': 'dirfd', 'type': 'int', 'value': -100}, {'name': 'pathname', 'type': 'const char*', 'value': '/proc/219/status'}, {'name': 'flags', 'type': 'int', 'value': 'O_RDONLY'}, {'name': 'mode', 'type': 'int', 'value': 2207129259}]",0,0
18830.728297,7786,7291,0,ps,ip-10-100-1-26,3,close,1,0,"[{'name': 'fd', 'type': 'int', 'value': 9}]",0,0
18830.752272,7786,7291,0,ps,ip-10-100-1-26,1005,security_file_open,4,0,"[{'name': 'pathname', 'type': 'const char*', 'value': '/proc/219/cmdline'}, {'name': 'flags', 'type': 'int', 'value': 'O_RDONLY|O_LARGEFILE'}, {'name': 'dev', 'type': 'dev_t', 'value': 5}, {'name': 'inode', 'type': 'unsigned long', 'value': 127781}]",0,0
18830.752311,7786,7291,0,ps,ip-10-100-1-26,257,openat,4,9,"[{'name': 'dirfd', 'type': 'int', 'value': -100}, {'name': 'pathname', 'type': 'const char*', 'value': '/proc/219/cmdline'}, {'name': 'flags', 'type': 'int', 'value': 'O_RDONLY'}, {'name': 'mode', 'type': 'int', 'value': 2207129259}]",0,0
18830.752394,7786,7291,0,ps,ip-10-100-1-26,3,close,1,0,"[{'name': 'fd', 'type': 'int', 'value': 9}]",0,0
18830.752432,7786,7291,0,ps,ip-10-100-1-26,4,stat,2,0,"[{'name': 'pathname', 'type': 'const char*', 'value': '/proc/273'}, {'name': 'statbuf', 'type': 'struct stat*', 'value': '0x7F96839DD680'}]",0,0
18830.752486,7786,7291,0,ps,ip-10-100-1-26,257,openat,4,9,"[{'name': 'dirfd', 'type': 'int', 'value': -100}, {'name': 'pathname', 'type': 'const char*', 'value': '/proc/273/stat'}, {'name': 'flags', 'type': 'int', 'value': 'O_RDONLY'}, {'name': 'mode', 'type': 'int', 'value': 2207129259}]",0,0
18830.752459,7786,7291,0,ps,ip-10-100-1-26,1005,security_file_open,4,0,"[{'name': 'pathname', 'type': 'const char*', 'value': '/proc/273/stat'}, {'name': 'flags', 'type': 'int', 'value': 'O_RDONLY|O_LARGEFILE'}, {'name': 'dev', 'type': 'dev_t', 'value': 5}, {'name': 'inode', 'type': 'unsigned long', 'value': 127782}]",0,0
18830.752528,7786,7291,0,ps,ip-10-100-1-26,3,close,1,0,"[{'name': 'fd', 'type': 'int', 'value': 9}]",0,0
18830.75256,7786,7291,0,ps,ip-10-100-1-26,1005,security_file_open,4,0,"[{'name': 'pathname', 'type': 'const char*', 'value': '/proc/273/status'}, {'name': 'flags', 'type': 'int', 'value': 'O_RDONLY|O_LARGEFILE'}, {'name': 'dev', 'type': 'dev_t', 'value': 5}, {'name': 'inode', 'type': 'unsigned long', 'value': 127783}]",0,0
18830.752586,7786,7291,0,ps,ip-10-100-1-26,257,openat,4,9,"[{'name': 'dirfd', 'type': 'int', 'value': -100}, {'name': 'pathname', 'type': 'const char*', 'value': '/proc/273/status'}, {'name': 'flags', 'type': 'int', 'value': 'O_RDONLY'}, {'name': 'mode', 'type': 'int', 'value': 2207129259}]",0,0
18830.752637,7786,7291,0,ps,ip-10-100-1-26,3,close,1,0,"[{'name': 'fd', 'type': 'int', 'value': 9}]",0,0
18830.752667,7786,7291,0,ps,ip-10-100-1-26,1005,security_file_open,4,0,"[{'name': 'pathname', 'type': 'const char*', 'value': '/proc/273/cmdline'}, {'name': 'flags', 'type': 'int', 'value': 'O_RDONLY|O_LARGEFILE'}, {'name': 'dev', 'type': 'dev_t', 'value': 5}, {'name': 'inode', 'type': 'unsigned long', 'value': 127784}]",0,0
18830.752695,7786,7291,0,ps,ip-10-100-1-26,257,openat,4,9,"[{'name': 'dirfd', 'type': 'int', 'value': -100}, {'name': 'pathname', 'type': 'const char*', 'value': '/proc/273/cmdline'}, {'name': 'flags', 'type': 'int', 'value': 'O_RDONLY'}, {'name': 'mode', 'type': 'int', 'value': 2207129259}]",0,0
18830.75272,7786,7291,0,ps,ip-10-100-1-26,3,close,1,0,"[{'name': 'fd', 'type': 'int', 'value': 9}]",0,0
18830.752747,7786,7291,0,ps,ip-10-100-1-26,4,stat,2,0,"[{'name': 'pathname', 'type': 'const char*', 'value': '/proc/274'}, {'name': 'statbuf', 'type': 'struct stat*', 'value': '0x7F96839DD680'}]",0,0
18830.752771,7786,7291,0,ps,ip-10-100-1-26,1005,security_file_open,4,0,"[{'name': 'pathname', 'type': 'const char*', 'value': '/proc/274/stat'}, {'name': 'flags', 'type': 'int', 'value': 'O_RDONLY|O_LARGEFILE'}, {'name': 'dev', 'type': 'dev_t', 'value': 5}, {'name': 'inode', 'type': 'unsigned long', 'value': 127785}]",0,0
18830.752796,7786,7291,0,ps,ip-10-100-1-26,257,openat,4,9,"[{'name': 'dirfd', 'type': 'int', 'value': -100}, {'name': 'pathname', 'type': 'const char*', 'value': '/proc/274/stat'}, {'name': 'flags', 'type': 'int', 'value': 'O_RDONLY'}, {'name': 'mode', 'type': 'int', 'value': 2207129259}]",0,0
18830.752826,7786,7291,0,ps,ip-10-100-1-26,3,close,1,0,"[{'name': 'fd', 'type': 'int', 'value': 9}]",0,0
18830.752854,7786,7291,0,ps,ip-10-100-1-26,1005,security_file_open,4,0,"[{'name': 'pathname', 'type': 'const char*', 'value': '/proc/274/status'}, {'name': 'flags', 'type': 'int', 'value': 'O_RDONLY|O_LARGEFILE'}, {'name': 'dev', 'type': 'dev_t', 'value': 5}, {'name': 'inode', 'type': 'unsigned long', 'value': 127786}]",0,0
18830.752879,7786,7291,0,ps,ip-10-100-1-26,257,openat,4,9,"[{'name': 'dirfd', 'type': 'int', 'value': -100}, {'name': 'pathname', 'type': 'const char*', 'value': '/proc/274/status'}, {'name': 'flags', 'type': 'int', 'value': 'O_RDONLY'}, {'name': 'mode', 'type': 'int', 'value': 2207129259}]",0,0
18830.75291,7786,7291,0,ps,ip-10-100-1-26,3,close,1,0,"[{'name': 'fd', 'type': 'int', 'value': 9}]",0,0
18830.752936,7786,7291,0,ps,ip-10-100-1-26,1005,security_file_open,4,0,"[{'name': 'pathname', 'type': 'const char*', 'value': '/proc/274/cmdline'}, {'name': 'flags', 'type': 'int', 'value': 'O_RDONLY|O_LARGEFILE'}, {'name': 'dev', 'type': 'dev_t', 'value': 5}, {'name': 'inode', 'type': 'unsigned long', 'value': 127787}]",0,0
18830.752961,7786,7291,0,ps,ip-10-100-1-26,257,openat,4,9,"[{'name': 'dirfd', 'type': 'int', 'value': -100}, {'name': 'pathname', 'type': 'const char*', 'value': '/proc/274/cmdline'}, {'name': 'flags', 'type': 'int', 'value': 'O_RDONLY'}, {'name': 'mode', 'type': 'int', 'value': 2207129259}]",0,0
18830.752986,7786,7291,0,ps,ip-10-100-1-26,3,close,1,0,"[{'name': 'fd', 'type': 'int', 'value': 9}]",0,0
18830.753012,7786,7291,0,ps,ip-10-100-1-26,4,stat,2,0,"[{'name': 'pathname', 'type': 'const char*', 'value': '/proc/275'}, {'name': 'statbuf', 'type': 'struct stat*', 'value': '0x7F96839DD680'}]",0,0
18830.753035,7786,7291,0,ps,ip-10-100-1-26,1005,security_file_open,4,0,"[{'name': 'pathname', 'type': 'const char*', 'value': '/proc/275/stat'}, {'name': 'flags', 'type': 'int', 'value': 'O_RDONLY|O_LARGEFILE'}, {'name': 'dev', 'type': 'dev_t', 'value': 5}, {'name': 'inode', 'type': 'unsigned long', 'value': 127788}]",0,0
18830.75306,7786,7291,0,ps,ip-10-100-1-26,257,openat,4,9,"[{'name': 'dirfd', 'type': 'int', 'value': -100}, {'name': 'pathname', 'type': 'const char*', 'value': '/proc/275/stat'}, {'name': 'flags', 'type': 'int', 'value': 'O_RDONLY'}, {'name': 'mode', 'type': 'int', 'value': 2207129259}]",0,0
18830.753089,7786,7291,0,ps,ip-10-100-1-26,3,close,1,0,"[{'name': 'fd', 'type': 'int', 'value': 9}]",0,0
18830.753116,7786,7291,0,ps,ip-10-100-1-26,1005,security_file_open,4,0,"[{'name': 'pathname', 'type': 'const char*', 'value': '/proc/275/status'}, {'name': 'flags', 'type': 'int', 'value': 'O_RDONLY|O_LARGEFILE'}, {'name': 'dev', 'type': 'dev_t', 'value': 5}, {'name': 'inode', 'type': 'unsigned long', 'value': 127789}]",0,0
18830.753141,7786,7291,0,ps,ip-10-100-1-26,257,openat,4,9,"[{'name': 'dirfd', 'type': 'int', 'value': -100}, {'name': 'pathname', 'type': 'const char*', 'value': '/proc/275/status'}, {'name': 'flags', 'type': 'int', 'value': 'O_RDONLY'}, {'name': 'mode', 'type': 'int', 'value': 2207129259}]",0,0
18830.753172,7786,7291,0,ps,ip-10-100-1-26,3,close,1,0,"[{'name': 'fd', 'type': 'int', 'value': 9}]",0,0
18830.753197,7786,7291,0,ps,ip-10-100-1-26,1005,security_file_open,4,0,"[{'name': 'pathname', 'type': 'const char*', 'value': '/proc/275/cmdline'}, {'name': 'flags', 'type': 'int', 'value': 'O_RDONLY|O_LARGEFILE'}, {'name': 'dev', 'type': 'dev_t', 'value': 5}, {'name': 'inode', 'type': 'unsigned long', 'value': 127790}]",0,0
18830.753222,7786,7291,0,ps,ip-10-100-1-26,257,openat,4,9,"[{'name': 'dirfd', 'type': 'int', 'value': -100}, {'name': 'pathname', 'type': 'const char*', 'value': '/proc/275/cmdline'}, {'name': 'flags', 'type': 'int', 'value': 'O_RDONLY'}, {'name': 'mode', 'type': 'int', 'value': 2207129259}]",0,0
18830.753247,7786,7291,0,ps,ip-10-100-1-26,3,close,1,0,"[{'name': 'fd', 'type': 'int', 'value': 9}]",0,0
18830.753272,7786,7291,0,ps,ip-10-100-1-26,4,stat,2,0,"[{'name': 'pathname', 'type': 'const char*', 'value': '/proc/276'}, {'name': 'statbuf', 'type': 'struct stat*', 'value': '0x7F96839DD680'}]",0,0
18830.753296,7786,7291,0,ps,ip-10-100-1-26,1005,security_file_open,4,0,"[{'name': 'pathname', 'type': 'const char*', 'value': '/proc/276/stat'}, {'name': 'flags', 'type': 'int', 'value': 'O_RDONLY|O_LARGEFILE'}, {'name': 'dev', 'type': 'dev_t', 'value': 5}, {'name': 'inode', 'type': 'unsigned long', 'value': 127791}]",0,0
18830.753323,7786,7291,0,ps,ip-10-100-1-26,257,openat,4,9,"[{'name': 'dirfd', 'type': 'int', 'value': -100}, {'name': 'pathname', 'type': 'const char*', 'value': '/proc/276/stat'}, {'name': 'flags', 'type': 'int', 'value': 'O_RDONLY'}, {'name': 'mode', 'type': 'int', 'value': 2207129259}]",0,0
18830.753353,7786,7291,0,ps,ip-10-100-1-26,3,close,1,0,"[{'name': 'fd', 'type': 'int', 'value': 9}]",0,0
18830.75338,7786,7291,0,ps,ip-10-100-1-26,1005,security_file_open,4,0,"[{'name': 'pathname', 'type': 'const char*', 'value': '/proc/276/status'}, {'name': 'flags', 'type': 'int', 'value': 'O_RDONLY|O_LARGEFILE'}, {'name': 'dev', 'type': 'dev_t', 'value': 5}, {'name': 'inode', 'type': 'unsigned long', 'value': 127792}]",0,0
18830.753406,7786,7291,0,ps,ip-10-100-1-26,257,openat,4,9,"[{'name': 'dirfd', 'type': 'int', 'value': -100}, {'name': 'pathname', 'type': 'const char*', 'value': '/proc/276/status'}, {'name': 'flags', 'type': 'int', 'value': 'O_RDONLY'}, {'name': 'mode', 'type': 'int', 'value': 2207129259}]",0,0
18830.753436,7786,7291,0,ps,ip-10-100-1-26,3,close,1,0,"[{'name': 'fd', 'type': 'int', 'value': 9}]",0,0
18830.753462,7786,7291,0,ps,ip-10-100-1-26,1005,security_file_open,4,0,"[{'name': 'pathname', 'type': 'const char*', 'value': '/proc/276/cmdline'}, {'name': 'flags', 'type': 'int', 'value': 'O_RDONLY|O_LARGEFILE'}, {'name': 'dev', 'type': 'dev_t', 'value': 5}, {'name': 'inode', 'type': 'unsigned long', 'value': 127793}]",0,0
18830.753487,7786,7291,0,ps,ip-10-100-1-26,257,openat,4,9,"[{'name': 'dirfd', 'type': 'int', 'value': -100}, {'name': 'pathname', 'type': 'const char*', 'value': '/proc/276/cmdline'}, {'name': 'flags', 'type': 'int', 'value': 'O_RDONLY'}, {'name': 'mode', 'type': 'int', 'value': 2207129259}]",0,0
18830.753511,7786,7291,0,ps,ip-10-100-1-26,3,close,1,0,"[{'name': 'fd', 'type': 'int', 'value': 9}]",0,0
18830.753538,7786,7291,0,ps,ip-10-100-1-26,4,stat,2,0,"[{'name': 'pathname', 'type': 'const char*', 'value': '/proc/277'}, {'name': 'statbuf', 'type': 'struct stat*', 'value': '0x7F96839DD680'}]",0,0
18830.753561,7786,7291,0,ps,ip-10-100-1-26,1005,security_file_open,4,0,"[{'name': 'pathname', 'type': 'const char*', 'value': '/proc/277/stat'}, {'name': 'flags', 'type': 'int', 'value': 'O_RDONLY|O_LARGEFILE'}, {'name': 'dev', 'type': 'dev_t', 'value': 5}, {'name': 'inode', 'type': 'unsigned long', 'value': 127794}]",0,0
18830.753586,7786,7291,0,ps,ip-10-100-1-26,257,openat,4,9,"[{'name': 'dirfd', 'type': 'int', 'value': -100}, {'name': 'pathname', 'type': 'const char*', 'value': '/proc/277/stat'}, {'name': 'flags', 'type': 'int', 'value': 'O_RDONLY'}, {'name': 'mode', 'type': 'int', 'value': 2207129259}]",0,0
18830.753617,7786,7291,0,ps,ip-10-100-1-26,3,close,1,0,"[{'name': 'fd', 'type': 'int', 'value': 9}]",0,0
18830.753645,7786,7291,0,ps,ip-10-100-1-26,1005,security_file_open,4,0,"[{'name': 'pathname', 'type': 'const char*', 'value': '/proc/277/status'}, {'name': 'flags', 'type': 'int', 'value': 'O_RDONLY|O_LARGEFILE'}, {'name': 'dev', 'type': 'dev_t', 'value': 5}, {'name': 'inode', 'type': 'unsigned long', 'value': 127795}]",0,0
18830.75367,7786,7291,0,ps,ip-10-100-1-26,257,openat,4,9,"[{'name': 'dirfd', 'type': 'int', 'value': -100}, {'name': 'pathname', 'type': 'const char*', 'value': '/proc/277/status'}, {'name': 'flags', 'type': 'int', 'value': 'O_RDONLY'}, {'name': 'mode', 'type': 'int', 'value': 2207129259}]",0,0
18830.753704,7786,7291,0,ps,ip-10-100-1-26,3,close,1,0,"[{'name': 'fd', 'type': 'int', 'value': 9}]",0,0
18830.753731,7786,7291,0,ps,ip-10-100-1-26,1005,security_file_open,4,0,"[{'name': 'pathname', 'type': 'const char*', 'value': '/proc/277/cmdline'}, {'name': 'flags', 'type': 'int', 'value': 'O_RDONLY|O_LARGEFILE'}, {'name': 'dev', 'type': 'dev_t', 'value': 5}, {'name': 'inode', 'type': 'unsigned long', 'value': 127796}]",0,0
18830.753756,7786,7291,0,ps,ip-10-100-1-26,257,openat,4,9,"[{'name': 'dirfd', 'type': 'int', 'value': -100}, {'name': 'pathname', 'type': 'const char*', 'value': '/proc/277/cmdline'}, {'name': 'flags', 'type': 'int', 'value': 'O_RDONLY'}, {'name': 'mode', 'type': 'int', 'value': 2207129259}]",0,0
18830.75379,7786,7291,0,ps,ip-10-100-1-26,3,close,1,0,"[{'name': 'fd', 'type': 'int', 'value': 9}]",0,0
18830.753818,7786,7291,0,ps,ip-10-100-1-26,4,stat,2,0,"[{'name': 'pathname', 'type': 'const char*', 'value': '/proc/286'}, {'name': 'statbuf', 'type': 'struct stat*', 'value': '0x7F96839DD680'}]",0,0
18830.753841,7786,7291,0,ps,ip-10-100-1-26,1005,security_file_open,4,0,"[{'name': 'pathname', 'type': 'const char*', 'value': '/proc/286/stat'}, {'name': 'flags', 'type': 'int', 'value': 'O_RDONLY|O_LARGEFILE'}, {'name': 'dev', 'type': 'dev_t', 'value': 5}, {'name': 'inode', 'type': 'unsigned long', 'value': 127797}]",0,0
18830.753866,7786,7291,0,ps,ip-10-100-1-26,257,openat,4,9,"[{'name': 'dirfd', 'type': 'int', 'value': -100}, {'name': 'pathname', 'type': 'const char*', 'value': '/proc/286/stat'}, {'name': 'flags', 'type': 'int', 'value': 'O_RDONLY'}, {'name': 'mode', 'type': 'int', 'value': 2207129259}]",0,0
18830.753895,7786,7291,0,ps,ip-10-100-1-26,3,close,1,0,"[{'name': 'fd', 'type': 'int', 'value': 9}]",0,0
18830.753922,7786,7291,0,ps,ip-10-100-1-26,1005,security_file_open,4,0,"[{'name': 'pathname', 'type': 'const char*', 'value': '/proc/286/status'}, {'name': 'flags', 'type': 'int', 'value': 'O_RDONLY|O_LARGEFILE'}, {'name': 'dev', 'type': 'dev_t', 'value': 5}, {'name': 'inode', 'type': 'unsigned long', 'value': 127798}]",0,0
18830.753947,7786,7291,0,ps,ip-10-100-1-26,257,openat,4,9,"[{'name': 'dirfd', 'type': 'int', 'value': -100}, {'name': 'pathname', 'type': 'const char*', 'value': '/proc/286/status'}, {'name': 'flags', 'type': 'int', 'value': 'O_RDONLY'}, {'name': 'mode', 'type': 'int', 'value': 2207129259}]",0,0
18830.753978,7786,7291,0,ps,ip-10-100-1-26,3,close,1,0,"[{'name': 'fd', 'type': 'int', 'value': 9}]",0,0
18830.754003,7786,7291,0,ps,ip-10-100-1-26,1005,security_file_open,4,0,"[{'name': 'pathname', 'type': 'const char*', 'value': '/proc/286/cmdline'}, {'name': 'flags', 'type': 'int', 'value': 'O_RDONLY|O_LARGEFILE'}, {'name': 'dev', 'type': 'dev_t', 'value': 5}, {'name': 'inode', 'type': 'unsigned long', 'value': 127799}]",0,0
18830.754028,7786,7291,0,ps,ip-10-100-1-26,257,openat,4,9,"[{'name': 'dirfd', 'type': 'int', 'value': -100}, {'name': 'pathname', 'type': 'const char*', 'value': '/proc/286/cmdline'}, {'name': 'flags', 'type': 'int', 'value': 'O_RDONLY'}, {'name': 'mode', 'type': 'int', 'value': 2207129259}]",0,0
18830.754052,7786,7291,0,ps,ip-10-100-1-26,3,close,1,0,"[{'name': 'fd', 'type': 'int', 'value': 9}]",0,0
18830.754078,7786,7291,0,ps,ip-10-100-1-26,4,stat,2,0,"[{'name': 'pathname', 'type': 'const char*', 'value': '/proc/289'}, {'name': 'statbuf', 'type': 'struct stat*', 'value': '0x7F96839DD680'}]",0,0
18830.754102,7786,7291,0,ps,ip-10-100-1-26,1005,security_file_open,4,0,"[{'name': 'pathname', 'type': 'const char*', 'value': '/proc/289/stat'}, {'name': 'flags', 'type': 'int', 'value': 'O_RDONLY|O_LARGEFILE'}, {'name': 'dev', 'type': 'dev_t', 'value': 5}, {'name': 'inode', 'type': 'unsigned long', 'value': 127800}]",0,0
18830.754126,7786,7291,0,ps,ip-10-100-1-26,257,openat,4,9,"[{'name': 'dirfd', 'type': 'int', 'value': -100}, {'name': 'pathname', 'type': 'const char*', 'value': '/proc/289/stat'}, {'name': 'flags', 'type': 'int', 'value': 'O_RDONLY'}, {'name': 'mode', 'type': 'int', 'value': 2207129259}]",0,0
18830.754156,7786,7291,0,ps,ip-10-100-1-26,3,close,1,0,"[{'name': 'fd', 'type': 'int', 'value': 9}]",0,0
18830.754182,7786,7291,0,ps,ip-10-100-1-26,1005,security_file_open,4,0,"[{'name': 'pathname', 'type': 'const char*', 'value': '/proc/289/status'}, {'name': 'flags', 'type': 'int', 'value': 'O_RDONLY|O_LARGEFILE'}, {'name': 'dev', 'type': 'dev_t', 'value': 5}, {'name': 'inode', 'type': 'unsigned long', 'value': 127801}]",0,0
18830.754207,7786,7291,0,ps,ip-10-100-1-26,257,openat,4,9,"[{'name': 'dirfd', 'type': 'int', 'value': -100}, {'name': 'pathname', 'type': 'const char*', 'value': '/proc/289/status'}, {'name': 'flags', 'type': 'int', 'value': 'O_RDONLY'}, {'name': 'mode', 'type': 'int', 'value': 2207129259}]",0,0
18830.754238,7786,7291,0,ps,ip-10-100-1-26,3,close,1,0,"[{'name': 'fd', 'type': 'int', 'value': 9}]",0,0
18830.754263,7786,7291,0,ps,ip-10-100-1-26,1005,security_file_open,4,0,"[{'name': 'pathname', 'type': 'const char*', 'value': '/proc/289/cmdline'}, {'name': 'flags', 'type': 'int', 'value': 'O_RDONLY|O_LARGEFILE'}, {'name': 'dev', 'type': 'dev_t', 'value': 5}, {'name': 'inode', 'type': 'unsigned long', 'value': 127802}]",0,0
18830.754288,7786,7291,0,ps,ip-10-100-1-26,257,openat,4,9,"[{'name': 'dirfd', 'type': 'int', 'value': -100}, {'name': 'pathname', 'type': 'const char*', 'value': '/proc/289/cmdline'}, {'name': 'flags', 'type': 'int', 'value': 'O_RDONLY'}, {'name': 'mode', 'type': 'int', 'value': 2207129259}]",0,0
18830.754312,7786,7291,0,ps,ip-10-100-1-26,3,close,1,0,"[{'name': 'fd', 'type': 'int', 'value': 9}]",0,0
18830.754338,7786,7291,0,ps,ip-10-100-1-26,4,stat,2,0,"[{'name': 'pathname', 'type': 'const char*', 'value': '/proc/290'}, {'name': 'statbuf', 'type': 'struct stat*', 'value': '0x7F96839DD680'}]",0,0
18830.754361,7786,7291,0,ps,ip-10-100-1-26,1005,security_file_open,4,0,"[{'name': 'pathname', 'type': 'const char*', 'value': '/proc/290/stat'}, {'name': 'flags', 'type': 'int', 'value': 'O_RDONLY|O_LARGEFILE'}, {'name': 'dev', 'type': 'dev_t', 'value': 5}, {'name': 'inode', 'type': 'unsigned long', 'value': 127803}]",0,0
18830.754386,7786,7291,0,ps,ip-10-100-1-26,257,openat,4,9,"[{'name': 'dirfd', 'type': 'int', 'value': -100}, {'name': 'pathname', 'type': 'const char*', 'value': '/proc/290/stat'}, {'name': 'flags', 'type': 'int', 'value': 'O_RDONLY'}, {'name': 'mode', 'type': 'int', 'value': 2207129259}]",0,0
18830.754415,7786,7291,0,ps,ip-10-100-1-26,3,close,1,0,"[{'name': 'fd', 'type': 'int', 'value': 9}]",0,0
18830.754442,7786,7291,0,ps,ip-10-100-1-26,1005,security_file_open,4,0,"[{'name': 'pathname', 'type': 'const char*', 'value': '/proc/290/status'}, {'name': 'flags', 'type': 'int', 'value': 'O_RDONLY|O_LARGEFILE'}, {'name': 'dev', 'type': 'dev_t', 'value': 5}, {'name': 'inode', 'type': 'unsigned long', 'value': 127804}]",0,0
18830.754467,7786,7291,0,ps,ip-10-100-1-26,257,openat,4,9,"[{'name': 'dirfd', 'type': 'int', 'value': -100}, {'name': 'pathname', 'type': 'const char*', 'value': '/proc/290/status'}, {'name': 'flags', 'type': 'int', 'value': 'O_RDONLY'}, {'name': 'mode', 'type': 'int', 'value': 2207129259}]",0,0
18830.754497,7786,7291,0,ps,ip-10-100-1-26,3,close,1,0,"[{'name': 'fd', 'type': 'int', 'value': 9}]",0,0
18830.754522,7786,7291,0,ps,ip-10-100-1-26,1005,security_file_open,4,0,"[{'name': 'pathname', 'type': 'const char*', 'value': '/proc/290/cmdline'}, {'name': 'flags', 'type': 'int', 'value': 'O_RDONLY|O_LARGEFILE'}, {'name': 'dev', 'type': 'dev_t', 'value': 5}, {'name': 'inode', 'type': 'unsigned long', 'value': 127805}]",0,0
18830.754546,7786,7291,0,ps,ip-10-100-1-26,257,openat,4,9,"[{'name': 'dirfd', 'type': 'int', 'value': -100}, {'name': 'pathname', 'type': 'const char*', 'value': '/proc/290/cmdline'}, {'name': 'flags', 'type': 'int', 'value': 'O_RDONLY'}, {'name': 'mode', 'type': 'int', 'value': 2207129259}]",0,0
18830.754571,7786,7291,0,ps,ip-10-100-1-26,3,close,1,0,"[{'name': 'fd', 'type': 'int', 'value': 9}]",0,0
18830.754597,7786,7291,0,ps,ip-10-100-1-26,4,stat,2,0,"[{'name': 'pathname', 'type': 'const char*', 'value': '/proc/291'}, {'name': 'statbuf', 'type': 'struct stat*', 'value': '0x7F96839DD680'}]",0,0
18830.75462,7786,7291,0,ps,ip-10-100-1-26,1005,security_file_open,4,0,"[{'name': 'pathname', 'type': 'const char*', 'value': '/proc/291/stat'}, {'name': 'flags', 'type': 'int', 'value': 'O_RDONLY|O_LARGEFILE'}, {'name': 'dev', 'type': 'dev_t', 'value': 5}, {'name': 'inode', 'type': 'unsigned long', 'value': 127806}]",0,0
18830.754645,7786,7291,0,ps,ip-10-100-1-26,257,openat,4,9,"[{'name': 'dirfd', 'type': 'int', 'value': -100}, {'name': 'pathname', 'type': 'const char*', 'value': '/proc/291/stat'}, {'name': 'flags', 'type': 'int', 'value': 'O_RDONLY'}, {'name': 'mode', 'type': 'int', 'value': 2207129259}]",0,0
18830.754673,7786,7291,0,ps,ip-10-100-1-26,3,close,1,0,"[{'name': 'fd', 'type': 'int', 'value': 9}]",0,0
18830.754699,7786,7291,0,ps,ip-10-100-1-26,1005,security_file_open,4,0,"[{'name': 'pathname', 'type': 'const char*', 'value': '/proc/291/status'}, {'name': 'flags', 'type': 'int', 'value': 'O_RDONLY|O_LARGEFILE'}, {'name': 'dev', 'type': 'dev_t', 'value': 5}, {'name': 'inode', 'type': 'unsigned long', 'value': 127807}]",0,0
18830.754728,7786,7291,0,ps,ip-10-100-1-26,257,openat,4,9,"[{'name': 'dirfd', 'type': 'int', 'value': -100}, {'name': 'pathname', 'type': 'const char*', 'value': '/proc/291/status'}, {'name': 'flags', 'type': 'int', 'value': 'O_RDONLY'}, {'name': 'mode', 'type': 'int', 'value': 2207129259}]",0,0
18830.754759,7786,7291,0,ps,ip-10-100-1-26,3,close,1,0,"[{'name': 'fd', 'type': 'int', 'value': 9}]",0,0
18830.754783,7786,7291,0,ps,ip-10-100-1-26,1005,security_file_open,4,0,"[{'name': 'pathname', 'type': 'const char*', 'value': '/proc/291/cmdline'}, {'name': 'flags', 'type': 'int', 'value': 'O_RDONLY|O_LARGEFILE'}, {'name': 'dev', 'type': 'dev_t', 'value': 5}, {'name': 'inode', 'type': 'unsigned long', 'value': 127808}]",0,0
18830.754808,7786,7291,0,ps,ip-10-100-1-26,257,openat,4,9,"[{'name': 'dirfd', 'type': 'int', 'value': -100}, {'name': 'pathname', 'type': 'const char*', 'value': '/proc/291/cmdline'}, {'name': 'flags', 'type': 'int', 'value': 'O_RDONLY'}, {'name': 'mode', 'type': 'int', 'value': 2207129259}]",0,0
18830.754833,7786,7291,0,ps,ip-10-100-1-26,3,close,1,0,"[{'name': 'fd', 'type': 'int', 'value': 9}]",0,0
18830.754859,7786,7291,0,ps,ip-10-100-1-26,4,stat,2,0,"[{'name': 'pathname', 'type': 'const char*', 'value': '/proc/309'}, {'name': 'statbuf', 'type': 'struct stat*', 'value': '0x7F96839DD680'}]",0,0
18830.754882,7786,7291,0,ps,ip-10-100-1-26,1005,security_file_open,4,0,"[{'name': 'pathname', 'type': 'const char*', 'value': '/proc/309/stat'}, {'name': 'flags', 'type': 'int', 'value': 'O_RDONLY|O_LARGEFILE'}, {'name': 'dev', 'type': 'dev_t', 'value': 5}, {'name': 'inode', 'type': 'unsigned long', 'value': 127809}]",0,0
18830.754907,7786,7291,0,ps,ip-10-100-1-26,257,openat,4,9,"[{'name': 'dirfd', 'type': 'int', 'value': -100}, {'name': 'pathname', 'type': 'const char*', 'value': '/proc/309/stat'}, {'name': 'flags', 'type': 'int', 'value': 'O_RDONLY'}, {'name': 'mode', 'type': 'int', 'value': 2207129259}]",0,0
18830.754943,7786,7291,0,ps,ip-10-100-1-26,3,close,1,0,"[{'name': 'fd', 'type': 'int', 'value': 9}]",0,0
18830.754972,7786,7291,0,ps,ip-10-100-1-26,1005,security_file_open,4,0,"[{'name': 'pathname', 'type': 'const char*', 'value': '/proc/309/status'}, {'name': 'flags', 'type': 'int', 'value': 'O_RDONLY|O_LARGEFILE'}, {'name': 'dev', 'type': 'dev_t', 'value': 5}, {'name': 'inode', 'type': 'unsigned long', 'value': 127810}]",0,0
18830.754997,7786,7291,0,ps,ip-10-100-1-26,257,openat,4,9,"[{'name': 'dirfd', 'type': 'int', 'value': -100}, {'name': 'pathname', 'type': 'const char*', 'value': '/proc/309/status'}, {'name': 'flags', 'type': 'int', 'value': 'O_RDONLY'}, {'name': 'mode', 'type': 'int', 'value': 2207129259}]",0,0
18830.75503,7786,7291,0,ps,ip-10-100-1-26,3,close,1,0,"[{'name': 'fd', 'type': 'int', 'value': 9}]",0,0
18830.755057,7786,7291,0,ps,ip-10-100-1-26,1005,security_file_open,4,0,"[{'name': 'pathname', 'type': 'const char*', 'value': '/proc/309/cmdline'}, {'name': 'flags', 'type': 'int', 'value': 'O_RDONLY|O_LARGEFILE'}, {'name': 'dev', 'type': 'dev_t', 'value': 5}, {'name': 'inode', 'type': 'unsigned long', 'value': 127811}]",0,0
18830.755082,7786,7291,0,ps,ip-10-100-1-26,257,openat,4,9,"[{'name': 'dirfd', 'type': 'int', 'value': -100}, {'name': 'pathname', 'type': 'const char*', 'value': '/proc/309/cmdline'}, {'name': 'flags', 'type': 'int', 'value': 'O_RDONLY'}, {'name': 'mode', 'type': 'int', 'value': 2207129259}]",0,0
18830.755115,7786,7291,0,ps,ip-10-100-1-26,3,close,1,0,"[{'name': 'fd', 'type': 'int', 'value': 9}]",0,0
18830.755143,7786,7291,0,ps,ip-10-100-1-26,4,stat,2,0,"[{'name': 'pathname', 'type': 'const char*', 'value': '/proc/383'}, {'name': 'statbuf', 'type': 'struct stat*', 'value': '0x7F96839DD680'}]",0,0
18830.755167,7786,7291,0,ps,ip-10-100-1-26,1005,security_file_open,4,0,"[{'name': 'pathname', 'type': 'const char*', 'value': '/proc/383/stat'}, {'name': 'flags', 'type': 'int', 'value': 'O_RDONLY|O_LARGEFILE'}, {'name': 'dev', 'type': 'dev_t', 'value': 5}, {'name': 'inode', 'type': 'unsigned long', 'value': 127812}]",0,0
18830.755192,7786,7291,0,ps,ip-10-100-1-26,257,openat,4,9,"[{'name': 'dirfd', 'type': 'int', 'value': -100}, {'name': 'pathname', 'type': 'const char*', 'value': '/proc/383/stat'}, {'name': 'flags', 'type': 'int', 'value': 'O_RDONLY'}, {'name': 'mode', 'type': 'int', 'value': 2207129259}]",0,0
18830.755227,7786,7291,0,ps,ip-10-100-1-26,3,close,1,0,"[{'name': 'fd', 'type': 'int', 'value': 9}]",0,0
18830.755255,7786,7291,0,ps,ip-10-100-1-26,1005,security_file_open,4,0,"[{'name': 'pathname', 'type': 'const char*', 'value': '/proc/383/status'}, {'name': 'flags', 'type': 'int', 'value': 'O_RDONLY|O_LARGEFILE'}, {'name': 'dev', 'type': 'dev_t', 'value': 5}, {'name': 'inode', 'type': 'unsigned long', 'value': 127813}]",0,0
18830.75528,7786,7291,0,ps,ip-10-100-1-26,257,openat,4,9,"[{'name': 'dirfd', 'type': 'int', 'value': -100}, {'name': 'pathname', 'type': 'const char*', 'value': '/proc/383/status'}, {'name': 'flags', 'type': 'int', 'value': 'O_RDONLY'}, {'name': 'mode', 'type': 'int', 'value': 2207129259}]",0,0
18830.755313,7786,7291,0,ps,ip-10-100-1-26,3,close,1,0,"[{'name': 'fd', 'type': 'int', 'value': 9}]",0,0
18830.75534,7786,7291,0,ps,ip-10-100-1-26,1005,security_file_open,4,0,"[{'name': 'pathname', 'type': 'const char*', 'value': '/proc/383/cmdline'}, {'name': 'flags', 'type': 'int', 'value': 'O_RDONLY|O_LARGEFILE'}, {'name': 'dev', 'type': 'dev_t', 'value': 5}, {'name': 'inode', 'type': 'unsigned long', 'value': 127814}]",0,0
18830.755365,7786,7291,0,ps,ip-10-100-1-26,257,openat,4,9,"[{'name': 'dirfd', 'type': 'int', 'value': -100}, {'name': 'pathname', 'type': 'const char*', 'value': '/proc/383/cmdline'}, {'name': 'flags', 'type': 'int', 'value': 'O_RDONLY'}, {'name': 'mode', 'type': 'int', 'value': 2207129259}]",0,0
18830.755398,7786,7291,0,ps,ip-10-100-1-26,3,close,1,0,"[{'name': 'fd', 'type': 'int', 'value': 9}]",0,0
18830.755425,7786,7291,0,ps,ip-10-100-1-26,4,stat,2,0,"[{'name': 'pathname', 'type': 'const char*', 'value': '/proc/387'}, {'name': 'statbuf', 'type': 'struct stat*', 'value': '0x7F96839DD680'}]",0,0
18830.755449,7786,7291,0,ps,ip-10-100-1-26,1005,security_file_open,4,0,"[{'name': 'pathname', 'type': 'const char*', 'value': '/proc/387/stat'}, {'name': 'flags', 'type': 'int', 'value': 'O_RDONLY|O_LARGEFILE'}, {'name': 'dev', 'type': 'dev_t', 'value': 5}, {'name': 'inode', 'type': 'unsigned long', 'value': 127815}]",0,0
18830.755474,7786,7291,0,ps,ip-10-100-1-26,257,openat,4,9,"[{'name': 'dirfd', 'type': 'int', 'value': -100}, {'name': 'pathname', 'type': 'const char*', 'value': '/proc/387/stat'}, {'name': 'flags', 'type': 'int', 'value': 'O_RDONLY'}, {'name': 'mode', 'type': 'int', 'value': 2207129259}]",0,0
18830.755508,7786,7291,0,ps,ip-10-100-1-26,3,close,1,0,"[{'name': 'fd', 'type': 'int', 'value': 9}]",0,0
18830.755536,7786,7291,0,ps,ip-10-100-1-26,1005,security_file_open,4,0,"[{'name': 'pathname', 'type': 'const char*', 'value': '/proc/387/status'}, {'name': 'flags', 'type': 'int', 'value': 'O_RDONLY|O_LARGEFILE'}, {'name': 'dev', 'type': 'dev_t', 'value': 5}, {'name': 'inode', 'type': 'unsigned long', 'value': 127816}]",0,0
18830.755561,7786,7291,0,ps,ip-10-100-1-26,257,openat,4,9,"[{'name': 'dirfd', 'type': 'int', 'value': -100}, {'name': 'pathname', 'type': 'const char*', 'value': '/proc/387/status'}, {'name': 'flags', 'type': 'int', 'value': 'O_RDONLY'}, {'name': 'mode', 'type': 'int', 'value': 2207129259}]",0,0
18830.755594,7786,7291,0,ps,ip-10-100-1-26,3,close,1,0,"[{'name': 'fd', 'type': 'int', 'value': 9}]",0,0
18830.75562,7786,7291,0,ps,ip-10-100-1-26,1005,security_file_open,4,0,"[{'name': 'pathname', 'type': 'const char*', 'value': '/proc/387/cmdline'}, {'name': 'flags', 'type': 'int', 'value': 'O_RDONLY|O_LARGEFILE'}, {'name': 'dev', 'type': 'dev_t', 'value': 5}, {'name': 'inode', 'type': 'unsigned long', 'value': 127817}]",0,0
18830.755645,7786,7291,0,ps,ip-10-100-1-26,257,openat,4,9,"[{'name': 'dirfd', 'type': 'int', 'value': -100}, {'name': 'pathname', 'type': 'const char*', 'value': '/proc/387/cmdline'}, {'name': 'flags', 'type': 'int', 'value': 'O_RDONLY'}, {'name': 'mode', 'type': 'int', 'value': 2207129259}]",0,0
18830.755677,7786,7291,0,ps,ip-10-100-1-26,3,close,1,0,"[{'name': 'fd', 'type': 'int', 'value': 9}]",0,0
18830.755712,7786,7291,0,ps,ip-10-100-1-26,4,stat,2,0,"[{'name': 'pathname', 'type': 'const char*', 'value': '/proc/480'}, {'name': 'statbuf', 'type': 'struct stat*', 'value': '0x7F96839DD680'}]",0,0
18830.755736,7786,7291,0,ps,ip-10-100-1-26,1005,security_file_open,4,0,"[{'name': 'pathname', 'type': 'const char*', 'value': '/proc/480/stat'}, {'name': 'flags', 'type': 'int', 'value': 'O_RDONLY|O_LARGEFILE'}, {'name': 'dev', 'type': 'dev_t', 'value': 5}, {'name': 'inode', 'type': 'unsigned long', 'value': 127818}]",0,0
18830.755761,7786,7291,0,ps,ip-10-100-1-26,257,openat,4,9,"[{'name': 'dirfd', 'type': 'int', 'value': -100}, {'name': 'pathname', 'type': 'const char*', 'value': '/proc/480/stat'}, {'name': 'flags', 'type': 'int', 'value': 'O_RDONLY'}, {'name': 'mode', 'type': 'int', 'value': 2207129259}]",0,0
18830.755796,7786,7291,0,ps,ip-10-100-1-26,3,close,1,0,"[{'name': 'fd', 'type': 'int', 'value': 9}]",0,0
18830.755824,7786,7291,0,ps,ip-10-100-1-26,1005,security_file_open,4,0,"[{'name': 'pathname', 'type': 'const char*', 'value': '/proc/480/status'}, {'name': 'flags', 'type': 'int', 'value': 'O_RDONLY|O_LARGEFILE'}, {'name': 'dev', 'type': 'dev_t', 'value': 5}, {'name': 'inode', 'type': 'unsigned long', 'value': 127819}]",0,0
18830.755849,7786,7291,0,ps,ip-10-100-1-26,257,openat,4,9,"[{'name': 'dirfd', 'type': 'int', 'value': -100}, {'name': 'pathname', 'type': 'const char*', 'value': '/proc/480/status'}, {'name': 'flags', 'type': 'int', 'value': 'O_RDONLY'}, {'name': 'mode', 'type': 'int', 'value': 2207129259}]",0,0
18830.755883,7786,7291,0,ps,ip-10-100-1-26,3,close,1,0,"[{'name': 'fd', 'type': 'int', 'value': 9}]",0,0
18830.755909,7786,7291,0,ps,ip-10-100-1-26,1005,security_file_open,4,0,"[{'name': 'pathname', 'type': 'const char*', 'value': '/proc/480/cmdline'}, {'name': 'flags', 'type': 'int', 'value': 'O_RDONLY|O_LARGEFILE'}, {'name': 'dev', 'type': 'dev_t', 'value': 5}, {'name': 'inode', 'type': 'unsigned long', 'value': 127820}]",0,0
18830.755935,7786,7291,0,ps,ip-10-100-1-26,257,openat,4,9,"[{'name': 'dirfd', 'type': 'int', 'value': -100}, {'name': 'pathname', 'type': 'const char*', 'value': '/proc/480/cmdline'}, {'name': 'flags', 'type': 'int', 'value': 'O_RDONLY'}, {'name': 'mode', 'type': 'int', 'value': 2207129259}]",0,0
18830.755967,7786,7291,0,ps,ip-10-100-1-26,3,close,1,0,"[{'name': 'fd', 'type': 'int', 'value': 9}]",0,0
18830.755995,7786,7291,0,ps,ip-10-100-1-26,4,stat,2,0,"[{'name': 'pathname', 'type': 'const char*', 'value': '/proc/481'}, {'name': 'statbuf', 'type': 'struct stat*', 'value': '0x7F96839DD680'}]",0,0
18830.756018,7786,7291,0,ps,ip-10-100-1-26,1005,security_file_open,4,0,"[{'name': 'pathname', 'type': 'const char*', 'value': '/proc/481/stat'}, {'name': 'flags', 'type': 'int', 'value': 'O_RDONLY|O_LARGEFILE'}, {'name': 'dev', 'type': 'dev_t', 'value': 5}, {'name': 'inode', 'type': 'unsigned long', 'value': 127821}]",0,0
18830.756043,7786,7291,0,ps,ip-10-100-1-26,257,openat,4,9,"[{'name': 'dirfd', 'type': 'int', 'value': -100}, {'name': 'pathname', 'type': 'const char*', 'value': '/proc/481/stat'}, {'name': 'flags', 'type': 'int', 'value': 'O_RDONLY'}, {'name': 'mode', 'type': 'int', 'value': 2207129259}]",0,0
18830.756073,7786,7291,0,ps,ip-10-100-1-26,3,close,1,0,"[{'name': 'fd', 'type': 'int', 'value': 9}]",0,0
18830.756103,7786,7291,0,ps,ip-10-100-1-26,1005,security_file_open,4,0,"[{'name': 'pathname', 'type': 'const char*', 'value': '/proc/481/status'}, {'name': 'flags', 'type': 'int', 'value': 'O_RDONLY|O_LARGEFILE'}, {'name': 'dev', 'type': 'dev_t', 'value': 5}, {'name': 'inode', 'type': 'unsigned long', 'value': 127822}]",0,0
18830.756129,7786,7291,0,ps,ip-10-100-1-26,257,openat,4,9,"[{'name': 'dirfd', 'type': 'int', 'value': -100}, {'name': 'pathname', 'type': 'const char*', 'value': '/proc/481/status'}, {'name': 'flags', 'type': 'int', 'value': 'O_RDONLY'}, {'name': 'mode', 'type': 'int', 'value': 2207129259}]",0,0
18830.756162,7786,7291,0,ps,ip-10-100-1-26,3,close,1,0,"[{'name': 'fd', 'type': 'int', 'value': 9}]",0,0
18830.756191,7786,7291,0,ps,ip-10-100-1-26,1005,security_file_open,4,0,"[{'name': 'pathname', 'type': 'const char*', 'value': '/proc/481/cmdline'}, {'name': 'flags', 'type': 'int', 'value': 'O_RDONLY|O_LARGEFILE'}, {'name': 'dev', 'type': 'dev_t', 'value': 5}, {'name': 'inode', 'type': 'unsigned long', 'value': 127823}]",0,0
18830.756217,7786,7291,0,ps,ip-10-100-1-26,257,openat,4,9,"[{'name': 'dirfd', 'type': 'int', 'value': -100}, {'name': 'pathname', 'type': 'const char*', 'value': '/proc/481/cmdline'}, {'name': 'flags', 'type': 'int', 'value': 'O_RDONLY'}, {'name': 'mode', 'type': 'int', 'value': 2207129259}]",0,0
18830.756249,7786,7291,0,ps,ip-10-100-1-26,3,close,1,0,"[{'name': 'fd', 'type': 'int', 'value': 9}]",0,0
18830.756276,7786,7291,0,ps,ip-10-100-1-26,4,stat,2,0,"[{'name': 'pathname', 'type': 'const char*', 'value': '/proc/488'}, {'name': 'statbuf', 'type': 'struct stat*', 'value': '0x7F96839DD680'}]",0,0
18830.7563,7786,7291,0,ps,ip-10-100-1-26,1005,security_file_open,4,0,"[{'name': 'pathname', 'type': 'const char*', 'value': '/proc/488/stat'}, {'name': 'flags', 'type': 'int', 'value': 'O_RDONLY|O_LARGEFILE'}, {'name': 'dev', 'type': 'dev_t', 'value': 5}, {'name': 'inode', 'type': 'unsigned long', 'value': 127824}]",0,0
18830.769585,7049,1,0,sshd,ip-10-100-1-26,43,accept,3,5,"[{'name': 'sockfd', 'type': 'int', 'value': 3}, {'name': 'addr', 'type': 'const void*', 'value': ""{'sa_family': 'AF_INET','sin_port': '18858','sin_addr': '81.161.63.100'}""}, {'name': 'addrlen', 'type': 'int*', 'value': '0x7FFD7E2E3328'}]",0,0
18830.770143,7049,1,0,sshd,ip-10-100-1-26,56,clone,5,7787,"[{'name': 'flags', 'type': 'unsigned int', 'value': 'CLONE_CHILD_CLEARTID|CLONE_CHILD_SETTID'}, {'name': 'stack', 'type': 'void*', 'value': '0x0'}, {'name': 'parent_tid', 'type': 'int*', 'value': '0x0'}, {'name': 'child_tid', 'type': 'int*', 'value': '0x7F0E18CDE0BF'}, {'name': 'tls', 'type': 'unsigned long', 'value': 0}]",0,0
18830.770182,7049,1,0,sshd,ip-10-100-1-26,3,close,1,0,"[{'name': 'fd', 'type': 'int', 'value': 7}]",0,0
18830.770303,7049,1,0,sshd,ip-10-100-1-26,3,close,1,0,"[{'name': 'fd', 'type': 'int', 'value': 8}]",0,0
18830.770324,7049,1,0,sshd,ip-10-100-1-26,3,close,1,0,"[{'name': 'fd', 'type': 'int', 'value': 9}]",0,0
18830.770344,7049,1,0,sshd,ip-10-100-1-26,3,close,1,0,"[{'name': 'fd', 'type': 'int', 'value': 5}]",0,0
18830.770616,7787,7049,0,sshd,ip-10-100-1-26,1005,security_file_open,4,0,"[{'name': 'pathname', 'type': 'const char*', 'value': '/proc/7787/oom_score_adj'}, {'name': 'flags', 'type': 'int', 'value': 'O_WRONLY|O_CREAT|O_TRUNC|O_LARGEFILE'}, {'name': 'dev', 'type': 'dev_t', 'value': 5}, {'name': 'inode', 'type': 'unsigned long', 'value': 127951}]",0,0
18830.77065,7787,7049,0,sshd,ip-10-100-1-26,257,openat,4,10,"[{'name': 'dirfd', 'type': 'int', 'value': -100}, {'name': 'pathname', 'type': 'const char*', 'value': '/proc/self/oom_score_adj'}, {'name': 'flags', 'type': 'int', 'value': 'O_WRONLY|O_CREAT|O_TRUNC'}, {'name': 'mode', 'type': 'int', 'value': 416321195}]",0,0
18830.770686,7787,7049,0,sshd,ip-10-100-1-26,5,fstat,2,0,"[{'name': 'fd', 'type': 'int', 'value': 10}, {'name': 'statbuf', 'type': 'struct stat*', 'value': '0x7FFD7E2E2B00'}]",0,0
18830.77076,7787,7049,0,sshd,ip-10-100-1-26,3,close,1,0,"[{'name': 'fd', 'type': 'int', 'value': 10}]",0,0
18830.770788,7787,7049,0,sshd,ip-10-100-1-26,3,close,1,0,"[{'name': 'fd', 'type': 'int', 'value': 6}]",0,0
18830.77081,7787,7049,0,sshd,ip-10-100-1-26,3,close,1,0,"[{'name': 'fd', 'type': 'int', 'value': 3}]",0,0
18830.770831,7787,7049,0,sshd,ip-10-100-1-26,3,close,1,0,"[{'name': 'fd', 'type': 'int', 'value': 4}]",0,0
18830.770864,7787,7049,0,sshd,ip-10-100-1-26,3,close,1,0,"[{'name': 'fd', 'type': 'int', 'value': 8}]",0,0
18830.77238,7787,7049,0,sshd,ip-10-100-1-26,33,dup2,2,0,"[{'name': 'oldfd', 'type': 'int', 'value': 5}, {'name': 'newfd', 'type': 'int', 'value': 0}]",0,0
18830.772408,7787,7049,0,sshd,ip-10-100-1-26,33,dup2,2,1,"[{'name': 'oldfd', 'type': 'int', 'value': 0}, {'name': 'newfd', 'type': 'int', 'value': 1}]",0,0
18830.772429,7787,7049,0,sshd,ip-10-100-1-26,33,dup2,2,4,"[{'name': 'oldfd', 'type': 'int', 'value': 7}, {'name': 'newfd', 'type': 'int', 'value': 4}]",0,0
18830.772449,7787,7049,0,sshd,ip-10-100-1-26,3,close,1,0,"[{'name': 'fd', 'type': 'int', 'value': 7}]",0,0
18830.77247,7787,7049,0,sshd,ip-10-100-1-26,33,dup2,2,5,"[{'name': 'oldfd', 'type': 'int', 'value': 9}, {'name': 'newfd', 'type': 'int', 'value': 5}]",0,0
18830.77249,7787,7049,0,sshd,ip-10-100-1-26,3,close,1,0,"[{'name': 'fd', 'type': 'int', 'value': 9}]",0,0
18830.77251,7787,7049,0,sshd,ip-10-100-1-26,59,execve,2,0,"[{'name': 'pathname', 'type': 'const char*', 'value': '/usr/sbin/sshd'}, {'name': 'argv', 'type': 'const char*const*', 'value': ['/usr/sbin/sshd', '-D', '-o', 'AuthorizedKeysCommand /usr/share/ec2-instance-connect/eic_run_authorized_keys %u %f', '-o', 'AuthorizedKeysCommandUser ec2-instance-connect', '-R']}]",0,0
18830.772575,7787,7049,0,sshd,ip-10-100-1-26,1004,security_bprm_check,3,0,"[{'name': 'pathname', 'type': 'const char*', 'value': '/usr/sbin/sshd'}, {'name': 'dev', 'type': 'dev_t', 'value': 211812353}, {'name': 'inode', 'type': 'unsigned long', 'value': 2803}]",0,0
18830.772852,7787,7049,0,sshd,ip-10-100-1-26,21,access,2,-2,"[{'name': 'pathname', 'type': 'const char*', 'value': '/etc/ld.so.preload'}, {'name': 'mode', 'type': 'int', 'value': 'R_OK'}]",0,0
18830.772883,7787,7049,0,sshd,ip-10-100-1-26,1005,security_file_open,4,0,"[{'name': 'pathname', 'type': 'const char*', 'value': '/etc/ld.so.cache'}, {'name': 'flags', 'type': 'int', 'value': 'O_RDONLY|O_LARGEFILE'}, {'name': 'dev', 'type': 'dev_t', 'value': 211812353}, {'name': 'inode', 'type': 'unsigned long', 'value': 62957}]",0,0
18830.772911,7787,7049,0,sshd,ip-10-100-1-26,257,openat,4,3,"[{'name': 'dirfd', 'type': 'int', 'value': -100}, {'name': 'pathname', 'type': 'const char*', 'value': '/etc/ld.so.cache'}, {'name': 'flags', 'type': 'int', 'value': 'O_RDONLY|O_CLOEXEC'}, {'name': 'mode', 'type': 'int', 'value': 1492016984}]",0,0
18830.772933,7787,7049,0,sshd,ip-10-100-1-26,5,fstat,2,0,"[{'name': 'fd', 'type': 'int', 'value': 3}, {'name': 'statbuf', 'type': 'struct stat*', 'value': '0x7FFF752565A0'}]",0,0
18830.772965,7787,7049,0,sshd,ip-10-100-1-26,3,close,1,0,"[{'name': 'fd', 'type': 'int', 'value': 3}]",0,0
18830.772994,7787,7049,0,sshd,ip-10-100-1-26,1005,security_file_open,4,0,"[{'name': 'pathname', 'type': 'const char*', 'value': '/usr/lib/x86_64-linux-gnu/libwrap.so.0.7.6'}, {'name': 'flags', 'type': 'int', 'value': 'O_RDONLY|O_LARGEFILE'}, {'name': 'dev', 'type': 'dev_t', 'value': 211812353}, {'name': 'inode', 'type': 'unsigned long', 'value': 5595}]",0,0
18830.773021,7787,7049,0,sshd,ip-10-100-1-26,257,openat,4,3,"[{'name': 'dirfd', 'type': 'int', 'value': -100}, {'name': 'pathname', 'type': 'const char*', 'value': '/lib/x86_64-linux-gnu/libwrap.so.0'}, {'name': 'flags', 'type': 'int', 'value': 'O_RDONLY|O_CLOEXEC'}, {'name': 'mode', 'type': 'int', 'value': 1492016984}]",0,0
18830.773048,7787,7049,0,sshd,ip-10-100-1-26,5,fstat,2,0,"[{'name': 'fd', 'type': 'int', 'value': 3}, {'name': 'statbuf', 'type': 'struct stat*', 'value': '0x7FFF752565F0'}]",0,0
18830.773138,7787,7049,0,sshd,ip-10-100-1-26,3,close,1,0,"[{'name': 'fd', 'type': 'int', 'value': 3}]",0,0
18830.773168,7787,7049,0,sshd,ip-10-100-1-26,1005,security_file_open,4,0,"[{'name': 'pathname', 'type': 'const char*', 'value': '/usr/lib/x86_64-linux-gnu/libaudit.so.1.0.0'}, {'name': 'flags', 'type': 'int', 'value': 'O_RDONLY|O_LARGEFILE'}, {'name': 'dev', 'type': 'dev_t', 'value': 211812353}, {'name': 'inode', 'type': 'unsigned long', 'value': 3428}]",0,0
18830.773195,7787,7049,0,sshd,ip-10-100-1-26,257,openat,4,3,"[{'name': 'dirfd', 'type': 'int', 'value': -100}, {'name': 'pathname', 'type': 'const char*', 'value': '/lib/x86_64-linux-gnu/libaudit.so.1'}, {'name': 'flags', 'type': 'int', 'value': 'O_RDONLY|O_CLOEXEC'}, {'name': 'mode', 'type': 'int', 'value': 1492016984}]",0,0
18830.773222,7787,7049,0,sshd,ip-10-100-1-26,5,fstat,2,0,"[{'name': 'fd', 'type': 'int', 'value': 3}, {'name': 'statbuf', 'type': 'struct stat*', 'value': '0x7FFF752565D0'}]",0,0
18830.77332,7787,7049,0,sshd,ip-10-100-1-26,3,close,1,0,"[{'name': 'fd', 'type': 'int', 'value': 3}]",0,0
18830.773349,7787,7049,0,sshd,ip-10-100-1-26,1005,security_file_open,4,0,"[{'name': 'pathname', 'type': 'const char*', 'value': '/usr/lib/x86_64-linux-gnu/libpam.so.0.84.2'}, {'name': 'flags', 'type': 'int', 'value': 'O_RDONLY|O_LARGEFILE'}, {'name': 'dev', 'type': 'dev_t', 'value': 211812353}, {'name': 'inode', 'type': 'unsigned long', 'value': 4482}]",0,0
18830.773376,7787,7049,0,sshd,ip-10-100-1-26,257,openat,4,3,"[{'name': 'dirfd', 'type': 'int', 'value': -100}, {'name': 'pathname', 'type': 'const char*', 'value': '/lib/x86_64-linux-gnu/libpam.so.0'}, {'name': 'flags', 'type': 'int', 'value': 'O_RDONLY|O_CLOEXEC'}, {'name': 'mode', 'type': 'int', 'value': 1492016984}]",0,0
18830.773403,7787,7049,0,sshd,ip-10-100-1-26,5,fstat,2,0,"[{'name': 'fd', 'type': 'int', 'value': 3}, {'name': 'statbuf', 'type': 'struct stat*', 'value': '0x7FFF752565B0'}]",0,0
18830.773475,7787,7049,0,sshd,ip-10-100-1-26,3,close,1,0,"[{'name': 'fd', 'type': 'int', 'value': 3}]",0,0
18830.773502,7787,7049,0,sshd,ip-10-100-1-26,1005,security_file_open,4,0,"[{'name': 'pathname', 'type': 'const char*', 'value': '/usr/lib/x86_64-linux-gnu/libselinux.so.1'}, {'name': 'flags', 'type': 'int', 'value': 'O_RDONLY|O_LARGEFILE'}, {'name': 'dev', 'type': 'dev_t', 'value': 211812353}, {'name': 'inode', 'type': 'unsigned long', 'value': 3771}]",0,0
18830.773529,7787,7049,0,sshd,ip-10-100-1-26,257,openat,4,3,"[{'name': 'dirfd', 'type': 'int', 'value': -100}, {'name': 'pathname', 'type': 'const char*', 'value': '/lib/x86_64-linux-gnu/libselinux.so.1'}, {'name': 'flags', 'type': 'int', 'value': 'O_RDONLY|O_CLOEXEC'}, {'name': 'mode', 'type': 'int', 'value': 1492016984}]",0,0
18830.773556,7787,7049,0,sshd,ip-10-100-1-26,5,fstat,2,0,"[{'name': 'fd', 'type': 'int', 'value': 3}, {'name': 'statbuf', 'type': 'struct stat*', 'value': '0x7FFF75256590'}]",0,0
18830.773652,7787,7049,0,sshd,ip-10-100-1-26,3,close,1,0,"[{'name': 'fd', 'type': 'int', 'value': 3}]",0,0
18830.773681,7787,7049,0,sshd,ip-10-100-1-26,1005,security_file_open,4,0,"[{'name': 'pathname', 'type': 'const char*', 'value': '/usr/lib/x86_64-linux-gnu/libsystemd.so.0.28.0'}, {'name': 'flags', 'type': 'int', 'value': 'O_RDONLY|O_LARGEFILE'}, {'name': 'dev', 'type': 'dev_t', 'value': 211812353}, {'name': 'inode', 'type': 'unsigned long', 'value': 4508}]",0,0
18830.773708,7787,7049,0,sshd,ip-10-100-1-26,257,openat,4,3,"[{'name': 'dirfd', 'type': 'int', 'value': -100}, {'name': 'pathname', 'type': 'const char*', 'value': '/lib/x86_64-linux-gnu/libsystemd.so.0'}, {'name': 'flags', 'type': 'int', 'value': 'O_RDONLY|O_CLOEXEC'}, {'name': 'mode', 'type': 'int', 'value': 1492016984}]",0,0
18830.773735,7787,7049,0,sshd,ip-10-100-1-26,5,fstat,2,0,"[{'name': 'fd', 'type': 'int', 'value': 3}, {'name': 'statbuf', 'type': 'struct stat*', 'value': '0x7FFF75256570'}]",0,0
18830.773822,7787,7049,0,sshd,ip-10-100-1-26,3,close,1,0,"[{'name': 'fd', 'type': 'int', 'value': 3}]",0,0
18830.773852,7787,7049,0,sshd,ip-10-100-1-26,1005,security_file_open,4,0,"[{'name': 'pathname', 'type': 'const char*', 'value': '/usr/lib/x86_64-linux-gnu/libcrypto.so.1.1'}, {'name': 'flags', 'type': 'int', 'value': 'O_RDONLY|O_LARGEFILE'}, {'name': 'dev', 'type': 'dev_t', 'value': 211812353}, {'name': 'inode', 'type': 'unsigned long', 'value': 4492}]",0,0
18830.773879,7787,7049,0,sshd,ip-10-100-1-26,257,openat,4,3,"[{'name': 'dirfd', 'type': 'int', 'value': -100}, {'name': 'pathname', 'type': 'const char*', 'value': '/lib/x86_64-linux-gnu/libcrypto.so.1.1'}, {'name': 'flags', 'type': 'int', 'value': 'O_RDONLY|O_CLOEXEC'}, {'name': 'mode', 'type': 'int', 'value': 1492016984}]",0,0
18830.773906,7787,7049,0,sshd,ip-10-100-1-26,5,fstat,2,0,"[{'name': 'fd', 'type': 'int', 'value': 3}, {'name': 'statbuf', 'type': 'struct stat*', 'value': '0x7FFF75256550'}]",0,0
18830.773992,7787,7049,0,sshd,ip-10-100-1-26,3,close,1,0,"[{'name': 'fd', 'type': 'int', 'value': 3}]",0,0
18830.774029,7787,7049,0,sshd,ip-10-100-1-26,1005,security_file_open,4,0,"[{'name': 'pathname', 'type': 'const char*', 'value': '/usr/lib/x86_64-linux-gnu/libutil-2.31.so'}, {'name': 'flags', 'type': 'int', 'value': 'O_RDONLY|O_LARGEFILE'}, {'name': 'dev', 'type': 'dev_t', 'value': 211812353}, {'name': 'inode', 'type': 'unsigned long', 'value': 4649}]",0,0
18830.774056,7787,7049,0,sshd,ip-10-100-1-26,257,openat,4,3,"[{'name': 'dirfd', 'type': 'int', 'value': -100}, {'name': 'pathname', 'type': 'const char*', 'value': '/lib/x86_64-linux-gnu/libutil.so.1'}, {'name': 'flags', 'type': 'int', 'value': 'O_RDONLY|O_CLOEXEC'}, {'name': 'mode', 'type': 'int', 'value': 1492016984}]",0,0
18830.774083,7787,7049,0,sshd,ip-10-100-1-26,5,fstat,2,0,"[{'name': 'fd', 'type': 'int', 'value': 3}, {'name': 'statbuf', 'type': 'struct stat*', 'value': '0x7FFF75256530'}]",0,0
18830.774168,7787,7049,0,sshd,ip-10-100-1-26,3,close,1,0,"[{'name': 'fd', 'type': 'int', 'value': 3}]",0,0
18830.774196,7787,7049,0,sshd,ip-10-100-1-26,1005,security_file_open,4,0,"[{'name': 'pathname', 'type': 'const char*', 'value': '/usr/lib/x86_64-linux-gnu/libz.so.1.2.11'}, {'name': 'flags', 'type': 'int', 'value': 'O_RDONLY|O_LARGEFILE'}, {'name': 'dev', 'type': 'dev_t', 'value': 211812353}, {'name': 'inode', 'type': 'unsigned long', 'value': 4507}]",0,0
18830.774223,7787,7049,0,sshd,ip-10-100-1-26,257,openat,4,3,"[{'name': 'dirfd', 'type': 'int', 'value': -100}, {'name': 'pathname', 'type': 'const char*', 'value': '/lib/x86_64-linux-gnu/libz.so.1'}, {'name': 'flags', 'type': 'int', 'value': 'O_RDONLY|O_CLOEXEC'}, {'name': 'mode', 'type': 'int', 'value': 1492016984}]",0,0
18830.77425,7787,7049,0,sshd,ip-10-100-1-26,5,fstat,2,0,"[{'name': 'fd', 'type': 'int', 'value': 3}, {'name': 'statbuf', 'type': 'struct stat*', 'value': '0x7FFF75256510'}]",0,0
18830.77433,7787,7049,0,sshd,ip-10-100-1-26,3,close,1,0,"[{'name': 'fd', 'type': 'int', 'value': 3}]",0,0
18830.774359,7787,7049,0,sshd,ip-10-100-1-26,1005,security_file_open,4,0,"[{'name': 'pathname', 'type': 'const char*', 'value': '/usr/lib/x86_64-linux-gnu/libcrypt.so.1.1.0'}, {'name': 'flags', 'type': 'int', 'value': 'O_RDONLY|O_LARGEFILE'}, {'name': 'dev', 'type': 'dev_t', 'value': 211812353}, {'name': 'inode', 'type': 'unsigned long', 'value': 3410}]",0,0
18830.774385,7787,7049,0,sshd,ip-10-100-1-26,257,openat,4,3,"[{'name': 'dirfd', 'type': 'int', 'value': -100}, {'name': 'pathname', 'type': 'const char*', 'value': '/lib/x86_64-linux-gnu/libcrypt.so.1'}, {'name': 'flags', 'type': 'int', 'value': 'O_RDONLY|O_CLOEXEC'}, {'name': 'mode', 'type': 'int', 'value': 1492016984}]",0,0
18830.774412,7787,7049,0,sshd,ip-10-100-1-26,5,fstat,2,0,"[{'name': 'fd', 'type': 'int', 'value': 3}, {'name': 'statbuf', 'type': 'struct stat*', 'value': '0x7FFF752564F0'}]",0,0
18830.774497,7787,7049,0,sshd,ip-10-100-1-26,3,close,1,0,"[{'name': 'fd', 'type': 'int', 'value': 3}]",0,0
18830.774526,7787,7049,0,sshd,ip-10-100-1-26,1005,security_file_open,4,0,"[{'name': 'pathname', 'type': 'const char*', 'value': '/usr/lib/x86_64-linux-gnu/libgssapi_krb5.so.2.2'}, {'name': 'flags', 'type': 'int', 'value': 'O_RDONLY|O_LARGEFILE'}, {'name': 'dev', 'type': 'dev_t', 'value': 211812353}, {'name': 'inode', 'type': 'unsigned long', 'value': 5209}]",0,0
18830.774553,7787,7049,0,sshd,ip-10-100-1-26,257,openat,4,3,"[{'name': 'dirfd', 'type': 'int', 'value': -100}, {'name': 'pathname', 'type': 'const char*', 'value': '/lib/x86_64-linux-gnu/libgssapi_krb5.so.2'}, {'name': 'flags', 'type': 'int', 'value': 'O_RDONLY|O_CLOEXEC'}, {'name': 'mode', 'type': 'int', 'value': 1492016984}]",0,0
18830.77458,7787,7049,0,sshd,ip-10-100-1-26,5,fstat,2,0,"[{'name': 'fd', 'type': 'int', 'value': 3}, {'name': 'statbuf', 'type': 'struct stat*', 'value': '0x7FFF752564D0'}]",0,0
18830.774652,7787,7049,0,sshd,ip-10-100-1-26,3,close,1,0,"[{'name': 'fd', 'type': 'int', 'value': 3}]",0,0
18830.774682,7787,7049,0,sshd,ip-10-100-1-26,1005,security_file_open,4,0,"[{'name': 'pathname', 'type': 'const char*', 'value': '/usr/lib/x86_64-linux-gnu/libkrb5.so.3.3'}, {'name': 'flags', 'type': 'int', 'value': 'O_RDONLY|O_LARGEFILE'}, {'name': 'dev', 'type': 'dev_t', 'value': 211812353}, {'name': 'inode', 'type': 'unsigned long', 'value': 5207}]",0,0
18830.774709,7787,7049,0,sshd,ip-10-100-1-26,257,openat,4,3,"[{'name': 'dirfd', 'type': 'int', 'value': -100}, {'name': 'pathname', 'type': 'const char*', 'value': '/lib/x86_64-linux-gnu/libkrb5.so.3'}, {'name': 'flags', 'type': 'int', 'value': 'O_RDONLY|O_CLOEXEC'}, {'name': 'mode', 'type': 'int', 'value': 1492016984}]",0,0
18830.774736,7787,7049,0,sshd,ip-10-100-1-26,5,fstat,2,0,"[{'name': 'fd', 'type': 'int', 'value': 3}, {'name': 'statbuf', 'type': 'struct stat*', 'value': '0x7FFF752564B0'}]",0,0
18830.774817,7787,7049,0,sshd,ip-10-100-1-26,3,close,1,0,"[{'name': 'fd', 'type': 'int', 'value': 3}]",0,0
18830.774848,7787,7049,0,sshd,ip-10-100-1-26,1005,security_file_open,4,0,"[{'name': 'pathname', 'type': 'const char*', 'value': '/usr/lib/x86_64-linux-gnu/libcom_err.so.2.1'}, {'name': 'flags', 'type': 'int', 'value': 'O_RDONLY|O_LARGEFILE'}, {'name': 'dev', 'type': 'dev_t', 'value': 211812353}, {'name': 'inode', 'type': 'unsigned long', 'value': 3408}]",0,0
18830.774875,7787,7049,0,sshd,ip-10-100-1-26,257,openat,4,3,"[{'name': 'dirfd', 'type': 'int', 'value': -100}, {'name': 'pathname', 'type': 'const char*', 'value': '/lib/x86_64-linux-gnu/libcom_err.so.2'}, {'name': 'flags', 'type': 'int', 'value': 'O_RDONLY|O_CLOEXEC'}, {'name': 'mode', 'type': 'int', 'value': 1492016984}]",0,0
18830.774901,7787,7049,0,sshd,ip-10-100-1-26,5,fstat,2,0,"[{'name': 'fd', 'type': 'int', 'value': 3}, {'name': 'statbuf', 'type': 'struct stat*', 'value': '0x7FFF75256490'}]",0,0
18830.774973,7787,7049,0,sshd,ip-10-100-1-26,3,close,1,0,"[{'name': 'fd', 'type': 'int', 'value': 3}]",0,0
18830.775001,7787,7049,0,sshd,ip-10-100-1-26,1005,security_file_open,4,0,"[{'name': 'pathname', 'type': 'const char*', 'value': '/usr/lib/x86_64-linux-gnu/libc-2.31.so'}, {'name': 'flags', 'type': 'int', 'value': 'O_RDONLY|O_LARGEFILE'}, {'name': 'dev', 'type': 'dev_t', 'value': 211812353}, {'name': 'inode', 'type': 'unsigned long', 'value': 4632}]",0,0
18830.775028,7787,7049,0,sshd,ip-10-100-1-26,257,openat,4,3,"[{'name': 'dirfd', 'type': 'int', 'value': -100}, {'name': 'pathname', 'type': 'const char*', 'value': '/lib/x86_64-linux-gnu/libc.so.6'}, {'name': 'flags', 'type': 'int', 'value': 'O_RDONLY|O_CLOEXEC'}, {'name': 'mode', 'type': 'int', 'value': 1492016984}]",0,0
18830.775069,7787,7049,0,sshd,ip-10-100-1-26,5,fstat,2,0,"[{'name': 'fd', 'type': 'int', 'value': 3}, {'name': 'statbuf', 'type': 'struct stat*', 'value': '0x7FFF75256470'}]",0,0
18830.775203,7787,7049,0,sshd,ip-10-100-1-26,3,close,1,0,"[{'name': 'fd', 'type': 'int', 'value': 3}]",0,0
18830.775238,7787,7049,0,sshd,ip-10-100-1-26,1005,security_file_open,4,0,"[{'name': 'pathname', 'type': 'const char*', 'value': '/usr/lib/x86_64-linux-gnu/libnsl-2.31.so'}, {'name': 'flags', 'type': 'int', 'value': 'O_RDONLY|O_LARGEFILE'}, {'name': 'dev', 'type': 'dev_t', 'value': 211812353}, {'name': 'inode', 'type': 'unsigned long', 'value': 4637}]",0,0
18830.775265,7787,7049,0,sshd,ip-10-100-1-26,257,openat,4,3,"[{'name': 'dirfd', 'type': 'int', 'value': -100}, {'name': 'pathname', 'type': 'const char*', 'value': '/lib/x86_64-linux-gnu/libnsl.so.1'}, {'name': 'flags', 'type': 'int', 'value': 'O_RDONLY|O_CLOEXEC'}, {'name': 'mode', 'type': 'int', 'value': 1492016984}]",0,0
18830.779273,7049,1,0,sshd,ip-10-100-1-26,43,accept,3,5,"[{'name': 'sockfd', 'type': 'int', 'value': 3}, {'name': 'addr', 'type': 'const void*', 'value': ""{'sin_port': '18848','sin_addr': '81.161.63.100','sa_family': 'AF_INET'}""}, {'name': 'addrlen', 'type': 'int*', 'value': '0x7FFD7E2E3328'}]",0,0
18830.779758,7049,1,0,sshd,ip-10-100-1-26,56,clone,5,7788,"[{'name': 'flags', 'type': 'unsigned int', 'value': 'CLONE_CHILD_CLEARTID|CLONE_CHILD_SETTID'}, {'name': 'stack', 'type': 'void*', 'value': '0x0'}, {'name': 'parent_tid', 'type': 'int*', 'value': '0x0'}, {'name': 'child_tid', 'type': 'int*', 'value': '0x7F0E18CDE0BF'}, {'name': 'tls', 'type': 'unsigned long', 'value': 0}]",0,0
18830.779792,7049,1,0,sshd,ip-10-100-1-26,3,close,1,0,"[{'name': 'fd', 'type': 'int', 'value': 8}]",0,0
18830.779904,7049,1,0,sshd,ip-10-100-1-26,3,close,1,0,"[{'name': 'fd', 'type': 'int', 'value': 9}]",0,0
18830.779925,7049,1,0,sshd,ip-10-100-1-26,3,close,1,0,"[{'name': 'fd', 'type': 'int', 'value': 10}]",0,0
18830.779945,7049,1,0,sshd,ip-10-100-1-26,3,close,1,0,"[{'name': 'fd', 'type': 'int', 'value': 5}]",0,0
18830.804642,7787,7049,0,sshd,ip-10-100-1-26,5,fstat,2,0,"[{'name': 'fd', 'type': 'int', 'value': 3}, {'name': 'statbuf', 'type': 'struct stat*', 'value': '0x7FFF75256450'}]",0,0
18830.804783,7787,7049,0,sshd,ip-10-100-1-26,3,close,1,0,"[{'name': 'fd', 'type': 'int', 'value': 3}]",0,0
18830.804829,7787,7049,0,sshd,ip-10-100-1-26,1005,security_file_open,4,0,"[{'name': 'pathname', 'type': 'const char*', 'value': '/usr/lib/x86_64-linux-gnu/libcap-ng.so.0.0.0'}, {'name': 'flags', 'type': 'int', 'value': 'O_RDONLY|O_LARGEFILE'}, {'name': 'dev', 'type': 'dev_t', 'value': 211812353}, {'name': 'inode', 'type': 'unsigned long', 'value': 3406}]",0,0
18830.804861,7787,7049,0,sshd,ip-10-100-1-26,257,openat,4,3,"[{'name': 'dirfd', 'type': 'int', 'value': -100}, {'name': 'pathname', 'type': 'const char*', 'value': '/lib/x86_64-linux-gnu/libcap-ng.so.0'}, {'name': 'flags', 'type': 'int', 'value': 'O_RDONLY|O_CLOEXEC'}, {'name': 'mode', 'type': 'int', 'value': 1492016984}]",0,0
18830.804888,7787,7049,0,sshd,ip-10-100-1-26,5,fstat,2,0,"[{'name': 'fd', 'type': 'int', 'value': 3}, {'name': 'statbuf', 'type': 'struct stat*', 'value': '0x7FFF75256430'}]",0,0
18830.804965,7787,7049,0,sshd,ip-10-100-1-26,3,close,1,0,"[{'name': 'fd', 'type': 'int', 'value': 3}]",0,0
18830.805015,7787,7049,0,sshd,ip-10-100-1-26,1005,security_file_open,4,0,"[{'name': 'pathname', 'type': 'const char*', 'value': '/usr/lib/x86_64-linux-gnu/libdl-2.31.so'}, {'name': 'flags', 'type': 'int', 'value': 'O_RDONLY|O_LARGEFILE'}, {'name': 'dev', 'type': 'dev_t', 'value': 211812353}, {'name': 'inode', 'type': 'unsigned long', 'value': 4633}]",0,0
18830.805044,7787,7049,0,sshd,ip-10-100-1-26,257,openat,4,3,"[{'name': 'dirfd', 'type': 'int', 'value': -100}, {'name': 'pathname', 'type': 'const char*', 'value': '/lib/x86_64-linux-gnu/libdl.so.2'}, {'name': 'flags', 'type': 'int', 'value': 'O_RDONLY|O_CLOEXEC'}, {'name': 'mode', 'type': 'int', 'value': 1492016984}]",0,0
18830.805071,7787,7049,0,sshd,ip-10-100-1-26,5,fstat,2,0,"[{'name': 'fd', 'type': 'int', 'value': 3}, {'name': 'statbuf', 'type': 'struct stat*', 'value': '0x7FFF75256410'}]",0,0
18830.805185,7787,7049,0,sshd,ip-10-100-1-26,1005,security_file_open,4,0,"[{'name': 'pathname', 'type': 'const char*', 'value': '/usr/lib/x86_64-linux-gnu/libpcre2-8.so.0.9.0'}, {'name': 'flags', 'type': 'int', 'value': 'O_RDONLY|O_LARGEFILE'}, {'name': 'dev', 'type': 'dev_t', 'value': 211812353}, {'name': 'inode', 'type': 'unsigned long', 'value': 3765}]",0,0
18830.805152,7787,7049,0,sshd,ip-10-100-1-26,3,close,1,0,"[{'name': 'fd', 'type': 'int', 'value': 3}]",0,0
18830.805213,7787,7049,0,sshd,ip-10-100-1-26,257,openat,4,3,"[{'name': 'dirfd', 'type': 'int', 'value': -100}, {'name': 'pathname', 'type': 'const char*', 'value': '/lib/x86_64-linux-gnu/libpcre2-8.so.0'}, {'name': 'flags', 'type': 'int', 'value': 'O_RDONLY|O_CLOEXEC'}, {'name': 'mode', 'type': 'int', 'value': 1492016984}]",0,0
18830.80524,7787,7049,0,sshd,ip-10-100-1-26,5,fstat,2,0,"[{'name': 'fd', 'type': 'int', 'value': 3}, {'name': 'statbuf', 'type': 'struct stat*', 'value': '0x7FFF752563F0'}]",0,0
18830.805316,7787,7049,0,sshd,ip-10-100-1-26,3,close,1,0,"[{'name': 'fd', 'type': 'int', 'value': 3}]",0,0
18830.805375,7787,7049,0,sshd,ip-10-100-1-26,257,openat,4,3,"[{'name': 'dirfd', 'type': 'int', 'value': -100}, {'name': 'pathname', 'type': 'const char*', 'value': '/lib/x86_64-linux-gnu/librt.so.1'}, {'name': 'flags', 'type': 'int', 'value': 'O_RDONLY|O_CLOEXEC'}, {'name': 'mode', 'type': 'int', 'value': 1492016984}]",0,0
18830.805348,7787,7049,0,sshd,ip-10-100-1-26,1005,security_file_open,4,0,"[{'name': 'pathname', 'type': 'const char*', 'value': '/usr/lib/x86_64-linux-gnu/librt-2.31.so'}, {'name': 'flags', 'type': 'int', 'value': 'O_RDONLY|O_LARGEFILE'}, {'name': 'dev', 'type': 'dev_t', 'value': 211812353}, {'name': 'inode', 'type': 'unsigned long', 'value': 4647}]",0,0
18830.805402,7787,7049,0,sshd,ip-10-100-1-26,5,fstat,2,0,"[{'name': 'fd', 'type': 'int', 'value': 3}, {'name': 'statbuf', 'type': 'struct stat*', 'value': '0x7FFF752563B0'}]",0,0
18830.805492,7787,7049,0,sshd,ip-10-100-1-26,3,close,1,0,"[{'name': 'fd', 'type': 'int', 'value': 3}]",0,0
18830.805522,7787,7049,0,sshd,ip-10-100-1-26,1005,security_file_open,4,0,"[{'name': 'pathname', 'type': 'const char*', 'value': '/usr/lib/x86_64-linux-gnu/liblzma.so.5.2.4'}, {'name': 'flags', 'type': 'int', 'value': 'O_RDONLY|O_LARGEFILE'}, {'name': 'dev', 'type': 'dev_t', 'value': 211812353}, {'name': 'inode', 'type': 'unsigned long', 'value': 3696}]",0,0
18830.805549,7787,7049,0,sshd,ip-10-100-1-26,257,openat,4,3,"[{'name': 'dirfd', 'type': 'int', 'value': -100}, {'name': 'pathname', 'type': 'const char*', 'value': '/lib/x86_64-linux-gnu/liblzma.so.5'}, {'name': 'flags', 'type': 'int', 'value': 'O_RDONLY|O_CLOEXEC'}, {'name': 'mode', 'type': 'int', 'value': 1492016984}]",0,0
18830.805576,7787,7049,0,sshd,ip-10-100-1-26,5,fstat,2,0,"[{'name': 'fd', 'type': 'int', 'value': 3}, {'name': 'statbuf', 'type': 'struct stat*', 'value': '0x7FFF75256390'}]",0,0
18830.805708,7787,7049,0,sshd,ip-10-100-1-26,1005,security_file_open,4,0,"[{'name': 'pathname', 'type': 'const char*', 'value': '/usr/lib/x86_64-linux-gnu/liblz4.so.1.9.2'}, {'name': 'flags', 'type': 'int', 'value': 'O_RDONLY|O_LARGEFILE'}, {'name': 'dev', 'type': 'dev_t', 'value': 211812353}, {'name': 'inode', 'type': 'unsigned long', 'value': 3701}]",0,0
18830.805676,7787,7049,0,sshd,ip-10-100-1-26,3,close,1,0,"[{'name': 'fd', 'type': 'int', 'value': 3}]",0,0
18830.805735,7787,7049,0,sshd,ip-10-100-1-26,257,openat,4,3,"[{'name': 'dirfd', 'type': 'int', 'value': -100}, {'name': 'pathname', 'type': 'const char*', 'value': '/lib/x86_64-linux-gnu/liblz4.so.1'}, {'name': 'flags', 'type': 'int', 'value': 'O_RDONLY|O_CLOEXEC'}, {'name': 'mode', 'type': 'int', 'value': 1492016984}]",0,0
18830.805762,7787,7049,0,sshd,ip-10-100-1-26,5,fstat,2,0,"[{'name': 'fd', 'type': 'int', 'value': 3}, {'name': 'statbuf', 'type': 'struct stat*', 'value': '0x7FFF75256370'}]",0,0
18830.805838,7787,7049,0,sshd,ip-10-100-1-26,3,close,1,0,"[{'name': 'fd', 'type': 'int', 'value': 3}]",0,0
18830.805868,7787,7049,0,sshd,ip-10-100-1-26,1005,security_file_open,4,0,"[{'name': 'pathname', 'type': 'const char*', 'value': '/usr/lib/x86_64-linux-gnu/libgcrypt.so.20.2.5'}, {'name': 'flags', 'type': 'int', 'value': 'O_RDONLY|O_LARGEFILE'}, {'name': 'dev', 'type': 'dev_t', 'value': 211812353}, {'name': 'inode', 'type': 'unsigned long', 'value': 3419}]",0,0
18830.805895,7787,7049,0,sshd,ip-10-100-1-26,257,openat,4,3,"[{'name': 'dirfd', 'type': 'int', 'value': -100}, {'name': 'pathname', 'type': 'const char*', 'value': '/lib/x86_64-linux-gnu/libgcrypt.so.20'}, {'name': 'flags', 'type': 'int', 'value': 'O_RDONLY|O_CLOEXEC'}, {'name': 'mode', 'type': 'int', 'value': 1492016984}]",0,0
18830.805922,7787,7049,0,sshd,ip-10-100-1-26,5,fstat,2,0,"[{'name': 'fd', 'type': 'int', 'value': 3}, {'name': 'statbuf', 'type': 'struct stat*', 'value': '0x7FFF75256350'}]",0,0
18830.806028,7787,7049,0,sshd,ip-10-100-1-26,1005,security_file_open,4,0,"[{'name': 'pathname', 'type': 'const char*', 'value': '/usr/lib/x86_64-linux-gnu/libpthread-2.31.so'}, {'name': 'flags', 'type': 'int', 'value': 'O_RDONLY|O_LARGEFILE'}, {'name': 'dev', 'type': 'dev_t', 'value': 211812353}, {'name': 'inode', 'type': 'unsigned long', 'value': 4645}]",0,0
18830.806056,7787,7049,0,sshd,ip-10-100-1-26,257,openat,4,3,"[{'name': 'dirfd', 'type': 'int', 'value': -100}, {'name': 'pathname', 'type': 'const char*', 'value': '/lib/x86_64-linux-gnu/libpthread.so.0'}, {'name': 'flags', 'type': 'int', 'value': 'O_RDONLY|O_CLOEXEC'}, {'name': 'mode', 'type': 'int', 'value': 1492016984}]",0,0
18830.805997,7787,7049,0,sshd,ip-10-100-1-26,3,close,1,0,"[{'name': 'fd', 'type': 'int', 'value': 3}]",0,0
18830.806087,7787,7049,0,sshd,ip-10-100-1-26,5,fstat,2,0,"[{'name': 'fd', 'type': 'int', 'value': 3}, {'name': 'statbuf', 'type': 'struct stat*', 'value': '0x7FFF75256330'}]",0,0
18830.806182,7787,7049,0,sshd,ip-10-100-1-26,3,close,1,0,"[{'name': 'fd', 'type': 'int', 'value': 3}]",0,0
18830.806219,7787,7049,0,sshd,ip-10-100-1-26,1005,security_file_open,4,0,"[{'name': 'pathname', 'type': 'const char*', 'value': '/usr/lib/x86_64-linux-gnu/libk5crypto.so.3.1'}, {'name': 'flags', 'type': 'int', 'value': 'O_RDONLY|O_LARGEFILE'}, {'name': 'dev', 'type': 'dev_t', 'value': 211812353}, {'name': 'inode', 'type': 'unsigned long', 'value': 5203}]",0,0
18830.806247,7787,7049,0,sshd,ip-10-100-1-26,257,openat,4,3,"[{'name': 'dirfd', 'type': 'int', 'value': -100}, {'name': 'pathname', 'type': 'const char*', 'value': '/lib/x86_64-linux-gnu/libk5crypto.so.3'}, {'name': 'flags', 'type': 'int', 'value': 'O_RDONLY|O_CLOEXEC'}, {'name': 'mode', 'type': 'int', 'value': 1492016984}]",0,0
18830.806274,7787,7049,0,sshd,ip-10-100-1-26,5,fstat,2,0,"[{'name': 'fd', 'type': 'int', 'value': 3}, {'name': 'statbuf', 'type': 'struct stat*', 'value': '0x7FFF75256310'}]",0,0
18830.806368,7787,7049,0,sshd,ip-10-100-1-26,3,close,1,0,"[{'name': 'fd', 'type': 'int', 'value': 3}]",0,0
18830.806399,7787,7049,0,sshd,ip-10-100-1-26,1005,security_file_open,4,0,"[{'name': 'pathname', 'type': 'const char*', 'value': '/usr/lib/x86_64-linux-gnu/libkrb5support.so.0.1'}, {'name': 'flags', 'type': 'int', 'value': 'O_RDONLY|O_LARGEFILE'}, {'name': 'dev', 'type': 'dev_t', 'value': 211812353}, {'name': 'inode', 'type': 'unsigned long', 'value': 5200}]",0,0
18830.806426,7787,7049,0,sshd,ip-10-100-1-26,257,openat,4,3,"[{'name': 'dirfd', 'type': 'int', 'value': -100}, {'name': 'pathname', 'type': 'const char*', 'value': '/lib/x86_64-linux-gnu/libkrb5support.so.0'}, {'name': 'flags', 'type': 'int', 'value': 'O_RDONLY|O_CLOEXEC'}, {'name': 'mode', 'type': 'int', 'value': 1492016984}]",0,0
18830.806453,7787,7049,0,sshd,ip-10-100-1-26,5,fstat,2,0,"[{'name': 'fd', 'type': 'int', 'value': 3}, {'name': 'statbuf', 'type': 'struct stat*', 'value': '0x7FFF752562F0'}]",0,0
18830.806525,7787,7049,0,sshd,ip-10-100-1-26,3,close,1,0,"[{'name': 'fd', 'type': 'int', 'value': 3}]",0,0
18830.806602,7787,7049,0,sshd,ip-10-100-1-26,257,openat,4,3,"[{'name': 'dirfd', 'type': 'int', 'value': -100}, {'name': 'pathname', 'type': 'const char*', 'value': '/lib/x86_64-linux-gnu/libkeyutils.so.1'}, {'name': 'flags', 'type': 'int', 'value': 'O_RDONLY|O_CLOEXEC'}, {'name': 'mode', 'type': 'int', 'value': 1492016984}]",0,0
18830.806574,7787,7049,0,sshd,ip-10-100-1-26,1005,security_file_open,4,0,"[{'name': 'pathname', 'type': 'const char*', 'value': '/usr/lib/x86_64-linux-gnu/libkeyutils.so.1.8'}, {'name': 'flags', 'type': 'int', 'value': 'O_RDONLY|O_LARGEFILE'}, {'name': 'dev', 'type': 'dev_t', 'value': 211812353}, {'name': 'inode', 'type': 'unsigned long', 'value': 5205}]",0,0
18830.806629,7787,7049,0,sshd,ip-10-100-1-26,5,fstat,2,0,"[{'name': 'fd', 'type': 'int', 'value': 3}, {'name': 'statbuf', 'type': 'struct stat*', 'value': '0x7FFF752562D0'}]",0,0
18830.806702,7787,7049,0,sshd,ip-10-100-1-26,3,close,1,0,"[{'name': 'fd', 'type': 'int', 'value': 3}]",0,0
18830.806732,7787,7049,0,sshd,ip-10-100-1-26,1005,security_file_open,4,0,"[{'name': 'pathname', 'type': 'const char*', 'value': '/usr/lib/x86_64-linux-gnu/libresolv-2.31.so'}, {'name': 'flags', 'type': 'int', 'value': 'O_RDONLY|O_LARGEFILE'}, {'name': 'dev', 'type': 'dev_t', 'value': 211812353}, {'name': 'inode', 'type': 'unsigned long', 'value': 4646}]",0,0
18830.806759,7787,7049,0,sshd,ip-10-100-1-26,257,openat,4,3,"[{'name': 'dirfd', 'type': 'int', 'value': -100}, {'name': 'pathname', 'type': 'const char*', 'value': '/lib/x86_64-linux-gnu/libresolv.so.2'}, {'name': 'flags', 'type': 'int', 'value': 'O_RDONLY|O_CLOEXEC'}, {'name': 'mode', 'type': 'int', 'value': 1492016984}]",0,0
18830.806786,7787,7049,0,sshd,ip-10-100-1-26,5,fstat,2,0,"[{'name': 'fd', 'type': 'int', 'value': 3}, {'name': 'statbuf', 'type': 'struct stat*', 'value': '0x7FFF752562B0'}]",0,0
18830.806882,7787,7049,0,sshd,ip-10-100-1-26,3,close,1,0,"[{'name': 'fd', 'type': 'int', 'value': 3}]",0,0
18830.806925,7787,7049,0,sshd,ip-10-100-1-26,1005,security_file_open,4,0,"[{'name': 'pathname', 'type': 'const char*', 'value': '/usr/lib/x86_64-linux-gnu/libgpg-error.so.0.28.0'}, {'name': 'flags', 'type': 'int', 'value': 'O_RDONLY|O_LARGEFILE'}, {'name': 'dev', 'type': 'dev_t', 'value': 211812353}, {'name': 'inode', 'type': 'unsigned long', 'value': 3698}]",0,0
18830.806952,7787,7049,0,sshd,ip-10-100-1-26,257,openat,4,3,"[{'name': 'dirfd', 'type': 'int', 'value': -100}, {'name': 'pathname', 'type': 'const char*', 'value': '/lib/x86_64-linux-gnu/libgpg-error.so.0'}, {'name': 'flags', 'type': 'int', 'value': 'O_RDONLY|O_CLOEXEC'}, {'name': 'mode', 'type': 'int', 'value': 1492016984}]",0,0
18830.806979,7787,7049,0,sshd,ip-10-100-1-26,5,fstat,2,0,"[{'name': 'fd', 'type': 'int', 'value': 3}, {'name': 'statbuf', 'type': 'struct stat*', 'value': '0x7FFF75256290'}]",0,0
18830.830107,7786,7291,0,ps,ip-10-100-1-26,257,openat,4,9,"[{'name': 'dirfd', 'type': 'int', 'value': -100}, {'name': 'pathname', 'type': 'const char*', 'value': '/proc/488/stat'}, {'name': 'flags', 'type': 'int', 'value': 'O_RDONLY'}, {'name': 'mode', 'type': 'int', 'value': 2207129259}]",0,0
18830.830202,7786,7291,0,ps,ip-10-100-1-26,1005,security_file_open,4,0,"[{'name': 'pathname', 'type': 'const char*', 'value': '/proc/488/status'}, {'name': 'flags', 'type': 'int', 'value': 'O_RDONLY|O_LARGEFILE'}, {'name': 'dev', 'type': 'dev_t', 'value': 5}, {'name': 'inode', 'type': 'unsigned long', 'value': 127825}]",0,0
18830.830251,7786,7291,0,ps,ip-10-100-1-26,257,openat,4,9,"[{'name': 'dirfd', 'type': 'int', 'value': -100}, {'name': 'pathname', 'type': 'const char*', 'value': '/proc/488/status'}, {'name': 'flags', 'type': 'int', 'value': 'O_RDONLY'}, {'name': 'mode', 'type': 'int', 'value': 2207129259}]",0,0
18830.80706,7787,7049,0,sshd,ip-10-100-1-26,3,close,1,0,"[{'name': 'fd', 'type': 'int', 'value': 3}]",0,0
18830.830157,7786,7291,0,ps,ip-10-100-1-26,3,close,1,0,"[{'name': 'fd', 'type': 'int', 'value': 9}]",0,0
18830.83029,7786,7291,0,ps,ip-10-100-1-26,3,close,1,0,"[{'name': 'fd', 'type': 'int', 'value': 9}]",0,0
18830.830323,7786,7291,0,ps,ip-10-100-1-26,1005,security_file_open,4,0,"[{'name': 'pathname', 'type': 'const char*', 'value': '/proc/488/cmdline'}, {'name': 'flags', 'type': 'int', 'value': 'O_RDONLY|O_LARGEFILE'}, {'name': 'dev', 'type': 'dev_t', 'value': 5}, {'name': 'inode', 'type': 'unsigned long', 'value': 127826}]",0,0
18830.83035,7786,7291,0,ps,ip-10-100-1-26,257,openat,4,9,"[{'name': 'dirfd', 'type': 'int', 'value': -100}, {'name': 'pathname', 'type': 'const char*', 'value': '/proc/488/cmdline'}, {'name': 'flags', 'type': 'int', 'value': 'O_RDONLY'}, {'name': 'mode', 'type': 'int', 'value': 2207129259}]",0,0
18830.830385,7786,7291,0,ps,ip-10-100-1-26,3,close,1,0,"[{'name': 'fd', 'type': 'int', 'value': 9}]",0,0
18830.830422,7786,7291,0,ps,ip-10-100-1-26,4,stat,2,0,"[{'name': 'pathname', 'type': 'const char*', 'value': '/proc/489'}, {'name': 'statbuf', 'type': 'struct stat*', 'value': '0x7F96839DD680'}]",0,0
18830.830448,7786,7291,0,ps,ip-10-100-1-26,1005,security_file_open,4,0,"[{'name': 'pathname', 'type': 'const char*', 'value': '/proc/489/stat'}, {'name': 'flags', 'type': 'int', 'value': 'O_RDONLY|O_LARGEFILE'}, {'name': 'dev', 'type': 'dev_t', 'value': 5}, {'name': 'inode', 'type': 'unsigned long', 'value': 127827}]",0,0
18830.830473,7786,7291,0,ps,ip-10-100-1-26,257,openat,4,9,"[{'name': 'dirfd', 'type': 'int', 'value': -100}, {'name': 'pathname', 'type': 'const char*', 'value': '/proc/489/stat'}, {'name': 'flags', 'type': 'int', 'value': 'O_RDONLY'}, {'name': 'mode', 'type': 'int', 'value': 2207129259}]",0,0
18830.830513,7786,7291,0,ps,ip-10-100-1-26,3,close,1,0,"[{'name': 'fd', 'type': 'int', 'value': 9}]",0,0
18830.830542,7786,7291,0,ps,ip-10-100-1-26,1005,security_file_open,4,0,"[{'name': 'pathname', 'type': 'const char*', 'value': '/proc/489/status'}, {'name': 'flags', 'type': 'int', 'value': 'O_RDONLY|O_LARGEFILE'}, {'name': 'dev', 'type': 'dev_t', 'value': 5}, {'name': 'inode', 'type': 'unsigned long', 'value': 127828}]",0,0
18830.830571,7786,7291,0,ps,ip-10-100-1-26,257,openat,4,9,"[{'name': 'dirfd', 'type': 'int', 'value': -100}, {'name': 'pathname', 'type': 'const char*', 'value': '/proc/489/status'}, {'name': 'flags', 'type': 'int', 'value': 'O_RDONLY'}, {'name': 'mode', 'type': 'int', 'value': 2207129259}]",0,0
18830.830606,7786,7291,0,ps,ip-10-100-1-26,3,close,1,0,"[{'name': 'fd', 'type': 'int', 'value': 9}]",0,0
18830.830633,7786,7291,0,ps,ip-10-100-1-26,1005,security_file_open,4,0,"[{'name': 'pathname', 'type': 'const char*', 'value': '/proc/489/cmdline'}, {'name': 'flags', 'type': 'int', 'value': 'O_RDONLY|O_LARGEFILE'}, {'name': 'dev', 'type': 'dev_t', 'value': 5}, {'name': 'inode', 'type': 'unsigned long', 'value': 127829}]",0,0
18830.830659,7786,7291,0,ps,ip-10-100-1-26,257,openat,4,9,"[{'name': 'dirfd', 'type': 'int', 'value': -100}, {'name': 'pathname', 'type': 'const char*', 'value': '/proc/489/cmdline'}, {'name': 'flags', 'type': 'int', 'value': 'O_RDONLY'}, {'name': 'mode', 'type': 'int', 'value': 2207129259}]",0,0
18830.830693,7786,7291,0,ps,ip-10-100-1-26,3,close,1,0,"[{'name': 'fd', 'type': 'int', 'value': 9}]",0,0
18830.830724,7786,7291,0,ps,ip-10-100-1-26,4,stat,2,0,"[{'name': 'pathname', 'type': 'const char*', 'value': '/proc/500'}, {'name': 'statbuf', 'type': 'struct stat*', 'value': '0x7F96839DD680'}]",0,0
18830.830749,7786,7291,0,ps,ip-10-100-1-26,1005,security_file_open,4,0,"[{'name': 'pathname', 'type': 'const char*', 'value': '/proc/500/stat'}, {'name': 'flags', 'type': 'int', 'value': 'O_RDONLY|O_LARGEFILE'}, {'name': 'dev', 'type': 'dev_t', 'value': 5}, {'name': 'inode', 'type': 'unsigned long', 'value': 127830}]",0,0
18830.830774,7786,7291,0,ps,ip-10-100-1-26,257,openat,4,9,"[{'name': 'dirfd', 'type': 'int', 'value': -100}, {'name': 'pathname', 'type': 'const char*', 'value': '/proc/500/stat'}, {'name': 'flags', 'type': 'int', 'value': 'O_RDONLY'}, {'name': 'mode', 'type': 'int', 'value': 2207129259}]",0,0
18830.830832,7786,7291,0,ps,ip-10-100-1-26,1005,security_file_open,4,0,"[{'name': 'pathname', 'type': 'const char*', 'value': '/proc/500/status'}, {'name': 'flags', 'type': 'int', 'value': 'O_RDONLY|O_LARGEFILE'}, {'name': 'dev', 'type': 'dev_t', 'value': 5}, {'name': 'inode', 'type': 'unsigned long', 'value': 127831}]",0,0
18830.830805,7786,7291,0,ps,ip-10-100-1-26,3,close,1,0,"[{'name': 'fd', 'type': 'int', 'value': 9}]",0,0
18830.830858,7786,7291,0,ps,ip-10-100-1-26,257,openat,4,9,"[{'name': 'dirfd', 'type': 'int', 'value': -100}, {'name': 'pathname', 'type': 'const char*', 'value': '/proc/500/status'}, {'name': 'flags', 'type': 'int', 'value': 'O_RDONLY'}, {'name': 'mode', 'type': 'int', 'value': 2207129259}]",0,0
18830.830891,7786,7291,0,ps,ip-10-100-1-26,3,close,1,0,"[{'name': 'fd', 'type': 'int', 'value': 9}]",0,0
18830.830918,7786,7291,0,ps,ip-10-100-1-26,1005,security_file_open,4,0,"[{'name': 'pathname', 'type': 'const char*', 'value': '/proc/500/cmdline'}, {'name': 'flags', 'type': 'int', 'value': 'O_RDONLY|O_LARGEFILE'}, {'name': 'dev', 'type': 'dev_t', 'value': 5}, {'name': 'inode', 'type': 'unsigned long', 'value': 127832}]",0,0
18830.830943,7786,7291,0,ps,ip-10-100-1-26,257,openat,4,9,"[{'name': 'dirfd', 'type': 'int', 'value': -100}, {'name': 'pathname', 'type': 'const char*', 'value': '/proc/500/cmdline'}, {'name': 'flags', 'type': 'int', 'value': 'O_RDONLY'}, {'name': 'mode', 'type': 'int', 'value': 2207129259}]",0,0
18830.830976,7786,7291,0,ps,ip-10-100-1-26,3,close,1,0,"[{'name': 'fd', 'type': 'int', 'value': 9}]",0,0
18830.831005,7786,7291,0,ps,ip-10-100-1-26,4,stat,2,0,"[{'name': 'pathname', 'type': 'const char*', 'value': '/proc/508'}, {'name': 'statbuf', 'type': 'struct stat*', 'value': '0x7F96839DD680'}]",0,0
18830.831029,7786,7291,0,ps,ip-10-100-1-26,1005,security_file_open,4,0,"[{'name': 'pathname', 'type': 'const char*', 'value': '/proc/508/stat'}, {'name': 'flags', 'type': 'int', 'value': 'O_RDONLY|O_LARGEFILE'}, {'name': 'dev', 'type': 'dev_t', 'value': 5}, {'name': 'inode', 'type': 'unsigned long', 'value': 127833}]",0,0
18830.831054,7786,7291,0,ps,ip-10-100-1-26,257,openat,4,9,"[{'name': 'dirfd', 'type': 'int', 'value': -100}, {'name': 'pathname', 'type': 'const char*', 'value': '/proc/508/stat'}, {'name': 'flags', 'type': 'int', 'value': 'O_RDONLY'}, {'name': 'mode', 'type': 'int', 'value': 2207129259}]",0,0
18830.831091,7786,7291,0,ps,ip-10-100-1-26,3,close,1,0,"[{'name': 'fd', 'type': 'int', 'value': 9}]",0,0
18830.83112,7786,7291,0,ps,ip-10-100-1-26,1005,security_file_open,4,0,"[{'name': 'pathname', 'type': 'const char*', 'value': '/proc/508/status'}, {'name': 'flags', 'type': 'int', 'value': 'O_RDONLY|O_LARGEFILE'}, {'name': 'dev', 'type': 'dev_t', 'value': 5}, {'name': 'inode', 'type': 'unsigned long', 'value': 127834}]",0,0
18830.831145,7786,7291,0,ps,ip-10-100-1-26,257,openat,4,9,"[{'name': 'dirfd', 'type': 'int', 'value': -100}, {'name': 'pathname', 'type': 'const char*', 'value': '/proc/508/status'}, {'name': 'flags', 'type': 'int', 'value': 'O_RDONLY'}, {'name': 'mode', 'type': 'int', 'value': 2207129259}]",0,0
18830.831179,7786,7291,0,ps,ip-10-100-1-26,3,close,1,0,"[{'name': 'fd', 'type': 'int', 'value': 9}]",0,0
18830.831206,7786,7291,0,ps,ip-10-100-1-26,1005,security_file_open,4,0,"[{'name': 'pathname', 'type': 'const char*', 'value': '/proc/508/cmdline'}, {'name': 'flags', 'type': 'int', 'value': 'O_RDONLY|O_LARGEFILE'}, {'name': 'dev', 'type': 'dev_t', 'value': 5}, {'name': 'inode', 'type': 'unsigned long', 'value': 127835}]",0,0
18830.831231,7786,7291,0,ps,ip-10-100-1-26,257,openat,4,9,"[{'name': 'dirfd', 'type': 'int', 'value': -100}, {'name': 'pathname', 'type': 'const char*', 'value': '/proc/508/cmdline'}, {'name': 'flags', 'type': 'int', 'value': 'O_RDONLY'}, {'name': 'mode', 'type': 'int', 'value': 2207129259}]",0,0
18830.831263,7786,7291,0,ps,ip-10-100-1-26,3,close,1,0,"[{'name': 'fd', 'type': 'int', 'value': 9}]",0,0
18830.831292,7786,7291,0,ps,ip-10-100-1-26,4,stat,2,0,"[{'name': 'pathname', 'type': 'const char*', 'value': '/proc/517'}, {'name': 'statbuf', 'type': 'struct stat*', 'value': '0x7F96839DD680'}]",0,0
18830.831315,7786,7291,0,ps,ip-10-100-1-26,1005,security_file_open,4,0,"[{'name': 'pathname', 'type': 'const char*', 'value': '/proc/517/stat'}, {'name': 'flags', 'type': 'int', 'value': 'O_RDONLY|O_LARGEFILE'}, {'name': 'dev', 'type': 'dev_t', 'value': 5}, {'name': 'inode', 'type': 'unsigned long', 'value': 127836}]",0,0
18830.831341,7786,7291,0,ps,ip-10-100-1-26,257,openat,4,9,"[{'name': 'dirfd', 'type': 'int', 'value': -100}, {'name': 'pathname', 'type': 'const char*', 'value': '/proc/517/stat'}, {'name': 'flags', 'type': 'int', 'value': 'O_RDONLY'}, {'name': 'mode', 'type': 'int', 'value': 2207129259}]",0,0
18830.831372,7786,7291,0,ps,ip-10-100-1-26,3,close,1,0,"[{'name': 'fd', 'type': 'int', 'value': 9}]",0,0
18830.8314,7786,7291,0,ps,ip-10-100-1-26,1005,security_file_open,4,0,"[{'name': 'pathname', 'type': 'const char*', 'value': '/proc/517/status'}, {'name': 'flags', 'type': 'int', 'value': 'O_RDONLY|O_LARGEFILE'}, {'name': 'dev', 'type': 'dev_t', 'value': 5}, {'name': 'inode', 'type': 'unsigned long', 'value': 127837}]",0,0
18830.831426,7786,7291,0,ps,ip-10-100-1-26,257,openat,4,9,"[{'name': 'dirfd', 'type': 'int', 'value': -100}, {'name': 'pathname', 'type': 'const char*', 'value': '/proc/517/status'}, {'name': 'flags', 'type': 'int', 'value': 'O_RDONLY'}, {'name': 'mode', 'type': 'int', 'value': 2207129259}]",0,0
18830.831459,7786,7291,0,ps,ip-10-100-1-26,3,close,1,0,"[{'name': 'fd', 'type': 'int', 'value': 9}]",0,0
18830.831486,7786,7291,0,ps,ip-10-100-1-26,1005,security_file_open,4,0,"[{'name': 'pathname', 'type': 'const char*', 'value': '/proc/517/cmdline'}, {'name': 'flags', 'type': 'int', 'value': 'O_RDONLY|O_LARGEFILE'}, {'name': 'dev', 'type': 'dev_t', 'value': 5}, {'name': 'inode', 'type': 'unsigned long', 'value': 127838}]",0,0
18830.831511,7786,7291,0,ps,ip-10-100-1-26,257,openat,4,9,"[{'name': 'dirfd', 'type': 'int', 'value': -100}, {'name': 'pathname', 'type': 'const char*', 'value': '/proc/517/cmdline'}, {'name': 'flags', 'type': 'int', 'value': 'O_RDONLY'}, {'name': 'mode', 'type': 'int', 'value': 2207129259}]",0,0
18830.831543,7786,7291,0,ps,ip-10-100-1-26,3,close,1,0,"[{'name': 'fd', 'type': 'int', 'value': 9}]",0,0
18830.83157,7786,7291,0,ps,ip-10-100-1-26,4,stat,2,0,"[{'name': 'pathname', 'type': 'const char*', 'value': '/proc/520'}, {'name': 'statbuf', 'type': 'struct stat*', 'value': '0x7F96839DD680'}]",0,0
18830.831594,7786,7291,0,ps,ip-10-100-1-26,1005,security_file_open,4,0,"[{'name': 'pathname', 'type': 'const char*', 'value': '/proc/520/stat'}, {'name': 'flags', 'type': 'int', 'value': 'O_RDONLY|O_LARGEFILE'}, {'name': 'dev', 'type': 'dev_t', 'value': 5}, {'name': 'inode', 'type': 'unsigned long', 'value': 127839}]",0,0
18830.831619,7786,7291,0,ps,ip-10-100-1-26,257,openat,4,9,"[{'name': 'dirfd', 'type': 'int', 'value': -100}, {'name': 'pathname', 'type': 'const char*', 'value': '/proc/520/stat'}, {'name': 'flags', 'type': 'int', 'value': 'O_RDONLY'}, {'name': 'mode', 'type': 'int', 'value': 2207129259}]",0,0
18830.83165,7786,7291,0,ps,ip-10-100-1-26,3,close,1,0,"[{'name': 'fd', 'type': 'int', 'value': 9}]",0,0
18830.831677,7786,7291,0,ps,ip-10-100-1-26,1005,security_file_open,4,0,"[{'name': 'pathname', 'type': 'const char*', 'value': '/proc/520/status'}, {'name': 'flags', 'type': 'int', 'value': 'O_RDONLY|O_LARGEFILE'}, {'name': 'dev', 'type': 'dev_t', 'value': 5}, {'name': 'inode', 'type': 'unsigned long', 'value': 127840}]",0,0
18830.831702,7786,7291,0,ps,ip-10-100-1-26,257,openat,4,9,"[{'name': 'dirfd', 'type': 'int', 'value': -100}, {'name': 'pathname', 'type': 'const char*', 'value': '/proc/520/status'}, {'name': 'flags', 'type': 'int', 'value': 'O_RDONLY'}, {'name': 'mode', 'type': 'int', 'value': 2207129259}]",0,0
18830.831735,7786,7291,0,ps,ip-10-100-1-26,3,close,1,0,"[{'name': 'fd', 'type': 'int', 'value': 9}]",0,0
18830.831761,7786,7291,0,ps,ip-10-100-1-26,1005,security_file_open,4,0,"[{'name': 'pathname', 'type': 'const char*', 'value': '/proc/520/cmdline'}, {'name': 'flags', 'type': 'int', 'value': 'O_RDONLY|O_LARGEFILE'}, {'name': 'dev', 'type': 'dev_t', 'value': 5}, {'name': 'inode', 'type': 'unsigned long', 'value': 127841}]",0,0
18830.831786,7786,7291,0,ps,ip-10-100-1-26,257,openat,4,9,"[{'name': 'dirfd', 'type': 'int', 'value': -100}, {'name': 'pathname', 'type': 'const char*', 'value': '/proc/520/cmdline'}, {'name': 'flags', 'type': 'int', 'value': 'O_RDONLY'}, {'name': 'mode', 'type': 'int', 'value': 2207129259}]",0,0
18830.831819,7786,7291,0,ps,ip-10-100-1-26,3,close,1,0,"[{'name': 'fd', 'type': 'int', 'value': 9}]",0,0
18830.831846,7786,7291,0,ps,ip-10-100-1-26,4,stat,2,0,"[{'name': 'pathname', 'type': 'const char*', 'value': '/proc/526'}, {'name': 'statbuf', 'type': 'struct stat*', 'value': '0x7F96839DD680'}]",0,0
18830.83187,7786,7291,0,ps,ip-10-100-1-26,1005,security_file_open,4,0,"[{'name': 'pathname', 'type': 'const char*', 'value': '/proc/526/stat'}, {'name': 'flags', 'type': 'int', 'value': 'O_RDONLY|O_LARGEFILE'}, {'name': 'dev', 'type': 'dev_t', 'value': 5}, {'name': 'inode', 'type': 'unsigned long', 'value': 127842}]",0,0
18830.831895,7786,7291,0,ps,ip-10-100-1-26,257,openat,4,9,"[{'name': 'dirfd', 'type': 'int', 'value': -100}, {'name': 'pathname', 'type': 'const char*', 'value': '/proc/526/stat'}, {'name': 'flags', 'type': 'int', 'value': 'O_RDONLY'}, {'name': 'mode', 'type': 'int', 'value': 2207129259}]",0,0
18830.831933,7786,7291,0,ps,ip-10-100-1-26,3,close,1,0,"[{'name': 'fd', 'type': 'int', 'value': 9}]",0,0
18830.831963,7786,7291,0,ps,ip-10-100-1-26,1005,security_file_open,4,0,"[{'name': 'pathname', 'type': 'const char*', 'value': '/proc/526/status'}, {'name': 'flags', 'type': 'int', 'value': 'O_RDONLY|O_LARGEFILE'}, {'name': 'dev', 'type': 'dev_t', 'value': 5}, {'name': 'inode', 'type': 'unsigned long', 'value': 127843}]",0,0
18830.831989,7786,7291,0,ps,ip-10-100-1-26,257,openat,4,9,"[{'name': 'dirfd', 'type': 'int', 'value': -100}, {'name': 'pathname', 'type': 'const char*', 'value': '/proc/526/status'}, {'name': 'flags', 'type': 'int', 'value': 'O_RDONLY'}, {'name': 'mode', 'type': 'int', 'value': 2207129259}]",0,0
18830.832022,7786,7291,0,ps,ip-10-100-1-26,3,close,1,0,"[{'name': 'fd', 'type': 'int', 'value': 9}]",0,0
18830.832048,7786,7291,0,ps,ip-10-100-1-26,1005,security_file_open,4,0,"[{'name': 'pathname', 'type': 'const char*', 'value': '/proc/526/cmdline'}, {'name': 'flags', 'type': 'int', 'value': 'O_RDONLY|O_LARGEFILE'}, {'name': 'dev', 'type': 'dev_t', 'value': 5}, {'name': 'inode', 'type': 'unsigned long', 'value': 127844}]",0,0
18830.832074,7786,7291,0,ps,ip-10-100-1-26,257,openat,4,9,"[{'name': 'dirfd', 'type': 'int', 'value': -100}, {'name': 'pathname', 'type': 'const char*', 'value': '/proc/526/cmdline'}, {'name': 'flags', 'type': 'int', 'value': 'O_RDONLY'}, {'name': 'mode', 'type': 'int', 'value': 2207129259}]",0,0
18830.832105,7786,7291,0,ps,ip-10-100-1-26,3,close,1,0,"[{'name': 'fd', 'type': 'int', 'value': 9}]",0,0
18830.832133,7786,7291,0,ps,ip-10-100-1-26,4,stat,2,0,"[{'name': 'pathname', 'type': 'const char*', 'value': '/proc/654'}, {'name': 'statbuf', 'type': 'struct stat*', 'value': '0x7F96839DD680'}]",0,0
18830.832156,7786,7291,0,ps,ip-10-100-1-26,1005,security_file_open,4,0,"[{'name': 'pathname', 'type': 'const char*', 'value': '/proc/654/stat'}, {'name': 'flags', 'type': 'int', 'value': 'O_RDONLY|O_LARGEFILE'}, {'name': 'dev', 'type': 'dev_t', 'value': 5}, {'name': 'inode', 'type': 'unsigned long', 'value': 127845}]",0,0
18830.832181,7786,7291,0,ps,ip-10-100-1-26,257,openat,4,9,"[{'name': 'dirfd', 'type': 'int', 'value': -100}, {'name': 'pathname', 'type': 'const char*', 'value': '/proc/654/stat'}, {'name': 'flags', 'type': 'int', 'value': 'O_RDONLY'}, {'name': 'mode', 'type': 'int', 'value': 2207129259}]",0,0
18830.832212,7786,7291,0,ps,ip-10-100-1-26,3,close,1,0,"[{'name': 'fd', 'type': 'int', 'value': 9}]",0,0
18830.83224,7786,7291,0,ps,ip-10-100-1-26,1005,security_file_open,4,0,"[{'name': 'pathname', 'type': 'const char*', 'value': '/proc/654/status'}, {'name': 'flags', 'type': 'int', 'value': 'O_RDONLY|O_LARGEFILE'}, {'name': 'dev', 'type': 'dev_t', 'value': 5}, {'name': 'inode', 'type': 'unsigned long', 'value': 127846}]",0,0
18830.832265,7786,7291,0,ps,ip-10-100-1-26,257,openat,4,9,"[{'name': 'dirfd', 'type': 'int', 'value': -100}, {'name': 'pathname', 'type': 'const char*', 'value': '/proc/654/status'}, {'name': 'flags', 'type': 'int', 'value': 'O_RDONLY'}, {'name': 'mode', 'type': 'int', 'value': 2207129259}]",0,0
18830.832298,7786,7291,0,ps,ip-10-100-1-26,3,close,1,0,"[{'name': 'fd', 'type': 'int', 'value': 9}]",0,0
18830.839317,7788,7049,0,sshd,ip-10-100-1-26,1005,security_file_open,4,0,"[{'name': 'pathname', 'type': 'const char*', 'value': '/proc/7788/oom_score_adj'}, {'name': 'flags', 'type': 'int', 'value': 'O_WRONLY|O_CREAT|O_TRUNC|O_LARGEFILE'}, {'name': 'dev', 'type': 'dev_t', 'value': 5}, {'name': 'inode', 'type': 'unsigned long', 'value': 127957}]",0,0
18830.839353,7788,7049,0,sshd,ip-10-100-1-26,257,openat,4,11,"[{'name': 'dirfd', 'type': 'int', 'value': -100}, {'name': 'pathname', 'type': 'const char*', 'value': '/proc/self/oom_score_adj'}, {'name': 'flags', 'type': 'int', 'value': 'O_WRONLY|O_CREAT|O_TRUNC'}, {'name': 'mode', 'type': 'int', 'value': 416321195}]",0,0
18830.839398,7788,7049,0,sshd,ip-10-100-1-26,5,fstat,2,0,"[{'name': 'fd', 'type': 'int', 'value': 11}, {'name': 'statbuf', 'type': 'struct stat*', 'value': '0x7FFD7E2E2B00'}]",0,0
18830.839477,7788,7049,0,sshd,ip-10-100-1-26,3,close,1,0,"[{'name': 'fd', 'type': 'int', 'value': 11}]",0,0
18830.839505,7788,7049,0,sshd,ip-10-100-1-26,3,close,1,0,"[{'name': 'fd', 'type': 'int', 'value': 6}]",0,0
18830.839542,7788,7049,0,sshd,ip-10-100-1-26,3,close,1,0,"[{'name': 'fd', 'type': 'int', 'value': 7}]",0,0
18830.839564,7788,7049,0,sshd,ip-10-100-1-26,3,close,1,0,"[{'name': 'fd', 'type': 'int', 'value': 3}]",0,0
18830.839585,7788,7049,0,sshd,ip-10-100-1-26,3,close,1,0,"[{'name': 'fd', 'type': 'int', 'value': 4}]",0,0
18830.839618,7788,7049,0,sshd,ip-10-100-1-26,3,close,1,0,"[{'name': 'fd', 'type': 'int', 'value': 9}]",0,0
18830.840325,7786,7291,0,ps,ip-10-100-1-26,1005,security_file_open,4,0,"[{'name': 'pathname', 'type': 'const char*', 'value': '/proc/654/cmdline'}, {'name': 'flags', 'type': 'int', 'value': 'O_RDONLY|O_LARGEFILE'}, {'name': 'dev', 'type': 'dev_t', 'value': 5}, {'name': 'inode', 'type': 'unsigned long', 'value': 127847}]",0,0
18830.840363,7786,7291,0,ps,ip-10-100-1-26,257,openat,4,9,"[{'name': 'dirfd', 'type': 'int', 'value': -100}, {'name': 'pathname', 'type': 'const char*', 'value': '/proc/654/cmdline'}, {'name': 'flags', 'type': 'int', 'value': 'O_RDONLY'}, {'name': 'mode', 'type': 'int', 'value': 2207129259}]",0,0
18830.840399,7786,7291,0,ps,ip-10-100-1-26,3,close,1,0,"[{'name': 'fd', 'type': 'int', 'value': 9}]",0,0
18830.840451,7786,7291,0,ps,ip-10-100-1-26,4,stat,2,0,"[{'name': 'pathname', 'type': 'const char*', 'value': '/proc/661'}, {'name': 'statbuf', 'type': 'struct stat*', 'value': '0x7F96839DD680'}]",0,0
18830.840479,7786,7291,0,ps,ip-10-100-1-26,1005,security_file_open,4,0,"[{'name': 'pathname', 'type': 'const char*', 'value': '/proc/661/stat'}, {'name': 'flags', 'type': 'int', 'value': 'O_RDONLY|O_LARGEFILE'}, {'name': 'dev', 'type': 'dev_t', 'value': 5}, {'name': 'inode', 'type': 'unsigned long', 'value': 127848}]",0,0
18830.840506,7786,7291,0,ps,ip-10-100-1-26,257,openat,4,9,"[{'name': 'dirfd', 'type': 'int', 'value': -100}, {'name': 'pathname', 'type': 'const char*', 'value': '/proc/661/stat'}, {'name': 'flags', 'type': 'int', 'value': 'O_RDONLY'}, {'name': 'mode', 'type': 'int', 'value': 2207129259}]",0,0
18830.840539,7786,7291,0,ps,ip-10-100-1-26,3,close,1,0,"[{'name': 'fd', 'type': 'int', 'value': 9}]",0,0
18830.84057,7786,7291,0,ps,ip-10-100-1-26,1005,security_file_open,4,0,"[{'name': 'pathname', 'type': 'const char*', 'value': '/proc/661/status'}, {'name': 'flags', 'type': 'int', 'value': 'O_RDONLY|O_LARGEFILE'}, {'name': 'dev', 'type': 'dev_t', 'value': 5}, {'name': 'inode', 'type': 'unsigned long', 'value': 127849}]",0,0
18830.840596,7786,7291,0,ps,ip-10-100-1-26,257,openat,4,9,"[{'name': 'dirfd', 'type': 'int', 'value': -100}, {'name': 'pathname', 'type': 'const char*', 'value': '/proc/661/status'}, {'name': 'flags', 'type': 'int', 'value': 'O_RDONLY'}, {'name': 'mode', 'type': 'int', 'value': 2207129259}]",0,0
18830.840632,7786,7291,0,ps,ip-10-100-1-26,3,close,1,0,"[{'name': 'fd', 'type': 'int', 'value': 9}]",0,0
18830.84066,7786,7291,0,ps,ip-10-100-1-26,1005,security_file_open,4,0,"[{'name': 'pathname', 'type': 'const char*', 'value': '/proc/661/cmdline'}, {'name': 'flags', 'type': 'int', 'value': 'O_RDONLY|O_LARGEFILE'}, {'name': 'dev', 'type': 'dev_t', 'value': 5}, {'name': 'inode', 'type': 'unsigned long', 'value': 127850}]",0,0
18830.840685,7786,7291,0,ps,ip-10-100-1-26,257,openat,4,9,"[{'name': 'dirfd', 'type': 'int', 'value': -100}, {'name': 'pathname', 'type': 'const char*', 'value': '/proc/661/cmdline'}, {'name': 'flags', 'type': 'int', 'value': 'O_RDONLY'}, {'name': 'mode', 'type': 'int', 'value': 2207129259}]",0,0
18830.840718,7786,7291,0,ps,ip-10-100-1-26,3,close,1,0,"[{'name': 'fd', 'type': 'int', 'value': 9}]",0,0
18830.840747,7786,7291,0,ps,ip-10-100-1-26,4,stat,2,0,"[{'name': 'pathname', 'type': 'const char*', 'value': '/proc/669'}, {'name': 'statbuf', 'type': 'struct stat*', 'value': '0x7F96839DD680'}]",0,0
18830.840771,7786,7291,0,ps,ip-10-100-1-26,1005,security_file_open,4,0,"[{'name': 'pathname', 'type': 'const char*', 'value': '/proc/669/stat'}, {'name': 'flags', 'type': 'int', 'value': 'O_RDONLY|O_LARGEFILE'}, {'name': 'dev', 'type': 'dev_t', 'value': 5}, {'name': 'inode', 'type': 'unsigned long', 'value': 127851}]",0,0
18830.840796,7786,7291,0,ps,ip-10-100-1-26,257,openat,4,9,"[{'name': 'dirfd', 'type': 'int', 'value': -100}, {'name': 'pathname', 'type': 'const char*', 'value': '/proc/669/stat'}, {'name': 'flags', 'type': 'int', 'value': 'O_RDONLY'}, {'name': 'mode', 'type': 'int', 'value': 2207129259}]",0,0
18830.840827,7786,7291,0,ps,ip-10-100-1-26,3,close,1,0,"[{'name': 'fd', 'type': 'int', 'value': 9}]",0,0
18830.840855,7786,7291,0,ps,ip-10-100-1-26,1005,security_file_open,4,0,"[{'name': 'pathname', 'type': 'const char*', 'value': '/proc/669/status'}, {'name': 'flags', 'type': 'int', 'value': 'O_RDONLY|O_LARGEFILE'}, {'name': 'dev', 'type': 'dev_t', 'value': 5}, {'name': 'inode', 'type': 'unsigned long', 'value': 127852}]",0,0
18830.84088,7786,7291,0,ps,ip-10-100-1-26,257,openat,4,9,"[{'name': 'dirfd', 'type': 'int', 'value': -100}, {'name': 'pathname', 'type': 'const char*', 'value': '/proc/669/status'}, {'name': 'flags', 'type': 'int', 'value': 'O_RDONLY'}, {'name': 'mode', 'type': 'int', 'value': 2207129259}]",0,0
18830.840914,7786,7291,0,ps,ip-10-100-1-26,3,close,1,0,"[{'name': 'fd', 'type': 'int', 'value': 9}]",0,0
18830.840941,7786,7291,0,ps,ip-10-100-1-26,1005,security_file_open,4,0,"[{'name': 'pathname', 'type': 'const char*', 'value': '/proc/669/cmdline'}, {'name': 'flags', 'type': 'int', 'value': 'O_RDONLY|O_LARGEFILE'}, {'name': 'dev', 'type': 'dev_t', 'value': 5}, {'name': 'inode', 'type': 'unsigned long', 'value': 127853}]",0,0
18830.840966,7786,7291,0,ps,ip-10-100-1-26,257,openat,4,9,"[{'name': 'dirfd', 'type': 'int', 'value': -100}, {'name': 'pathname', 'type': 'const char*', 'value': '/proc/669/cmdline'}, {'name': 'flags', 'type': 'int', 'value': 'O_RDONLY'}, {'name': 'mode', 'type': 'int', 'value': 2207129259}]",0,0
18830.840999,7786,7291,0,ps,ip-10-100-1-26,3,close,1,0,"[{'name': 'fd', 'type': 'int', 'value': 9}]",0,0
18830.841028,7786,7291,0,ps,ip-10-100-1-26,4,stat,2,0,"[{'name': 'pathname', 'type': 'const char*', 'value': '/proc/676'}, {'name': 'statbuf', 'type': 'struct stat*', 'value': '0x7F96839DD680'}]",0,0
18830.841052,7786,7291,0,ps,ip-10-100-1-26,1005,security_file_open,4,0,"[{'name': 'pathname', 'type': 'const char*', 'value': '/proc/676/stat'}, {'name': 'flags', 'type': 'int', 'value': 'O_RDONLY|O_LARGEFILE'}, {'name': 'dev', 'type': 'dev_t', 'value': 5}, {'name': 'inode', 'type': 'unsigned long', 'value': 127854}]",0,0
18830.841077,7786,7291,0,ps,ip-10-100-1-26,257,openat,4,9,"[{'name': 'dirfd', 'type': 'int', 'value': -100}, {'name': 'pathname', 'type': 'const char*', 'value': '/proc/676/stat'}, {'name': 'flags', 'type': 'int', 'value': 'O_RDONLY'}, {'name': 'mode', 'type': 'int', 'value': 2207129259}]",0,0
18830.841108,7786,7291,0,ps,ip-10-100-1-26,3,close,1,0,"[{'name': 'fd', 'type': 'int', 'value': 9}]",0,0
18830.841135,7786,7291,0,ps,ip-10-100-1-26,1005,security_file_open,4,0,"[{'name': 'pathname', 'type': 'const char*', 'value': '/proc/676/status'}, {'name': 'flags', 'type': 'int', 'value': 'O_RDONLY|O_LARGEFILE'}, {'name': 'dev', 'type': 'dev_t', 'value': 5}, {'name': 'inode', 'type': 'unsigned long', 'value': 127855}]",0,0
18830.84116,7786,7291,0,ps,ip-10-100-1-26,257,openat,4,9,"[{'name': 'dirfd', 'type': 'int', 'value': -100}, {'name': 'pathname', 'type': 'const char*', 'value': '/proc/676/status'}, {'name': 'flags', 'type': 'int', 'value': 'O_RDONLY'}, {'name': 'mode', 'type': 'int', 'value': 2207129259}]",0,0
18830.841194,7786,7291,0,ps,ip-10-100-1-26,3,close,1,0,"[{'name': 'fd', 'type': 'int', 'value': 9}]",0,0
18830.841223,7786,7291,0,ps,ip-10-100-1-26,1005,security_file_open,4,0,"[{'name': 'pathname', 'type': 'const char*', 'value': '/proc/676/cmdline'}, {'name': 'flags', 'type': 'int', 'value': 'O_RDONLY|O_LARGEFILE'}, {'name': 'dev', 'type': 'dev_t', 'value': 5}, {'name': 'inode', 'type': 'unsigned long', 'value': 127856}]",0,0
18830.841249,7786,7291,0,ps,ip-10-100-1-26,257,openat,4,9,"[{'name': 'dirfd', 'type': 'int', 'value': -100}, {'name': 'pathname', 'type': 'const char*', 'value': '/proc/676/cmdline'}, {'name': 'flags', 'type': 'int', 'value': 'O_RDONLY'}, {'name': 'mode', 'type': 'int', 'value': 2207129259}]",0,0
18830.841281,7786,7291,0,ps,ip-10-100-1-26,3,close,1,0,"[{'name': 'fd', 'type': 'int', 'value': 9}]",0,0
18830.841309,7786,7291,0,ps,ip-10-100-1-26,4,stat,2,0,"[{'name': 'pathname', 'type': 'const char*', 'value': '/proc/1516'}, {'name': 'statbuf', 'type': 'struct stat*', 'value': '0x7F96839DD680'}]",0,0
18830.841333,7786,7291,0,ps,ip-10-100-1-26,1005,security_file_open,4,0,"[{'name': 'pathname', 'type': 'const char*', 'value': '/proc/1516/stat'}, {'name': 'flags', 'type': 'int', 'value': 'O_RDONLY|O_LARGEFILE'}, {'name': 'dev', 'type': 'dev_t', 'value': 5}, {'name': 'inode', 'type': 'unsigned long', 'value': 127857}]",0,0
18830.841358,7786,7291,0,ps,ip-10-100-1-26,257,openat,4,9,"[{'name': 'dirfd', 'type': 'int', 'value': -100}, {'name': 'pathname', 'type': 'const char*', 'value': '/proc/1516/stat'}, {'name': 'flags', 'type': 'int', 'value': 'O_RDONLY'}, {'name': 'mode', 'type': 'int', 'value': 2207129259}]",0,0
18830.84139,7786,7291,0,ps,ip-10-100-1-26,3,close,1,0,"[{'name': 'fd', 'type': 'int', 'value': 9}]",0,0
18830.841417,7786,7291,0,ps,ip-10-100-1-26,1005,security_file_open,4,0,"[{'name': 'pathname', 'type': 'const char*', 'value': '/proc/1516/status'}, {'name': 'flags', 'type': 'int', 'value': 'O_RDONLY|O_LARGEFILE'}, {'name': 'dev', 'type': 'dev_t', 'value': 5}, {'name': 'inode', 'type': 'unsigned long', 'value': 127858}]",0,0
18830.841442,7786,7291,0,ps,ip-10-100-1-26,257,openat,4,9,"[{'name': 'dirfd', 'type': 'int', 'value': -100}, {'name': 'pathname', 'type': 'const char*', 'value': '/proc/1516/status'}, {'name': 'flags', 'type': 'int', 'value': 'O_RDONLY'}, {'name': 'mode', 'type': 'int', 'value': 2207129259}]",0,0
18830.841475,7786,7291,0,ps,ip-10-100-1-26,3,close,1,0,"[{'name': 'fd', 'type': 'int', 'value': 9}]",0,0
18830.841501,7786,7291,0,ps,ip-10-100-1-26,1005,security_file_open,4,0,"[{'name': 'pathname', 'type': 'const char*', 'value': '/proc/1516/cmdline'}, {'name': 'flags', 'type': 'int', 'value': 'O_RDONLY|O_LARGEFILE'}, {'name': 'dev', 'type': 'dev_t', 'value': 5}, {'name': 'inode', 'type': 'unsigned long', 'value': 127859}]",0,0
18830.841527,7786,7291,0,ps,ip-10-100-1-26,257,openat,4,9,"[{'name': 'dirfd', 'type': 'int', 'value': -100}, {'name': 'pathname', 'type': 'const char*', 'value': '/proc/1516/cmdline'}, {'name': 'flags', 'type': 'int', 'value': 'O_RDONLY'}, {'name': 'mode', 'type': 'int', 'value': 2207129259}]",0,0
18830.841559,7786,7291,0,ps,ip-10-100-1-26,3,close,1,0,"[{'name': 'fd', 'type': 'int', 'value': 9}]",0,0
18830.841587,7786,7291,0,ps,ip-10-100-1-26,4,stat,2,0,"[{'name': 'pathname', 'type': 'const char*', 'value': '/proc/1569'}, {'name': 'statbuf', 'type': 'struct stat*', 'value': '0x7F96839DD680'}]",0,0
18830.841613,7786,7291,0,ps,ip-10-100-1-26,1005,security_file_open,4,0,"[{'name': 'pathname', 'type': 'const char*', 'value': '/proc/1569/stat'}, {'name': 'flags', 'type': 'int', 'value': 'O_RDONLY|O_LARGEFILE'}, {'name': 'dev', 'type': 'dev_t', 'value': 5}, {'name': 'inode', 'type': 'unsigned long', 'value': 127860}]",0,0
18830.841639,7786,7291,0,ps,ip-10-100-1-26,257,openat,4,9,"[{'name': 'dirfd', 'type': 'int', 'value': -100}, {'name': 'pathname', 'type': 'const char*', 'value': '/proc/1569/stat'}, {'name': 'flags', 'type': 'int', 'value': 'O_RDONLY'}, {'name': 'mode', 'type': 'int', 'value': 2207129259}]",0,0
18830.84167,7786,7291,0,ps,ip-10-100-1-26,3,close,1,0,"[{'name': 'fd', 'type': 'int', 'value': 9}]",0,0
18830.841697,7786,7291,0,ps,ip-10-100-1-26,1005,security_file_open,4,0,"[{'name': 'pathname', 'type': 'const char*', 'value': '/proc/1569/status'}, {'name': 'flags', 'type': 'int', 'value': 'O_RDONLY|O_LARGEFILE'}, {'name': 'dev', 'type': 'dev_t', 'value': 5}, {'name': 'inode', 'type': 'unsigned long', 'value': 127861}]",0,0
18830.841722,7786,7291,0,ps,ip-10-100-1-26,257,openat,4,9,"[{'name': 'dirfd', 'type': 'int', 'value': -100}, {'name': 'pathname', 'type': 'const char*', 'value': '/proc/1569/status'}, {'name': 'flags', 'type': 'int', 'value': 'O_RDONLY'}, {'name': 'mode', 'type': 'int', 'value': 2207129259}]",0,0
18830.841755,7786,7291,0,ps,ip-10-100-1-26,3,close,1,0,"[{'name': 'fd', 'type': 'int', 'value': 9}]",0,0
18830.841782,7786,7291,0,ps,ip-10-100-1-26,1005,security_file_open,4,0,"[{'name': 'pathname', 'type': 'const char*', 'value': '/proc/1569/cmdline'}, {'name': 'flags', 'type': 'int', 'value': 'O_RDONLY|O_LARGEFILE'}, {'name': 'dev', 'type': 'dev_t', 'value': 5}, {'name': 'inode', 'type': 'unsigned long', 'value': 127862}]",0,0
18830.841807,7786,7291,0,ps,ip-10-100-1-26,257,openat,4,9,"[{'name': 'dirfd', 'type': 'int', 'value': -100}, {'name': 'pathname', 'type': 'const char*', 'value': '/proc/1569/cmdline'}, {'name': 'flags', 'type': 'int', 'value': 'O_RDONLY'}, {'name': 'mode', 'type': 'int', 'value': 2207129259}]",0,0
18830.841839,7786,7291,0,ps,ip-10-100-1-26,3,close,1,0,"[{'name': 'fd', 'type': 'int', 'value': 9}]",0,0
18830.841867,7786,7291,0,ps,ip-10-100-1-26,4,stat,2,0,"[{'name': 'pathname', 'type': 'const char*', 'value': '/proc/3900'}, {'name': 'statbuf', 'type': 'struct stat*', 'value': '0x7F96839DD680'}]",0,0
18830.841891,7786,7291,0,ps,ip-10-100-1-26,1005,security_file_open,4,0,"[{'name': 'pathname', 'type': 'const char*', 'value': '/proc/3900/stat'}, {'name': 'flags', 'type': 'int', 'value': 'O_RDONLY|O_LARGEFILE'}, {'name': 'dev', 'type': 'dev_t', 'value': 5}, {'name': 'inode', 'type': 'unsigned long', 'value': 127863}]",0,0
18830.841916,7786,7291,0,ps,ip-10-100-1-26,257,openat,4,9,"[{'name': 'dirfd', 'type': 'int', 'value': -100}, {'name': 'pathname', 'type': 'const char*', 'value': '/proc/3900/stat'}, {'name': 'flags', 'type': 'int', 'value': 'O_RDONLY'}, {'name': 'mode', 'type': 'int', 'value': 2207129259}]",0,0
18830.841947,7786,7291,0,ps,ip-10-100-1-26,3,close,1,0,"[{'name': 'fd', 'type': 'int', 'value': 9}]",0,0
18830.841974,7786,7291,0,ps,ip-10-100-1-26,1005,security_file_open,4,0,"[{'name': 'pathname', 'type': 'const char*', 'value': '/proc/3900/status'}, {'name': 'flags', 'type': 'int', 'value': 'O_RDONLY|O_LARGEFILE'}, {'name': 'dev', 'type': 'dev_t', 'value': 5}, {'name': 'inode', 'type': 'unsigned long', 'value': 127864}]",0,0
18830.841999,7786,7291,0,ps,ip-10-100-1-26,257,openat,4,9,"[{'name': 'dirfd', 'type': 'int', 'value': -100}, {'name': 'pathname', 'type': 'const char*', 'value': '/proc/3900/status'}, {'name': 'flags', 'type': 'int', 'value': 'O_RDONLY'}, {'name': 'mode', 'type': 'int', 'value': 2207129259}]",0,0
18830.842032,7786,7291,0,ps,ip-10-100-1-26,3,close,1,0,"[{'name': 'fd', 'type': 'int', 'value': 9}]",0,0
18830.842058,7786,7291,0,ps,ip-10-100-1-26,1005,security_file_open,4,0,"[{'name': 'pathname', 'type': 'const char*', 'value': '/proc/3900/cmdline'}, {'name': 'flags', 'type': 'int', 'value': 'O_RDONLY|O_LARGEFILE'}, {'name': 'dev', 'type': 'dev_t', 'value': 5}, {'name': 'inode', 'type': 'unsigned long', 'value': 127865}]",0,0
18830.842083,7786,7291,0,ps,ip-10-100-1-26,257,openat,4,9,"[{'name': 'dirfd', 'type': 'int', 'value': -100}, {'name': 'pathname', 'type': 'const char*', 'value': '/proc/3900/cmdline'}, {'name': 'flags', 'type': 'int', 'value': 'O_RDONLY'}, {'name': 'mode', 'type': 'int', 'value': 2207129259}]",0,0
18830.842116,7786,7291,0,ps,ip-10-100-1-26,3,close,1,0,"[{'name': 'fd', 'type': 'int', 'value': 9}]",0,0
18830.842143,7786,7291,0,ps,ip-10-100-1-26,4,stat,2,0,"[{'name': 'pathname', 'type': 'const char*', 'value': '/proc/4127'}, {'name': 'statbuf', 'type': 'struct stat*', 'value': '0x7F96839DD680'}]",0,0
18830.842166,7786,7291,0,ps,ip-10-100-1-26,1005,security_file_open,4,0,"[{'name': 'pathname', 'type': 'const char*', 'value': '/proc/4127/stat'}, {'name': 'flags', 'type': 'int', 'value': 'O_RDONLY|O_LARGEFILE'}, {'name': 'dev', 'type': 'dev_t', 'value': 5}, {'name': 'inode', 'type': 'unsigned long', 'value': 127866}]",0,0
18830.842191,7786,7291,0,ps,ip-10-100-1-26,257,openat,4,9,"[{'name': 'dirfd', 'type': 'int', 'value': -100}, {'name': 'pathname', 'type': 'const char*', 'value': '/proc/4127/stat'}, {'name': 'flags', 'type': 'int', 'value': 'O_RDONLY'}, {'name': 'mode', 'type': 'int', 'value': 2207129259}]",0,0
18830.842223,7786,7291,0,ps,ip-10-100-1-26,3,close,1,0,"[{'name': 'fd', 'type': 'int', 'value': 9}]",0,0
18830.84225,7786,7291,0,ps,ip-10-100-1-26,1005,security_file_open,4,0,"[{'name': 'pathname', 'type': 'const char*', 'value': '/proc/4127/status'}, {'name': 'flags', 'type': 'int', 'value': 'O_RDONLY|O_LARGEFILE'}, {'name': 'dev', 'type': 'dev_t', 'value': 5}, {'name': 'inode', 'type': 'unsigned long', 'value': 127867}]",0,0
18830.842275,7786,7291,0,ps,ip-10-100-1-26,257,openat,4,9,"[{'name': 'dirfd', 'type': 'int', 'value': -100}, {'name': 'pathname', 'type': 'const char*', 'value': '/proc/4127/status'}, {'name': 'flags', 'type': 'int', 'value': 'O_RDONLY'}, {'name': 'mode', 'type': 'int', 'value': 2207129259}]",0,0
18830.842308,7786,7291,0,ps,ip-10-100-1-26,3,close,1,0,"[{'name': 'fd', 'type': 'int', 'value': 9}]",0,0
18830.842335,7786,7291,0,ps,ip-10-100-1-26,1005,security_file_open,4,0,"[{'name': 'pathname', 'type': 'const char*', 'value': '/proc/4127/cmdline'}, {'name': 'flags', 'type': 'int', 'value': 'O_RDONLY|O_LARGEFILE'}, {'name': 'dev', 'type': 'dev_t', 'value': 5}, {'name': 'inode', 'type': 'unsigned long', 'value': 127868}]",0,0
18830.84236,7786,7291,0,ps,ip-10-100-1-26,257,openat,4,9,"[{'name': 'dirfd', 'type': 'int', 'value': -100}, {'name': 'pathname', 'type': 'const char*', 'value': '/proc/4127/cmdline'}, {'name': 'flags', 'type': 'int', 'value': 'O_RDONLY'}, {'name': 'mode', 'type': 'int', 'value': 2207129259}]",0,0
18830.842392,7786,7291,0,ps,ip-10-100-1-26,3,close,1,0,"[{'name': 'fd', 'type': 'int', 'value': 9}]",0,0
18830.842421,7786,7291,0,ps,ip-10-100-1-26,4,stat,2,0,"[{'name': 'pathname', 'type': 'const char*', 'value': '/proc/4145'}, {'name': 'statbuf', 'type': 'struct stat*', 'value': '0x7F96839DD680'}]",0,0
18830.842445,7786,7291,0,ps,ip-10-100-1-26,1005,security_file_open,4,0,"[{'name': 'pathname', 'type': 'const char*', 'value': '/proc/4145/stat'}, {'name': 'flags', 'type': 'int', 'value': 'O_RDONLY|O_LARGEFILE'}, {'name': 'dev', 'type': 'dev_t', 'value': 5}, {'name': 'inode', 'type': 'unsigned long', 'value': 127869}]",0,0
18830.84247,7786,7291,0,ps,ip-10-100-1-26,257,openat,4,9,"[{'name': 'dirfd', 'type': 'int', 'value': -100}, {'name': 'pathname', 'type': 'const char*', 'value': '/proc/4145/stat'}, {'name': 'flags', 'type': 'int', 'value': 'O_RDONLY'}, {'name': 'mode', 'type': 'int', 'value': 2207129259}]",0,0
18830.8425,7786,7291,0,ps,ip-10-100-1-26,3,close,1,0,"[{'name': 'fd', 'type': 'int', 'value': 9}]",0,0
18830.842528,7786,7291,0,ps,ip-10-100-1-26,1005,security_file_open,4,0,"[{'name': 'pathname', 'type': 'const char*', 'value': '/proc/4145/status'}, {'name': 'flags', 'type': 'int', 'value': 'O_RDONLY|O_LARGEFILE'}, {'name': 'dev', 'type': 'dev_t', 'value': 5}, {'name': 'inode', 'type': 'unsigned long', 'value': 127870}]",0,0
18830.842553,7786,7291,0,ps,ip-10-100-1-26,257,openat,4,9,"[{'name': 'dirfd', 'type': 'int', 'value': -100}, {'name': 'pathname', 'type': 'const char*', 'value': '/proc/4145/status'}, {'name': 'flags', 'type': 'int', 'value': 'O_RDONLY'}, {'name': 'mode', 'type': 'int', 'value': 2207129259}]",0,0
18830.842585,7786,7291,0,ps,ip-10-100-1-26,3,close,1,0,"[{'name': 'fd', 'type': 'int', 'value': 9}]",0,0
18830.842612,7786,7291,0,ps,ip-10-100-1-26,1005,security_file_open,4,0,"[{'name': 'pathname', 'type': 'const char*', 'value': '/proc/4145/cmdline'}, {'name': 'flags', 'type': 'int', 'value': 'O_RDONLY|O_LARGEFILE'}, {'name': 'dev', 'type': 'dev_t', 'value': 5}, {'name': 'inode', 'type': 'unsigned long', 'value': 127871}]",0,0
18830.842637,7786,7291,0,ps,ip-10-100-1-26,257,openat,4,9,"[{'name': 'dirfd', 'type': 'int', 'value': -100}, {'name': 'pathname', 'type': 'const char*', 'value': '/proc/4145/cmdline'}, {'name': 'flags', 'type': 'int', 'value': 'O_RDONLY'}, {'name': 'mode', 'type': 'int', 'value': 2207129259}]",0,0
18830.842668,7786,7291,0,ps,ip-10-100-1-26,3,close,1,0,"[{'name': 'fd', 'type': 'int', 'value': 9}]",0,0
18830.842695,7786,7291,0,ps,ip-10-100-1-26,4,stat,2,0,"[{'name': 'pathname', 'type': 'const char*', 'value': '/proc/7049'}, {'name': 'statbuf', 'type': 'struct stat*', 'value': '0x7F96839DD680'}]",0,0
18830.842719,7786,7291,0,ps,ip-10-100-1-26,1005,security_file_open,4,0,"[{'name': 'pathname', 'type': 'const char*', 'value': '/proc/7049/stat'}, {'name': 'flags', 'type': 'int', 'value': 'O_RDONLY|O_LARGEFILE'}, {'name': 'dev', 'type': 'dev_t', 'value': 5}, {'name': 'inode', 'type': 'unsigned long', 'value': 127872}]",0,0
18830.842744,7786,7291,0,ps,ip-10-100-1-26,257,openat,4,9,"[{'name': 'dirfd', 'type': 'int', 'value': -100}, {'name': 'pathname', 'type': 'const char*', 'value': '/proc/7049/stat'}, {'name': 'flags', 'type': 'int', 'value': 'O_RDONLY'}, {'name': 'mode', 'type': 'int', 'value': 2207129259}]",0,0
18830.842774,7786,7291,0,ps,ip-10-100-1-26,3,close,1,0,"[{'name': 'fd', 'type': 'int', 'value': 9}]",0,0
18830.842801,7786,7291,0,ps,ip-10-100-1-26,1005,security_file_open,4,0,"[{'name': 'pathname', 'type': 'const char*', 'value': '/proc/7049/status'}, {'name': 'flags', 'type': 'int', 'value': 'O_RDONLY|O_LARGEFILE'}, {'name': 'dev', 'type': 'dev_t', 'value': 5}, {'name': 'inode', 'type': 'unsigned long', 'value': 127873}]",0,0
18830.842827,7786,7291,0,ps,ip-10-100-1-26,257,openat,4,9,"[{'name': 'dirfd', 'type': 'int', 'value': -100}, {'name': 'pathname', 'type': 'const char*', 'value': '/proc/7049/status'}, {'name': 'flags', 'type': 'int', 'value': 'O_RDONLY'}, {'name': 'mode', 'type': 'int', 'value': 2207129259}]",0,0
18830.842859,7786,7291,0,ps,ip-10-100-1-26,3,close,1,0,"[{'name': 'fd', 'type': 'int', 'value': 9}]",0,0
18830.842886,7786,7291,0,ps,ip-10-100-1-26,1005,security_file_open,4,0,"[{'name': 'pathname', 'type': 'const char*', 'value': '/proc/7049/cmdline'}, {'name': 'flags', 'type': 'int', 'value': 'O_RDONLY|O_LARGEFILE'}, {'name': 'dev', 'type': 'dev_t', 'value': 5}, {'name': 'inode', 'type': 'unsigned long', 'value': 127874}]",0,0
18830.842911,7786,7291,0,ps,ip-10-100-1-26,257,openat,4,9,"[{'name': 'dirfd', 'type': 'int', 'value': -100}, {'name': 'pathname', 'type': 'const char*', 'value': '/proc/7049/cmdline'}, {'name': 'flags', 'type': 'int', 'value': 'O_RDONLY'}, {'name': 'mode', 'type': 'int', 'value': 2207129259}]",0,0
18830.842944,7786,7291,0,ps,ip-10-100-1-26,3,close,1,0,"[{'name': 'fd', 'type': 'int', 'value': 9}]",0,0
18830.842977,7786,7291,0,ps,ip-10-100-1-26,4,stat,2,0,"[{'name': 'pathname', 'type': 'const char*', 'value': '/proc/7092'}, {'name': 'statbuf', 'type': 'struct stat*', 'value': '0x7F96839DD680'}]",0,0
18830.843003,7786,7291,0,ps,ip-10-100-1-26,1005,security_file_open,4,0,"[{'name': 'pathname', 'type': 'const char*', 'value': '/proc/7092/stat'}, {'name': 'flags', 'type': 'int', 'value': 'O_RDONLY|O_LARGEFILE'}, {'name': 'dev', 'type': 'dev_t', 'value': 5}, {'name': 'inode', 'type': 'unsigned long', 'value': 127875}]",0,0
18830.843028,7786,7291,0,ps,ip-10-100-1-26,257,openat,4,9,"[{'name': 'dirfd', 'type': 'int', 'value': -100}, {'name': 'pathname', 'type': 'const char*', 'value': '/proc/7092/stat'}, {'name': 'flags', 'type': 'int', 'value': 'O_RDONLY'}, {'name': 'mode', 'type': 'int', 'value': 2207129259}]",0,0
18830.843058,7786,7291,0,ps,ip-10-100-1-26,3,close,1,0,"[{'name': 'fd', 'type': 'int', 'value': 9}]",0,0
18830.843085,7786,7291,0,ps,ip-10-100-1-26,1005,security_file_open,4,0,"[{'name': 'pathname', 'type': 'const char*', 'value': '/proc/7092/status'}, {'name': 'flags', 'type': 'int', 'value': 'O_RDONLY|O_LARGEFILE'}, {'name': 'dev', 'type': 'dev_t', 'value': 5}, {'name': 'inode', 'type': 'unsigned long', 'value': 127876}]",0,0
18830.843111,7786,7291,0,ps,ip-10-100-1-26,257,openat,4,9,"[{'name': 'dirfd', 'type': 'int', 'value': -100}, {'name': 'pathname', 'type': 'const char*', 'value': '/proc/7092/status'}, {'name': 'flags', 'type': 'int', 'value': 'O_RDONLY'}, {'name': 'mode', 'type': 'int', 'value': 2207129259}]",0,0
18830.843143,7786,7291,0,ps,ip-10-100-1-26,3,close,1,0,"[{'name': 'fd', 'type': 'int', 'value': 9}]",0,0
18830.843169,7786,7291,0,ps,ip-10-100-1-26,1005,security_file_open,4,0,"[{'name': 'pathname', 'type': 'const char*', 'value': '/proc/7092/cmdline'}, {'name': 'flags', 'type': 'int', 'value': 'O_RDONLY|O_LARGEFILE'}, {'name': 'dev', 'type': 'dev_t', 'value': 5}, {'name': 'inode', 'type': 'unsigned long', 'value': 127877}]",0,0
18830.843194,7786,7291,0,ps,ip-10-100-1-26,257,openat,4,9,"[{'name': 'dirfd', 'type': 'int', 'value': -100}, {'name': 'pathname', 'type': 'const char*', 'value': '/proc/7092/cmdline'}, {'name': 'flags', 'type': 'int', 'value': 'O_RDONLY'}, {'name': 'mode', 'type': 'int', 'value': 2207129259}]",0,0
18830.843227,7786,7291,0,ps,ip-10-100-1-26,3,close,1,0,"[{'name': 'fd', 'type': 'int', 'value': 9}]",0,0
18830.843265,7786,7291,0,ps,ip-10-100-1-26,4,stat,2,0,"[{'name': 'pathname', 'type': 'const char*', 'value': '/proc/7093'}, {'name': 'statbuf', 'type': 'struct stat*', 'value': '0x7F96839DD680'}]",0,0
18830.843289,7786,7291,0,ps,ip-10-100-1-26,1005,security_file_open,4,0,"[{'name': 'pathname', 'type': 'const char*', 'value': '/proc/7093/stat'}, {'name': 'flags', 'type': 'int', 'value': 'O_RDONLY|O_LARGEFILE'}, {'name': 'dev', 'type': 'dev_t', 'value': 5}, {'name': 'inode', 'type': 'unsigned long', 'value': 127878}]",0,0
18830.843314,7786,7291,0,ps,ip-10-100-1-26,257,openat,4,9,"[{'name': 'dirfd', 'type': 'int', 'value': -100}, {'name': 'pathname', 'type': 'const char*', 'value': '/proc/7093/stat'}, {'name': 'flags', 'type': 'int', 'value': 'O_RDONLY'}, {'name': 'mode', 'type': 'int', 'value': 2207129259}]",0,0
18830.843344,7786,7291,0,ps,ip-10-100-1-26,3,close,1,0,"[{'name': 'fd', 'type': 'int', 'value': 9}]",0,0
18830.843371,7786,7291,0,ps,ip-10-100-1-26,1005,security_file_open,4,0,"[{'name': 'pathname', 'type': 'const char*', 'value': '/proc/7093/status'}, {'name': 'flags', 'type': 'int', 'value': 'O_RDONLY|O_LARGEFILE'}, {'name': 'dev', 'type': 'dev_t', 'value': 5}, {'name': 'inode', 'type': 'unsigned long', 'value': 127879}]",0,0
18830.843396,7786,7291,0,ps,ip-10-100-1-26,257,openat,4,9,"[{'name': 'dirfd', 'type': 'int', 'value': -100}, {'name': 'pathname', 'type': 'const char*', 'value': '/proc/7093/status'}, {'name': 'flags', 'type': 'int', 'value': 'O_RDONLY'}, {'name': 'mode', 'type': 'int', 'value': 2207129259}]",0,0
18830.843429,7786,7291,0,ps,ip-10-100-1-26,3,close,1,0,"[{'name': 'fd', 'type': 'int', 'value': 9}]",0,0
18830.843455,7786,7291,0,ps,ip-10-100-1-26,1005,security_file_open,4,0,"[{'name': 'pathname', 'type': 'const char*', 'value': '/proc/7093/cmdline'}, {'name': 'flags', 'type': 'int', 'value': 'O_RDONLY|O_LARGEFILE'}, {'name': 'dev', 'type': 'dev_t', 'value': 5}, {'name': 'inode', 'type': 'unsigned long', 'value': 127880}]",0,0
18830.84348,7786,7291,0,ps,ip-10-100-1-26,257,openat,4,9,"[{'name': 'dirfd', 'type': 'int', 'value': -100}, {'name': 'pathname', 'type': 'const char*', 'value': '/proc/7093/cmdline'}, {'name': 'flags', 'type': 'int', 'value': 'O_RDONLY'}, {'name': 'mode', 'type': 'int', 'value': 2207129259}]",0,0
18830.843512,7786,7291,0,ps,ip-10-100-1-26,3,close,1,0,"[{'name': 'fd', 'type': 'int', 'value': 9}]",0,0
18830.84355,7786,7291,0,ps,ip-10-100-1-26,4,stat,2,0,"[{'name': 'pathname', 'type': 'const char*', 'value': '/proc/7094'}, {'name': 'statbuf', 'type': 'struct stat*', 'value': '0x7F96839DD680'}]",0,0
18830.843573,7786,7291,0,ps,ip-10-100-1-26,1005,security_file_open,4,0,"[{'name': 'pathname', 'type': 'const char*', 'value': '/proc/7094/stat'}, {'name': 'flags', 'type': 'int', 'value': 'O_RDONLY|O_LARGEFILE'}, {'name': 'dev', 'type': 'dev_t', 'value': 5}, {'name': 'inode', 'type': 'unsigned long', 'value': 127881}]",0,0
18830.843598,7786,7291,0,ps,ip-10-100-1-26,257,openat,4,9,"[{'name': 'dirfd', 'type': 'int', 'value': -100}, {'name': 'pathname', 'type': 'const char*', 'value': '/proc/7094/stat'}, {'name': 'flags', 'type': 'int', 'value': 'O_RDONLY'}, {'name': 'mode', 'type': 'int', 'value': 2207129259}]",0,0
18830.843628,7786,7291,0,ps,ip-10-100-1-26,3,close,1,0,"[{'name': 'fd', 'type': 'int', 'value': 9}]",0,0
18830.843655,7786,7291,0,ps,ip-10-100-1-26,1005,security_file_open,4,0,"[{'name': 'pathname', 'type': 'const char*', 'value': '/proc/7094/status'}, {'name': 'flags', 'type': 'int', 'value': 'O_RDONLY|O_LARGEFILE'}, {'name': 'dev', 'type': 'dev_t', 'value': 5}, {'name': 'inode', 'type': 'unsigned long', 'value': 127882}]",0,0
18830.84368,7786,7291,0,ps,ip-10-100-1-26,257,openat,4,9,"[{'name': 'dirfd', 'type': 'int', 'value': -100}, {'name': 'pathname', 'type': 'const char*', 'value': '/proc/7094/status'}, {'name': 'flags', 'type': 'int', 'value': 'O_RDONLY'}, {'name': 'mode', 'type': 'int', 'value': 2207129259}]",0,0
18830.843712,7786,7291,0,ps,ip-10-100-1-26,3,close,1,0,"[{'name': 'fd', 'type': 'int', 'value': 9}]",0,0
18830.843738,7786,7291,0,ps,ip-10-100-1-26,1005,security_file_open,4,0,"[{'name': 'pathname', 'type': 'const char*', 'value': '/proc/7094/cmdline'}, {'name': 'flags', 'type': 'int', 'value': 'O_RDONLY|O_LARGEFILE'}, {'name': 'dev', 'type': 'dev_t', 'value': 5}, {'name': 'inode', 'type': 'unsigned long', 'value': 127883}]",0,0
18830.843763,7786,7291,0,ps,ip-10-100-1-26,257,openat,4,9,"[{'name': 'dirfd', 'type': 'int', 'value': -100}, {'name': 'pathname', 'type': 'const char*', 'value': '/proc/7094/cmdline'}, {'name': 'flags', 'type': 'int', 'value': 'O_RDONLY'}, {'name': 'mode', 'type': 'int', 'value': 2207129259}]",0,0
18830.843795,7786,7291,0,ps,ip-10-100-1-26,3,close,1,0,"[{'name': 'fd', 'type': 'int', 'value': 9}]",0,0
18830.849121,7787,7049,0,sshd,ip-10-100-1-26,1005,security_file_open,4,0,"[{'name': 'pathname', 'type': 'const char*', 'value': '/proc/filesystems'}, {'name': 'flags', 'type': 'int', 'value': 'O_RDONLY|O_LARGEFILE'}, {'name': 'dev', 'type': 'dev_t', 'value': 5}, {'name': 'inode', 'type': 'unsigned long', 'value': 4026532121}]",0,0
18830.849172,7787,7049,0,sshd,ip-10-100-1-26,257,openat,4,3,"[{'name': 'dirfd', 'type': 'int', 'value': -100}, {'name': 'pathname', 'type': 'const char*', 'value': '/proc/filesystems'}, {'name': 'flags', 'type': 'int', 'value': 'O_RDONLY|O_CLOEXEC'}, {'name': 'mode', 'type': 'int', 'value': 1485119147}]",0,0
18830.849198,7787,7049,0,sshd,ip-10-100-1-26,5,fstat,2,0,"[{'name': 'fd', 'type': 'int', 'value': 3}, {'name': 'statbuf', 'type': 'struct stat*', 'value': '0x7FFF752571B0'}]",0,0
18830.849253,7787,7049,0,sshd,ip-10-100-1-26,3,close,1,0,"[{'name': 'fd', 'type': 'int', 'value': 3}]",0,0
18830.849284,7787,7049,0,sshd,ip-10-100-1-26,21,access,2,-2,"[{'name': 'pathname', 'type': 'const char*', 'value': '/etc/selinux/config'}, {'name': 'mode', 'type': 'int', 'value': 'F_OK'}]",0,0
18830.849343,7787,7049,0,sshd,ip-10-100-1-26,1003,cap_capable,1,0,"[{'name': 'cap', 'type': 'int', 'value': 'CAP_SETGID'}]",0,0
18830.849379,7787,7049,0,sshd,ip-10-100-1-26,1005,security_file_open,4,0,"[{'name': 'pathname', 'type': 'const char*', 'value': '/dev/null'}, {'name': 'flags', 'type': 'int', 'value': 'O_RDWR|O_LARGEFILE'}, {'name': 'dev', 'type': 'dev_t', 'value': 6}, {'name': 'inode', 'type': 'unsigned long', 'value': 6}]",0,0
18830.849406,7787,7049,0,sshd,ip-10-100-1-26,257,openat,4,3,"[{'name': 'dirfd', 'type': 'int', 'value': -100}, {'name': 'pathname', 'type': 'const char*', 'value': '/dev/null'}, {'name': 'flags', 'type': 'int', 'value': 'O_RDWR'}, {'name': 'mode', 'type': 'int', 'value': 1485119147}]",0,0
18830.849427,7787,7049,0,sshd,ip-10-100-1-26,3,close,1,0,"[{'name': 'fd', 'type': 'int', 'value': 3}]",0,0
18830.85046,7787,7049,0,sshd,ip-10-100-1-26,1005,security_file_open,4,0,"[{'name': 'pathname', 'type': 'const char*', 'value': '/etc/ssl/openssl.cnf'}, {'name': 'flags', 'type': 'int', 'value': 'O_RDONLY|O_LARGEFILE'}, {'name': 'dev', 'type': 'dev_t', 'value': 211812353}, {'name': 'inode', 'type': 'unsigned long', 'value': 1093}]",0,0
18830.850504,7787,7049,0,sshd,ip-10-100-1-26,257,openat,4,3,"[{'name': 'dirfd', 'type': 'int', 'value': -100}, {'name': 'pathname', 'type': 'const char*', 'value': '/usr/lib/ssl/openssl.cnf'}, {'name': 'flags', 'type': 'int', 'value': 'O_RDONLY'}, {'name': 'mode', 'type': 'int', 'value': 1485119147}]",0,0
18830.850533,7787,7049,0,sshd,ip-10-100-1-26,5,fstat,2,0,"[{'name': 'fd', 'type': 'int', 'value': 3}, {'name': 'statbuf', 'type': 'struct stat*', 'value': '0x7FFF752565C0'}]",0,0
18830.850715,7787,7049,0,sshd,ip-10-100-1-26,3,close,1,0,"[{'name': 'fd', 'type': 'int', 'value': 3}]",0,0
18830.850886,7787,7049,0,sshd,ip-10-100-1-26,1005,security_file_open,4,0,"[{'name': 'pathname', 'type': 'const char*', 'value': '/proc/7787/fd'}, {'name': 'flags', 'type': 'int', 'value': 'O_RDONLY|O_NONBLOCK|O_LARGEFILE|O_DIRECTORY'}, {'name': 'dev', 'type': 'dev_t', 'value': 5}, {'name': 'inode', 'type': 'unsigned long', 'value': 127958}]",0,0
18830.850917,7787,7049,0,sshd,ip-10-100-1-26,257,openat,4,3,"[{'name': 'dirfd', 'type': 'int', 'value': -100}, {'name': 'pathname', 'type': 'const char*', 'value': '/proc/7787/fd'}, {'name': 'flags', 'type': 'int', 'value': 'O_RDONLY|O_NONBLOCK|O_DIRECTORY|O_CLOEXEC'}, {'name': 'mode', 'type': 'int', 'value': 1485141596}]",0,0
18830.850938,7787,7049,0,sshd,ip-10-100-1-26,5,fstat,2,0,"[{'name': 'fd', 'type': 'int', 'value': 3}, {'name': 'statbuf', 'type': 'struct stat*', 'value': '0x7FFF75255960'}]",0,0
18830.850984,7787,7049,0,sshd,ip-10-100-1-26,217,getdents64,3,192,"[{'name': 'fd', 'type': 'int', 'value': 3}, {'name': 'dirp', 'type': 'struct linux_dirent64*', 'value': '0x55C95A5FE4B0'}, {'name': 'count', 'type': 'size_t', 'value': 32768}]",0,0
18830.851006,7787,7049,0,sshd,ip-10-100-1-26,217,getdents64,3,0,"[{'name': 'fd', 'type': 'int', 'value': 3}, {'name': 'dirp', 'type': 'struct linux_dirent64*', 'value': '0x55C95A5FE4B0'}, {'name': 'count', 'type': 'size_t', 'value': 32768}]",0,0
18830.851027,7787,7049,0,sshd,ip-10-100-1-26,3,close,1,0,"[{'name': 'fd', 'type': 'int', 'value': 3}]",0,0
18830.851078,7787,7049,0,sshd,ip-10-100-1-26,32,dup,1,3,"[{'name': 'oldfd', 'type': 'int', 'value': 4}]",0,0
18830.851099,7787,7049,0,sshd,ip-10-100-1-26,3,close,1,0,"[{'name': 'fd', 'type': 'int', 'value': 4}]",0,0
18830.858434,7788,7049,0,sshd,ip-10-100-1-26,33,dup2,2,0,"[{'name': 'oldfd', 'type': 'int', 'value': 5}, {'name': 'newfd', 'type': 'int', 'value': 0}]",0,0
18830.858466,7788,7049,0,sshd,ip-10-100-1-26,33,dup2,2,1,"[{'name': 'oldfd', 'type': 'int', 'value': 0}, {'name': 'newfd', 'type': 'int', 'value': 1}]",0,0
18830.858487,7788,7049,0,sshd,ip-10-100-1-26,33,dup2,2,4,"[{'name': 'oldfd', 'type': 'int', 'value': 8}, {'name': 'newfd', 'type': 'int', 'value': 4}]",0,0
18830.858508,7788,7049,0,sshd,ip-10-100-1-26,3,close,1,0,"[{'name': 'fd', 'type': 'int', 'value': 8}]",0,0
18830.858528,7788,7049,0,sshd,ip-10-100-1-26,33,dup2,2,5,"[{'name': 'oldfd', 'type': 'int', 'value': 10}, {'name': 'newfd', 'type': 'int', 'value': 5}]",0,0
18830.858548,7788,7049,0,sshd,ip-10-100-1-26,3,close,1,0,"[{'name': 'fd', 'type': 'int', 'value': 10}]",0,0
18830.858569,7788,7049,0,sshd,ip-10-100-1-26,59,execve,2,0,"[{'name': 'pathname', 'type': 'const char*', 'value': '/usr/sbin/sshd'}, {'name': 'argv', 'type': 'const char*const*', 'value': ['/usr/sbin/sshd', '-D', '-o', 'AuthorizedKeysCommand /usr/share/ec2-instance-connect/eic_run_authorized_keys %u %f', '-o', 'AuthorizedKeysCommandUser ec2-instance-connect', '-R']}]",0,0
18830.858637,7788,7049,0,sshd,ip-10-100-1-26,1004,security_bprm_check,3,0,"[{'name': 'pathname', 'type': 'const char*', 'value': '/usr/sbin/sshd'}, {'name': 'dev', 'type': 'dev_t', 'value': 211812353}, {'name': 'inode', 'type': 'unsigned long', 'value': 2803}]",0,0
18830.858989,7788,7049,0,sshd,ip-10-100-1-26,21,access,2,-2,"[{'name': 'pathname', 'type': 'const char*', 'value': '/etc/ld.so.preload'}, {'name': 'mode', 'type': 'int', 'value': 'R_OK'}]",0,0
18830.85902,7788,7049,0,sshd,ip-10-100-1-26,1005,security_file_open,4,0,"[{'name': 'pathname', 'type': 'const char*', 'value': '/etc/ld.so.cache'}, {'name': 'flags', 'type': 'int', 'value': 'O_RDONLY|O_LARGEFILE'}, {'name': 'dev', 'type': 'dev_t', 'value': 211812353}, {'name': 'inode', 'type': 'unsigned long', 'value': 62957}]",0,0
18830.859049,7788,7049,0,sshd,ip-10-100-1-26,257,openat,4,3,"[{'name': 'dirfd', 'type': 'int', 'value': -100}, {'name': 'pathname', 'type': 'const char*', 'value': '/etc/ld.so.cache'}, {'name': 'flags', 'type': 'int', 'value': 'O_RDONLY|O_CLOEXEC'}, {'name': 'mode', 'type': 'int', 'value': 94555992}]",0,0
18830.859071,7788,7049,0,sshd,ip-10-100-1-26,5,fstat,2,0,"[{'name': 'fd', 'type': 'int', 'value': 3}, {'name': 'statbuf', 'type': 'struct stat*', 'value': '0x7FFDE67FD5B0'}]",0,0
18830.859102,7788,7049,0,sshd,ip-10-100-1-26,3,close,1,0,"[{'name': 'fd', 'type': 'int', 'value': 3}]",0,0
18830.85913,7788,7049,0,sshd,ip-10-100-1-26,1005,security_file_open,4,0,"[{'name': 'pathname', 'type': 'const char*', 'value': '/usr/lib/x86_64-linux-gnu/libwrap.so.0.7.6'}, {'name': 'flags', 'type': 'int', 'value': 'O_RDONLY|O_LARGEFILE'}, {'name': 'dev', 'type': 'dev_t', 'value': 211812353}, {'name': 'inode', 'type': 'unsigned long', 'value': 5595}]",0,0
18830.859157,7788,7049,0,sshd,ip-10-100-1-26,257,openat,4,3,"[{'name': 'dirfd', 'type': 'int', 'value': -100}, {'name': 'pathname', 'type': 'const char*', 'value': '/lib/x86_64-linux-gnu/libwrap.so.0'}, {'name': 'flags', 'type': 'int', 'value': 'O_RDONLY|O_CLOEXEC'}, {'name': 'mode', 'type': 'int', 'value': 94555992}]",0,0
18830.859185,7788,7049,0,sshd,ip-10-100-1-26,5,fstat,2,0,"[{'name': 'fd', 'type': 'int', 'value': 3}, {'name': 'statbuf', 'type': 'struct stat*', 'value': '0x7FFDE67FD600'}]",0,0
18830.859274,7788,7049,0,sshd,ip-10-100-1-26,3,close,1,0,"[{'name': 'fd', 'type': 'int', 'value': 3}]",0,0
18830.859304,7788,7049,0,sshd,ip-10-100-1-26,1005,security_file_open,4,0,"[{'name': 'pathname', 'type': 'const char*', 'value': '/usr/lib/x86_64-linux-gnu/libaudit.so.1.0.0'}, {'name': 'flags', 'type': 'int', 'value': 'O_RDONLY|O_LARGEFILE'}, {'name': 'dev', 'type': 'dev_t', 'value': 211812353}, {'name': 'inode', 'type': 'unsigned long', 'value': 3428}]",0,0
18830.859332,7788,7049,0,sshd,ip-10-100-1-26,257,openat,4,3,"[{'name': 'dirfd', 'type': 'int', 'value': -100}, {'name': 'pathname', 'type': 'const char*', 'value': '/lib/x86_64-linux-gnu/libaudit.so.1'}, {'name': 'flags', 'type': 'int', 'value': 'O_RDONLY|O_CLOEXEC'}, {'name': 'mode', 'type': 'int', 'value': 94555992}]",0,0
18830.859359,7788,7049,0,sshd,ip-10-100-1-26,5,fstat,2,0,"[{'name': 'fd', 'type': 'int', 'value': 3}, {'name': 'statbuf', 'type': 'struct stat*', 'value': '0x7FFDE67FD5E0'}]",0,0
18830.859456,7788,7049,0,sshd,ip-10-100-1-26,3,close,1,0,"[{'name': 'fd', 'type': 'int', 'value': 3}]",0,0
18830.859484,7788,7049,0,sshd,ip-10-100-1-26,1005,security_file_open,4,0,"[{'name': 'pathname', 'type': 'const char*', 'value': '/usr/lib/x86_64-linux-gnu/libpam.so.0.84.2'}, {'name': 'flags', 'type': 'int', 'value': 'O_RDONLY|O_LARGEFILE'}, {'name': 'dev', 'type': 'dev_t', 'value': 211812353}, {'name': 'inode', 'type': 'unsigned long', 'value': 4482}]",0,0
18830.859511,7788,7049,0,sshd,ip-10-100-1-26,257,openat,4,3,"[{'name': 'dirfd', 'type': 'int', 'value': -100}, {'name': 'pathname', 'type': 'const char*', 'value': '/lib/x86_64-linux-gnu/libpam.so.0'}, {'name': 'flags', 'type': 'int', 'value': 'O_RDONLY|O_CLOEXEC'}, {'name': 'mode', 'type': 'int', 'value': 94555992}]",0,0
18830.85954,7788,7049,0,sshd,ip-10-100-1-26,5,fstat,2,0,"[{'name': 'fd', 'type': 'int', 'value': 3}, {'name': 'statbuf', 'type': 'struct stat*', 'value': '0x7FFDE67FD5C0'}]",0,0
18830.859614,7788,7049,0,sshd,ip-10-100-1-26,3,close,1,0,"[{'name': 'fd', 'type': 'int', 'value': 3}]",0,0
18830.859642,7788,7049,0,sshd,ip-10-100-1-26,1005,security_file_open,4,0,"[{'name': 'pathname', 'type': 'const char*', 'value': '/usr/lib/x86_64-linux-gnu/libselinux.so.1'}, {'name': 'flags', 'type': 'int', 'value': 'O_RDONLY|O_LARGEFILE'}, {'name': 'dev', 'type': 'dev_t', 'value': 211812353}, {'name': 'inode', 'type': 'unsigned long', 'value': 3771}]",0,0
18830.859669,7788,7049,0,sshd,ip-10-100-1-26,257,openat,4,3,"[{'name': 'dirfd', 'type': 'int', 'value': -100}, {'name': 'pathname', 'type': 'const char*', 'value': '/lib/x86_64-linux-gnu/libselinux.so.1'}, {'name': 'flags', 'type': 'int', 'value': 'O_RDONLY|O_CLOEXEC'}, {'name': 'mode', 'type': 'int', 'value': 94555992}]",0,0
18830.8597,7788,7049,0,sshd,ip-10-100-1-26,5,fstat,2,0,"[{'name': 'fd', 'type': 'int', 'value': 3}, {'name': 'statbuf', 'type': 'struct stat*', 'value': '0x7FFDE67FD5A0'}]",0,0
18830.859798,7788,7049,0,sshd,ip-10-100-1-26,3,close,1,0,"[{'name': 'fd', 'type': 'int', 'value': 3}]",0,0
18830.859827,7788,7049,0,sshd,ip-10-100-1-26,1005,security_file_open,4,0,"[{'name': 'pathname', 'type': 'const char*', 'value': '/usr/lib/x86_64-linux-gnu/libsystemd.so.0.28.0'}, {'name': 'flags', 'type': 'int', 'value': 'O_RDONLY|O_LARGEFILE'}, {'name': 'dev', 'type': 'dev_t', 'value': 211812353}, {'name': 'inode', 'type': 'unsigned long', 'value': 4508}]",0,0
18830.859854,7788,7049,0,sshd,ip-10-100-1-26,257,openat,4,3,"[{'name': 'dirfd', 'type': 'int', 'value': -100}, {'name': 'pathname', 'type': 'const char*', 'value': '/lib/x86_64-linux-gnu/libsystemd.so.0'}, {'name': 'flags', 'type': 'int', 'value': 'O_RDONLY|O_CLOEXEC'}, {'name': 'mode', 'type': 'int', 'value': 94555992}]",0,0
18830.85988,7788,7049,0,sshd,ip-10-100-1-26,5,fstat,2,0,"[{'name': 'fd', 'type': 'int', 'value': 3}, {'name': 'statbuf', 'type': 'struct stat*', 'value': '0x7FFDE67FD580'}]",0,0
18830.860002,7788,7049,0,sshd,ip-10-100-1-26,3,close,1,0,"[{'name': 'fd', 'type': 'int', 'value': 3}]",0,0
18830.860034,7788,7049,0,sshd,ip-10-100-1-26,1005,security_file_open,4,0,"[{'name': 'pathname', 'type': 'const char*', 'value': '/usr/lib/x86_64-linux-gnu/libcrypto.so.1.1'}, {'name': 'flags', 'type': 'int', 'value': 'O_RDONLY|O_LARGEFILE'}, {'name': 'dev', 'type': 'dev_t', 'value': 211812353}, {'name': 'inode', 'type': 'unsigned long', 'value': 4492}]",0,0
18830.860061,7788,7049,0,sshd,ip-10-100-1-26,257,openat,4,3,"[{'name': 'dirfd', 'type': 'int', 'value': -100}, {'name': 'pathname', 'type': 'const char*', 'value': '/lib/x86_64-linux-gnu/libcrypto.so.1.1'}, {'name': 'flags', 'type': 'int', 'value': 'O_RDONLY|O_CLOEXEC'}, {'name': 'mode', 'type': 'int', 'value': 94555992}]",0,0
18830.860089,7788,7049,0,sshd,ip-10-100-1-26,5,fstat,2,0,"[{'name': 'fd', 'type': 'int', 'value': 3}, {'name': 'statbuf', 'type': 'struct stat*', 'value': '0x7FFDE67FD560'}]",0,0
18830.860176,7788,7049,0,sshd,ip-10-100-1-26,3,close,1,0,"[{'name': 'fd', 'type': 'int', 'value': 3}]",0,0
18830.86021,7788,7049,0,sshd,ip-10-100-1-26,1005,security_file_open,4,0,"[{'name': 'pathname', 'type': 'const char*', 'value': '/usr/lib/x86_64-linux-gnu/libutil-2.31.so'}, {'name': 'flags', 'type': 'int', 'value': 'O_RDONLY|O_LARGEFILE'}, {'name': 'dev', 'type': 'dev_t', 'value': 211812353}, {'name': 'inode', 'type': 'unsigned long', 'value': 4649}]",0,0
18830.860237,7788,7049,0,sshd,ip-10-100-1-26,257,openat,4,3,"[{'name': 'dirfd', 'type': 'int', 'value': -100}, {'name': 'pathname', 'type': 'const char*', 'value': '/lib/x86_64-linux-gnu/libutil.so.1'}, {'name': 'flags', 'type': 'int', 'value': 'O_RDONLY|O_CLOEXEC'}, {'name': 'mode', 'type': 'int', 'value': 94555992}]",0,0
18830.860263,7788,7049,0,sshd,ip-10-100-1-26,5,fstat,2,0,"[{'name': 'fd', 'type': 'int', 'value': 3}, {'name': 'statbuf', 'type': 'struct stat*', 'value': '0x7FFDE67FD540'}]",0,0
18830.863838,7786,7291,0,ps,ip-10-100-1-26,4,stat,2,0,"[{'name': 'pathname', 'type': 'const char*', 'value': '/proc/7098'}, {'name': 'statbuf', 'type': 'struct stat*', 'value': '0x7F96839DD680'}]",0,0
18830.863871,7786,7291,0,ps,ip-10-100-1-26,1005,security_file_open,4,0,"[{'name': 'pathname', 'type': 'const char*', 'value': '/proc/7098/stat'}, {'name': 'flags', 'type': 'int', 'value': 'O_RDONLY|O_LARGEFILE'}, {'name': 'dev', 'type': 'dev_t', 'value': 5}, {'name': 'inode', 'type': 'unsigned long', 'value': 127884}]",0,0
18830.8639,7786,7291,0,ps,ip-10-100-1-26,257,openat,4,9,"[{'name': 'dirfd', 'type': 'int', 'value': -100}, {'name': 'pathname', 'type': 'const char*', 'value': '/proc/7098/stat'}, {'name': 'flags', 'type': 'int', 'value': 'O_RDONLY'}, {'name': 'mode', 'type': 'int', 'value': 2207129259}]",0,0
18830.863935,7786,7291,0,ps,ip-10-100-1-26,3,close,1,0,"[{'name': 'fd', 'type': 'int', 'value': 9}]",0,0
18830.86463,7786,7291,0,ps,ip-10-100-1-26,1005,security_file_open,4,0,"[{'name': 'pathname', 'type': 'const char*', 'value': '/proc/7098/status'}, {'name': 'flags', 'type': 'int', 'value': 'O_RDONLY|O_LARGEFILE'}, {'name': 'dev', 'type': 'dev_t', 'value': 5}, {'name': 'inode', 'type': 'unsigned long', 'value': 127885}]",0,0
18830.864664,7786,7291,0,ps,ip-10-100-1-26,257,openat,4,9,"[{'name': 'dirfd', 'type': 'int', 'value': -100}, {'name': 'pathname', 'type': 'const char*', 'value': '/proc/7098/status'}, {'name': 'flags', 'type': 'int', 'value': 'O_RDONLY'}, {'name': 'mode', 'type': 'int', 'value': 2207129259}]",0,0
18830.864703,7786,7291,0,ps,ip-10-100-1-26,3,close,1,0,"[{'name': 'fd', 'type': 'int', 'value': 9}]",0,0
18830.864732,7786,7291,0,ps,ip-10-100-1-26,1005,security_file_open,4,0,"[{'name': 'pathname', 'type': 'const char*', 'value': '/proc/7098/cmdline'}, {'name': 'flags', 'type': 'int', 'value': 'O_RDONLY|O_LARGEFILE'}, {'name': 'dev', 'type': 'dev_t', 'value': 5}, {'name': 'inode', 'type': 'unsigned long', 'value': 127886}]",0,0
18830.864773,7786,7291,0,ps,ip-10-100-1-26,257,openat,4,9,"[{'name': 'dirfd', 'type': 'int', 'value': -100}, {'name': 'pathname', 'type': 'const char*', 'value': '/proc/7098/cmdline'}, {'name': 'flags', 'type': 'int', 'value': 'O_RDONLY'}, {'name': 'mode', 'type': 'int', 'value': 2207129259}]",0,0
18830.86481,7786,7291,0,ps,ip-10-100-1-26,3,close,1,0,"[{'name': 'fd', 'type': 'int', 'value': 9}]",0,0
18830.864852,7786,7291,0,ps,ip-10-100-1-26,4,stat,2,0,"[{'name': 'pathname', 'type': 'const char*', 'value': '/proc/7134'}, {'name': 'statbuf', 'type': 'struct stat*', 'value': '0x7F96839DD680'}]",0,0
18830.864877,7786,7291,0,ps,ip-10-100-1-26,1005,security_file_open,4,0,"[{'name': 'pathname', 'type': 'const char*', 'value': '/proc/7134/stat'}, {'name': 'flags', 'type': 'int', 'value': 'O_RDONLY|O_LARGEFILE'}, {'name': 'dev', 'type': 'dev_t', 'value': 5}, {'name': 'inode', 'type': 'unsigned long', 'value': 127887}]",0,0
18830.864903,7786,7291,0,ps,ip-10-100-1-26,257,openat,4,9,"[{'name': 'dirfd', 'type': 'int', 'value': -100}, {'name': 'pathname', 'type': 'const char*', 'value': '/proc/7134/stat'}, {'name': 'flags', 'type': 'int', 'value': 'O_RDONLY'}, {'name': 'mode', 'type': 'int', 'value': 2207129259}]",0,0
18830.864936,7786,7291,0,ps,ip-10-100-1-26,3,close,1,0,"[{'name': 'fd', 'type': 'int', 'value': 9}]",0,0
18830.864965,7786,7291,0,ps,ip-10-100-1-26,1005,security_file_open,4,0,"[{'name': 'pathname', 'type': 'const char*', 'value': '/proc/7134/status'}, {'name': 'flags', 'type': 'int', 'value': 'O_RDONLY|O_LARGEFILE'}, {'name': 'dev', 'type': 'dev_t', 'value': 5}, {'name': 'inode', 'type': 'unsigned long', 'value': 127888}]",0,0
18830.864991,7786,7291,0,ps,ip-10-100-1-26,257,openat,4,9,"[{'name': 'dirfd', 'type': 'int', 'value': -100}, {'name': 'pathname', 'type': 'const char*', 'value': '/proc/7134/status'}, {'name': 'flags', 'type': 'int', 'value': 'O_RDONLY'}, {'name': 'mode', 'type': 'int', 'value': 2207129259}]",0,0
18830.865025,7786,7291,0,ps,ip-10-100-1-26,3,close,1,0,"[{'name': 'fd', 'type': 'int', 'value': 9}]",0,0
18830.865052,7786,7291,0,ps,ip-10-100-1-26,1005,security_file_open,4,0,"[{'name': 'pathname', 'type': 'const char*', 'value': '/proc/7134/cmdline'}, {'name': 'flags', 'type': 'int', 'value': 'O_RDONLY|O_LARGEFILE'}, {'name': 'dev', 'type': 'dev_t', 'value': 5}, {'name': 'inode', 'type': 'unsigned long', 'value': 127889}]",0,0
18830.865081,7786,7291,0,ps,ip-10-100-1-26,257,openat,4,9,"[{'name': 'dirfd', 'type': 'int', 'value': -100}, {'name': 'pathname', 'type': 'const char*', 'value': '/proc/7134/cmdline'}, {'name': 'flags', 'type': 'int', 'value': 'O_RDONLY'}, {'name': 'mode', 'type': 'int', 'value': 2207129259}]",0,0
18830.865114,7786,7291,0,ps,ip-10-100-1-26,3,close,1,0,"[{'name': 'fd', 'type': 'int', 'value': 9}]",0,0
18830.865146,7786,7291,0,ps,ip-10-100-1-26,4,stat,2,0,"[{'name': 'pathname', 'type': 'const char*', 'value': '/proc/7153'}, {'name': 'statbuf', 'type': 'struct stat*', 'value': '0x7F96839DD680'}]",0,0
18830.86517,7786,7291,0,ps,ip-10-100-1-26,1005,security_file_open,4,0,"[{'name': 'pathname', 'type': 'const char*', 'value': '/proc/7153/stat'}, {'name': 'flags', 'type': 'int', 'value': 'O_RDONLY|O_LARGEFILE'}, {'name': 'dev', 'type': 'dev_t', 'value': 5}, {'name': 'inode', 'type': 'unsigned long', 'value': 127890}]",0,0
18830.865195,7786,7291,0,ps,ip-10-100-1-26,257,openat,4,9,"[{'name': 'dirfd', 'type': 'int', 'value': -100}, {'name': 'pathname', 'type': 'const char*', 'value': '/proc/7153/stat'}, {'name': 'flags', 'type': 'int', 'value': 'O_RDONLY'}, {'name': 'mode', 'type': 'int', 'value': 2207129259}]",0,0
18830.865227,7786,7291,0,ps,ip-10-100-1-26,3,close,1,0,"[{'name': 'fd', 'type': 'int', 'value': 9}]",0,0
18830.865255,7786,7291,0,ps,ip-10-100-1-26,1005,security_file_open,4,0,"[{'name': 'pathname', 'type': 'const char*', 'value': '/proc/7153/status'}, {'name': 'flags', 'type': 'int', 'value': 'O_RDONLY|O_LARGEFILE'}, {'name': 'dev', 'type': 'dev_t', 'value': 5}, {'name': 'inode', 'type': 'unsigned long', 'value': 127891}]",0,0
18830.865281,7786,7291,0,ps,ip-10-100-1-26,257,openat,4,9,"[{'name': 'dirfd', 'type': 'int', 'value': -100}, {'name': 'pathname', 'type': 'const char*', 'value': '/proc/7153/status'}, {'name': 'flags', 'type': 'int', 'value': 'O_RDONLY'}, {'name': 'mode', 'type': 'int', 'value': 2207129259}]",0,0
18830.865315,7786,7291,0,ps,ip-10-100-1-26,3,close,1,0,"[{'name': 'fd', 'type': 'int', 'value': 9}]",0,0
18830.865343,7786,7291,0,ps,ip-10-100-1-26,1005,security_file_open,4,0,"[{'name': 'pathname', 'type': 'const char*', 'value': '/proc/7153/cmdline'}, {'name': 'flags', 'type': 'int', 'value': 'O_RDONLY|O_LARGEFILE'}, {'name': 'dev', 'type': 'dev_t', 'value': 5}, {'name': 'inode', 'type': 'unsigned long', 'value': 127892}]",0,0
18830.865368,7786,7291,0,ps,ip-10-100-1-26,257,openat,4,9,"[{'name': 'dirfd', 'type': 'int', 'value': -100}, {'name': 'pathname', 'type': 'const char*', 'value': '/proc/7153/cmdline'}, {'name': 'flags', 'type': 'int', 'value': 'O_RDONLY'}, {'name': 'mode', 'type': 'int', 'value': 2207129259}]",0,0
18830.8654,7786,7291,0,ps,ip-10-100-1-26,3,close,1,0,"[{'name': 'fd', 'type': 'int', 'value': 9}]",0,0
18830.865431,7786,7291,0,ps,ip-10-100-1-26,4,stat,2,0,"[{'name': 'pathname', 'type': 'const char*', 'value': '/proc/7236'}, {'name': 'statbuf', 'type': 'struct stat*', 'value': '0x7F96839DD680'}]",0,0
18830.865455,7786,7291,0,ps,ip-10-100-1-26,1005,security_file_open,4,0,"[{'name': 'pathname', 'type': 'const char*', 'value': '/proc/7236/stat'}, {'name': 'flags', 'type': 'int', 'value': 'O_RDONLY|O_LARGEFILE'}, {'name': 'dev', 'type': 'dev_t', 'value': 5}, {'name': 'inode', 'type': 'unsigned long', 'value': 127893}]",0,0
18830.86548,7786,7291,0,ps,ip-10-100-1-26,257,openat,4,9,"[{'name': 'dirfd', 'type': 'int', 'value': -100}, {'name': 'pathname', 'type': 'const char*', 'value': '/proc/7236/stat'}, {'name': 'flags', 'type': 'int', 'value': 'O_RDONLY'}, {'name': 'mode', 'type': 'int', 'value': 2207129259}]",0,0
18830.865514,7786,7291,0,ps,ip-10-100-1-26,3,close,1,0,"[{'name': 'fd', 'type': 'int', 'value': 9}]",0,0
18830.865542,7786,7291,0,ps,ip-10-100-1-26,1005,security_file_open,4,0,"[{'name': 'pathname', 'type': 'const char*', 'value': '/proc/7236/status'}, {'name': 'flags', 'type': 'int', 'value': 'O_RDONLY|O_LARGEFILE'}, {'name': 'dev', 'type': 'dev_t', 'value': 5}, {'name': 'inode', 'type': 'unsigned long', 'value': 127894}]",0,0
18830.865567,7786,7291,0,ps,ip-10-100-1-26,257,openat,4,9,"[{'name': 'dirfd', 'type': 'int', 'value': -100}, {'name': 'pathname', 'type': 'const char*', 'value': '/proc/7236/status'}, {'name': 'flags', 'type': 'int', 'value': 'O_RDONLY'}, {'name': 'mode', 'type': 'int', 'value': 2207129259}]",0,0
18830.8656,7786,7291,0,ps,ip-10-100-1-26,3,close,1,0,"[{'name': 'fd', 'type': 'int', 'value': 9}]",0,0
18830.865627,7786,7291,0,ps,ip-10-100-1-26,1005,security_file_open,4,0,"[{'name': 'pathname', 'type': 'const char*', 'value': '/proc/7236/cmdline'}, {'name': 'flags', 'type': 'int', 'value': 'O_RDONLY|O_LARGEFILE'}, {'name': 'dev', 'type': 'dev_t', 'value': 5}, {'name': 'inode', 'type': 'unsigned long', 'value': 127895}]",0,0
18830.865656,7786,7291,0,ps,ip-10-100-1-26,257,openat,4,9,"[{'name': 'dirfd', 'type': 'int', 'value': -100}, {'name': 'pathname', 'type': 'const char*', 'value': '/proc/7236/cmdline'}, {'name': 'flags', 'type': 'int', 'value': 'O_RDONLY'}, {'name': 'mode', 'type': 'int', 'value': 2207129259}]",0,0
18830.865694,7786,7291,0,ps,ip-10-100-1-26,3,close,1,0,"[{'name': 'fd', 'type': 'int', 'value': 9}]",0,0
18830.865722,7786,7291,0,ps,ip-10-100-1-26,4,stat,2,0,"[{'name': 'pathname', 'type': 'const char*', 'value': '/proc/7237'}, {'name': 'statbuf', 'type': 'struct stat*', 'value': '0x7F96839DD680'}]",0,0
18830.865745,7786,7291,0,ps,ip-10-100-1-26,1005,security_file_open,4,0,"[{'name': 'pathname', 'type': 'const char*', 'value': '/proc/7237/stat'}, {'name': 'flags', 'type': 'int', 'value': 'O_RDONLY|O_LARGEFILE'}, {'name': 'dev', 'type': 'dev_t', 'value': 5}, {'name': 'inode', 'type': 'unsigned long', 'value': 127896}]",0,0
18830.86577,7786,7291,0,ps,ip-10-100-1-26,257,openat,4,9,"[{'name': 'dirfd', 'type': 'int', 'value': -100}, {'name': 'pathname', 'type': 'const char*', 'value': '/proc/7237/stat'}, {'name': 'flags', 'type': 'int', 'value': 'O_RDONLY'}, {'name': 'mode', 'type': 'int', 'value': 2207129259}]",0,0
18830.865801,7786,7291,0,ps,ip-10-100-1-26,3,close,1,0,"[{'name': 'fd', 'type': 'int', 'value': 9}]",0,0
18830.865828,7786,7291,0,ps,ip-10-100-1-26,1005,security_file_open,4,0,"[{'name': 'pathname', 'type': 'const char*', 'value': '/proc/7237/status'}, {'name': 'flags', 'type': 'int', 'value': 'O_RDONLY|O_LARGEFILE'}, {'name': 'dev', 'type': 'dev_t', 'value': 5}, {'name': 'inode', 'type': 'unsigned long', 'value': 127897}]",0,0
18830.865853,7786,7291,0,ps,ip-10-100-1-26,257,openat,4,9,"[{'name': 'dirfd', 'type': 'int', 'value': -100}, {'name': 'pathname', 'type': 'const char*', 'value': '/proc/7237/status'}, {'name': 'flags', 'type': 'int', 'value': 'O_RDONLY'}, {'name': 'mode', 'type': 'int', 'value': 2207129259}]",0,0
18830.865887,7786,7291,0,ps,ip-10-100-1-26,3,close,1,0,"[{'name': 'fd', 'type': 'int', 'value': 9}]",0,0
18830.865913,7786,7291,0,ps,ip-10-100-1-26,1005,security_file_open,4,0,"[{'name': 'pathname', 'type': 'const char*', 'value': '/proc/7237/cmdline'}, {'name': 'flags', 'type': 'int', 'value': 'O_RDONLY|O_LARGEFILE'}, {'name': 'dev', 'type': 'dev_t', 'value': 5}, {'name': 'inode', 'type': 'unsigned long', 'value': 127898}]",0,0
18830.865938,7786,7291,0,ps,ip-10-100-1-26,257,openat,4,9,"[{'name': 'dirfd', 'type': 'int', 'value': -100}, {'name': 'pathname', 'type': 'const char*', 'value': '/proc/7237/cmdline'}, {'name': 'flags', 'type': 'int', 'value': 'O_RDONLY'}, {'name': 'mode', 'type': 'int', 'value': 2207129259}]",0,0
18830.865971,7786,7291,0,ps,ip-10-100-1-26,3,close,1,0,"[{'name': 'fd', 'type': 'int', 'value': 9}]",0,0
18830.865999,7786,7291,0,ps,ip-10-100-1-26,4,stat,2,0,"[{'name': 'pathname', 'type': 'const char*', 'value': '/proc/7239'}, {'name': 'statbuf', 'type': 'struct stat*', 'value': '0x7F96839DD680'}]",0,0
18830.866023,7786,7291,0,ps,ip-10-100-1-26,1005,security_file_open,4,0,"[{'name': 'pathname', 'type': 'const char*', 'value': '/proc/7239/stat'}, {'name': 'flags', 'type': 'int', 'value': 'O_RDONLY|O_LARGEFILE'}, {'name': 'dev', 'type': 'dev_t', 'value': 5}, {'name': 'inode', 'type': 'unsigned long', 'value': 127899}]",0,0
18830.866048,7786,7291,0,ps,ip-10-100-1-26,257,openat,4,9,"[{'name': 'dirfd', 'type': 'int', 'value': -100}, {'name': 'pathname', 'type': 'const char*', 'value': '/proc/7239/stat'}, {'name': 'flags', 'type': 'int', 'value': 'O_RDONLY'}, {'name': 'mode', 'type': 'int', 'value': 2207129259}]",0,0
18830.866106,7786,7291,0,ps,ip-10-100-1-26,1005,security_file_open,4,0,"[{'name': 'pathname', 'type': 'const char*', 'value': '/proc/7239/status'}, {'name': 'flags', 'type': 'int', 'value': 'O_RDONLY|O_LARGEFILE'}, {'name': 'dev', 'type': 'dev_t', 'value': 5}, {'name': 'inode', 'type': 'unsigned long', 'value': 127900}]",0,0
18830.866079,7786,7291,0,ps,ip-10-100-1-26,3,close,1,0,"[{'name': 'fd', 'type': 'int', 'value': 9}]",0,0
18830.866131,7786,7291,0,ps,ip-10-100-1-26,257,openat,4,9,"[{'name': 'dirfd', 'type': 'int', 'value': -100}, {'name': 'pathname', 'type': 'const char*', 'value': '/proc/7239/status'}, {'name': 'flags', 'type': 'int', 'value': 'O_RDONLY'}, {'name': 'mode', 'type': 'int', 'value': 2207129259}]",0,0
18830.866164,7786,7291,0,ps,ip-10-100-1-26,3,close,1,0,"[{'name': 'fd', 'type': 'int', 'value': 9}]",0,0
18830.86619,7786,7291,0,ps,ip-10-100-1-26,1005,security_file_open,4,0,"[{'name': 'pathname', 'type': 'const char*', 'value': '/proc/7239/cmdline'}, {'name': 'flags', 'type': 'int', 'value': 'O_RDONLY|O_LARGEFILE'}, {'name': 'dev', 'type': 'dev_t', 'value': 5}, {'name': 'inode', 'type': 'unsigned long', 'value': 127901}]",0,0
18830.866215,7786,7291,0,ps,ip-10-100-1-26,257,openat,4,9,"[{'name': 'dirfd', 'type': 'int', 'value': -100}, {'name': 'pathname', 'type': 'const char*', 'value': '/proc/7239/cmdline'}, {'name': 'flags', 'type': 'int', 'value': 'O_RDONLY'}, {'name': 'mode', 'type': 'int', 'value': 2207129259}]",0,0
18830.866247,7786,7291,0,ps,ip-10-100-1-26,3,close,1,0,"[{'name': 'fd', 'type': 'int', 'value': 9}]",0,0
18830.866275,7786,7291,0,ps,ip-10-100-1-26,4,stat,2,0,"[{'name': 'pathname', 'type': 'const char*', 'value': '/proc/7345'}, {'name': 'statbuf', 'type': 'struct stat*', 'value': '0x7F96839DD680'}]",0,0
18830.866298,7786,7291,0,ps,ip-10-100-1-26,1005,security_file_open,4,0,"[{'name': 'pathname', 'type': 'const char*', 'value': '/proc/7345/stat'}, {'name': 'flags', 'type': 'int', 'value': 'O_RDONLY|O_LARGEFILE'}, {'name': 'dev', 'type': 'dev_t', 'value': 5}, {'name': 'inode', 'type': 'unsigned long', 'value': 127902}]",0,0
18830.866323,7786,7291,0,ps,ip-10-100-1-26,257,openat,4,9,"[{'name': 'dirfd', 'type': 'int', 'value': -100}, {'name': 'pathname', 'type': 'const char*', 'value': '/proc/7345/stat'}, {'name': 'flags', 'type': 'int', 'value': 'O_RDONLY'}, {'name': 'mode', 'type': 'int', 'value': 2207129259}]",0,0
18830.866354,7786,7291,0,ps,ip-10-100-1-26,3,close,1,0,"[{'name': 'fd', 'type': 'int', 'value': 9}]",0,0
18830.866382,7786,7291,0,ps,ip-10-100-1-26,1005,security_file_open,4,0,"[{'name': 'pathname', 'type': 'const char*', 'value': '/proc/7345/status'}, {'name': 'flags', 'type': 'int', 'value': 'O_RDONLY|O_LARGEFILE'}, {'name': 'dev', 'type': 'dev_t', 'value': 5}, {'name': 'inode', 'type': 'unsigned long', 'value': 127903}]",0,0
18830.866407,7786,7291,0,ps,ip-10-100-1-26,257,openat,4,9,"[{'name': 'dirfd', 'type': 'int', 'value': -100}, {'name': 'pathname', 'type': 'const char*', 'value': '/proc/7345/status'}, {'name': 'flags', 'type': 'int', 'value': 'O_RDONLY'}, {'name': 'mode', 'type': 'int', 'value': 2207129259}]",0,0
18830.866439,7786,7291,0,ps,ip-10-100-1-26,3,close,1,0,"[{'name': 'fd', 'type': 'int', 'value': 9}]",0,0
18830.866467,7786,7291,0,ps,ip-10-100-1-26,1005,security_file_open,4,0,"[{'name': 'pathname', 'type': 'const char*', 'value': '/proc/7345/cmdline'}, {'name': 'flags', 'type': 'int', 'value': 'O_RDONLY|O_LARGEFILE'}, {'name': 'dev', 'type': 'dev_t', 'value': 5}, {'name': 'inode', 'type': 'unsigned long', 'value': 127904}]",0,0
18830.866493,7786,7291,0,ps,ip-10-100-1-26,257,openat,4,9,"[{'name': 'dirfd', 'type': 'int', 'value': -100}, {'name': 'pathname', 'type': 'const char*', 'value': '/proc/7345/cmdline'}, {'name': 'flags', 'type': 'int', 'value': 'O_RDONLY'}, {'name': 'mode', 'type': 'int', 'value': 2207129259}]",0,0
18830.866517,7786,7291,0,ps,ip-10-100-1-26,3,close,1,0,"[{'name': 'fd', 'type': 'int', 'value': 9}]",0,0
18830.866544,7786,7291,0,ps,ip-10-100-1-26,4,stat,2,0,"[{'name': 'pathname', 'type': 'const char*', 'value': '/proc/7741'}, {'name': 'statbuf', 'type': 'struct stat*', 'value': '0x7F96839DD680'}]",0,0
18830.866567,7786,7291,0,ps,ip-10-100-1-26,1005,security_file_open,4,0,"[{'name': 'pathname', 'type': 'const char*', 'value': '/proc/7741/stat'}, {'name': 'flags', 'type': 'int', 'value': 'O_RDONLY|O_LARGEFILE'}, {'name': 'dev', 'type': 'dev_t', 'value': 5}, {'name': 'inode', 'type': 'unsigned long', 'value': 127905}]",0,0
18830.866592,7786,7291,0,ps,ip-10-100-1-26,257,openat,4,9,"[{'name': 'dirfd', 'type': 'int', 'value': -100}, {'name': 'pathname', 'type': 'const char*', 'value': '/proc/7741/stat'}, {'name': 'flags', 'type': 'int', 'value': 'O_RDONLY'}, {'name': 'mode', 'type': 'int', 'value': 2207129259}]",0,0
18830.866627,7786,7291,0,ps,ip-10-100-1-26,3,close,1,0,"[{'name': 'fd', 'type': 'int', 'value': 9}]",0,0
18830.866654,7786,7291,0,ps,ip-10-100-1-26,1005,security_file_open,4,0,"[{'name': 'pathname', 'type': 'const char*', 'value': '/proc/7741/status'}, {'name': 'flags', 'type': 'int', 'value': 'O_RDONLY|O_LARGEFILE'}, {'name': 'dev', 'type': 'dev_t', 'value': 5}, {'name': 'inode', 'type': 'unsigned long', 'value': 127906}]",0,0
18830.86668,7786,7291,0,ps,ip-10-100-1-26,257,openat,4,9,"[{'name': 'dirfd', 'type': 'int', 'value': -100}, {'name': 'pathname', 'type': 'const char*', 'value': '/proc/7741/status'}, {'name': 'flags', 'type': 'int', 'value': 'O_RDONLY'}, {'name': 'mode', 'type': 'int', 'value': 2207129259}]",0,0
18830.866711,7786,7291,0,ps,ip-10-100-1-26,3,close,1,0,"[{'name': 'fd', 'type': 'int', 'value': 9}]",0,0
18830.866737,7786,7291,0,ps,ip-10-100-1-26,1005,security_file_open,4,0,"[{'name': 'pathname', 'type': 'const char*', 'value': '/proc/7741/cmdline'}, {'name': 'flags', 'type': 'int', 'value': 'O_RDONLY|O_LARGEFILE'}, {'name': 'dev', 'type': 'dev_t', 'value': 5}, {'name': 'inode', 'type': 'unsigned long', 'value': 127907}]",0,0
18830.866762,7786,7291,0,ps,ip-10-100-1-26,257,openat,4,9,"[{'name': 'dirfd', 'type': 'int', 'value': -100}, {'name': 'pathname', 'type': 'const char*', 'value': '/proc/7741/cmdline'}, {'name': 'flags', 'type': 'int', 'value': 'O_RDONLY'}, {'name': 'mode', 'type': 'int', 'value': 2207129259}]",0,0
18830.866786,7786,7291,0,ps,ip-10-100-1-26,3,close,1,0,"[{'name': 'fd', 'type': 'int', 'value': 9}]",0,0
18830.866813,7786,7291,0,ps,ip-10-100-1-26,4,stat,2,0,"[{'name': 'pathname', 'type': 'const char*', 'value': '/proc/7757'}, {'name': 'statbuf', 'type': 'struct stat*', 'value': '0x7F96839DD680'}]",0,0
18830.866836,7786,7291,0,ps,ip-10-100-1-26,1005,security_file_open,4,0,"[{'name': 'pathname', 'type': 'const char*', 'value': '/proc/7757/stat'}, {'name': 'flags', 'type': 'int', 'value': 'O_RDONLY|O_LARGEFILE'}, {'name': 'dev', 'type': 'dev_t', 'value': 5}, {'name': 'inode', 'type': 'unsigned long', 'value': 127908}]",0,0
18830.866861,7786,7291,0,ps,ip-10-100-1-26,257,openat,4,9,"[{'name': 'dirfd', 'type': 'int', 'value': -100}, {'name': 'pathname', 'type': 'const char*', 'value': '/proc/7757/stat'}, {'name': 'flags', 'type': 'int', 'value': 'O_RDONLY'}, {'name': 'mode', 'type': 'int', 'value': 2207129259}]",0,0
18830.866891,7786,7291,0,ps,ip-10-100-1-26,3,close,1,0,"[{'name': 'fd', 'type': 'int', 'value': 9}]",0,0
18830.866918,7786,7291,0,ps,ip-10-100-1-26,1005,security_file_open,4,0,"[{'name': 'pathname', 'type': 'const char*', 'value': '/proc/7757/status'}, {'name': 'flags', 'type': 'int', 'value': 'O_RDONLY|O_LARGEFILE'}, {'name': 'dev', 'type': 'dev_t', 'value': 5}, {'name': 'inode', 'type': 'unsigned long', 'value': 127909}]",0,0
18830.866943,7786,7291,0,ps,ip-10-100-1-26,257,openat,4,9,"[{'name': 'dirfd', 'type': 'int', 'value': -100}, {'name': 'pathname', 'type': 'const char*', 'value': '/proc/7757/status'}, {'name': 'flags', 'type': 'int', 'value': 'O_RDONLY'}, {'name': 'mode', 'type': 'int', 'value': 2207129259}]",0,0
18830.866974,7786,7291,0,ps,ip-10-100-1-26,3,close,1,0,"[{'name': 'fd', 'type': 'int', 'value': 9}]",0,0
18830.866999,7786,7291,0,ps,ip-10-100-1-26,1005,security_file_open,4,0,"[{'name': 'pathname', 'type': 'const char*', 'value': '/proc/7757/cmdline'}, {'name': 'flags', 'type': 'int', 'value': 'O_RDONLY|O_LARGEFILE'}, {'name': 'dev', 'type': 'dev_t', 'value': 5}, {'name': 'inode', 'type': 'unsigned long', 'value': 127910}]",0,0
18830.867024,7786,7291,0,ps,ip-10-100-1-26,257,openat,4,9,"[{'name': 'dirfd', 'type': 'int', 'value': -100}, {'name': 'pathname', 'type': 'const char*', 'value': '/proc/7757/cmdline'}, {'name': 'flags', 'type': 'int', 'value': 'O_RDONLY'}, {'name': 'mode', 'type': 'int', 'value': 2207129259}]",0,0
18830.867048,7786,7291,0,ps,ip-10-100-1-26,3,close,1,0,"[{'name': 'fd', 'type': 'int', 'value': 9}]",0,0
18830.867074,7786,7291,0,ps,ip-10-100-1-26,4,stat,2,0,"[{'name': 'pathname', 'type': 'const char*', 'value': '/proc/7779'}, {'name': 'statbuf', 'type': 'struct stat*', 'value': '0x7F96839DD680'}]",0,0
18830.867098,7786,7291,0,ps,ip-10-100-1-26,1005,security_file_open,4,0,"[{'name': 'pathname', 'type': 'const char*', 'value': '/proc/7779/stat'}, {'name': 'flags', 'type': 'int', 'value': 'O_RDONLY|O_LARGEFILE'}, {'name': 'dev', 'type': 'dev_t', 'value': 5}, {'name': 'inode', 'type': 'unsigned long', 'value': 127911}]",0,0
18830.867123,7786,7291,0,ps,ip-10-100-1-26,257,openat,4,9,"[{'name': 'dirfd', 'type': 'int', 'value': -100}, {'name': 'pathname', 'type': 'const char*', 'value': '/proc/7779/stat'}, {'name': 'flags', 'type': 'int', 'value': 'O_RDONLY'}, {'name': 'mode', 'type': 'int', 'value': 2207129259}]",0,0
18830.867152,7786,7291,0,ps,ip-10-100-1-26,3,close,1,0,"[{'name': 'fd', 'type': 'int', 'value': 9}]",0,0
18830.867178,7786,7291,0,ps,ip-10-100-1-26,1005,security_file_open,4,0,"[{'name': 'pathname', 'type': 'const char*', 'value': '/proc/7779/status'}, {'name': 'flags', 'type': 'int', 'value': 'O_RDONLY|O_LARGEFILE'}, {'name': 'dev', 'type': 'dev_t', 'value': 5}, {'name': 'inode', 'type': 'unsigned long', 'value': 127912}]",0,0
18830.867204,7786,7291,0,ps,ip-10-100-1-26,257,openat,4,9,"[{'name': 'dirfd', 'type': 'int', 'value': -100}, {'name': 'pathname', 'type': 'const char*', 'value': '/proc/7779/status'}, {'name': 'flags', 'type': 'int', 'value': 'O_RDONLY'}, {'name': 'mode', 'type': 'int', 'value': 2207129259}]",0,0
18830.867235,7786,7291,0,ps,ip-10-100-1-26,3,close,1,0,"[{'name': 'fd', 'type': 'int', 'value': 9}]",0,0
18830.86726,7786,7291,0,ps,ip-10-100-1-26,1005,security_file_open,4,0,"[{'name': 'pathname', 'type': 'const char*', 'value': '/proc/7779/cmdline'}, {'name': 'flags', 'type': 'int', 'value': 'O_RDONLY|O_LARGEFILE'}, {'name': 'dev', 'type': 'dev_t', 'value': 5}, {'name': 'inode', 'type': 'unsigned long', 'value': 127913}]",0,0
18830.867285,7786,7291,0,ps,ip-10-100-1-26,257,openat,4,9,"[{'name': 'dirfd', 'type': 'int', 'value': -100}, {'name': 'pathname', 'type': 'const char*', 'value': '/proc/7779/cmdline'}, {'name': 'flags', 'type': 'int', 'value': 'O_RDONLY'}, {'name': 'mode', 'type': 'int', 'value': 2207129259}]",0,0
18830.867309,7786,7291,0,ps,ip-10-100-1-26,3,close,1,0,"[{'name': 'fd', 'type': 'int', 'value': 9}]",0,0
18830.867335,7786,7291,0,ps,ip-10-100-1-26,4,stat,2,0,"[{'name': 'pathname', 'type': 'const char*', 'value': '/proc/7786'}, {'name': 'statbuf', 'type': 'struct stat*', 'value': '0x7F96839DD680'}]",0,0
18830.867358,7786,7291,0,ps,ip-10-100-1-26,1005,security_file_open,4,0,"[{'name': 'pathname', 'type': 'const char*', 'value': '/proc/7786/stat'}, {'name': 'flags', 'type': 'int', 'value': 'O_RDONLY|O_LARGEFILE'}, {'name': 'dev', 'type': 'dev_t', 'value': 5}, {'name': 'inode', 'type': 'unsigned long', 'value': 127944}]",0,0
18830.867383,7786,7291,0,ps,ip-10-100-1-26,257,openat,4,9,"[{'name': 'dirfd', 'type': 'int', 'value': -100}, {'name': 'pathname', 'type': 'const char*', 'value': '/proc/7786/stat'}, {'name': 'flags', 'type': 'int', 'value': 'O_RDONLY'}, {'name': 'mode', 'type': 'int', 'value': 2207129259}]",0,0
18830.867413,7786,7291,0,ps,ip-10-100-1-26,3,close,1,0,"[{'name': 'fd', 'type': 'int', 'value': 9}]",0,0
18830.867444,7786,7291,0,ps,ip-10-100-1-26,1005,security_file_open,4,0,"[{'name': 'pathname', 'type': 'const char*', 'value': '/proc/7786/status'}, {'name': 'flags', 'type': 'int', 'value': 'O_RDONLY|O_LARGEFILE'}, {'name': 'dev', 'type': 'dev_t', 'value': 5}, {'name': 'inode', 'type': 'unsigned long', 'value': 127965}]",0,0
18830.86747,7786,7291,0,ps,ip-10-100-1-26,257,openat,4,9,"[{'name': 'dirfd', 'type': 'int', 'value': -100}, {'name': 'pathname', 'type': 'const char*', 'value': '/proc/7786/status'}, {'name': 'flags', 'type': 'int', 'value': 'O_RDONLY'}, {'name': 'mode', 'type': 'int', 'value': 2207129259}]",0,0
18830.867503,7786,7291,0,ps,ip-10-100-1-26,3,close,1,0,"[{'name': 'fd', 'type': 'int', 'value': 9}]",0,0
18830.867532,7786,7291,0,ps,ip-10-100-1-26,1005,security_file_open,4,0,"[{'name': 'pathname', 'type': 'const char*', 'value': '/proc/7786/cmdline'}, {'name': 'flags', 'type': 'int', 'value': 'O_RDONLY|O_LARGEFILE'}, {'name': 'dev', 'type': 'dev_t', 'value': 5}, {'name': 'inode', 'type': 'unsigned long', 'value': 127966}]",0,0
18830.867557,7786,7291,0,ps,ip-10-100-1-26,257,openat,4,9,"[{'name': 'dirfd', 'type': 'int', 'value': -100}, {'name': 'pathname', 'type': 'const char*', 'value': '/proc/7786/cmdline'}, {'name': 'flags', 'type': 'int', 'value': 'O_RDONLY'}, {'name': 'mode', 'type': 'int', 'value': 2207129259}]",0,0
18830.867591,7786,7291,0,ps,ip-10-100-1-26,3,close,1,0,"[{'name': 'fd', 'type': 'int', 'value': 9}]",0,0
18830.867617,7786,7291,0,ps,ip-10-100-1-26,217,getdents64,3,0,"[{'name': 'fd', 'type': 'int', 'value': 8}, {'name': 'dirp', 'type': 'struct linux_dirent64*', 'value': '0x55C7498F6230'}, {'name': 'count', 'type': 'size_t', 'value': 32768}]",0,0
18830.867638,7786,7291,0,ps,ip-10-100-1-26,3,close,1,0,"[{'name': 'fd', 'type': 'int', 'value': 8}]",0,0
18830.877461,7788,7049,0,sshd,ip-10-100-1-26,3,close,1,0,"[{'name': 'fd', 'type': 'int', 'value': 3}]",0,0
18830.8775,7788,7049,0,sshd,ip-10-100-1-26,1005,security_file_open,4,0,"[{'name': 'pathname', 'type': 'const char*', 'value': '/usr/lib/x86_64-linux-gnu/libz.so.1.2.11'}, {'name': 'flags', 'type': 'int', 'value': 'O_RDONLY|O_LARGEFILE'}, {'name': 'dev', 'type': 'dev_t', 'value': 211812353}, {'name': 'inode', 'type': 'unsigned long', 'value': 4507}]",0,0
18830.87753,7788,7049,0,sshd,ip-10-100-1-26,257,openat,4,3,"[{'name': 'dirfd', 'type': 'int', 'value': -100}, {'name': 'pathname', 'type': 'const char*', 'value': '/lib/x86_64-linux-gnu/libz.so.1'}, {'name': 'flags', 'type': 'int', 'value': 'O_RDONLY|O_CLOEXEC'}, {'name': 'mode', 'type': 'int', 'value': 94555992}]",0,0
18830.877568,7788,7049,0,sshd,ip-10-100-1-26,5,fstat,2,0,"[{'name': 'fd', 'type': 'int', 'value': 3}, {'name': 'statbuf', 'type': 'struct stat*', 'value': '0x7FFDE67FD520'}]",0,0
18830.877659,7788,7049,0,sshd,ip-10-100-1-26,3,close,1,0,"[{'name': 'fd', 'type': 'int', 'value': 3}]",0,0
18830.877692,7788,7049,0,sshd,ip-10-100-1-26,1005,security_file_open,4,0,"[{'name': 'pathname', 'type': 'const char*', 'value': '/usr/lib/x86_64-linux-gnu/libcrypt.so.1.1.0'}, {'name': 'flags', 'type': 'int', 'value': 'O_RDONLY|O_LARGEFILE'}, {'name': 'dev', 'type': 'dev_t', 'value': 211812353}, {'name': 'inode', 'type': 'unsigned long', 'value': 3410}]",0,0
18830.877746,7788,7049,0,sshd,ip-10-100-1-26,5,fstat,2,0,"[{'name': 'fd', 'type': 'int', 'value': 3}, {'name': 'statbuf', 'type': 'struct stat*', 'value': '0x7FFDE67FD500'}]",0,0
18830.877719,7788,7049,0,sshd,ip-10-100-1-26,257,openat,4,3,"[{'name': 'dirfd', 'type': 'int', 'value': -100}, {'name': 'pathname', 'type': 'const char*', 'value': '/lib/x86_64-linux-gnu/libcrypt.so.1'}, {'name': 'flags', 'type': 'int', 'value': 'O_RDONLY|O_CLOEXEC'}, {'name': 'mode', 'type': 'int', 'value': 94555992}]",0,0
18830.877834,7788,7049,0,sshd,ip-10-100-1-26,3,close,1,0,"[{'name': 'fd', 'type': 'int', 'value': 3}]",0,0
18830.877863,7788,7049,0,sshd,ip-10-100-1-26,1005,security_file_open,4,0,"[{'name': 'pathname', 'type': 'const char*', 'value': '/usr/lib/x86_64-linux-gnu/libgssapi_krb5.so.2.2'}, {'name': 'flags', 'type': 'int', 'value': 'O_RDONLY|O_LARGEFILE'}, {'name': 'dev', 'type': 'dev_t', 'value': 211812353}, {'name': 'inode', 'type': 'unsigned long', 'value': 5209}]",0,0
18830.87789,7788,7049,0,sshd,ip-10-100-1-26,257,openat,4,3,"[{'name': 'dirfd', 'type': 'int', 'value': -100}, {'name': 'pathname', 'type': 'const char*', 'value': '/lib/x86_64-linux-gnu/libgssapi_krb5.so.2'}, {'name': 'flags', 'type': 'int', 'value': 'O_RDONLY|O_CLOEXEC'}, {'name': 'mode', 'type': 'int', 'value': 94555992}]",0,0
18830.877917,7788,7049,0,sshd,ip-10-100-1-26,5,fstat,2,0,"[{'name': 'fd', 'type': 'int', 'value': 3}, {'name': 'statbuf', 'type': 'struct stat*', 'value': '0x7FFDE67FD4E0'}]",0,0
18830.877992,7788,7049,0,sshd,ip-10-100-1-26,3,close,1,0,"[{'name': 'fd', 'type': 'int', 'value': 3}]",0,0
18830.878022,7788,7049,0,sshd,ip-10-100-1-26,1005,security_file_open,4,0,"[{'name': 'pathname', 'type': 'const char*', 'value': '/usr/lib/x86_64-linux-gnu/libkrb5.so.3.3'}, {'name': 'flags', 'type': 'int', 'value': 'O_RDONLY|O_LARGEFILE'}, {'name': 'dev', 'type': 'dev_t', 'value': 211812353}, {'name': 'inode', 'type': 'unsigned long', 'value': 5207}]",0,0
18830.878048,7788,7049,0,sshd,ip-10-100-1-26,257,openat,4,3,"[{'name': 'dirfd', 'type': 'int', 'value': -100}, {'name': 'pathname', 'type': 'const char*', 'value': '/lib/x86_64-linux-gnu/libkrb5.so.3'}, {'name': 'flags', 'type': 'int', 'value': 'O_RDONLY|O_CLOEXEC'}, {'name': 'mode', 'type': 'int', 'value': 94555992}]",0,0
18830.878075,7788,7049,0,sshd,ip-10-100-1-26,5,fstat,2,0,"[{'name': 'fd', 'type': 'int', 'value': 3}, {'name': 'statbuf', 'type': 'struct stat*', 'value': '0x7FFDE67FD4C0'}]",0,0
18830.87816,7788,7049,0,sshd,ip-10-100-1-26,3,close,1,0,"[{'name': 'fd', 'type': 'int', 'value': 3}]",0,0
18830.878189,7788,7049,0,sshd,ip-10-100-1-26,1005,security_file_open,4,0,"[{'name': 'pathname', 'type': 'const char*', 'value': '/usr/lib/x86_64-linux-gnu/libcom_err.so.2.1'}, {'name': 'flags', 'type': 'int', 'value': 'O_RDONLY|O_LARGEFILE'}, {'name': 'dev', 'type': 'dev_t', 'value': 211812353}, {'name': 'inode', 'type': 'unsigned long', 'value': 3408}]",0,0
18830.878216,7788,7049,0,sshd,ip-10-100-1-26,257,openat,4,3,"[{'name': 'dirfd', 'type': 'int', 'value': -100}, {'name': 'pathname', 'type': 'const char*', 'value': '/lib/x86_64-linux-gnu/libcom_err.so.2'}, {'name': 'flags', 'type': 'int', 'value': 'O_RDONLY|O_CLOEXEC'}, {'name': 'mode', 'type': 'int', 'value': 94555992}]",0,0
18830.878242,7788,7049,0,sshd,ip-10-100-1-26,5,fstat,2,0,"[{'name': 'fd', 'type': 'int', 'value': 3}, {'name': 'statbuf', 'type': 'struct stat*', 'value': '0x7FFDE67FD4A0'}]",0,0
18830.878314,7788,7049,0,sshd,ip-10-100-1-26,3,close,1,0,"[{'name': 'fd', 'type': 'int', 'value': 3}]",0,0
18830.878342,7788,7049,0,sshd,ip-10-100-1-26,1005,security_file_open,4,0,"[{'name': 'pathname', 'type': 'const char*', 'value': '/usr/lib/x86_64-linux-gnu/libc-2.31.so'}, {'name': 'flags', 'type': 'int', 'value': 'O_RDONLY|O_LARGEFILE'}, {'name': 'dev', 'type': 'dev_t', 'value': 211812353}, {'name': 'inode', 'type': 'unsigned long', 'value': 4632}]",0,0
18830.878369,7788,7049,0,sshd,ip-10-100-1-26,257,openat,4,3,"[{'name': 'dirfd', 'type': 'int', 'value': -100}, {'name': 'pathname', 'type': 'const char*', 'value': '/lib/x86_64-linux-gnu/libc.so.6'}, {'name': 'flags', 'type': 'int', 'value': 'O_RDONLY|O_CLOEXEC'}, {'name': 'mode', 'type': 'int', 'value': 94555992}]",0,0
18830.87841,7788,7049,0,sshd,ip-10-100-1-26,5,fstat,2,0,"[{'name': 'fd', 'type': 'int', 'value': 3}, {'name': 'statbuf', 'type': 'struct stat*', 'value': '0x7FFDE67FD480'}]",0,0
18830.87854,7788,7049,0,sshd,ip-10-100-1-26,3,close,1,0,"[{'name': 'fd', 'type': 'int', 'value': 3}]",0,0
18830.878576,7788,7049,0,sshd,ip-10-100-1-26,1005,security_file_open,4,0,"[{'name': 'pathname', 'type': 'const char*', 'value': '/usr/lib/x86_64-linux-gnu/libnsl-2.31.so'}, {'name': 'flags', 'type': 'int', 'value': 'O_RDONLY|O_LARGEFILE'}, {'name': 'dev', 'type': 'dev_t', 'value': 211812353}, {'name': 'inode', 'type': 'unsigned long', 'value': 4637}]",0,0
18830.878603,7788,7049,0,sshd,ip-10-100-1-26,257,openat,4,3,"[{'name': 'dirfd', 'type': 'int', 'value': -100}, {'name': 'pathname', 'type': 'const char*', 'value': '/lib/x86_64-linux-gnu/libnsl.so.1'}, {'name': 'flags', 'type': 'int', 'value': 'O_RDONLY|O_CLOEXEC'}, {'name': 'mode', 'type': 'int', 'value': 94555992}]",0,0
18830.878629,7788,7049,0,sshd,ip-10-100-1-26,5,fstat,2,0,"[{'name': 'fd', 'type': 'int', 'value': 3}, {'name': 'statbuf', 'type': 'struct stat*', 'value': '0x7FFDE67FD460'}]",0,0
18830.878715,7788,7049,0,sshd,ip-10-100-1-26,3,close,1,0,"[{'name': 'fd', 'type': 'int', 'value': 3}]",0,0
18830.878745,7788,7049,0,sshd,ip-10-100-1-26,1005,security_file_open,4,0,"[{'name': 'pathname', 'type': 'const char*', 'value': '/usr/lib/x86_64-linux-gnu/libcap-ng.so.0.0.0'}, {'name': 'flags', 'type': 'int', 'value': 'O_RDONLY|O_LARGEFILE'}, {'name': 'dev', 'type': 'dev_t', 'value': 211812353}, {'name': 'inode', 'type': 'unsigned long', 'value': 3406}]",0,0
18830.878774,7788,7049,0,sshd,ip-10-100-1-26,257,openat,4,3,"[{'name': 'dirfd', 'type': 'int', 'value': -100}, {'name': 'pathname', 'type': 'const char*', 'value': '/lib/x86_64-linux-gnu/libcap-ng.so.0'}, {'name': 'flags', 'type': 'int', 'value': 'O_RDONLY|O_CLOEXEC'}, {'name': 'mode', 'type': 'int', 'value': 94555992}]",0,0
18830.878801,7788,7049,0,sshd,ip-10-100-1-26,5,fstat,2,0,"[{'name': 'fd', 'type': 'int', 'value': 3}, {'name': 'statbuf', 'type': 'struct stat*', 'value': '0x7FFDE67FD440'}]",0,0
18830.878874,7788,7049,0,sshd,ip-10-100-1-26,3,close,1,0,"[{'name': 'fd', 'type': 'int', 'value': 3}]",0,0
18830.878905,7788,7049,0,sshd,ip-10-100-1-26,1005,security_file_open,4,0,"[{'name': 'pathname', 'type': 'const char*', 'value': '/usr/lib/x86_64-linux-gnu/libdl-2.31.so'}, {'name': 'flags', 'type': 'int', 'value': 'O_RDONLY|O_LARGEFILE'}, {'name': 'dev', 'type': 'dev_t', 'value': 211812353}, {'name': 'inode', 'type': 'unsigned long', 'value': 4633}]",0,0
18830.878932,7788,7049,0,sshd,ip-10-100-1-26,257,openat,4,3,"[{'name': 'dirfd', 'type': 'int', 'value': -100}, {'name': 'pathname', 'type': 'const char*', 'value': '/lib/x86_64-linux-gnu/libdl.so.2'}, {'name': 'flags', 'type': 'int', 'value': 'O_RDONLY|O_CLOEXEC'}, {'name': 'mode', 'type': 'int', 'value': 94555992}]",0,0
18830.878959,7788,7049,0,sshd,ip-10-100-1-26,5,fstat,2,0,"[{'name': 'fd', 'type': 'int', 'value': 3}, {'name': 'statbuf', 'type': 'struct stat*', 'value': '0x7FFDE67FD420'}]",0,0
18830.879035,7788,7049,0,sshd,ip-10-100-1-26,3,close,1,0,"[{'name': 'fd', 'type': 'int', 'value': 3}]",0,0
18830.879067,7788,7049,0,sshd,ip-10-100-1-26,1005,security_file_open,4,0,"[{'name': 'pathname', 'type': 'const char*', 'value': '/usr/lib/x86_64-linux-gnu/libpcre2-8.so.0.9.0'}, {'name': 'flags', 'type': 'int', 'value': 'O_RDONLY|O_LARGEFILE'}, {'name': 'dev', 'type': 'dev_t', 'value': 211812353}, {'name': 'inode', 'type': 'unsigned long', 'value': 3765}]",0,0
18830.879093,7788,7049,0,sshd,ip-10-100-1-26,257,openat,4,3,"[{'name': 'dirfd', 'type': 'int', 'value': -100}, {'name': 'pathname', 'type': 'const char*', 'value': '/lib/x86_64-linux-gnu/libpcre2-8.so.0'}, {'name': 'flags', 'type': 'int', 'value': 'O_RDONLY|O_CLOEXEC'}, {'name': 'mode', 'type': 'int', 'value': 94555992}]",0,0
18830.87912,7788,7049,0,sshd,ip-10-100-1-26,5,fstat,2,0,"[{'name': 'fd', 'type': 'int', 'value': 3}, {'name': 'statbuf', 'type': 'struct stat*', 'value': '0x7FFDE67FD400'}]",0,0
18830.879194,7788,7049,0,sshd,ip-10-100-1-26,3,close,1,0,"[{'name': 'fd', 'type': 'int', 'value': 3}]",0,0
18830.879226,7788,7049,0,sshd,ip-10-100-1-26,1005,security_file_open,4,0,"[{'name': 'pathname', 'type': 'const char*', 'value': '/usr/lib/x86_64-linux-gnu/librt-2.31.so'}, {'name': 'flags', 'type': 'int', 'value': 'O_RDONLY|O_LARGEFILE'}, {'name': 'dev', 'type': 'dev_t', 'value': 211812353}, {'name': 'inode', 'type': 'unsigned long', 'value': 4647}]",0,0
18830.879253,7788,7049,0,sshd,ip-10-100-1-26,257,openat,4,3,"[{'name': 'dirfd', 'type': 'int', 'value': -100}, {'name': 'pathname', 'type': 'const char*', 'value': '/lib/x86_64-linux-gnu/librt.so.1'}, {'name': 'flags', 'type': 'int', 'value': 'O_RDONLY|O_CLOEXEC'}, {'name': 'mode', 'type': 'int', 'value': 94555992}]",0,0
18830.87928,7788,7049,0,sshd,ip-10-100-1-26,5,fstat,2,0,"[{'name': 'fd', 'type': 'int', 'value': 3}, {'name': 'statbuf', 'type': 'struct stat*', 'value': '0x7FFDE67FD3C0'}]",0,0
18830.879365,7788,7049,0,sshd,ip-10-100-1-26,3,close,1,0,"[{'name': 'fd', 'type': 'int', 'value': 3}]",0,0
18830.879421,7788,7049,0,sshd,ip-10-100-1-26,257,openat,4,3,"[{'name': 'dirfd', 'type': 'int', 'value': -100}, {'name': 'pathname', 'type': 'const char*', 'value': '/lib/x86_64-linux-gnu/liblzma.so.5'}, {'name': 'flags', 'type': 'int', 'value': 'O_RDONLY|O_CLOEXEC'}, {'name': 'mode', 'type': 'int', 'value': 94555992}]",0,0
18830.879395,7788,7049,0,sshd,ip-10-100-1-26,1005,security_file_open,4,0,"[{'name': 'pathname', 'type': 'const char*', 'value': '/usr/lib/x86_64-linux-gnu/liblzma.so.5.2.4'}, {'name': 'flags', 'type': 'int', 'value': 'O_RDONLY|O_LARGEFILE'}, {'name': 'dev', 'type': 'dev_t', 'value': 211812353}, {'name': 'inode', 'type': 'unsigned long', 'value': 3696}]",0,0
18830.879448,7788,7049,0,sshd,ip-10-100-1-26,5,fstat,2,0,"[{'name': 'fd', 'type': 'int', 'value': 3}, {'name': 'statbuf', 'type': 'struct stat*', 'value': '0x7FFDE67FD3A0'}]",0,0
18830.879574,7788,7049,0,sshd,ip-10-100-1-26,1005,security_file_open,4,0,"[{'name': 'pathname', 'type': 'const char*', 'value': '/usr/lib/x86_64-linux-gnu/liblz4.so.1.9.2'}, {'name': 'flags', 'type': 'int', 'value': 'O_RDONLY|O_LARGEFILE'}, {'name': 'dev', 'type': 'dev_t', 'value': 211812353}, {'name': 'inode', 'type': 'unsigned long', 'value': 3701}]",0,0
18830.879545,7788,7049,0,sshd,ip-10-100-1-26,3,close,1,0,"[{'name': 'fd', 'type': 'int', 'value': 3}]",0,0
18830.8796,7788,7049,0,sshd,ip-10-100-1-26,257,openat,4,3,"[{'name': 'dirfd', 'type': 'int', 'value': -100}, {'name': 'pathname', 'type': 'const char*', 'value': '/lib/x86_64-linux-gnu/liblz4.so.1'}, {'name': 'flags', 'type': 'int', 'value': 'O_RDONLY|O_CLOEXEC'}, {'name': 'mode', 'type': 'int', 'value': 94555992}]",0,0
18830.879627,7788,7049,0,sshd,ip-10-100-1-26,5,fstat,2,0,"[{'name': 'fd', 'type': 'int', 'value': 3}, {'name': 'statbuf', 'type': 'struct stat*', 'value': '0x7FFDE67FD380'}]",0,0
18830.8797,7788,7049,0,sshd,ip-10-100-1-26,3,close,1,0,"[{'name': 'fd', 'type': 'int', 'value': 3}]",0,0
18830.879728,7788,7049,0,sshd,ip-10-100-1-26,1005,security_file_open,4,0,"[{'name': 'pathname', 'type': 'const char*', 'value': '/usr/lib/x86_64-linux-gnu/libgcrypt.so.20.2.5'}, {'name': 'flags', 'type': 'int', 'value': 'O_RDONLY|O_LARGEFILE'}, {'name': 'dev', 'type': 'dev_t', 'value': 211812353}, {'name': 'inode', 'type': 'unsigned long', 'value': 3419}]",0,0
18830.879755,7788,7049,0,sshd,ip-10-100-1-26,257,openat,4,3,"[{'name': 'dirfd', 'type': 'int', 'value': -100}, {'name': 'pathname', 'type': 'const char*', 'value': '/lib/x86_64-linux-gnu/libgcrypt.so.20'}, {'name': 'flags', 'type': 'int', 'value': 'O_RDONLY|O_CLOEXEC'}, {'name': 'mode', 'type': 'int', 'value': 94555992}]",0,0
18830.879782,7788,7049,0,sshd,ip-10-100-1-26,5,fstat,2,0,"[{'name': 'fd', 'type': 'int', 'value': 3}, {'name': 'statbuf', 'type': 'struct stat*', 'value': '0x7FFDE67FD360'}]",0,0
18830.879856,7788,7049,0,sshd,ip-10-100-1-26,3,close,1,0,"[{'name': 'fd', 'type': 'int', 'value': 3}]",0,0
18830.879885,7788,7049,0,sshd,ip-10-100-1-26,1005,security_file_open,4,0,"[{'name': 'pathname', 'type': 'const char*', 'value': '/usr/lib/x86_64-linux-gnu/libpthread-2.31.so'}, {'name': 'flags', 'type': 'int', 'value': 'O_RDONLY|O_LARGEFILE'}, {'name': 'dev', 'type': 'dev_t', 'value': 211812353}, {'name': 'inode', 'type': 'unsigned long', 'value': 4645}]",0,0
18830.879911,7788,7049,0,sshd,ip-10-100-1-26,257,openat,4,3,"[{'name': 'dirfd', 'type': 'int', 'value': -100}, {'name': 'pathname', 'type': 'const char*', 'value': '/lib/x86_64-linux-gnu/libpthread.so.0'}, {'name': 'flags', 'type': 'int', 'value': 'O_RDONLY|O_CLOEXEC'}, {'name': 'mode', 'type': 'int', 'value': 94555992}]",0,0
18830.879943,7788,7049,0,sshd,ip-10-100-1-26,5,fstat,2,0,"[{'name': 'fd', 'type': 'int', 'value': 3}, {'name': 'statbuf', 'type': 'struct stat*', 'value': '0x7FFDE67FD340'}]",0,0
18830.880038,7788,7049,0,sshd,ip-10-100-1-26,3,close,1,0,"[{'name': 'fd', 'type': 'int', 'value': 3}]",0,0
18830.880074,7788,7049,0,sshd,ip-10-100-1-26,1005,security_file_open,4,0,"[{'name': 'pathname', 'type': 'const char*', 'value': '/usr/lib/x86_64-linux-gnu/libk5crypto.so.3.1'}, {'name': 'flags', 'type': 'int', 'value': 'O_RDONLY|O_LARGEFILE'}, {'name': 'dev', 'type': 'dev_t', 'value': 211812353}, {'name': 'inode', 'type': 'unsigned long', 'value': 5203}]",0,0
18830.880101,7788,7049,0,sshd,ip-10-100-1-26,257,openat,4,3,"[{'name': 'dirfd', 'type': 'int', 'value': -100}, {'name': 'pathname', 'type': 'const char*', 'value': '/lib/x86_64-linux-gnu/libk5crypto.so.3'}, {'name': 'flags', 'type': 'int', 'value': 'O_RDONLY|O_CLOEXEC'}, {'name': 'mode', 'type': 'int', 'value': 94555992}]",0,0
18830.880127,7788,7049,0,sshd,ip-10-100-1-26,5,fstat,2,0,"[{'name': 'fd', 'type': 'int', 'value': 3}, {'name': 'statbuf', 'type': 'struct stat*', 'value': '0x7FFDE67FD320'}]",0,0
18830.880224,7788,7049,0,sshd,ip-10-100-1-26,3,close,1,0,"[{'name': 'fd', 'type': 'int', 'value': 3}]",0,0
18830.880255,7788,7049,0,sshd,ip-10-100-1-26,1005,security_file_open,4,0,"[{'name': 'pathname', 'type': 'const char*', 'value': '/usr/lib/x86_64-linux-gnu/libkrb5support.so.0.1'}, {'name': 'flags', 'type': 'int', 'value': 'O_RDONLY|O_LARGEFILE'}, {'name': 'dev', 'type': 'dev_t', 'value': 211812353}, {'name': 'inode', 'type': 'unsigned long', 'value': 5200}]",0,0
18830.880281,7788,7049,0,sshd,ip-10-100-1-26,257,openat,4,3,"[{'name': 'dirfd', 'type': 'int', 'value': -100}, {'name': 'pathname', 'type': 'const char*', 'value': '/lib/x86_64-linux-gnu/libkrb5support.so.0'}, {'name': 'flags', 'type': 'int', 'value': 'O_RDONLY|O_CLOEXEC'}, {'name': 'mode', 'type': 'int', 'value': 94555992}]",0,0
18830.895183,7786,7291,0,ps,ip-10-100-1-26,3,close,1,0,"[{'name': 'fd', 'type': 'int', 'value': 1}]",0,0
18830.880308,7788,7049,0,sshd,ip-10-100-1-26,5,fstat,2,0,"[{'name': 'fd', 'type': 'int', 'value': 3}, {'name': 'statbuf', 'type': 'struct stat*', 'value': '0x7FFDE67FD300'}]",0,0
18830.895214,7786,7291,0,ps,ip-10-100-1-26,3,close,1,0,"[{'name': 'fd', 'type': 'int', 'value': 2}]",0,0
18830.896271,1516,1,0,amazon-ssm-agen,ip-10-100-1-26,3,close,1,0,"[{'name': 'fd', 'type': 'int', 'value': 14}]",0,0
18830.89693,7786,7291,0,ps,ip-10-100-1-26,1010,sched_process_exit,0,0,[],0,0
18830.901915,7787,7049,0,sshd,ip-10-100-1-26,1005,security_file_open,4,0,"[{'name': 'pathname', 'type': 'const char*', 'value': '/etc/gai.conf'}, {'name': 'flags', 'type': 'int', 'value': 'O_RDONLY|O_LARGEFILE'}, {'name': 'dev', 'type': 'dev_t', 'value': 211812353}, {'name': 'inode', 'type': 'unsigned long', 'value': 530}]",0,0
18830.901951,7787,7049,0,sshd,ip-10-100-1-26,257,openat,4,4,"[{'name': 'dirfd', 'type': 'int', 'value': -100}, {'name': 'pathname', 'type': 'const char*', 'value': '/etc/gai.conf'}, {'name': 'flags', 'type': 'int', 'value': 'O_RDONLY|O_CLOEXEC'}, {'name': 'mode', 'type': 'int', 'value': 1485141596}]",0,0
18830.901975,7787,7049,0,sshd,ip-10-100-1-26,5,fstat,2,0,"[{'name': 'fd', 'type': 'int', 'value': 4}, {'name': 'statbuf', 'type': 'struct stat*', 'value': '0x7FFF75256290'}]",0,0
18830.902,7787,7049,0,sshd,ip-10-100-1-26,5,fstat,2,0,"[{'name': 'fd', 'type': 'int', 'value': 4}, {'name': 'statbuf', 'type': 'struct stat*', 'value': '0x7FFF75256080'}]",0,0
18830.902042,7787,7049,0,sshd,ip-10-100-1-26,3,close,1,0,"[{'name': 'fd', 'type': 'int', 'value': 4}]",0,0
18830.902083,7787,7049,0,sshd,ip-10-100-1-26,41,socket,3,4,"[{'name': 'domain', 'type': 'int', 'value': 'AF_NETLINK'}, {'name': 'type', 'type': 'int', 'value': 'SOCK_RAW|SOCK_CLOEXEC'}, {'name': 'protocol', 'type': 'int', 'value': 0}]",0,0
18830.902149,7787,7049,0,sshd,ip-10-100-1-26,51,getsockname,3,0,"[{'name': 'sockfd', 'type': 'int', 'value': 4}, {'name': 'addr', 'type': 'const void*', 'value': ""{'sa_family': 'AF_NETLINK'}""}, {'name': 'addrlen', 'type': 'int*', 'value': '0x7FFF75256274'}]",0,0
18830.902124,7787,7049,0,sshd,ip-10-100-1-26,49,bind,3,0,"[{'name': 'sockfd', 'type': 'int', 'value': 4}, {'name': 'addr', 'type': 'const void*', 'value': ""{'sa_family': 'AF_NETLINK'}""}, {'name': 'addrlen', 'type': 'int*', 'value': 12}]",0,0
18830.902233,7787,7049,0,sshd,ip-10-100-1-26,41,socket,3,6,"[{'name': 'domain', 'type': 'int', 'value': 'AF_UNIX'}, {'name': 'type', 'type': 'int', 'value': 'SOCK_STREAM|SOCK_NONBLOCK|SOCK_CLOEXEC'}, {'name': 'protocol', 'type': 'int', 'value': 0}]",0,0
18830.902268,7787,7049,0,sshd,ip-10-100-1-26,42,connect,3,-2,"[{'name': 'sockfd', 'type': 'int', 'value': 6}, {'name': 'addr', 'type': 'void*', 'value': ""{'sa_family': 'AF_UNIX','sun_path': '/var/run/nscd/socket'}""}, {'name': 'addrlen', 'type': 'int', 'value': 110}]",0,0
18830.90229,7787,7049,0,sshd,ip-10-100-1-26,3,close,1,0,"[{'name': 'fd', 'type': 'int', 'value': 6}]",0,0
18830.902342,7787,7049,0,sshd,ip-10-100-1-26,41,socket,3,4,"[{'name': 'domain', 'type': 'int', 'value': 'AF_INET6'}, {'name': 'type', 'type': 'int', 'value': 'SOCK_DGRAM|SOCK_CLOEXEC'}, {'name': 'protocol', 'type': 'int', 'value': 0}]",0,0
18830.902313,7787,7049,0,sshd,ip-10-100-1-26,3,close,1,0,"[{'name': 'fd', 'type': 'int', 'value': 4}]",0,0
18830.902373,7787,7049,0,sshd,ip-10-100-1-26,42,connect,3,0,"[{'name': 'sockfd', 'type': 'int', 'value': 4}, {'name': 'addr', 'type': 'void*', 'value': ""{'sa_family': 'AF_INET6','sin6_port': '22','sin6_flowinfo': '0','sin6_addr': '::','sin6_scopeid': '0'}""}, {'name': 'addrlen', 'type': 'int', 'value': 28}]",0,0
18830.902395,7787,7049,0,sshd,ip-10-100-1-26,51,getsockname,3,0,"[{'name': 'sockfd', 'type': 'int', 'value': 4}, {'name': 'addr', 'type': 'const void*', 'value': ""{'sa_family': 'AF_INET6','sin6_port': '56578','sin6_flowinfo': '0','sin6_addr': '::1','sin6_scopeid': '0'}""}, {'name': 'addrlen', 'type': 'int*', 'value': '0x7FFF75256460'}]",0,0
18830.902416,7787,7049,0,sshd,ip-10-100-1-26,42,connect,3,0,"[{'name': 'sockfd', 'type': 'int', 'value': 4}, {'name': 'addr', 'type': 'void*', 'value': ""{'sa_family': 'AF_UNSPEC'}""}, {'name': 'addrlen', 'type': 'int', 'value': 16}]",0,0
18830.902442,7787,7049,0,sshd,ip-10-100-1-26,42,connect,3,0,"[{'name': 'sockfd', 'type': 'int', 'value': 4}, {'name': 'addr', 'type': 'void*', 'value': ""{'sa_family': 'AF_INET','sin_port': '22','sin_addr': '0.0.0.0'}""}, {'name': 'addrlen', 'type': 'int', 'value': 16}]",0,0
18830.902463,7787,7049,0,sshd,ip-10-100-1-26,51,getsockname,3,0,"[{'name': 'sockfd', 'type': 'int', 'value': 4}, {'name': 'addr', 'type': 'const void*', 'value': ""{'sa_family': 'AF_INET6','sin6_port': '47205','sin6_flowinfo': '0','sin6_addr': '127.0.0.1','sin6_scopeid': '0'}""}, {'name': 'addrlen', 'type': 'int*', 'value': '0x7FFF75256460'}]",0,0
18830.902484,7787,7049,0,sshd,ip-10-100-1-26,3,close,1,0,"[{'name': 'fd', 'type': 'int', 'value': 4}]",0,0
18830.902601,7787,7049,0,sshd,ip-10-100-1-26,41,socket,3,4,"[{'name': 'domain', 'type': 'int', 'value': 'AF_UNIX'}, {'name': 'type', 'type': 'int', 'value': 'SOCK_STREAM|SOCK_NONBLOCK|SOCK_CLOEXEC'}, {'name': 'protocol', 'type': 'int', 'value': 0}]",0,0
18830.902629,7787,7049,0,sshd,ip-10-100-1-26,42,connect,3,-2,"[{'name': 'sockfd', 'type': 'int', 'value': 4}, {'name': 'addr', 'type': 'void*', 'value': ""{'sa_family': 'AF_UNIX','sun_path': '/var/run/nscd/socket'}""}, {'name': 'addrlen', 'type': 'int', 'value': 110}]",0,0
18830.90265,7787,7049,0,sshd,ip-10-100-1-26,3,close,1,0,"[{'name': 'fd', 'type': 'int', 'value': 4}]",0,0
18830.902677,7787,7049,0,sshd,ip-10-100-1-26,41,socket,3,4,"[{'name': 'domain', 'type': 'int', 'value': 'AF_UNIX'}, {'name': 'type', 'type': 'int', 'value': 'SOCK_STREAM|SOCK_NONBLOCK|SOCK_CLOEXEC'}, {'name': 'protocol', 'type': 'int', 'value': 0}]",0,0
18830.902702,7787,7049,0,sshd,ip-10-100-1-26,42,connect,3,-2,"[{'name': 'sockfd', 'type': 'int', 'value': 4}, {'name': 'addr', 'type': 'void*', 'value': ""{'sa_family': 'AF_UNIX','sun_path': '/var/run/nscd/socket'}""}, {'name': 'addrlen', 'type': 'int', 'value': 110}]",0,0
18830.902723,7787,7049,0,sshd,ip-10-100-1-26,3,close,1,0,"[{'name': 'fd', 'type': 'int', 'value': 4}]",0,0
18830.902776,7787,7049,0,sshd,ip-10-100-1-26,257,openat,4,4,"[{'name': 'dirfd', 'type': 'int', 'value': -100}, {'name': 'pathname', 'type': 'const char*', 'value': '/etc/nsswitch.conf'}, {'name': 'flags', 'type': 'int', 'value': 'O_RDONLY|O_CLOEXEC'}, {'name': 'mode', 'type': 'int', 'value': 1485141596}]",0,0
18830.902749,7787,7049,0,sshd,ip-10-100-1-26,1005,security_file_open,4,0,"[{'name': 'pathname', 'type': 'const char*', 'value': '/etc/nsswitch.conf'}, {'name': 'flags', 'type': 'int', 'value': 'O_RDONLY|O_LARGEFILE'}, {'name': 'dev', 'type': 'dev_t', 'value': 211812353}, {'name': 'inode', 'type': 'unsigned long', 'value': 19}]",0,0
18830.902798,7787,7049,0,sshd,ip-10-100-1-26,5,fstat,2,0,"[{'name': 'fd', 'type': 'int', 'value': 4}, {'name': 'statbuf', 'type': 'struct stat*', 'value': '0x7FFF75256760'}]",0,0
18830.902834,7787,7049,0,sshd,ip-10-100-1-26,3,close,1,0,"[{'name': 'fd', 'type': 'int', 'value': 4}]",0,0
18830.902869,7787,7049,0,sshd,ip-10-100-1-26,1005,security_file_open,4,0,"[{'name': 'pathname', 'type': 'const char*', 'value': '/etc/ld.so.cache'}, {'name': 'flags', 'type': 'int', 'value': 'O_RDONLY|O_LARGEFILE'}, {'name': 'dev', 'type': 'dev_t', 'value': 211812353}, {'name': 'inode', 'type': 'unsigned long', 'value': 62957}]",0,0
18830.902895,7787,7049,0,sshd,ip-10-100-1-26,257,openat,4,4,"[{'name': 'dirfd', 'type': 'int', 'value': -100}, {'name': 'pathname', 'type': 'const char*', 'value': '/etc/ld.so.cache'}, {'name': 'flags', 'type': 'int', 'value': 'O_RDONLY|O_CLOEXEC'}, {'name': 'mode', 'type': 'int', 'value': 1492016984}]",0,0
18830.902916,7787,7049,0,sshd,ip-10-100-1-26,5,fstat,2,0,"[{'name': 'fd', 'type': 'int', 'value': 4}, {'name': 'statbuf', 'type': 'struct stat*', 'value': '0x7FFF75255ED0'}]",0,0
18830.902952,7787,7049,0,sshd,ip-10-100-1-26,3,close,1,0,"[{'name': 'fd', 'type': 'int', 'value': 4}]",0,0
18830.902981,7787,7049,0,sshd,ip-10-100-1-26,1005,security_file_open,4,0,"[{'name': 'pathname', 'type': 'const char*', 'value': '/usr/lib/x86_64-linux-gnu/libnss_files-2.31.so'}, {'name': 'flags', 'type': 'int', 'value': 'O_RDONLY|O_LARGEFILE'}, {'name': 'dev', 'type': 'dev_t', 'value': 211812353}, {'name': 'inode', 'type': 'unsigned long', 'value': 4640}]",0,0
18830.903007,7787,7049,0,sshd,ip-10-100-1-26,257,openat,4,4,"[{'name': 'dirfd', 'type': 'int', 'value': -100}, {'name': 'pathname', 'type': 'const char*', 'value': '/lib/x86_64-linux-gnu/libnss_files.so.2'}, {'name': 'flags', 'type': 'int', 'value': 'O_RDONLY|O_CLOEXEC'}, {'name': 'mode', 'type': 'int', 'value': 1492016984}]",0,0
18830.903034,7787,7049,0,sshd,ip-10-100-1-26,5,fstat,2,0,"[{'name': 'fd', 'type': 'int', 'value': 4}, {'name': 'statbuf', 'type': 'struct stat*', 'value': '0x7FFF75255F20'}]",0,0
18830.903138,7787,7049,0,sshd,ip-10-100-1-26,3,close,1,0,"[{'name': 'fd', 'type': 'int', 'value': 4}]",0,0
18830.903246,7787,7049,0,sshd,ip-10-100-1-26,1005,security_file_open,4,0,"[{'name': 'pathname', 'type': 'const char*', 'value': '/etc/passwd'}, {'name': 'flags', 'type': 'int', 'value': 'O_RDONLY|O_LARGEFILE'}, {'name': 'dev', 'type': 'dev_t', 'value': 211812353}, {'name': 'inode', 'type': 'unsigned long', 'value': 61348}]",0,0
18830.903275,7787,7049,0,sshd,ip-10-100-1-26,257,openat,4,4,"[{'name': 'dirfd', 'type': 'int', 'value': -100}, {'name': 'pathname', 'type': 'const char*', 'value': '/etc/passwd'}, {'name': 'flags', 'type': 'int', 'value': 'O_RDONLY|O_CLOEXEC'}, {'name': 'mode', 'type': 'int', 'value': 1485141596}]",0,0
18830.903303,7787,7049,0,sshd,ip-10-100-1-26,5,fstat,2,0,"[{'name': 'fd', 'type': 'int', 'value': 4}, {'name': 'statbuf', 'type': 'struct stat*', 'value': '0x7FFF75256790'}]",0,0
18830.903339,7787,7049,0,sshd,ip-10-100-1-26,3,close,1,0,"[{'name': 'fd', 'type': 'int', 'value': 4}]",0,0
18830.903367,7787,7049,0,sshd,ip-10-100-1-26,1005,security_file_open,4,0,"[{'name': 'pathname', 'type': 'const char*', 'value': '/etc/ssh/ssh_host_rsa_key'}, {'name': 'flags', 'type': 'int', 'value': 'O_RDONLY|O_LARGEFILE'}, {'name': 'dev', 'type': 'dev_t', 'value': 211812353}, {'name': 'inode', 'type': 'unsigned long', 'value': 61174}]",0,0
18830.903392,7787,7049,0,sshd,ip-10-100-1-26,257,openat,4,4,"[{'name': 'dirfd', 'type': 'int', 'value': -100}, {'name': 'pathname', 'type': 'const char*', 'value': '/etc/ssh/ssh_host_rsa_key'}, {'name': 'flags', 'type': 'int', 'value': 'O_RDONLY'}, {'name': 'mode', 'type': 'int', 'value': 1485119147}]",0,0
18830.903412,7787,7049,0,sshd,ip-10-100-1-26,5,fstat,2,0,"[{'name': 'fd', 'type': 'int', 'value': 4}, {'name': 'statbuf', 'type': 'struct stat*', 'value': '0x7FFF75256970'}]",0,0
18830.903438,7787,7049,0,sshd,ip-10-100-1-26,5,fstat,2,0,"[{'name': 'fd', 'type': 'int', 'value': 4}, {'name': 'statbuf', 'type': 'struct stat*', 'value': '0x7FFF75255960'}]",0,0
18830.919848,7788,7049,0,sshd,ip-10-100-1-26,3,close,1,0,"[{'name': 'fd', 'type': 'int', 'value': 3}]",0,0
18830.919926,7788,7049,0,sshd,ip-10-100-1-26,1005,security_file_open,4,0,"[{'name': 'pathname', 'type': 'const char*', 'value': '/usr/lib/x86_64-linux-gnu/libkeyutils.so.1.8'}, {'name': 'flags', 'type': 'int', 'value': 'O_RDONLY|O_LARGEFILE'}, {'name': 'dev', 'type': 'dev_t', 'value': 211812353}, {'name': 'inode', 'type': 'unsigned long', 'value': 5205}]",0,0
18830.919959,7788,7049,0,sshd,ip-10-100-1-26,257,openat,4,3,"[{'name': 'dirfd', 'type': 'int', 'value': -100}, {'name': 'pathname', 'type': 'const char*', 'value': '/lib/x86_64-linux-gnu/libkeyutils.so.1'}, {'name': 'flags', 'type': 'int', 'value': 'O_RDONLY|O_CLOEXEC'}, {'name': 'mode', 'type': 'int', 'value': 94555992}]",0,0
18830.920003,7788,7049,0,sshd,ip-10-100-1-26,5,fstat,2,0,"[{'name': 'fd', 'type': 'int', 'value': 3}, {'name': 'statbuf', 'type': 'struct stat*', 'value': '0x7FFDE67FD2E0'}]",0,0
18830.920083,7788,7049,0,sshd,ip-10-100-1-26,3,close,1,0,"[{'name': 'fd', 'type': 'int', 'value': 3}]",0,0
18830.920114,7788,7049,0,sshd,ip-10-100-1-26,1005,security_file_open,4,0,"[{'name': 'pathname', 'type': 'const char*', 'value': '/usr/lib/x86_64-linux-gnu/libresolv-2.31.so'}, {'name': 'flags', 'type': 'int', 'value': 'O_RDONLY|O_LARGEFILE'}, {'name': 'dev', 'type': 'dev_t', 'value': 211812353}, {'name': 'inode', 'type': 'unsigned long', 'value': 4646}]",0,0
18830.920142,7788,7049,0,sshd,ip-10-100-1-26,257,openat,4,3,"[{'name': 'dirfd', 'type': 'int', 'value': -100}, {'name': 'pathname', 'type': 'const char*', 'value': '/lib/x86_64-linux-gnu/libresolv.so.2'}, {'name': 'flags', 'type': 'int', 'value': 'O_RDONLY|O_CLOEXEC'}, {'name': 'mode', 'type': 'int', 'value': 94555992}]",0,0
18830.920169,7788,7049,0,sshd,ip-10-100-1-26,5,fstat,2,0,"[{'name': 'fd', 'type': 'int', 'value': 3}, {'name': 'statbuf', 'type': 'struct stat*', 'value': '0x7FFDE67FD2C0'}]",0,0
18830.920273,7788,7049,0,sshd,ip-10-100-1-26,3,close,1,0,"[{'name': 'fd', 'type': 'int', 'value': 3}]",0,0
18830.920334,7788,7049,0,sshd,ip-10-100-1-26,1005,security_file_open,4,0,"[{'name': 'pathname', 'type': 'const char*', 'value': '/usr/lib/x86_64-linux-gnu/libgpg-error.so.0.28.0'}, {'name': 'flags', 'type': 'int', 'value': 'O_RDONLY|O_LARGEFILE'}, {'name': 'dev', 'type': 'dev_t', 'value': 211812353}, {'name': 'inode', 'type': 'unsigned long', 'value': 3698}]",0,0
18830.923955,7787,7049,0,sshd,ip-10-100-1-26,3,close,1,0,"[{'name': 'fd', 'type': 'int', 'value': 4}]",0,0
18830.924117,7787,7049,0,sshd,ip-10-100-1-26,1005,security_file_open,4,0,"[{'name': 'pathname', 'type': 'const char*', 'value': '/etc/ssh/ssh_host_rsa_key'}, {'name': 'flags', 'type': 'int', 'value': 'O_RDONLY|O_LARGEFILE'}, {'name': 'dev', 'type': 'dev_t', 'value': 211812353}, {'name': 'inode', 'type': 'unsigned long', 'value': 61174}]",0,0
18830.924148,7787,7049,0,sshd,ip-10-100-1-26,257,openat,4,4,"[{'name': 'dirfd', 'type': 'int', 'value': -100}, {'name': 'pathname', 'type': 'const char*', 'value': '/etc/ssh/ssh_host_rsa_key'}, {'name': 'flags', 'type': 'int', 'value': 'O_RDONLY'}, {'name': 'mode', 'type': 'int', 'value': 1485119147}]",0,0
18830.924172,7787,7049,0,sshd,ip-10-100-1-26,5,fstat,2,0,"[{'name': 'fd', 'type': 'int', 'value': 4}, {'name': 'statbuf', 'type': 'struct stat*', 'value': '0x7FFF75256830'}]",0,0
18830.924202,7787,7049,0,sshd,ip-10-100-1-26,3,close,1,0,"[{'name': 'fd', 'type': 'int', 'value': 4}]",0,0
18830.92423,7787,7049,0,sshd,ip-10-100-1-26,1005,security_file_open,4,0,"[{'name': 'pathname', 'type': 'const char*', 'value': '/etc/ssh/ssh_host_rsa_key.pub'}, {'name': 'flags', 'type': 'int', 'value': 'O_RDONLY|O_LARGEFILE'}, {'name': 'dev', 'type': 'dev_t', 'value': 211812353}, {'name': 'inode', 'type': 'unsigned long', 'value': 61179}]",0,0
18830.924255,7787,7049,0,sshd,ip-10-100-1-26,257,openat,4,4,"[{'name': 'dirfd', 'type': 'int', 'value': -100}, {'name': 'pathname', 'type': 'const char*', 'value': '/etc/ssh/ssh_host_rsa_key.pub'}, {'name': 'flags', 'type': 'int', 'value': 'O_RDONLY'}, {'name': 'mode', 'type': 'int', 'value': 1485119147}]",0,0
18830.924276,7787,7049,0,sshd,ip-10-100-1-26,5,fstat,2,0,"[{'name': 'fd', 'type': 'int', 'value': 4}, {'name': 'statbuf', 'type': 'struct stat*', 'value': '0x7FFF75256830'}]",0,0
18830.924337,7787,7049,0,sshd,ip-10-100-1-26,3,close,1,0,"[{'name': 'fd', 'type': 'int', 'value': 4}]",0,0
18830.949085,7788,7049,0,sshd,ip-10-100-1-26,257,openat,4,3,"[{'name': 'dirfd', 'type': 'int', 'value': -100}, {'name': 'pathname', 'type': 'const char*', 'value': '/lib/x86_64-linux-gnu/libgpg-error.so.0'}, {'name': 'flags', 'type': 'int', 'value': 'O_RDONLY|O_CLOEXEC'}, {'name': 'mode', 'type': 'int', 'value': 94555992}]",0,0
18830.949126,7788,7049,0,sshd,ip-10-100-1-26,5,fstat,2,0,"[{'name': 'fd', 'type': 'int', 'value': 3}, {'name': 'statbuf', 'type': 'struct stat*', 'value': '0x7FFDE67FD2A0'}]",0,0
18830.949261,7788,7049,0,sshd,ip-10-100-1-26,3,close,1,0,"[{'name': 'fd', 'type': 'int', 'value': 3}]",0,0
18830.95095,7788,7049,0,sshd,ip-10-100-1-26,1005,security_file_open,4,0,"[{'name': 'pathname', 'type': 'const char*', 'value': '/proc/filesystems'}, {'name': 'flags', 'type': 'int', 'value': 'O_RDONLY|O_LARGEFILE'}, {'name': 'dev', 'type': 'dev_t', 'value': 5}, {'name': 'inode', 'type': 'unsigned long', 'value': 4026532121}]",0,0
18830.951,7788,7049,0,sshd,ip-10-100-1-26,257,openat,4,3,"[{'name': 'dirfd', 'type': 'int', 'value': -100}, {'name': 'pathname', 'type': 'const char*', 'value': '/proc/filesystems'}, {'name': 'flags', 'type': 'int', 'value': 'O_RDONLY|O_CLOEXEC'}, {'name': 'mode', 'type': 'int', 'value': 87658155}]",0,0
18830.951036,7788,7049,0,sshd,ip-10-100-1-26,5,fstat,2,0,"[{'name': 'fd', 'type': 'int', 'value': 3}, {'name': 'statbuf', 'type': 'struct stat*', 'value': '0x7FFDE67FE1C0'}]",0,0
18830.951088,7788,7049,0,sshd,ip-10-100-1-26,3,close,1,0,"[{'name': 'fd', 'type': 'int', 'value': 3}]",0,0
18830.951118,7788,7049,0,sshd,ip-10-100-1-26,21,access,2,-2,"[{'name': 'pathname', 'type': 'const char*', 'value': '/etc/selinux/config'}, {'name': 'mode', 'type': 'int', 'value': 'F_OK'}]",0,0
18830.951176,7788,7049,0,sshd,ip-10-100-1-26,1003,cap_capable,1,0,"[{'name': 'cap', 'type': 'int', 'value': 'CAP_SETGID'}]",0,0
18830.951209,7788,7049,0,sshd,ip-10-100-1-26,1005,security_file_open,4,0,"[{'name': 'pathname', 'type': 'const char*', 'value': '/dev/null'}, {'name': 'flags', 'type': 'int', 'value': 'O_RDWR|O_LARGEFILE'}, {'name': 'dev', 'type': 'dev_t', 'value': 6}, {'name': 'inode', 'type': 'unsigned long', 'value': 6}]",0,0
18830.951236,7788,7049,0,sshd,ip-10-100-1-26,257,openat,4,3,"[{'name': 'dirfd', 'type': 'int', 'value': -100}, {'name': 'pathname', 'type': 'const char*', 'value': '/dev/null'}, {'name': 'flags', 'type': 'int', 'value': 'O_RDWR'}, {'name': 'mode', 'type': 'int', 'value': 87658155}]",0,0
18830.951258,7788,7049,0,sshd,ip-10-100-1-26,3,close,1,0,"[{'name': 'fd', 'type': 'int', 'value': 3}]",0,0
18830.952282,7788,7049,0,sshd,ip-10-100-1-26,1005,security_file_open,4,0,"[{'name': 'pathname', 'type': 'const char*', 'value': '/etc/ssl/openssl.cnf'}, {'name': 'flags', 'type': 'int', 'value': 'O_RDONLY|O_LARGEFILE'}, {'name': 'dev', 'type': 'dev_t', 'value': 211812353}, {'name': 'inode', 'type': 'unsigned long', 'value': 1093}]",0,0
18830.952314,7788,7049,0,sshd,ip-10-100-1-26,257,openat,4,3,"[{'name': 'dirfd', 'type': 'int', 'value': -100}, {'name': 'pathname', 'type': 'const char*', 'value': '/usr/lib/ssl/openssl.cnf'}, {'name': 'flags', 'type': 'int', 'value': 'O_RDONLY'}, {'name': 'mode', 'type': 'int', 'value': 87658155}]",0,0
18830.970201,7787,7049,0,sshd,ip-10-100-1-26,1005,security_file_open,4,0,"[{'name': 'pathname', 'type': 'const char*', 'value': '/etc/ssh/ssh_host_ecdsa_key'}, {'name': 'flags', 'type': 'int', 'value': 'O_RDONLY|O_LARGEFILE'}, {'name': 'dev', 'type': 'dev_t', 'value': 211812353}, {'name': 'inode', 'type': 'unsigned long', 'value': 61182}]",0,0
18830.97024,7787,7049,0,sshd,ip-10-100-1-26,257,openat,4,4,"[{'name': 'dirfd', 'type': 'int', 'value': -100}, {'name': 'pathname', 'type': 'const char*', 'value': '/etc/ssh/ssh_host_ecdsa_key'}, {'name': 'flags', 'type': 'int', 'value': 'O_RDONLY'}, {'name': 'mode', 'type': 'int', 'value': 1485119147}]",0,0
18830.970263,7787,7049,0,sshd,ip-10-100-1-26,5,fstat,2,0,"[{'name': 'fd', 'type': 'int', 'value': 4}, {'name': 'statbuf', 'type': 'struct stat*', 'value': '0x7FFF75256970'}]",0,0
18830.97029,7787,7049,0,sshd,ip-10-100-1-26,5,fstat,2,0,"[{'name': 'fd', 'type': 'int', 'value': 4}, {'name': 'statbuf', 'type': 'struct stat*', 'value': '0x7FFF75255960'}]",0,0
18830.97049,7787,7049,0,sshd,ip-10-100-1-26,3,close,1,0,"[{'name': 'fd', 'type': 'int', 'value': 4}]",0,0
18830.97065,7787,7049,0,sshd,ip-10-100-1-26,1005,security_file_open,4,0,"[{'name': 'pathname', 'type': 'const char*', 'value': '/etc/ssh/ssh_host_ecdsa_key'}, {'name': 'flags', 'type': 'int', 'value': 'O_RDONLY|O_LARGEFILE'}, {'name': 'dev', 'type': 'dev_t', 'value': 211812353}, {'name': 'inode', 'type': 'unsigned long', 'value': 61182}]",0,0
18830.97068,7787,7049,0,sshd,ip-10-100-1-26,257,openat,4,4,"[{'name': 'dirfd', 'type': 'int', 'value': -100}, {'name': 'pathname', 'type': 'const char*', 'value': '/etc/ssh/ssh_host_ecdsa_key'}, {'name': 'flags', 'type': 'int', 'value': 'O_RDONLY'}, {'name': 'mode', 'type': 'int', 'value': 1485119147}]",0,0
18830.970702,7787,7049,0,sshd,ip-10-100-1-26,5,fstat,2,0,"[{'name': 'fd', 'type': 'int', 'value': 4}, {'name': 'statbuf', 'type': 'struct stat*', 'value': '0x7FFF75256830'}]",0,0
18830.970738,7787,7049,0,sshd,ip-10-100-1-26,3,close,1,0,"[{'name': 'fd', 'type': 'int', 'value': 4}]",0,0
18830.970766,7787,7049,0,sshd,ip-10-100-1-26,1005,security_file_open,4,0,"[{'name': 'pathname', 'type': 'const char*', 'value': '/etc/ssh/ssh_host_ecdsa_key.pub'}, {'name': 'flags', 'type': 'int', 'value': 'O_RDONLY|O_LARGEFILE'}, {'name': 'dev', 'type': 'dev_t', 'value': 211812353}, {'name': 'inode', 'type': 'unsigned long', 'value': 61183}]",0,0
18830.970791,7787,7049,0,sshd,ip-10-100-1-26,257,openat,4,4,"[{'name': 'dirfd', 'type': 'int', 'value': -100}, {'name': 'pathname', 'type': 'const char*', 'value': '/etc/ssh/ssh_host_ecdsa_key.pub'}, {'name': 'flags', 'type': 'int', 'value': 'O_RDONLY'}, {'name': 'mode', 'type': 'int', 'value': 1485119147}]",0,0
18830.970812,7787,7049,0,sshd,ip-10-100-1-26,5,fstat,2,0,"[{'name': 'fd', 'type': 'int', 'value': 4}, {'name': 'statbuf', 'type': 'struct stat*', 'value': '0x7FFF75256830'}]",0,0
18830.970965,7787,7049,0,sshd,ip-10-100-1-26,3,close,1,0,"[{'name': 'fd', 'type': 'int', 'value': 4}]",0,0
18830.971287,7787,7049,0,sshd,ip-10-100-1-26,1005,security_file_open,4,0,"[{'name': 'pathname', 'type': 'const char*', 'value': '/etc/ssh/ssh_host_ed25519_key'}, {'name': 'flags', 'type': 'int', 'value': 'O_RDONLY|O_LARGEFILE'}, {'name': 'dev', 'type': 'dev_t', 'value': 211812353}, {'name': 'inode', 'type': 'unsigned long', 'value': 61187}]",0,0
18830.971329,7787,7049,0,sshd,ip-10-100-1-26,257,openat,4,4,"[{'name': 'dirfd', 'type': 'int', 'value': -100}, {'name': 'pathname', 'type': 'const char*', 'value': '/etc/ssh/ssh_host_ed25519_key'}, {'name': 'flags', 'type': 'int', 'value': 'O_RDONLY'}, {'name': 'mode', 'type': 'int', 'value': 1485119147}]",0,0
18830.971365,7787,7049,0,sshd,ip-10-100-1-26,5,fstat,2,0,"[{'name': 'fd', 'type': 'int', 'value': 4}, {'name': 'statbuf', 'type': 'struct stat*', 'value': '0x7FFF75256970'}]",0,0
18830.971402,7787,7049,0,sshd,ip-10-100-1-26,5,fstat,2,0,"[{'name': 'fd', 'type': 'int', 'value': 4}, {'name': 'statbuf', 'type': 'struct stat*', 'value': '0x7FFF75255960'}]",0,0
18830.971452,7787,7049,0,sshd,ip-10-100-1-26,3,close,1,0,"[{'name': 'fd', 'type': 'int', 'value': 4}]",0,0
18830.971567,7787,7049,0,sshd,ip-10-100-1-26,1005,security_file_open,4,0,"[{'name': 'pathname', 'type': 'const char*', 'value': '/etc/ssh/ssh_host_ed25519_key'}, {'name': 'flags', 'type': 'int', 'value': 'O_RDONLY|O_LARGEFILE'}, {'name': 'dev', 'type': 'dev_t', 'value': 211812353}, {'name': 'inode', 'type': 'unsigned long', 'value': 61187}]",0,0
18830.971593,7787,7049,0,sshd,ip-10-100-1-26,257,openat,4,4,"[{'name': 'dirfd', 'type': 'int', 'value': -100}, {'name': 'pathname', 'type': 'const char*', 'value': '/etc/ssh/ssh_host_ed25519_key'}, {'name': 'flags', 'type': 'int', 'value': 'O_RDONLY'}, {'name': 'mode', 'type': 'int', 'value': 1485119147}]",0,0
18830.971642,7787,7049,0,sshd,ip-10-100-1-26,3,close,1,0,"[{'name': 'fd', 'type': 'int', 'value': 4}]",0,0
18830.971613,7787,7049,0,sshd,ip-10-100-1-26,5,fstat,2,0,"[{'name': 'fd', 'type': 'int', 'value': 4}, {'name': 'statbuf', 'type': 'struct stat*', 'value': '0x7FFF75256830'}]",0,0
18830.971678,7787,7049,0,sshd,ip-10-100-1-26,1005,security_file_open,4,0,"[{'name': 'pathname', 'type': 'const char*', 'value': '/etc/ssh/ssh_host_ed25519_key.pub'}, {'name': 'flags', 'type': 'int', 'value': 'O_RDONLY|O_LARGEFILE'}, {'name': 'dev', 'type': 'dev_t', 'value': 211812353}, {'name': 'inode', 'type': 'unsigned long', 'value': 61188}]",0,0
18830.971703,7787,7049,0,sshd,ip-10-100-1-26,257,openat,4,4,"[{'name': 'dirfd', 'type': 'int', 'value': -100}, {'name': 'pathname', 'type': 'const char*', 'value': '/etc/ssh/ssh_host_ed25519_key.pub'}, {'name': 'flags', 'type': 'int', 'value': 'O_RDONLY'}, {'name': 'mode', 'type': 'int', 'value': 1485119147}]",0,0
18830.971724,7787,7049,0,sshd,ip-10-100-1-26,5,fstat,2,0,"[{'name': 'fd', 'type': 'int', 'value': 4}, {'name': 'statbuf', 'type': 'struct stat*', 'value': '0x7FFF75256830'}]",0,0
18830.971755,7787,7049,0,sshd,ip-10-100-1-26,3,close,1,0,"[{'name': 'fd', 'type': 'int', 'value': 4}]",0,0
18830.971908,7787,7049,0,sshd,ip-10-100-1-26,4,stat,2,0,"[{'name': 'pathname', 'type': 'const char*', 'value': '/run/sshd'}, {'name': 'statbuf', 'type': 'struct stat*', 'value': '0x7FFF75256B00'}]",0,0
18830.971933,7787,7049,0,sshd,ip-10-100-1-26,1003,cap_capable,1,0,"[{'name': 'cap', 'type': 'int', 'value': 'CAP_SETGID'}]",0,0
18830.971978,7787,7049,0,sshd,ip-10-100-1-26,1005,security_file_open,4,0,"[{'name': 'pathname', 'type': 'const char*', 'value': '/dev/tty'}, {'name': 'flags', 'type': 'int', 'value': 'O_RDONLY|O_NOCTTY|O_LARGEFILE'}, {'name': 'dev', 'type': 'dev_t', 'value': 6}, {'name': 'inode', 'type': 'unsigned long', 'value': 13}]",0,0
18830.972005,7787,7049,0,sshd,ip-10-100-1-26,257,openat,4,-6,"[{'name': 'dirfd', 'type': 'int', 'value': -100}, {'name': 'pathname', 'type': 'const char*', 'value': '/dev/tty'}, {'name': 'flags', 'type': 'int', 'value': 'O_RDONLY|O_NOCTTY'}, {'name': 'mode', 'type': 'int', 'value': 1485119147}]",0,0
18830.972043,7787,7049,0,sshd,ip-10-100-1-26,3,close,1,0,"[{'name': 'fd', 'type': 'int', 'value': 5}]",0,0
18830.972072,7787,7049,0,sshd,ip-10-100-1-26,32,dup,1,4,"[{'name': 'oldfd', 'type': 'int', 'value': 0}]",0,0
18830.972094,7787,7049,0,sshd,ip-10-100-1-26,1005,security_file_open,4,0,"[{'name': 'pathname', 'type': 'const char*', 'value': '/dev/null'}, {'name': 'flags', 'type': 'int', 'value': 'O_RDWR|O_LARGEFILE'}, {'name': 'dev', 'type': 'dev_t', 'value': 6}, {'name': 'inode', 'type': 'unsigned long', 'value': 6}]",0,0
18830.972119,7787,7049,0,sshd,ip-10-100-1-26,257,openat,4,5,"[{'name': 'dirfd', 'type': 'int', 'value': -100}, {'name': 'pathname', 'type': 'const char*', 'value': '/dev/null'}, {'name': 'flags', 'type': 'int', 'value': 'O_RDWR'}, {'name': 'mode', 'type': 'int', 'value': 1485119147}]",0,0
18830.97214,7787,7049,0,sshd,ip-10-100-1-26,33,dup2,2,0,"[{'name': 'oldfd', 'type': 'int', 'value': 5}, {'name': 'newfd', 'type': 'int', 'value': 0}]",0,0
18830.972161,7787,7049,0,sshd,ip-10-100-1-26,33,dup2,2,1,"[{'name': 'oldfd', 'type': 'int', 'value': 5}, {'name': 'newfd', 'type': 'int', 'value': 1}]",0,0
18830.972203,7787,7049,0,sshd,ip-10-100-1-26,3,close,1,0,"[{'name': 'fd', 'type': 'int', 'value': 5}]",0,0
18830.972181,7787,7049,0,sshd,ip-10-100-1-26,33,dup2,2,2,"[{'name': 'oldfd', 'type': 'int', 'value': 5}, {'name': 'newfd', 'type': 'int', 'value': 2}]",0,0
18830.97229,7787,7049,0,sshd,ip-10-100-1-26,51,getsockname,3,0,"[{'name': 'sockfd', 'type': 'int', 'value': 4}, {'name': 'addr', 'type': 'const void*', 'value': ""{'sa_family': 'AF_INET','sin_port': '22','sin_addr': '10.100.1.26'}""}, {'name': 'addrlen', 'type': 'int*', 'value': '0x7FFF7525656C'}]",0,0
18830.972312,7787,7049,0,sshd,ip-10-100-1-26,51,getsockname,3,0,"[{'name': 'sockfd', 'type': 'int', 'value': 4}, {'name': 'addr', 'type': 'const void*', 'value': ""{'sa_family': 'AF_INET','sin_port': '22','sin_addr': '10.100.1.26'}""}, {'name': 'addrlen', 'type': 'int*', 'value': '0x7FFF7525695C'}]",0,0
18830.994339,7788,7049,0,sshd,ip-10-100-1-26,5,fstat,2,0,"[{'name': 'fd', 'type': 'int', 'value': 3}, {'name': 'statbuf', 'type': 'struct stat*', 'value': '0x7FFDE67FD5D0'}]",0,0
18830.994534,7788,7049,0,sshd,ip-10-100-1-26,3,close,1,0,"[{'name': 'fd', 'type': 'int', 'value': 3}]",0,0
18830.994747,7788,7049,0,sshd,ip-10-100-1-26,1005,security_file_open,4,0,"[{'name': 'pathname', 'type': 'const char*', 'value': '/proc/7788/fd'}, {'name': 'flags', 'type': 'int', 'value': 'O_RDONLY|O_NONBLOCK|O_LARGEFILE|O_DIRECTORY'}, {'name': 'dev', 'type': 'dev_t', 'value': 5}, {'name': 'inode', 'type': 'unsigned long', 'value': 127973}]",0,0
18830.994779,7788,7049,0,sshd,ip-10-100-1-26,257,openat,4,3,"[{'name': 'dirfd', 'type': 'int', 'value': -100}, {'name': 'pathname', 'type': 'const char*', 'value': '/proc/7788/fd'}, {'name': 'flags', 'type': 'int', 'value': 'O_RDONLY|O_NONBLOCK|O_DIRECTORY|O_CLOEXEC'}, {'name': 'mode', 'type': 'int', 'value': 87680604}]",0,0
18830.994801,7788,7049,0,sshd,ip-10-100-1-26,5,fstat,2,0,"[{'name': 'fd', 'type': 'int', 'value': 3}, {'name': 'statbuf', 'type': 'struct stat*', 'value': '0x7FFDE67FC970'}]",0,0
18830.994845,7788,7049,0,sshd,ip-10-100-1-26,217,getdents64,3,192,"[{'name': 'fd', 'type': 'int', 'value': 3}, {'name': 'dirp', 'type': 'struct linux_dirent64*', 'value': '0x56176A8974B0'}, {'name': 'count', 'type': 'size_t', 'value': 32768}]",0,0
18830.994868,7788,7049,0,sshd,ip-10-100-1-26,217,getdents64,3,0,"[{'name': 'fd', 'type': 'int', 'value': 3}, {'name': 'dirp', 'type': 'struct linux_dirent64*', 'value': '0x56176A8974B0'}, {'name': 'count', 'type': 'size_t', 'value': 32768}]",0,0
18830.994888,7788,7049,0,sshd,ip-10-100-1-26,3,close,1,0,"[{'name': 'fd', 'type': 'int', 'value': 3}]",0,0
18830.994937,7788,7049,0,sshd,ip-10-100-1-26,32,dup,1,3,"[{'name': 'oldfd', 'type': 'int', 'value': 4}]",0,0
18830.994984,7788,7049,0,sshd,ip-10-100-1-26,3,close,1,0,"[{'name': 'fd', 'type': 'int', 'value': 4}]",0,0
18831.000073,7788,7049,0,sshd,ip-10-100-1-26,1005,security_file_open,4,0,"[{'name': 'pathname', 'type': 'const char*', 'value': '/etc/gai.conf'}, {'name': 'flags', 'type': 'int', 'value': 'O_RDONLY|O_LARGEFILE'}, {'name': 'dev', 'type': 'dev_t', 'value': 211812353}, {'name': 'inode', 'type': 'unsigned long', 'value': 530}]",0,0
18831.000112,7788,7049,0,sshd,ip-10-100-1-26,257,openat,4,4,"[{'name': 'dirfd', 'type': 'int', 'value': -100}, {'name': 'pathname', 'type': 'const char*', 'value': '/etc/gai.conf'}, {'name': 'flags', 'type': 'int', 'value': 'O_RDONLY|O_CLOEXEC'}, {'name': 'mode', 'type': 'int', 'value': 87680604}]",0,0
18831.000138,7788,7049,0,sshd,ip-10-100-1-26,5,fstat,2,0,"[{'name': 'fd', 'type': 'int', 'value': 4}, {'name': 'statbuf', 'type': 'struct stat*', 'value': '0x7FFDE67FD2A0'}]",0,0
18831.00016,7788,7049,0,sshd,ip-10-100-1-26,5,fstat,2,0,"[{'name': 'fd', 'type': 'int', 'value': 4}, {'name': 'statbuf', 'type': 'struct stat*', 'value': '0x7FFDE67FD090'}]",0,0
18831.0002,7788,7049,0,sshd,ip-10-100-1-26,3,close,1,0,"[{'name': 'fd', 'type': 'int', 'value': 4}]",0,0
18831.000239,7788,7049,0,sshd,ip-10-100-1-26,41,socket,3,4,"[{'name': 'domain', 'type': 'int', 'value': 'AF_NETLINK'}, {'name': 'type', 'type': 'int', 'value': 'SOCK_RAW|SOCK_CLOEXEC'}, {'name': 'protocol', 'type': 'int', 'value': 0}]",0,0
18831.000264,7788,7049,0,sshd,ip-10-100-1-26,49,bind,3,0,"[{'name': 'sockfd', 'type': 'int', 'value': 4}, {'name': 'addr', 'type': 'const void*', 'value': ""{'sa_family': 'AF_NETLINK'}""}, {'name': 'addrlen', 'type': 'int*', 'value': 12}]",0,0
18831.000286,7788,7049,0,sshd,ip-10-100-1-26,51,getsockname,3,0,"[{'name': 'sockfd', 'type': 'int', 'value': 4}, {'name': 'addr', 'type': 'const void*', 'value': ""{'sa_family': 'AF_NETLINK'}""}, {'name': 'addrlen', 'type': 'int*', 'value': '0x7FFDE67FD284'}]",0,0
18831.002708,7788,7049,0,sshd,ip-10-100-1-26,41,socket,3,6,"[{'name': 'domain', 'type': 'int', 'value': 'AF_UNIX'}, {'name': 'type', 'type': 'int', 'value': 'SOCK_STREAM|SOCK_NONBLOCK|SOCK_CLOEXEC'}, {'name': 'protocol', 'type': 'int', 'value': 0}]",0,0
18831.002746,7788,7049,0,sshd,ip-10-100-1-26,42,connect,3,-2,"[{'name': 'sockfd', 'type': 'int', 'value': 6}, {'name': 'addr', 'type': 'void*', 'value': ""{'sa_family': 'AF_UNIX','sun_path': '/var/run/nscd/socket'}""}, {'name': 'addrlen', 'type': 'int', 'value': 110}]",0,0
18831.00278,7788,7049,0,sshd,ip-10-100-1-26,3,close,1,0,"[{'name': 'fd', 'type': 'int', 'value': 6}]",0,0
18831.002805,7788,7049,0,sshd,ip-10-100-1-26,3,close,1,0,"[{'name': 'fd', 'type': 'int', 'value': 4}]",0,0
18831.002834,7788,7049,0,sshd,ip-10-100-1-26,41,socket,3,4,"[{'name': 'domain', 'type': 'int', 'value': 'AF_INET6'}, {'name': 'type', 'type': 'int', 'value': 'SOCK_DGRAM|SOCK_CLOEXEC'}, {'name': 'protocol', 'type': 'int', 'value': 0}]",0,0
18831.002865,7788,7049,0,sshd,ip-10-100-1-26,42,connect,3,0,"[{'name': 'sockfd', 'type': 'int', 'value': 4}, {'name': 'addr', 'type': 'void*', 'value': ""{'sin6_port': '22','sin6_flowinfo': '0','sin6_addr': '::','sin6_scopeid': '0','sa_family': 'AF_INET6'}""}, {'name': 'addrlen', 'type': 'int', 'value': 28}]",0,0
18831.002887,7788,7049,0,sshd,ip-10-100-1-26,51,getsockname,3,0,"[{'name': 'sockfd', 'type': 'int', 'value': 4}, {'name': 'addr', 'type': 'const void*', 'value': ""{'sin6_addr': '::1','sin6_scopeid': '0','sa_family': 'AF_INET6','sin6_port': '35592','sin6_flowinfo': '0'}""}, {'name': 'addrlen', 'type': 'int*', 'value': '0x7FFDE67FD470'}]",0,0
18831.002937,7788,7049,0,sshd,ip-10-100-1-26,42,connect,3,0,"[{'name': 'sockfd', 'type': 'int', 'value': 4}, {'name': 'addr', 'type': 'void*', 'value': ""{'sin_port': '22','sin_addr': '0.0.0.0','sa_family': 'AF_INET'}""}, {'name': 'addrlen', 'type': 'int', 'value': 16}]",0,0
18831.002911,7788,7049,0,sshd,ip-10-100-1-26,42,connect,3,0,"[{'name': 'sockfd', 'type': 'int', 'value': 4}, {'name': 'addr', 'type': 'void*', 'value': ""{'sa_family': 'AF_UNSPEC'}""}, {'name': 'addrlen', 'type': 'int', 'value': 16}]",0,0
18831.002983,7788,7049,0,sshd,ip-10-100-1-26,51,getsockname,3,0,"[{'name': 'sockfd', 'type': 'int', 'value': 4}, {'name': 'addr', 'type': 'const void*', 'value': ""{'sa_family': 'AF_INET6','sin6_port': '34309','sin6_flowinfo': '0','sin6_addr': '127.0.0.1','sin6_scopeid': '0'}""}, {'name': 'addrlen', 'type': 'int*', 'value': '0x7FFDE67FD470'}]",0,0
18831.003001,7788,7049,0,sshd,ip-10-100-1-26,3,close,1,0,"[{'name': 'fd', 'type': 'int', 'value': 4}]",0,0
18831.00312,7788,7049,0,sshd,ip-10-100-1-26,41,socket,3,4,"[{'name': 'domain', 'type': 'int', 'value': 'AF_UNIX'}, {'name': 'type', 'type': 'int', 'value': 'SOCK_STREAM|SOCK_NONBLOCK|SOCK_CLOEXEC'}, {'name': 'protocol', 'type': 'int', 'value': 0}]",0,0
18831.00315,7788,7049,0,sshd,ip-10-100-1-26,42,connect,3,-2,"[{'name': 'sockfd', 'type': 'int', 'value': 4}, {'name': 'addr', 'type': 'void*', 'value': ""{'sa_family': 'AF_UNIX','sun_path': '/var/run/nscd/socket'}""}, {'name': 'addrlen', 'type': 'int', 'value': 110}]",0,0
18831.003171,7788,7049,0,sshd,ip-10-100-1-26,3,close,1,0,"[{'name': 'fd', 'type': 'int', 'value': 4}]",0,0
18831.003219,7788,7049,0,sshd,ip-10-100-1-26,42,connect,3,-2,"[{'name': 'sockfd', 'type': 'int', 'value': 4}, {'name': 'addr', 'type': 'void*', 'value': ""{'sa_family': 'AF_UNIX','sun_path': '/var/run/nscd/socket'}""}, {'name': 'addrlen', 'type': 'int', 'value': 110}]",0,0
18831.003195,7788,7049,0,sshd,ip-10-100-1-26,41,socket,3,4,"[{'name': 'domain', 'type': 'int', 'value': 'AF_UNIX'}, {'name': 'type', 'type': 'int', 'value': 'SOCK_STREAM|SOCK_NONBLOCK|SOCK_CLOEXEC'}, {'name': 'protocol', 'type': 'int', 'value': 0}]",0,0
18831.00324,7788,7049,0,sshd,ip-10-100-1-26,3,close,1,0,"[{'name': 'fd', 'type': 'int', 'value': 4}]",0,0
18831.003269,7788,7049,0,sshd,ip-10-100-1-26,1005,security_file_open,4,0,"[{'name': 'pathname', 'type': 'const char*', 'value': '/etc/nsswitch.conf'}, {'name': 'flags', 'type': 'int', 'value': 'O_RDONLY|O_LARGEFILE'}, {'name': 'dev', 'type': 'dev_t', 'value': 211812353}, {'name': 'inode', 'type': 'unsigned long', 'value': 19}]",0,0
18831.003296,7788,7049,0,sshd,ip-10-100-1-26,257,openat,4,4,"[{'name': 'dirfd', 'type': 'int', 'value': -100}, {'name': 'pathname', 'type': 'const char*', 'value': '/etc/nsswitch.conf'}, {'name': 'flags', 'type': 'int', 'value': 'O_RDONLY|O_CLOEXEC'}, {'name': 'mode', 'type': 'int', 'value': 87680604}]",0,0
18831.003318,7788,7049,0,sshd,ip-10-100-1-26,5,fstat,2,0,"[{'name': 'fd', 'type': 'int', 'value': 4}, {'name': 'statbuf', 'type': 'struct stat*', 'value': '0x7FFDE67FD770'}]",0,0
18831.003366,7788,7049,0,sshd,ip-10-100-1-26,3,close,1,0,"[{'name': 'fd', 'type': 'int', 'value': 4}]",0,0
18831.003415,7788,7049,0,sshd,ip-10-100-1-26,1005,security_file_open,4,0,"[{'name': 'pathname', 'type': 'const char*', 'value': '/etc/ld.so.cache'}, {'name': 'flags', 'type': 'int', 'value': 'O_RDONLY|O_LARGEFILE'}, {'name': 'dev', 'type': 'dev_t', 'value': 211812353}, {'name': 'inode', 'type': 'unsigned long', 'value': 62957}]",0,0
18831.003441,7788,7049,0,sshd,ip-10-100-1-26,257,openat,4,4,"[{'name': 'dirfd', 'type': 'int', 'value': -100}, {'name': 'pathname', 'type': 'const char*', 'value': '/etc/ld.so.cache'}, {'name': 'flags', 'type': 'int', 'value': 'O_RDONLY|O_CLOEXEC'}, {'name': 'mode', 'type': 'int', 'value': 94555992}]",0,0
18831.003462,7788,7049,0,sshd,ip-10-100-1-26,5,fstat,2,0,"[{'name': 'fd', 'type': 'int', 'value': 4}, {'name': 'statbuf', 'type': 'struct stat*', 'value': '0x7FFDE67FCEE0'}]",0,0
18831.003495,7788,7049,0,sshd,ip-10-100-1-26,3,close,1,0,"[{'name': 'fd', 'type': 'int', 'value': 4}]",0,0
18831.003525,7788,7049,0,sshd,ip-10-100-1-26,1005,security_file_open,4,0,"[{'name': 'pathname', 'type': 'const char*', 'value': '/usr/lib/x86_64-linux-gnu/libnss_files-2.31.so'}, {'name': 'flags', 'type': 'int', 'value': 'O_RDONLY|O_LARGEFILE'}, {'name': 'dev', 'type': 'dev_t', 'value': 211812353}, {'name': 'inode', 'type': 'unsigned long', 'value': 4640}]",0,0
18831.00355,7788,7049,0,sshd,ip-10-100-1-26,257,openat,4,4,"[{'name': 'dirfd', 'type': 'int', 'value': -100}, {'name': 'pathname', 'type': 'const char*', 'value': '/lib/x86_64-linux-gnu/libnss_files.so.2'}, {'name': 'flags', 'type': 'int', 'value': 'O_RDONLY|O_CLOEXEC'}, {'name': 'mode', 'type': 'int', 'value': 94555992}]",0,0
18831.003577,7788,7049,0,sshd,ip-10-100-1-26,5,fstat,2,0,"[{'name': 'fd', 'type': 'int', 'value': 4}, {'name': 'statbuf', 'type': 'struct stat*', 'value': '0x7FFDE67FCF30'}]",0,0
18831.00369,7788,7049,0,sshd,ip-10-100-1-26,3,close,1,0,"[{'name': 'fd', 'type': 'int', 'value': 4}]",0,0
18831.003795,7788,7049,0,sshd,ip-10-100-1-26,1005,security_file_open,4,0,"[{'name': 'pathname', 'type': 'const char*', 'value': '/etc/passwd'}, {'name': 'flags', 'type': 'int', 'value': 'O_RDONLY|O_LARGEFILE'}, {'name': 'dev', 'type': 'dev_t', 'value': 211812353}, {'name': 'inode', 'type': 'unsigned long', 'value': 61348}]",0,0
18831.003824,7788,7049,0,sshd,ip-10-100-1-26,257,openat,4,4,"[{'name': 'dirfd', 'type': 'int', 'value': -100}, {'name': 'pathname', 'type': 'const char*', 'value': '/etc/passwd'}, {'name': 'flags', 'type': 'int', 'value': 'O_RDONLY|O_CLOEXEC'}, {'name': 'mode', 'type': 'int', 'value': 87680604}]",0,0
18831.003852,7788,7049,0,sshd,ip-10-100-1-26,5,fstat,2,0,"[{'name': 'fd', 'type': 'int', 'value': 4}, {'name': 'statbuf', 'type': 'struct stat*', 'value': '0x7FFDE67FD7A0'}]",0,0
18831.003889,7788,7049,0,sshd,ip-10-100-1-26,3,close,1,0,"[{'name': 'fd', 'type': 'int', 'value': 4}]",0,0
18831.003916,7788,7049,0,sshd,ip-10-100-1-26,1005,security_file_open,4,0,"[{'name': 'pathname', 'type': 'const char*', 'value': '/etc/ssh/ssh_host_rsa_key'}, {'name': 'flags', 'type': 'int', 'value': 'O_RDONLY|O_LARGEFILE'}, {'name': 'dev', 'type': 'dev_t', 'value': 211812353}, {'name': 'inode', 'type': 'unsigned long', 'value': 61174}]",0,0
18831.003941,7788,7049,0,sshd,ip-10-100-1-26,257,openat,4,4,"[{'name': 'dirfd', 'type': 'int', 'value': -100}, {'name': 'pathname', 'type': 'const char*', 'value': '/etc/ssh/ssh_host_rsa_key'}, {'name': 'flags', 'type': 'int', 'value': 'O_RDONLY'}, {'name': 'mode', 'type': 'int', 'value': 87658155}]",0,0
18831.003962,7788,7049,0,sshd,ip-10-100-1-26,5,fstat,2,0,"[{'name': 'fd', 'type': 'int', 'value': 4}, {'name': 'statbuf', 'type': 'struct stat*', 'value': '0x7FFDE67FD980'}]",0,0
18831.003991,7788,7049,0,sshd,ip-10-100-1-26,5,fstat,2,0,"[{'name': 'fd', 'type': 'int', 'value': 4}, {'name': 'statbuf', 'type': 'struct stat*', 'value': '0x7FFDE67FC970'}]",0,0
18831.032684,7787,7049,0,sshd,ip-10-100-1-26,51,getsockname,3,0,"[{'name': 'sockfd', 'type': 'int', 'value': 4}, {'name': 'addr', 'type': 'const void*', 'value': ""{'sin_port': '22','sin_addr': '10.100.1.26','sa_family': 'AF_INET'}""}, {'name': 'addrlen', 'type': 'int*', 'value': '0x7FFF75254A4C'}]",0,0
18831.032726,7787,7049,0,sshd,ip-10-100-1-26,1005,security_file_open,4,0,"[{'name': 'pathname', 'type': 'const char*', 'value': '/etc/hosts.allow'}, {'name': 'flags', 'type': 'int', 'value': 'O_RDONLY|O_LARGEFILE'}, {'name': 'dev', 'type': 'dev_t', 'value': 211812353}, {'name': 'inode', 'type': 'unsigned long', 'value': 799}]",0,0
18831.032765,7787,7049,0,sshd,ip-10-100-1-26,257,openat,4,5,"[{'name': 'dirfd', 'type': 'int', 'value': -100}, {'name': 'pathname', 'type': 'const char*', 'value': '/etc/hosts.allow'}, {'name': 'flags', 'type': 'int', 'value': 'O_RDONLY'}, {'name': 'mode', 'type': 'int', 'value': 1485119147}]",0,0
18831.03279,7787,7049,0,sshd,ip-10-100-1-26,5,fstat,2,0,"[{'name': 'fd', 'type': 'int', 'value': 5}, {'name': 'statbuf', 'type': 'struct stat*', 'value': '0x7FFF75255FE0'}]",0,0
18831.032837,7787,7049,0,sshd,ip-10-100-1-26,3,close,1,0,"[{'name': 'fd', 'type': 'int', 'value': 5}]",0,0
18831.03288,7787,7049,0,sshd,ip-10-100-1-26,1005,security_file_open,4,0,"[{'name': 'pathname', 'type': 'const char*', 'value': '/etc/hosts.deny'}, {'name': 'flags', 'type': 'int', 'value': 'O_RDONLY|O_LARGEFILE'}, {'name': 'dev', 'type': 'dev_t', 'value': 211812353}, {'name': 'inode', 'type': 'unsigned long', 'value': 800}]",0,0
18831.032906,7787,7049,0,sshd,ip-10-100-1-26,257,openat,4,5,"[{'name': 'dirfd', 'type': 'int', 'value': -100}, {'name': 'pathname', 'type': 'const char*', 'value': '/etc/hosts.deny'}, {'name': 'flags', 'type': 'int', 'value': 'O_RDONLY'}, {'name': 'mode', 'type': 'int', 'value': 1485119147}]",0,0
18831.032928,7787,7049,0,sshd,ip-10-100-1-26,5,fstat,2,0,"[{'name': 'fd', 'type': 'int', 'value': 5}, {'name': 'statbuf', 'type': 'struct stat*', 'value': '0x7FFF75255FE0'}]",0,0
18831.032961,7787,7049,0,sshd,ip-10-100-1-26,3,close,1,0,"[{'name': 'fd', 'type': 'int', 'value': 5}]",0,0
18831.033001,7787,7049,0,sshd,ip-10-100-1-26,51,getsockname,3,0,"[{'name': 'sockfd', 'type': 'int', 'value': 4}, {'name': 'addr', 'type': 'const void*', 'value': ""{'sa_family': 'AF_INET','sin_port': '22','sin_addr': '10.100.1.26'}""}, {'name': 'addrlen', 'type': 'int*', 'value': '0x7FFF752565BC'}]",0,0
18831.033732,7787,7049,0,sshd,ip-10-100-1-26,56,clone,5,7789,"[{'name': 'flags', 'type': 'unsigned int', 'value': 'CLONE_CHILD_CLEARTID|CLONE_CHILD_SETTID'}, {'name': 'stack', 'type': 'void*', 'value': '0x0'}, {'name': 'parent_tid', 'type': 'int*', 'value': '0x0'}, {'name': 'child_tid', 'type': 'int*', 'value': '0x7F1E588270BF'}, {'name': 'tls', 'type': 'unsigned long', 'value': 0}]",0,0
18831.03377,7787,7049,0,sshd,ip-10-100-1-26,3,close,1,0,"[{'name': 'fd', 'type': 'int', 'value': 5}]",0,0
18831.033792,7787,7049,0,sshd,ip-10-100-1-26,3,close,1,0,"[{'name': 'fd', 'type': 'int', 'value': 8}]",0,0
18831.038065,7789,7787,0,sshd,ip-10-100-1-26,3,close,1,0,"[{'name': 'fd', 'type': 'int', 'value': 6}]",0,0
18831.040972,7789,7787,0,sshd,ip-10-100-1-26,3,close,1,0,"[{'name': 'fd', 'type': 'int', 'value': 7}]",0,0
18831.041161,7789,7787,0,sshd,ip-10-100-1-26,6,lstat,2,-2,"[{'name': 'pathname', 'type': 'const char*', 'value': '/etc/gss/mech'}, {'name': 'statbuf', 'type': 'struct stat*', 'value': '0x7FFF75256790'}]",0,0
18831.041539,7789,7787,0,sshd,ip-10-100-1-26,1005,security_file_open,4,0,"[{'name': 'pathname', 'type': 'const char*', 'value': '/etc/gss/mech.d'}, {'name': 'flags', 'type': 'int', 'value': 'O_RDONLY|O_NONBLOCK|O_LARGEFILE|O_DIRECTORY'}, {'name': 'dev', 'type': 'dev_t', 'value': 211812353}, {'name': 'inode', 'type': 'unsigned long', 'value': 1420}]",0,0
18831.04189,7789,7787,0,sshd,ip-10-100-1-26,257,openat,4,6,"[{'name': 'dirfd', 'type': 'int', 'value': -100}, {'name': 'pathname', 'type': 'const char*', 'value': '/etc/gss/mech.d'}, {'name': 'flags', 'type': 'int', 'value': 'O_RDONLY|O_NONBLOCK|O_DIRECTORY|O_CLOEXEC'}, {'name': 'mode', 'type': 'int', 'value': 1485141596}]",0,0
18831.042002,7789,7787,0,sshd,ip-10-100-1-26,5,fstat,2,0,"[{'name': 'fd', 'type': 'int', 'value': 6}, {'name': 'statbuf', 'type': 'struct stat*', 'value': '0x7FFF75255F60'}]",0,0
18831.042059,7789,7787,0,sshd,ip-10-100-1-26,217,getdents64,3,48,"[{'name': 'fd', 'type': 'int', 'value': 6}, {'name': 'dirp', 'type': 'struct linux_dirent64*', 'value': '0x55C95A614D70'}, {'name': 'count', 'type': 'size_t', 'value': 32768}]",0,0
18831.042196,7789,7787,0,sshd,ip-10-100-1-26,217,getdents64,3,0,"[{'name': 'fd', 'type': 'int', 'value': 6}, {'name': 'dirp', 'type': 'struct linux_dirent64*', 'value': '0x55C95A614D70'}, {'name': 'count', 'type': 'size_t', 'value': 32768}]",0,0
18831.042338,7789,7787,0,sshd,ip-10-100-1-26,3,close,1,0,"[{'name': 'fd', 'type': 'int', 'value': 6}]",0,0
18831.042798,7789,7787,0,sshd,ip-10-100-1-26,1003,cap_capable,1,0,"[{'name': 'cap', 'type': 'int', 'value': 'CAP_SYS_CHROOT'}]",0,0
18831.045341,7789,7787,0,sshd,ip-10-100-1-26,1003,cap_capable,1,0,"[{'name': 'cap', 'type': 'int', 'value': 'CAP_SETGID'}]",0,0
18831.0455,7789,7787,0,sshd,ip-10-100-1-26,1003,cap_capable,1,0,"[{'name': 'cap', 'type': 'int', 'value': 'CAP_SETGID'}]",0,0
18831.045782,7789,7787,0,sshd,ip-10-100-1-26,1003,cap_capable,1,0,"[{'name': 'cap', 'type': 'int', 'value': 'CAP_SETUID'}]",0,0
18831.045835,7789,7787,109,sshd,ip-10-100-1-26,1003,cap_capable,1,0,"[{'name': 'cap', 'type': 'int', 'value': 'CAP_SETGID'}]",0,0
18831.045858,7789,7787,109,sshd,ip-10-100-1-26,106,setgid,1,-1,"[{'name': 'gid', 'type': 'gid_t', 'value': 0}]",0,0
18831.04596,7789,7787,109,sshd,ip-10-100-1-26,1003,cap_capable,1,0,"[{'name': 'cap', 'type': 'int', 'value': 'CAP_SETGID'}]",0,0
18831.046013,7789,7787,109,sshd,ip-10-100-1-26,1003,cap_capable,1,0,"[{'name': 'cap', 'type': 'int', 'value': 'CAP_SETUID'}]",0,0
18831.046035,7789,7787,109,sshd,ip-10-100-1-26,105,setuid,1,-1,"[{'name': 'uid', 'type': 'uid_t', 'value': 0}]",0,0
18831.046107,7789,7787,109,sshd,ip-10-100-1-26,1003,cap_capable,1,0,"[{'name': 'cap', 'type': 'int', 'value': 'CAP_SETUID'}]",0,0
18831.046268,7789,7787,109,sshd,ip-10-100-1-26,157,prctl,5,0,"[{'name': 'option', 'type': 'int', 'value': 'PR_SET_NO_NEW_PRIVS'}, {'name': 'arg2', 'type': 'unsigned long', 'value': 1}, {'name': 'arg3', 'type': 'unsigned long', 'value': 0}, {'name': 'arg4', 'type': 'unsigned long', 'value': 139768310939294}, {'name': 'arg5', 'type': 'unsigned long', 'value': 0}]",0,0
18831.046559,7789,7787,109,sshd,ip-10-100-1-26,157,prctl,5,0,"[{'name': 'option', 'type': 'int', 'value': 'PR_SET_SECCOMP'}, {'name': 'arg2', 'type': 'unsigned long', 'value': 2}, {'name': 'arg3', 'type': 'unsigned long', 'value': 94323277749856}, {'name': 'arg4', 'type': 'unsigned long', 'value': 139768310939294}, {'name': 'arg5', 'type': 'unsigned long', 'value': 0}]",0,0
18831.047117,7788,7049,0,sshd,ip-10-100-1-26,3,close,1,0,"[{'name': 'fd', 'type': 'int', 'value': 4}]",0,0
18831.04743,7788,7049,0,sshd,ip-10-100-1-26,1005,security_file_open,4,0,"[{'name': 'pathname', 'type': 'const char*', 'value': '/etc/ssh/ssh_host_rsa_key'}, {'name': 'flags', 'type': 'int', 'value': 'O_RDONLY|O_LARGEFILE'}, {'name': 'dev', 'type': 'dev_t', 'value': 211812353}, {'name': 'inode', 'type': 'unsigned long', 'value': 61174}]",0,0
18831.047839,7788,7049,0,sshd,ip-10-100-1-26,257,openat,4,4,"[{'name': 'dirfd', 'type': 'int', 'value': -100}, {'name': 'pathname', 'type': 'const char*', 'value': '/etc/ssh/ssh_host_rsa_key'}, {'name': 'flags', 'type': 'int', 'value': 'O_RDONLY'}, {'name': 'mode', 'type': 'int', 'value': 87658155}]",0,0
18831.048062,7788,7049,0,sshd,ip-10-100-1-26,5,fstat,2,0,"[{'name': 'fd', 'type': 'int', 'value': 4}, {'name': 'statbuf', 'type': 'struct stat*', 'value': '0x7FFDE67FD840'}]",0,0
18831.048115,7788,7049,0,sshd,ip-10-100-1-26,3,close,1,0,"[{'name': 'fd', 'type': 'int', 'value': 4}]",0,0
18831.048186,7788,7049,0,sshd,ip-10-100-1-26,1005,security_file_open,4,0,"[{'name': 'pathname', 'type': 'const char*', 'value': '/etc/ssh/ssh_host_rsa_key.pub'}, {'name': 'flags', 'type': 'int', 'value': 'O_RDONLY|O_LARGEFILE'}, {'name': 'dev', 'type': 'dev_t', 'value': 211812353}, {'name': 'inode', 'type': 'unsigned long', 'value': 61179}]",0,0
18831.048459,7788,7049,0,sshd,ip-10-100-1-26,257,openat,4,4,"[{'name': 'dirfd', 'type': 'int', 'value': -100}, {'name': 'pathname', 'type': 'const char*', 'value': '/etc/ssh/ssh_host_rsa_key.pub'}, {'name': 'flags', 'type': 'int', 'value': 'O_RDONLY'}, {'name': 'mode', 'type': 'int', 'value': 87658155}]",0,0
18831.048616,7788,7049,0,sshd,ip-10-100-1-26,5,fstat,2,0,"[{'name': 'fd', 'type': 'int', 'value': 4}, {'name': 'statbuf', 'type': 'struct stat*', 'value': '0x7FFDE67FD840'}]",0,0
18831.048685,7788,7049,0,sshd,ip-10-100-1-26,3,close,1,0,"[{'name': 'fd', 'type': 'int', 'value': 4}]",0,0
18831.050459,7788,7049,0,sshd,ip-10-100-1-26,1005,security_file_open,4,0,"[{'name': 'pathname', 'type': 'const char*', 'value': '/etc/ssh/ssh_host_ecdsa_key'}, {'name': 'flags', 'type': 'int', 'value': 'O_RDONLY|O_LARGEFILE'}, {'name': 'dev', 'type': 'dev_t', 'value': 211812353}, {'name': 'inode', 'type': 'unsigned long', 'value': 61182}]",0,0
18831.05373,7788,7049,0,sshd,ip-10-100-1-26,257,openat,4,4,"[{'name': 'dirfd', 'type': 'int', 'value': -100}, {'name': 'pathname', 'type': 'const char*', 'value': '/etc/ssh/ssh_host_ecdsa_key'}, {'name': 'flags', 'type': 'int', 'value': 'O_RDONLY'}, {'name': 'mode', 'type': 'int', 'value': 87658155}]",0,0
18831.053816,7788,7049,0,sshd,ip-10-100-1-26,5,fstat,2,0,"[{'name': 'fd', 'type': 'int', 'value': 4}, {'name': 'statbuf', 'type': 'struct stat*', 'value': '0x7FFDE67FD980'}]",0,0
18831.053936,7788,7049,0,sshd,ip-10-100-1-26,5,fstat,2,0,"[{'name': 'fd', 'type': 'int', 'value': 4}, {'name': 'statbuf', 'type': 'struct stat*', 'value': '0x7FFDE67FC970'}]",0,0
18831.054192,7788,7049,0,sshd,ip-10-100-1-26,3,close,1,0,"[{'name': 'fd', 'type': 'int', 'value': 4}]",0,0
18831.059828,7788,7049,0,sshd,ip-10-100-1-26,1005,security_file_open,4,0,"[{'name': 'pathname', 'type': 'const char*', 'value': '/etc/ssh/ssh_host_ecdsa_key'}, {'name': 'flags', 'type': 'int', 'value': 'O_RDONLY|O_LARGEFILE'}, {'name': 'dev', 'type': 'dev_t', 'value': 211812353}, {'name': 'inode', 'type': 'unsigned long', 'value': 61182}]",0,0
18831.05989,7788,7049,0,sshd,ip-10-100-1-26,5,fstat,2,0,"[{'name': 'fd', 'type': 'int', 'value': 4}, {'name': 'statbuf', 'type': 'struct stat*', 'value': '0x7FFDE67FD840'}]",0,0
18831.059866,7788,7049,0,sshd,ip-10-100-1-26,257,openat,4,4,"[{'name': 'dirfd', 'type': 'int', 'value': -100}, {'name': 'pathname', 'type': 'const char*', 'value': '/etc/ssh/ssh_host_ecdsa_key'}, {'name': 'flags', 'type': 'int', 'value': 'O_RDONLY'}, {'name': 'mode', 'type': 'int', 'value': 87658155}]",0,0
18831.059943,7788,7049,0,sshd,ip-10-100-1-26,3,close,1,0,"[{'name': 'fd', 'type': 'int', 'value': 4}]",0,0
18831.059974,7788,7049,0,sshd,ip-10-100-1-26,1005,security_file_open,4,0,"[{'name': 'pathname', 'type': 'const char*', 'value': '/etc/ssh/ssh_host_ecdsa_key.pub'}, {'name': 'flags', 'type': 'int', 'value': 'O_RDONLY|O_LARGEFILE'}, {'name': 'dev', 'type': 'dev_t', 'value': 211812353}, {'name': 'inode', 'type': 'unsigned long', 'value': 61183}]",0,0
18831.060001,7788,7049,0,sshd,ip-10-100-1-26,257,openat,4,4,"[{'name': 'dirfd', 'type': 'int', 'value': -100}, {'name': 'pathname', 'type': 'const char*', 'value': '/etc/ssh/ssh_host_ecdsa_key.pub'}, {'name': 'flags', 'type': 'int', 'value': 'O_RDONLY'}, {'name': 'mode', 'type': 'int', 'value': 87658155}]",0,0
18831.060022,7788,7049,0,sshd,ip-10-100-1-26,5,fstat,2,0,"[{'name': 'fd', 'type': 'int', 'value': 4}, {'name': 'statbuf', 'type': 'struct stat*', 'value': '0x7FFDE67FD840'}]",0,0
18831.060179,7788,7049,0,sshd,ip-10-100-1-26,3,close,1,0,"[{'name': 'fd', 'type': 'int', 'value': 4}]",0,0
18831.063533,7788,7049,0,sshd,ip-10-100-1-26,1005,security_file_open,4,0,"[{'name': 'pathname', 'type': 'const char*', 'value': '/etc/ssh/ssh_host_ed25519_key'}, {'name': 'flags', 'type': 'int', 'value': 'O_RDONLY|O_LARGEFILE'}, {'name': 'dev', 'type': 'dev_t', 'value': 211812353}, {'name': 'inode', 'type': 'unsigned long', 'value': 61187}]",0,0
18831.063571,7788,7049,0,sshd,ip-10-100-1-26,257,openat,4,4,"[{'name': 'dirfd', 'type': 'int', 'value': -100}, {'name': 'pathname', 'type': 'const char*', 'value': '/etc/ssh/ssh_host_ed25519_key'}, {'name': 'flags', 'type': 'int', 'value': 'O_RDONLY'}, {'name': 'mode', 'type': 'int', 'value': 87658155}]",0,0
18831.063593,7788,7049,0,sshd,ip-10-100-1-26,5,fstat,2,0,"[{'name': 'fd', 'type': 'int', 'value': 4}, {'name': 'statbuf', 'type': 'struct stat*', 'value': '0x7FFDE67FD980'}]",0,0
18831.06363,7788,7049,0,sshd,ip-10-100-1-26,5,fstat,2,0,"[{'name': 'fd', 'type': 'int', 'value': 4}, {'name': 'statbuf', 'type': 'struct stat*', 'value': '0x7FFDE67FC970'}]",0,0
18831.063684,7788,7049,0,sshd,ip-10-100-1-26,3,close,1,0,"[{'name': 'fd', 'type': 'int', 'value': 4}]",0,0
18831.063816,7788,7049,0,sshd,ip-10-100-1-26,1005,security_file_open,4,0,"[{'name': 'pathname', 'type': 'const char*', 'value': '/etc/ssh/ssh_host_ed25519_key'}, {'name': 'flags', 'type': 'int', 'value': 'O_RDONLY|O_LARGEFILE'}, {'name': 'dev', 'type': 'dev_t', 'value': 211812353}, {'name': 'inode', 'type': 'unsigned long', 'value': 61187}]",0,0
18831.063844,7788,7049,0,sshd,ip-10-100-1-26,257,openat,4,4,"[{'name': 'dirfd', 'type': 'int', 'value': -100}, {'name': 'pathname', 'type': 'const char*', 'value': '/etc/ssh/ssh_host_ed25519_key'}, {'name': 'flags', 'type': 'int', 'value': 'O_RDONLY'}, {'name': 'mode', 'type': 'int', 'value': 87658155}]",0,0
18831.063866,7788,7049,0,sshd,ip-10-100-1-26,5,fstat,2,0,"[{'name': 'fd', 'type': 'int', 'value': 4}, {'name': 'statbuf', 'type': 'struct stat*', 'value': '0x7FFDE67FD840'}]",0,0
18831.063897,7788,7049,0,sshd,ip-10-100-1-26,3,close,1,0,"[{'name': 'fd', 'type': 'int', 'value': 4}]",0,0
18831.063922,7788,7049,0,sshd,ip-10-100-1-26,1005,security_file_open,4,0,"[{'name': 'pathname', 'type': 'const char*', 'value': '/etc/ssh/ssh_host_ed25519_key.pub'}, {'name': 'flags', 'type': 'int', 'value': 'O_RDONLY|O_LARGEFILE'}, {'name': 'dev', 'type': 'dev_t', 'value': 211812353}, {'name': 'inode', 'type': 'unsigned long', 'value': 61188}]",0,0
18831.063947,7788,7049,0,sshd,ip-10-100-1-26,257,openat,4,4,"[{'name': 'dirfd', 'type': 'int', 'value': -100}, {'name': 'pathname', 'type': 'const char*', 'value': '/etc/ssh/ssh_host_ed25519_key.pub'}, {'name': 'flags', 'type': 'int', 'value': 'O_RDONLY'}, {'name': 'mode', 'type': 'int', 'value': 87658155}]",0,0
18831.063968,7788,7049,0,sshd,ip-10-100-1-26,5,fstat,2,0,"[{'name': 'fd', 'type': 'int', 'value': 4}, {'name': 'statbuf', 'type': 'struct stat*', 'value': '0x7FFDE67FD840'}]",0,0
18831.063999,7788,7049,0,sshd,ip-10-100-1-26,3,close,1,0,"[{'name': 'fd', 'type': 'int', 'value': 4}]",0,0
18831.064158,7788,7049,0,sshd,ip-10-100-1-26,4,stat,2,0,"[{'name': 'pathname', 'type': 'const char*', 'value': '/run/sshd'}, {'name': 'statbuf', 'type': 'struct stat*', 'value': '0x7FFDE67FDB10'}]",0,0
18831.064183,7788,7049,0,sshd,ip-10-100-1-26,1003,cap_capable,1,0,"[{'name': 'cap', 'type': 'int', 'value': 'CAP_SETGID'}]",0,0
18831.064229,7788,7049,0,sshd,ip-10-100-1-26,1005,security_file_open,4,0,"[{'name': 'pathname', 'type': 'const char*', 'value': '/dev/tty'}, {'name': 'flags', 'type': 'int', 'value': 'O_RDONLY|O_NOCTTY|O_LARGEFILE'}, {'name': 'dev', 'type': 'dev_t', 'value': 6}, {'name': 'inode', 'type': 'unsigned long', 'value': 13}]",0,0
18831.064256,7788,7049,0,sshd,ip-10-100-1-26,257,openat,4,-6,"[{'name': 'dirfd', 'type': 'int', 'value': -100}, {'name': 'pathname', 'type': 'const char*', 'value': '/dev/tty'}, {'name': 'flags', 'type': 'int', 'value': 'O_RDONLY|O_NOCTTY'}, {'name': 'mode', 'type': 'int', 'value': 87658155}]",0,0
18831.064294,7788,7049,0,sshd,ip-10-100-1-26,3,close,1,0,"[{'name': 'fd', 'type': 'int', 'value': 5}]",0,0
18831.070503,7788,7049,0,sshd,ip-10-100-1-26,32,dup,1,4,"[{'name': 'oldfd', 'type': 'int', 'value': 0}]",0,0
18831.070535,7788,7049,0,sshd,ip-10-100-1-26,1005,security_file_open,4,0,"[{'name': 'pathname', 'type': 'const char*', 'value': '/dev/null'}, {'name': 'flags', 'type': 'int', 'value': 'O_RDWR|O_LARGEFILE'}, {'name': 'dev', 'type': 'dev_t', 'value': 6}, {'name': 'inode', 'type': 'unsigned long', 'value': 6}]",0,0
18831.070563,7788,7049,0,sshd,ip-10-100-1-26,257,openat,4,5,"[{'name': 'dirfd', 'type': 'int', 'value': -100}, {'name': 'pathname', 'type': 'const char*', 'value': '/dev/null'}, {'name': 'flags', 'type': 'int', 'value': 'O_RDWR'}, {'name': 'mode', 'type': 'int', 'value': 87658155}]",0,0
18831.070585,7788,7049,0,sshd,ip-10-100-1-26,33,dup2,2,0,"[{'name': 'oldfd', 'type': 'int', 'value': 5}, {'name': 'newfd', 'type': 'int', 'value': 0}]",0,0
18831.070606,7788,7049,0,sshd,ip-10-100-1-26,33,dup2,2,1,"[{'name': 'oldfd', 'type': 'int', 'value': 5}, {'name': 'newfd', 'type': 'int', 'value': 1}]",0,0
18831.070627,7788,7049,0,sshd,ip-10-100-1-26,33,dup2,2,2,"[{'name': 'oldfd', 'type': 'int', 'value': 5}, {'name': 'newfd', 'type': 'int', 'value': 2}]",0,0
18831.070649,7788,7049,0,sshd,ip-10-100-1-26,3,close,1,0,"[{'name': 'fd', 'type': 'int', 'value': 5}]",0,0
18831.070745,7788,7049,0,sshd,ip-10-100-1-26,51,getsockname,3,0,"[{'name': 'sockfd', 'type': 'int', 'value': 4}, {'name': 'addr', 'type': 'const void*', 'value': ""{'sa_family': 'AF_INET','sin_port': '22','sin_addr': '10.100.1.26'}""}, {'name': 'addrlen', 'type': 'int*', 'value': '0x7FFDE67FD57C'}]",0,0
18831.070768,7788,7049,0,sshd,ip-10-100-1-26,51,getsockname,3,0,"[{'name': 'sockfd', 'type': 'int', 'value': 4}, {'name': 'addr', 'type': 'const void*', 'value': ""{'sa_family': 'AF_INET','sin_port': '22','sin_addr': '10.100.1.26'}""}, {'name': 'addrlen', 'type': 'int*', 'value': '0x7FFDE67FD96C'}]",0,0
18831.070839,7788,7049,0,sshd,ip-10-100-1-26,51,getsockname,3,0,"[{'name': 'sockfd', 'type': 'int', 'value': 4}, {'name': 'addr', 'type': 'const void*', 'value': ""{'sa_family': 'AF_INET','sin_port': '22','sin_addr': '10.100.1.26'}""}, {'name': 'addrlen', 'type': 'int*', 'value': '0x7FFDE67FBA5C'}]",0,0
18831.070868,7788,7049,0,sshd,ip-10-100-1-26,1005,security_file_open,4,0,"[{'name': 'pathname', 'type': 'const char*', 'value': '/etc/hosts.allow'}, {'name': 'flags', 'type': 'int', 'value': 'O_RDONLY|O_LARGEFILE'}, {'name': 'dev', 'type': 'dev_t', 'value': 211812353}, {'name': 'inode', 'type': 'unsigned long', 'value': 799}]",0,0
18831.070895,7788,7049,0,sshd,ip-10-100-1-26,257,openat,4,5,"[{'name': 'dirfd', 'type': 'int', 'value': -100}, {'name': 'pathname', 'type': 'const char*', 'value': '/etc/hosts.allow'}, {'name': 'flags', 'type': 'int', 'value': 'O_RDONLY'}, {'name': 'mode', 'type': 'int', 'value': 87658155}]",0,0
18831.070918,7788,7049,0,sshd,ip-10-100-1-26,5,fstat,2,0,"[{'name': 'fd', 'type': 'int', 'value': 5}, {'name': 'statbuf', 'type': 'struct stat*', 'value': '0x7FFDE67FCFF0'}]",0,0
18831.070958,7788,7049,0,sshd,ip-10-100-1-26,3,close,1,0,"[{'name': 'fd', 'type': 'int', 'value': 5}]",0,0
18831.070983,7788,7049,0,sshd,ip-10-100-1-26,1005,security_file_open,4,0,"[{'name': 'pathname', 'type': 'const char*', 'value': '/etc/hosts.deny'}, {'name': 'flags', 'type': 'int', 'value': 'O_RDONLY|O_LARGEFILE'}, {'name': 'dev', 'type': 'dev_t', 'value': 211812353}, {'name': 'inode', 'type': 'unsigned long', 'value': 800}]",0,0
18831.071008,7788,7049,0,sshd,ip-10-100-1-26,257,openat,4,5,"[{'name': 'dirfd', 'type': 'int', 'value': -100}, {'name': 'pathname', 'type': 'const char*', 'value': '/etc/hosts.deny'}, {'name': 'flags', 'type': 'int', 'value': 'O_RDONLY'}, {'name': 'mode', 'type': 'int', 'value': 87658155}]",0,0
18831.071029,7788,7049,0,sshd,ip-10-100-1-26,5,fstat,2,0,"[{'name': 'fd', 'type': 'int', 'value': 5}, {'name': 'statbuf', 'type': 'struct stat*', 'value': '0x7FFDE67FCFF0'}]",0,0
18831.071062,7788,7049,0,sshd,ip-10-100-1-26,3,close,1,0,"[{'name': 'fd', 'type': 'int', 'value': 5}]",0,0
18831.071089,7788,7049,0,sshd,ip-10-100-1-26,51,getsockname,3,0,"[{'name': 'sockfd', 'type': 'int', 'value': 4}, {'name': 'addr', 'type': 'const void*', 'value': ""{'sin_addr': '10.100.1.26','sa_family': 'AF_INET','sin_port': '22'}""}, {'name': 'addrlen', 'type': 'int*', 'value': '0x7FFDE67FD5CC'}]",0,0
18831.071831,7788,7049,0,sshd,ip-10-100-1-26,56,clone,5,7790,"[{'name': 'flags', 'type': 'unsigned int', 'value': 'CLONE_CHILD_CLEARTID|CLONE_CHILD_SETTID'}, {'name': 'stack', 'type': 'void*', 'value': '0x0'}, {'name': 'parent_tid', 'type': 'int*', 'value': '0x0'}, {'name': 'child_tid', 'type': 'int*', 'value': '0x7FB70536E0BF'}, {'name': 'tls', 'type': 'unsigned long', 'value': 0}]",0,0
18831.071872,7788,7049,0,sshd,ip-10-100-1-26,3,close,1,0,"[{'name': 'fd', 'type': 'int', 'value': 5}]",0,0
18831.071893,7788,7049,0,sshd,ip-10-100-1-26,3,close,1,0,"[{'name': 'fd', 'type': 'int', 'value': 8}]",0,0
18831.096465,7790,7788,0,sshd,ip-10-100-1-26,3,close,1,0,"[{'name': 'fd', 'type': 'int', 'value': 6}]",0,0
18831.096495,7790,7788,0,sshd,ip-10-100-1-26,3,close,1,0,"[{'name': 'fd', 'type': 'int', 'value': 7}]",0,0
18831.096702,7790,7788,0,sshd,ip-10-100-1-26,6,lstat,2,-2,"[{'name': 'pathname', 'type': 'const char*', 'value': '/etc/gss/mech'}, {'name': 'statbuf', 'type': 'struct stat*', 'value': '0x7FFDE67FD7A0'}]",0,0
18831.096739,7790,7788,0,sshd,ip-10-100-1-26,1005,security_file_open,4,0,"[{'name': 'pathname', 'type': 'const char*', 'value': '/etc/gss/mech.d'}, {'name': 'flags', 'type': 'int', 'value': 'O_RDONLY|O_NONBLOCK|O_LARGEFILE|O_DIRECTORY'}, {'name': 'dev', 'type': 'dev_t', 'value': 211812353}, {'name': 'inode', 'type': 'unsigned long', 'value': 1420}]",0,0
18831.096769,7790,7788,0,sshd,ip-10-100-1-26,257,openat,4,6,"[{'name': 'dirfd', 'type': 'int', 'value': -100}, {'name': 'pathname', 'type': 'const char*', 'value': '/etc/gss/mech.d'}, {'name': 'flags', 'type': 'int', 'value': 'O_RDONLY|O_NONBLOCK|O_DIRECTORY|O_CLOEXEC'}, {'name': 'mode', 'type': 'int', 'value': 87680604}]",0,0
18831.096791,7790,7788,0,sshd,ip-10-100-1-26,5,fstat,2,0,"[{'name': 'fd', 'type': 'int', 'value': 6}, {'name': 'statbuf', 'type': 'struct stat*', 'value': '0x7FFDE67FCF70'}]",0,0
18831.096824,7790,7788,0,sshd,ip-10-100-1-26,217,getdents64,3,48,"[{'name': 'fd', 'type': 'int', 'value': 6}, {'name': 'dirp', 'type': 'struct linux_dirent64*', 'value': '0x56176A8ADB00'}, {'name': 'count', 'type': 'size_t', 'value': 32768}]",0,0
18831.096849,7790,7788,0,sshd,ip-10-100-1-26,217,getdents64,3,0,"[{'name': 'fd', 'type': 'int', 'value': 6}, {'name': 'dirp', 'type': 'struct linux_dirent64*', 'value': '0x56176A8ADB00'}, {'name': 'count', 'type': 'size_t', 'value': 32768}]",0,0
18831.09687,7790,7788,0,sshd,ip-10-100-1-26,3,close,1,0,"[{'name': 'fd', 'type': 'int', 'value': 6}]",0,0
18831.097201,7790,7788,0,sshd,ip-10-100-1-26,1003,cap_capable,1,0,"[{'name': 'cap', 'type': 'int', 'value': 'CAP_SYS_CHROOT'}]",0,0
18831.097237,7790,7788,0,sshd,ip-10-100-1-26,1003,cap_capable,1,0,"[{'name': 'cap', 'type': 'int', 'value': 'CAP_SETGID'}]",0,0
18831.097272,7790,7788,0,sshd,ip-10-100-1-26,1003,cap_capable,1,0,"[{'name': 'cap', 'type': 'int', 'value': 'CAP_SETGID'}]",0,0
18831.097301,7790,7788,0,sshd,ip-10-100-1-26,1003,cap_capable,1,0,"[{'name': 'cap', 'type': 'int', 'value': 'CAP_SETUID'}]",0,0
18831.097326,7790,7788,109,sshd,ip-10-100-1-26,1003,cap_capable,1,0,"[{'name': 'cap', 'type': 'int', 'value': 'CAP_SETGID'}]",0,0
18831.097345,7790,7788,109,sshd,ip-10-100-1-26,106,setgid,1,-1,"[{'name': 'gid', 'type': 'gid_t', 'value': 0}]",0,0
18831.097366,7790,7788,109,sshd,ip-10-100-1-26,1003,cap_capable,1,0,"[{'name': 'cap', 'type': 'int', 'value': 'CAP_SETGID'}]",0,0
18831.097397,7790,7788,109,sshd,ip-10-100-1-26,1003,cap_capable,1,0,"[{'name': 'cap', 'type': 'int', 'value': 'CAP_SETUID'}]",0,0
18831.097416,7790,7788,109,sshd,ip-10-100-1-26,105,setuid,1,-1,"[{'name': 'uid', 'type': 'uid_t', 'value': 0}]",0,0
18831.097437,7790,7788,109,sshd,ip-10-100-1-26,1003,cap_capable,1,0,"[{'name': 'cap', 'type': 'int', 'value': 'CAP_SETUID'}]",0,0
18831.0975,7790,7788,109,sshd,ip-10-100-1-26,157,prctl,5,0,"[{'name': 'option', 'type': 'int', 'value': 'PR_SET_NO_NEW_PRIVS'}, {'name': 'arg2', 'type': 'unsigned long', 'value': 1}, {'name': 'arg3', 'type': 'unsigned long', 'value': 0}, {'name': 'arg4', 'type': 'unsigned long', 'value': 140424043474590}, {'name': 'arg5', 'type': 'unsigned long', 'value': 0}]",0,0
18831.097571,7790,7788,109,sshd,ip-10-100-1-26,157,prctl,5,0,"[{'name': 'option', 'type': 'int', 'value': 'PR_SET_SECCOMP'}, {'name': 'arg2', 'type': 'unsigned long', 'value': 2}, {'name': 'arg3', 'type': 'unsigned long', 'value': 94658539822688}, {'name': 'arg4', 'type': 'unsigned long', 'value': 140424043474590}, {'name': 'arg5', 'type': 'unsigned long', 'value': 0}]",0,0
18831.653565,7788,7049,0,sshd,ip-10-100-1-26,1005,security_file_open,4,0,"[{'name': 'pathname', 'type': 'const char*', 'value': '/etc/passwd'}, {'name': 'flags', 'type': 'int', 'value': 'O_RDONLY|O_LARGEFILE'}, {'name': 'dev', 'type': 'dev_t', 'value': 211812353}, {'name': 'inode', 'type': 'unsigned long', 'value': 61348}]",0,0
18831.653605,7788,7049,0,sshd,ip-10-100-1-26,257,openat,4,5,"[{'name': 'dirfd', 'type': 'int', 'value': -100}, {'name': 'pathname', 'type': 'const char*', 'value': '/etc/passwd'}, {'name': 'flags', 'type': 'int', 'value': 'O_RDONLY|O_CLOEXEC'}, {'name': 'mode', 'type': 'int', 'value': 87680604}]",0,0
18831.653634,7788,7049,0,sshd,ip-10-100-1-26,5,fstat,2,0,"[{'name': 'fd', 'type': 'int', 'value': 5}, {'name': 'statbuf', 'type': 'struct stat*', 'value': '0x7FFDE67FD680'}]",0,0
18831.653684,7788,7049,0,sshd,ip-10-100-1-26,3,close,1,0,"[{'name': 'fd', 'type': 'int', 'value': 5}]",0,0
18831.653714,7788,7049,0,sshd,ip-10-100-1-26,4,stat,2,0,"[{'name': 'pathname', 'type': 'const char*', 'value': '/bin/bash'}, {'name': 'statbuf', 'type': 'struct stat*', 'value': '0x7FFDE67FD8A0'}]",0,0
18831.654399,7788,7049,0,sshd,ip-10-100-1-26,4,stat,2,0,"[{'name': 'pathname', 'type': 'const char*', 'value': '/etc/pam.d'}, {'name': 'statbuf', 'type': 'struct stat*', 'value': '0x7FFDE67FD850'}]",0,0
18831.654429,7788,7049,0,sshd,ip-10-100-1-26,1005,security_file_open,4,0,"[{'name': 'pathname', 'type': 'const char*', 'value': '/etc/pam.d/sshd'}, {'name': 'flags', 'type': 'int', 'value': 'O_RDONLY|O_LARGEFILE'}, {'name': 'dev', 'type': 'dev_t', 'value': 211812353}, {'name': 'inode', 'type': 'unsigned long', 'value': 579}]",0,0
18831.654453,7788,7049,0,sshd,ip-10-100-1-26,257,openat,4,5,"[{'name': 'dirfd', 'type': 'int', 'value': -100}, {'name': 'pathname', 'type': 'const char*', 'value': '/etc/pam.d/sshd'}, {'name': 'flags', 'type': 'int', 'value': 'O_RDONLY'}, {'name': 'mode', 'type': 'int', 'value': 87658155}]",0,0
18831.654474,7788,7049,0,sshd,ip-10-100-1-26,5,fstat,2,0,"[{'name': 'fd', 'type': 'int', 'value': 5}, {'name': 'statbuf', 'type': 'struct stat*', 'value': '0x7FFDE67FD0A0'}]",0,0
18831.656903,7788,7049,0,sshd,ip-10-100-1-26,4,stat,2,0,"[{'name': 'pathname', 'type': 'const char*', 'value': '/etc/pam.d'}, {'name': 'statbuf', 'type': 'struct stat*', 'value': '0x7FFDE67FD360'}]",0,0
18831.656949,7788,7049,0,sshd,ip-10-100-1-26,1005,security_file_open,4,0,"[{'name': 'pathname', 'type': 'const char*', 'value': '/etc/pam.d/common-auth'}, {'name': 'flags', 'type': 'int', 'value': 'O_RDONLY|O_LARGEFILE'}, {'name': 'dev', 'type': 'dev_t', 'value': 211812353}, {'name': 'inode', 'type': 'unsigned long', 'value': 256147}]",0,0
18831.656975,7788,7049,0,sshd,ip-10-100-1-26,257,openat,4,8,"[{'name': 'dirfd', 'type': 'int', 'value': -100}, {'name': 'pathname', 'type': 'const char*', 'value': '/etc/pam.d/common-auth'}, {'name': 'flags', 'type': 'int', 'value': 'O_RDONLY'}, {'name': 'mode', 'type': 'int', 'value': 87658155}]",0,0
18831.656995,7788,7049,0,sshd,ip-10-100-1-26,5,fstat,2,0,"[{'name': 'fd', 'type': 'int', 'value': 8}, {'name': 'statbuf', 'type': 'struct stat*', 'value': '0x7FFDE67FCA90'}]",0,0
18831.657101,7788,7049,0,sshd,ip-10-100-1-26,1005,security_file_open,4,0,"[{'name': 'pathname', 'type': 'const char*', 'value': '/usr/lib/x86_64-linux-gnu/security/pam_unix.so'}, {'name': 'flags', 'type': 'int', 'value': 'O_RDONLY|O_LARGEFILE'}, {'name': 'dev', 'type': 'dev_t', 'value': 211812353}, {'name': 'inode', 'type': 'unsigned long', 'value': 3757}]",0,0
18831.657131,7788,7049,0,sshd,ip-10-100-1-26,257,openat,4,9,"[{'name': 'dirfd', 'type': 'int', 'value': -100}, {'name': 'pathname', 'type': 'const char*', 'value': '/lib/x86_64-linux-gnu/security/pam_unix.so'}, {'name': 'flags', 'type': 'int', 'value': 'O_RDONLY|O_CLOEXEC'}, {'name': 'mode', 'type': 'int', 'value': 94555992}]",0,0
18831.657162,7788,7049,0,sshd,ip-10-100-1-26,5,fstat,2,0,"[{'name': 'fd', 'type': 'int', 'value': 9}, {'name': 'statbuf', 'type': 'struct stat*', 'value': '0x7FFDE67FC290'}]",0,0
18831.65726,7788,7049,0,sshd,ip-10-100-1-26,3,close,1,0,"[{'name': 'fd', 'type': 'int', 'value': 9}]",0,0
18831.657446,7788,7049,0,sshd,ip-10-100-1-26,1005,security_file_open,4,0,"[{'name': 'pathname', 'type': 'const char*', 'value': '/usr/lib/x86_64-linux-gnu/security/pam_succeed_if.so'}, {'name': 'flags', 'type': 'int', 'value': 'O_RDONLY|O_LARGEFILE'}, {'name': 'dev', 'type': 'dev_t', 'value': 211812353}, {'name': 'inode', 'type': 'unsigned long', 'value': 3750}]",0,0
18831.657479,7788,7049,0,sshd,ip-10-100-1-26,257,openat,4,9,"[{'name': 'dirfd', 'type': 'int', 'value': -100}, {'name': 'pathname', 'type': 'const char*', 'value': '/lib/x86_64-linux-gnu/security/pam_succeed_if.so'}, {'name': 'flags', 'type': 'int', 'value': 'O_RDONLY|O_CLOEXEC'}, {'name': 'mode', 'type': 'int', 'value': 94555992}]",0,0
18831.657506,7788,7049,0,sshd,ip-10-100-1-26,5,fstat,2,0,"[{'name': 'fd', 'type': 'int', 'value': 9}, {'name': 'statbuf', 'type': 'struct stat*', 'value': '0x7FFDE67FC290'}]",0,0
18831.657582,7788,7049,0,sshd,ip-10-100-1-26,3,close,1,0,"[{'name': 'fd', 'type': 'int', 'value': 9}]",0,0
18831.65767,7788,7049,0,sshd,ip-10-100-1-26,1005,security_file_open,4,0,"[{'name': 'pathname', 'type': 'const char*', 'value': '/usr/lib/x86_64-linux-gnu/security/pam_deny.so'}, {'name': 'flags', 'type': 'int', 'value': 'O_RDONLY|O_LARGEFILE'}, {'name': 'dev', 'type': 'dev_t', 'value': 211812353}, {'name': 'inode', 'type': 'unsigned long', 'value': 3720}]",0,0
18831.6577,7788,7049,0,sshd,ip-10-100-1-26,257,openat,4,9,"[{'name': 'dirfd', 'type': 'int', 'value': -100}, {'name': 'pathname', 'type': 'const char*', 'value': '/lib/x86_64-linux-gnu/security/pam_deny.so'}, {'name': 'flags', 'type': 'int', 'value': 'O_RDONLY|O_CLOEXEC'}, {'name': 'mode', 'type': 'int', 'value': 94555992}]",0,0
18831.657727,7788,7049,0,sshd,ip-10-100-1-26,5,fstat,2,0,"[{'name': 'fd', 'type': 'int', 'value': 9}, {'name': 'statbuf', 'type': 'struct stat*', 'value': '0x7FFDE67FC290'}]",0,0
18831.658285,7788,7049,0,sshd,ip-10-100-1-26,3,close,1,0,"[{'name': 'fd', 'type': 'int', 'value': 9}]",0,0
18831.658391,7788,7049,0,sshd,ip-10-100-1-26,257,openat,4,9,"[{'name': 'dirfd', 'type': 'int', 'value': -100}, {'name': 'pathname', 'type': 'const char*', 'value': '/lib/x86_64-linux-gnu/security/pam_permit.so'}, {'name': 'flags', 'type': 'int', 'value': 'O_RDONLY|O_CLOEXEC'}, {'name': 'mode', 'type': 'int', 'value': 94555992}]",0,0
18831.658349,7788,7049,0,sshd,ip-10-100-1-26,1005,security_file_open,4,0,"[{'name': 'pathname', 'type': 'const char*', 'value': '/usr/lib/x86_64-linux-gnu/security/pam_permit.so'}, {'name': 'flags', 'type': 'int', 'value': 'O_RDONLY|O_LARGEFILE'}, {'name': 'dev', 'type': 'dev_t', 'value': 211812353}, {'name': 'inode', 'type': 'unsigned long', 'value': 3741}]",0,0
18831.658586,7788,7049,0,sshd,ip-10-100-1-26,5,fstat,2,0,"[{'name': 'fd', 'type': 'int', 'value': 9}, {'name': 'statbuf', 'type': 'struct stat*', 'value': '0x7FFDE67FC290'}]",0,0
18831.659596,7788,7049,0,sshd,ip-10-100-1-26,3,close,1,0,"[{'name': 'fd', 'type': 'int', 'value': 9}]",0,0
18831.65967,7788,7049,0,sshd,ip-10-100-1-26,3,close,1,0,"[{'name': 'fd', 'type': 'int', 'value': 8}]",0,0
18831.659718,7788,7049,0,sshd,ip-10-100-1-26,1005,security_file_open,4,0,"[{'name': 'pathname', 'type': 'const char*', 'value': '/usr/lib/x86_64-linux-gnu/security/pam_nologin.so'}, {'name': 'flags', 'type': 'int', 'value': 'O_RDONLY|O_LARGEFILE'}, {'name': 'dev', 'type': 'dev_t', 'value': 211812353}, {'name': 'inode', 'type': 'unsigned long', 'value': 3740}]",0,0
18831.659768,7788,7049,0,sshd,ip-10-100-1-26,257,openat,4,8,"[{'name': 'dirfd', 'type': 'int', 'value': -100}, {'name': 'pathname', 'type': 'const char*', 'value': '/lib/x86_64-linux-gnu/security/pam_nologin.so'}, {'name': 'flags', 'type': 'int', 'value': 'O_RDONLY|O_CLOEXEC'}, {'name': 'mode', 'type': 'int', 'value': 94555992}]",0,0
18831.664351,7788,7049,0,sshd,ip-10-100-1-26,5,fstat,2,0,"[{'name': 'fd', 'type': 'int', 'value': 8}, {'name': 'statbuf', 'type': 'struct stat*', 'value': '0x7FFDE67FC8A0'}]",0,0
18831.664456,7788,7049,0,sshd,ip-10-100-1-26,3,close,1,0,"[{'name': 'fd', 'type': 'int', 'value': 8}]",0,0
18831.664523,7788,7049,0,sshd,ip-10-100-1-26,4,stat,2,0,"[{'name': 'pathname', 'type': 'const char*', 'value': '/etc/pam.d'}, {'name': 'statbuf', 'type': 'struct stat*', 'value': '0x7FFDE67FD360'}]",0,0
18831.664551,7788,7049,0,sshd,ip-10-100-1-26,1005,security_file_open,4,0,"[{'name': 'pathname', 'type': 'const char*', 'value': '/etc/pam.d/common-account'}, {'name': 'flags', 'type': 'int', 'value': 'O_RDONLY|O_LARGEFILE'}, {'name': 'dev', 'type': 'dev_t', 'value': 211812353}, {'name': 'inode', 'type': 'unsigned long', 'value': 560}]",0,0
18831.664577,7788,7049,0,sshd,ip-10-100-1-26,257,openat,4,8,"[{'name': 'dirfd', 'type': 'int', 'value': -100}, {'name': 'pathname', 'type': 'const char*', 'value': '/etc/pam.d/common-account'}, {'name': 'flags', 'type': 'int', 'value': 'O_RDONLY'}, {'name': 'mode', 'type': 'int', 'value': 87658155}]",0,0
18831.664598,7788,7049,0,sshd,ip-10-100-1-26,5,fstat,2,0,"[{'name': 'fd', 'type': 'int', 'value': 8}, {'name': 'statbuf', 'type': 'struct stat*', 'value': '0x7FFDE67FCA90'}]",0,0
18831.664686,7788,7049,0,sshd,ip-10-100-1-26,1005,security_file_open,4,0,"[{'name': 'pathname', 'type': 'const char*', 'value': '/usr/lib/x86_64-linux-gnu/security/pam_selinux.so'}, {'name': 'flags', 'type': 'int', 'value': 'O_RDONLY|O_LARGEFILE'}, {'name': 'dev', 'type': 'dev_t', 'value': 211812353}, {'name': 'inode', 'type': 'unsigned long', 'value': 3746}]",0,0
18831.664639,7788,7049,0,sshd,ip-10-100-1-26,3,close,1,0,"[{'name': 'fd', 'type': 'int', 'value': 8}]",0,0
18831.664714,7788,7049,0,sshd,ip-10-100-1-26,257,openat,4,8,"[{'name': 'dirfd', 'type': 'int', 'value': -100}, {'name': 'pathname', 'type': 'const char*', 'value': '/lib/x86_64-linux-gnu/security/pam_selinux.so'}, {'name': 'flags', 'type': 'int', 'value': 'O_RDONLY|O_CLOEXEC'}, {'name': 'mode', 'type': 'int', 'value': 94555992}]",0,0
18831.665341,7788,7049,0,sshd,ip-10-100-1-26,5,fstat,2,0,"[{'name': 'fd', 'type': 'int', 'value': 8}, {'name': 'statbuf', 'type': 'struct stat*', 'value': '0x7FFDE67FC8A0'}]",0,0
18831.665997,7788,7049,0,sshd,ip-10-100-1-26,3,close,1,0,"[{'name': 'fd', 'type': 'int', 'value': 8}]",0,0
18831.666118,7788,7049,0,sshd,ip-10-100-1-26,1005,security_file_open,4,0,"[{'name': 'pathname', 'type': 'const char*', 'value': '/usr/lib/x86_64-linux-gnu/security/pam_loginuid.so'}, {'name': 'flags', 'type': 'int', 'value': 'O_RDONLY|O_LARGEFILE'}, {'name': 'dev', 'type': 'dev_t', 'value': 211812353}, {'name': 'inode', 'type': 'unsigned long', 'value': 3735}]",0,0
18831.66615,7788,7049,0,sshd,ip-10-100-1-26,257,openat,4,8,"[{'name': 'dirfd', 'type': 'int', 'value': -100}, {'name': 'pathname', 'type': 'const char*', 'value': '/lib/x86_64-linux-gnu/security/pam_loginuid.so'}, {'name': 'flags', 'type': 'int', 'value': 'O_RDONLY|O_CLOEXEC'}, {'name': 'mode', 'type': 'int', 'value': 94555992}]",0,0
18831.666178,7788,7049,0,sshd,ip-10-100-1-26,5,fstat,2,0,"[{'name': 'fd', 'type': 'int', 'value': 8}, {'name': 'statbuf', 'type': 'struct stat*', 'value': '0x7FFDE67FC8A0'}]",0,0
18831.666257,7788,7049,0,sshd,ip-10-100-1-26,3,close,1,0,"[{'name': 'fd', 'type': 'int', 'value': 8}]",0,0
18831.666327,7788,7049,0,sshd,ip-10-100-1-26,1005,security_file_open,4,0,"[{'name': 'pathname', 'type': 'const char*', 'value': '/usr/lib/x86_64-linux-gnu/security/pam_keyinit.so'}, {'name': 'flags', 'type': 'int', 'value': 'O_RDONLY|O_LARGEFILE'}, {'name': 'dev', 'type': 'dev_t', 'value': 211812353}, {'name': 'inode', 'type': 'unsigned long', 'value': 3730}]",0,0
18831.666357,7788,7049,0,sshd,ip-10-100-1-26,257,openat,4,8,"[{'name': 'dirfd', 'type': 'int', 'value': -100}, {'name': 'pathname', 'type': 'const char*', 'value': '/lib/x86_64-linux-gnu/security/pam_keyinit.so'}, {'name': 'flags', 'type': 'int', 'value': 'O_RDONLY|O_CLOEXEC'}, {'name': 'mode', 'type': 'int', 'value': 94555992}]",0,0
18831.668688,7788,7049,0,sshd,ip-10-100-1-26,5,fstat,2,0,"[{'name': 'fd', 'type': 'int', 'value': 8}, {'name': 'statbuf', 'type': 'struct stat*', 'value': '0x7FFDE67FC8A0'}]",0,0
18831.668777,7788,7049,0,sshd,ip-10-100-1-26,3,close,1,0,"[{'name': 'fd', 'type': 'int', 'value': 8}]",0,0
18831.668846,7788,7049,0,sshd,ip-10-100-1-26,4,stat,2,0,"[{'name': 'pathname', 'type': 'const char*', 'value': '/etc/pam.d'}, {'name': 'statbuf', 'type': 'struct stat*', 'value': '0x7FFDE67FD360'}]",0,0
18831.668874,7788,7049,0,sshd,ip-10-100-1-26,1005,security_file_open,4,0,"[{'name': 'pathname', 'type': 'const char*', 'value': '/etc/pam.d/common-session'}, {'name': 'flags', 'type': 'int', 'value': 'O_RDONLY|O_LARGEFILE'}, {'name': 'dev', 'type': 'dev_t', 'value': 211812353}, {'name': 'inode', 'type': 'unsigned long', 'value': 562}]",0,0
18831.668901,7788,7049,0,sshd,ip-10-100-1-26,257,openat,4,8,"[{'name': 'dirfd', 'type': 'int', 'value': -100}, {'name': 'pathname', 'type': 'const char*', 'value': '/etc/pam.d/common-session'}, {'name': 'flags', 'type': 'int', 'value': 'O_RDONLY'}, {'name': 'mode', 'type': 'int', 'value': 87658155}]",0,0
18831.668922,7788,7049,0,sshd,ip-10-100-1-26,5,fstat,2,0,"[{'name': 'fd', 'type': 'int', 'value': 8}, {'name': 'statbuf', 'type': 'struct stat*', 'value': '0x7FFDE67FCA90'}]",0,0
18831.668967,7788,7049,0,sshd,ip-10-100-1-26,1005,security_file_open,4,0,"[{'name': 'pathname', 'type': 'const char*', 'value': '/usr/lib/x86_64-linux-gnu/security/pam_umask.so'}, {'name': 'flags', 'type': 'int', 'value': 'O_RDONLY|O_LARGEFILE'}, {'name': 'dev', 'type': 'dev_t', 'value': 211812353}, {'name': 'inode', 'type': 'unsigned long', 'value': 3756}]",0,0
18831.668995,7788,7049,0,sshd,ip-10-100-1-26,257,openat,4,9,"[{'name': 'dirfd', 'type': 'int', 'value': -100}, {'name': 'pathname', 'type': 'const char*', 'value': '/lib/x86_64-linux-gnu/security/pam_umask.so'}, {'name': 'flags', 'type': 'int', 'value': 'O_RDONLY|O_CLOEXEC'}, {'name': 'mode', 'type': 'int', 'value': 94555992}]",0,0
18831.669022,7788,7049,0,sshd,ip-10-100-1-26,5,fstat,2,0,"[{'name': 'fd', 'type': 'int', 'value': 9}, {'name': 'statbuf', 'type': 'struct stat*', 'value': '0x7FFDE67FC290'}]",0,0
18831.6691,7788,7049,0,sshd,ip-10-100-1-26,3,close,1,0,"[{'name': 'fd', 'type': 'int', 'value': 9}]",0,0
18831.669171,7788,7049,0,sshd,ip-10-100-1-26,1005,security_file_open,4,0,"[{'name': 'pathname', 'type': 'const char*', 'value': '/usr/lib/x86_64-linux-gnu/security/pam_systemd.so'}, {'name': 'flags', 'type': 'int', 'value': 'O_RDONLY|O_LARGEFILE'}, {'name': 'dev', 'type': 'dev_t', 'value': 211812353}, {'name': 'inode', 'type': 'unsigned long', 'value': 3717}]",0,0
18831.669201,7788,7049,0,sshd,ip-10-100-1-26,257,openat,4,9,"[{'name': 'dirfd', 'type': 'int', 'value': -100}, {'name': 'pathname', 'type': 'const char*', 'value': '/lib/x86_64-linux-gnu/security/pam_systemd.so'}, {'name': 'flags', 'type': 'int', 'value': 'O_RDONLY|O_CLOEXEC'}, {'name': 'mode', 'type': 'int', 'value': 94555992}]",0,0
18831.669228,7788,7049,0,sshd,ip-10-100-1-26,5,fstat,2,0,"[{'name': 'fd', 'type': 'int', 'value': 9}, {'name': 'statbuf', 'type': 'struct stat*', 'value': '0x7FFDE67FC290'}]",0,0
18831.66932,7788,7049,0,sshd,ip-10-100-1-26,3,close,1,0,"[{'name': 'fd', 'type': 'int', 'value': 9}]",0,0
18831.669352,7788,7049,0,sshd,ip-10-100-1-26,1005,security_file_open,4,0,"[{'name': 'pathname', 'type': 'const char*', 'value': '/etc/ld.so.cache'}, {'name': 'flags', 'type': 'int', 'value': 'O_RDONLY|O_LARGEFILE'}, {'name': 'dev', 'type': 'dev_t', 'value': 211812353}, {'name': 'inode', 'type': 'unsigned long', 'value': 62957}]",0,0
18831.66938,7788,7049,0,sshd,ip-10-100-1-26,257,openat,4,9,"[{'name': 'dirfd', 'type': 'int', 'value': -100}, {'name': 'pathname', 'type': 'const char*', 'value': '/etc/ld.so.cache'}, {'name': 'flags', 'type': 'int', 'value': 'O_RDONLY|O_CLOEXEC'}, {'name': 'mode', 'type': 'int', 'value': 94555992}]",0,0
18831.669401,7788,7049,0,sshd,ip-10-100-1-26,5,fstat,2,0,"[{'name': 'fd', 'type': 'int', 'value': 9}, {'name': 'statbuf', 'type': 'struct stat*', 'value': '0x7FFDE67FBBA0'}]",0,0
18831.66943,7788,7049,0,sshd,ip-10-100-1-26,3,close,1,0,"[{'name': 'fd', 'type': 'int', 'value': 9}]",0,0
18831.669458,7788,7049,0,sshd,ip-10-100-1-26,1005,security_file_open,4,0,"[{'name': 'pathname', 'type': 'const char*', 'value': '/usr/lib/x86_64-linux-gnu/libpam_misc.so.0.82.1'}, {'name': 'flags', 'type': 'int', 'value': 'O_RDONLY|O_LARGEFILE'}, {'name': 'dev', 'type': 'dev_t', 'value': 211812353}, {'name': 'inode', 'type': 'unsigned long', 'value': 4483}]",0,0
18831.669484,7788,7049,0,sshd,ip-10-100-1-26,257,openat,4,9,"[{'name': 'dirfd', 'type': 'int', 'value': -100}, {'name': 'pathname', 'type': 'const char*', 'value': '/lib/x86_64-linux-gnu/libpam_misc.so.0'}, {'name': 'flags', 'type': 'int', 'value': 'O_RDONLY|O_CLOEXEC'}, {'name': 'mode', 'type': 'int', 'value': 94555992}]",0,0
18831.669511,7788,7049,0,sshd,ip-10-100-1-26,5,fstat,2,0,"[{'name': 'fd', 'type': 'int', 'value': 9}, {'name': 'statbuf', 'type': 'struct stat*', 'value': '0x7FFDE67FBBF0'}]",0,0
18831.669585,7788,7049,0,sshd,ip-10-100-1-26,3,close,1,0,"[{'name': 'fd', 'type': 'int', 'value': 9}]",0,0
18831.669785,7788,7049,0,sshd,ip-10-100-1-26,3,close,1,0,"[{'name': 'fd', 'type': 'int', 'value': 8}]",0,0
18831.66982,7788,7049,0,sshd,ip-10-100-1-26,1005,security_file_open,4,0,"[{'name': 'pathname', 'type': 'const char*', 'value': '/usr/lib/x86_64-linux-gnu/security/pam_motd.so'}, {'name': 'flags', 'type': 'int', 'value': 'O_RDONLY|O_LARGEFILE'}, {'name': 'dev', 'type': 'dev_t', 'value': 211812353}, {'name': 'inode', 'type': 'unsigned long', 'value': 3738}]",0,0
18831.669849,7788,7049,0,sshd,ip-10-100-1-26,257,openat,4,8,"[{'name': 'dirfd', 'type': 'int', 'value': -100}, {'name': 'pathname', 'type': 'const char*', 'value': '/lib/x86_64-linux-gnu/security/pam_motd.so'}, {'name': 'flags', 'type': 'int', 'value': 'O_RDONLY|O_CLOEXEC'}, {'name': 'mode', 'type': 'int', 'value': 94555992}]",0,0
18831.671086,7788,7049,0,sshd,ip-10-100-1-26,5,fstat,2,0,"[{'name': 'fd', 'type': 'int', 'value': 8}, {'name': 'statbuf', 'type': 'struct stat*', 'value': '0x7FFDE67FC8A0'}]",0,0
18831.671174,7788,7049,0,sshd,ip-10-100-1-26,3,close,1,0,"[{'name': 'fd', 'type': 'int', 'value': 8}]",0,0
18831.671254,7788,7049,0,sshd,ip-10-100-1-26,1005,security_file_open,4,0,"[{'name': 'pathname', 'type': 'const char*', 'value': '/usr/lib/x86_64-linux-gnu/security/pam_mail.so'}, {'name': 'flags', 'type': 'int', 'value': 'O_RDONLY|O_LARGEFILE'}, {'name': 'dev', 'type': 'dev_t', 'value': 211812353}, {'name': 'inode', 'type': 'unsigned long', 'value': 3736}]",0,0
18831.671286,7788,7049,0,sshd,ip-10-100-1-26,257,openat,4,8,"[{'name': 'dirfd', 'type': 'int', 'value': -100}, {'name': 'pathname', 'type': 'const char*', 'value': '/lib/x86_64-linux-gnu/security/pam_mail.so'}, {'name': 'flags', 'type': 'int', 'value': 'O_RDONLY|O_CLOEXEC'}, {'name': 'mode', 'type': 'int', 'value': 94555992}]",0,0
18831.674253,7788,7049,0,sshd,ip-10-100-1-26,5,fstat,2,0,"[{'name': 'fd', 'type': 'int', 'value': 8}, {'name': 'statbuf', 'type': 'struct stat*', 'value': '0x7FFDE67FC8A0'}]",0,0
18831.674341,7788,7049,0,sshd,ip-10-100-1-26,3,close,1,0,"[{'name': 'fd', 'type': 'int', 'value': 8}]",0,0
18831.67442,7788,7049,0,sshd,ip-10-100-1-26,1005,security_file_open,4,0,"[{'name': 'pathname', 'type': 'const char*', 'value': '/usr/lib/x86_64-linux-gnu/security/pam_limits.so'}, {'name': 'flags', 'type': 'int', 'value': 'O_RDONLY|O_LARGEFILE'}, {'name': 'dev', 'type': 'dev_t', 'value': 211812353}, {'name': 'inode', 'type': 'unsigned long', 'value': 3732}]",0,0
18831.674452,7788,7049,0,sshd,ip-10-100-1-26,257,openat,4,8,"[{'name': 'dirfd', 'type': 'int', 'value': -100}, {'name': 'pathname', 'type': 'const char*', 'value': '/lib/x86_64-linux-gnu/security/pam_limits.so'}, {'name': 'flags', 'type': 'int', 'value': 'O_RDONLY|O_CLOEXEC'}, {'name': 'mode', 'type': 'int', 'value': 94555992}]",0,0
18831.674479,7788,7049,0,sshd,ip-10-100-1-26,5,fstat,2,0,"[{'name': 'fd', 'type': 'int', 'value': 8}, {'name': 'statbuf', 'type': 'struct stat*', 'value': '0x7FFDE67FC8A0'}]",0,0
18831.674555,7788,7049,0,sshd,ip-10-100-1-26,3,close,1,0,"[{'name': 'fd', 'type': 'int', 'value': 8}]",0,0
18831.67463,7788,7049,0,sshd,ip-10-100-1-26,1005,security_file_open,4,0,"[{'name': 'pathname', 'type': 'const char*', 'value': '/usr/lib/x86_64-linux-gnu/security/pam_env.so'}, {'name': 'flags', 'type': 'int', 'value': 'O_RDONLY|O_LARGEFILE'}, {'name': 'dev', 'type': 'dev_t', 'value': 211812353}, {'name': 'inode', 'type': 'unsigned long', 'value': 3722}]",0,0
18831.67466,7788,7049,0,sshd,ip-10-100-1-26,257,openat,4,8,"[{'name': 'dirfd', 'type': 'int', 'value': -100}, {'name': 'pathname', 'type': 'const char*', 'value': '/lib/x86_64-linux-gnu/security/pam_env.so'}, {'name': 'flags', 'type': 'int', 'value': 'O_RDONLY|O_CLOEXEC'}, {'name': 'mode', 'type': 'int', 'value': 94555992}]",0,0
18831.674688,7788,7049,0,sshd,ip-10-100-1-26,5,fstat,2,0,"[{'name': 'fd', 'type': 'int', 'value': 8}, {'name': 'statbuf', 'type': 'struct stat*', 'value': '0x7FFDE67FC8A0'}]",0,0
18831.674771,7788,7049,0,sshd,ip-10-100-1-26,3,close,1,0,"[{'name': 'fd', 'type': 'int', 'value': 8}]",0,0
18831.674843,7788,7049,0,sshd,ip-10-100-1-26,4,stat,2,0,"[{'name': 'pathname', 'type': 'const char*', 'value': '/etc/pam.d'}, {'name': 'statbuf', 'type': 'struct stat*', 'value': '0x7FFDE67FD360'}]",0,0
18831.67487,7788,7049,0,sshd,ip-10-100-1-26,1005,security_file_open,4,0,"[{'name': 'pathname', 'type': 'const char*', 'value': '/etc/pam.d/common-password'}, {'name': 'flags', 'type': 'int', 'value': 'O_RDONLY|O_LARGEFILE'}, {'name': 'dev', 'type': 'dev_t', 'value': 211812353}, {'name': 'inode', 'type': 'unsigned long', 'value': 561}]",0,0
18831.674897,7788,7049,0,sshd,ip-10-100-1-26,257,openat,4,8,"[{'name': 'dirfd', 'type': 'int', 'value': -100}, {'name': 'pathname', 'type': 'const char*', 'value': '/etc/pam.d/common-password'}, {'name': 'flags', 'type': 'int', 'value': 'O_RDONLY'}, {'name': 'mode', 'type': 'int', 'value': 87658155}]",0,0
18831.674918,7788,7049,0,sshd,ip-10-100-1-26,5,fstat,2,0,"[{'name': 'fd', 'type': 'int', 'value': 8}, {'name': 'statbuf', 'type': 'struct stat*', 'value': '0x7FFDE67FCA90'}]",0,0
18831.674963,7788,7049,0,sshd,ip-10-100-1-26,3,close,1,0,"[{'name': 'fd', 'type': 'int', 'value': 8}]",0,0
18831.674991,7788,7049,0,sshd,ip-10-100-1-26,3,close,1,0,"[{'name': 'fd', 'type': 'int', 'value': 5}]",0,0
18831.675016,7788,7049,0,sshd,ip-10-100-1-26,1005,security_file_open,4,0,"[{'name': 'pathname', 'type': 'const char*', 'value': '/etc/pam.d/other'}, {'name': 'flags', 'type': 'int', 'value': 'O_RDONLY|O_LARGEFILE'}, {'name': 'dev', 'type': 'dev_t', 'value': 211812353}, {'name': 'inode', 'type': 'unsigned long', 'value': 563}]",0,0
18831.675041,7788,7049,0,sshd,ip-10-100-1-26,257,openat,4,5,"[{'name': 'dirfd', 'type': 'int', 'value': -100}, {'name': 'pathname', 'type': 'const char*', 'value': '/etc/pam.d/other'}, {'name': 'flags', 'type': 'int', 'value': 'O_RDONLY'}, {'name': 'mode', 'type': 'int', 'value': 87658155}]",0,0
18831.675062,7788,7049,0,sshd,ip-10-100-1-26,5,fstat,2,0,"[{'name': 'fd', 'type': 'int', 'value': 5}, {'name': 'statbuf', 'type': 'struct stat*', 'value': '0x7FFDE67FD0A0'}]",0,0
18831.675091,7788,7049,0,sshd,ip-10-100-1-26,4,stat,2,0,"[{'name': 'pathname', 'type': 'const char*', 'value': '/etc/pam.d'}, {'name': 'statbuf', 'type': 'struct stat*', 'value': '0x7FFDE67FD360'}]",0,0
18831.675114,7788,7049,0,sshd,ip-10-100-1-26,1005,security_file_open,4,0,"[{'name': 'pathname', 'type': 'const char*', 'value': '/etc/pam.d/common-auth'}, {'name': 'flags', 'type': 'int', 'value': 'O_RDONLY|O_LARGEFILE'}, {'name': 'dev', 'type': 'dev_t', 'value': 211812353}, {'name': 'inode', 'type': 'unsigned long', 'value': 256147}]",0,0
18831.675139,7788,7049,0,sshd,ip-10-100-1-26,257,openat,4,8,"[{'name': 'dirfd', 'type': 'int', 'value': -100}, {'name': 'pathname', 'type': 'const char*', 'value': '/etc/pam.d/common-auth'}, {'name': 'flags', 'type': 'int', 'value': 'O_RDONLY'}, {'name': 'mode', 'type': 'int', 'value': 87658155}]",0,0
18831.67516,7788,7049,0,sshd,ip-10-100-1-26,5,fstat,2,0,"[{'name': 'fd', 'type': 'int', 'value': 8}, {'name': 'statbuf', 'type': 'struct stat*', 'value': '0x7FFDE67FCA90'}]",0,0
18831.675214,7788,7049,0,sshd,ip-10-100-1-26,3,close,1,0,"[{'name': 'fd', 'type': 'int', 'value': 8}]",0,0
18831.675239,7788,7049,0,sshd,ip-10-100-1-26,4,stat,2,0,"[{'name': 'pathname', 'type': 'const char*', 'value': '/etc/pam.d'}, {'name': 'statbuf', 'type': 'struct stat*', 'value': '0x7FFDE67FD360'}]",0,0
18831.675263,7788,7049,0,sshd,ip-10-100-1-26,1005,security_file_open,4,0,"[{'name': 'pathname', 'type': 'const char*', 'value': '/etc/pam.d/common-account'}, {'name': 'flags', 'type': 'int', 'value': 'O_RDONLY|O_LARGEFILE'}, {'name': 'dev', 'type': 'dev_t', 'value': 211812353}, {'name': 'inode', 'type': 'unsigned long', 'value': 560}]",0,0
18831.675287,7788,7049,0,sshd,ip-10-100-1-26,257,openat,4,8,"[{'name': 'dirfd', 'type': 'int', 'value': -100}, {'name': 'pathname', 'type': 'const char*', 'value': '/etc/pam.d/common-account'}, {'name': 'flags', 'type': 'int', 'value': 'O_RDONLY'}, {'name': 'mode', 'type': 'int', 'value': 87658155}]",0,0
18831.675308,7788,7049,0,sshd,ip-10-100-1-26,5,fstat,2,0,"[{'name': 'fd', 'type': 'int', 'value': 8}, {'name': 'statbuf', 'type': 'struct stat*', 'value': '0x7FFDE67FCA90'}]",0,0
18831.675349,7788,7049,0,sshd,ip-10-100-1-26,3,close,1,0,"[{'name': 'fd', 'type': 'int', 'value': 8}]",0,0
18831.675374,7788,7049,0,sshd,ip-10-100-1-26,4,stat,2,0,"[{'name': 'pathname', 'type': 'const char*', 'value': '/etc/pam.d'}, {'name': 'statbuf', 'type': 'struct stat*', 'value': '0x7FFDE67FD360'}]",0,0
18831.675397,7788,7049,0,sshd,ip-10-100-1-26,1005,security_file_open,4,0,"[{'name': 'pathname', 'type': 'const char*', 'value': '/etc/pam.d/common-password'}, {'name': 'flags', 'type': 'int', 'value': 'O_RDONLY|O_LARGEFILE'}, {'name': 'dev', 'type': 'dev_t', 'value': 211812353}, {'name': 'inode', 'type': 'unsigned long', 'value': 561}]",0,0
18831.675421,7788,7049,0,sshd,ip-10-100-1-26,257,openat,4,8,"[{'name': 'dirfd', 'type': 'int', 'value': -100}, {'name': 'pathname', 'type': 'const char*', 'value': '/etc/pam.d/common-password'}, {'name': 'flags', 'type': 'int', 'value': 'O_RDONLY'}, {'name': 'mode', 'type': 'int', 'value': 87658155}]",0,0
18831.675442,7788,7049,0,sshd,ip-10-100-1-26,5,fstat,2,0,"[{'name': 'fd', 'type': 'int', 'value': 8}, {'name': 'statbuf', 'type': 'struct stat*', 'value': '0x7FFDE67FCA90'}]",0,0
18831.675479,7788,7049,0,sshd,ip-10-100-1-26,3,close,1,0,"[{'name': 'fd', 'type': 'int', 'value': 8}]",0,0
18831.675507,7788,7049,0,sshd,ip-10-100-1-26,4,stat,2,0,"[{'name': 'pathname', 'type': 'const char*', 'value': '/etc/pam.d'}, {'name': 'statbuf', 'type': 'struct stat*', 'value': '0x7FFDE67FD360'}]",0,0
18831.67553,7788,7049,0,sshd,ip-10-100-1-26,1005,security_file_open,4,0,"[{'name': 'pathname', 'type': 'const char*', 'value': '/etc/pam.d/common-session'}, {'name': 'flags', 'type': 'int', 'value': 'O_RDONLY|O_LARGEFILE'}, {'name': 'dev', 'type': 'dev_t', 'value': 211812353}, {'name': 'inode', 'type': 'unsigned long', 'value': 562}]",0,0
18831.675555,7788,7049,0,sshd,ip-10-100-1-26,257,openat,4,8,"[{'name': 'dirfd', 'type': 'int', 'value': -100}, {'name': 'pathname', 'type': 'const char*', 'value': '/etc/pam.d/common-session'}, {'name': 'flags', 'type': 'int', 'value': 'O_RDONLY'}, {'name': 'mode', 'type': 'int', 'value': 87658155}]",0,0
18831.675575,7788,7049,0,sshd,ip-10-100-1-26,5,fstat,2,0,"[{'name': 'fd', 'type': 'int', 'value': 8}, {'name': 'statbuf', 'type': 'struct stat*', 'value': '0x7FFDE67FCA90'}]",0,0
18831.675622,7788,7049,0,sshd,ip-10-100-1-26,3,close,1,0,"[{'name': 'fd', 'type': 'int', 'value': 8}]",0,0
18831.675649,7788,7049,0,sshd,ip-10-100-1-26,3,close,1,0,"[{'name': 'fd', 'type': 'int', 'value': 5}]",0,0
18831.675675,7788,7049,0,sshd,ip-10-100-1-26,51,getsockname,3,0,"[{'name': 'sockfd', 'type': 'int', 'value': 4}, {'name': 'addr', 'type': 'const void*', 'value': ""{'sa_family': 'AF_INET','sin_port': '22','sin_addr': '10.100.1.26'}""}, {'name': 'addrlen', 'type': 'int*', 'value': '0x7FFDE67FD4AC'}]",0,0
18831.675772,7788,7049,0,sshd,ip-10-100-1-26,1005,security_file_open,4,0,"[{'name': 'pathname', 'type': 'const char*', 'value': '/etc/login.defs'}, {'name': 'flags', 'type': 'int', 'value': 'O_RDONLY|O_LARGEFILE'}, {'name': 'dev', 'type': 'dev_t', 'value': 211812353}, {'name': 'inode', 'type': 'unsigned long', 'value': 584}]",0,0
18831.675802,7788,7049,0,sshd,ip-10-100-1-26,257,openat,4,5,"[{'name': 'dirfd', 'type': 'int', 'value': -100}, {'name': 'pathname', 'type': 'const char*', 'value': '/etc/login.defs'}, {'name': 'flags', 'type': 'int', 'value': 'O_RDONLY'}, {'name': 'mode', 'type': 'int', 'value': 87658155}]",0,0
18831.675824,7788,7049,0,sshd,ip-10-100-1-26,5,fstat,2,0,"[{'name': 'fd', 'type': 'int', 'value': 5}, {'name': 'statbuf', 'type': 'struct stat*', 'value': '0x7FFDE67FD5D0'}]",0,0
18831.675879,7788,7049,0,sshd,ip-10-100-1-26,3,close,1,0,"[{'name': 'fd', 'type': 'int', 'value': 5}]",0,0
18831.675905,7788,7049,0,sshd,ip-10-100-1-26,4,stat,2,-2,"[{'name': 'pathname', 'type': 'const char*', 'value': '/etc/securetty'}, {'name': 'statbuf', 'type': 'struct stat*', 'value': '0x7FFDE67FD510'}]",0,0
18831.675951,7788,7049,0,sshd,ip-10-100-1-26,1005,security_file_open,4,0,"[{'name': 'pathname', 'type': 'const char*', 'value': '/usr/share/zoneinfo/Etc/UTC'}, {'name': 'flags', 'type': 'int', 'value': 'O_RDONLY|O_LARGEFILE'}, {'name': 'dev', 'type': 'dev_t', 'value': 211812353}, {'name': 'inode', 'type': 'unsigned long', 'value': 30889}]",0,0
18831.675979,7788,7049,0,sshd,ip-10-100-1-26,257,openat,4,5,"[{'name': 'dirfd', 'type': 'int', 'value': -100}, {'name': 'pathname', 'type': 'const char*', 'value': '/etc/localtime'}, {'name': 'flags', 'type': 'int', 'value': 'O_RDONLY|O_CLOEXEC'}, {'name': 'mode', 'type': 'int', 'value': 87680604}]",0,0
18831.676001,7788,7049,0,sshd,ip-10-100-1-26,5,fstat,2,0,"[{'name': 'fd', 'type': 'int', 'value': 5}, {'name': 'statbuf', 'type': 'struct stat*', 'value': '0x7FFDE67FD0A0'}]",0,0
18831.676022,7788,7049,0,sshd,ip-10-100-1-26,5,fstat,2,0,"[{'name': 'fd', 'type': 'int', 'value': 5}, {'name': 'statbuf', 'type': 'struct stat*', 'value': '0x7FFDE67FCED0'}]",0,0
18831.67606,7788,7049,0,sshd,ip-10-100-1-26,3,close,1,0,"[{'name': 'fd', 'type': 'int', 'value': 5}]",0,0
18831.676101,7788,7049,0,sshd,ip-10-100-1-26,41,socket,3,5,"[{'name': 'domain', 'type': 'int', 'value': 'AF_UNIX'}, {'name': 'type', 'type': 'int', 'value': 'SOCK_DGRAM|SOCK_CLOEXEC'}, {'name': 'protocol', 'type': 'int', 'value': 0}]",0,0
18831.67613,7788,7049,0,sshd,ip-10-100-1-26,42,connect,3,0,"[{'name': 'sockfd', 'type': 'int', 'value': 5}, {'name': 'addr', 'type': 'void*', 'value': ""{'sa_family': 'AF_UNIX','sun_path': '/dev/log'}""}, {'name': 'addrlen', 'type': 'int', 'value': 110}]",0,0
18831.676259,159,1,0,systemd-journal,ip-10-100-1-26,1005,security_file_open,4,0,"[{'name': 'pathname', 'type': 'const char*', 'value': '/proc/7788/comm'}, {'name': 'flags', 'type': 'int', 'value': 'O_RDONLY|O_LARGEFILE'}, {'name': 'dev', 'type': 'dev_t', 'value': 5}, {'name': 'inode', 'type': 'unsigned long', 'value': 127993}]",0,0
18831.676291,159,1,0,systemd-journal,ip-10-100-1-26,257,openat,4,34,"[{'name': 'dirfd', 'type': 'int', 'value': -100}, {'name': 'pathname', 'type': 'const char*', 'value': '/proc/7788/comm'}, {'name': 'flags', 'type': 'int', 'value': 'O_RDONLY|O_CLOEXEC'}, {'name': 'mode', 'type': 'int', 'value': 3713515300}]",0,0
18831.676335,159,1,0,systemd-journal,ip-10-100-1-26,5,fstat,2,0,"[{'name': 'fd', 'type': 'int', 'value': 34}, {'name': 'statbuf', 'type': 'struct stat*', 'value': '0x7FFFC53697A0'}]",0,0
18831.676391,159,1,0,systemd-journal,ip-10-100-1-26,3,close,1,0,"[{'name': 'fd', 'type': 'int', 'value': 34}]",0,0
18831.676427,159,1,0,systemd-journal,ip-10-100-1-26,1003,cap_capable,1,0,"[{'name': 'cap', 'type': 'int', 'value': 'CAP_SYS_PTRACE'}]",0,0
18831.676472,159,1,0,systemd-journal,ip-10-100-1-26,1005,security_file_open,4,0,"[{'name': 'pathname', 'type': 'const char*', 'value': '/proc/7788/cmdline'}, {'name': 'flags', 'type': 'int', 'value': 'O_RDONLY|O_LARGEFILE'}, {'name': 'dev', 'type': 'dev_t', 'value': 5}, {'name': 'inode', 'type': 'unsigned long', 'value': 127995}]",0,0
18831.676498,159,1,0,systemd-journal,ip-10-100-1-26,257,openat,4,34,"[{'name': 'dirfd', 'type': 'int', 'value': -100}, {'name': 'pathname', 'type': 'const char*', 'value': '/proc/7788/cmdline'}, {'name': 'flags', 'type': 'int', 'value': 'O_RDONLY|O_CLOEXEC'}, {'name': 'mode', 'type': 'int', 'value': 3713515300}]",0,0
18831.676532,159,1,0,systemd-journal,ip-10-100-1-26,5,fstat,2,0,"[{'name': 'fd', 'type': 'int', 'value': 34}, {'name': 'statbuf', 'type': 'struct stat*', 'value': '0x7FFFC5369830'}]",0,0
18831.676575,159,1,0,systemd-journal,ip-10-100-1-26,3,close,1,0,"[{'name': 'fd', 'type': 'int', 'value': 34}]",0,0
18831.676605,159,1,0,systemd-journal,ip-10-100-1-26,1005,security_file_open,4,0,"[{'name': 'pathname', 'type': 'const char*', 'value': '/proc/7788/status'}, {'name': 'flags', 'type': 'int', 'value': 'O_RDONLY|O_LARGEFILE'}, {'name': 'dev', 'type': 'dev_t', 'value': 5}, {'name': 'inode', 'type': 'unsigned long', 'value': 127996}]",0,0
18831.676631,159,1,0,systemd-journal,ip-10-100-1-26,257,openat,4,34,"[{'name': 'dirfd', 'type': 'int', 'value': -100}, {'name': 'pathname', 'type': 'const char*', 'value': '/proc/7788/status'}, {'name': 'flags', 'type': 'int', 'value': 'O_RDONLY|O_CLOEXEC'}, {'name': 'mode', 'type': 'int', 'value': 3713515300}]",0,0
18831.676652,159,1,0,systemd-journal,ip-10-100-1-26,5,fstat,2,0,"[{'name': 'fd', 'type': 'int', 'value': 34}, {'name': 'statbuf', 'type': 'struct stat*', 'value': '0x7FFFC53698A0'}]",0,0
18831.676696,159,1,0,systemd-journal,ip-10-100-1-26,3,close,1,0,"[{'name': 'fd', 'type': 'int', 'value': 34}]",0,0
18831.676731,159,1,0,systemd-journal,ip-10-100-1-26,1005,security_file_open,4,0,"[{'name': 'pathname', 'type': 'const char*', 'value': '/proc/7788/attr/current'}, {'name': 'flags', 'type': 'int', 'value': 'O_RDONLY|O_LARGEFILE'}, {'name': 'dev', 'type': 'dev_t', 'value': 5}, {'name': 'inode', 'type': 'unsigned long', 'value': 127998}]",0,0
18831.676757,159,1,0,systemd-journal,ip-10-100-1-26,257,openat,4,34,"[{'name': 'dirfd', 'type': 'int', 'value': -100}, {'name': 'pathname', 'type': 'const char*', 'value': '/proc/7788/attr/current'}, {'name': 'flags', 'type': 'int', 'value': 'O_RDONLY|O_CLOEXEC'}, {'name': 'mode', 'type': 'int', 'value': 3713515300}]",0,0
18831.67679,159,1,0,systemd-journal,ip-10-100-1-26,3,close,1,0,"[{'name': 'fd', 'type': 'int', 'value': 34}]",0,0
18831.676818,159,1,0,systemd-journal,ip-10-100-1-26,1005,security_file_open,4,0,"[{'name': 'pathname', 'type': 'const char*', 'value': '/proc/7788/sessionid'}, {'name': 'flags', 'type': 'int', 'value': 'O_RDONLY|O_LARGEFILE'}, {'name': 'dev', 'type': 'dev_t', 'value': 5}, {'name': 'inode', 'type': 'unsigned long', 'value': 127999}]",0,0
18831.676844,159,1,0,systemd-journal,ip-10-100-1-26,257,openat,4,34,"[{'name': 'dirfd', 'type': 'int', 'value': -100}, {'name': 'pathname', 'type': 'const char*', 'value': '/proc/7788/sessionid'}, {'name': 'flags', 'type': 'int', 'value': 'O_RDONLY|O_CLOEXEC'}, {'name': 'mode', 'type': 'int', 'value': 3713515300}]",0,0
18831.676868,159,1,0,systemd-journal,ip-10-100-1-26,5,fstat,2,0,"[{'name': 'fd', 'type': 'int', 'value': 34}, {'name': 'statbuf', 'type': 'struct stat*', 'value': '0x7FFFC5369790'}]",0,0
18831.676905,159,1,0,systemd-journal,ip-10-100-1-26,3,close,1,0,"[{'name': 'fd', 'type': 'int', 'value': 34}]",0,0
18831.676935,159,1,0,systemd-journal,ip-10-100-1-26,1005,security_file_open,4,0,"[{'name': 'pathname', 'type': 'const char*', 'value': '/proc/7788/loginuid'}, {'name': 'flags', 'type': 'int', 'value': 'O_RDONLY|O_LARGEFILE'}, {'name': 'dev', 'type': 'dev_t', 'value': 5}, {'name': 'inode', 'type': 'unsigned long', 'value': 128000}]",0,0
18831.676961,159,1,0,systemd-journal,ip-10-100-1-26,257,openat,4,34,"[{'name': 'dirfd', 'type': 'int', 'value': -100}, {'name': 'pathname', 'type': 'const char*', 'value': '/proc/7788/loginuid'}, {'name': 'flags', 'type': 'int', 'value': 'O_RDONLY|O_CLOEXEC'}, {'name': 'mode', 'type': 'int', 'value': 3713515300}]",0,0
18831.676983,159,1,0,systemd-journal,ip-10-100-1-26,5,fstat,2,0,"[{'name': 'fd', 'type': 'int', 'value': 34}, {'name': 'statbuf', 'type': 'struct stat*', 'value': '0x7FFFC5369790'}]",0,0
18831.677016,159,1,0,systemd-journal,ip-10-100-1-26,3,close,1,0,"[{'name': 'fd', 'type': 'int', 'value': 34}]",0,0
18831.677045,159,1,0,systemd-journal,ip-10-100-1-26,1005,security_file_open,4,0,"[{'name': 'pathname', 'type': 'const char*', 'value': '/proc/7788/cgroup'}, {'name': 'flags', 'type': 'int', 'value': 'O_RDONLY|O_LARGEFILE'}, {'name': 'dev', 'type': 'dev_t', 'value': 5}, {'name': 'inode', 'type': 'unsigned long', 'value': 128001}]",0,0
18831.67707,159,1,0,systemd-journal,ip-10-100-1-26,257,openat,4,34,"[{'name': 'dirfd', 'type': 'int', 'value': -100}, {'name': 'pathname', 'type': 'const char*', 'value': '/proc/7788/cgroup'}, {'name': 'flags', 'type': 'int', 'value': 'O_RDONLY|O_CLOEXEC'}, {'name': 'mode', 'type': 'int', 'value': 3713515300}]",0,0
18831.677093,159,1,0,systemd-journal,ip-10-100-1-26,5,fstat,2,0,"[{'name': 'fd', 'type': 'int', 'value': 34}, {'name': 'statbuf', 'type': 'struct stat*', 'value': '0x7FFFC5369730'}]",0,0
18831.677215,159,1,0,systemd-journal,ip-10-100-1-26,3,close,1,0,"[{'name': 'fd', 'type': 'int', 'value': 34}]",0,0
18831.677268,159,1,0,systemd-journal,ip-10-100-1-26,257,openat,4,-2,"[{'name': 'dirfd', 'type': 'int', 'value': -100}, {'name': 'pathname', 'type': 'const char*', 'value': '/run/systemd/units/log-extra-fields:ssh.service'}, {'name': 'flags', 'type': 'int', 'value': 'O_RDONLY|O_CLOEXEC'}, {'name': 'mode', 'type': 'int', 'value': 3713515300}]",0,0
18831.677311,159,1,0,systemd-journal,ip-10-100-1-26,1003,cap_capable,1,0,"[{'name': 'cap', 'type': 'int', 'value': 'CAP_SYS_ADMIN'}]",0,0
18831.677657,159,1,0,systemd-journal,ip-10-100-1-26,1005,security_file_open,4,0,"[{'name': 'pathname', 'type': 'const char*', 'value': '/var/log/journal/eccc5f402a9947bd86ae939010fadc6a'}, {'name': 'flags', 'type': 'int', 'value': 'O_RDONLY|O_NONBLOCK|O_LARGEFILE|O_DIRECTORY'}, {'name': 'dev', 'type': 'dev_t', 'value': 211812353}, {'name': 'inode', 'type': 'unsigned long', 'value': 256001}]",0,0
18831.677688,159,1,0,systemd-journal,ip-10-100-1-26,257,openat,4,34,"[{'name': 'dirfd', 'type': 'int', 'value': -100}, {'name': 'pathname', 'type': 'const char*', 'value': '/var/log/journal/eccc5f402a9947bd86ae939010fadc6a'}, {'name': 'flags', 'type': 'int', 'value': 'O_RDONLY|O_NONBLOCK|O_DIRECTORY|O_CLOEXEC'}, {'name': 'mode', 'type': 'int', 'value': 3713537628}]",0,0
18831.677711,159,1,0,systemd-journal,ip-10-100-1-26,5,fstat,2,0,"[{'name': 'fd', 'type': 'int', 'value': 34}, {'name': 'statbuf', 'type': 'struct stat*', 'value': '0x7FFFC53695C0'}]",0,0
18831.67775,159,1,0,systemd-journal,ip-10-100-1-26,217,getdents64,3,128,"[{'name': 'fd', 'type': 'int', 'value': 34}, {'name': 'dirp', 'type': 'struct linux_dirent64*', 'value': '0x563999584BF0'}, {'name': 'count', 'type': 'size_t', 'value': 32768}]",0,0
18831.677787,159,1,0,systemd-journal,ip-10-100-1-26,217,getdents64,3,0,"[{'name': 'fd', 'type': 'int', 'value': 34}, {'name': 'dirp', 'type': 'struct linux_dirent64*', 'value': '0x563999584BF0'}, {'name': 'count', 'type': 'size_t', 'value': 32768}]",0,0
18831.677809,159,1,0,systemd-journal,ip-10-100-1-26,3,close,1,0,"[{'name': 'fd', 'type': 'int', 'value': 34}]",0,0
18831.677855,159,1,0,systemd-journal,ip-10-100-1-26,257,openat,4,-2,"[{'name': 'dirfd', 'type': 'int', 'value': -100}, {'name': 'pathname', 'type': 'const char*', 'value': '/run/log/journal/eccc5f402a9947bd86ae939010fadc6a/system.journal'}, {'name': 'flags', 'type': 'int', 'value': 'O_RDWR|O_NONBLOCK|O_CLOEXEC'}, {'name': 'mode', 'type': 'int', 'value': 3713515300}]",0,0
18831.67794,7788,7049,0,sshd,ip-10-100-1-26,1005,security_file_open,4,0,"[{'name': 'pathname', 'type': 'const char*', 'value': '/etc/passwd'}, {'name': 'flags', 'type': 'int', 'value': 'O_RDONLY|O_LARGEFILE'}, {'name': 'dev', 'type': 'dev_t', 'value': 211812353}, {'name': 'inode', 'type': 'unsigned long', 'value': 61348}]",0,0
18831.677971,7788,7049,0,sshd,ip-10-100-1-26,257,openat,4,8,"[{'name': 'dirfd', 'type': 'int', 'value': -100}, {'name': 'pathname', 'type': 'const char*', 'value': '/etc/passwd'}, {'name': 'flags', 'type': 'int', 'value': 'O_RDONLY|O_CLOEXEC'}, {'name': 'mode', 'type': 'int', 'value': 87680604}]",0,0
18831.677999,7788,7049,0,sshd,ip-10-100-1-26,5,fstat,2,0,"[{'name': 'fd', 'type': 'int', 'value': 8}, {'name': 'statbuf', 'type': 'struct stat*', 'value': '0x7FFDE67FD460'}]",0,0
18831.678028,7788,7049,0,sshd,ip-10-100-1-26,3,close,1,0,"[{'name': 'fd', 'type': 'int', 'value': 8}]",0,0
18831.67807,7788,7049,0,sshd,ip-10-100-1-26,1005,security_file_open,4,0,"[{'name': 'pathname', 'type': 'const char*', 'value': '/etc/shadow'}, {'name': 'flags', 'type': 'int', 'value': 'O_RDONLY|O_LARGEFILE'}, {'name': 'dev', 'type': 'dev_t', 'value': 211812353}, {'name': 'inode', 'type': 'unsigned long', 'value': 61214}]",0,0
18831.678097,7788,7049,0,sshd,ip-10-100-1-26,257,openat,4,8,"[{'name': 'dirfd', 'type': 'int', 'value': -100}, {'name': 'pathname', 'type': 'const char*', 'value': '/etc/shadow'}, {'name': 'flags', 'type': 'int', 'value': 'O_RDONLY|O_CLOEXEC'}, {'name': 'mode', 'type': 'int', 'value': 87680604}]",0,0
18831.678124,7788,7049,0,sshd,ip-10-100-1-26,5,fstat,2,0,"[{'name': 'fd', 'type': 'int', 'value': 8}, {'name': 'statbuf', 'type': 'struct stat*', 'value': '0x7FFDE67FD460'}]",0,0
18831.678151,7788,7049,0,sshd,ip-10-100-1-26,3,close,1,0,"[{'name': 'fd', 'type': 'int', 'value': 8}]",0,0
18831.678182,7788,7049,0,sshd,ip-10-100-1-26,1005,security_file_open,4,0,"[{'name': 'pathname', 'type': 'const char*', 'value': '/etc/passwd'}, {'name': 'flags', 'type': 'int', 'value': 'O_RDONLY|O_LARGEFILE'}, {'name': 'dev', 'type': 'dev_t', 'value': 211812353}, {'name': 'inode', 'type': 'unsigned long', 'value': 61348}]",0,0
18831.678208,7788,7049,0,sshd,ip-10-100-1-26,257,openat,4,8,"[{'name': 'dirfd', 'type': 'int', 'value': -100}, {'name': 'pathname', 'type': 'const char*', 'value': '/etc/passwd'}, {'name': 'flags', 'type': 'int', 'value': 'O_RDONLY|O_CLOEXEC'}, {'name': 'mode', 'type': 'int', 'value': 87680604}]",0,0
18831.678234,7788,7049,0,sshd,ip-10-100-1-26,5,fstat,2,0,"[{'name': 'fd', 'type': 'int', 'value': 8}, {'name': 'statbuf', 'type': 'struct stat*', 'value': '0x7FFDE67FD420'}]",0,0
18831.67826,7788,7049,0,sshd,ip-10-100-1-26,3,close,1,0,"[{'name': 'fd', 'type': 'int', 'value': 8}]",0,0
18831.678288,7788,7049,0,sshd,ip-10-100-1-26,1005,security_file_open,4,0,"[{'name': 'pathname', 'type': 'const char*', 'value': '/etc/shadow'}, {'name': 'flags', 'type': 'int', 'value': 'O_RDONLY|O_LARGEFILE'}, {'name': 'dev', 'type': 'dev_t', 'value': 211812353}, {'name': 'inode', 'type': 'unsigned long', 'value': 61214}]",0,0
18831.678314,7788,7049,0,sshd,ip-10-100-1-26,257,openat,4,8,"[{'name': 'dirfd', 'type': 'int', 'value': -100}, {'name': 'pathname', 'type': 'const char*', 'value': '/etc/shadow'}, {'name': 'flags', 'type': 'int', 'value': 'O_RDONLY|O_CLOEXEC'}, {'name': 'mode', 'type': 'int', 'value': 87680604}]",0,0
18831.678339,7788,7049,0,sshd,ip-10-100-1-26,5,fstat,2,0,"[{'name': 'fd', 'type': 'int', 'value': 8}, {'name': 'statbuf', 'type': 'struct stat*', 'value': '0x7FFDE67FD420'}]",0,0
18831.678365,7788,7049,0,sshd,ip-10-100-1-26,3,close,1,0,"[{'name': 'fd', 'type': 'int', 'value': 8}]",0,0
18831.678391,7788,7049,0,sshd,ip-10-100-1-26,4,stat,2,-2,"[{'name': 'pathname', 'type': 'const char*', 'value': '/etc/securetty'}, {'name': 'statbuf', 'type': 'struct stat*', 'value': '0x7FFDE67FD480'}]",0,0
18831.684273,159,1,0,systemd-journal,ip-10-100-1-26,1003,cap_capable,1,0,"[{'name': 'cap', 'type': 'int', 'value': 'CAP_SYS_ADMIN'}]",0,0
18831.684432,159,1,0,systemd-journal,ip-10-100-1-26,257,openat,4,-2,"[{'name': 'dirfd', 'type': 'int', 'value': -100}, {'name': 'pathname', 'type': 'const char*', 'value': '/run/log/journal/eccc5f402a9947bd86ae939010fadc6a/system.journal'}, {'name': 'flags', 'type': 'int', 'value': 'O_RDWR|O_NONBLOCK|O_CLOEXEC'}, {'name': 'mode', 'type': 'int', 'value': 3713515300}]",0,0
18831.684576,7788,7049,0,sshd,ip-10-100-1-26,1005,security_file_open,4,0,"[{'name': 'pathname', 'type': 'const char*', 'value': '/etc/passwd'}, {'name': 'flags', 'type': 'int', 'value': 'O_RDONLY|O_LARGEFILE'}, {'name': 'dev', 'type': 'dev_t', 'value': 211812353}, {'name': 'inode', 'type': 'unsigned long', 'value': 61348}]",0,0
18831.68461,7788,7049,0,sshd,ip-10-100-1-26,257,openat,4,8,"[{'name': 'dirfd', 'type': 'int', 'value': -100}, {'name': 'pathname', 'type': 'const char*', 'value': '/etc/passwd'}, {'name': 'flags', 'type': 'int', 'value': 'O_RDONLY|O_CLOEXEC'}, {'name': 'mode', 'type': 'int', 'value': 87680604}]",0,0
18831.684653,7788,7049,0,sshd,ip-10-100-1-26,5,fstat,2,0,"[{'name': 'fd', 'type': 'int', 'value': 8}, {'name': 'statbuf', 'type': 'struct stat*', 'value': '0x7FFDE67FD3D0'}]",0,0
18831.684686,7788,7049,0,sshd,ip-10-100-1-26,3,close,1,0,"[{'name': 'fd', 'type': 'int', 'value': 8}]",0,0
18831.684715,7788,7049,0,sshd,ip-10-100-1-26,1005,security_file_open,4,0,"[{'name': 'pathname', 'type': 'const char*', 'value': '/etc/shadow'}, {'name': 'flags', 'type': 'int', 'value': 'O_RDONLY|O_LARGEFILE'}, {'name': 'dev', 'type': 'dev_t', 'value': 211812353}, {'name': 'inode', 'type': 'unsigned long', 'value': 61214}]",0,0
18831.684742,7788,7049,0,sshd,ip-10-100-1-26,257,openat,4,8,"[{'name': 'dirfd', 'type': 'int', 'value': -100}, {'name': 'pathname', 'type': 'const char*', 'value': '/etc/shadow'}, {'name': 'flags', 'type': 'int', 'value': 'O_RDONLY|O_CLOEXEC'}, {'name': 'mode', 'type': 'int', 'value': 87680604}]",0,0
18831.684768,7788,7049,0,sshd,ip-10-100-1-26,5,fstat,2,0,"[{'name': 'fd', 'type': 'int', 'value': 8}, {'name': 'statbuf', 'type': 'struct stat*', 'value': '0x7FFDE67FD3D0'}]",0,0
18831.684795,7788,7049,0,sshd,ip-10-100-1-26,3,close,1,0,"[{'name': 'fd', 'type': 'int', 'value': 8}]",0,0
18831.68483,7788,7049,0,sshd,ip-10-100-1-26,21,access,2,-2,"[{'name': 'pathname', 'type': 'const char*', 'value': '/var/run/utmpx'}, {'name': 'mode', 'type': 'int', 'value': 'F_OK'}]",0,0
18831.684855,7788,7049,0,sshd,ip-10-100-1-26,1005,security_file_open,4,0,"[{'name': 'pathname', 'type': 'const char*', 'value': '/run/utmp'}, {'name': 'flags', 'type': 'int', 'value': 'O_RDONLY|O_LARGEFILE'}, {'name': 'dev', 'type': 'dev_t', 'value': 25}, {'name': 'inode', 'type': 'unsigned long', 'value': 354}]",0,0
18831.684881,7788,7049,0,sshd,ip-10-100-1-26,257,openat,4,8,"[{'name': 'dirfd', 'type': 'int', 'value': -100}, {'name': 'pathname', 'type': 'const char*', 'value': '/var/run/utmp'}, {'name': 'flags', 'type': 'int', 'value': 'O_RDONLY|O_CLOEXEC'}, {'name': 'mode', 'type': 'int', 'value': 87680604}]",0,0
18831.684982,7788,7049,0,sshd,ip-10-100-1-26,3,close,1,0,"[{'name': 'fd', 'type': 'int', 'value': 8}]",0,0
18831.685089,159,1,0,systemd-journal,ip-10-100-1-26,1003,cap_capable,1,0,"[{'name': 'cap', 'type': 'int', 'value': 'CAP_SYS_ADMIN'}]",0,0
18831.685292,159,1,0,systemd-journal,ip-10-100-1-26,257,openat,4,-2,"[{'name': 'dirfd', 'type': 'int', 'value': -100}, {'name': 'pathname', 'type': 'const char*', 'value': '/run/log/journal/eccc5f402a9947bd86ae939010fadc6a/system.journal'}, {'name': 'flags', 'type': 'int', 'value': 'O_RDWR|O_NONBLOCK|O_CLOEXEC'}, {'name': 'mode', 'type': 'int', 'value': 3713515300}]",0,0
18831.68581,7788,7049,0,sshd,ip-10-100-1-26,1005,security_file_open,4,0,"[{'name': 'pathname', 'type': 'const char*', 'value': '/etc/passwd'}, {'name': 'flags', 'type': 'int', 'value': 'O_RDONLY|O_LARGEFILE'}, {'name': 'dev', 'type': 'dev_t', 'value': 211812353}, {'name': 'inode', 'type': 'unsigned long', 'value': 61348}]",0,0
18831.685872,7788,7049,0,sshd,ip-10-100-1-26,5,fstat,2,0,"[{'name': 'fd', 'type': 'int', 'value': 8}, {'name': 'statbuf', 'type': 'struct stat*', 'value': '0x7FFDE67FD4C0'}]",0,0
18831.685844,7788,7049,0,sshd,ip-10-100-1-26,257,openat,4,8,"[{'name': 'dirfd', 'type': 'int', 'value': -100}, {'name': 'pathname', 'type': 'const char*', 'value': '/etc/passwd'}, {'name': 'flags', 'type': 'int', 'value': 'O_RDONLY|O_CLOEXEC'}, {'name': 'mode', 'type': 'int', 'value': 87680604}]",0,0
18831.685927,7788,7049,0,sshd,ip-10-100-1-26,3,close,1,0,"[{'name': 'fd', 'type': 'int', 'value': 8}]",0,0
18831.685999,7788,7049,0,sshd,ip-10-100-1-26,1005,security_file_open,4,0,"[{'name': 'pathname', 'type': 'const char*', 'value': '/etc/passwd'}, {'name': 'flags', 'type': 'int', 'value': 'O_RDONLY|O_LARGEFILE'}, {'name': 'dev', 'type': 'dev_t', 'value': 211812353}, {'name': 'inode', 'type': 'unsigned long', 'value': 61348}]",0,0
18831.686026,7788,7049,0,sshd,ip-10-100-1-26,257,openat,4,8,"[{'name': 'dirfd', 'type': 'int', 'value': -100}, {'name': 'pathname', 'type': 'const char*', 'value': '/etc/passwd'}, {'name': 'flags', 'type': 'int', 'value': 'O_RDONLY|O_CLOEXEC'}, {'name': 'mode', 'type': 'int', 'value': 87680604}]",0,0
18831.686052,7788,7049,0,sshd,ip-10-100-1-26,5,fstat,2,0,"[{'name': 'fd', 'type': 'int', 'value': 8}, {'name': 'statbuf', 'type': 'struct stat*', 'value': '0x7FFDE67FD4C0'}]",0,0
18831.68609,7788,7049,0,sshd,ip-10-100-1-26,3,close,1,0,"[{'name': 'fd', 'type': 'int', 'value': 8}]",0,0
18831.686134,7788,7049,0,sshd,ip-10-100-1-26,1005,security_file_open,4,0,"[{'name': 'pathname', 'type': 'const char*', 'value': '/etc/passwd'}, {'name': 'flags', 'type': 'int', 'value': 'O_RDONLY|O_LARGEFILE'}, {'name': 'dev', 'type': 'dev_t', 'value': 211812353}, {'name': 'inode', 'type': 'unsigned long', 'value': 61348}]",0,0
18831.686161,7788,7049,0,sshd,ip-10-100-1-26,257,openat,4,8,"[{'name': 'dirfd', 'type': 'int', 'value': -100}, {'name': 'pathname', 'type': 'const char*', 'value': '/etc/passwd'}, {'name': 'flags', 'type': 'int', 'value': 'O_RDONLY|O_CLOEXEC'}, {'name': 'mode', 'type': 'int', 'value': 87680604}]",0,0
18831.686268,7788,7049,0,sshd,ip-10-100-1-26,5,fstat,2,0,"[{'name': 'fd', 'type': 'int', 'value': 8}, {'name': 'statbuf', 'type': 'struct stat*', 'value': '0x7FFDE67FD4C0'}]",0,0
18831.686301,7788,7049,0,sshd,ip-10-100-1-26,3,close,1,0,"[{'name': 'fd', 'type': 'int', 'value': 8}]",0,0
18831.686355,7788,7049,0,sshd,ip-10-100-1-26,1005,security_file_open,4,0,"[{'name': 'pathname', 'type': 'const char*', 'value': '/etc/passwd'}, {'name': 'flags', 'type': 'int', 'value': 'O_RDONLY|O_LARGEFILE'}, {'name': 'dev', 'type': 'dev_t', 'value': 211812353}, {'name': 'inode', 'type': 'unsigned long', 'value': 61348}]",0,0
18831.686383,7788,7049,0,sshd,ip-10-100-1-26,257,openat,4,8,"[{'name': 'dirfd', 'type': 'int', 'value': -100}, {'name': 'pathname', 'type': 'const char*', 'value': '/etc/passwd'}, {'name': 'flags', 'type': 'int', 'value': 'O_RDONLY|O_CLOEXEC'}, {'name': 'mode', 'type': 'int', 'value': 87680604}]",0,0
18831.68641,7788,7049,0,sshd,ip-10-100-1-26,5,fstat,2,0,"[{'name': 'fd', 'type': 'int', 'value': 8}, {'name': 'statbuf', 'type': 'struct stat*', 'value': '0x7FFDE67FD4C0'}]",0,0
18831.686437,7788,7049,0,sshd,ip-10-100-1-26,3,close,1,0,"[{'name': 'fd', 'type': 'int', 'value': 8}]",0,0
18831.686484,7788,7049,0,sshd,ip-10-100-1-26,41,socket,3,8,"[{'name': 'domain', 'type': 'int', 'value': 'AF_NETLINK'}, {'name': 'type', 'type': 'int', 'value': 'SOCK_RAW'}, {'name': 'protocol', 'type': 'int', 'value': 9}]",0,0
18831.686518,7788,7049,0,sshd,ip-10-100-1-26,41,socket,3,9,"[{'name': 'domain', 'type': 'int', 'value': 'AF_NETLINK'}, {'name': 'type', 'type': 'int', 'value': 'SOCK_RAW|SOCK_CLOEXEC'}, {'name': 'protocol', 'type': 'int', 'value': 0}]",0,0
18831.686542,7788,7049,0,sshd,ip-10-100-1-26,49,bind,3,0,"[{'name': 'sockfd', 'type': 'int', 'value': 9}, {'name': 'addr', 'type': 'const void*', 'value': ""{'sa_family': 'AF_NETLINK'}""}, {'name': 'addrlen', 'type': 'int*', 'value': 12}]",0,0
18831.686577,7788,7049,0,sshd,ip-10-100-1-26,51,getsockname,3,0,"[{'name': 'sockfd', 'type': 'int', 'value': 9}, {'name': 'addr', 'type': 'const void*', 'value': ""{'sa_family': 'AF_NETLINK'}""}, {'name': 'addrlen', 'type': 'int*', 'value': '0x7FFDE67FAC74'}]",0,0
18831.686653,7788,7049,0,sshd,ip-10-100-1-26,3,close,1,0,"[{'name': 'fd', 'type': 'int', 'value': 9}]",0,0
18831.686801,159,1,0,systemd-journal,ip-10-100-1-26,1003,cap_capable,1,0,"[{'name': 'cap', 'type': 'int', 'value': 'CAP_SYS_ADMIN'}]",0,0
18831.686866,159,1,0,systemd-journal,ip-10-100-1-26,257,openat,4,-2,"[{'name': 'dirfd', 'type': 'int', 'value': -100}, {'name': 'pathname', 'type': 'const char*', 'value': '/run/log/journal/eccc5f402a9947bd86ae939010fadc6a/system.journal'}, {'name': 'flags', 'type': 'int', 'value': 'O_RDWR|O_NONBLOCK|O_CLOEXEC'}, {'name': 'mode', 'type': 'int', 'value': 3713515300}]",0,0
18831.687141,7788,7049,0,sshd,ip-10-100-1-26,1003,cap_capable,1,0,"[{'name': 'cap', 'type': 'int', 'value': 'CAP_AUDIT_WRITE'}]",0,0
18831.687191,7788,7049,0,sshd,ip-10-100-1-26,3,close,1,0,"[{'name': 'fd', 'type': 'int', 'value': 8}]",0,0
18831.703077,159,1,0,systemd-journal,ip-10-100-1-26,1003,cap_capable,1,0,"[{'name': 'cap', 'type': 'int', 'value': 'CAP_SYS_ADMIN'}]",0,0
18831.703154,159,1,0,systemd-journal,ip-10-100-1-26,257,openat,4,-2,"[{'name': 'dirfd', 'type': 'int', 'value': -100}, {'name': 'pathname', 'type': 'const char*', 'value': '/run/log/journal/eccc5f402a9947bd86ae939010fadc6a/system.journal'}, {'name': 'flags', 'type': 'int', 'value': 'O_RDWR|O_NONBLOCK|O_CLOEXEC'}, {'name': 'mode', 'type': 'int', 'value': 3713515300}]",0,0
18831.703284,159,1,0,systemd-journal,ip-10-100-1-26,1003,cap_capable,1,0,"[{'name': 'cap', 'type': 'int', 'value': 'CAP_SYS_ADMIN'}]",0,0
18831.703343,159,1,0,systemd-journal,ip-10-100-1-26,257,openat,4,-2,"[{'name': 'dirfd', 'type': 'int', 'value': -100}, {'name': 'pathname', 'type': 'const char*', 'value': '/run/log/journal/eccc5f402a9947bd86ae939010fadc6a/system.journal'}, {'name': 'flags', 'type': 'int', 'value': 'O_RDWR|O_NONBLOCK|O_CLOEXEC'}, {'name': 'mode', 'type': 'int', 'value': 3713515300}]",0,0
18831.703491,159,1,0,systemd-journal,ip-10-100-1-26,1003,cap_capable,1,0,"[{'name': 'cap', 'type': 'int', 'value': 'CAP_SYS_ADMIN'}]",0,0
18831.703557,159,1,0,systemd-journal,ip-10-100-1-26,257,openat,4,-2,"[{'name': 'dirfd', 'type': 'int', 'value': -100}, {'name': 'pathname', 'type': 'const char*', 'value': '/run/log/journal/eccc5f402a9947bd86ae939010fadc6a/system.journal'}, {'name': 'flags', 'type': 'int', 'value': 'O_RDWR|O_NONBLOCK|O_CLOEXEC'}, {'name': 'mode', 'type': 'int', 'value': 3713515300}]",0,0
18832.133199,7787,7049,0,sshd,ip-10-100-1-26,1005,security_file_open,4,0,"[{'name': 'pathname', 'type': 'const char*', 'value': '/etc/passwd'}, {'name': 'flags', 'type': 'int', 'value': 'O_RDONLY|O_LARGEFILE'}, {'name': 'dev', 'type': 'dev_t', 'value': 211812353}, {'name': 'inode', 'type': 'unsigned long', 'value': 61348}]",0,0
18832.133241,7787,7049,0,sshd,ip-10-100-1-26,257,openat,4,5,"[{'name': 'dirfd', 'type': 'int', 'value': -100}, {'name': 'pathname', 'type': 'const char*', 'value': '/etc/passwd'}, {'name': 'flags', 'type': 'int', 'value': 'O_RDONLY|O_CLOEXEC'}, {'name': 'mode', 'type': 'int', 'value': 1485141596}]",0,0
18832.133273,7787,7049,0,sshd,ip-10-100-1-26,5,fstat,2,0,"[{'name': 'fd', 'type': 'int', 'value': 5}, {'name': 'statbuf', 'type': 'struct stat*', 'value': '0x7FFF75256670'}]",0,0
18832.133314,7787,7049,0,sshd,ip-10-100-1-26,3,close,1,0,"[{'name': 'fd', 'type': 'int', 'value': 5}]",0,0
18832.133344,7787,7049,0,sshd,ip-10-100-1-26,4,stat,2,0,"[{'name': 'pathname', 'type': 'const char*', 'value': '/bin/bash'}, {'name': 'statbuf', 'type': 'struct stat*', 'value': '0x7FFF75256890'}]",0,0
18832.133999,7787,7049,0,sshd,ip-10-100-1-26,4,stat,2,0,"[{'name': 'pathname', 'type': 'const char*', 'value': '/etc/pam.d'}, {'name': 'statbuf', 'type': 'struct stat*', 'value': '0x7FFF75256840'}]",0,0
18832.134032,7787,7049,0,sshd,ip-10-100-1-26,1005,security_file_open,4,0,"[{'name': 'pathname', 'type': 'const char*', 'value': '/etc/pam.d/sshd'}, {'name': 'flags', 'type': 'int', 'value': 'O_RDONLY|O_LARGEFILE'}, {'name': 'dev', 'type': 'dev_t', 'value': 211812353}, {'name': 'inode', 'type': 'unsigned long', 'value': 579}]",0,0
18832.134059,7787,7049,0,sshd,ip-10-100-1-26,257,openat,4,5,"[{'name': 'dirfd', 'type': 'int', 'value': -100}, {'name': 'pathname', 'type': 'const char*', 'value': '/etc/pam.d/sshd'}, {'name': 'flags', 'type': 'int', 'value': 'O_RDONLY'}, {'name': 'mode', 'type': 'int', 'value': 1485119147}]",0,0
18832.134082,7787,7049,0,sshd,ip-10-100-1-26,5,fstat,2,0,"[{'name': 'fd', 'type': 'int', 'value': 5}, {'name': 'statbuf', 'type': 'struct stat*', 'value': '0x7FFF75256090'}]",0,0
18832.134116,7787,7049,0,sshd,ip-10-100-1-26,4,stat,2,0,"[{'name': 'pathname', 'type': 'const char*', 'value': '/etc/pam.d'}, {'name': 'statbuf', 'type': 'struct stat*', 'value': '0x7FFF75256350'}]",0,0
18832.134141,7787,7049,0,sshd,ip-10-100-1-26,1005,security_file_open,4,0,"[{'name': 'pathname', 'type': 'const char*', 'value': '/etc/pam.d/common-auth'}, {'name': 'flags', 'type': 'int', 'value': 'O_RDONLY|O_LARGEFILE'}, {'name': 'dev', 'type': 'dev_t', 'value': 211812353}, {'name': 'inode', 'type': 'unsigned long', 'value': 256147}]",0,0
18832.134166,7787,7049,0,sshd,ip-10-100-1-26,257,openat,4,8,"[{'name': 'dirfd', 'type': 'int', 'value': -100}, {'name': 'pathname', 'type': 'const char*', 'value': '/etc/pam.d/common-auth'}, {'name': 'flags', 'type': 'int', 'value': 'O_RDONLY'}, {'name': 'mode', 'type': 'int', 'value': 1485119147}]",0,0
18832.134187,7787,7049,0,sshd,ip-10-100-1-26,5,fstat,2,0,"[{'name': 'fd', 'type': 'int', 'value': 8}, {'name': 'statbuf', 'type': 'struct stat*', 'value': '0x7FFF75255A80'}]",0,0
18832.134255,7787,7049,0,sshd,ip-10-100-1-26,1005,security_file_open,4,0,"[{'name': 'pathname', 'type': 'const char*', 'value': '/usr/lib/x86_64-linux-gnu/security/pam_unix.so'}, {'name': 'flags', 'type': 'int', 'value': 'O_RDONLY|O_LARGEFILE'}, {'name': 'dev', 'type': 'dev_t', 'value': 211812353}, {'name': 'inode', 'type': 'unsigned long', 'value': 3757}]",0,0
18832.134284,7787,7049,0,sshd,ip-10-100-1-26,257,openat,4,9,"[{'name': 'dirfd', 'type': 'int', 'value': -100}, {'name': 'pathname', 'type': 'const char*', 'value': '/lib/x86_64-linux-gnu/security/pam_unix.so'}, {'name': 'flags', 'type': 'int', 'value': 'O_RDONLY|O_CLOEXEC'}, {'name': 'mode', 'type': 'int', 'value': 1492016984}]",0,0
18832.134316,7787,7049,0,sshd,ip-10-100-1-26,5,fstat,2,0,"[{'name': 'fd', 'type': 'int', 'value': 9}, {'name': 'statbuf', 'type': 'struct stat*', 'value': '0x7FFF75255280'}]",0,0
18832.134416,7787,7049,0,sshd,ip-10-100-1-26,3,close,1,0,"[{'name': 'fd', 'type': 'int', 'value': 9}]",0,0
18832.134576,7787,7049,0,sshd,ip-10-100-1-26,1005,security_file_open,4,0,"[{'name': 'pathname', 'type': 'const char*', 'value': '/usr/lib/x86_64-linux-gnu/security/pam_succeed_if.so'}, {'name': 'flags', 'type': 'int', 'value': 'O_RDONLY|O_LARGEFILE'}, {'name': 'dev', 'type': 'dev_t', 'value': 211812353}, {'name': 'inode', 'type': 'unsigned long', 'value': 3750}]",0,0
18832.13462,7787,7049,0,sshd,ip-10-100-1-26,257,openat,4,9,"[{'name': 'dirfd', 'type': 'int', 'value': -100}, {'name': 'pathname', 'type': 'const char*', 'value': '/lib/x86_64-linux-gnu/security/pam_succeed_if.so'}, {'name': 'flags', 'type': 'int', 'value': 'O_RDONLY|O_CLOEXEC'}, {'name': 'mode', 'type': 'int', 'value': 1492016984}]",0,0
18832.134659,7787,7049,0,sshd,ip-10-100-1-26,5,fstat,2,0,"[{'name': 'fd', 'type': 'int', 'value': 9}, {'name': 'statbuf', 'type': 'struct stat*', 'value': '0x7FFF75255280'}]",0,0
18832.134738,7787,7049,0,sshd,ip-10-100-1-26,3,close,1,0,"[{'name': 'fd', 'type': 'int', 'value': 9}]",0,0
18832.134817,7787,7049,0,sshd,ip-10-100-1-26,1005,security_file_open,4,0,"[{'name': 'pathname', 'type': 'const char*', 'value': '/usr/lib/x86_64-linux-gnu/security/pam_deny.so'}, {'name': 'flags', 'type': 'int', 'value': 'O_RDONLY|O_LARGEFILE'}, {'name': 'dev', 'type': 'dev_t', 'value': 211812353}, {'name': 'inode', 'type': 'unsigned long', 'value': 3720}]",0,0
18832.134847,7787,7049,0,sshd,ip-10-100-1-26,257,openat,4,9,"[{'name': 'dirfd', 'type': 'int', 'value': -100}, {'name': 'pathname', 'type': 'const char*', 'value': '/lib/x86_64-linux-gnu/security/pam_deny.so'}, {'name': 'flags', 'type': 'int', 'value': 'O_RDONLY|O_CLOEXEC'}, {'name': 'mode', 'type': 'int', 'value': 1492016984}]",0,0
18832.134874,7787,7049,0,sshd,ip-10-100-1-26,5,fstat,2,0,"[{'name': 'fd', 'type': 'int', 'value': 9}, {'name': 'statbuf', 'type': 'struct stat*', 'value': '0x7FFF75255280'}]",0,0
18832.134953,7787,7049,0,sshd,ip-10-100-1-26,3,close,1,0,"[{'name': 'fd', 'type': 'int', 'value': 9}]",0,0
18832.135004,7787,7049,0,sshd,ip-10-100-1-26,1005,security_file_open,4,0,"[{'name': 'pathname', 'type': 'const char*', 'value': '/usr/lib/x86_64-linux-gnu/security/pam_permit.so'}, {'name': 'flags', 'type': 'int', 'value': 'O_RDONLY|O_LARGEFILE'}, {'name': 'dev', 'type': 'dev_t', 'value': 211812353}, {'name': 'inode', 'type': 'unsigned long', 'value': 3741}]",0,0
18832.135033,7787,7049,0,sshd,ip-10-100-1-26,257,openat,4,9,"[{'name': 'dirfd', 'type': 'int', 'value': -100}, {'name': 'pathname', 'type': 'const char*', 'value': '/lib/x86_64-linux-gnu/security/pam_permit.so'}, {'name': 'flags', 'type': 'int', 'value': 'O_RDONLY|O_CLOEXEC'}, {'name': 'mode', 'type': 'int', 'value': 1492016984}]",0,0
18832.13506,7787,7049,0,sshd,ip-10-100-1-26,5,fstat,2,0,"[{'name': 'fd', 'type': 'int', 'value': 9}, {'name': 'statbuf', 'type': 'struct stat*', 'value': '0x7FFF75255280'}]",0,0
18832.135136,7787,7049,0,sshd,ip-10-100-1-26,3,close,1,0,"[{'name': 'fd', 'type': 'int', 'value': 9}]",0,0
18832.135197,7787,7049,0,sshd,ip-10-100-1-26,3,close,1,0,"[{'name': 'fd', 'type': 'int', 'value': 8}]",0,0
18832.135235,7787,7049,0,sshd,ip-10-100-1-26,1005,security_file_open,4,0,"[{'name': 'pathname', 'type': 'const char*', 'value': '/usr/lib/x86_64-linux-gnu/security/pam_nologin.so'}, {'name': 'flags', 'type': 'int', 'value': 'O_RDONLY|O_LARGEFILE'}, {'name': 'dev', 'type': 'dev_t', 'value': 211812353}, {'name': 'inode', 'type': 'unsigned long', 'value': 3740}]",0,0
18832.135264,7787,7049,0,sshd,ip-10-100-1-26,257,openat,4,8,"[{'name': 'dirfd', 'type': 'int', 'value': -100}, {'name': 'pathname', 'type': 'const char*', 'value': '/lib/x86_64-linux-gnu/security/pam_nologin.so'}, {'name': 'flags', 'type': 'int', 'value': 'O_RDONLY|O_CLOEXEC'}, {'name': 'mode', 'type': 'int', 'value': 1492016984}]",0,0
18832.135291,7787,7049,0,sshd,ip-10-100-1-26,5,fstat,2,0,"[{'name': 'fd', 'type': 'int', 'value': 8}, {'name': 'statbuf', 'type': 'struct stat*', 'value': '0x7FFF75255890'}]",0,0
18832.135366,7787,7049,0,sshd,ip-10-100-1-26,3,close,1,0,"[{'name': 'fd', 'type': 'int', 'value': 8}]",0,0
18832.135426,7787,7049,0,sshd,ip-10-100-1-26,4,stat,2,0,"[{'name': 'pathname', 'type': 'const char*', 'value': '/etc/pam.d'}, {'name': 'statbuf', 'type': 'struct stat*', 'value': '0x7FFF75256350'}]",0,0
18832.135453,7787,7049,0,sshd,ip-10-100-1-26,1005,security_file_open,4,0,"[{'name': 'pathname', 'type': 'const char*', 'value': '/etc/pam.d/common-account'}, {'name': 'flags', 'type': 'int', 'value': 'O_RDONLY|O_LARGEFILE'}, {'name': 'dev', 'type': 'dev_t', 'value': 211812353}, {'name': 'inode', 'type': 'unsigned long', 'value': 560}]",0,0
18832.135479,7787,7049,0,sshd,ip-10-100-1-26,257,openat,4,8,"[{'name': 'dirfd', 'type': 'int', 'value': -100}, {'name': 'pathname', 'type': 'const char*', 'value': '/etc/pam.d/common-account'}, {'name': 'flags', 'type': 'int', 'value': 'O_RDONLY'}, {'name': 'mode', 'type': 'int', 'value': 1485119147}]",0,0
18832.1355,7787,7049,0,sshd,ip-10-100-1-26,5,fstat,2,0,"[{'name': 'fd', 'type': 'int', 'value': 8}, {'name': 'statbuf', 'type': 'struct stat*', 'value': '0x7FFF75255A80'}]",0,0
18832.135553,7787,7049,0,sshd,ip-10-100-1-26,3,close,1,0,"[{'name': 'fd', 'type': 'int', 'value': 8}]",0,0
18832.135584,7787,7049,0,sshd,ip-10-100-1-26,1005,security_file_open,4,0,"[{'name': 'pathname', 'type': 'const char*', 'value': '/usr/lib/x86_64-linux-gnu/security/pam_selinux.so'}, {'name': 'flags', 'type': 'int', 'value': 'O_RDONLY|O_LARGEFILE'}, {'name': 'dev', 'type': 'dev_t', 'value': 211812353}, {'name': 'inode', 'type': 'unsigned long', 'value': 3746}]",0,0
18832.135622,7787,7049,0,sshd,ip-10-100-1-26,257,openat,4,8,"[{'name': 'dirfd', 'type': 'int', 'value': -100}, {'name': 'pathname', 'type': 'const char*', 'value': '/lib/x86_64-linux-gnu/security/pam_selinux.so'}, {'name': 'flags', 'type': 'int', 'value': 'O_RDONLY|O_CLOEXEC'}, {'name': 'mode', 'type': 'int', 'value': 1492016984}]",0,0
18832.135649,7787,7049,0,sshd,ip-10-100-1-26,5,fstat,2,0,"[{'name': 'fd', 'type': 'int', 'value': 8}, {'name': 'statbuf', 'type': 'struct stat*', 'value': '0x7FFF75255890'}]",0,0
18832.135725,7787,7049,0,sshd,ip-10-100-1-26,3,close,1,0,"[{'name': 'fd', 'type': 'int', 'value': 8}]",0,0
18832.135808,7787,7049,0,sshd,ip-10-100-1-26,1005,security_file_open,4,0,"[{'name': 'pathname', 'type': 'const char*', 'value': '/usr/lib/x86_64-linux-gnu/security/pam_loginuid.so'}, {'name': 'flags', 'type': 'int', 'value': 'O_RDONLY|O_LARGEFILE'}, {'name': 'dev', 'type': 'dev_t', 'value': 211812353}, {'name': 'inode', 'type': 'unsigned long', 'value': 3735}]",0,0
18832.135838,7787,7049,0,sshd,ip-10-100-1-26,257,openat,4,8,"[{'name': 'dirfd', 'type': 'int', 'value': -100}, {'name': 'pathname', 'type': 'const char*', 'value': '/lib/x86_64-linux-gnu/security/pam_loginuid.so'}, {'name': 'flags', 'type': 'int', 'value': 'O_RDONLY|O_CLOEXEC'}, {'name': 'mode', 'type': 'int', 'value': 1492016984}]",0,0
18832.135865,7787,7049,0,sshd,ip-10-100-1-26,5,fstat,2,0,"[{'name': 'fd', 'type': 'int', 'value': 8}, {'name': 'statbuf', 'type': 'struct stat*', 'value': '0x7FFF75255890'}]",0,0
18832.135941,7787,7049,0,sshd,ip-10-100-1-26,3,close,1,0,"[{'name': 'fd', 'type': 'int', 'value': 8}]",0,0
18832.136008,7787,7049,0,sshd,ip-10-100-1-26,1005,security_file_open,4,0,"[{'name': 'pathname', 'type': 'const char*', 'value': '/usr/lib/x86_64-linux-gnu/security/pam_keyinit.so'}, {'name': 'flags', 'type': 'int', 'value': 'O_RDONLY|O_LARGEFILE'}, {'name': 'dev', 'type': 'dev_t', 'value': 211812353}, {'name': 'inode', 'type': 'unsigned long', 'value': 3730}]",0,0
18832.136038,7787,7049,0,sshd,ip-10-100-1-26,257,openat,4,8,"[{'name': 'dirfd', 'type': 'int', 'value': -100}, {'name': 'pathname', 'type': 'const char*', 'value': '/lib/x86_64-linux-gnu/security/pam_keyinit.so'}, {'name': 'flags', 'type': 'int', 'value': 'O_RDONLY|O_CLOEXEC'}, {'name': 'mode', 'type': 'int', 'value': 1492016984}]",0,0
18832.136065,7787,7049,0,sshd,ip-10-100-1-26,5,fstat,2,0,"[{'name': 'fd', 'type': 'int', 'value': 8}, {'name': 'statbuf', 'type': 'struct stat*', 'value': '0x7FFF75255890'}]",0,0
18832.13614,7787,7049,0,sshd,ip-10-100-1-26,3,close,1,0,"[{'name': 'fd', 'type': 'int', 'value': 8}]",0,0
18832.1362,7787,7049,0,sshd,ip-10-100-1-26,4,stat,2,0,"[{'name': 'pathname', 'type': 'const char*', 'value': '/etc/pam.d'}, {'name': 'statbuf', 'type': 'struct stat*', 'value': '0x7FFF75256350'}]",0,0
18832.136227,7787,7049,0,sshd,ip-10-100-1-26,1005,security_file_open,4,0,"[{'name': 'pathname', 'type': 'const char*', 'value': '/etc/pam.d/common-session'}, {'name': 'flags', 'type': 'int', 'value': 'O_RDONLY|O_LARGEFILE'}, {'name': 'dev', 'type': 'dev_t', 'value': 211812353}, {'name': 'inode', 'type': 'unsigned long', 'value': 562}]",0,0
18832.136253,7787,7049,0,sshd,ip-10-100-1-26,257,openat,4,8,"[{'name': 'dirfd', 'type': 'int', 'value': -100}, {'name': 'pathname', 'type': 'const char*', 'value': '/etc/pam.d/common-session'}, {'name': 'flags', 'type': 'int', 'value': 'O_RDONLY'}, {'name': 'mode', 'type': 'int', 'value': 1485119147}]",0,0
18832.136274,7787,7049,0,sshd,ip-10-100-1-26,5,fstat,2,0,"[{'name': 'fd', 'type': 'int', 'value': 8}, {'name': 'statbuf', 'type': 'struct stat*', 'value': '0x7FFF75255A80'}]",0,0
18832.136333,7787,7049,0,sshd,ip-10-100-1-26,1005,security_file_open,4,0,"[{'name': 'pathname', 'type': 'const char*', 'value': '/usr/lib/x86_64-linux-gnu/security/pam_umask.so'}, {'name': 'flags', 'type': 'int', 'value': 'O_RDONLY|O_LARGEFILE'}, {'name': 'dev', 'type': 'dev_t', 'value': 211812353}, {'name': 'inode', 'type': 'unsigned long', 'value': 3756}]",0,0
18832.136469,7787,7049,0,sshd,ip-10-100-1-26,257,openat,4,9,"[{'name': 'dirfd', 'type': 'int', 'value': -100}, {'name': 'pathname', 'type': 'const char*', 'value': '/lib/x86_64-linux-gnu/security/pam_umask.so'}, {'name': 'flags', 'type': 'int', 'value': 'O_RDONLY|O_CLOEXEC'}, {'name': 'mode', 'type': 'int', 'value': 1492016984}]",0,0
18832.136502,7787,7049,0,sshd,ip-10-100-1-26,5,fstat,2,0,"[{'name': 'fd', 'type': 'int', 'value': 9}, {'name': 'statbuf', 'type': 'struct stat*', 'value': '0x7FFF75255280'}]",0,0
18832.136588,7787,7049,0,sshd,ip-10-100-1-26,3,close,1,0,"[{'name': 'fd', 'type': 'int', 'value': 9}]",0,0
18832.136682,7787,7049,0,sshd,ip-10-100-1-26,1005,security_file_open,4,0,"[{'name': 'pathname', 'type': 'const char*', 'value': '/usr/lib/x86_64-linux-gnu/security/pam_systemd.so'}, {'name': 'flags', 'type': 'int', 'value': 'O_RDONLY|O_LARGEFILE'}, {'name': 'dev', 'type': 'dev_t', 'value': 211812353}, {'name': 'inode', 'type': 'unsigned long', 'value': 3717}]",0,0
18832.136713,7787,7049,0,sshd,ip-10-100-1-26,257,openat,4,9,"[{'name': 'dirfd', 'type': 'int', 'value': -100}, {'name': 'pathname', 'type': 'const char*', 'value': '/lib/x86_64-linux-gnu/security/pam_systemd.so'}, {'name': 'flags', 'type': 'int', 'value': 'O_RDONLY|O_CLOEXEC'}, {'name': 'mode', 'type': 'int', 'value': 1492016984}]",0,0
18832.136741,7787,7049,0,sshd,ip-10-100-1-26,5,fstat,2,0,"[{'name': 'fd', 'type': 'int', 'value': 9}, {'name': 'statbuf', 'type': 'struct stat*', 'value': '0x7FFF75255280'}]",0,0
18832.136833,7787,7049,0,sshd,ip-10-100-1-26,3,close,1,0,"[{'name': 'fd', 'type': 'int', 'value': 9}]",0,0
18832.136867,7787,7049,0,sshd,ip-10-100-1-26,1005,security_file_open,4,0,"[{'name': 'pathname', 'type': 'const char*', 'value': '/etc/ld.so.cache'}, {'name': 'flags', 'type': 'int', 'value': 'O_RDONLY|O_LARGEFILE'}, {'name': 'dev', 'type': 'dev_t', 'value': 211812353}, {'name': 'inode', 'type': 'unsigned long', 'value': 62957}]",0,0
18832.136895,7787,7049,0,sshd,ip-10-100-1-26,257,openat,4,9,"[{'name': 'dirfd', 'type': 'int', 'value': -100}, {'name': 'pathname', 'type': 'const char*', 'value': '/etc/ld.so.cache'}, {'name': 'flags', 'type': 'int', 'value': 'O_RDONLY|O_CLOEXEC'}, {'name': 'mode', 'type': 'int', 'value': 1492016984}]",0,0
18832.13692,7787,7049,0,sshd,ip-10-100-1-26,5,fstat,2,0,"[{'name': 'fd', 'type': 'int', 'value': 9}, {'name': 'statbuf', 'type': 'struct stat*', 'value': '0x7FFF75254B90'}]",0,0
18832.136951,7787,7049,0,sshd,ip-10-100-1-26,3,close,1,0,"[{'name': 'fd', 'type': 'int', 'value': 9}]",0,0
18832.13698,7787,7049,0,sshd,ip-10-100-1-26,1005,security_file_open,4,0,"[{'name': 'pathname', 'type': 'const char*', 'value': '/usr/lib/x86_64-linux-gnu/libpam_misc.so.0.82.1'}, {'name': 'flags', 'type': 'int', 'value': 'O_RDONLY|O_LARGEFILE'}, {'name': 'dev', 'type': 'dev_t', 'value': 211812353}, {'name': 'inode', 'type': 'unsigned long', 'value': 4483}]",0,0
18832.137007,7787,7049,0,sshd,ip-10-100-1-26,257,openat,4,9,"[{'name': 'dirfd', 'type': 'int', 'value': -100}, {'name': 'pathname', 'type': 'const char*', 'value': '/lib/x86_64-linux-gnu/libpam_misc.so.0'}, {'name': 'flags', 'type': 'int', 'value': 'O_RDONLY|O_CLOEXEC'}, {'name': 'mode', 'type': 'int', 'value': 1492016984}]",0,0
18832.137034,7787,7049,0,sshd,ip-10-100-1-26,5,fstat,2,0,"[{'name': 'fd', 'type': 'int', 'value': 9}, {'name': 'statbuf', 'type': 'struct stat*', 'value': '0x7FFF75254BE0'}]",0,0
18832.137109,7787,7049,0,sshd,ip-10-100-1-26,3,close,1,0,"[{'name': 'fd', 'type': 'int', 'value': 9}]",0,0
18832.137309,7787,7049,0,sshd,ip-10-100-1-26,3,close,1,0,"[{'name': 'fd', 'type': 'int', 'value': 8}]",0,0
18832.137345,7787,7049,0,sshd,ip-10-100-1-26,1005,security_file_open,4,0,"[{'name': 'pathname', 'type': 'const char*', 'value': '/usr/lib/x86_64-linux-gnu/security/pam_motd.so'}, {'name': 'flags', 'type': 'int', 'value': 'O_RDONLY|O_LARGEFILE'}, {'name': 'dev', 'type': 'dev_t', 'value': 211812353}, {'name': 'inode', 'type': 'unsigned long', 'value': 3738}]",0,0
18832.137374,7787,7049,0,sshd,ip-10-100-1-26,257,openat,4,8,"[{'name': 'dirfd', 'type': 'int', 'value': -100}, {'name': 'pathname', 'type': 'const char*', 'value': '/lib/x86_64-linux-gnu/security/pam_motd.so'}, {'name': 'flags', 'type': 'int', 'value': 'O_RDONLY|O_CLOEXEC'}, {'name': 'mode', 'type': 'int', 'value': 1492016984}]",0,0
18832.137401,7787,7049,0,sshd,ip-10-100-1-26,5,fstat,2,0,"[{'name': 'fd', 'type': 'int', 'value': 8}, {'name': 'statbuf', 'type': 'struct stat*', 'value': '0x7FFF75255890'}]",0,0
18832.137478,7787,7049,0,sshd,ip-10-100-1-26,3,close,1,0,"[{'name': 'fd', 'type': 'int', 'value': 8}]",0,0
18832.137551,7787,7049,0,sshd,ip-10-100-1-26,1005,security_file_open,4,0,"[{'name': 'pathname', 'type': 'const char*', 'value': '/usr/lib/x86_64-linux-gnu/security/pam_mail.so'}, {'name': 'flags', 'type': 'int', 'value': 'O_RDONLY|O_LARGEFILE'}, {'name': 'dev', 'type': 'dev_t', 'value': 211812353}, {'name': 'inode', 'type': 'unsigned long', 'value': 3736}]",0,0
18832.13758,7787,7049,0,sshd,ip-10-100-1-26,257,openat,4,8,"[{'name': 'dirfd', 'type': 'int', 'value': -100}, {'name': 'pathname', 'type': 'const char*', 'value': '/lib/x86_64-linux-gnu/security/pam_mail.so'}, {'name': 'flags', 'type': 'int', 'value': 'O_RDONLY|O_CLOEXEC'}, {'name': 'mode', 'type': 'int', 'value': 1492016984}]",0,0
18832.137608,7787,7049,0,sshd,ip-10-100-1-26,5,fstat,2,0,"[{'name': 'fd', 'type': 'int', 'value': 8}, {'name': 'statbuf', 'type': 'struct stat*', 'value': '0x7FFF75255890'}]",0,0
18832.137684,7787,7049,0,sshd,ip-10-100-1-26,3,close,1,0,"[{'name': 'fd', 'type': 'int', 'value': 8}]",0,0
18832.13775,7787,7049,0,sshd,ip-10-100-1-26,1005,security_file_open,4,0,"[{'name': 'pathname', 'type': 'const char*', 'value': '/usr/lib/x86_64-linux-gnu/security/pam_limits.so'}, {'name': 'flags', 'type': 'int', 'value': 'O_RDONLY|O_LARGEFILE'}, {'name': 'dev', 'type': 'dev_t', 'value': 211812353}, {'name': 'inode', 'type': 'unsigned long', 'value': 3732}]",0,0
18832.13778,7787,7049,0,sshd,ip-10-100-1-26,257,openat,4,8,"[{'name': 'dirfd', 'type': 'int', 'value': -100}, {'name': 'pathname', 'type': 'const char*', 'value': '/lib/x86_64-linux-gnu/security/pam_limits.so'}, {'name': 'flags', 'type': 'int', 'value': 'O_RDONLY|O_CLOEXEC'}, {'name': 'mode', 'type': 'int', 'value': 1492016984}]",0,0
18832.137807,7787,7049,0,sshd,ip-10-100-1-26,5,fstat,2,0,"[{'name': 'fd', 'type': 'int', 'value': 8}, {'name': 'statbuf', 'type': 'struct stat*', 'value': '0x7FFF75255890'}]",0,0
18832.137881,7787,7049,0,sshd,ip-10-100-1-26,3,close,1,0,"[{'name': 'fd', 'type': 'int', 'value': 8}]",0,0
18832.137958,7787,7049,0,sshd,ip-10-100-1-26,1005,security_file_open,4,0,"[{'name': 'pathname', 'type': 'const char*', 'value': '/usr/lib/x86_64-linux-gnu/security/pam_env.so'}, {'name': 'flags', 'type': 'int', 'value': 'O_RDONLY|O_LARGEFILE'}, {'name': 'dev', 'type': 'dev_t', 'value': 211812353}, {'name': 'inode', 'type': 'unsigned long', 'value': 3722}]",0,0
18832.137988,7787,7049,0,sshd,ip-10-100-1-26,257,openat,4,8,"[{'name': 'dirfd', 'type': 'int', 'value': -100}, {'name': 'pathname', 'type': 'const char*', 'value': '/lib/x86_64-linux-gnu/security/pam_env.so'}, {'name': 'flags', 'type': 'int', 'value': 'O_RDONLY|O_CLOEXEC'}, {'name': 'mode', 'type': 'int', 'value': 1492016984}]",0,0
18832.138015,7787,7049,0,sshd,ip-10-100-1-26,5,fstat,2,0,"[{'name': 'fd', 'type': 'int', 'value': 8}, {'name': 'statbuf', 'type': 'struct stat*', 'value': '0x7FFF75255890'}]",0,0
18832.138095,7787,7049,0,sshd,ip-10-100-1-26,3,close,1,0,"[{'name': 'fd', 'type': 'int', 'value': 8}]",0,0
18832.138166,7787,7049,0,sshd,ip-10-100-1-26,4,stat,2,0,"[{'name': 'pathname', 'type': 'const char*', 'value': '/etc/pam.d'}, {'name': 'statbuf', 'type': 'struct stat*', 'value': '0x7FFF75256350'}]",0,0
18832.138193,7787,7049,0,sshd,ip-10-100-1-26,1005,security_file_open,4,0,"[{'name': 'pathname', 'type': 'const char*', 'value': '/etc/pam.d/common-password'}, {'name': 'flags', 'type': 'int', 'value': 'O_RDONLY|O_LARGEFILE'}, {'name': 'dev', 'type': 'dev_t', 'value': 211812353}, {'name': 'inode', 'type': 'unsigned long', 'value': 561}]",0,0
18832.138219,7787,7049,0,sshd,ip-10-100-1-26,257,openat,4,8,"[{'name': 'dirfd', 'type': 'int', 'value': -100}, {'name': 'pathname', 'type': 'const char*', 'value': '/etc/pam.d/common-password'}, {'name': 'flags', 'type': 'int', 'value': 'O_RDONLY'}, {'name': 'mode', 'type': 'int', 'value': 1485119147}]",0,0
18832.13824,7787,7049,0,sshd,ip-10-100-1-26,5,fstat,2,0,"[{'name': 'fd', 'type': 'int', 'value': 8}, {'name': 'statbuf', 'type': 'struct stat*', 'value': '0x7FFF75255A80'}]",0,0
18832.138284,7787,7049,0,sshd,ip-10-100-1-26,3,close,1,0,"[{'name': 'fd', 'type': 'int', 'value': 8}]",0,0
18832.138312,7787,7049,0,sshd,ip-10-100-1-26,3,close,1,0,"[{'name': 'fd', 'type': 'int', 'value': 5}]",0,0
18832.138335,7787,7049,0,sshd,ip-10-100-1-26,1005,security_file_open,4,0,"[{'name': 'pathname', 'type': 'const char*', 'value': '/etc/pam.d/other'}, {'name': 'flags', 'type': 'int', 'value': 'O_RDONLY|O_LARGEFILE'}, {'name': 'dev', 'type': 'dev_t', 'value': 211812353}, {'name': 'inode', 'type': 'unsigned long', 'value': 563}]",0,0
18832.13836,7787,7049,0,sshd,ip-10-100-1-26,257,openat,4,5,"[{'name': 'dirfd', 'type': 'int', 'value': -100}, {'name': 'pathname', 'type': 'const char*', 'value': '/etc/pam.d/other'}, {'name': 'flags', 'type': 'int', 'value': 'O_RDONLY'}, {'name': 'mode', 'type': 'int', 'value': 1485119147}]",0,0
18832.138394,7787,7049,0,sshd,ip-10-100-1-26,5,fstat,2,0,"[{'name': 'fd', 'type': 'int', 'value': 5}, {'name': 'statbuf', 'type': 'struct stat*', 'value': '0x7FFF75256090'}]",0,0
18832.138422,7787,7049,0,sshd,ip-10-100-1-26,4,stat,2,0,"[{'name': 'pathname', 'type': 'const char*', 'value': '/etc/pam.d'}, {'name': 'statbuf', 'type': 'struct stat*', 'value': '0x7FFF75256350'}]",0,0
18832.138445,7787,7049,0,sshd,ip-10-100-1-26,1005,security_file_open,4,0,"[{'name': 'pathname', 'type': 'const char*', 'value': '/etc/pam.d/common-auth'}, {'name': 'flags', 'type': 'int', 'value': 'O_RDONLY|O_LARGEFILE'}, {'name': 'dev', 'type': 'dev_t', 'value': 211812353}, {'name': 'inode', 'type': 'unsigned long', 'value': 256147}]",0,0
18832.138468,7787,7049,0,sshd,ip-10-100-1-26,257,openat,4,8,"[{'name': 'dirfd', 'type': 'int', 'value': -100}, {'name': 'pathname', 'type': 'const char*', 'value': '/etc/pam.d/common-auth'}, {'name': 'flags', 'type': 'int', 'value': 'O_RDONLY'}, {'name': 'mode', 'type': 'int', 'value': 1485119147}]",0,0
18832.138488,7787,7049,0,sshd,ip-10-100-1-26,5,fstat,2,0,"[{'name': 'fd', 'type': 'int', 'value': 8}, {'name': 'statbuf', 'type': 'struct stat*', 'value': '0x7FFF75255A80'}]",0,0
18832.138541,7787,7049,0,sshd,ip-10-100-1-26,3,close,1,0,"[{'name': 'fd', 'type': 'int', 'value': 8}]",0,0
18832.138565,7787,7049,0,sshd,ip-10-100-1-26,4,stat,2,0,"[{'name': 'pathname', 'type': 'const char*', 'value': '/etc/pam.d'}, {'name': 'statbuf', 'type': 'struct stat*', 'value': '0x7FFF75256350'}]",0,0
18832.138588,7787,7049,0,sshd,ip-10-100-1-26,1005,security_file_open,4,0,"[{'name': 'pathname', 'type': 'const char*', 'value': '/etc/pam.d/common-account'}, {'name': 'flags', 'type': 'int', 'value': 'O_RDONLY|O_LARGEFILE'}, {'name': 'dev', 'type': 'dev_t', 'value': 211812353}, {'name': 'inode', 'type': 'unsigned long', 'value': 560}]",0,0
18832.138612,7787,7049,0,sshd,ip-10-100-1-26,257,openat,4,8,"[{'name': 'dirfd', 'type': 'int', 'value': -100}, {'name': 'pathname', 'type': 'const char*', 'value': '/etc/pam.d/common-account'}, {'name': 'flags', 'type': 'int', 'value': 'O_RDONLY'}, {'name': 'mode', 'type': 'int', 'value': 1485119147}]",0,0
18832.138646,7787,7049,0,sshd,ip-10-100-1-26,5,fstat,2,0,"[{'name': 'fd', 'type': 'int', 'value': 8}, {'name': 'statbuf', 'type': 'struct stat*', 'value': '0x7FFF75255A80'}]",0,0
18832.138685,7787,7049,0,sshd,ip-10-100-1-26,3,close,1,0,"[{'name': 'fd', 'type': 'int', 'value': 8}]",0,0
18832.138709,7787,7049,0,sshd,ip-10-100-1-26,4,stat,2,0,"[{'name': 'pathname', 'type': 'const char*', 'value': '/etc/pam.d'}, {'name': 'statbuf', 'type': 'struct stat*', 'value': '0x7FFF75256350'}]",0,0
18832.138733,7787,7049,0,sshd,ip-10-100-1-26,1005,security_file_open,4,0,"[{'name': 'pathname', 'type': 'const char*', 'value': '/etc/pam.d/common-password'}, {'name': 'flags', 'type': 'int', 'value': 'O_RDONLY|O_LARGEFILE'}, {'name': 'dev', 'type': 'dev_t', 'value': 211812353}, {'name': 'inode', 'type': 'unsigned long', 'value': 561}]",0,0
18832.138757,7787,7049,0,sshd,ip-10-100-1-26,257,openat,4,8,"[{'name': 'dirfd', 'type': 'int', 'value': -100}, {'name': 'pathname', 'type': 'const char*', 'value': '/etc/pam.d/common-password'}, {'name': 'flags', 'type': 'int', 'value': 'O_RDONLY'}, {'name': 'mode', 'type': 'int', 'value': 1485119147}]",0,0
18832.138778,7787,7049,0,sshd,ip-10-100-1-26,5,fstat,2,0,"[{'name': 'fd', 'type': 'int', 'value': 8}, {'name': 'statbuf', 'type': 'struct stat*', 'value': '0x7FFF75255A80'}]",0,0
18832.138815,7787,7049,0,sshd,ip-10-100-1-26,3,close,1,0,"[{'name': 'fd', 'type': 'int', 'value': 8}]",0,0
18832.138839,7787,7049,0,sshd,ip-10-100-1-26,4,stat,2,0,"[{'name': 'pathname', 'type': 'const char*', 'value': '/etc/pam.d'}, {'name': 'statbuf', 'type': 'struct stat*', 'value': '0x7FFF75256350'}]",0,0
18832.138861,7787,7049,0,sshd,ip-10-100-1-26,1005,security_file_open,4,0,"[{'name': 'pathname', 'type': 'const char*', 'value': '/etc/pam.d/common-session'}, {'name': 'flags', 'type': 'int', 'value': 'O_RDONLY|O_LARGEFILE'}, {'name': 'dev', 'type': 'dev_t', 'value': 211812353}, {'name': 'inode', 'type': 'unsigned long', 'value': 562}]",0,0
18832.138886,7787,7049,0,sshd,ip-10-100-1-26,257,openat,4,8,"[{'name': 'dirfd', 'type': 'int', 'value': -100}, {'name': 'pathname', 'type': 'const char*', 'value': '/etc/pam.d/common-session'}, {'name': 'flags', 'type': 'int', 'value': 'O_RDONLY'}, {'name': 'mode', 'type': 'int', 'value': 1485119147}]",0,0
18832.138906,7787,7049,0,sshd,ip-10-100-1-26,5,fstat,2,0,"[{'name': 'fd', 'type': 'int', 'value': 8}, {'name': 'statbuf', 'type': 'struct stat*', 'value': '0x7FFF75255A80'}]",0,0
18832.138952,7787,7049,0,sshd,ip-10-100-1-26,3,close,1,0,"[{'name': 'fd', 'type': 'int', 'value': 8}]",0,0
18832.138979,7787,7049,0,sshd,ip-10-100-1-26,3,close,1,0,"[{'name': 'fd', 'type': 'int', 'value': 5}]",0,0
18832.139004,7787,7049,0,sshd,ip-10-100-1-26,51,getsockname,3,0,"[{'name': 'sockfd', 'type': 'int', 'value': 4}, {'name': 'addr', 'type': 'const void*', 'value': ""{'sa_family': 'AF_INET','sin_port': '22','sin_addr': '10.100.1.26'}""}, {'name': 'addrlen', 'type': 'int*', 'value': '0x7FFF7525649C'}]",0,0
18832.139371,7787,7049,0,sshd,ip-10-100-1-26,1005,security_file_open,4,0,"[{'name': 'pathname', 'type': 'const char*', 'value': '/etc/login.defs'}, {'name': 'flags', 'type': 'int', 'value': 'O_RDONLY|O_LARGEFILE'}, {'name': 'dev', 'type': 'dev_t', 'value': 211812353}, {'name': 'inode', 'type': 'unsigned long', 'value': 584}]",0,0
18832.139439,7787,7049,0,sshd,ip-10-100-1-26,257,openat,4,5,"[{'name': 'dirfd', 'type': 'int', 'value': -100}, {'name': 'pathname', 'type': 'const char*', 'value': '/etc/login.defs'}, {'name': 'flags', 'type': 'int', 'value': 'O_RDONLY'}, {'name': 'mode', 'type': 'int', 'value': 1485119147}]",0,0
18832.139473,7787,7049,0,sshd,ip-10-100-1-26,5,fstat,2,0,"[{'name': 'fd', 'type': 'int', 'value': 5}, {'name': 'statbuf', 'type': 'struct stat*', 'value': '0x7FFF752565C0'}]",0,0
18832.139541,7787,7049,0,sshd,ip-10-100-1-26,3,close,1,0,"[{'name': 'fd', 'type': 'int', 'value': 5}]",0,0
18832.13959,7787,7049,0,sshd,ip-10-100-1-26,4,stat,2,-2,"[{'name': 'pathname', 'type': 'const char*', 'value': '/etc/securetty'}, {'name': 'statbuf', 'type': 'struct stat*', 'value': '0x7FFF75256500'}]",0,0
18832.139664,7787,7049,0,sshd,ip-10-100-1-26,1005,security_file_open,4,0,"[{'name': 'pathname', 'type': 'const char*', 'value': '/usr/share/zoneinfo/Etc/UTC'}, {'name': 'flags', 'type': 'int', 'value': 'O_RDONLY|O_LARGEFILE'}, {'name': 'dev', 'type': 'dev_t', 'value': 211812353}, {'name': 'inode', 'type': 'unsigned long', 'value': 30889}]",0,0
18832.139707,7787,7049,0,sshd,ip-10-100-1-26,257,openat,4,5,"[{'name': 'dirfd', 'type': 'int', 'value': -100}, {'name': 'pathname', 'type': 'const char*', 'value': '/etc/localtime'}, {'name': 'flags', 'type': 'int', 'value': 'O_RDONLY|O_CLOEXEC'}, {'name': 'mode', 'type': 'int', 'value': 1485141596}]",0,0
18832.139739,7787,7049,0,sshd,ip-10-100-1-26,5,fstat,2,0,"[{'name': 'fd', 'type': 'int', 'value': 5}, {'name': 'statbuf', 'type': 'struct stat*', 'value': '0x7FFF75256090'}]",0,0
18832.139771,7787,7049,0,sshd,ip-10-100-1-26,5,fstat,2,0,"[{'name': 'fd', 'type': 'int', 'value': 5}, {'name': 'statbuf', 'type': 'struct stat*', 'value': '0x7FFF75255EC0'}]",0,0
18832.139842,7787,7049,0,sshd,ip-10-100-1-26,3,close,1,0,"[{'name': 'fd', 'type': 'int', 'value': 5}]",0,0
18832.139899,7787,7049,0,sshd,ip-10-100-1-26,41,socket,3,5,"[{'name': 'domain', 'type': 'int', 'value': 'AF_UNIX'}, {'name': 'type', 'type': 'int', 'value': 'SOCK_DGRAM|SOCK_CLOEXEC'}, {'name': 'protocol', 'type': 'int', 'value': 0}]",0,0
18832.139944,7787,7049,0,sshd,ip-10-100-1-26,42,connect,3,0,"[{'name': 'sockfd', 'type': 'int', 'value': 5}, {'name': 'addr', 'type': 'void*', 'value': ""{'sa_family': 'AF_UNIX','sun_path': '/dev/log'}""}, {'name': 'addrlen', 'type': 'int', 'value': 110}]",0,0
18832.140108,159,1,0,systemd-journal,ip-10-100-1-26,1005,security_file_open,4,0,"[{'name': 'pathname', 'type': 'const char*', 'value': '/proc/7787/comm'}, {'name': 'flags', 'type': 'int', 'value': 'O_RDONLY|O_LARGEFILE'}, {'name': 'dev', 'type': 'dev_t', 'value': 5}, {'name': 'inode', 'type': 'unsigned long', 'value': 128006}]",0,0
18832.14018,159,1,0,systemd-journal,ip-10-100-1-26,257,openat,4,34,"[{'name': 'dirfd', 'type': 'int', 'value': -100}, {'name': 'pathname', 'type': 'const char*', 'value': '/proc/7787/comm'}, {'name': 'flags', 'type': 'int', 'value': 'O_RDONLY|O_CLOEXEC'}, {'name': 'mode', 'type': 'int', 'value': 3713515300}]",0,0
18832.140218,159,1,0,systemd-journal,ip-10-100-1-26,5,fstat,2,0,"[{'name': 'fd', 'type': 'int', 'value': 34}, {'name': 'statbuf', 'type': 'struct stat*', 'value': '0x7FFFC53697A0'}]",0,0
18832.140279,159,1,0,systemd-journal,ip-10-100-1-26,3,close,1,0,"[{'name': 'fd', 'type': 'int', 'value': 34}]",0,0
18832.140359,159,1,0,systemd-journal,ip-10-100-1-26,1003,cap_capable,1,0,"[{'name': 'cap', 'type': 'int', 'value': 'CAP_SYS_PTRACE'}]",0,0
18832.140421,159,1,0,systemd-journal,ip-10-100-1-26,1005,security_file_open,4,0,"[{'name': 'pathname', 'type': 'const char*', 'value': '/proc/7787/cmdline'}, {'name': 'flags', 'type': 'int', 'value': 'O_RDONLY|O_LARGEFILE'}, {'name': 'dev', 'type': 'dev_t', 'value': 5}, {'name': 'inode', 'type': 'unsigned long', 'value': 128008}]",0,0
18832.140463,159,1,0,systemd-journal,ip-10-100-1-26,257,openat,4,34,"[{'name': 'dirfd', 'type': 'int', 'value': -100}, {'name': 'pathname', 'type': 'const char*', 'value': '/proc/7787/cmdline'}, {'name': 'flags', 'type': 'int', 'value': 'O_RDONLY|O_CLOEXEC'}, {'name': 'mode', 'type': 'int', 'value': 3713515300}]",0,0
18832.140505,159,1,0,systemd-journal,ip-10-100-1-26,5,fstat,2,0,"[{'name': 'fd', 'type': 'int', 'value': 34}, {'name': 'statbuf', 'type': 'struct stat*', 'value': '0x7FFFC5369830'}]",0,0
18832.140574,159,1,0,systemd-journal,ip-10-100-1-26,3,close,1,0,"[{'name': 'fd', 'type': 'int', 'value': 34}]",0,0
18832.140628,159,1,0,systemd-journal,ip-10-100-1-26,1005,security_file_open,4,0,"[{'name': 'pathname', 'type': 'const char*', 'value': '/proc/7787/status'}, {'name': 'flags', 'type': 'int', 'value': 'O_RDONLY|O_LARGEFILE'}, {'name': 'dev', 'type': 'dev_t', 'value': 5}, {'name': 'inode', 'type': 'unsigned long', 'value': 128009}]",0,0
18832.140668,159,1,0,systemd-journal,ip-10-100-1-26,257,openat,4,34,"[{'name': 'dirfd', 'type': 'int', 'value': -100}, {'name': 'pathname', 'type': 'const char*', 'value': '/proc/7787/status'}, {'name': 'flags', 'type': 'int', 'value': 'O_RDONLY|O_CLOEXEC'}, {'name': 'mode', 'type': 'int', 'value': 3713515300}]",0,0
18832.140723,159,1,0,systemd-journal,ip-10-100-1-26,5,fstat,2,0,"[{'name': 'fd', 'type': 'int', 'value': 34}, {'name': 'statbuf', 'type': 'struct stat*', 'value': '0x7FFFC53698A0'}]",0,0
18832.140781,159,1,0,systemd-journal,ip-10-100-1-26,3,close,1,0,"[{'name': 'fd', 'type': 'int', 'value': 34}]",0,0
18832.140831,159,1,0,systemd-journal,ip-10-100-1-26,1005,security_file_open,4,0,"[{'name': 'pathname', 'type': 'const char*', 'value': '/proc/7787/attr/current'}, {'name': 'flags', 'type': 'int', 'value': 'O_RDONLY|O_LARGEFILE'}, {'name': 'dev', 'type': 'dev_t', 'value': 5}, {'name': 'inode', 'type': 'unsigned long', 'value': 128011}]",0,0
18832.140894,159,1,0,systemd-journal,ip-10-100-1-26,257,openat,4,34,"[{'name': 'dirfd', 'type': 'int', 'value': -100}, {'name': 'pathname', 'type': 'const char*', 'value': '/proc/7787/attr/current'}, {'name': 'flags', 'type': 'int', 'value': 'O_RDONLY|O_CLOEXEC'}, {'name': 'mode', 'type': 'int', 'value': 3713515300}]",0,0
18832.140939,159,1,0,systemd-journal,ip-10-100-1-26,3,close,1,0,"[{'name': 'fd', 'type': 'int', 'value': 34}]",0,0
18832.140984,159,1,0,systemd-journal,ip-10-100-1-26,1005,security_file_open,4,0,"[{'name': 'pathname', 'type': 'const char*', 'value': '/proc/7787/sessionid'}, {'name': 'flags', 'type': 'int', 'value': 'O_RDONLY|O_LARGEFILE'}, {'name': 'dev', 'type': 'dev_t', 'value': 5}, {'name': 'inode', 'type': 'unsigned long', 'value': 128012}]",0,0
18832.141023,159,1,0,systemd-journal,ip-10-100-1-26,257,openat,4,34,"[{'name': 'dirfd', 'type': 'int', 'value': -100}, {'name': 'pathname', 'type': 'const char*', 'value': '/proc/7787/sessionid'}, {'name': 'flags', 'type': 'int', 'value': 'O_RDONLY|O_CLOEXEC'}, {'name': 'mode', 'type': 'int', 'value': 3713515300}]",0,0
18832.141082,159,1,0,systemd-journal,ip-10-100-1-26,5,fstat,2,0,"[{'name': 'fd', 'type': 'int', 'value': 34}, {'name': 'statbuf', 'type': 'struct stat*', 'value': '0x7FFFC5369790'}]",0,0
18832.14113,159,1,0,systemd-journal,ip-10-100-1-26,3,close,1,0,"[{'name': 'fd', 'type': 'int', 'value': 34}]",0,0
18832.141174,159,1,0,systemd-journal,ip-10-100-1-26,1005,security_file_open,4,0,"[{'name': 'pathname', 'type': 'const char*', 'value': '/proc/7787/loginuid'}, {'name': 'flags', 'type': 'int', 'value': 'O_RDONLY|O_LARGEFILE'}, {'name': 'dev', 'type': 'dev_t', 'value': 5}, {'name': 'inode', 'type': 'unsigned long', 'value': 128013}]",0,0
18832.141213,159,1,0,systemd-journal,ip-10-100-1-26,257,openat,4,34,"[{'name': 'dirfd', 'type': 'int', 'value': -100}, {'name': 'pathname', 'type': 'const char*', 'value': '/proc/7787/loginuid'}, {'name': 'flags', 'type': 'int', 'value': 'O_RDONLY|O_CLOEXEC'}, {'name': 'mode', 'type': 'int', 'value': 3713515300}]",0,0
18832.141267,159,1,0,systemd-journal,ip-10-100-1-26,5,fstat,2,0,"[{'name': 'fd', 'type': 'int', 'value': 34}, {'name': 'statbuf', 'type': 'struct stat*', 'value': '0x7FFFC5369790'}]",0,0
18832.141315,159,1,0,systemd-journal,ip-10-100-1-26,3,close,1,0,"[{'name': 'fd', 'type': 'int', 'value': 34}]",0,0
18832.1414,159,1,0,systemd-journal,ip-10-100-1-26,257,openat,4,34,"[{'name': 'dirfd', 'type': 'int', 'value': -100}, {'name': 'pathname', 'type': 'const char*', 'value': '/proc/7787/cgroup'}, {'name': 'flags', 'type': 'int', 'value': 'O_RDONLY|O_CLOEXEC'}, {'name': 'mode', 'type': 'int', 'value': 3713515300}]",0,0
18832.14136,159,1,0,systemd-journal,ip-10-100-1-26,1005,security_file_open,4,0,"[{'name': 'pathname', 'type': 'const char*', 'value': '/proc/7787/cgroup'}, {'name': 'flags', 'type': 'int', 'value': 'O_RDONLY|O_LARGEFILE'}, {'name': 'dev', 'type': 'dev_t', 'value': 5}, {'name': 'inode', 'type': 'unsigned long', 'value': 128014}]",0,0
18832.141454,159,1,0,systemd-journal,ip-10-100-1-26,5,fstat,2,0,"[{'name': 'fd', 'type': 'int', 'value': 34}, {'name': 'statbuf', 'type': 'struct stat*', 'value': '0x7FFFC5369730'}]",0,0
18832.141622,159,1,0,systemd-journal,ip-10-100-1-26,3,close,1,0,"[{'name': 'fd', 'type': 'int', 'value': 34}]",0,0
18832.141704,159,1,0,systemd-journal,ip-10-100-1-26,257,openat,4,-2,"[{'name': 'dirfd', 'type': 'int', 'value': -100}, {'name': 'pathname', 'type': 'const char*', 'value': '/run/systemd/units/log-extra-fields:ssh.service'}, {'name': 'flags', 'type': 'int', 'value': 'O_RDONLY|O_CLOEXEC'}, {'name': 'mode', 'type': 'int', 'value': 3713515300}]",0,0
18832.141787,159,1,0,systemd-journal,ip-10-100-1-26,1003,cap_capable,1,0,"[{'name': 'cap', 'type': 'int', 'value': 'CAP_SYS_ADMIN'}]",0,0
18832.142293,159,1,0,systemd-journal,ip-10-100-1-26,257,openat,4,-2,"[{'name': 'dirfd', 'type': 'int', 'value': -100}, {'name': 'pathname', 'type': 'const char*', 'value': '/run/log/journal/eccc5f402a9947bd86ae939010fadc6a/system.journal'}, {'name': 'flags', 'type': 'int', 'value': 'O_RDWR|O_NONBLOCK|O_CLOEXEC'}, {'name': 'mode', 'type': 'int', 'value': 3713515300}]",0,0
18832.142504,7787,7049,0,sshd,ip-10-100-1-26,1005,security_file_open,4,0,"[{'name': 'pathname', 'type': 'const char*', 'value': '/etc/passwd'}, {'name': 'flags', 'type': 'int', 'value': 'O_RDONLY|O_LARGEFILE'}, {'name': 'dev', 'type': 'dev_t', 'value': 211812353}, {'name': 'inode', 'type': 'unsigned long', 'value': 61348}]",0,0
18832.142574,7787,7049,0,sshd,ip-10-100-1-26,257,openat,4,8,"[{'name': 'dirfd', 'type': 'int', 'value': -100}, {'name': 'pathname', 'type': 'const char*', 'value': '/etc/passwd'}, {'name': 'flags', 'type': 'int', 'value': 'O_RDONLY|O_CLOEXEC'}, {'name': 'mode', 'type': 'int', 'value': 1485141596}]",0,0
18832.142613,7787,7049,0,sshd,ip-10-100-1-26,5,fstat,2,0,"[{'name': 'fd', 'type': 'int', 'value': 8}, {'name': 'statbuf', 'type': 'struct stat*', 'value': '0x7FFF75256450'}]",0,0
18832.142655,7787,7049,0,sshd,ip-10-100-1-26,3,close,1,0,"[{'name': 'fd', 'type': 'int', 'value': 8}]",0,0
18832.142709,7787,7049,0,sshd,ip-10-100-1-26,1005,security_file_open,4,0,"[{'name': 'pathname', 'type': 'const char*', 'value': '/etc/shadow'}, {'name': 'flags', 'type': 'int', 'value': 'O_RDONLY|O_LARGEFILE'}, {'name': 'dev', 'type': 'dev_t', 'value': 211812353}, {'name': 'inode', 'type': 'unsigned long', 'value': 61214}]",0,0
18832.142772,7787,7049,0,sshd,ip-10-100-1-26,257,openat,4,8,"[{'name': 'dirfd', 'type': 'int', 'value': -100}, {'name': 'pathname', 'type': 'const char*', 'value': '/etc/shadow'}, {'name': 'flags', 'type': 'int', 'value': 'O_RDONLY|O_CLOEXEC'}, {'name': 'mode', 'type': 'int', 'value': 1485141596}]",0,0
18832.142851,7787,7049,0,sshd,ip-10-100-1-26,3,close,1,0,"[{'name': 'fd', 'type': 'int', 'value': 8}]",0,0
18832.14281,7787,7049,0,sshd,ip-10-100-1-26,5,fstat,2,0,"[{'name': 'fd', 'type': 'int', 'value': 8}, {'name': 'statbuf', 'type': 'struct stat*', 'value': '0x7FFF75256450'}]",0,0
18832.142897,7787,7049,0,sshd,ip-10-100-1-26,1005,security_file_open,4,0,"[{'name': 'pathname', 'type': 'const char*', 'value': '/etc/passwd'}, {'name': 'flags', 'type': 'int', 'value': 'O_RDONLY|O_LARGEFILE'}, {'name': 'dev', 'type': 'dev_t', 'value': 211812353}, {'name': 'inode', 'type': 'unsigned long', 'value': 61348}]",0,0
18832.142958,7787,7049,0,sshd,ip-10-100-1-26,257,openat,4,8,"[{'name': 'dirfd', 'type': 'int', 'value': -100}, {'name': 'pathname', 'type': 'const char*', 'value': '/etc/passwd'}, {'name': 'flags', 'type': 'int', 'value': 'O_RDONLY|O_CLOEXEC'}, {'name': 'mode', 'type': 'int', 'value': 1485141596}]",0,0
18832.142995,7787,7049,0,sshd,ip-10-100-1-26,5,fstat,2,0,"[{'name': 'fd', 'type': 'int', 'value': 8}, {'name': 'statbuf', 'type': 'struct stat*', 'value': '0x7FFF75256410'}]",0,0
18832.143036,7787,7049,0,sshd,ip-10-100-1-26,3,close,1,0,"[{'name': 'fd', 'type': 'int', 'value': 8}]",0,0
18832.143075,7787,7049,0,sshd,ip-10-100-1-26,1005,security_file_open,4,0,"[{'name': 'pathname', 'type': 'const char*', 'value': '/etc/shadow'}, {'name': 'flags', 'type': 'int', 'value': 'O_RDONLY|O_LARGEFILE'}, {'name': 'dev', 'type': 'dev_t', 'value': 211812353}, {'name': 'inode', 'type': 'unsigned long', 'value': 61214}]",0,0
18832.143133,7787,7049,0,sshd,ip-10-100-1-26,257,openat,4,8,"[{'name': 'dirfd', 'type': 'int', 'value': -100}, {'name': 'pathname', 'type': 'const char*', 'value': '/etc/shadow'}, {'name': 'flags', 'type': 'int', 'value': 'O_RDONLY|O_CLOEXEC'}, {'name': 'mode', 'type': 'int', 'value': 1485141596}]",0,0
18832.143171,7787,7049,0,sshd,ip-10-100-1-26,5,fstat,2,0,"[{'name': 'fd', 'type': 'int', 'value': 8}, {'name': 'statbuf', 'type': 'struct stat*', 'value': '0x7FFF75256410'}]",0,0
18832.14321,7787,7049,0,sshd,ip-10-100-1-26,3,close,1,0,"[{'name': 'fd', 'type': 'int', 'value': 8}]",0,0
18832.143249,7787,7049,0,sshd,ip-10-100-1-26,4,stat,2,-2,"[{'name': 'pathname', 'type': 'const char*', 'value': '/etc/securetty'}, {'name': 'statbuf', 'type': 'struct stat*', 'value': '0x7FFF75256470'}]",0,0
18832.143387,159,1,0,systemd-journal,ip-10-100-1-26,1003,cap_capable,1,0,"[{'name': 'cap', 'type': 'int', 'value': 'CAP_SYS_ADMIN'}]",0,0
18832.14353,159,1,0,systemd-journal,ip-10-100-1-26,257,openat,4,-2,"[{'name': 'dirfd', 'type': 'int', 'value': -100}, {'name': 'pathname', 'type': 'const char*', 'value': '/run/log/journal/eccc5f402a9947bd86ae939010fadc6a/system.journal'}, {'name': 'flags', 'type': 'int', 'value': 'O_RDWR|O_NONBLOCK|O_CLOEXEC'}, {'name': 'mode', 'type': 'int', 'value': 3713515300}]",0,0
18832.143683,7787,7049,0,sshd,ip-10-100-1-26,1005,security_file_open,4,0,"[{'name': 'pathname', 'type': 'const char*', 'value': '/etc/passwd'}, {'name': 'flags', 'type': 'int', 'value': 'O_RDONLY|O_LARGEFILE'}, {'name': 'dev', 'type': 'dev_t', 'value': 211812353}, {'name': 'inode', 'type': 'unsigned long', 'value': 61348}]",0,0
18832.143729,7787,7049,0,sshd,ip-10-100-1-26,257,openat,4,8,"[{'name': 'dirfd', 'type': 'int', 'value': -100}, {'name': 'pathname', 'type': 'const char*', 'value': '/etc/passwd'}, {'name': 'flags', 'type': 'int', 'value': 'O_RDONLY|O_CLOEXEC'}, {'name': 'mode', 'type': 'int', 'value': 1485141596}]",0,0
18832.143767,7787,7049,0,sshd,ip-10-100-1-26,5,fstat,2,0,"[{'name': 'fd', 'type': 'int', 'value': 8}, {'name': 'statbuf', 'type': 'struct stat*', 'value': '0x7FFF752563C0'}]",0,0
18832.143829,7787,7049,0,sshd,ip-10-100-1-26,3,close,1,0,"[{'name': 'fd', 'type': 'int', 'value': 8}]",0,0
18832.143871,7787,7049,0,sshd,ip-10-100-1-26,1005,security_file_open,4,0,"[{'name': 'pathname', 'type': 'const char*', 'value': '/etc/shadow'}, {'name': 'flags', 'type': 'int', 'value': 'O_RDONLY|O_LARGEFILE'}, {'name': 'dev', 'type': 'dev_t', 'value': 211812353}, {'name': 'inode', 'type': 'unsigned long', 'value': 61214}]",0,0
18832.143911,7787,7049,0,sshd,ip-10-100-1-26,257,openat,4,8,"[{'name': 'dirfd', 'type': 'int', 'value': -100}, {'name': 'pathname', 'type': 'const char*', 'value': '/etc/shadow'}, {'name': 'flags', 'type': 'int', 'value': 'O_RDONLY|O_CLOEXEC'}, {'name': 'mode', 'type': 'int', 'value': 1485141596}]",0,0
18832.143947,7787,7049,0,sshd,ip-10-100-1-26,5,fstat,2,0,"[{'name': 'fd', 'type': 'int', 'value': 8}, {'name': 'statbuf', 'type': 'struct stat*', 'value': '0x7FFF752563C0'}]",0,0
18832.144007,7787,7049,0,sshd,ip-10-100-1-26,3,close,1,0,"[{'name': 'fd', 'type': 'int', 'value': 8}]",0,0
18832.144056,7787,7049,0,sshd,ip-10-100-1-26,21,access,2,-2,"[{'name': 'pathname', 'type': 'const char*', 'value': '/var/run/utmpx'}, {'name': 'mode', 'type': 'int', 'value': 'F_OK'}]",0,0
18832.144095,7787,7049,0,sshd,ip-10-100-1-26,1005,security_file_open,4,0,"[{'name': 'pathname', 'type': 'const char*', 'value': '/run/utmp'}, {'name': 'flags', 'type': 'int', 'value': 'O_RDONLY|O_LARGEFILE'}, {'name': 'dev', 'type': 'dev_t', 'value': 25}, {'name': 'inode', 'type': 'unsigned long', 'value': 354}]",0,0
18832.144132,7787,7049,0,sshd,ip-10-100-1-26,257,openat,4,8,"[{'name': 'dirfd', 'type': 'int', 'value': -100}, {'name': 'pathname', 'type': 'const char*', 'value': '/var/run/utmp'}, {'name': 'flags', 'type': 'int', 'value': 'O_RDONLY|O_CLOEXEC'}, {'name': 'mode', 'type': 'int', 'value': 1485141596}]",0,0
18832.144265,7787,7049,0,sshd,ip-10-100-1-26,3,close,1,0,"[{'name': 'fd', 'type': 'int', 'value': 8}]",0,0
18832.144414,159,1,0,systemd-journal,ip-10-100-1-26,1003,cap_capable,1,0,"[{'name': 'cap', 'type': 'int', 'value': 'CAP_SYS_ADMIN'}]",0,0
18832.144491,159,1,0,systemd-journal,ip-10-100-1-26,257,openat,4,-2,"[{'name': 'dirfd', 'type': 'int', 'value': -100}, {'name': 'pathname', 'type': 'const char*', 'value': '/run/log/journal/eccc5f402a9947bd86ae939010fadc6a/system.journal'}, {'name': 'flags', 'type': 'int', 'value': 'O_RDWR|O_NONBLOCK|O_CLOEXEC'}, {'name': 'mode', 'type': 'int', 'value': 3713515300}]",0,0
18832.144805,7787,7049,0,sshd,ip-10-100-1-26,1005,security_file_open,4,0,"[{'name': 'pathname', 'type': 'const char*', 'value': '/etc/passwd'}, {'name': 'flags', 'type': 'int', 'value': 'O_RDONLY|O_LARGEFILE'}, {'name': 'dev', 'type': 'dev_t', 'value': 211812353}, {'name': 'inode', 'type': 'unsigned long', 'value': 61348}]",0,0
18832.144877,7787,7049,0,sshd,ip-10-100-1-26,257,openat,4,8,"[{'name': 'dirfd', 'type': 'int', 'value': -100}, {'name': 'pathname', 'type': 'const char*', 'value': '/etc/passwd'}, {'name': 'flags', 'type': 'int', 'value': 'O_RDONLY|O_CLOEXEC'}, {'name': 'mode', 'type': 'int', 'value': 1485141596}]",0,0
18832.144916,7787,7049,0,sshd,ip-10-100-1-26,5,fstat,2,0,"[{'name': 'fd', 'type': 'int', 'value': 8}, {'name': 'statbuf', 'type': 'struct stat*', 'value': '0x7FFF752564B0'}]",0,0
18832.144958,7787,7049,0,sshd,ip-10-100-1-26,3,close,1,0,"[{'name': 'fd', 'type': 'int', 'value': 8}]",0,0
18832.145091,159,1,0,systemd-journal,ip-10-100-1-26,1003,cap_capable,1,0,"[{'name': 'cap', 'type': 'int', 'value': 'CAP_SYS_ADMIN'}]",0,0
18832.145168,159,1,0,systemd-journal,ip-10-100-1-26,257,openat,4,-2,"[{'name': 'dirfd', 'type': 'int', 'value': -100}, {'name': 'pathname', 'type': 'const char*', 'value': '/run/log/journal/eccc5f402a9947bd86ae939010fadc6a/system.journal'}, {'name': 'flags', 'type': 'int', 'value': 'O_RDWR|O_NONBLOCK|O_CLOEXEC'}, {'name': 'mode', 'type': 'int', 'value': 3713515300}]",0,0
18832.145462,7787,7049,0,sshd,ip-10-100-1-26,1005,security_file_open,4,0,"[{'name': 'pathname', 'type': 'const char*', 'value': '/etc/passwd'}, {'name': 'flags', 'type': 'int', 'value': 'O_RDONLY|O_LARGEFILE'}, {'name': 'dev', 'type': 'dev_t', 'value': 211812353}, {'name': 'inode', 'type': 'unsigned long', 'value': 61348}]",0,0
18832.145507,7787,7049,0,sshd,ip-10-100-1-26,257,openat,4,8,"[{'name': 'dirfd', 'type': 'int', 'value': -100}, {'name': 'pathname', 'type': 'const char*', 'value': '/etc/passwd'}, {'name': 'flags', 'type': 'int', 'value': 'O_RDONLY|O_CLOEXEC'}, {'name': 'mode', 'type': 'int', 'value': 1485141596}]",0,0
18832.145544,7787,7049,0,sshd,ip-10-100-1-26,5,fstat,2,0,"[{'name': 'fd', 'type': 'int', 'value': 8}, {'name': 'statbuf', 'type': 'struct stat*', 'value': '0x7FFF752564B0'}]",0,0
18832.145607,7787,7049,0,sshd,ip-10-100-1-26,3,close,1,0,"[{'name': 'fd', 'type': 'int', 'value': 8}]",0,0
18832.145737,159,1,0,systemd-journal,ip-10-100-1-26,1003,cap_capable,1,0,"[{'name': 'cap', 'type': 'int', 'value': 'CAP_SYS_ADMIN'}]",0,0
18832.145835,159,1,0,systemd-journal,ip-10-100-1-26,257,openat,4,-2,"[{'name': 'dirfd', 'type': 'int', 'value': -100}, {'name': 'pathname', 'type': 'const char*', 'value': '/run/log/journal/eccc5f402a9947bd86ae939010fadc6a/system.journal'}, {'name': 'flags', 'type': 'int', 'value': 'O_RDWR|O_NONBLOCK|O_CLOEXEC'}, {'name': 'mode', 'type': 'int', 'value': 3713515300}]",0,0
18832.146091,7787,7049,0,sshd,ip-10-100-1-26,1005,security_file_open,4,0,"[{'name': 'pathname', 'type': 'const char*', 'value': '/etc/passwd'}, {'name': 'flags', 'type': 'int', 'value': 'O_RDONLY|O_LARGEFILE'}, {'name': 'dev', 'type': 'dev_t', 'value': 211812353}, {'name': 'inode', 'type': 'unsigned long', 'value': 61348}]",0,0
18832.146146,7787,7049,0,sshd,ip-10-100-1-26,257,openat,4,8,"[{'name': 'dirfd', 'type': 'int', 'value': -100}, {'name': 'pathname', 'type': 'const char*', 'value': '/etc/passwd'}, {'name': 'flags', 'type': 'int', 'value': 'O_RDONLY|O_CLOEXEC'}, {'name': 'mode', 'type': 'int', 'value': 1485141596}]",0,0
18832.146198,7787,7049,0,sshd,ip-10-100-1-26,5,fstat,2,0,"[{'name': 'fd', 'type': 'int', 'value': 8}, {'name': 'statbuf', 'type': 'struct stat*', 'value': '0x7FFF752564B0'}]",0,0
18832.146243,7787,7049,0,sshd,ip-10-100-1-26,3,close,1,0,"[{'name': 'fd', 'type': 'int', 'value': 8}]",0,0
18832.146391,159,1,0,systemd-journal,ip-10-100-1-26,1003,cap_capable,1,0,"[{'name': 'cap', 'type': 'int', 'value': 'CAP_SYS_ADMIN'}]",0,0
18832.146475,159,1,0,systemd-journal,ip-10-100-1-26,257,openat,4,-2,"[{'name': 'dirfd', 'type': 'int', 'value': -100}, {'name': 'pathname', 'type': 'const char*', 'value': '/run/log/journal/eccc5f402a9947bd86ae939010fadc6a/system.journal'}, {'name': 'flags', 'type': 'int', 'value': 'O_RDWR|O_NONBLOCK|O_CLOEXEC'}, {'name': 'mode', 'type': 'int', 'value': 3713515300}]",0,0
18832.158615,7787,7049,0,sshd,ip-10-100-1-26,1005,security_file_open,4,0,"[{'name': 'pathname', 'type': 'const char*', 'value': '/etc/passwd'}, {'name': 'flags', 'type': 'int', 'value': 'O_RDONLY|O_LARGEFILE'}, {'name': 'dev', 'type': 'dev_t', 'value': 211812353}, {'name': 'inode', 'type': 'unsigned long', 'value': 61348}]",0,0
18832.158652,7787,7049,0,sshd,ip-10-100-1-26,257,openat,4,8,"[{'name': 'dirfd', 'type': 'int', 'value': -100}, {'name': 'pathname', 'type': 'const char*', 'value': '/etc/passwd'}, {'name': 'flags', 'type': 'int', 'value': 'O_RDONLY|O_CLOEXEC'}, {'name': 'mode', 'type': 'int', 'value': 1485141596}]",0,0
18832.158681,7787,7049,0,sshd,ip-10-100-1-26,5,fstat,2,0,"[{'name': 'fd', 'type': 'int', 'value': 8}, {'name': 'statbuf', 'type': 'struct stat*', 'value': '0x7FFF752564B0'}]",0,0
18832.158713,7787,7049,0,sshd,ip-10-100-1-26,3,close,1,0,"[{'name': 'fd', 'type': 'int', 'value': 8}]",0,0
18832.158815,159,1,0,systemd-journal,ip-10-100-1-26,1003,cap_capable,1,0,"[{'name': 'cap', 'type': 'int', 'value': 'CAP_SYS_ADMIN'}]",0,0
18832.158982,159,1,0,systemd-journal,ip-10-100-1-26,257,openat,4,-2,"[{'name': 'dirfd', 'type': 'int', 'value': -100}, {'name': 'pathname', 'type': 'const char*', 'value': '/run/log/journal/eccc5f402a9947bd86ae939010fadc6a/system.journal'}, {'name': 'flags', 'type': 'int', 'value': 'O_RDWR|O_NONBLOCK|O_CLOEXEC'}, {'name': 'mode', 'type': 'int', 'value': 3713515300}]",0,0
18832.162041,7787,7049,0,sshd,ip-10-100-1-26,41,socket,3,8,"[{'name': 'domain', 'type': 'int', 'value': 'AF_NETLINK'}, {'name': 'type', 'type': 'int', 'value': 'SOCK_RAW'}, {'name': 'protocol', 'type': 'int', 'value': 9}]",0,0
18832.162078,7787,7049,0,sshd,ip-10-100-1-26,41,socket,3,9,"[{'name': 'domain', 'type': 'int', 'value': 'AF_NETLINK'}, {'name': 'type', 'type': 'int', 'value': 'SOCK_RAW|SOCK_CLOEXEC'}, {'name': 'protocol', 'type': 'int', 'value': 0}]",0,0
18832.162103,7787,7049,0,sshd,ip-10-100-1-26,49,bind,3,0,"[{'name': 'sockfd', 'type': 'int', 'value': 9}, {'name': 'addr', 'type': 'const void*', 'value': ""{'sa_family': 'AF_NETLINK'}""}, {'name': 'addrlen', 'type': 'int*', 'value': 12}]",0,0
18832.162126,7787,7049,0,sshd,ip-10-100-1-26,51,getsockname,3,0,"[{'name': 'sockfd', 'type': 'int', 'value': 9}, {'name': 'addr', 'type': 'const void*', 'value': ""{'sa_family': 'AF_NETLINK'}""}, {'name': 'addrlen', 'type': 'int*', 'value': '0x7FFF75253C64'}]",0,0
18832.162192,7787,7049,0,sshd,ip-10-100-1-26,3,close,1,0,"[{'name': 'fd', 'type': 'int', 'value': 9}]",0,0
18832.162266,7787,7049,0,sshd,ip-10-100-1-26,1003,cap_capable,1,0,"[{'name': 'cap', 'type': 'int', 'value': 'CAP_AUDIT_WRITE'}]",0,0
18832.162313,7787,7049,0,sshd,ip-10-100-1-26,3,close,1,0,"[{'name': 'fd', 'type': 'int', 'value': 8}]",0,0
18833.744855,7788,7049,0,sshd,ip-10-100-1-26,41,socket,3,8,"[{'name': 'domain', 'type': 'int', 'value': 'AF_NETLINK'}, {'name': 'type', 'type': 'int', 'value': 'SOCK_RAW'}, {'name': 'protocol', 'type': 'int', 'value': 9}]",0,0
18833.74493,7788,7049,0,sshd,ip-10-100-1-26,1003,cap_capable,1,0,"[{'name': 'cap', 'type': 'int', 'value': 'CAP_AUDIT_WRITE'}]",0,0
18833.744981,7788,7049,0,sshd,ip-10-100-1-26,3,close,1,0,"[{'name': 'fd', 'type': 'int', 'value': 8}]",0,0
18834.116222,7788,7049,0,sshd,ip-10-100-1-26,1005,security_file_open,4,0,"[{'name': 'pathname', 'type': 'const char*', 'value': '/etc/login.defs'}, {'name': 'flags', 'type': 'int', 'value': 'O_RDONLY|O_LARGEFILE'}, {'name': 'dev', 'type': 'dev_t', 'value': 211812353}, {'name': 'inode', 'type': 'unsigned long', 'value': 584}]",0,0
18834.116261,7788,7049,0,sshd,ip-10-100-1-26,257,openat,4,8,"[{'name': 'dirfd', 'type': 'int', 'value': -100}, {'name': 'pathname', 'type': 'const char*', 'value': '/etc/login.defs'}, {'name': 'flags', 'type': 'int', 'value': 'O_RDONLY'}, {'name': 'mode', 'type': 'int', 'value': 87658155}]",0,0
18834.116287,7788,7049,0,sshd,ip-10-100-1-26,5,fstat,2,0,"[{'name': 'fd', 'type': 'int', 'value': 8}, {'name': 'statbuf', 'type': 'struct stat*', 'value': '0x7FFDE67FD5D0'}]",0,0
18834.116362,7788,7049,0,sshd,ip-10-100-1-26,3,close,1,0,"[{'name': 'fd', 'type': 'int', 'value': 8}]",0,0
18834.116394,7788,7049,0,sshd,ip-10-100-1-26,4,stat,2,-2,"[{'name': 'pathname', 'type': 'const char*', 'value': '/etc/securetty'}, {'name': 'statbuf', 'type': 'struct stat*', 'value': '0x7FFDE67FD510'}]",0,0
18834.116457,7788,7049,0,sshd,ip-10-100-1-26,1005,security_file_open,4,0,"[{'name': 'pathname', 'type': 'const char*', 'value': '/etc/passwd'}, {'name': 'flags', 'type': 'int', 'value': 'O_RDONLY|O_LARGEFILE'}, {'name': 'dev', 'type': 'dev_t', 'value': 211812353}, {'name': 'inode', 'type': 'unsigned long', 'value': 61348}]",0,0
18834.116486,7788,7049,0,sshd,ip-10-100-1-26,257,openat,4,8,"[{'name': 'dirfd', 'type': 'int', 'value': -100}, {'name': 'pathname', 'type': 'const char*', 'value': '/etc/passwd'}, {'name': 'flags', 'type': 'int', 'value': 'O_RDONLY|O_CLOEXEC'}, {'name': 'mode', 'type': 'int', 'value': 87680604}]",0,0
18834.116513,7788,7049,0,sshd,ip-10-100-1-26,5,fstat,2,0,"[{'name': 'fd', 'type': 'int', 'value': 8}, {'name': 'statbuf', 'type': 'struct stat*', 'value': '0x7FFDE67FD460'}]",0,0
18834.116542,7788,7049,0,sshd,ip-10-100-1-26,3,close,1,0,"[{'name': 'fd', 'type': 'int', 'value': 8}]",0,0
18834.116572,7788,7049,0,sshd,ip-10-100-1-26,1005,security_file_open,4,0,"[{'name': 'pathname', 'type': 'const char*', 'value': '/etc/shadow'}, {'name': 'flags', 'type': 'int', 'value': 'O_RDONLY|O_LARGEFILE'}, {'name': 'dev', 'type': 'dev_t', 'value': 211812353}, {'name': 'inode', 'type': 'unsigned long', 'value': 61214}]",0,0
18834.116598,7788,7049,0,sshd,ip-10-100-1-26,257,openat,4,8,"[{'name': 'dirfd', 'type': 'int', 'value': -100}, {'name': 'pathname', 'type': 'const char*', 'value': '/etc/shadow'}, {'name': 'flags', 'type': 'int', 'value': 'O_RDONLY|O_CLOEXEC'}, {'name': 'mode', 'type': 'int', 'value': 87680604}]",0,0
18834.116624,7788,7049,0,sshd,ip-10-100-1-26,5,fstat,2,0,"[{'name': 'fd', 'type': 'int', 'value': 8}, {'name': 'statbuf', 'type': 'struct stat*', 'value': '0x7FFDE67FD460'}]",0,0
18834.116655,7788,7049,0,sshd,ip-10-100-1-26,3,close,1,0,"[{'name': 'fd', 'type': 'int', 'value': 8}]",0,0
18834.116687,7788,7049,0,sshd,ip-10-100-1-26,1005,security_file_open,4,0,"[{'name': 'pathname', 'type': 'const char*', 'value': '/etc/passwd'}, {'name': 'flags', 'type': 'int', 'value': 'O_RDONLY|O_LARGEFILE'}, {'name': 'dev', 'type': 'dev_t', 'value': 211812353}, {'name': 'inode', 'type': 'unsigned long', 'value': 61348}]",0,0
18834.116713,7788,7049,0,sshd,ip-10-100-1-26,257,openat,4,8,"[{'name': 'dirfd', 'type': 'int', 'value': -100}, {'name': 'pathname', 'type': 'const char*', 'value': '/etc/passwd'}, {'name': 'flags', 'type': 'int', 'value': 'O_RDONLY|O_CLOEXEC'}, {'name': 'mode', 'type': 'int', 'value': 87680604}]",0,0
18834.116738,7788,7049,0,sshd,ip-10-100-1-26,5,fstat,2,0,"[{'name': 'fd', 'type': 'int', 'value': 8}, {'name': 'statbuf', 'type': 'struct stat*', 'value': '0x7FFDE67FD420'}]",0,0
18834.116765,7788,7049,0,sshd,ip-10-100-1-26,3,close,1,0,"[{'name': 'fd', 'type': 'int', 'value': 8}]",0,0
18834.116791,7788,7049,0,sshd,ip-10-100-1-26,1005,security_file_open,4,0,"[{'name': 'pathname', 'type': 'const char*', 'value': '/etc/shadow'}, {'name': 'flags', 'type': 'int', 'value': 'O_RDONLY|O_LARGEFILE'}, {'name': 'dev', 'type': 'dev_t', 'value': 211812353}, {'name': 'inode', 'type': 'unsigned long', 'value': 61214}]",0,0
18834.116816,7788,7049,0,sshd,ip-10-100-1-26,257,openat,4,8,"[{'name': 'dirfd', 'type': 'int', 'value': -100}, {'name': 'pathname', 'type': 'const char*', 'value': '/etc/shadow'}, {'name': 'flags', 'type': 'int', 'value': 'O_RDONLY|O_CLOEXEC'}, {'name': 'mode', 'type': 'int', 'value': 87680604}]",0,0
18834.116841,7788,7049,0,sshd,ip-10-100-1-26,5,fstat,2,0,"[{'name': 'fd', 'type': 'int', 'value': 8}, {'name': 'statbuf', 'type': 'struct stat*', 'value': '0x7FFDE67FD420'}]",0,0
18834.116868,7788,7049,0,sshd,ip-10-100-1-26,3,close,1,0,"[{'name': 'fd', 'type': 'int', 'value': 8}]",0,0
18834.116893,7788,7049,0,sshd,ip-10-100-1-26,4,stat,2,-2,"[{'name': 'pathname', 'type': 'const char*', 'value': '/etc/securetty'}, {'name': 'statbuf', 'type': 'struct stat*', 'value': '0x7FFDE67FD480'}]",0,0
18834.116943,7788,7049,0,sshd,ip-10-100-1-26,1005,security_file_open,4,0,"[{'name': 'pathname', 'type': 'const char*', 'value': '/etc/passwd'}, {'name': 'flags', 'type': 'int', 'value': 'O_RDONLY|O_LARGEFILE'}, {'name': 'dev', 'type': 'dev_t', 'value': 211812353}, {'name': 'inode', 'type': 'unsigned long', 'value': 61348}]",0,0
18834.11697,7788,7049,0,sshd,ip-10-100-1-26,257,openat,4,8,"[{'name': 'dirfd', 'type': 'int', 'value': -100}, {'name': 'pathname', 'type': 'const char*', 'value': '/etc/passwd'}, {'name': 'flags', 'type': 'int', 'value': 'O_RDONLY|O_CLOEXEC'}, {'name': 'mode', 'type': 'int', 'value': 87680604}]",0,0
18834.116997,7788,7049,0,sshd,ip-10-100-1-26,5,fstat,2,0,"[{'name': 'fd', 'type': 'int', 'value': 8}, {'name': 'statbuf', 'type': 'struct stat*', 'value': '0x7FFDE67FD3D0'}]",0,0
18834.117023,7788,7049,0,sshd,ip-10-100-1-26,3,close,1,0,"[{'name': 'fd', 'type': 'int', 'value': 8}]",0,0
18834.117051,7788,7049,0,sshd,ip-10-100-1-26,1005,security_file_open,4,0,"[{'name': 'pathname', 'type': 'const char*', 'value': '/etc/shadow'}, {'name': 'flags', 'type': 'int', 'value': 'O_RDONLY|O_LARGEFILE'}, {'name': 'dev', 'type': 'dev_t', 'value': 211812353}, {'name': 'inode', 'type': 'unsigned long', 'value': 61214}]",0,0
18834.117076,7788,7049,0,sshd,ip-10-100-1-26,257,openat,4,8,"[{'name': 'dirfd', 'type': 'int', 'value': -100}, {'name': 'pathname', 'type': 'const char*', 'value': '/etc/shadow'}, {'name': 'flags', 'type': 'int', 'value': 'O_RDONLY|O_CLOEXEC'}, {'name': 'mode', 'type': 'int', 'value': 87680604}]",0,0
18834.117102,7788,7049,0,sshd,ip-10-100-1-26,5,fstat,2,0,"[{'name': 'fd', 'type': 'int', 'value': 8}, {'name': 'statbuf', 'type': 'struct stat*', 'value': '0x7FFDE67FD3D0'}]",0,0
18834.117128,7788,7049,0,sshd,ip-10-100-1-26,3,close,1,0,"[{'name': 'fd', 'type': 'int', 'value': 8}]",0,0
18834.117165,7788,7049,0,sshd,ip-10-100-1-26,21,access,2,-2,"[{'name': 'pathname', 'type': 'const char*', 'value': '/var/run/utmpx'}, {'name': 'mode', 'type': 'int', 'value': 'F_OK'}]",0,0
18834.117354,7788,7049,0,sshd,ip-10-100-1-26,1005,security_file_open,4,0,"[{'name': 'pathname', 'type': 'const char*', 'value': '/etc/passwd'}, {'name': 'flags', 'type': 'int', 'value': 'O_RDONLY|O_LARGEFILE'}, {'name': 'dev', 'type': 'dev_t', 'value': 211812353}, {'name': 'inode', 'type': 'unsigned long', 'value': 61348}]",0,0
18834.117214,7788,7049,0,sshd,ip-10-100-1-26,257,openat,4,8,"[{'name': 'dirfd', 'type': 'int', 'value': -100}, {'name': 'pathname', 'type': 'const char*', 'value': '/var/run/utmp'}, {'name': 'flags', 'type': 'int', 'value': 'O_RDONLY|O_CLOEXEC'}, {'name': 'mode', 'type': 'int', 'value': 87680604}]",0,0
18834.117315,7788,7049,0,sshd,ip-10-100-1-26,3,close,1,0,"[{'name': 'fd', 'type': 'int', 'value': 8}]",0,0
18834.117392,7788,7049,0,sshd,ip-10-100-1-26,257,openat,4,8,"[{'name': 'dirfd', 'type': 'int', 'value': -100}, {'name': 'pathname', 'type': 'const char*', 'value': '/etc/passwd'}, {'name': 'flags', 'type': 'int', 'value': 'O_RDONLY|O_CLOEXEC'}, {'name': 'mode', 'type': 'int', 'value': 87680604}]",0,0
18834.117189,7788,7049,0,sshd,ip-10-100-1-26,1005,security_file_open,4,0,"[{'name': 'pathname', 'type': 'const char*', 'value': '/run/utmp'}, {'name': 'flags', 'type': 'int', 'value': 'O_RDONLY|O_LARGEFILE'}, {'name': 'dev', 'type': 'dev_t', 'value': 25}, {'name': 'inode', 'type': 'unsigned long', 'value': 354}]",0,0
18834.117418,7788,7049,0,sshd,ip-10-100-1-26,5,fstat,2,0,"[{'name': 'fd', 'type': 'int', 'value': 8}, {'name': 'statbuf', 'type': 'struct stat*', 'value': '0x7FFDE67FD4C0'}]",0,0
18834.117444,7788,7049,0,sshd,ip-10-100-1-26,3,close,1,0,"[{'name': 'fd', 'type': 'int', 'value': 8}]",0,0
18834.117511,7788,7049,0,sshd,ip-10-100-1-26,1005,security_file_open,4,0,"[{'name': 'pathname', 'type': 'const char*', 'value': '/etc/passwd'}, {'name': 'flags', 'type': 'int', 'value': 'O_RDONLY|O_LARGEFILE'}, {'name': 'dev', 'type': 'dev_t', 'value': 211812353}, {'name': 'inode', 'type': 'unsigned long', 'value': 61348}]",0,0
18834.117538,7788,7049,0,sshd,ip-10-100-1-26,257,openat,4,8,"[{'name': 'dirfd', 'type': 'int', 'value': -100}, {'name': 'pathname', 'type': 'const char*', 'value': '/etc/passwd'}, {'name': 'flags', 'type': 'int', 'value': 'O_RDONLY|O_CLOEXEC'}, {'name': 'mode', 'type': 'int', 'value': 87680604}]",0,0
18834.117564,7788,7049,0,sshd,ip-10-100-1-26,5,fstat,2,0,"[{'name': 'fd', 'type': 'int', 'value': 8}, {'name': 'statbuf', 'type': 'struct stat*', 'value': '0x7FFDE67FD4C0'}]",0,0
18834.117591,7788,7049,0,sshd,ip-10-100-1-26,3,close,1,0,"[{'name': 'fd', 'type': 'int', 'value': 8}]",0,0
18834.117635,7788,7049,0,sshd,ip-10-100-1-26,1005,security_file_open,4,0,"[{'name': 'pathname', 'type': 'const char*', 'value': '/etc/passwd'}, {'name': 'flags', 'type': 'int', 'value': 'O_RDONLY|O_LARGEFILE'}, {'name': 'dev', 'type': 'dev_t', 'value': 211812353}, {'name': 'inode', 'type': 'unsigned long', 'value': 61348}]",0,0
18834.117661,7788,7049,0,sshd,ip-10-100-1-26,257,openat,4,8,"[{'name': 'dirfd', 'type': 'int', 'value': -100}, {'name': 'pathname', 'type': 'const char*', 'value': '/etc/passwd'}, {'name': 'flags', 'type': 'int', 'value': 'O_RDONLY|O_CLOEXEC'}, {'name': 'mode', 'type': 'int', 'value': 87680604}]",0,0
18834.117687,7788,7049,0,sshd,ip-10-100-1-26,5,fstat,2,0,"[{'name': 'fd', 'type': 'int', 'value': 8}, {'name': 'statbuf', 'type': 'struct stat*', 'value': '0x7FFDE67FD4C0'}]",0,0
18834.117714,7788,7049,0,sshd,ip-10-100-1-26,3,close,1,0,"[{'name': 'fd', 'type': 'int', 'value': 8}]",0,0
18834.11776,7788,7049,0,sshd,ip-10-100-1-26,1005,security_file_open,4,0,"[{'name': 'pathname', 'type': 'const char*', 'value': '/etc/passwd'}, {'name': 'flags', 'type': 'int', 'value': 'O_RDONLY|O_LARGEFILE'}, {'name': 'dev', 'type': 'dev_t', 'value': 211812353}, {'name': 'inode', 'type': 'unsigned long', 'value': 61348}]",0,0
18834.117787,7788,7049,0,sshd,ip-10-100-1-26,257,openat,4,8,"[{'name': 'dirfd', 'type': 'int', 'value': -100}, {'name': 'pathname', 'type': 'const char*', 'value': '/etc/passwd'}, {'name': 'flags', 'type': 'int', 'value': 'O_RDONLY|O_CLOEXEC'}, {'name': 'mode', 'type': 'int', 'value': 87680604}]",0,0
18834.117839,7788,7049,0,sshd,ip-10-100-1-26,3,close,1,0,"[{'name': 'fd', 'type': 'int', 'value': 8}]",0,0
18834.11789,7788,7049,0,sshd,ip-10-100-1-26,41,socket,3,8,"[{'name': 'domain', 'type': 'int', 'value': 'AF_NETLINK'}, {'name': 'type', 'type': 'int', 'value': 'SOCK_RAW'}, {'name': 'protocol', 'type': 'int', 'value': 9}]",0,0
18834.117813,7788,7049,0,sshd,ip-10-100-1-26,5,fstat,2,0,"[{'name': 'fd', 'type': 'int', 'value': 8}, {'name': 'statbuf', 'type': 'struct stat*', 'value': '0x7FFDE67FD4C0'}]",0,0
18834.117923,7788,7049,0,sshd,ip-10-100-1-26,41,socket,3,9,"[{'name': 'domain', 'type': 'int', 'value': 'AF_NETLINK'}, {'name': 'type', 'type': 'int', 'value': 'SOCK_RAW|SOCK_CLOEXEC'}, {'name': 'protocol', 'type': 'int', 'value': 0}]",0,0
18834.117948,7788,7049,0,sshd,ip-10-100-1-26,49,bind,3,0,"[{'name': 'sockfd', 'type': 'int', 'value': 9}, {'name': 'addr', 'type': 'const void*', 'value': ""{'sa_family': 'AF_NETLINK'}""}, {'name': 'addrlen', 'type': 'int*', 'value': 12}]",0,0
18834.117971,7788,7049,0,sshd,ip-10-100-1-26,51,getsockname,3,0,"[{'name': 'sockfd', 'type': 'int', 'value': 9}, {'name': 'addr', 'type': 'const void*', 'value': ""{'sa_family': 'AF_NETLINK'}""}, {'name': 'addrlen', 'type': 'int*', 'value': '0x7FFDE67FAC74'}]",0,0
18834.118032,7788,7049,0,sshd,ip-10-100-1-26,3,close,1,0,"[{'name': 'fd', 'type': 'int', 'value': 9}]",0,0
18834.118072,7788,7049,0,sshd,ip-10-100-1-26,1003,cap_capable,1,0,"[{'name': 'cap', 'type': 'int', 'value': 'CAP_AUDIT_WRITE'}]",0,0
18834.118115,7788,7049,0,sshd,ip-10-100-1-26,3,close,1,0,"[{'name': 'fd', 'type': 'int', 'value': 8}]",0,0
18834.118225,159,1,0,systemd-journal,ip-10-100-1-26,1005,security_file_open,4,0,"[{'name': 'pathname', 'type': 'const char*', 'value': '/proc/7788/comm'}, {'name': 'flags', 'type': 'int', 'value': 'O_RDONLY|O_LARGEFILE'}, {'name': 'dev', 'type': 'dev_t', 'value': 5}, {'name': 'inode', 'type': 'unsigned long', 'value': 127993}]",0,0
18834.118257,159,1,0,systemd-journal,ip-10-100-1-26,257,openat,4,34,"[{'name': 'dirfd', 'type': 'int', 'value': -100}, {'name': 'pathname', 'type': 'const char*', 'value': '/proc/7788/comm'}, {'name': 'flags', 'type': 'int', 'value': 'O_RDONLY|O_CLOEXEC'}, {'name': 'mode', 'type': 'int', 'value': 3713515300}]",0,0
18834.118327,159,1,0,systemd-journal,ip-10-100-1-26,3,close,1,0,"[{'name': 'fd', 'type': 'int', 'value': 34}]",0,0
18834.118283,159,1,0,systemd-journal,ip-10-100-1-26,5,fstat,2,0,"[{'name': 'fd', 'type': 'int', 'value': 34}, {'name': 'statbuf', 'type': 'struct stat*', 'value': '0x7FFFC5369750'}]",0,0
18834.118359,159,1,0,systemd-journal,ip-10-100-1-26,1003,cap_capable,1,0,"[{'name': 'cap', 'type': 'int', 'value': 'CAP_SYS_PTRACE'}]",0,0
18834.118438,159,1,0,systemd-journal,ip-10-100-1-26,257,openat,4,34,"[{'name': 'dirfd', 'type': 'int', 'value': -100}, {'name': 'pathname', 'type': 'const char*', 'value': '/proc/7788/cmdline'}, {'name': 'flags', 'type': 'int', 'value': 'O_RDONLY|O_CLOEXEC'}, {'name': 'mode', 'type': 'int', 'value': 3713515300}]",0,0
18834.118461,159,1,0,systemd-journal,ip-10-100-1-26,5,fstat,2,0,"[{'name': 'fd', 'type': 'int', 'value': 34}, {'name': 'statbuf', 'type': 'struct stat*', 'value': '0x7FFFC53697E0'}]",0,0
18834.118401,159,1,0,systemd-journal,ip-10-100-1-26,1005,security_file_open,4,0,"[{'name': 'pathname', 'type': 'const char*', 'value': '/proc/7788/cmdline'}, {'name': 'flags', 'type': 'int', 'value': 'O_RDONLY|O_LARGEFILE'}, {'name': 'dev', 'type': 'dev_t', 'value': 5}, {'name': 'inode', 'type': 'unsigned long', 'value': 127995}]",0,0
18834.118573,159,1,0,systemd-journal,ip-10-100-1-26,5,fstat,2,0,"[{'name': 'fd', 'type': 'int', 'value': 34}, {'name': 'statbuf', 'type': 'struct stat*', 'value': '0x7FFFC5369850'}]",0,0
18834.118629,159,1,0,systemd-journal,ip-10-100-1-26,3,close,1,0,"[{'name': 'fd', 'type': 'int', 'value': 34}]",0,0
18834.118528,159,1,0,systemd-journal,ip-10-100-1-26,1005,security_file_open,4,0,"[{'name': 'pathname', 'type': 'const char*', 'value': '/proc/7788/status'}, {'name': 'flags', 'type': 'int', 'value': 'O_RDONLY|O_LARGEFILE'}, {'name': 'dev', 'type': 'dev_t', 'value': 5}, {'name': 'inode', 'type': 'unsigned long', 'value': 127996}]",0,0
18834.118552,159,1,0,systemd-journal,ip-10-100-1-26,257,openat,4,34,"[{'name': 'dirfd', 'type': 'int', 'value': -100}, {'name': 'pathname', 'type': 'const char*', 'value': '/proc/7788/status'}, {'name': 'flags', 'type': 'int', 'value': 'O_RDONLY|O_CLOEXEC'}, {'name': 'mode', 'type': 'int', 'value': 3713515300}]",0,0
18834.118502,159,1,0,systemd-journal,ip-10-100-1-26,3,close,1,0,"[{'name': 'fd', 'type': 'int', 'value': 34}]",0,0
18834.118662,159,1,0,systemd-journal,ip-10-100-1-26,1005,security_file_open,4,0,"[{'name': 'pathname', 'type': 'const char*', 'value': '/proc/7788/attr/current'}, {'name': 'flags', 'type': 'int', 'value': 'O_RDONLY|O_LARGEFILE'}, {'name': 'dev', 'type': 'dev_t', 'value': 5}, {'name': 'inode', 'type': 'unsigned long', 'value': 127998}]",0,0
18834.118687,159,1,0,systemd-journal,ip-10-100-1-26,257,openat,4,34,"[{'name': 'dirfd', 'type': 'int', 'value': -100}, {'name': 'pathname', 'type': 'const char*', 'value': '/proc/7788/attr/current'}, {'name': 'flags', 'type': 'int', 'value': 'O_RDONLY|O_CLOEXEC'}, {'name': 'mode', 'type': 'int', 'value': 3713515300}]",0,0
18834.118723,159,1,0,systemd-journal,ip-10-100-1-26,3,close,1,0,"[{'name': 'fd', 'type': 'int', 'value': 34}]",0,0
18834.11875,159,1,0,systemd-journal,ip-10-100-1-26,1005,security_file_open,4,0,"[{'name': 'pathname', 'type': 'const char*', 'value': '/proc/7788/sessionid'}, {'name': 'flags', 'type': 'int', 'value': 'O_RDONLY|O_LARGEFILE'}, {'name': 'dev', 'type': 'dev_t', 'value': 5}, {'name': 'inode', 'type': 'unsigned long', 'value': 127999}]",0,0
18834.118775,159,1,0,systemd-journal,ip-10-100-1-26,257,openat,4,34,"[{'name': 'dirfd', 'type': 'int', 'value': -100}, {'name': 'pathname', 'type': 'const char*', 'value': '/proc/7788/sessionid'}, {'name': 'flags', 'type': 'int', 'value': 'O_RDONLY|O_CLOEXEC'}, {'name': 'mode', 'type': 'int', 'value': 3713515300}]",0,0
18834.118798,159,1,0,systemd-journal,ip-10-100-1-26,5,fstat,2,0,"[{'name': 'fd', 'type': 'int', 'value': 34}, {'name': 'statbuf', 'type': 'struct stat*', 'value': '0x7FFFC5369740'}]",0,0
18834.118831,159,1,0,systemd-journal,ip-10-100-1-26,3,close,1,0,"[{'name': 'fd', 'type': 'int', 'value': 34}]",0,0
18834.118858,159,1,0,systemd-journal,ip-10-100-1-26,1005,security_file_open,4,0,"[{'name': 'pathname', 'type': 'const char*', 'value': '/proc/7788/loginuid'}, {'name': 'flags', 'type': 'int', 'value': 'O_RDONLY|O_LARGEFILE'}, {'name': 'dev', 'type': 'dev_t', 'value': 5}, {'name': 'inode', 'type': 'unsigned long', 'value': 128000}]",0,0
18834.118883,159,1,0,systemd-journal,ip-10-100-1-26,257,openat,4,34,"[{'name': 'dirfd', 'type': 'int', 'value': -100}, {'name': 'pathname', 'type': 'const char*', 'value': '/proc/7788/loginuid'}, {'name': 'flags', 'type': 'int', 'value': 'O_RDONLY|O_CLOEXEC'}, {'name': 'mode', 'type': 'int', 'value': 3713515300}]",0,0
18834.118905,159,1,0,systemd-journal,ip-10-100-1-26,5,fstat,2,0,"[{'name': 'fd', 'type': 'int', 'value': 34}, {'name': 'statbuf', 'type': 'struct stat*', 'value': '0x7FFFC5369740'}]",0,0
18834.118938,159,1,0,systemd-journal,ip-10-100-1-26,3,close,1,0,"[{'name': 'fd', 'type': 'int', 'value': 34}]",0,0
18834.119012,159,1,0,systemd-journal,ip-10-100-1-26,5,fstat,2,0,"[{'name': 'fd', 'type': 'int', 'value': 34}, {'name': 'statbuf', 'type': 'struct stat*', 'value': '0x7FFFC53696E0'}]",0,0
18834.119185,159,1,0,systemd-journal,ip-10-100-1-26,257,openat,4,-2,"[{'name': 'dirfd', 'type': 'int', 'value': -100}, {'name': 'pathname', 'type': 'const char*', 'value': '/run/systemd/units/log-extra-fields:ssh.service'}, {'name': 'flags', 'type': 'int', 'value': 'O_RDONLY|O_CLOEXEC'}, {'name': 'mode', 'type': 'int', 'value': 3713515300}]",0,0
18834.119602,159,1,0,systemd-journal,ip-10-100-1-26,257,openat,4,-2,"[{'name': 'dirfd', 'type': 'int', 'value': -100}, {'name': 'pathname', 'type': 'const char*', 'value': '/run/log/journal/eccc5f402a9947bd86ae939010fadc6a/system.journal'}, {'name': 'flags', 'type': 'int', 'value': 'O_RDWR|O_NONBLOCK|O_CLOEXEC'}, {'name': 'mode', 'type': 'int', 'value': 3713515300}]",0,0
18834.119133,159,1,0,systemd-journal,ip-10-100-1-26,3,close,1,0,"[{'name': 'fd', 'type': 'int', 'value': 34}]",0,0
18834.119878,159,1,0,systemd-journal,ip-10-100-1-26,257,openat,4,-2,"[{'name': 'dirfd', 'type': 'int', 'value': -100}, {'name': 'pathname', 'type': 'const char*', 'value': '/run/log/journal/eccc5f402a9947bd86ae939010fadc6a/system.journal'}, {'name': 'flags', 'type': 'int', 'value': 'O_RDWR|O_NONBLOCK|O_CLOEXEC'}, {'name': 'mode', 'type': 'int', 'value': 3713515300}]",0,0
18834.119229,159,1,0,systemd-journal,ip-10-100-1-26,1003,cap_capable,1,0,"[{'name': 'cap', 'type': 'int', 'value': 'CAP_SYS_ADMIN'}]",0,0
18834.118965,159,1,0,systemd-journal,ip-10-100-1-26,1005,security_file_open,4,0,"[{'name': 'pathname', 'type': 'const char*', 'value': '/proc/7788/cgroup'}, {'name': 'flags', 'type': 'int', 'value': 'O_RDONLY|O_LARGEFILE'}, {'name': 'dev', 'type': 'dev_t', 'value': 5}, {'name': 'inode', 'type': 'unsigned long', 'value': 128001}]",0,0
18834.119786,159,1,0,systemd-journal,ip-10-100-1-26,1003,cap_capable,1,0,"[{'name': 'cap', 'type': 'int', 'value': 'CAP_SYS_ADMIN'}]",0,0
18834.11899,159,1,0,systemd-journal,ip-10-100-1-26,257,openat,4,34,"[{'name': 'dirfd', 'type': 'int', 'value': -100}, {'name': 'pathname', 'type': 'const char*', 'value': '/proc/7788/cgroup'}, {'name': 'flags', 'type': 'int', 'value': 'O_RDONLY|O_CLOEXEC'}, {'name': 'mode', 'type': 'int', 'value': 3713515300}]",0,0
18834.120025,159,1,0,systemd-journal,ip-10-100-1-26,1003,cap_capable,1,0,"[{'name': 'cap', 'type': 'int', 'value': 'CAP_SYS_ADMIN'}]",0,0
18834.120401,159,1,0,systemd-journal,ip-10-100-1-26,257,openat,4,-2,"[{'name': 'dirfd', 'type': 'int', 'value': -100}, {'name': 'pathname', 'type': 'const char*', 'value': '/run/log/journal/eccc5f402a9947bd86ae939010fadc6a/system.journal'}, {'name': 'flags', 'type': 'int', 'value': 'O_RDWR|O_NONBLOCK|O_CLOEXEC'}, {'name': 'mode', 'type': 'int', 'value': 3713515300}]",0,0
18834.120581,159,1,0,systemd-journal,ip-10-100-1-26,1003,cap_capable,1,0,"[{'name': 'cap', 'type': 'int', 'value': 'CAP_SYS_ADMIN'}]",0,0
18834.120801,159,1,0,systemd-journal,ip-10-100-1-26,257,openat,4,-2,"[{'name': 'dirfd', 'type': 'int', 'value': -100}, {'name': 'pathname', 'type': 'const char*', 'value': '/run/log/journal/eccc5f402a9947bd86ae939010fadc6a/system.journal'}, {'name': 'flags', 'type': 'int', 'value': 'O_RDWR|O_NONBLOCK|O_CLOEXEC'}, {'name': 'mode', 'type': 'int', 'value': 3713515300}]",0,0
18834.120971,159,1,0,systemd-journal,ip-10-100-1-26,1003,cap_capable,1,0,"[{'name': 'cap', 'type': 'int', 'value': 'CAP_SYS_ADMIN'}]",0,0
18834.121178,159,1,0,systemd-journal,ip-10-100-1-26,257,openat,4,-2,"[{'name': 'dirfd', 'type': 'int', 'value': -100}, {'name': 'pathname', 'type': 'const char*', 'value': '/run/log/journal/eccc5f402a9947bd86ae939010fadc6a/system.journal'}, {'name': 'flags', 'type': 'int', 'value': 'O_RDWR|O_NONBLOCK|O_CLOEXEC'}, {'name': 'mode', 'type': 'int', 'value': 3713515300}]",0,0
18834.12136,159,1,0,systemd-journal,ip-10-100-1-26,1003,cap_capable,1,0,"[{'name': 'cap', 'type': 'int', 'value': 'CAP_SYS_ADMIN'}]",0,0
18834.121582,159,1,0,systemd-journal,ip-10-100-1-26,257,openat,4,-2,"[{'name': 'dirfd', 'type': 'int', 'value': -100}, {'name': 'pathname', 'type': 'const char*', 'value': '/run/log/journal/eccc5f402a9947bd86ae939010fadc6a/system.journal'}, {'name': 'flags', 'type': 'int', 'value': 'O_RDWR|O_NONBLOCK|O_CLOEXEC'}, {'name': 'mode', 'type': 'int', 'value': 3713515300}]",0,0
18834.220098,7787,7049,0,sshd,ip-10-100-1-26,41,socket,3,8,"[{'name': 'domain', 'type': 'int', 'value': 'AF_NETLINK'}, {'name': 'type', 'type': 'int', 'value': 'SOCK_RAW'}, {'name': 'protocol', 'type': 'int', 'value': 9}]",0,0
18834.220146,7787,7049,0,sshd,ip-10-100-1-26,1003,cap_capable,1,0,"[{'name': 'cap', 'type': 'int', 'value': 'CAP_AUDIT_WRITE'}]",0,0
18834.220193,7787,7049,0,sshd,ip-10-100-1-26,3,close,1,0,"[{'name': 'fd', 'type': 'int', 'value': 8}]",0,0
18834.589301,7787,7049,0,sshd,ip-10-100-1-26,1005,security_file_open,4,0,"[{'name': 'pathname', 'type': 'const char*', 'value': '/etc/login.defs'}, {'name': 'flags', 'type': 'int', 'value': 'O_RDONLY|O_LARGEFILE'}, {'name': 'dev', 'type': 'dev_t', 'value': 211812353}, {'name': 'inode', 'type': 'unsigned long', 'value': 584}]",0,0
18834.58934,7787,7049,0,sshd,ip-10-100-1-26,257,openat,4,8,"[{'name': 'dirfd', 'type': 'int', 'value': -100}, {'name': 'pathname', 'type': 'const char*', 'value': '/etc/login.defs'}, {'name': 'flags', 'type': 'int', 'value': 'O_RDONLY'}, {'name': 'mode', 'type': 'int', 'value': 1485119147}]",0,0
18834.589366,7787,7049,0,sshd,ip-10-100-1-26,5,fstat,2,0,"[{'name': 'fd', 'type': 'int', 'value': 8}, {'name': 'statbuf', 'type': 'struct stat*', 'value': '0x7FFF752565C0'}]",0,0
18834.589438,7787,7049,0,sshd,ip-10-100-1-26,3,close,1,0,"[{'name': 'fd', 'type': 'int', 'value': 8}]",0,0
18834.589469,7787,7049,0,sshd,ip-10-100-1-26,4,stat,2,-2,"[{'name': 'pathname', 'type': 'const char*', 'value': '/etc/securetty'}, {'name': 'statbuf', 'type': 'struct stat*', 'value': '0x7FFF75256500'}]",0,0
18834.589543,7787,7049,0,sshd,ip-10-100-1-26,1005,security_file_open,4,0,"[{'name': 'pathname', 'type': 'const char*', 'value': '/etc/passwd'}, {'name': 'flags', 'type': 'int', 'value': 'O_RDONLY|O_LARGEFILE'}, {'name': 'dev', 'type': 'dev_t', 'value': 211812353}, {'name': 'inode', 'type': 'unsigned long', 'value': 61348}]",0,0
18834.589574,7787,7049,0,sshd,ip-10-100-1-26,257,openat,4,8,"[{'name': 'dirfd', 'type': 'int', 'value': -100}, {'name': 'pathname', 'type': 'const char*', 'value': '/etc/passwd'}, {'name': 'flags', 'type': 'int', 'value': 'O_RDONLY|O_CLOEXEC'}, {'name': 'mode', 'type': 'int', 'value': 1485141596}]",0,0
18834.589603,7787,7049,0,sshd,ip-10-100-1-26,5,fstat,2,0,"[{'name': 'fd', 'type': 'int', 'value': 8}, {'name': 'statbuf', 'type': 'struct stat*', 'value': '0x7FFF75256450'}]",0,0
18834.589633,7787,7049,0,sshd,ip-10-100-1-26,3,close,1,0,"[{'name': 'fd', 'type': 'int', 'value': 8}]",0,0
18834.589663,7787,7049,0,sshd,ip-10-100-1-26,1005,security_file_open,4,0,"[{'name': 'pathname', 'type': 'const char*', 'value': '/etc/shadow'}, {'name': 'flags', 'type': 'int', 'value': 'O_RDONLY|O_LARGEFILE'}, {'name': 'dev', 'type': 'dev_t', 'value': 211812353}, {'name': 'inode', 'type': 'unsigned long', 'value': 61214}]",0,0
18834.589689,7787,7049,0,sshd,ip-10-100-1-26,257,openat,4,8,"[{'name': 'dirfd', 'type': 'int', 'value': -100}, {'name': 'pathname', 'type': 'const char*', 'value': '/etc/shadow'}, {'name': 'flags', 'type': 'int', 'value': 'O_RDONLY|O_CLOEXEC'}, {'name': 'mode', 'type': 'int', 'value': 1485141596}]",0,0
18834.589725,7787,7049,0,sshd,ip-10-100-1-26,5,fstat,2,0,"[{'name': 'fd', 'type': 'int', 'value': 8}, {'name': 'statbuf', 'type': 'struct stat*', 'value': '0x7FFF75256450'}]",0,0
18834.589753,7787,7049,0,sshd,ip-10-100-1-26,3,close,1,0,"[{'name': 'fd', 'type': 'int', 'value': 8}]",0,0
18834.589784,7787,7049,0,sshd,ip-10-100-1-26,1005,security_file_open,4,0,"[{'name': 'pathname', 'type': 'const char*', 'value': '/etc/passwd'}, {'name': 'flags', 'type': 'int', 'value': 'O_RDONLY|O_LARGEFILE'}, {'name': 'dev', 'type': 'dev_t', 'value': 211812353}, {'name': 'inode', 'type': 'unsigned long', 'value': 61348}]",0,0
18834.58981,7787,7049,0,sshd,ip-10-100-1-26,257,openat,4,8,"[{'name': 'dirfd', 'type': 'int', 'value': -100}, {'name': 'pathname', 'type': 'const char*', 'value': '/etc/passwd'}, {'name': 'flags', 'type': 'int', 'value': 'O_RDONLY|O_CLOEXEC'}, {'name': 'mode', 'type': 'int', 'value': 1485141596}]",0,0
18834.589836,7787,7049,0,sshd,ip-10-100-1-26,5,fstat,2,0,"[{'name': 'fd', 'type': 'int', 'value': 8}, {'name': 'statbuf', 'type': 'struct stat*', 'value': '0x7FFF75256410'}]",0,0
18834.589862,7787,7049,0,sshd,ip-10-100-1-26,3,close,1,0,"[{'name': 'fd', 'type': 'int', 'value': 8}]",0,0
18834.589888,7787,7049,0,sshd,ip-10-100-1-26,1005,security_file_open,4,0,"[{'name': 'pathname', 'type': 'const char*', 'value': '/etc/shadow'}, {'name': 'flags', 'type': 'int', 'value': 'O_RDONLY|O_LARGEFILE'}, {'name': 'dev', 'type': 'dev_t', 'value': 211812353}, {'name': 'inode', 'type': 'unsigned long', 'value': 61214}]",0,0
18834.589913,7787,7049,0,sshd,ip-10-100-1-26,257,openat,4,8,"[{'name': 'dirfd', 'type': 'int', 'value': -100}, {'name': 'pathname', 'type': 'const char*', 'value': '/etc/shadow'}, {'name': 'flags', 'type': 'int', 'value': 'O_RDONLY|O_CLOEXEC'}, {'name': 'mode', 'type': 'int', 'value': 1485141596}]",0,0
18834.589941,7787,7049,0,sshd,ip-10-100-1-26,5,fstat,2,0,"[{'name': 'fd', 'type': 'int', 'value': 8}, {'name': 'statbuf', 'type': 'struct stat*', 'value': '0x7FFF75256410'}]",0,0
18834.589969,7787,7049,0,sshd,ip-10-100-1-26,3,close,1,0,"[{'name': 'fd', 'type': 'int', 'value': 8}]",0,0
18834.589995,7787,7049,0,sshd,ip-10-100-1-26,4,stat,2,-2,"[{'name': 'pathname', 'type': 'const char*', 'value': '/etc/securetty'}, {'name': 'statbuf', 'type': 'struct stat*', 'value': '0x7FFF75256470'}]",0,0
18834.590034,7787,7049,0,sshd,ip-10-100-1-26,1005,security_file_open,4,0,"[{'name': 'pathname', 'type': 'const char*', 'value': '/etc/passwd'}, {'name': 'flags', 'type': 'int', 'value': 'O_RDONLY|O_LARGEFILE'}, {'name': 'dev', 'type': 'dev_t', 'value': 211812353}, {'name': 'inode', 'type': 'unsigned long', 'value': 61348}]",0,0
18834.59006,7787,7049,0,sshd,ip-10-100-1-26,257,openat,4,8,"[{'name': 'dirfd', 'type': 'int', 'value': -100}, {'name': 'pathname', 'type': 'const char*', 'value': '/etc/passwd'}, {'name': 'flags', 'type': 'int', 'value': 'O_RDONLY|O_CLOEXEC'}, {'name': 'mode', 'type': 'int', 'value': 1485141596}]",0,0
18834.590087,7787,7049,0,sshd,ip-10-100-1-26,5,fstat,2,0,"[{'name': 'fd', 'type': 'int', 'value': 8}, {'name': 'statbuf', 'type': 'struct stat*', 'value': '0x7FFF752563C0'}]",0,0
18834.590113,7787,7049,0,sshd,ip-10-100-1-26,3,close,1,0,"[{'name': 'fd', 'type': 'int', 'value': 8}]",0,0
18834.59014,7787,7049,0,sshd,ip-10-100-1-26,1005,security_file_open,4,0,"[{'name': 'pathname', 'type': 'const char*', 'value': '/etc/shadow'}, {'name': 'flags', 'type': 'int', 'value': 'O_RDONLY|O_LARGEFILE'}, {'name': 'dev', 'type': 'dev_t', 'value': 211812353}, {'name': 'inode', 'type': 'unsigned long', 'value': 61214}]",0,0
18834.590165,7787,7049,0,sshd,ip-10-100-1-26,257,openat,4,8,"[{'name': 'dirfd', 'type': 'int', 'value': -100}, {'name': 'pathname', 'type': 'const char*', 'value': '/etc/shadow'}, {'name': 'flags', 'type': 'int', 'value': 'O_RDONLY|O_CLOEXEC'}, {'name': 'mode', 'type': 'int', 'value': 1485141596}]",0,0
18834.590191,7787,7049,0,sshd,ip-10-100-1-26,5,fstat,2,0,"[{'name': 'fd', 'type': 'int', 'value': 8}, {'name': 'statbuf', 'type': 'struct stat*', 'value': '0x7FFF752563C0'}]",0,0
18834.590217,7787,7049,0,sshd,ip-10-100-1-26,3,close,1,0,"[{'name': 'fd', 'type': 'int', 'value': 8}]",0,0
18834.590254,7787,7049,0,sshd,ip-10-100-1-26,21,access,2,-2,"[{'name': 'pathname', 'type': 'const char*', 'value': '/var/run/utmpx'}, {'name': 'mode', 'type': 'int', 'value': 'F_OK'}]",0,0
18834.590278,7787,7049,0,sshd,ip-10-100-1-26,1005,security_file_open,4,0,"[{'name': 'pathname', 'type': 'const char*', 'value': '/run/utmp'}, {'name': 'flags', 'type': 'int', 'value': 'O_RDONLY|O_LARGEFILE'}, {'name': 'dev', 'type': 'dev_t', 'value': 25}, {'name': 'inode', 'type': 'unsigned long', 'value': 354}]",0,0
18834.590303,7787,7049,0,sshd,ip-10-100-1-26,257,openat,4,8,"[{'name': 'dirfd', 'type': 'int', 'value': -100}, {'name': 'pathname', 'type': 'const char*', 'value': '/var/run/utmp'}, {'name': 'flags', 'type': 'int', 'value': 'O_RDONLY|O_CLOEXEC'}, {'name': 'mode', 'type': 'int', 'value': 1485141596}]",0,0
18834.590403,7787,7049,0,sshd,ip-10-100-1-26,3,close,1,0,"[{'name': 'fd', 'type': 'int', 'value': 8}]",0,0
18834.590439,7787,7049,0,sshd,ip-10-100-1-26,1005,security_file_open,4,0,"[{'name': 'pathname', 'type': 'const char*', 'value': '/etc/passwd'}, {'name': 'flags', 'type': 'int', 'value': 'O_RDONLY|O_LARGEFILE'}, {'name': 'dev', 'type': 'dev_t', 'value': 211812353}, {'name': 'inode', 'type': 'unsigned long', 'value': 61348}]",0,0
18834.590465,7787,7049,0,sshd,ip-10-100-1-26,257,openat,4,8,"[{'name': 'dirfd', 'type': 'int', 'value': -100}, {'name': 'pathname', 'type': 'const char*', 'value': '/etc/passwd'}, {'name': 'flags', 'type': 'int', 'value': 'O_RDONLY|O_CLOEXEC'}, {'name': 'mode', 'type': 'int', 'value': 1485141596}]",0,0
18834.590491,7787,7049,0,sshd,ip-10-100-1-26,5,fstat,2,0,"[{'name': 'fd', 'type': 'int', 'value': 8}, {'name': 'statbuf', 'type': 'struct stat*', 'value': '0x7FFF752564B0'}]",0,0
18834.590518,7787,7049,0,sshd,ip-10-100-1-26,3,close,1,0,"[{'name': 'fd', 'type': 'int', 'value': 8}]",0,0
18834.590571,7787,7049,0,sshd,ip-10-100-1-26,1005,security_file_open,4,0,"[{'name': 'pathname', 'type': 'const char*', 'value': '/etc/passwd'}, {'name': 'flags', 'type': 'int', 'value': 'O_RDONLY|O_LARGEFILE'}, {'name': 'dev', 'type': 'dev_t', 'value': 211812353}, {'name': 'inode', 'type': 'unsigned long', 'value': 61348}]",0,0
18834.590599,7787,7049,0,sshd,ip-10-100-1-26,257,openat,4,8,"[{'name': 'dirfd', 'type': 'int', 'value': -100}, {'name': 'pathname', 'type': 'const char*', 'value': '/etc/passwd'}, {'name': 'flags', 'type': 'int', 'value': 'O_RDONLY|O_CLOEXEC'}, {'name': 'mode', 'type': 'int', 'value': 1485141596}]",0,0
18834.590625,7787,7049,0,sshd,ip-10-100-1-26,5,fstat,2,0,"[{'name': 'fd', 'type': 'int', 'value': 8}, {'name': 'statbuf', 'type': 'struct stat*', 'value': '0x7FFF752564B0'}]",0,0
18834.590651,7787,7049,0,sshd,ip-10-100-1-26,3,close,1,0,"[{'name': 'fd', 'type': 'int', 'value': 8}]",0,0
18834.590695,7787,7049,0,sshd,ip-10-100-1-26,1005,security_file_open,4,0,"[{'name': 'pathname', 'type': 'const char*', 'value': '/etc/passwd'}, {'name': 'flags', 'type': 'int', 'value': 'O_RDONLY|O_LARGEFILE'}, {'name': 'dev', 'type': 'dev_t', 'value': 211812353}, {'name': 'inode', 'type': 'unsigned long', 'value': 61348}]",0,0
18834.590722,7787,7049,0,sshd,ip-10-100-1-26,257,openat,4,8,"[{'name': 'dirfd', 'type': 'int', 'value': -100}, {'name': 'pathname', 'type': 'const char*', 'value': '/etc/passwd'}, {'name': 'flags', 'type': 'int', 'value': 'O_RDONLY|O_CLOEXEC'}, {'name': 'mode', 'type': 'int', 'value': 1485141596}]",0,0
18834.590747,7787,7049,0,sshd,ip-10-100-1-26,5,fstat,2,0,"[{'name': 'fd', 'type': 'int', 'value': 8}, {'name': 'statbuf', 'type': 'struct stat*', 'value': '0x7FFF752564B0'}]",0,0
18834.590774,7787,7049,0,sshd,ip-10-100-1-26,3,close,1,0,"[{'name': 'fd', 'type': 'int', 'value': 8}]",0,0
18834.59082,7787,7049,0,sshd,ip-10-100-1-26,1005,security_file_open,4,0,"[{'name': 'pathname', 'type': 'const char*', 'value': '/etc/passwd'}, {'name': 'flags', 'type': 'int', 'value': 'O_RDONLY|O_LARGEFILE'}, {'name': 'dev', 'type': 'dev_t', 'value': 211812353}, {'name': 'inode', 'type': 'unsigned long', 'value': 61348}]",0,0
18834.590847,7787,7049,0,sshd,ip-10-100-1-26,257,openat,4,8,"[{'name': 'dirfd', 'type': 'int', 'value': -100}, {'name': 'pathname', 'type': 'const char*', 'value': '/etc/passwd'}, {'name': 'flags', 'type': 'int', 'value': 'O_RDONLY|O_CLOEXEC'}, {'name': 'mode', 'type': 'int', 'value': 1485141596}]",0,0
18834.590873,7787,7049,0,sshd,ip-10-100-1-26,5,fstat,2,0,"[{'name': 'fd', 'type': 'int', 'value': 8}, {'name': 'statbuf', 'type': 'struct stat*', 'value': '0x7FFF752564B0'}]",0,0
18834.5909,7787,7049,0,sshd,ip-10-100-1-26,3,close,1,0,"[{'name': 'fd', 'type': 'int', 'value': 8}]",0,0
18834.590949,7787,7049,0,sshd,ip-10-100-1-26,41,socket,3,8,"[{'name': 'domain', 'type': 'int', 'value': 'AF_NETLINK'}, {'name': 'type', 'type': 'int', 'value': 'SOCK_RAW'}, {'name': 'protocol', 'type': 'int', 'value': 9}]",0,0
18834.590981,7787,7049,0,sshd,ip-10-100-1-26,41,socket,3,9,"[{'name': 'domain', 'type': 'int', 'value': 'AF_NETLINK'}, {'name': 'type', 'type': 'int', 'value': 'SOCK_RAW|SOCK_CLOEXEC'}, {'name': 'protocol', 'type': 'int', 'value': 0}]",0,0
18834.591006,7787,7049,0,sshd,ip-10-100-1-26,49,bind,3,0,"[{'name': 'sockfd', 'type': 'int', 'value': 9}, {'name': 'addr', 'type': 'const void*', 'value': ""{'sa_family': 'AF_NETLINK'}""}, {'name': 'addrlen', 'type': 'int*', 'value': 12}]",0,0
18834.591029,7787,7049,0,sshd,ip-10-100-1-26,51,getsockname,3,0,"[{'name': 'sockfd', 'type': 'int', 'value': 9}, {'name': 'addr', 'type': 'const void*', 'value': ""{'sa_family': 'AF_NETLINK'}""}, {'name': 'addrlen', 'type': 'int*', 'value': '0x7FFF75253C64'}]",0,0
18834.591091,7787,7049,0,sshd,ip-10-100-1-26,3,close,1,0,"[{'name': 'fd', 'type': 'int', 'value': 9}]",0,0
18834.59113,7787,7049,0,sshd,ip-10-100-1-26,1003,cap_capable,1,0,"[{'name': 'cap', 'type': 'int', 'value': 'CAP_AUDIT_WRITE'}]",0,0
18834.591173,7787,7049,0,sshd,ip-10-100-1-26,3,close,1,0,"[{'name': 'fd', 'type': 'int', 'value': 8}]",0,0
18834.59137,159,1,0,systemd-journal,ip-10-100-1-26,1005,security_file_open,4,0,"[{'name': 'pathname', 'type': 'const char*', 'value': '/proc/7787/comm'}, {'name': 'flags', 'type': 'int', 'value': 'O_RDONLY|O_LARGEFILE'}, {'name': 'dev', 'type': 'dev_t', 'value': 5}, {'name': 'inode', 'type': 'unsigned long', 'value': 128006}]",0,0
18834.59142,159,1,0,systemd-journal,ip-10-100-1-26,257,openat,4,34,"[{'name': 'dirfd', 'type': 'int', 'value': -100}, {'name': 'pathname', 'type': 'const char*', 'value': '/proc/7787/comm'}, {'name': 'flags', 'type': 'int', 'value': 'O_RDONLY|O_CLOEXEC'}, {'name': 'mode', 'type': 'int', 'value': 3713515300}]",0,0
18834.591482,159,1,0,systemd-journal,ip-10-100-1-26,5,fstat,2,0,"[{'name': 'fd', 'type': 'int', 'value': 34}, {'name': 'statbuf', 'type': 'struct stat*', 'value': '0x7FFFC5369750'}]",0,0
18834.591541,159,1,0,systemd-journal,ip-10-100-1-26,3,close,1,0,"[{'name': 'fd', 'type': 'int', 'value': 34}]",0,0
18834.591588,159,1,0,systemd-journal,ip-10-100-1-26,1003,cap_capable,1,0,"[{'name': 'cap', 'type': 'int', 'value': 'CAP_SYS_PTRACE'}]",0,0
18834.591669,159,1,0,systemd-journal,ip-10-100-1-26,1005,security_file_open,4,0,"[{'name': 'pathname', 'type': 'const char*', 'value': '/proc/7787/cmdline'}, {'name': 'flags', 'type': 'int', 'value': 'O_RDONLY|O_LARGEFILE'}, {'name': 'dev', 'type': 'dev_t', 'value': 5}, {'name': 'inode', 'type': 'unsigned long', 'value': 128008}]",0,0
18834.59171,159,1,0,systemd-journal,ip-10-100-1-26,257,openat,4,34,"[{'name': 'dirfd', 'type': 'int', 'value': -100}, {'name': 'pathname', 'type': 'const char*', 'value': '/proc/7787/cmdline'}, {'name': 'flags', 'type': 'int', 'value': 'O_RDONLY|O_CLOEXEC'}, {'name': 'mode', 'type': 'int', 'value': 3713515300}]",0,0
18834.591745,159,1,0,systemd-journal,ip-10-100-1-26,5,fstat,2,0,"[{'name': 'fd', 'type': 'int', 'value': 34}, {'name': 'statbuf', 'type': 'struct stat*', 'value': '0x7FFFC53697E0'}]",0,0
18834.591824,159,1,0,systemd-journal,ip-10-100-1-26,3,close,1,0,"[{'name': 'fd', 'type': 'int', 'value': 34}]",0,0
18834.591867,159,1,0,systemd-journal,ip-10-100-1-26,1005,security_file_open,4,0,"[{'name': 'pathname', 'type': 'const char*', 'value': '/proc/7787/status'}, {'name': 'flags', 'type': 'int', 'value': 'O_RDONLY|O_LARGEFILE'}, {'name': 'dev', 'type': 'dev_t', 'value': 5}, {'name': 'inode', 'type': 'unsigned long', 'value': 128009}]",0,0
18834.591906,159,1,0,systemd-journal,ip-10-100-1-26,257,openat,4,34,"[{'name': 'dirfd', 'type': 'int', 'value': -100}, {'name': 'pathname', 'type': 'const char*', 'value': '/proc/7787/status'}, {'name': 'flags', 'type': 'int', 'value': 'O_RDONLY|O_CLOEXEC'}, {'name': 'mode', 'type': 'int', 'value': 3713515300}]",0,0
18834.592018,159,1,0,systemd-journal,ip-10-100-1-26,3,close,1,0,"[{'name': 'fd', 'type': 'int', 'value': 34}]",0,0
18834.59196,159,1,0,systemd-journal,ip-10-100-1-26,5,fstat,2,0,"[{'name': 'fd', 'type': 'int', 'value': 34}, {'name': 'statbuf', 'type': 'struct stat*', 'value': '0x7FFFC5369850'}]",0,0
18834.592065,159,1,0,systemd-journal,ip-10-100-1-26,1005,security_file_open,4,0,"[{'name': 'pathname', 'type': 'const char*', 'value': '/proc/7787/attr/current'}, {'name': 'flags', 'type': 'int', 'value': 'O_RDONLY|O_LARGEFILE'}, {'name': 'dev', 'type': 'dev_t', 'value': 5}, {'name': 'inode', 'type': 'unsigned long', 'value': 128011}]",0,0
18834.592124,159,1,0,systemd-journal,ip-10-100-1-26,257,openat,4,34,"[{'name': 'dirfd', 'type': 'int', 'value': -100}, {'name': 'pathname', 'type': 'const char*', 'value': '/proc/7787/attr/current'}, {'name': 'flags', 'type': 'int', 'value': 'O_RDONLY|O_CLOEXEC'}, {'name': 'mode', 'type': 'int', 'value': 3713515300}]",0,0
18834.59221,159,1,0,systemd-journal,ip-10-100-1-26,1005,security_file_open,4,0,"[{'name': 'pathname', 'type': 'const char*', 'value': '/proc/7787/sessionid'}, {'name': 'flags', 'type': 'int', 'value': 'O_RDONLY|O_LARGEFILE'}, {'name': 'dev', 'type': 'dev_t', 'value': 5}, {'name': 'inode', 'type': 'unsigned long', 'value': 128012}]",0,0
18834.592169,159,1,0,systemd-journal,ip-10-100-1-26,3,close,1,0,"[{'name': 'fd', 'type': 'int', 'value': 34}]",0,0
18834.592249,159,1,0,systemd-journal,ip-10-100-1-26,257,openat,4,34,"[{'name': 'dirfd', 'type': 'int', 'value': -100}, {'name': 'pathname', 'type': 'const char*', 'value': '/proc/7787/sessionid'}, {'name': 'flags', 'type': 'int', 'value': 'O_RDONLY|O_CLOEXEC'}, {'name': 'mode', 'type': 'int', 'value': 3713515300}]",0,0
18834.592317,159,1,0,systemd-journal,ip-10-100-1-26,5,fstat,2,0,"[{'name': 'fd', 'type': 'int', 'value': 34}, {'name': 'statbuf', 'type': 'struct stat*', 'value': '0x7FFFC5369740'}]",0,0
18834.592367,159,1,0,systemd-journal,ip-10-100-1-26,3,close,1,0,"[{'name': 'fd', 'type': 'int', 'value': 34}]",0,0
18834.592409,159,1,0,systemd-journal,ip-10-100-1-26,1005,security_file_open,4,0,"[{'name': 'pathname', 'type': 'const char*', 'value': '/proc/7787/loginuid'}, {'name': 'flags', 'type': 'int', 'value': 'O_RDONLY|O_LARGEFILE'}, {'name': 'dev', 'type': 'dev_t', 'value': 5}, {'name': 'inode', 'type': 'unsigned long', 'value': 128013}]",0,0
18834.592502,159,1,0,systemd-journal,ip-10-100-1-26,5,fstat,2,0,"[{'name': 'fd', 'type': 'int', 'value': 34}, {'name': 'statbuf', 'type': 'struct stat*', 'value': '0x7FFFC5369740'}]",0,0
18834.592448,159,1,0,systemd-journal,ip-10-100-1-26,257,openat,4,34,"[{'name': 'dirfd', 'type': 'int', 'value': -100}, {'name': 'pathname', 'type': 'const char*', 'value': '/proc/7787/loginuid'}, {'name': 'flags', 'type': 'int', 'value': 'O_RDONLY|O_CLOEXEC'}, {'name': 'mode', 'type': 'int', 'value': 3713515300}]",0,0
18834.592591,159,1,0,systemd-journal,ip-10-100-1-26,1005,security_file_open,4,0,"[{'name': 'pathname', 'type': 'const char*', 'value': '/proc/7787/cgroup'}, {'name': 'flags', 'type': 'int', 'value': 'O_RDONLY|O_LARGEFILE'}, {'name': 'dev', 'type': 'dev_t', 'value': 5}, {'name': 'inode', 'type': 'unsigned long', 'value': 128014}]",0,0
18834.592684,159,1,0,systemd-journal,ip-10-100-1-26,5,fstat,2,0,"[{'name': 'fd', 'type': 'int', 'value': 34}, {'name': 'statbuf', 'type': 'struct stat*', 'value': '0x7FFFC53696E0'}]",0,0
18834.592549,159,1,0,systemd-journal,ip-10-100-1-26,3,close,1,0,"[{'name': 'fd', 'type': 'int', 'value': 34}]",0,0
18834.592631,159,1,0,systemd-journal,ip-10-100-1-26,257,openat,4,34,"[{'name': 'dirfd', 'type': 'int', 'value': -100}, {'name': 'pathname', 'type': 'const char*', 'value': '/proc/7787/cgroup'}, {'name': 'flags', 'type': 'int', 'value': 'O_RDONLY|O_CLOEXEC'}, {'name': 'mode', 'type': 'int', 'value': 3713515300}]",0,0
18834.592828,159,1,0,systemd-journal,ip-10-100-1-26,3,close,1,0,"[{'name': 'fd', 'type': 'int', 'value': 34}]",0,0
18834.592905,159,1,0,systemd-journal,ip-10-100-1-26,257,openat,4,-2,"[{'name': 'dirfd', 'type': 'int', 'value': -100}, {'name': 'pathname', 'type': 'const char*', 'value': '/run/systemd/units/log-extra-fields:ssh.service'}, {'name': 'flags', 'type': 'int', 'value': 'O_RDONLY|O_CLOEXEC'}, {'name': 'mode', 'type': 'int', 'value': 3713515300}]",0,0
18834.592969,159,1,0,systemd-journal,ip-10-100-1-26,1003,cap_capable,1,0,"[{'name': 'cap', 'type': 'int', 'value': 'CAP_SYS_ADMIN'}]",0,0
18834.593478,159,1,0,systemd-journal,ip-10-100-1-26,257,openat,4,-2,"[{'name': 'dirfd', 'type': 'int', 'value': -100}, {'name': 'pathname', 'type': 'const char*', 'value': '/run/log/journal/eccc5f402a9947bd86ae939010fadc6a/system.journal'}, {'name': 'flags', 'type': 'int', 'value': 'O_RDWR|O_NONBLOCK|O_CLOEXEC'}, {'name': 'mode', 'type': 'int', 'value': 3713515300}]",0,0
18834.593831,159,1,0,systemd-journal,ip-10-100-1-26,257,openat,4,-2,"[{'name': 'dirfd', 'type': 'int', 'value': -100}, {'name': 'pathname', 'type': 'const char*', 'value': '/run/log/journal/eccc5f402a9947bd86ae939010fadc6a/system.journal'}, {'name': 'flags', 'type': 'int', 'value': 'O_RDWR|O_NONBLOCK|O_CLOEXEC'}, {'name': 'mode', 'type': 'int', 'value': 3713515300}]",0,0
18834.593704,159,1,0,systemd-journal,ip-10-100-1-26,1003,cap_capable,1,0,"[{'name': 'cap', 'type': 'int', 'value': 'CAP_SYS_ADMIN'}]",0,0
18834.594239,159,1,0,systemd-journal,ip-10-100-1-26,257,openat,4,-2,"[{'name': 'dirfd', 'type': 'int', 'value': -100}, {'name': 'pathname', 'type': 'const char*', 'value': '/run/log/journal/eccc5f402a9947bd86ae939010fadc6a/system.journal'}, {'name': 'flags', 'type': 'int', 'value': 'O_RDWR|O_NONBLOCK|O_CLOEXEC'}, {'name': 'mode', 'type': 'int', 'value': 3713515300}]",0,0
18834.594011,159,1,0,systemd-journal,ip-10-100-1-26,1003,cap_capable,1,0,"[{'name': 'cap', 'type': 'int', 'value': 'CAP_SYS_ADMIN'}]",0,0
18834.594406,159,1,0,systemd-journal,ip-10-100-1-26,1003,cap_capable,1,0,"[{'name': 'cap', 'type': 'int', 'value': 'CAP_SYS_ADMIN'}]",0,0
18834.594646,159,1,0,systemd-journal,ip-10-100-1-26,257,openat,4,-2,"[{'name': 'dirfd', 'type': 'int', 'value': -100}, {'name': 'pathname', 'type': 'const char*', 'value': '/run/log/journal/eccc5f402a9947bd86ae939010fadc6a/system.journal'}, {'name': 'flags', 'type': 'int', 'value': 'O_RDWR|O_NONBLOCK|O_CLOEXEC'}, {'name': 'mode', 'type': 'int', 'value': 3713515300}]",0,0
18834.594817,159,1,0,systemd-journal,ip-10-100-1-26,1003,cap_capable,1,0,"[{'name': 'cap', 'type': 'int', 'value': 'CAP_SYS_ADMIN'}]",0,0
18834.595027,159,1,0,systemd-journal,ip-10-100-1-26,257,openat,4,-2,"[{'name': 'dirfd', 'type': 'int', 'value': -100}, {'name': 'pathname', 'type': 'const char*', 'value': '/run/log/journal/eccc5f402a9947bd86ae939010fadc6a/system.journal'}, {'name': 'flags', 'type': 'int', 'value': 'O_RDWR|O_NONBLOCK|O_CLOEXEC'}, {'name': 'mode', 'type': 'int', 'value': 3713515300}]",0,0
18834.595198,159,1,0,systemd-journal,ip-10-100-1-26,1003,cap_capable,1,0,"[{'name': 'cap', 'type': 'int', 'value': 'CAP_SYS_ADMIN'}]",0,0
18834.595406,159,1,0,systemd-journal,ip-10-100-1-26,257,openat,4,-2,"[{'name': 'dirfd', 'type': 'int', 'value': -100}, {'name': 'pathname', 'type': 'const char*', 'value': '/run/log/journal/eccc5f402a9947bd86ae939010fadc6a/system.journal'}, {'name': 'flags', 'type': 'int', 'value': 'O_RDWR|O_NONBLOCK|O_CLOEXEC'}, {'name': 'mode', 'type': 'int', 'value': 3713515300}]",0,0
18836.452068,7788,7049,0,sshd,ip-10-100-1-26,3,close,1,0,"[{'name': 'fd', 'type': 'int', 'value': 5}]",0,0
18836.452299,159,1,0,systemd-journal,ip-10-100-1-26,1005,security_file_open,4,0,"[{'name': 'pathname', 'type': 'const char*', 'value': '/proc/7788/comm'}, {'name': 'flags', 'type': 'int', 'value': 'O_RDONLY|O_LARGEFILE'}, {'name': 'dev', 'type': 'dev_t', 'value': 5}, {'name': 'inode', 'type': 'unsigned long', 'value': 127993}]",0,0
18836.452365,159,1,0,systemd-journal,ip-10-100-1-26,257,openat,4,34,"[{'name': 'dirfd', 'type': 'int', 'value': -100}, {'name': 'pathname', 'type': 'const char*', 'value': '/proc/7788/comm'}, {'name': 'flags', 'type': 'int', 'value': 'O_RDONLY|O_CLOEXEC'}, {'name': 'mode', 'type': 'int', 'value': 3713515300}]",0,0
18836.452517,159,1,0,systemd-journal,ip-10-100-1-26,5,fstat,2,0,"[{'name': 'fd', 'type': 'int', 'value': 34}, {'name': 'statbuf', 'type': 'struct stat*', 'value': '0x7FFFC5369750'}]",0,0
18836.452586,159,1,0,systemd-journal,ip-10-100-1-26,3,close,1,0,"[{'name': 'fd', 'type': 'int', 'value': 34}]",0,0
18836.452659,159,1,0,systemd-journal,ip-10-100-1-26,1003,cap_capable,1,0,"[{'name': 'cap', 'type': 'int', 'value': 'CAP_SYS_PTRACE'}]",0,0
18836.452719,7788,7049,0,sshd,ip-10-100-1-26,1005,security_file_open,4,0,"[{'name': 'pathname', 'type': 'const char*', 'value': '/var/log/btmp'}, {'name': 'flags', 'type': 'int', 'value': 'O_WRONLY|O_APPEND|O_LARGEFILE'}, {'name': 'dev', 'type': 'dev_t', 'value': 211812353}, {'name': 'inode', 'type': 'unsigned long', 'value': 70352}]",0,0
18836.452787,159,1,0,systemd-journal,ip-10-100-1-26,1005,security_file_open,4,0,"[{'name': 'pathname', 'type': 'const char*', 'value': '/proc/7788/cmdline'}, {'name': 'flags', 'type': 'int', 'value': 'O_RDONLY|O_LARGEFILE'}, {'name': 'dev', 'type': 'dev_t', 'value': 5}, {'name': 'inode', 'type': 'unsigned long', 'value': 127995}]",0,0
18836.452852,7788,7049,0,sshd,ip-10-100-1-26,257,openat,4,5,"[{'name': 'dirfd', 'type': 'int', 'value': -100}, {'name': 'pathname', 'type': 'const char*', 'value': '/var/log/btmp'}, {'name': 'flags', 'type': 'int', 'value': 'O_WRONLY|O_APPEND'}, {'name': 'mode', 'type': 'int', 'value': 87658155}]",0,0
18836.452886,7788,7049,0,sshd,ip-10-100-1-26,5,fstat,2,0,"[{'name': 'fd', 'type': 'int', 'value': 5}, {'name': 'statbuf', 'type': 'struct stat*', 'value': '0x7FFDE67FD750'}]",0,0
18836.452918,159,1,0,systemd-journal,ip-10-100-1-26,257,openat,4,34,"[{'name': 'dirfd', 'type': 'int', 'value': -100}, {'name': 'pathname', 'type': 'const char*', 'value': '/proc/7788/cmdline'}, {'name': 'flags', 'type': 'int', 'value': 'O_RDONLY|O_CLOEXEC'}, {'name': 'mode', 'type': 'int', 'value': 3713515300}]",0,0
18836.452955,159,1,0,systemd-journal,ip-10-100-1-26,5,fstat,2,0,"[{'name': 'fd', 'type': 'int', 'value': 34}, {'name': 'statbuf', 'type': 'struct stat*', 'value': '0x7FFFC53697E0'}]",0,0
18836.453455,159,1,0,systemd-journal,ip-10-100-1-26,3,close,1,0,"[{'name': 'fd', 'type': 'int', 'value': 34}]",0,0
18836.453509,159,1,0,systemd-journal,ip-10-100-1-26,1005,security_file_open,4,0,"[{'name': 'pathname', 'type': 'const char*', 'value': '/proc/7788/status'}, {'name': 'flags', 'type': 'int', 'value': 'O_RDONLY|O_LARGEFILE'}, {'name': 'dev', 'type': 'dev_t', 'value': 5}, {'name': 'inode', 'type': 'unsigned long', 'value': 127996}]",0,0
18836.453552,159,1,0,systemd-journal,ip-10-100-1-26,257,openat,4,34,"[{'name': 'dirfd', 'type': 'int', 'value': -100}, {'name': 'pathname', 'type': 'const char*', 'value': '/proc/7788/status'}, {'name': 'flags', 'type': 'int', 'value': 'O_RDONLY|O_CLOEXEC'}, {'name': 'mode', 'type': 'int', 'value': 3713515300}]",0,0
18836.453607,159,1,0,systemd-journal,ip-10-100-1-26,5,fstat,2,0,"[{'name': 'fd', 'type': 'int', 'value': 34}, {'name': 'statbuf', 'type': 'struct stat*', 'value': '0x7FFFC5369850'}]",0,0
18836.453665,159,1,0,systemd-journal,ip-10-100-1-26,3,close,1,0,"[{'name': 'fd', 'type': 'int', 'value': 34}]",0,0
18836.453713,159,1,0,systemd-journal,ip-10-100-1-26,1005,security_file_open,4,0,"[{'name': 'pathname', 'type': 'const char*', 'value': '/proc/7788/attr/current'}, {'name': 'flags', 'type': 'int', 'value': 'O_RDONLY|O_LARGEFILE'}, {'name': 'dev', 'type': 'dev_t', 'value': 5}, {'name': 'inode', 'type': 'unsigned long', 'value': 127998}]",0,0
18836.453774,159,1,0,systemd-journal,ip-10-100-1-26,257,openat,4,34,"[{'name': 'dirfd', 'type': 'int', 'value': -100}, {'name': 'pathname', 'type': 'const char*', 'value': '/proc/7788/attr/current'}, {'name': 'flags', 'type': 'int', 'value': 'O_RDONLY|O_CLOEXEC'}, {'name': 'mode', 'type': 'int', 'value': 3713515300}]",0,0
18836.453818,159,1,0,systemd-journal,ip-10-100-1-26,3,close,1,0,"[{'name': 'fd', 'type': 'int', 'value': 34}]",0,0
18836.453861,159,1,0,systemd-journal,ip-10-100-1-26,1005,security_file_open,4,0,"[{'name': 'pathname', 'type': 'const char*', 'value': '/proc/7788/sessionid'}, {'name': 'flags', 'type': 'int', 'value': 'O_RDONLY|O_LARGEFILE'}, {'name': 'dev', 'type': 'dev_t', 'value': 5}, {'name': 'inode', 'type': 'unsigned long', 'value': 127999}]",0,0
18836.453899,159,1,0,systemd-journal,ip-10-100-1-26,257,openat,4,34,"[{'name': 'dirfd', 'type': 'int', 'value': -100}, {'name': 'pathname', 'type': 'const char*', 'value': '/proc/7788/sessionid'}, {'name': 'flags', 'type': 'int', 'value': 'O_RDONLY|O_CLOEXEC'}, {'name': 'mode', 'type': 'int', 'value': 3713515300}]",0,0
18836.453953,159,1,0,systemd-journal,ip-10-100-1-26,5,fstat,2,0,"[{'name': 'fd', 'type': 'int', 'value': 34}, {'name': 'statbuf', 'type': 'struct stat*', 'value': '0x7FFFC5369740'}]",0,0
18836.454002,159,1,0,systemd-journal,ip-10-100-1-26,3,close,1,0,"[{'name': 'fd', 'type': 'int', 'value': 34}]",0,0
18836.454047,159,1,0,systemd-journal,ip-10-100-1-26,1005,security_file_open,4,0,"[{'name': 'pathname', 'type': 'const char*', 'value': '/proc/7788/loginuid'}, {'name': 'flags', 'type': 'int', 'value': 'O_RDONLY|O_LARGEFILE'}, {'name': 'dev', 'type': 'dev_t', 'value': 5}, {'name': 'inode', 'type': 'unsigned long', 'value': 128000}]",0,0
18836.454086,159,1,0,systemd-journal,ip-10-100-1-26,257,openat,4,34,"[{'name': 'dirfd', 'type': 'int', 'value': -100}, {'name': 'pathname', 'type': 'const char*', 'value': '/proc/7788/loginuid'}, {'name': 'flags', 'type': 'int', 'value': 'O_RDONLY|O_CLOEXEC'}, {'name': 'mode', 'type': 'int', 'value': 3713515300}]",0,0
18836.454139,159,1,0,systemd-journal,ip-10-100-1-26,5,fstat,2,0,"[{'name': 'fd', 'type': 'int', 'value': 34}, {'name': 'statbuf', 'type': 'struct stat*', 'value': '0x7FFFC5369740'}]",0,0
18836.454187,159,1,0,systemd-journal,ip-10-100-1-26,3,close,1,0,"[{'name': 'fd', 'type': 'int', 'value': 34}]",0,0
18836.454346,159,1,0,systemd-journal,ip-10-100-1-26,257,openat,4,34,"[{'name': 'dirfd', 'type': 'int', 'value': -100}, {'name': 'pathname', 'type': 'const char*', 'value': '/proc/7788/cgroup'}, {'name': 'flags', 'type': 'int', 'value': 'O_RDONLY|O_CLOEXEC'}, {'name': 'mode', 'type': 'int', 'value': 3713515300}]",0,0
18836.454389,159,1,0,systemd-journal,ip-10-100-1-26,5,fstat,2,0,"[{'name': 'fd', 'type': 'int', 'value': 34}, {'name': 'statbuf', 'type': 'struct stat*', 'value': '0x7FFFC53696E0'}]",0,0
18836.454228,159,1,0,systemd-journal,ip-10-100-1-26,1005,security_file_open,4,0,"[{'name': 'pathname', 'type': 'const char*', 'value': '/proc/7788/cgroup'}, {'name': 'flags', 'type': 'int', 'value': 'O_RDONLY|O_LARGEFILE'}, {'name': 'dev', 'type': 'dev_t', 'value': 5}, {'name': 'inode', 'type': 'unsigned long', 'value': 128001}]",0,0
18836.454554,159,1,0,systemd-journal,ip-10-100-1-26,3,close,1,0,"[{'name': 'fd', 'type': 'int', 'value': 34}]",0,0
18836.454629,159,1,0,systemd-journal,ip-10-100-1-26,257,openat,4,-2,"[{'name': 'dirfd', 'type': 'int', 'value': -100}, {'name': 'pathname', 'type': 'const char*', 'value': '/run/systemd/units/log-extra-fields:ssh.service'}, {'name': 'flags', 'type': 'int', 'value': 'O_RDONLY|O_CLOEXEC'}, {'name': 'mode', 'type': 'int', 'value': 3713515300}]",0,0
18836.455249,7788,7049,0,sshd,ip-10-100-1-26,3,close,1,0,"[{'name': 'fd', 'type': 'int', 'value': 5}]",0,0
18836.455436,7788,7049,0,sshd,ip-10-100-1-26,3,close,1,0,"[{'name': 'fd', 'type': 'int', 'value': 5}]",0,0
18836.455547,159,1,0,systemd-journal,ip-10-100-1-26,257,openat,4,-2,"[{'name': 'dirfd', 'type': 'int', 'value': -100}, {'name': 'pathname', 'type': 'const char*', 'value': '/run/log/journal/eccc5f402a9947bd86ae939010fadc6a/system.journal'}, {'name': 'flags', 'type': 'int', 'value': 'O_RDWR|O_NONBLOCK|O_CLOEXEC'}, {'name': 'mode', 'type': 'int', 'value': 3713515300}]",0,0
18836.454708,159,1,0,systemd-journal,ip-10-100-1-26,1003,cap_capable,1,0,"[{'name': 'cap', 'type': 'int', 'value': 'CAP_SYS_ADMIN'}]",0,0
18836.45561,159,1,0,systemd-journal,ip-10-100-1-26,5,fstat,2,0,"[{'name': 'fd', 'type': 'int', 'value': 22}, {'name': 'statbuf', 'type': 'struct stat*', 'value': '0x563999544338'}]",0,0
18836.455296,7788,7049,0,sshd,ip-10-100-1-26,41,socket,3,5,"[{'name': 'domain', 'type': 'int', 'value': 'AF_NETLINK'}, {'name': 'type', 'type': 'int', 'value': 'SOCK_RAW'}, {'name': 'protocol', 'type': 'int', 'value': 9}]",0,0
18836.455374,7788,7049,0,sshd,ip-10-100-1-26,1003,cap_capable,1,0,"[{'name': 'cap', 'type': 'int', 'value': 'CAP_AUDIT_WRITE'}]",0,0
18837.06094,159,1,0,systemd-journal,ip-10-100-1-26,1005,security_file_open,4,0,"[{'name': 'pathname', 'type': 'const char*', 'value': '/proc/7787/comm'}, {'name': 'flags', 'type': 'int', 'value': 'O_RDONLY|O_LARGEFILE'}, {'name': 'dev', 'type': 'dev_t', 'value': 5}, {'name': 'inode', 'type': 'unsigned long', 'value': 128006}]",0,0
18837.061111,7787,7049,0,sshd,ip-10-100-1-26,3,close,1,0,"[{'name': 'fd', 'type': 'int', 'value': 5}]",0,0
18837.06117,159,1,0,systemd-journal,ip-10-100-1-26,257,openat,4,34,"[{'name': 'dirfd', 'type': 'int', 'value': -100}, {'name': 'pathname', 'type': 'const char*', 'value': '/proc/7787/comm'}, {'name': 'flags', 'type': 'int', 'value': 'O_RDONLY|O_CLOEXEC'}, {'name': 'mode', 'type': 'int', 'value': 3713515300}]",0,0
18837.061292,7787,7049,0,sshd,ip-10-100-1-26,1005,security_file_open,4,0,"[{'name': 'pathname', 'type': 'const char*', 'value': '/var/log/btmp'}, {'name': 'flags', 'type': 'int', 'value': 'O_WRONLY|O_APPEND|O_LARGEFILE'}, {'name': 'dev', 'type': 'dev_t', 'value': 211812353}, {'name': 'inode', 'type': 'unsigned long', 'value': 70352}]",0,0
18837.06135,159,1,0,systemd-journal,ip-10-100-1-26,5,fstat,2,0,"[{'name': 'fd', 'type': 'int', 'value': 34}, {'name': 'statbuf', 'type': 'struct stat*', 'value': '0x7FFFC5369750'}]",0,0
18837.061408,7787,7049,0,sshd,ip-10-100-1-26,257,openat,4,5,"[{'name': 'dirfd', 'type': 'int', 'value': -100}, {'name': 'pathname', 'type': 'const char*', 'value': '/var/log/btmp'}, {'name': 'flags', 'type': 'int', 'value': 'O_WRONLY|O_APPEND'}, {'name': 'mode', 'type': 'int', 'value': 1485119147}]",0,0
18837.061469,159,1,0,systemd-journal,ip-10-100-1-26,3,close,1,0,"[{'name': 'fd', 'type': 'int', 'value': 34}]",0,0
18837.061507,7787,7049,0,sshd,ip-10-100-1-26,5,fstat,2,0,"[{'name': 'fd', 'type': 'int', 'value': 5}, {'name': 'statbuf', 'type': 'struct stat*', 'value': '0x7FFF75256740'}]",0,0
18837.061663,159,1,0,systemd-journal,ip-10-100-1-26,1003,cap_capable,1,0,"[{'name': 'cap', 'type': 'int', 'value': 'CAP_SYS_PTRACE'}]",0,0
18837.061751,159,1,0,systemd-journal,ip-10-100-1-26,1005,security_file_open,4,0,"[{'name': 'pathname', 'type': 'const char*', 'value': '/proc/7787/cmdline'}, {'name': 'flags', 'type': 'int', 'value': 'O_RDONLY|O_LARGEFILE'}, {'name': 'dev', 'type': 'dev_t', 'value': 5}, {'name': 'inode', 'type': 'unsigned long', 'value': 128008}]",0,0
18837.061854,7787,7049,0,sshd,ip-10-100-1-26,41,socket,3,5,"[{'name': 'domain', 'type': 'int', 'value': 'AF_NETLINK'}, {'name': 'type', 'type': 'int', 'value': 'SOCK_RAW'}, {'name': 'protocol', 'type': 'int', 'value': 9}]",0,0
18837.061798,7787,7049,0,sshd,ip-10-100-1-26,3,close,1,0,"[{'name': 'fd', 'type': 'int', 'value': 5}]",0,0
18837.061902,159,1,0,systemd-journal,ip-10-100-1-26,257,openat,4,34,"[{'name': 'dirfd', 'type': 'int', 'value': -100}, {'name': 'pathname', 'type': 'const char*', 'value': '/proc/7787/cmdline'}, {'name': 'flags', 'type': 'int', 'value': 'O_RDONLY|O_CLOEXEC'}, {'name': 'mode', 'type': 'int', 'value': 3713515300}]",0,0
18837.062081,7787,7049,0,sshd,ip-10-100-1-26,1003,cap_capable,1,0,"[{'name': 'cap', 'type': 'int', 'value': 'CAP_AUDIT_WRITE'}]",0,0
18837.062006,159,1,0,systemd-journal,ip-10-100-1-26,5,fstat,2,0,"[{'name': 'fd', 'type': 'int', 'value': 34}, {'name': 'statbuf', 'type': 'struct stat*', 'value': '0x7FFFC53697E0'}]",0,0
18837.062148,159,1,0,systemd-journal,ip-10-100-1-26,3,close,1,0,"[{'name': 'fd', 'type': 'int', 'value': 34}]",0,0
18837.062342,159,1,0,systemd-journal,ip-10-100-1-26,1005,security_file_open,4,0,"[{'name': 'pathname', 'type': 'const char*', 'value': '/proc/7787/status'}, {'name': 'flags', 'type': 'int', 'value': 'O_RDONLY|O_LARGEFILE'}, {'name': 'dev', 'type': 'dev_t', 'value': 5}, {'name': 'inode', 'type': 'unsigned long', 'value': 128009}]",0,0
18837.062293,7787,7049,0,sshd,ip-10-100-1-26,3,close,1,0,"[{'name': 'fd', 'type': 'int', 'value': 5}]",0,0
18837.062463,159,1,0,systemd-journal,ip-10-100-1-26,257,openat,4,34,"[{'name': 'dirfd', 'type': 'int', 'value': -100}, {'name': 'pathname', 'type': 'const char*', 'value': '/proc/7787/status'}, {'name': 'flags', 'type': 'int', 'value': 'O_RDONLY|O_CLOEXEC'}, {'name': 'mode', 'type': 'int', 'value': 3713515300}]",0,0
18837.062539,159,1,0,systemd-journal,ip-10-100-1-26,5,fstat,2,0,"[{'name': 'fd', 'type': 'int', 'value': 34}, {'name': 'statbuf', 'type': 'struct stat*', 'value': '0x7FFFC5369850'}]",0,0
18837.062625,159,1,0,systemd-journal,ip-10-100-1-26,3,close,1,0,"[{'name': 'fd', 'type': 'int', 'value': 34}]",0,0
18837.062675,159,1,0,systemd-journal,ip-10-100-1-26,1005,security_file_open,4,0,"[{'name': 'pathname', 'type': 'const char*', 'value': '/proc/7787/attr/current'}, {'name': 'flags', 'type': 'int', 'value': 'O_RDONLY|O_LARGEFILE'}, {'name': 'dev', 'type': 'dev_t', 'value': 5}, {'name': 'inode', 'type': 'unsigned long', 'value': 128011}]",0,0
18837.062723,159,1,0,systemd-journal,ip-10-100-1-26,257,openat,4,34,"[{'name': 'dirfd', 'type': 'int', 'value': -100}, {'name': 'pathname', 'type': 'const char*', 'value': '/proc/7787/attr/current'}, {'name': 'flags', 'type': 'int', 'value': 'O_RDONLY|O_CLOEXEC'}, {'name': 'mode', 'type': 'int', 'value': 3713515300}]",0,0
18837.062775,159,1,0,systemd-journal,ip-10-100-1-26,3,close,1,0,"[{'name': 'fd', 'type': 'int', 'value': 34}]",0,0
18837.062832,159,1,0,systemd-journal,ip-10-100-1-26,1005,security_file_open,4,0,"[{'name': 'pathname', 'type': 'const char*', 'value': '/proc/7787/sessionid'}, {'name': 'flags', 'type': 'int', 'value': 'O_RDONLY|O_LARGEFILE'}, {'name': 'dev', 'type': 'dev_t', 'value': 5}, {'name': 'inode', 'type': 'unsigned long', 'value': 128012}]",0,0
18837.062872,159,1,0,systemd-journal,ip-10-100-1-26,257,openat,4,34,"[{'name': 'dirfd', 'type': 'int', 'value': -100}, {'name': 'pathname', 'type': 'const char*', 'value': '/proc/7787/sessionid'}, {'name': 'flags', 'type': 'int', 'value': 'O_RDONLY|O_CLOEXEC'}, {'name': 'mode', 'type': 'int', 'value': 3713515300}]",0,0
18837.062961,159,1,0,systemd-journal,ip-10-100-1-26,3,close,1,0,"[{'name': 'fd', 'type': 'int', 'value': 34}]",0,0
18837.063016,159,1,0,systemd-journal,ip-10-100-1-26,1005,security_file_open,4,0,"[{'name': 'pathname', 'type': 'const char*', 'value': '/proc/7787/loginuid'}, {'name': 'flags', 'type': 'int', 'value': 'O_RDONLY|O_LARGEFILE'}, {'name': 'dev', 'type': 'dev_t', 'value': 5}, {'name': 'inode', 'type': 'unsigned long', 'value': 128013}]",0,0
18837.062906,159,1,0,systemd-journal,ip-10-100-1-26,5,fstat,2,0,"[{'name': 'fd', 'type': 'int', 'value': 34}, {'name': 'statbuf', 'type': 'struct stat*', 'value': '0x7FFFC5369740'}]",0,0
18837.063198,159,1,0,systemd-journal,ip-10-100-1-26,1005,security_file_open,4,0,"[{'name': 'pathname', 'type': 'const char*', 'value': '/proc/7787/cgroup'}, {'name': 'flags', 'type': 'int', 'value': 'O_RDONLY|O_LARGEFILE'}, {'name': 'dev', 'type': 'dev_t', 'value': 5}, {'name': 'inode', 'type': 'unsigned long', 'value': 128014}]",0,0
18837.063089,159,1,0,systemd-journal,ip-10-100-1-26,5,fstat,2,0,"[{'name': 'fd', 'type': 'int', 'value': 34}, {'name': 'statbuf', 'type': 'struct stat*', 'value': '0x7FFFC5369740'}]",0,0
18837.063055,159,1,0,systemd-journal,ip-10-100-1-26,257,openat,4,34,"[{'name': 'dirfd', 'type': 'int', 'value': -100}, {'name': 'pathname', 'type': 'const char*', 'value': '/proc/7787/loginuid'}, {'name': 'flags', 'type': 'int', 'value': 'O_RDONLY|O_CLOEXEC'}, {'name': 'mode', 'type': 'int', 'value': 3713515300}]",0,0
18837.063135,159,1,0,systemd-journal,ip-10-100-1-26,3,close,1,0,"[{'name': 'fd', 'type': 'int', 'value': 34}]",0,0
18837.063241,159,1,0,systemd-journal,ip-10-100-1-26,257,openat,4,34,"[{'name': 'dirfd', 'type': 'int', 'value': -100}, {'name': 'pathname', 'type': 'const char*', 'value': '/proc/7787/cgroup'}, {'name': 'flags', 'type': 'int', 'value': 'O_RDONLY|O_CLOEXEC'}, {'name': 'mode', 'type': 'int', 'value': 3713515300}]",0,0
18837.063276,159,1,0,systemd-journal,ip-10-100-1-26,5,fstat,2,0,"[{'name': 'fd', 'type': 'int', 'value': 34}, {'name': 'statbuf', 'type': 'struct stat*', 'value': '0x7FFFC53696E0'}]",0,0
18837.063437,159,1,0,systemd-journal,ip-10-100-1-26,3,close,1,0,"[{'name': 'fd', 'type': 'int', 'value': 34}]",0,0
18837.063532,159,1,0,systemd-journal,ip-10-100-1-26,257,openat,4,-2,"[{'name': 'dirfd', 'type': 'int', 'value': -100}, {'name': 'pathname', 'type': 'const char*', 'value': '/run/systemd/units/log-extra-fields:ssh.service'}, {'name': 'flags', 'type': 'int', 'value': 'O_RDONLY|O_CLOEXEC'}, {'name': 'mode', 'type': 'int', 'value': 3713515300}]",0,0
18837.063594,159,1,0,systemd-journal,ip-10-100-1-26,1003,cap_capable,1,0,"[{'name': 'cap', 'type': 'int', 'value': 'CAP_SYS_ADMIN'}]",0,0
18837.063892,159,1,0,systemd-journal,ip-10-100-1-26,257,openat,4,-2,"[{'name': 'dirfd', 'type': 'int', 'value': -100}, {'name': 'pathname', 'type': 'const char*', 'value': '/run/log/journal/eccc5f402a9947bd86ae939010fadc6a/system.journal'}, {'name': 'flags', 'type': 'int', 'value': 'O_RDWR|O_NONBLOCK|O_CLOEXEC'}, {'name': 'mode', 'type': 'int', 'value': 3713515300}]",0,0
18838.705572,7788,7049,0,sshd,ip-10-100-1-26,41,socket,3,5,"[{'name': 'domain', 'type': 'int', 'value': 'AF_UNIX'}, {'name': 'type', 'type': 'int', 'value': 'SOCK_DGRAM|SOCK_CLOEXEC'}, {'name': 'protocol', 'type': 'int', 'value': 0}]",0,0
18838.705986,7790,7788,109,sshd,ip-10-100-1-26,1010,sched_process_exit,0,0,[],0,0
18838.706121,7788,7049,0,sshd,ip-10-100-1-26,42,connect,3,0,"[{'name': 'sockfd', 'type': 'int', 'value': 5}, {'name': 'addr', 'type': 'void*', 'value': ""{'sa_family': 'AF_UNIX','sun_path': '/dev/log'}""}, {'name': 'addrlen', 'type': 'int', 'value': 110}]",0,0
18838.706182,7788,7049,0,sshd,ip-10-100-1-26,3,close,1,0,"[{'name': 'fd', 'type': 'int', 'value': 5}]",0,0
18838.70645,159,1,0,systemd-journal,ip-10-100-1-26,1005,security_file_open,4,0,"[{'name': 'pathname', 'type': 'const char*', 'value': '/proc/7788/comm'}, {'name': 'flags', 'type': 'int', 'value': 'O_RDONLY|O_LARGEFILE'}, {'name': 'dev', 'type': 'dev_t', 'value': 5}, {'name': 'inode', 'type': 'unsigned long', 'value': 127993}]",0,0
18838.706521,159,1,0,systemd-journal,ip-10-100-1-26,257,openat,4,34,"[{'name': 'dirfd', 'type': 'int', 'value': -100}, {'name': 'pathname', 'type': 'const char*', 'value': '/proc/7788/comm'}, {'name': 'flags', 'type': 'int', 'value': 'O_RDONLY|O_CLOEXEC'}, {'name': 'mode', 'type': 'int', 'value': 3713515300}]",0,0
18838.706561,159,1,0,systemd-journal,ip-10-100-1-26,5,fstat,2,0,"[{'name': 'fd', 'type': 'int', 'value': 34}, {'name': 'statbuf', 'type': 'struct stat*', 'value': '0x7FFFC5369750'}]",0,0
18838.706621,159,1,0,systemd-journal,ip-10-100-1-26,3,close,1,0,"[{'name': 'fd', 'type': 'int', 'value': 34}]",0,0
18838.706691,159,1,0,systemd-journal,ip-10-100-1-26,1003,cap_capable,1,0,"[{'name': 'cap', 'type': 'int', 'value': 'CAP_SYS_PTRACE'}]",0,0
18838.706765,159,1,0,systemd-journal,ip-10-100-1-26,1005,security_file_open,4,0,"[{'name': 'pathname', 'type': 'const char*', 'value': '/proc/7788/cmdline'}, {'name': 'flags', 'type': 'int', 'value': 'O_RDONLY|O_LARGEFILE'}, {'name': 'dev', 'type': 'dev_t', 'value': 5}, {'name': 'inode', 'type': 'unsigned long', 'value': 127995}]",0,0
18838.706819,159,1,0,systemd-journal,ip-10-100-1-26,257,openat,4,34,"[{'name': 'dirfd', 'type': 'int', 'value': -100}, {'name': 'pathname', 'type': 'const char*', 'value': '/proc/7788/cmdline'}, {'name': 'flags', 'type': 'int', 'value': 'O_RDONLY|O_CLOEXEC'}, {'name': 'mode', 'type': 'int', 'value': 3713515300}]",0,0
18838.706876,159,1,0,systemd-journal,ip-10-100-1-26,5,fstat,2,0,"[{'name': 'fd', 'type': 'int', 'value': 34}, {'name': 'statbuf', 'type': 'struct stat*', 'value': '0x7FFFC53697E0'}]",0,0
18838.706935,159,1,0,systemd-journal,ip-10-100-1-26,3,close,1,0,"[{'name': 'fd', 'type': 'int', 'value': 34}]",0,0
18838.706979,159,1,0,systemd-journal,ip-10-100-1-26,1005,security_file_open,4,0,"[{'name': 'pathname', 'type': 'const char*', 'value': '/proc/7788/status'}, {'name': 'flags', 'type': 'int', 'value': 'O_RDONLY|O_LARGEFILE'}, {'name': 'dev', 'type': 'dev_t', 'value': 5}, {'name': 'inode', 'type': 'unsigned long', 'value': 127996}]",0,0
18838.707062,159,1,0,systemd-journal,ip-10-100-1-26,257,openat,4,34,"[{'name': 'dirfd', 'type': 'int', 'value': -100}, {'name': 'pathname', 'type': 'const char*', 'value': '/proc/7788/status'}, {'name': 'flags', 'type': 'int', 'value': 'O_RDONLY|O_CLOEXEC'}, {'name': 'mode', 'type': 'int', 'value': 3713515300}]",0,0
18838.70712,159,1,0,systemd-journal,ip-10-100-1-26,5,fstat,2,0,"[{'name': 'fd', 'type': 'int', 'value': 34}, {'name': 'statbuf', 'type': 'struct stat*', 'value': '0x7FFFC5369850'}]",0,0
18838.707177,159,1,0,systemd-journal,ip-10-100-1-26,3,close,1,0,"[{'name': 'fd', 'type': 'int', 'value': 34}]",0,0
18838.707246,159,1,0,systemd-journal,ip-10-100-1-26,1005,security_file_open,4,0,"[{'name': 'pathname', 'type': 'const char*', 'value': '/proc/7788/attr/current'}, {'name': 'flags', 'type': 'int', 'value': 'O_RDONLY|O_LARGEFILE'}, {'name': 'dev', 'type': 'dev_t', 'value': 5}, {'name': 'inode', 'type': 'unsigned long', 'value': 127998}]",0,0
18838.707287,159,1,0,systemd-journal,ip-10-100-1-26,257,openat,4,34,"[{'name': 'dirfd', 'type': 'int', 'value': -100}, {'name': 'pathname', 'type': 'const char*', 'value': '/proc/7788/attr/current'}, {'name': 'flags', 'type': 'int', 'value': 'O_RDONLY|O_CLOEXEC'}, {'name': 'mode', 'type': 'int', 'value': 3713515300}]",0,0
18838.70733,159,1,0,systemd-journal,ip-10-100-1-26,3,close,1,0,"[{'name': 'fd', 'type': 'int', 'value': 34}]",0,0
18838.707393,159,1,0,systemd-journal,ip-10-100-1-26,1005,security_file_open,4,0,"[{'name': 'pathname', 'type': 'const char*', 'value': '/proc/7788/sessionid'}, {'name': 'flags', 'type': 'int', 'value': 'O_RDONLY|O_LARGEFILE'}, {'name': 'dev', 'type': 'dev_t', 'value': 5}, {'name': 'inode', 'type': 'unsigned long', 'value': 127999}]",0,0
18838.707478,7788,7049,0,sshd,ip-10-100-1-26,3,close,1,0,"[{'name': 'fd', 'type': 'int', 'value': 7}]",0,0
18838.707516,159,1,0,systemd-journal,ip-10-100-1-26,257,openat,4,34,"[{'name': 'dirfd', 'type': 'int', 'value': -100}, {'name': 'pathname', 'type': 'const char*', 'value': '/proc/7788/sessionid'}, {'name': 'flags', 'type': 'int', 'value': 'O_RDONLY|O_CLOEXEC'}, {'name': 'mode', 'type': 'int', 'value': 3713515300}]",0,0
18838.707573,159,1,0,systemd-journal,ip-10-100-1-26,5,fstat,2,0,"[{'name': 'fd', 'type': 'int', 'value': 34}, {'name': 'statbuf', 'type': 'struct stat*', 'value': '0x7FFFC5369740'}]",0,0
18838.707622,159,1,0,systemd-journal,ip-10-100-1-26,3,close,1,0,"[{'name': 'fd', 'type': 'int', 'value': 34}]",0,0
18838.707701,7788,7049,0,sshd,ip-10-100-1-26,41,socket,3,5,"[{'name': 'domain', 'type': 'int', 'value': 'AF_UNIX'}, {'name': 'type', 'type': 'int', 'value': 'SOCK_DGRAM|SOCK_CLOEXEC'}, {'name': 'protocol', 'type': 'int', 'value': 0}]",0,0
18838.707787,159,1,0,systemd-journal,ip-10-100-1-26,1005,security_file_open,4,0,"[{'name': 'pathname', 'type': 'const char*', 'value': '/proc/7788/loginuid'}, {'name': 'flags', 'type': 'int', 'value': 'O_RDONLY|O_LARGEFILE'}, {'name': 'dev', 'type': 'dev_t', 'value': 5}, {'name': 'inode', 'type': 'unsigned long', 'value': 128000}]",0,0
18838.707827,159,1,0,systemd-journal,ip-10-100-1-26,257,openat,4,34,"[{'name': 'dirfd', 'type': 'int', 'value': -100}, {'name': 'pathname', 'type': 'const char*', 'value': '/proc/7788/loginuid'}, {'name': 'flags', 'type': 'int', 'value': 'O_RDONLY|O_CLOEXEC'}, {'name': 'mode', 'type': 'int', 'value': 3713515300}]",0,0
18838.707861,7788,7049,0,sshd,ip-10-100-1-26,42,connect,3,0,"[{'name': 'sockfd', 'type': 'int', 'value': 5}, {'name': 'addr', 'type': 'void*', 'value': ""{'sa_family': 'AF_UNIX','sun_path': '/dev/log'}""}, {'name': 'addrlen', 'type': 'int', 'value': 110}]",0,0
18838.707901,159,1,0,systemd-journal,ip-10-100-1-26,5,fstat,2,0,"[{'name': 'fd', 'type': 'int', 'value': 34}, {'name': 'statbuf', 'type': 'struct stat*', 'value': '0x7FFFC5369740'}]",0,0
18838.708258,159,1,0,systemd-journal,ip-10-100-1-26,257,openat,4,34,"[{'name': 'dirfd', 'type': 'int', 'value': -100}, {'name': 'pathname', 'type': 'const char*', 'value': '/proc/7788/cgroup'}, {'name': 'flags', 'type': 'int', 'value': 'O_RDONLY|O_CLOEXEC'}, {'name': 'mode', 'type': 'int', 'value': 3713515300}]",0,0
18838.708148,159,1,0,systemd-journal,ip-10-100-1-26,3,close,1,0,"[{'name': 'fd', 'type': 'int', 'value': 34}]",0,0
18838.708215,159,1,0,systemd-journal,ip-10-100-1-26,1005,security_file_open,4,0,"[{'name': 'pathname', 'type': 'const char*', 'value': '/proc/7788/cgroup'}, {'name': 'flags', 'type': 'int', 'value': 'O_RDONLY|O_LARGEFILE'}, {'name': 'dev', 'type': 'dev_t', 'value': 5}, {'name': 'inode', 'type': 'unsigned long', 'value': 128001}]",0,0
18838.708674,159,1,0,systemd-journal,ip-10-100-1-26,3,close,1,0,"[{'name': 'fd', 'type': 'int', 'value': 34}]",0,0
18838.708505,159,1,0,systemd-journal,ip-10-100-1-26,5,fstat,2,0,"[{'name': 'fd', 'type': 'int', 'value': 34}, {'name': 'statbuf', 'type': 'struct stat*', 'value': '0x7FFFC53696E0'}]",0,0
18838.708749,7788,7049,0,sshd,ip-10-100-1-26,1003,cap_capable,1,0,"[{'name': 'cap', 'type': 'int', 'value': 'CAP_KILL'}]",0,0
18838.708788,7788,7049,0,sshd,ip-10-100-1-26,62,kill,2,0,"[{'name': 'pid', 'type': 'pid_t', 'value': 7790}, {'name': 'sig', 'type': 'int', 'value': 9}]",0,0
18838.709066,159,1,0,systemd-journal,ip-10-100-1-26,1003,cap_capable,1,0,"[{'name': 'cap', 'type': 'int', 'value': 'CAP_SYS_ADMIN'}]",0,0
18838.709809,7788,7049,0,sshd,ip-10-100-1-26,1010,sched_process_exit,0,0,[],0,0
18838.710088,7049,1,0,sshd,ip-10-100-1-26,3,close,1,0,"[{'name': 'fd', 'type': 'int', 'value': 7}]",0,0
18838.710168,159,1,0,systemd-journal,ip-10-100-1-26,1003,cap_capable,1,0,"[{'name': 'cap', 'type': 'int', 'value': 'CAP_SYS_ADMIN'}]",0,0
18838.709625,159,1,0,systemd-journal,ip-10-100-1-26,257,openat,4,-2,"[{'name': 'dirfd', 'type': 'int', 'value': -100}, {'name': 'pathname', 'type': 'const char*', 'value': '/run/log/journal/eccc5f402a9947bd86ae939010fadc6a/system.journal'}, {'name': 'flags', 'type': 'int', 'value': 'O_RDWR|O_NONBLOCK|O_CLOEXEC'}, {'name': 'mode', 'type': 'int', 'value': 3713515300}]",0,0
18838.70888,159,1,0,systemd-journal,ip-10-100-1-26,257,openat,4,-2,"[{'name': 'dirfd', 'type': 'int', 'value': -100}, {'name': 'pathname', 'type': 'const char*', 'value': '/run/systemd/units/log-extra-fields:ssh.service'}, {'name': 'flags', 'type': 'int', 'value': 'O_RDONLY|O_CLOEXEC'}, {'name': 'mode', 'type': 'int', 'value': 3713515300}]",0,0
18838.710337,1,0,0,systemd,ip-10-100-1-26,1005,security_file_open,4,0,"[{'name': 'pathname', 'type': 'const char*', 'value': '/proc/7790/comm'}, {'name': 'flags', 'type': 'int', 'value': 'O_RDONLY|O_LARGEFILE'}, {'name': 'dev', 'type': 'dev_t', 'value': 5}, {'name': 'inode', 'type': 'unsigned long', 'value': 128028}]",0,0
18838.710383,1,0,0,systemd,ip-10-100-1-26,257,openat,4,12,"[{'name': 'dirfd', 'type': 'int', 'value': -100}, {'name': 'pathname', 'type': 'const char*', 'value': '/proc/7790/comm'}, {'name': 'flags', 'type': 'int', 'value': 'O_RDONLY|O_CLOEXEC'}, {'name': 'mode', 'type': 'int', 'value': 1640750884}]",0,0
18838.710409,1,0,0,systemd,ip-10-100-1-26,5,fstat,2,0,"[{'name': 'fd', 'type': 'int', 'value': 12}, {'name': 'statbuf', 'type': 'struct stat*', 'value': '0x7FFCEA401880'}]",0,0
18838.710449,1,0,0,systemd,ip-10-100-1-26,3,close,1,0,"[{'name': 'fd', 'type': 'int', 'value': 12}]",0,0
18838.710529,1,0,0,systemd,ip-10-100-1-26,1005,security_file_open,4,0,"[{'name': 'pathname', 'type': 'const char*', 'value': '/proc/7790/comm'}, {'name': 'flags', 'type': 'int', 'value': 'O_RDONLY|O_LARGEFILE'}, {'name': 'dev', 'type': 'dev_t', 'value': 5}, {'name': 'inode', 'type': 'unsigned long', 'value': 128028}]",0,0
18838.710556,1,0,0,systemd,ip-10-100-1-26,257,openat,4,12,"[{'name': 'dirfd', 'type': 'int', 'value': -100}, {'name': 'pathname', 'type': 'const char*', 'value': '/proc/7790/comm'}, {'name': 'flags', 'type': 'int', 'value': 'O_RDONLY|O_CLOEXEC'}, {'name': 'mode', 'type': 'int', 'value': 1640750884}]",0,0
18838.710578,1,0,0,systemd,ip-10-100-1-26,5,fstat,2,0,"[{'name': 'fd', 'type': 'int', 'value': 12}, {'name': 'statbuf', 'type': 'struct stat*', 'value': '0x7FFCEA401890'}]",0,0
18838.710614,1,0,0,systemd,ip-10-100-1-26,3,close,1,0,"[{'name': 'fd', 'type': 'int', 'value': 12}]",0,0
18838.710643,1,0,0,systemd,ip-10-100-1-26,1005,security_file_open,4,0,"[{'name': 'pathname', 'type': 'const char*', 'value': '/proc/7790/cgroup'}, {'name': 'flags', 'type': 'int', 'value': 'O_RDONLY|O_LARGEFILE'}, {'name': 'dev', 'type': 'dev_t', 'value': 5}, {'name': 'inode', 'type': 'unsigned long', 'value': 128029}]",0,0
18838.710669,1,0,0,systemd,ip-10-100-1-26,257,openat,4,12,"[{'name': 'dirfd', 'type': 'int', 'value': -100}, {'name': 'pathname', 'type': 'const char*', 'value': '/proc/7790/cgroup'}, {'name': 'flags', 'type': 'int', 'value': 'O_RDONLY|O_CLOEXEC'}, {'name': 'mode', 'type': 'int', 'value': 1640750884}]",0,0
18838.71069,1,0,0,systemd,ip-10-100-1-26,5,fstat,2,0,"[{'name': 'fd', 'type': 'int', 'value': 12}, {'name': 'statbuf', 'type': 'struct stat*', 'value': '0x7FFCEA401830'}]",0,0
18838.710789,1,0,0,systemd,ip-10-100-1-26,3,close,1,0,"[{'name': 'fd', 'type': 'int', 'value': 12}]",0,0
18838.710828,1,0,0,systemd,ip-10-100-1-26,257,openat,4,-2,"[{'name': 'dirfd', 'type': 'int', 'value': -100}, {'name': 'pathname', 'type': 'const char*', 'value': '/sys/fs/cgroup/memory/system.slice/ssh.service/memory.events'}, {'name': 'flags', 'type': 'int', 'value': 'O_RDONLY|O_CLOEXEC'}, {'name': 'mode', 'type': 'int', 'value': 1640750884}]",0,0
18838.711205,159,1,0,systemd-journal,ip-10-100-1-26,257,openat,4,-2,"[{'name': 'dirfd', 'type': 'int', 'value': -100}, {'name': 'pathname', 'type': 'const char*', 'value': '/run/log/journal/eccc5f402a9947bd86ae939010fadc6a/system.journal'}, {'name': 'flags', 'type': 'int', 'value': 'O_RDWR|O_NONBLOCK|O_CLOEXEC'}, {'name': 'mode', 'type': 'int', 'value': 3713515300}]",0,0
18839.178887,7789,7787,109,sshd,ip-10-100-1-26,1010,sched_process_exit,0,0,[],0,0
18839.179183,7787,7049,0,sshd,ip-10-100-1-26,41,socket,3,5,"[{'name': 'domain', 'type': 'int', 'value': 'AF_UNIX'}, {'name': 'type', 'type': 'int', 'value': 'SOCK_DGRAM|SOCK_CLOEXEC'}, {'name': 'protocol', 'type': 'int', 'value': 0}]",0,0
18839.179321,7787,7049,0,sshd,ip-10-100-1-26,42,connect,3,0,"[{'name': 'sockfd', 'type': 'int', 'value': 5}, {'name': 'addr', 'type': 'void*', 'value': ""{'sa_family': 'AF_UNIX','sun_path': '/dev/log'}""}, {'name': 'addrlen', 'type': 'int', 'value': 110}]",0,0
18839.179375,7787,7049,0,sshd,ip-10-100-1-26,3,close,1,0,"[{'name': 'fd', 'type': 'int', 'value': 5}]",0,0
18839.179638,159,1,0,systemd-journal,ip-10-100-1-26,1005,security_file_open,4,0,"[{'name': 'pathname', 'type': 'const char*', 'value': '/proc/7787/comm'}, {'name': 'flags', 'type': 'int', 'value': 'O_RDONLY|O_LARGEFILE'}, {'name': 'dev', 'type': 'dev_t', 'value': 5}, {'name': 'inode', 'type': 'unsigned long', 'value': 128006}]",0,0
18839.179688,159,1,0,systemd-journal,ip-10-100-1-26,257,openat,4,34,"[{'name': 'dirfd', 'type': 'int', 'value': -100}, {'name': 'pathname', 'type': 'const char*', 'value': '/proc/7787/comm'}, {'name': 'flags', 'type': 'int', 'value': 'O_RDONLY|O_CLOEXEC'}, {'name': 'mode', 'type': 'int', 'value': 3713515300}]",0,0
18839.17974,159,1,0,systemd-journal,ip-10-100-1-26,5,fstat,2,0,"[{'name': 'fd', 'type': 'int', 'value': 34}, {'name': 'statbuf', 'type': 'struct stat*', 'value': '0x7FFFC5369750'}]",0,0
18839.179829,159,1,0,systemd-journal,ip-10-100-1-26,3,close,1,0,"[{'name': 'fd', 'type': 'int', 'value': 34}]",0,0
18839.179874,159,1,0,systemd-journal,ip-10-100-1-26,1003,cap_capable,1,0,"[{'name': 'cap', 'type': 'int', 'value': 'CAP_SYS_PTRACE'}]",0,0
18839.179952,159,1,0,systemd-journal,ip-10-100-1-26,1005,security_file_open,4,0,"[{'name': 'pathname', 'type': 'const char*', 'value': '/proc/7787/cmdline'}, {'name': 'flags', 'type': 'int', 'value': 'O_RDONLY|O_LARGEFILE'}, {'name': 'dev', 'type': 'dev_t', 'value': 5}, {'name': 'inode', 'type': 'unsigned long', 'value': 128008}]",0,0
18839.179989,159,1,0,systemd-journal,ip-10-100-1-26,257,openat,4,34,"[{'name': 'dirfd', 'type': 'int', 'value': -100}, {'name': 'pathname', 'type': 'const char*', 'value': '/proc/7787/cmdline'}, {'name': 'flags', 'type': 'int', 'value': 'O_RDONLY|O_CLOEXEC'}, {'name': 'mode', 'type': 'int', 'value': 3713515300}]",0,0
18839.180021,159,1,0,systemd-journal,ip-10-100-1-26,5,fstat,2,0,"[{'name': 'fd', 'type': 'int', 'value': 34}, {'name': 'statbuf', 'type': 'struct stat*', 'value': '0x7FFFC53697E0'}]",0,0
18839.180074,159,1,0,systemd-journal,ip-10-100-1-26,3,close,1,0,"[{'name': 'fd', 'type': 'int', 'value': 34}]",0,0
18839.180134,159,1,0,systemd-journal,ip-10-100-1-26,1005,security_file_open,4,0,"[{'name': 'pathname', 'type': 'const char*', 'value': '/proc/7787/status'}, {'name': 'flags', 'type': 'int', 'value': 'O_RDONLY|O_LARGEFILE'}, {'name': 'dev', 'type': 'dev_t', 'value': 5}, {'name': 'inode', 'type': 'unsigned long', 'value': 128009}]",0,0
18839.180173,159,1,0,systemd-journal,ip-10-100-1-26,257,openat,4,34,"[{'name': 'dirfd', 'type': 'int', 'value': -100}, {'name': 'pathname', 'type': 'const char*', 'value': '/proc/7787/status'}, {'name': 'flags', 'type': 'int', 'value': 'O_RDONLY|O_CLOEXEC'}, {'name': 'mode', 'type': 'int', 'value': 3713515300}]",0,0
18839.180203,159,1,0,systemd-journal,ip-10-100-1-26,5,fstat,2,0,"[{'name': 'fd', 'type': 'int', 'value': 34}, {'name': 'statbuf', 'type': 'struct stat*', 'value': '0x7FFFC5369850'}]",0,0
18839.180255,159,1,0,systemd-journal,ip-10-100-1-26,3,close,1,0,"[{'name': 'fd', 'type': 'int', 'value': 34}]",0,0
18839.18033,159,1,0,systemd-journal,ip-10-100-1-26,1005,security_file_open,4,0,"[{'name': 'pathname', 'type': 'const char*', 'value': '/proc/7787/attr/current'}, {'name': 'flags', 'type': 'int', 'value': 'O_RDONLY|O_LARGEFILE'}, {'name': 'dev', 'type': 'dev_t', 'value': 5}, {'name': 'inode', 'type': 'unsigned long', 'value': 128011}]",0,0
18839.180369,159,1,0,systemd-journal,ip-10-100-1-26,257,openat,4,34,"[{'name': 'dirfd', 'type': 'int', 'value': -100}, {'name': 'pathname', 'type': 'const char*', 'value': '/proc/7787/attr/current'}, {'name': 'flags', 'type': 'int', 'value': 'O_RDONLY|O_CLOEXEC'}, {'name': 'mode', 'type': 'int', 'value': 3713515300}]",0,0
18839.180409,159,1,0,systemd-journal,ip-10-100-1-26,3,close,1,0,"[{'name': 'fd', 'type': 'int', 'value': 34}]",0,0
18839.180482,159,1,0,systemd-journal,ip-10-100-1-26,1005,security_file_open,4,0,"[{'name': 'pathname', 'type': 'const char*', 'value': '/proc/7787/sessionid'}, {'name': 'flags', 'type': 'int', 'value': 'O_RDONLY|O_LARGEFILE'}, {'name': 'dev', 'type': 'dev_t', 'value': 5}, {'name': 'inode', 'type': 'unsigned long', 'value': 128012}]",0,0
18839.180543,7787,7049,0,sshd,ip-10-100-1-26,3,close,1,0,"[{'name': 'fd', 'type': 'int', 'value': 7}]",0,0
18839.180579,159,1,0,systemd-journal,ip-10-100-1-26,257,openat,4,34,"[{'name': 'dirfd', 'type': 'int', 'value': -100}, {'name': 'pathname', 'type': 'const char*', 'value': '/proc/7787/sessionid'}, {'name': 'flags', 'type': 'int', 'value': 'O_RDONLY|O_CLOEXEC'}, {'name': 'mode', 'type': 'int', 'value': 3713515300}]",0,0
18839.180659,159,1,0,systemd-journal,ip-10-100-1-26,5,fstat,2,0,"[{'name': 'fd', 'type': 'int', 'value': 34}, {'name': 'statbuf', 'type': 'struct stat*', 'value': '0x7FFFC5369740'}]",0,0
18839.180737,7787,7049,0,sshd,ip-10-100-1-26,41,socket,3,5,"[{'name': 'domain', 'type': 'int', 'value': 'AF_UNIX'}, {'name': 'type', 'type': 'int', 'value': 'SOCK_DGRAM|SOCK_CLOEXEC'}, {'name': 'protocol', 'type': 'int', 'value': 0}]",0,0
18839.180825,159,1,0,systemd-journal,ip-10-100-1-26,3,close,1,0,"[{'name': 'fd', 'type': 'int', 'value': 34}]",0,0
18839.180866,159,1,0,systemd-journal,ip-10-100-1-26,1005,security_file_open,4,0,"[{'name': 'pathname', 'type': 'const char*', 'value': '/proc/7787/loginuid'}, {'name': 'flags', 'type': 'int', 'value': 'O_RDONLY|O_LARGEFILE'}, {'name': 'dev', 'type': 'dev_t', 'value': 5}, {'name': 'inode', 'type': 'unsigned long', 'value': 128013}]",0,0
18839.180911,7787,7049,0,sshd,ip-10-100-1-26,42,connect,3,0,"[{'name': 'sockfd', 'type': 'int', 'value': 5}, {'name': 'addr', 'type': 'void*', 'value': ""{'sun_path': '/dev/log','sa_family': 'AF_UNIX'}""}, {'name': 'addrlen', 'type': 'int', 'value': 110}]",0,0
18839.180943,159,1,0,systemd-journal,ip-10-100-1-26,257,openat,4,34,"[{'name': 'dirfd', 'type': 'int', 'value': -100}, {'name': 'pathname', 'type': 'const char*', 'value': '/proc/7787/loginuid'}, {'name': 'flags', 'type': 'int', 'value': 'O_RDONLY|O_CLOEXEC'}, {'name': 'mode', 'type': 'int', 'value': 3713515300}]",0,0
18839.180994,159,1,0,systemd-journal,ip-10-100-1-26,5,fstat,2,0,"[{'name': 'fd', 'type': 'int', 'value': 34}, {'name': 'statbuf', 'type': 'struct stat*', 'value': '0x7FFFC5369740'}]",0,0
18839.181179,159,1,0,systemd-journal,ip-10-100-1-26,3,close,1,0,"[{'name': 'fd', 'type': 'int', 'value': 34}]",0,0
18839.18123,159,1,0,systemd-journal,ip-10-100-1-26,1005,security_file_open,4,0,"[{'name': 'pathname', 'type': 'const char*', 'value': '/proc/7787/cgroup'}, {'name': 'flags', 'type': 'int', 'value': 'O_RDONLY|O_LARGEFILE'}, {'name': 'dev', 'type': 'dev_t', 'value': 5}, {'name': 'inode', 'type': 'unsigned long', 'value': 128014}]",0,0
18839.181283,159,1,0,systemd-journal,ip-10-100-1-26,257,openat,4,34,"[{'name': 'dirfd', 'type': 'int', 'value': -100}, {'name': 'pathname', 'type': 'const char*', 'value': '/proc/7787/cgroup'}, {'name': 'flags', 'type': 'int', 'value': 'O_RDONLY|O_CLOEXEC'}, {'name': 'mode', 'type': 'int', 'value': 3713515300}]",0,0
18839.182425,159,1,0,systemd-journal,ip-10-100-1-26,5,fstat,2,0,"[{'name': 'fd', 'type': 'int', 'value': 34}, {'name': 'statbuf', 'type': 'struct stat*', 'value': '0x7FFFC53696E0'}]",0,0
18839.182603,159,1,0,systemd-journal,ip-10-100-1-26,3,close,1,0,"[{'name': 'fd', 'type': 'int', 'value': 34}]",0,0
18839.182754,159,1,0,systemd-journal,ip-10-100-1-26,257,openat,4,-2,"[{'name': 'dirfd', 'type': 'int', 'value': -100}, {'name': 'pathname', 'type': 'const char*', 'value': '/run/systemd/units/log-extra-fields:ssh.service'}, {'name': 'flags', 'type': 'int', 'value': 'O_RDONLY|O_CLOEXEC'}, {'name': 'mode', 'type': 'int', 'value': 3713515300}]",0,0
18839.182889,7787,7049,0,sshd,ip-10-100-1-26,1003,cap_capable,1,0,"[{'name': 'cap', 'type': 'int', 'value': 'CAP_KILL'}]",0,0
18839.182914,7787,7049,0,sshd,ip-10-100-1-26,62,kill,2,0,"[{'name': 'pid', 'type': 'pid_t', 'value': 7789}, {'name': 'sig', 'type': 'int', 'value': 9}]",0,0
18839.182973,159,1,0,systemd-journal,ip-10-100-1-26,1003,cap_capable,1,0,"[{'name': 'cap', 'type': 'int', 'value': 'CAP_SYS_ADMIN'}]",0,0
18839.184238,159,1,0,systemd-journal,ip-10-100-1-26,257,openat,4,-2,"[{'name': 'dirfd', 'type': 'int', 'value': -100}, {'name': 'pathname', 'type': 'const char*', 'value': '/run/log/journal/eccc5f402a9947bd86ae939010fadc6a/system.journal'}, {'name': 'flags', 'type': 'int', 'value': 'O_RDWR|O_NONBLOCK|O_CLOEXEC'}, {'name': 'mode', 'type': 'int', 'value': 3713515300}]",0,0
18839.185794,7787,7049,0,sshd,ip-10-100-1-26,1010,sched_process_exit,0,0,[],0,0
18839.185911,159,1,0,systemd-journal,ip-10-100-1-26,1003,cap_capable,1,0,"[{'name': 'cap', 'type': 'int', 'value': 'CAP_SYS_ADMIN'}]",0,0
18839.186516,159,1,0,systemd-journal,ip-10-100-1-26,257,openat,4,-2,"[{'name': 'dirfd', 'type': 'int', 'value': -100}, {'name': 'pathname', 'type': 'const char*', 'value': '/run/log/journal/eccc5f402a9947bd86ae939010fadc6a/system.journal'}, {'name': 'flags', 'type': 'int', 'value': 'O_RDWR|O_NONBLOCK|O_CLOEXEC'}, {'name': 'mode', 'type': 'int', 'value': 3713515300}]",0,0
18839.186735,7049,1,0,sshd,ip-10-100-1-26,3,close,1,0,"[{'name': 'fd', 'type': 'int', 'value': 6}]",0,0
18839.188778,1,0,0,systemd,ip-10-100-1-26,1005,security_file_open,4,0,"[{'name': 'pathname', 'type': 'const char*', 'value': '/proc/7789/comm'}, {'name': 'flags', 'type': 'int', 'value': 'O_RDONLY|O_LARGEFILE'}, {'name': 'dev', 'type': 'dev_t', 'value': 5}, {'name': 'inode', 'type': 'unsigned long', 'value': 128033}]",0,0
18839.188825,1,0,0,systemd,ip-10-100-1-26,257,openat,4,12,"[{'name': 'dirfd', 'type': 'int', 'value': -100}, {'name': 'pathname', 'type': 'const char*', 'value': '/proc/7789/comm'}, {'name': 'flags', 'type': 'int', 'value': 'O_RDONLY|O_CLOEXEC'}, {'name': 'mode', 'type': 'int', 'value': 1640750884}]",0,0
18839.188852,1,0,0,systemd,ip-10-100-1-26,5,fstat,2,0,"[{'name': 'fd', 'type': 'int', 'value': 12}, {'name': 'statbuf', 'type': 'struct stat*', 'value': '0x7FFCEA401880'}]",0,0
18839.188892,1,0,0,systemd,ip-10-100-1-26,3,close,1,0,"[{'name': 'fd', 'type': 'int', 'value': 12}]",0,0
18839.188971,1,0,0,systemd,ip-10-100-1-26,1005,security_file_open,4,0,"[{'name': 'pathname', 'type': 'const char*', 'value': '/proc/7789/comm'}, {'name': 'flags', 'type': 'int', 'value': 'O_RDONLY|O_LARGEFILE'}, {'name': 'dev', 'type': 'dev_t', 'value': 5}, {'name': 'inode', 'type': 'unsigned long', 'value': 128033}]",0,0
18839.189056,1,0,0,systemd,ip-10-100-1-26,3,close,1,0,"[{'name': 'fd', 'type': 'int', 'value': 12}]",0,0
18839.189111,1,0,0,systemd,ip-10-100-1-26,257,openat,4,12,"[{'name': 'dirfd', 'type': 'int', 'value': -100}, {'name': 'pathname', 'type': 'const char*', 'value': '/proc/7789/cgroup'}, {'name': 'flags', 'type': 'int', 'value': 'O_RDONLY|O_CLOEXEC'}, {'name': 'mode', 'type': 'int', 'value': 1640750884}]",0,0
18839.188999,1,0,0,systemd,ip-10-100-1-26,257,openat,4,12,"[{'name': 'dirfd', 'type': 'int', 'value': -100}, {'name': 'pathname', 'type': 'const char*', 'value': '/proc/7789/comm'}, {'name': 'flags', 'type': 'int', 'value': 'O_RDONLY|O_CLOEXEC'}, {'name': 'mode', 'type': 'int', 'value': 1640750884}]",0,0
18839.189085,1,0,0,systemd,ip-10-100-1-26,1005,security_file_open,4,0,"[{'name': 'pathname', 'type': 'const char*', 'value': '/proc/7789/cgroup'}, {'name': 'flags', 'type': 'int', 'value': 'O_RDONLY|O_LARGEFILE'}, {'name': 'dev', 'type': 'dev_t', 'value': 5}, {'name': 'inode', 'type': 'unsigned long', 'value': 128034}]",0,0
18839.189132,1,0,0,systemd,ip-10-100-1-26,5,fstat,2,0,"[{'name': 'fd', 'type': 'int', 'value': 12}, {'name': 'statbuf', 'type': 'struct stat*', 'value': '0x7FFCEA401830'}]",0,0
18839.18902,1,0,0,systemd,ip-10-100-1-26,5,fstat,2,0,"[{'name': 'fd', 'type': 'int', 'value': 12}, {'name': 'statbuf', 'type': 'struct stat*', 'value': '0x7FFCEA401890'}]",0,0
18839.189231,1,0,0,systemd,ip-10-100-1-26,3,close,1,0,"[{'name': 'fd', 'type': 'int', 'value': 12}]",0,0
18839.18927,1,0,0,systemd,ip-10-100-1-26,257,openat,4,-2,"[{'name': 'dirfd', 'type': 'int', 'value': -100}, {'name': 'pathname', 'type': 'const char*', 'value': '/sys/fs/cgroup/memory/system.slice/ssh.service/memory.events'}, {'name': 'flags', 'type': 'int', 'value': 'O_RDONLY|O_CLOEXEC'}, {'name': 'mode', 'type': 'int', 'value': 1640750884}]",0,0
18847.887684,488,1,0,cron,ip-10-100-1-26,4,stat,2,0,"[{'name': 'pathname', 'type': 'const char*', 'value': '/etc/localtime'}, {'name': 'statbuf', 'type': 'struct stat*', 'value': '0x7FFE6DC752F0'}]",0,0
18847.88792,488,1,0,cron,ip-10-100-1-26,4,stat,2,0,"[{'name': 'pathname', 'type': 'const char*', 'value': 'crontabs'}, {'name': 'statbuf', 'type': 'struct stat*', 'value': '0x7FFE6DC730E0'}]",0,0
18847.88797,488,1,0,cron,ip-10-100-1-26,4,stat,2,0,"[{'name': 'pathname', 'type': 'const char*', 'value': '/etc/crontab'}, {'name': 'statbuf', 'type': 'struct stat*', 'value': '0x7FFE6DC73170'}]",0,0
18847.888006,488,1,0,cron,ip-10-100-1-26,4,stat,2,0,"[{'name': 'pathname', 'type': 'const char*', 'value': '/etc/cron.d'}, {'name': 'statbuf', 'type': 'struct stat*', 'value': '0x7FFE6DC73200'}]",0,0
18847.888048,488,1,0,cron,ip-10-100-1-26,4,stat,2,0,"[{'name': 'pathname', 'type': 'const char*', 'value': '/etc/cron.d/e2scrub_all'}, {'name': 'statbuf', 'type': 'struct stat*', 'value': '0x7FFE6DC73290'}]",0,0
18847.888232,488,1,0,cron,ip-10-100-1-26,4,stat,2,0,"[{'name': 'pathname', 'type': 'const char*', 'value': '/etc/cron.d/popularity-contest'}, {'name': 'statbuf', 'type': 'struct stat*', 'value': '0x7FFE6DC73290'}]",0,0
18847.996048,159,1,0,systemd-journal,ip-10-100-1-26,56,clone,5,7791,"[{'name': 'flags', 'type': 'unsigned int', 'value': 'CLONE_VM|CLONE_FS|CLONE_FILES|CLONE_SIGHAND|CLONE_THREAD|CLONE_SYSVSEM|CLONE_SETTLS|CLONE_PARENT_SETTID|CLONE_CHILD_CLEARTID'}, {'name': 'stack', 'type': 'void*', 'value': '0x7F7BDBDC3D70'}, {'name': 'parent_tid', 'type': 'int*', 'value': '0x7F7BDBDC49D0'}, {'name': 'child_tid', 'type': 'int*', 'value': '0x7F7BDD58D285'}, {'name': 'tls', 'type': 'unsigned long', 'value': 140169946351360}]",0,0
18847.996382,159,1,0,journal-offline,ip-10-100-1-26,157,prctl,5,0,"[{'name': 'option', 'type': 'int', 'value': 'PR_SET_NAME'}, {'name': 'arg2', 'type': 'unsigned long', 'value': 140169969470074}, {'name': 'arg3', 'type': 'unsigned long', 'value': 140169969470074}, {'name': 'arg4', 'type': 'unsigned long', 'value': 140169971293854}, {'name': 'arg5', 'type': 'unsigned long', 'value': 140169946351360}]",0,0
18848.01054,159,1,0,journal-offline,ip-10-100-1-26,1010,sched_process_exit,0,0,[],0,0
18863.128382,7741,2,0,kworker/dying,ip-10-100-1-26,1010,sched_process_exit,0,0,[],0,0
18875.416442,383,1,100,systemd-network,ip-10-100-1-26,41,socket,3,15,"[{'name': 'domain', 'type': 'int', 'value': 'AF_UNIX'}, {'name': 'type', 'type': 'int', 'value': 'SOCK_DGRAM|SOCK_CLOEXEC'}, {'name': 'protocol', 'type': 'int', 'value': 0}]",0,0
18875.416793,1,0,0,systemd,ip-10-100-1-26,1005,security_file_open,4,0,"[{'name': 'pathname', 'type': 'const char*', 'value': '/proc/383/cgroup'}, {'name': 'flags', 'type': 'int', 'value': 'O_RDONLY|O_LARGEFILE'}, {'name': 'dev', 'type': 'dev_t', 'value': 5}, {'name': 'inode', 'type': 'unsigned long', 'value': 128037}]",0,0
18875.416833,1,0,0,systemd,ip-10-100-1-26,257,openat,4,12,"[{'name': 'dirfd', 'type': 'int', 'value': -100}, {'name': 'pathname', 'type': 'const char*', 'value': '/proc/383/cgroup'}, {'name': 'flags', 'type': 'int', 'value': 'O_RDONLY|O_CLOEXEC'}, {'name': 'mode', 'type': 'int', 'value': 1640750884}]",0,0
18875.416862,1,0,0,systemd,ip-10-100-1-26,5,fstat,2,0,"[{'name': 'fd', 'type': 'int', 'value': 12}, {'name': 'statbuf', 'type': 'struct stat*', 'value': '0x7FFCEA3FFC20'}]",0,0
18875.416984,1,0,0,systemd,ip-10-100-1-26,3,close,1,0,"[{'name': 'fd', 'type': 'int', 'value': 12}]",0,0
18875.41724,383,1,100,systemd-network,ip-10-100-1-26,3,close,1,0,"[{'name': 'fd', 'type': 'int', 'value': 15}]",0,0
18881.746253,520,1,0,systemd-logind,ip-10-100-1-26,41,socket,3,20,"[{'name': 'domain', 'type': 'int', 'value': 'AF_UNIX'}, {'name': 'type', 'type': 'int', 'value': 'SOCK_DGRAM|SOCK_CLOEXEC'}, {'name': 'protocol', 'type': 'int', 'value': 0}]",0,0
18881.746549,1,0,0,systemd,ip-10-100-1-26,1005,security_file_open,4,0,"[{'name': 'pathname', 'type': 'const char*', 'value': '/proc/191/cgroup'}, {'name': 'flags', 'type': 'int', 'value': 'O_RDONLY|O_LARGEFILE'}, {'name': 'dev', 'type': 'dev_t', 'value': 5}, {'name': 'inode', 'type': 'unsigned long', 'value': 128041}]",0,0
18881.746597,1,0,0,systemd,ip-10-100-1-26,257,openat,4,12,"[{'name': 'dirfd', 'type': 'int', 'value': -100}, {'name': 'pathname', 'type': 'const char*', 'value': '/proc/191/cgroup'}, {'name': 'flags', 'type': 'int', 'value': 'O_RDONLY|O_CLOEXEC'}, {'name': 'mode', 'type': 'int', 'value': 1640750884}]",0,0
18881.746638,1,0,0,systemd,ip-10-100-1-26,5,fstat,2,0,"[{'name': 'fd', 'type': 'int', 'value': 12}, {'name': 'statbuf', 'type': 'struct stat*', 'value': '0x7FFCEA3FFC20'}]",0,0
18881.746769,1,0,0,systemd,ip-10-100-1-26,3,close,1,0,"[{'name': 'fd', 'type': 'int', 'value': 12}]",0,0
18881.747116,1,0,0,systemd,ip-10-100-1-26,1005,security_file_open,4,0,"[{'name': 'pathname', 'type': 'const char*', 'value': '/proc/520/cgroup'}, {'name': 'flags', 'type': 'int', 'value': 'O_RDONLY|O_LARGEFILE'}, {'name': 'dev', 'type': 'dev_t', 'value': 5}, {'name': 'inode', 'type': 'unsigned long', 'value': 128043}]",0,0
18881.747151,1,0,0,systemd,ip-10-100-1-26,257,openat,4,12,"[{'name': 'dirfd', 'type': 'int', 'value': -100}, {'name': 'pathname', 'type': 'const char*', 'value': '/proc/520/cgroup'}, {'name': 'flags', 'type': 'int', 'value': 'O_RDONLY|O_CLOEXEC'}, {'name': 'mode', 'type': 'int', 'value': 1640750884}]",0,0
18881.747175,1,0,0,systemd,ip-10-100-1-26,5,fstat,2,0,"[{'name': 'fd', 'type': 'int', 'value': 12}, {'name': 'statbuf', 'type': 'struct stat*', 'value': '0x7FFCEA3FFC20'}]",0,0
18881.747293,1,0,0,systemd,ip-10-100-1-26,3,close,1,0,"[{'name': 'fd', 'type': 'int', 'value': 12}]",0,0
18881.747435,520,1,0,systemd-logind,ip-10-100-1-26,3,close,1,0,"[{'name': 'fd', 'type': 'int', 'value': 20}]",0,0
18887.203235,7792,2,0,kworker/u30:2,ip-10-100-1-26,1004,security_bprm_check,3,0,"[{'name': 'pathname', 'type': 'const char*', 'value': '/usr/bin/systemctl'}, {'name': 'dev', 'type': 'dev_t', 'value': 211812353}, {'name': 'inode', 'type': 'unsigned long', 'value': 1671}]",0,0
18887.204798,7792,2,0,poweroff,ip-10-100-1-26,21,access,2,-2,"[{'name': 'pathname', 'type': 'const char*', 'value': '/etc/ld.so.preload'}, {'name': 'mode', 'type': 'int', 'value': 'R_OK'}]",1,0
18887.2049,7792,2,0,poweroff,ip-10-100-1-26,257,openat,4,-2,"[{'name': 'dirfd', 'type': 'int', 'value': -100}, {'name': 'pathname', 'type': 'const char*', 'value': '/lib/systemd/tls/haswell/x86_64/libc.so.6'}, {'name': 'flags', 'type': 'int', 'value': 'O_RDONLY|O_CLOEXEC'}, {'name': 'mode', 'type': 'int', 'value': 1410117464}]",1,0
18887.20495,7792,2,0,poweroff,ip-10-100-1-26,4,stat,2,-2,"[{'name': 'pathname', 'type': 'const char*', 'value': '/lib/systemd/tls/haswell/x86_64'}, {'name': 'statbuf', 'type': 'struct stat*', 'value': '0x7FFFA1C852C0'}]",1,0
18887.204988,7792,2,0,poweroff,ip-10-100-1-26,257,openat,4,-2,"[{'name': 'dirfd', 'type': 'int', 'value': -100}, {'name': 'pathname', 'type': 'const char*', 'value': '/lib/systemd/tls/haswell/libc.so.6'}, {'name': 'flags', 'type': 'int', 'value': 'O_RDONLY|O_CLOEXEC'}, {'name': 'mode', 'type': 'int', 'value': 1410117464}]",1,0
18887.205021,7792,2,0,poweroff,ip-10-100-1-26,4,stat,2,-2,"[{'name': 'pathname', 'type': 'const char*', 'value': '/lib/systemd/tls/haswell'}, {'name': 'statbuf', 'type': 'struct stat*', 'value': '0x7FFFA1C852C0'}]",1,0
18887.205088,7792,2,0,poweroff,ip-10-100-1-26,257,openat,4,-2,"[{'name': 'dirfd', 'type': 'int', 'value': -100}, {'name': 'pathname', 'type': 'const char*', 'value': '/lib/systemd/tls/x86_64/libc.so.6'}, {'name': 'flags', 'type': 'int', 'value': 'O_RDONLY|O_CLOEXEC'}, {'name': 'mode', 'type': 'int', 'value': 1410117464}]",1,0
18887.205132,7792,2,0,poweroff,ip-10-100-1-26,4,stat,2,-2,"[{'name': 'pathname', 'type': 'const char*', 'value': '/lib/systemd/tls/x86_64'}, {'name': 'statbuf', 'type': 'struct stat*', 'value': '0x7FFFA1C852C0'}]",1,0
18887.205171,7792,2,0,poweroff,ip-10-100-1-26,257,openat,4,-2,"[{'name': 'dirfd', 'type': 'int', 'value': -100}, {'name': 'pathname', 'type': 'const char*', 'value': '/lib/systemd/tls/libc.so.6'}, {'name': 'flags', 'type': 'int', 'value': 'O_RDONLY|O_CLOEXEC'}, {'name': 'mode', 'type': 'int', 'value': 1410117464}]",1,0
18887.205205,7792,2,0,poweroff,ip-10-100-1-26,4,stat,2,-2,"[{'name': 'pathname', 'type': 'const char*', 'value': '/lib/systemd/tls'}, {'name': 'statbuf', 'type': 'struct stat*', 'value': '0x7FFFA1C852C0'}]",1,0
18887.205272,7792,2,0,poweroff,ip-10-100-1-26,257,openat,4,-2,"[{'name': 'dirfd', 'type': 'int', 'value': -100}, {'name': 'pathname', 'type': 'const char*', 'value': '/lib/systemd/haswell/x86_64/libc.so.6'}, {'name': 'flags', 'type': 'int', 'value': 'O_RDONLY|O_CLOEXEC'}, {'name': 'mode', 'type': 'int', 'value': 1410117464}]",1,0
18887.205309,7792,2,0,poweroff,ip-10-100-1-26,4,stat,2,-2,"[{'name': 'pathname', 'type': 'const char*', 'value': '/lib/systemd/haswell/x86_64'}, {'name': 'statbuf', 'type': 'struct stat*', 'value': '0x7FFFA1C852C0'}]",1,0
