timestamp,processId,parentProcessId,userId,processName,hostName,eventId,eventName,argsNum,returnValue,args,sus,evil
16021.887994,159,1,0,systemd-journal,ip-10-100-1-186,1003,cap_capable,1,0,"[{'name': 'cap', 'type': 'int', 'value': 'CAP_SYS_ADMIN'}]",0,0
16021.888042,159,1,0,systemd-journal,ip-10-100-1-186,257,openat,4,-2,"[{'name': 'dirfd', 'type': 'int', 'value': -100}, {'name': 'pathname', 'type': 'const char*', 'value': '/run/log/journal/cd4bbb49080545c3aed82cc00b5f152b/system.journal'}, {'name': 'flags', 'type': 'unsigned int', 'value': 'O_RDWR|O_NONBLOCK|O_CLOEXEC'}, {'name': 'mode', 'type': 'int', 'value': 154005284}]",0,0
16021.888105,159,1,0,systemd-journal,ip-10-100-1-186,1003,cap_capable,1,0,"[{'name': 'cap', 'type': 'int', 'value': 'CAP_SYS_ADMIN'}]",0,0
16021.888154,159,1,0,systemd-journal,ip-10-100-1-186,257,openat,4,-2,"[{'name': 'dirfd', 'type': 'int', 'value': -100}, {'name': 'pathname', 'type': 'const char*', 'value': '/run/log/journal/cd4bbb49080545c3aed82cc00b5f152b/system.journal'}, {'name': 'flags', 'type': 'unsigned int', 'value': 'O_RDWR|O_NONBLOCK|O_CLOEXEC'}, {'name': 'mode', 'type': 'int', 'value': 154005284}]",0,0
16021.888217,159,1,0,systemd-journal,ip-10-100-1-186,1003,cap_capable,1,0,"[{'name': 'cap', 'type': 'int', 'value': 'CAP_SYS_ADMIN'}]",0,0
16021.888266,159,1,0,systemd-journal,ip-10-100-1-186,257,openat,4,-2,"[{'name': 'dirfd', 'type': 'int', 'value': -100}, {'name': 'pathname', 'type': 'const char*', 'value': '/run/log/journal/cd4bbb49080545c3aed82cc00b5f152b/system.journal'}, {'name': 'flags', 'type': 'unsigned int', 'value': 'O_RDWR|O_NONBLOCK|O_CLOEXEC'}, {'name': 'mode', 'type': 'int', 'value': 154005284}]",0,0
16021.888329,159,1,0,systemd-journal,ip-10-100-1-186,1003,cap_capable,1,0,"[{'name': 'cap', 'type': 'int', 'value': 'CAP_SYS_ADMIN'}]",0,0
16021.888378,159,1,0,systemd-journal,ip-10-100-1-186,257,openat,4,-2,"[{'name': 'dirfd', 'type': 'int', 'value': -100}, {'name': 'pathname', 'type': 'const char*', 'value': '/run/log/journal/cd4bbb49080545c3aed82cc00b5f152b/system.journal'}, {'name': 'flags', 'type': 'unsigned int', 'value': 'O_RDWR|O_NONBLOCK|O_CLOEXEC'}, {'name': 'mode', 'type': 'int', 'value': 154005284}]",0,0
16021.888441,159,1,0,systemd-journal,ip-10-100-1-186,1003,cap_capable,1,0,"[{'name': 'cap', 'type': 'int', 'value': 'CAP_SYS_ADMIN'}]",0,0
16021.88849,159,1,0,systemd-journal,ip-10-100-1-186,257,openat,4,-2,"[{'name': 'dirfd', 'type': 'int', 'value': -100}, {'name': 'pathname', 'type': 'const char*', 'value': '/run/log/journal/cd4bbb49080545c3aed82cc00b5f152b/system.journal'}, {'name': 'flags', 'type': 'unsigned int', 'value': 'O_RDWR|O_NONBLOCK|O_CLOEXEC'}, {'name': 'mode', 'type': 'int', 'value': 154005284}]",0,0
16021.888553,159,1,0,systemd-journal,ip-10-100-1-186,1003,cap_capable,1,0,"[{'name': 'cap', 'type': 'int', 'value': 'CAP_SYS_ADMIN'}]",0,0
16021.888601,159,1,0,systemd-journal,ip-10-100-1-186,257,openat,4,-2,"[{'name': 'dirfd', 'type': 'int', 'value': -100}, {'name': 'pathname', 'type': 'const char*', 'value': '/run/log/journal/cd4bbb49080545c3aed82cc00b5f152b/system.journal'}, {'name': 'flags', 'type': 'unsigned int', 'value': 'O_RDWR|O_NONBLOCK|O_CLOEXEC'}, {'name': 'mode', 'type': 'int', 'value': 154005284}]",0,0
16021.888665,159,1,0,systemd-journal,ip-10-100-1-186,1003,cap_capable,1,0,"[{'name': 'cap', 'type': 'int', 'value': 'CAP_SYS_ADMIN'}]",0,0
16021.893665,506,1,104,rs:main Q:Reg,ip-10-100-1-186,62,kill,2,0,"[{'name': 'pid', 'type': 'pid_t', 'value': 506}, {'name': 'sig', 'type': 'int', 'value': 22}]",0,0
16021.893832,506,1,104,rs:main Q:Reg,ip-10-100-1-186,62,kill,2,0,"[{'name': 'pid', 'type': 'pid_t', 'value': 506}, {'name': 'sig', 'type': 'int', 'value': 22}]",0,0
16021.893959,506,1,104,rs:main Q:Reg,ip-10-100-1-186,1003,cap_capable,1,0,"[{'name': 'cap', 'type': 'int', 'value': 'CAP_SYS_RESOURCE'}]",0,0
16021.893989,506,1,104,rs:main Q:Reg,ip-10-100-1-186,1003,cap_capable,1,0,"[{'name': 'cap', 'type': 'int', 'value': 'CAP_SYS_RESOURCE'}]",0,0
16021.92874,159,1,0,systemd-journal,ip-10-100-1-186,257,openat,4,-2,"[{'name': 'dirfd', 'type': 'int', 'value': -100}, {'name': 'pathname', 'type': 'const char*', 'value': '/run/log/journal/cd4bbb49080545c3aed82cc00b5f152b/system.journal'}, {'name': 'flags', 'type': 'unsigned int', 'value': 'O_RDWR|O_NONBLOCK|O_CLOEXEC'}, {'name': 'mode', 'type': 'int', 'value': 154005284}]",0,0
16021.928869,159,1,0,systemd-journal,ip-10-100-1-186,1003,cap_capable,1,0,"[{'name': 'cap', 'type': 'int', 'value': 'CAP_SYS_ADMIN'}]",0,0
16021.928937,159,1,0,systemd-journal,ip-10-100-1-186,257,openat,4,-2,"[{'name': 'dirfd', 'type': 'int', 'value': -100}, {'name': 'pathname', 'type': 'const char*', 'value': '/run/log/journal/cd4bbb49080545c3aed82cc00b5f152b/system.journal'}, {'name': 'flags', 'type': 'unsigned int', 'value': 'O_RDWR|O_NONBLOCK|O_CLOEXEC'}, {'name': 'mode', 'type': 'int', 'value': 154005284}]",0,0
16021.929008,159,1,0,systemd-journal,ip-10-100-1-186,1003,cap_capable,1,0,"[{'name': 'cap', 'type': 'int', 'value': 'CAP_SYS_ADMIN'}]",0,0
16021.929058,159,1,0,systemd-journal,ip-10-100-1-186,257,openat,4,-2,"[{'name': 'dirfd', 'type': 'int', 'value': -100}, {'name': 'pathname', 'type': 'const char*', 'value': '/run/log/journal/cd4bbb49080545c3aed82cc00b5f152b/system.journal'}, {'name': 'flags', 'type': 'unsigned int', 'value': 'O_RDWR|O_NONBLOCK|O_CLOEXEC'}, {'name': 'mode', 'type': 'int', 'value': 154005284}]",0,0
16021.9292,159,1,0,systemd-journal,ip-10-100-1-186,1003,cap_capable,1,0,"[{'name': 'cap', 'type': 'int', 'value': 'CAP_SYS_ADMIN'}]",0,0
16021.929251,159,1,0,systemd-journal,ip-10-100-1-186,257,openat,4,-2,"[{'name': 'dirfd', 'type': 'int', 'value': -100}, {'name': 'pathname', 'type': 'const char*', 'value': '/run/log/journal/cd4bbb49080545c3aed82cc00b5f152b/system.journal'}, {'name': 'flags', 'type': 'unsigned int', 'value': 'O_RDWR|O_NONBLOCK|O_CLOEXEC'}, {'name': 'mode', 'type': 'int', 'value': 154005284}]",0,0
16021.929317,159,1,0,systemd-journal,ip-10-100-1-186,1003,cap_capable,1,0,"[{'name': 'cap', 'type': 'int', 'value': 'CAP_SYS_ADMIN'}]",0,0
16021.929366,159,1,0,systemd-journal,ip-10-100-1-186,257,openat,4,-2,"[{'name': 'dirfd', 'type': 'int', 'value': -100}, {'name': 'pathname', 'type': 'const char*', 'value': '/run/log/journal/cd4bbb49080545c3aed82cc00b5f152b/system.journal'}, {'name': 'flags', 'type': 'unsigned int', 'value': 'O_RDWR|O_NONBLOCK|O_CLOEXEC'}, {'name': 'mode', 'type': 'int', 'value': 154005284}]",0,0
16021.92943,159,1,0,systemd-journal,ip-10-100-1-186,1003,cap_capable,1,0,"[{'name': 'cap', 'type': 'int', 'value': 'CAP_SYS_ADMIN'}]",0,0
16021.929479,159,1,0,systemd-journal,ip-10-100-1-186,257,openat,4,-2,"[{'name': 'dirfd', 'type': 'int', 'value': -100}, {'name': 'pathname', 'type': 'const char*', 'value': '/run/log/journal/cd4bbb49080545c3aed82cc00b5f152b/system.journal'}, {'name': 'flags', 'type': 'unsigned int', 'value': 'O_RDWR|O_NONBLOCK|O_CLOEXEC'}, {'name': 'mode', 'type': 'int', 'value': 154005284}]",0,0
16021.929542,159,1,0,systemd-journal,ip-10-100-1-186,1003,cap_capable,1,0,"[{'name': 'cap', 'type': 'int', 'value': 'CAP_SYS_ADMIN'}]",0,0
16021.92959,159,1,0,systemd-journal,ip-10-100-1-186,257,openat,4,-2,"[{'name': 'dirfd', 'type': 'int', 'value': -100}, {'name': 'pathname', 'type': 'const char*', 'value': '/run/log/journal/cd4bbb49080545c3aed82cc00b5f152b/system.journal'}, {'name': 'flags', 'type': 'unsigned int', 'value': 'O_RDWR|O_NONBLOCK|O_CLOEXEC'}, {'name': 'mode', 'type': 'int', 'value': 154005284}]",0,0
16021.929665,159,1,0,systemd-journal,ip-10-100-1-186,1003,cap_capable,1,0,"[{'name': 'cap', 'type': 'int', 'value': 'CAP_SYS_ADMIN'}]",0,0
16021.929712,159,1,0,systemd-journal,ip-10-100-1-186,257,openat,4,-2,"[{'name': 'dirfd', 'type': 'int', 'value': -100}, {'name': 'pathname', 'type': 'const char*', 'value': '/run/log/journal/cd4bbb49080545c3aed82cc00b5f152b/system.journal'}, {'name': 'flags', 'type': 'unsigned int', 'value': 'O_RDWR|O_NONBLOCK|O_CLOEXEC'}, {'name': 'mode', 'type': 'int', 'value': 154005284}]",0,0
16021.929833,159,1,0,systemd-journal,ip-10-100-1-186,257,openat,4,-2,"[{'name': 'dirfd', 'type': 'int', 'value': -100}, {'name': 'pathname', 'type': 'const char*', 'value': '/run/log/journal/cd4bbb49080545c3aed82cc00b5f152b/system.journal'}, {'name': 'flags', 'type': 'unsigned int', 'value': 'O_RDWR|O_NONBLOCK|O_CLOEXEC'}, {'name': 'mode', 'type': 'int', 'value': 154005284}]",0,0
16021.929774,159,1,0,systemd-journal,ip-10-100-1-186,1003,cap_capable,1,0,"[{'name': 'cap', 'type': 'int', 'value': 'CAP_SYS_ADMIN'}]",0,0
16021.929892,159,1,0,systemd-journal,ip-10-100-1-186,1003,cap_capable,1,0,"[{'name': 'cap', 'type': 'int', 'value': 'CAP_SYS_ADMIN'}]",0,0
16021.929936,159,1,0,systemd-journal,ip-10-100-1-186,257,openat,4,-2,"[{'name': 'dirfd', 'type': 'int', 'value': -100}, {'name': 'pathname', 'type': 'const char*', 'value': '/run/log/journal/cd4bbb49080545c3aed82cc00b5f152b/system.journal'}, {'name': 'flags', 'type': 'unsigned int', 'value': 'O_RDWR|O_NONBLOCK|O_CLOEXEC'}, {'name': 'mode', 'type': 'int', 'value': 154005284}]",0,0
16021.930008,159,1,0,systemd-journal,ip-10-100-1-186,1003,cap_capable,1,0,"[{'name': 'cap', 'type': 'int', 'value': 'CAP_SYS_ADMIN'}]",0,0
16021.930055,159,1,0,systemd-journal,ip-10-100-1-186,257,openat,4,-2,"[{'name': 'dirfd', 'type': 'int', 'value': -100}, {'name': 'pathname', 'type': 'const char*', 'value': '/run/log/journal/cd4bbb49080545c3aed82cc00b5f152b/system.journal'}, {'name': 'flags', 'type': 'unsigned int', 'value': 'O_RDWR|O_NONBLOCK|O_CLOEXEC'}, {'name': 'mode', 'type': 'int', 'value': 154005284}]",0,0
16021.930123,159,1,0,systemd-journal,ip-10-100-1-186,1003,cap_capable,1,0,"[{'name': 'cap', 'type': 'int', 'value': 'CAP_SYS_ADMIN'}]",0,0
16021.930185,159,1,0,systemd-journal,ip-10-100-1-186,257,openat,4,-2,"[{'name': 'dirfd', 'type': 'int', 'value': -100}, {'name': 'pathname', 'type': 'const char*', 'value': '/run/log/journal/cd4bbb49080545c3aed82cc00b5f152b/system.journal'}, {'name': 'flags', 'type': 'unsigned int', 'value': 'O_RDWR|O_NONBLOCK|O_CLOEXEC'}, {'name': 'mode', 'type': 'int', 'value': 154005284}]",0,0
16021.93025,159,1,0,systemd-journal,ip-10-100-1-186,1003,cap_capable,1,0,"[{'name': 'cap', 'type': 'int', 'value': 'CAP_SYS_ADMIN'}]",0,0
16021.930298,159,1,0,systemd-journal,ip-10-100-1-186,257,openat,4,-2,"[{'name': 'dirfd', 'type': 'int', 'value': -100}, {'name': 'pathname', 'type': 'const char*', 'value': '/run/log/journal/cd4bbb49080545c3aed82cc00b5f152b/system.journal'}, {'name': 'flags', 'type': 'unsigned int', 'value': 'O_RDWR|O_NONBLOCK|O_CLOEXEC'}, {'name': 'mode', 'type': 'int', 'value': 154005284}]",0,0
16021.930362,159,1,0,systemd-journal,ip-10-100-1-186,1003,cap_capable,1,0,"[{'name': 'cap', 'type': 'int', 'value': 'CAP_SYS_ADMIN'}]",0,0
16021.930413,159,1,0,systemd-journal,ip-10-100-1-186,257,openat,4,-2,"[{'name': 'dirfd', 'type': 'int', 'value': -100}, {'name': 'pathname', 'type': 'const char*', 'value': '/run/log/journal/cd4bbb49080545c3aed82cc00b5f152b/system.journal'}, {'name': 'flags', 'type': 'unsigned int', 'value': 'O_RDWR|O_NONBLOCK|O_CLOEXEC'}, {'name': 'mode', 'type': 'int', 'value': 154005284}]",0,0
16021.930502,159,1,0,systemd-journal,ip-10-100-1-186,1003,cap_capable,1,0,"[{'name': 'cap', 'type': 'int', 'value': 'CAP_SYS_ADMIN'}]",0,0
16021.930561,159,1,0,systemd-journal,ip-10-100-1-186,257,openat,4,-2,"[{'name': 'dirfd', 'type': 'int', 'value': -100}, {'name': 'pathname', 'type': 'const char*', 'value': '/run/log/journal/cd4bbb49080545c3aed82cc00b5f152b/system.journal'}, {'name': 'flags', 'type': 'unsigned int', 'value': 'O_RDWR|O_NONBLOCK|O_CLOEXEC'}, {'name': 'mode', 'type': 'int', 'value': 154005284}]",0,0
16021.930621,159,1,0,systemd-journal,ip-10-100-1-186,1003,cap_capable,1,0,"[{'name': 'cap', 'type': 'int', 'value': 'CAP_SYS_ADMIN'}]",0,0
16021.930691,159,1,0,systemd-journal,ip-10-100-1-186,257,openat,4,-2,"[{'name': 'dirfd', 'type': 'int', 'value': -100}, {'name': 'pathname', 'type': 'const char*', 'value': '/run/log/journal/cd4bbb49080545c3aed82cc00b5f152b/system.journal'}, {'name': 'flags', 'type': 'unsigned int', 'value': 'O_RDWR|O_NONBLOCK|O_CLOEXEC'}, {'name': 'mode', 'type': 'int', 'value': 154005284}]",0,0
16021.930755,159,1,0,systemd-journal,ip-10-100-1-186,1003,cap_capable,1,0,"[{'name': 'cap', 'type': 'int', 'value': 'CAP_SYS_ADMIN'}]",0,0
16021.930803,159,1,0,systemd-journal,ip-10-100-1-186,257,openat,4,-2,"[{'name': 'dirfd', 'type': 'int', 'value': -100}, {'name': 'pathname', 'type': 'const char*', 'value': '/run/log/journal/cd4bbb49080545c3aed82cc00b5f152b/system.journal'}, {'name': 'flags', 'type': 'unsigned int', 'value': 'O_RDWR|O_NONBLOCK|O_CLOEXEC'}, {'name': 'mode', 'type': 'int', 'value': 154005284}]",0,0
16021.930868,159,1,0,systemd-journal,ip-10-100-1-186,1003,cap_capable,1,0,"[{'name': 'cap', 'type': 'int', 'value': 'CAP_SYS_ADMIN'}]",0,0
16021.930916,159,1,0,systemd-journal,ip-10-100-1-186,257,openat,4,-2,"[{'name': 'dirfd', 'type': 'int', 'value': -100}, {'name': 'pathname', 'type': 'const char*', 'value': '/run/log/journal/cd4bbb49080545c3aed82cc00b5f152b/system.journal'}, {'name': 'flags', 'type': 'unsigned int', 'value': 'O_RDWR|O_NONBLOCK|O_CLOEXEC'}, {'name': 'mode', 'type': 'int', 'value': 154005284}]",0,0
16021.930979,159,1,0,systemd-journal,ip-10-100-1-186,1003,cap_capable,1,0,"[{'name': 'cap', 'type': 'int', 'value': 'CAP_SYS_ADMIN'}]",0,0
16021.931027,159,1,0,systemd-journal,ip-10-100-1-186,257,openat,4,-2,"[{'name': 'dirfd', 'type': 'int', 'value': -100}, {'name': 'pathname', 'type': 'const char*', 'value': '/run/log/journal/cd4bbb49080545c3aed82cc00b5f152b/system.journal'}, {'name': 'flags', 'type': 'unsigned int', 'value': 'O_RDWR|O_NONBLOCK|O_CLOEXEC'}, {'name': 'mode', 'type': 'int', 'value': 154005284}]",0,0
16021.931091,159,1,0,systemd-journal,ip-10-100-1-186,1003,cap_capable,1,0,"[{'name': 'cap', 'type': 'int', 'value': 'CAP_SYS_ADMIN'}]",0,0
16021.93115,159,1,0,systemd-journal,ip-10-100-1-186,257,openat,4,-2,"[{'name': 'dirfd', 'type': 'int', 'value': -100}, {'name': 'pathname', 'type': 'const char*', 'value': '/run/log/journal/cd4bbb49080545c3aed82cc00b5f152b/system.journal'}, {'name': 'flags', 'type': 'unsigned int', 'value': 'O_RDWR|O_NONBLOCK|O_CLOEXEC'}, {'name': 'mode', 'type': 'int', 'value': 154005284}]",0,0
16021.931225,159,1,0,systemd-journal,ip-10-100-1-186,1003,cap_capable,1,0,"[{'name': 'cap', 'type': 'int', 'value': 'CAP_SYS_ADMIN'}]",0,0
16021.931273,159,1,0,systemd-journal,ip-10-100-1-186,257,openat,4,-2,"[{'name': 'dirfd', 'type': 'int', 'value': -100}, {'name': 'pathname', 'type': 'const char*', 'value': '/run/log/journal/cd4bbb49080545c3aed82cc00b5f152b/system.journal'}, {'name': 'flags', 'type': 'unsigned int', 'value': 'O_RDWR|O_NONBLOCK|O_CLOEXEC'}, {'name': 'mode', 'type': 'int', 'value': 154005284}]",0,0
16021.931343,159,1,0,systemd-journal,ip-10-100-1-186,1003,cap_capable,1,0,"[{'name': 'cap', 'type': 'int', 'value': 'CAP_SYS_ADMIN'}]",0,0
16021.931393,159,1,0,systemd-journal,ip-10-100-1-186,257,openat,4,-2,"[{'name': 'dirfd', 'type': 'int', 'value': -100}, {'name': 'pathname', 'type': 'const char*', 'value': '/run/log/journal/cd4bbb49080545c3aed82cc00b5f152b/system.journal'}, {'name': 'flags', 'type': 'unsigned int', 'value': 'O_RDWR|O_NONBLOCK|O_CLOEXEC'}, {'name': 'mode', 'type': 'int', 'value': 154005284}]",0,0
16021.931457,159,1,0,systemd-journal,ip-10-100-1-186,1003,cap_capable,1,0,"[{'name': 'cap', 'type': 'int', 'value': 'CAP_SYS_ADMIN'}]",0,0
16021.931505,159,1,0,systemd-journal,ip-10-100-1-186,257,openat,4,-2,"[{'name': 'dirfd', 'type': 'int', 'value': -100}, {'name': 'pathname', 'type': 'const char*', 'value': '/run/log/journal/cd4bbb49080545c3aed82cc00b5f152b/system.journal'}, {'name': 'flags', 'type': 'unsigned int', 'value': 'O_RDWR|O_NONBLOCK|O_CLOEXEC'}, {'name': 'mode', 'type': 'int', 'value': 154005284}]",0,0
16021.931569,159,1,0,systemd-journal,ip-10-100-1-186,1003,cap_capable,1,0,"[{'name': 'cap', 'type': 'int', 'value': 'CAP_SYS_ADMIN'}]",0,0
16021.931617,159,1,0,systemd-journal,ip-10-100-1-186,257,openat,4,-2,"[{'name': 'dirfd', 'type': 'int', 'value': -100}, {'name': 'pathname', 'type': 'const char*', 'value': '/run/log/journal/cd4bbb49080545c3aed82cc00b5f152b/system.journal'}, {'name': 'flags', 'type': 'unsigned int', 'value': 'O_RDWR|O_NONBLOCK|O_CLOEXEC'}, {'name': 'mode', 'type': 'int', 'value': 154005284}]",0,0
16021.931689,159,1,0,systemd-journal,ip-10-100-1-186,1003,cap_capable,1,0,"[{'name': 'cap', 'type': 'int', 'value': 'CAP_SYS_ADMIN'}]",0,0
16021.931764,159,1,0,systemd-journal,ip-10-100-1-186,257,openat,4,-2,"[{'name': 'dirfd', 'type': 'int', 'value': -100}, {'name': 'pathname', 'type': 'const char*', 'value': '/run/log/journal/cd4bbb49080545c3aed82cc00b5f152b/system.journal'}, {'name': 'flags', 'type': 'unsigned int', 'value': 'O_RDWR|O_NONBLOCK|O_CLOEXEC'}, {'name': 'mode', 'type': 'int', 'value': 154005284}]",0,0
16021.931905,159,1,0,systemd-journal,ip-10-100-1-186,1003,cap_capable,1,0,"[{'name': 'cap', 'type': 'int', 'value': 'CAP_SYS_ADMIN'}]",0,0
16021.931927,159,1,0,systemd-journal,ip-10-100-1-186,1003,cap_capable,1,0,"[{'name': 'cap', 'type': 'int', 'value': 'CAP_SETUID'}]",0,0
16021.931946,159,1,0,systemd-journal,ip-10-100-1-186,1003,cap_capable,1,0,"[{'name': 'cap', 'type': 'int', 'value': 'CAP_SETGID'}]",0,0
16021.931997,159,1,0,systemd-journal,ip-10-100-1-186,257,openat,4,-2,"[{'name': 'dirfd', 'type': 'int', 'value': -100}, {'name': 'pathname', 'type': 'const char*', 'value': '/run/log/journal/cd4bbb49080545c3aed82cc00b5f152b/system.journal'}, {'name': 'flags', 'type': 'unsigned int', 'value': 'O_RDWR|O_NONBLOCK|O_CLOEXEC'}, {'name': 'mode', 'type': 'int', 'value': 154005284}]",0,0
16021.932123,159,1,0,systemd-journal,ip-10-100-1-186,1003,cap_capable,1,0,"[{'name': 'cap', 'type': 'int', 'value': 'CAP_SYS_ADMIN'}]",0,0
16021.932174,159,1,0,systemd-journal,ip-10-100-1-186,257,openat,4,-2,"[{'name': 'dirfd', 'type': 'int', 'value': -100}, {'name': 'pathname', 'type': 'const char*', 'value': '/run/log/journal/cd4bbb49080545c3aed82cc00b5f152b/system.journal'}, {'name': 'flags', 'type': 'unsigned int', 'value': 'O_RDWR|O_NONBLOCK|O_CLOEXEC'}, {'name': 'mode', 'type': 'int', 'value': 154005284}]",0,0
16021.93224,159,1,0,systemd-journal,ip-10-100-1-186,1003,cap_capable,1,0,"[{'name': 'cap', 'type': 'int', 'value': 'CAP_SYS_ADMIN'}]",0,0
16021.932289,159,1,0,systemd-journal,ip-10-100-1-186,257,openat,4,-2,"[{'name': 'dirfd', 'type': 'int', 'value': -100}, {'name': 'pathname', 'type': 'const char*', 'value': '/run/log/journal/cd4bbb49080545c3aed82cc00b5f152b/system.journal'}, {'name': 'flags', 'type': 'unsigned int', 'value': 'O_RDWR|O_NONBLOCK|O_CLOEXEC'}, {'name': 'mode', 'type': 'int', 'value': 154005284}]",0,0
16021.932353,159,1,0,systemd-journal,ip-10-100-1-186,1003,cap_capable,1,0,"[{'name': 'cap', 'type': 'int', 'value': 'CAP_SYS_ADMIN'}]",0,0
16021.932401,159,1,0,systemd-journal,ip-10-100-1-186,257,openat,4,-2,"[{'name': 'dirfd', 'type': 'int', 'value': -100}, {'name': 'pathname', 'type': 'const char*', 'value': '/run/log/journal/cd4bbb49080545c3aed82cc00b5f152b/system.journal'}, {'name': 'flags', 'type': 'unsigned int', 'value': 'O_RDWR|O_NONBLOCK|O_CLOEXEC'}, {'name': 'mode', 'type': 'int', 'value': 154005284}]",0,0
16021.932465,159,1,0,systemd-journal,ip-10-100-1-186,1003,cap_capable,1,0,"[{'name': 'cap', 'type': 'int', 'value': 'CAP_SYS_ADMIN'}]",0,0
16021.932513,159,1,0,systemd-journal,ip-10-100-1-186,257,openat,4,-2,"[{'name': 'dirfd', 'type': 'int', 'value': -100}, {'name': 'pathname', 'type': 'const char*', 'value': '/run/log/journal/cd4bbb49080545c3aed82cc00b5f152b/system.journal'}, {'name': 'flags', 'type': 'unsigned int', 'value': 'O_RDWR|O_NONBLOCK|O_CLOEXEC'}, {'name': 'mode', 'type': 'int', 'value': 154005284}]",0,0
16021.932576,159,1,0,systemd-journal,ip-10-100-1-186,1003,cap_capable,1,0,"[{'name': 'cap', 'type': 'int', 'value': 'CAP_SYS_ADMIN'}]",0,0
16021.932624,159,1,0,systemd-journal,ip-10-100-1-186,257,openat,4,-2,"[{'name': 'dirfd', 'type': 'int', 'value': -100}, {'name': 'pathname', 'type': 'const char*', 'value': '/run/log/journal/cd4bbb49080545c3aed82cc00b5f152b/system.journal'}, {'name': 'flags', 'type': 'unsigned int', 'value': 'O_RDWR|O_NONBLOCK|O_CLOEXEC'}, {'name': 'mode', 'type': 'int', 'value': 154005284}]",0,0
16021.932693,159,1,0,systemd-journal,ip-10-100-1-186,1003,cap_capable,1,0,"[{'name': 'cap', 'type': 'int', 'value': 'CAP_SYS_ADMIN'}]",0,0
16021.952802,159,1,0,systemd-journal,ip-10-100-1-186,257,openat,4,-2,"[{'name': 'dirfd', 'type': 'int', 'value': -100}, {'name': 'pathname', 'type': 'const char*', 'value': '/run/log/journal/cd4bbb49080545c3aed82cc00b5f152b/system.journal'}, {'name': 'flags', 'type': 'unsigned int', 'value': 'O_RDWR|O_NONBLOCK|O_CLOEXEC'}, {'name': 'mode', 'type': 'int', 'value': 154005284}]",0,0
16021.952917,159,1,0,systemd-journal,ip-10-100-1-186,1003,cap_capable,1,0,"[{'name': 'cap', 'type': 'int', 'value': 'CAP_SYS_ADMIN'}]",0,0
16021.952972,159,1,0,systemd-journal,ip-10-100-1-186,257,openat,4,-2,"[{'name': 'dirfd', 'type': 'int', 'value': -100}, {'name': 'pathname', 'type': 'const char*', 'value': '/run/log/journal/cd4bbb49080545c3aed82cc00b5f152b/system.journal'}, {'name': 'flags', 'type': 'unsigned int', 'value': 'O_RDWR|O_NONBLOCK|O_CLOEXEC'}, {'name': 'mode', 'type': 'int', 'value': 154005284}]",0,0
16021.953038,159,1,0,systemd-journal,ip-10-100-1-186,1003,cap_capable,1,0,"[{'name': 'cap', 'type': 'int', 'value': 'CAP_SYS_ADMIN'}]",0,0
16021.953089,159,1,0,systemd-journal,ip-10-100-1-186,257,openat,4,-2,"[{'name': 'dirfd', 'type': 'int', 'value': -100}, {'name': 'pathname', 'type': 'const char*', 'value': '/run/log/journal/cd4bbb49080545c3aed82cc00b5f152b/system.journal'}, {'name': 'flags', 'type': 'unsigned int', 'value': 'O_RDWR|O_NONBLOCK|O_CLOEXEC'}, {'name': 'mode', 'type': 'int', 'value': 154005284}]",0,0
16021.953153,159,1,0,systemd-journal,ip-10-100-1-186,1003,cap_capable,1,0,"[{'name': 'cap', 'type': 'int', 'value': 'CAP_SYS_ADMIN'}]",0,0
16021.953203,159,1,0,systemd-journal,ip-10-100-1-186,257,openat,4,-2,"[{'name': 'dirfd', 'type': 'int', 'value': -100}, {'name': 'pathname', 'type': 'const char*', 'value': '/run/log/journal/cd4bbb49080545c3aed82cc00b5f152b/system.journal'}, {'name': 'flags', 'type': 'unsigned int', 'value': 'O_RDWR|O_NONBLOCK|O_CLOEXEC'}, {'name': 'mode', 'type': 'int', 'value': 154005284}]",0,0
16021.953266,159,1,0,systemd-journal,ip-10-100-1-186,1003,cap_capable,1,0,"[{'name': 'cap', 'type': 'int', 'value': 'CAP_SYS_ADMIN'}]",0,0
16021.953315,159,1,0,systemd-journal,ip-10-100-1-186,257,openat,4,-2,"[{'name': 'dirfd', 'type': 'int', 'value': -100}, {'name': 'pathname', 'type': 'const char*', 'value': '/run/log/journal/cd4bbb49080545c3aed82cc00b5f152b/system.journal'}, {'name': 'flags', 'type': 'unsigned int', 'value': 'O_RDWR|O_NONBLOCK|O_CLOEXEC'}, {'name': 'mode', 'type': 'int', 'value': 154005284}]",0,0
16021.953379,159,1,0,systemd-journal,ip-10-100-1-186,1003,cap_capable,1,0,"[{'name': 'cap', 'type': 'int', 'value': 'CAP_SYS_ADMIN'}]",0,0
16021.953507,159,1,0,systemd-journal,ip-10-100-1-186,1003,cap_capable,1,0,"[{'name': 'cap', 'type': 'int', 'value': 'CAP_SYS_ADMIN'}]",0,0
16021.953427,159,1,0,systemd-journal,ip-10-100-1-186,257,openat,4,-2,"[{'name': 'dirfd', 'type': 'int', 'value': -100}, {'name': 'pathname', 'type': 'const char*', 'value': '/run/log/journal/cd4bbb49080545c3aed82cc00b5f152b/system.journal'}, {'name': 'flags', 'type': 'unsigned int', 'value': 'O_RDWR|O_NONBLOCK|O_CLOEXEC'}, {'name': 'mode', 'type': 'int', 'value': 154005284}]",0,0
16021.953558,159,1,0,systemd-journal,ip-10-100-1-186,257,openat,4,-2,"[{'name': 'dirfd', 'type': 'int', 'value': -100}, {'name': 'pathname', 'type': 'const char*', 'value': '/run/log/journal/cd4bbb49080545c3aed82cc00b5f152b/system.journal'}, {'name': 'flags', 'type': 'unsigned int', 'value': 'O_RDWR|O_NONBLOCK|O_CLOEXEC'}, {'name': 'mode', 'type': 'int', 'value': 154005284}]",0,0
16021.953671,159,1,0,systemd-journal,ip-10-100-1-186,257,openat,4,-2,"[{'name': 'dirfd', 'type': 'int', 'value': -100}, {'name': 'pathname', 'type': 'const char*', 'value': '/run/log/journal/cd4bbb49080545c3aed82cc00b5f152b/system.journal'}, {'name': 'flags', 'type': 'unsigned int', 'value': 'O_RDWR|O_NONBLOCK|O_CLOEXEC'}, {'name': 'mode', 'type': 'int', 'value': 154005284}]",0,0
16021.953623,159,1,0,systemd-journal,ip-10-100-1-186,1003,cap_capable,1,0,"[{'name': 'cap', 'type': 'int', 'value': 'CAP_SYS_ADMIN'}]",0,0
16021.953735,159,1,0,systemd-journal,ip-10-100-1-186,1003,cap_capable,1,0,"[{'name': 'cap', 'type': 'int', 'value': 'CAP_SYS_ADMIN'}]",0,0
16021.953783,159,1,0,systemd-journal,ip-10-100-1-186,257,openat,4,-2,"[{'name': 'dirfd', 'type': 'int', 'value': -100}, {'name': 'pathname', 'type': 'const char*', 'value': '/run/log/journal/cd4bbb49080545c3aed82cc00b5f152b/system.journal'}, {'name': 'flags', 'type': 'unsigned int', 'value': 'O_RDWR|O_NONBLOCK|O_CLOEXEC'}, {'name': 'mode', 'type': 'int', 'value': 154005284}]",0,0
16021.953858,159,1,0,systemd-journal,ip-10-100-1-186,1003,cap_capable,1,0,"[{'name': 'cap', 'type': 'int', 'value': 'CAP_SYS_ADMIN'}]",0,0
16021.953905,159,1,0,systemd-journal,ip-10-100-1-186,257,openat,4,-2,"[{'name': 'dirfd', 'type': 'int', 'value': -100}, {'name': 'pathname', 'type': 'const char*', 'value': '/run/log/journal/cd4bbb49080545c3aed82cc00b5f152b/system.journal'}, {'name': 'flags', 'type': 'unsigned int', 'value': 'O_RDWR|O_NONBLOCK|O_CLOEXEC'}, {'name': 'mode', 'type': 'int', 'value': 154005284}]",0,0
16021.95402,159,1,0,systemd-journal,ip-10-100-1-186,1003,cap_capable,1,0,"[{'name': 'cap', 'type': 'int', 'value': 'CAP_SYS_ADMIN'}]",0,0
16021.954086,159,1,0,systemd-journal,ip-10-100-1-186,257,openat,4,-2,"[{'name': 'dirfd', 'type': 'int', 'value': -100}, {'name': 'pathname', 'type': 'const char*', 'value': '/run/log/journal/cd4bbb49080545c3aed82cc00b5f152b/system.journal'}, {'name': 'flags', 'type': 'unsigned int', 'value': 'O_RDWR|O_NONBLOCK|O_CLOEXEC'}, {'name': 'mode', 'type': 'int', 'value': 154005284}]",0,0
16021.954152,159,1,0,systemd-journal,ip-10-100-1-186,1003,cap_capable,1,0,"[{'name': 'cap', 'type': 'int', 'value': 'CAP_SYS_ADMIN'}]",0,0
16021.954202,159,1,0,systemd-journal,ip-10-100-1-186,257,openat,4,-2,"[{'name': 'dirfd', 'type': 'int', 'value': -100}, {'name': 'pathname', 'type': 'const char*', 'value': '/run/log/journal/cd4bbb49080545c3aed82cc00b5f152b/system.journal'}, {'name': 'flags', 'type': 'unsigned int', 'value': 'O_RDWR|O_NONBLOCK|O_CLOEXEC'}, {'name': 'mode', 'type': 'int', 'value': 154005284}]",0,0
16021.954265,159,1,0,systemd-journal,ip-10-100-1-186,1003,cap_capable,1,0,"[{'name': 'cap', 'type': 'int', 'value': 'CAP_SYS_ADMIN'}]",0,0
16021.954378,159,1,0,systemd-journal,ip-10-100-1-186,1003,cap_capable,1,0,"[{'name': 'cap', 'type': 'int', 'value': 'CAP_SYS_ADMIN'}]",0,0
16021.954314,159,1,0,systemd-journal,ip-10-100-1-186,257,openat,4,-2,"[{'name': 'dirfd', 'type': 'int', 'value': -100}, {'name': 'pathname', 'type': 'const char*', 'value': '/run/log/journal/cd4bbb49080545c3aed82cc00b5f152b/system.journal'}, {'name': 'flags', 'type': 'unsigned int', 'value': 'O_RDWR|O_NONBLOCK|O_CLOEXEC'}, {'name': 'mode', 'type': 'int', 'value': 154005284}]",0,0
16021.954427,159,1,0,systemd-journal,ip-10-100-1-186,257,openat,4,-2,"[{'name': 'dirfd', 'type': 'int', 'value': -100}, {'name': 'pathname', 'type': 'const char*', 'value': '/run/log/journal/cd4bbb49080545c3aed82cc00b5f152b/system.journal'}, {'name': 'flags', 'type': 'unsigned int', 'value': 'O_RDWR|O_NONBLOCK|O_CLOEXEC'}, {'name': 'mode', 'type': 'int', 'value': 154005284}]",0,0
16021.95449,159,1,0,systemd-journal,ip-10-100-1-186,1003,cap_capable,1,0,"[{'name': 'cap', 'type': 'int', 'value': 'CAP_SYS_ADMIN'}]",0,0
16021.954539,159,1,0,systemd-journal,ip-10-100-1-186,257,openat,4,-2,"[{'name': 'dirfd', 'type': 'int', 'value': -100}, {'name': 'pathname', 'type': 'const char*', 'value': '/run/log/journal/cd4bbb49080545c3aed82cc00b5f152b/system.journal'}, {'name': 'flags', 'type': 'unsigned int', 'value': 'O_RDWR|O_NONBLOCK|O_CLOEXEC'}, {'name': 'mode', 'type': 'int', 'value': 154005284}]",0,0
16021.954602,159,1,0,systemd-journal,ip-10-100-1-186,1003,cap_capable,1,0,"[{'name': 'cap', 'type': 'int', 'value': 'CAP_SYS_ADMIN'}]",0,0
16021.954721,159,1,0,systemd-journal,ip-10-100-1-186,1003,cap_capable,1,0,"[{'name': 'cap', 'type': 'int', 'value': 'CAP_SYS_ADMIN'}]",0,0
16021.954651,159,1,0,systemd-journal,ip-10-100-1-186,257,openat,4,-2,"[{'name': 'dirfd', 'type': 'int', 'value': -100}, {'name': 'pathname', 'type': 'const char*', 'value': '/run/log/journal/cd4bbb49080545c3aed82cc00b5f152b/system.journal'}, {'name': 'flags', 'type': 'unsigned int', 'value': 'O_RDWR|O_NONBLOCK|O_CLOEXEC'}, {'name': 'mode', 'type': 'int', 'value': 154005284}]",0,0
16021.954782,159,1,0,systemd-journal,ip-10-100-1-186,257,openat,4,-2,"[{'name': 'dirfd', 'type': 'int', 'value': -100}, {'name': 'pathname', 'type': 'const char*', 'value': '/run/log/journal/cd4bbb49080545c3aed82cc00b5f152b/system.journal'}, {'name': 'flags', 'type': 'unsigned int', 'value': 'O_RDWR|O_NONBLOCK|O_CLOEXEC'}, {'name': 'mode', 'type': 'int', 'value': 154005284}]",0,0
16021.954902,159,1,0,systemd-journal,ip-10-100-1-186,1003,cap_capable,1,0,"[{'name': 'cap', 'type': 'int', 'value': 'CAP_SYS_ADMIN'}]",0,0
16021.954924,159,1,0,systemd-journal,ip-10-100-1-186,1003,cap_capable,1,0,"[{'name': 'cap', 'type': 'int', 'value': 'CAP_SETUID'}]",0,0
16021.954954,159,1,0,systemd-journal,ip-10-100-1-186,1003,cap_capable,1,0,"[{'name': 'cap', 'type': 'int', 'value': 'CAP_SETGID'}]",0,0
16021.955006,159,1,0,systemd-journal,ip-10-100-1-186,257,openat,4,-2,"[{'name': 'dirfd', 'type': 'int', 'value': -100}, {'name': 'pathname', 'type': 'const char*', 'value': '/run/log/journal/cd4bbb49080545c3aed82cc00b5f152b/system.journal'}, {'name': 'flags', 'type': 'unsigned int', 'value': 'O_RDWR|O_NONBLOCK|O_CLOEXEC'}, {'name': 'mode', 'type': 'int', 'value': 154005284}]",0,0
16021.955144,159,1,0,systemd-journal,ip-10-100-1-186,1003,cap_capable,1,0,"[{'name': 'cap', 'type': 'int', 'value': 'CAP_SYS_ADMIN'}]",0,0
16021.955198,159,1,0,systemd-journal,ip-10-100-1-186,257,openat,4,-2,"[{'name': 'dirfd', 'type': 'int', 'value': -100}, {'name': 'pathname', 'type': 'const char*', 'value': '/run/log/journal/cd4bbb49080545c3aed82cc00b5f152b/system.journal'}, {'name': 'flags', 'type': 'unsigned int', 'value': 'O_RDWR|O_NONBLOCK|O_CLOEXEC'}, {'name': 'mode', 'type': 'int', 'value': 154005284}]",0,0
16021.955284,159,1,0,systemd-journal,ip-10-100-1-186,1003,cap_capable,1,0,"[{'name': 'cap', 'type': 'int', 'value': 'CAP_SYS_ADMIN'}]",0,0
16021.955338,159,1,0,systemd-journal,ip-10-100-1-186,257,openat,4,-2,"[{'name': 'dirfd', 'type': 'int', 'value': -100}, {'name': 'pathname', 'type': 'const char*', 'value': '/run/log/journal/cd4bbb49080545c3aed82cc00b5f152b/system.journal'}, {'name': 'flags', 'type': 'unsigned int', 'value': 'O_RDWR|O_NONBLOCK|O_CLOEXEC'}, {'name': 'mode', 'type': 'int', 'value': 154005284}]",0,0
16021.955464,159,1,0,systemd-journal,ip-10-100-1-186,1003,cap_capable,1,0,"[{'name': 'cap', 'type': 'int', 'value': 'CAP_SYS_ADMIN'}]",0,0
16021.955514,159,1,0,systemd-journal,ip-10-100-1-186,257,openat,4,-2,"[{'name': 'dirfd', 'type': 'int', 'value': -100}, {'name': 'pathname', 'type': 'const char*', 'value': '/run/log/journal/cd4bbb49080545c3aed82cc00b5f152b/system.journal'}, {'name': 'flags', 'type': 'unsigned int', 'value': 'O_RDWR|O_NONBLOCK|O_CLOEXEC'}, {'name': 'mode', 'type': 'int', 'value': 154005284}]",0,0
16021.955624,159,1,0,systemd-journal,ip-10-100-1-186,257,openat,4,-2,"[{'name': 'dirfd', 'type': 'int', 'value': -100}, {'name': 'pathname', 'type': 'const char*', 'value': '/run/log/journal/cd4bbb49080545c3aed82cc00b5f152b/system.journal'}, {'name': 'flags', 'type': 'unsigned int', 'value': 'O_RDWR|O_NONBLOCK|O_CLOEXEC'}, {'name': 'mode', 'type': 'int', 'value': 154005284}]",0,0
16021.955577,159,1,0,systemd-journal,ip-10-100-1-186,1003,cap_capable,1,0,"[{'name': 'cap', 'type': 'int', 'value': 'CAP_SYS_ADMIN'}]",0,0
16021.955686,159,1,0,systemd-journal,ip-10-100-1-186,1003,cap_capable,1,0,"[{'name': 'cap', 'type': 'int', 'value': 'CAP_SYS_ADMIN'}]",0,0
16021.955746,159,1,0,systemd-journal,ip-10-100-1-186,257,openat,4,-2,"[{'name': 'dirfd', 'type': 'int', 'value': -100}, {'name': 'pathname', 'type': 'const char*', 'value': '/run/log/journal/cd4bbb49080545c3aed82cc00b5f152b/system.journal'}, {'name': 'flags', 'type': 'unsigned int', 'value': 'O_RDWR|O_NONBLOCK|O_CLOEXEC'}, {'name': 'mode', 'type': 'int', 'value': 154005284}]",0,0
16021.955809,159,1,0,systemd-journal,ip-10-100-1-186,1003,cap_capable,1,0,"[{'name': 'cap', 'type': 'int', 'value': 'CAP_SYS_ADMIN'}]",0,0
16021.955857,159,1,0,systemd-journal,ip-10-100-1-186,257,openat,4,-2,"[{'name': 'dirfd', 'type': 'int', 'value': -100}, {'name': 'pathname', 'type': 'const char*', 'value': '/run/log/journal/cd4bbb49080545c3aed82cc00b5f152b/system.journal'}, {'name': 'flags', 'type': 'unsigned int', 'value': 'O_RDWR|O_NONBLOCK|O_CLOEXEC'}, {'name': 'mode', 'type': 'int', 'value': 154005284}]",0,0
16021.955921,159,1,0,systemd-journal,ip-10-100-1-186,1003,cap_capable,1,0,"[{'name': 'cap', 'type': 'int', 'value': 'CAP_SYS_ADMIN'}]",0,0
16021.955969,159,1,0,systemd-journal,ip-10-100-1-186,257,openat,4,-2,"[{'name': 'dirfd', 'type': 'int', 'value': -100}, {'name': 'pathname', 'type': 'const char*', 'value': '/run/log/journal/cd4bbb49080545c3aed82cc00b5f152b/system.journal'}, {'name': 'flags', 'type': 'unsigned int', 'value': 'O_RDWR|O_NONBLOCK|O_CLOEXEC'}, {'name': 'mode', 'type': 'int', 'value': 154005284}]",0,0
16021.956096,159,1,0,systemd-journal,ip-10-100-1-186,257,openat,4,-2,"[{'name': 'dirfd', 'type': 'int', 'value': -100}, {'name': 'pathname', 'type': 'const char*', 'value': '/run/log/journal/cd4bbb49080545c3aed82cc00b5f152b/system.journal'}, {'name': 'flags', 'type': 'unsigned int', 'value': 'O_RDWR|O_NONBLOCK|O_CLOEXEC'}, {'name': 'mode', 'type': 'int', 'value': 154005284}]",0,0
16021.956036,159,1,0,systemd-journal,ip-10-100-1-186,1003,cap_capable,1,0,"[{'name': 'cap', 'type': 'int', 'value': 'CAP_SYS_ADMIN'}]",0,0
16021.956158,159,1,0,systemd-journal,ip-10-100-1-186,1003,cap_capable,1,0,"[{'name': 'cap', 'type': 'int', 'value': 'CAP_SYS_ADMIN'}]",0,0
16021.956206,159,1,0,systemd-journal,ip-10-100-1-186,257,openat,4,-2,"[{'name': 'dirfd', 'type': 'int', 'value': -100}, {'name': 'pathname', 'type': 'const char*', 'value': '/run/log/journal/cd4bbb49080545c3aed82cc00b5f152b/system.journal'}, {'name': 'flags', 'type': 'unsigned int', 'value': 'O_RDWR|O_NONBLOCK|O_CLOEXEC'}, {'name': 'mode', 'type': 'int', 'value': 154005284}]",0,0
16021.956268,159,1,0,systemd-journal,ip-10-100-1-186,1003,cap_capable,1,0,"[{'name': 'cap', 'type': 'int', 'value': 'CAP_SYS_ADMIN'}]",0,0
16021.956315,159,1,0,systemd-journal,ip-10-100-1-186,257,openat,4,-2,"[{'name': 'dirfd', 'type': 'int', 'value': -100}, {'name': 'pathname', 'type': 'const char*', 'value': '/run/log/journal/cd4bbb49080545c3aed82cc00b5f152b/system.journal'}, {'name': 'flags', 'type': 'unsigned int', 'value': 'O_RDWR|O_NONBLOCK|O_CLOEXEC'}, {'name': 'mode', 'type': 'int', 'value': 154005284}]",0,0
16021.956376,159,1,0,systemd-journal,ip-10-100-1-186,1003,cap_capable,1,0,"[{'name': 'cap', 'type': 'int', 'value': 'CAP_SYS_ADMIN'}]",0,0
16021.956422,159,1,0,systemd-journal,ip-10-100-1-186,257,openat,4,-2,"[{'name': 'dirfd', 'type': 'int', 'value': -100}, {'name': 'pathname', 'type': 'const char*', 'value': '/run/log/journal/cd4bbb49080545c3aed82cc00b5f152b/system.journal'}, {'name': 'flags', 'type': 'unsigned int', 'value': 'O_RDWR|O_NONBLOCK|O_CLOEXEC'}, {'name': 'mode', 'type': 'int', 'value': 154005284}]",0,0
16021.956501,159,1,0,systemd-journal,ip-10-100-1-186,1003,cap_capable,1,0,"[{'name': 'cap', 'type': 'int', 'value': 'CAP_SYS_ADMIN'}]",0,0
16021.956556,159,1,0,systemd-journal,ip-10-100-1-186,257,openat,4,-2,"[{'name': 'dirfd', 'type': 'int', 'value': -100}, {'name': 'pathname', 'type': 'const char*', 'value': '/run/log/journal/cd4bbb49080545c3aed82cc00b5f152b/system.journal'}, {'name': 'flags', 'type': 'unsigned int', 'value': 'O_RDWR|O_NONBLOCK|O_CLOEXEC'}, {'name': 'mode', 'type': 'int', 'value': 154005284}]",0,0
16021.95662,159,1,0,systemd-journal,ip-10-100-1-186,1003,cap_capable,1,0,"[{'name': 'cap', 'type': 'int', 'value': 'CAP_SYS_ADMIN'}]",0,0
16021.956669,159,1,0,systemd-journal,ip-10-100-1-186,257,openat,4,-2,"[{'name': 'dirfd', 'type': 'int', 'value': -100}, {'name': 'pathname', 'type': 'const char*', 'value': '/run/log/journal/cd4bbb49080545c3aed82cc00b5f152b/system.journal'}, {'name': 'flags', 'type': 'unsigned int', 'value': 'O_RDWR|O_NONBLOCK|O_CLOEXEC'}, {'name': 'mode', 'type': 'int', 'value': 154005284}]",0,0
16021.961067,159,1,0,systemd-journal,ip-10-100-1-186,1003,cap_capable,1,0,"[{'name': 'cap', 'type': 'int', 'value': 'CAP_SYS_ADMIN'}]",0,0
16021.961175,159,1,0,systemd-journal,ip-10-100-1-186,257,openat,4,-2,"[{'name': 'dirfd', 'type': 'int', 'value': -100}, {'name': 'pathname', 'type': 'const char*', 'value': '/run/log/journal/cd4bbb49080545c3aed82cc00b5f152b/system.journal'}, {'name': 'flags', 'type': 'unsigned int', 'value': 'O_RDWR|O_NONBLOCK|O_CLOEXEC'}, {'name': 'mode', 'type': 'int', 'value': 154005284}]",0,0
16021.961251,159,1,0,systemd-journal,ip-10-100-1-186,1003,cap_capable,1,0,"[{'name': 'cap', 'type': 'int', 'value': 'CAP_SYS_ADMIN'}]",0,0
16021.961303,159,1,0,systemd-journal,ip-10-100-1-186,257,openat,4,-2,"[{'name': 'dirfd', 'type': 'int', 'value': -100}, {'name': 'pathname', 'type': 'const char*', 'value': '/run/log/journal/cd4bbb49080545c3aed82cc00b5f152b/system.journal'}, {'name': 'flags', 'type': 'unsigned int', 'value': 'O_RDWR|O_NONBLOCK|O_CLOEXEC'}, {'name': 'mode', 'type': 'int', 'value': 154005284}]",0,0
16021.961368,159,1,0,systemd-journal,ip-10-100-1-186,1003,cap_capable,1,0,"[{'name': 'cap', 'type': 'int', 'value': 'CAP_SYS_ADMIN'}]",0,0
16021.961417,159,1,0,systemd-journal,ip-10-100-1-186,257,openat,4,-2,"[{'name': 'dirfd', 'type': 'int', 'value': -100}, {'name': 'pathname', 'type': 'const char*', 'value': '/run/log/journal/cd4bbb49080545c3aed82cc00b5f152b/system.journal'}, {'name': 'flags', 'type': 'unsigned int', 'value': 'O_RDWR|O_NONBLOCK|O_CLOEXEC'}, {'name': 'mode', 'type': 'int', 'value': 154005284}]",0,0
16021.961481,159,1,0,systemd-journal,ip-10-100-1-186,1003,cap_capable,1,0,"[{'name': 'cap', 'type': 'int', 'value': 'CAP_SYS_ADMIN'}]",0,0
16021.96153,159,1,0,systemd-journal,ip-10-100-1-186,257,openat,4,-2,"[{'name': 'dirfd', 'type': 'int', 'value': -100}, {'name': 'pathname', 'type': 'const char*', 'value': '/run/log/journal/cd4bbb49080545c3aed82cc00b5f152b/system.journal'}, {'name': 'flags', 'type': 'unsigned int', 'value': 'O_RDWR|O_NONBLOCK|O_CLOEXEC'}, {'name': 'mode', 'type': 'int', 'value': 154005284}]",0,0
16021.961593,159,1,0,systemd-journal,ip-10-100-1-186,1003,cap_capable,1,0,"[{'name': 'cap', 'type': 'int', 'value': 'CAP_SYS_ADMIN'}]",0,0
16021.961641,159,1,0,systemd-journal,ip-10-100-1-186,257,openat,4,-2,"[{'name': 'dirfd', 'type': 'int', 'value': -100}, {'name': 'pathname', 'type': 'const char*', 'value': '/run/log/journal/cd4bbb49080545c3aed82cc00b5f152b/system.journal'}, {'name': 'flags', 'type': 'unsigned int', 'value': 'O_RDWR|O_NONBLOCK|O_CLOEXEC'}, {'name': 'mode', 'type': 'int', 'value': 154005284}]",0,0
16021.961704,159,1,0,systemd-journal,ip-10-100-1-186,1003,cap_capable,1,0,"[{'name': 'cap', 'type': 'int', 'value': 'CAP_SYS_ADMIN'}]",0,0
16021.961752,159,1,0,systemd-journal,ip-10-100-1-186,257,openat,4,-2,"[{'name': 'dirfd', 'type': 'int', 'value': -100}, {'name': 'pathname', 'type': 'const char*', 'value': '/run/log/journal/cd4bbb49080545c3aed82cc00b5f152b/system.journal'}, {'name': 'flags', 'type': 'unsigned int', 'value': 'O_RDWR|O_NONBLOCK|O_CLOEXEC'}, {'name': 'mode', 'type': 'int', 'value': 154005284}]",0,0
16021.961815,159,1,0,systemd-journal,ip-10-100-1-186,1003,cap_capable,1,0,"[{'name': 'cap', 'type': 'int', 'value': 'CAP_SYS_ADMIN'}]",0,0
16021.961863,159,1,0,systemd-journal,ip-10-100-1-186,257,openat,4,-2,"[{'name': 'dirfd', 'type': 'int', 'value': -100}, {'name': 'pathname', 'type': 'const char*', 'value': '/run/log/journal/cd4bbb49080545c3aed82cc00b5f152b/system.journal'}, {'name': 'flags', 'type': 'unsigned int', 'value': 'O_RDWR|O_NONBLOCK|O_CLOEXEC'}, {'name': 'mode', 'type': 'int', 'value': 154005284}]",0,0
16021.961936,159,1,0,systemd-journal,ip-10-100-1-186,1003,cap_capable,1,0,"[{'name': 'cap', 'type': 'int', 'value': 'CAP_SYS_ADMIN'}]",0,0
16021.961988,159,1,0,systemd-journal,ip-10-100-1-186,257,openat,4,-2,"[{'name': 'dirfd', 'type': 'int', 'value': -100}, {'name': 'pathname', 'type': 'const char*', 'value': '/run/log/journal/cd4bbb49080545c3aed82cc00b5f152b/system.journal'}, {'name': 'flags', 'type': 'unsigned int', 'value': 'O_RDWR|O_NONBLOCK|O_CLOEXEC'}, {'name': 'mode', 'type': 'int', 'value': 154005284}]",0,0
16021.962057,159,1,0,systemd-journal,ip-10-100-1-186,1003,cap_capable,1,0,"[{'name': 'cap', 'type': 'int', 'value': 'CAP_SYS_ADMIN'}]",0,0
16021.962107,159,1,0,systemd-journal,ip-10-100-1-186,257,openat,4,-2,"[{'name': 'dirfd', 'type': 'int', 'value': -100}, {'name': 'pathname', 'type': 'const char*', 'value': '/run/log/journal/cd4bbb49080545c3aed82cc00b5f152b/system.journal'}, {'name': 'flags', 'type': 'unsigned int', 'value': 'O_RDWR|O_NONBLOCK|O_CLOEXEC'}, {'name': 'mode', 'type': 'int', 'value': 154005284}]",0,0
16021.962172,159,1,0,systemd-journal,ip-10-100-1-186,1003,cap_capable,1,0,"[{'name': 'cap', 'type': 'int', 'value': 'CAP_SYS_ADMIN'}]",0,0
16021.96222,159,1,0,systemd-journal,ip-10-100-1-186,257,openat,4,-2,"[{'name': 'dirfd', 'type': 'int', 'value': -100}, {'name': 'pathname', 'type': 'const char*', 'value': '/run/log/journal/cd4bbb49080545c3aed82cc00b5f152b/system.journal'}, {'name': 'flags', 'type': 'unsigned int', 'value': 'O_RDWR|O_NONBLOCK|O_CLOEXEC'}, {'name': 'mode', 'type': 'int', 'value': 154005284}]",0,0
16021.962287,159,1,0,systemd-journal,ip-10-100-1-186,1003,cap_capable,1,0,"[{'name': 'cap', 'type': 'int', 'value': 'CAP_SYS_ADMIN'}]",0,0
16021.962336,159,1,0,systemd-journal,ip-10-100-1-186,257,openat,4,-2,"[{'name': 'dirfd', 'type': 'int', 'value': -100}, {'name': 'pathname', 'type': 'const char*', 'value': '/run/log/journal/cd4bbb49080545c3aed82cc00b5f152b/system.journal'}, {'name': 'flags', 'type': 'unsigned int', 'value': 'O_RDWR|O_NONBLOCK|O_CLOEXEC'}, {'name': 'mode', 'type': 'int', 'value': 154005284}]",0,0
16021.962447,159,1,0,systemd-journal,ip-10-100-1-186,1003,cap_capable,1,0,"[{'name': 'cap', 'type': 'int', 'value': 'CAP_SYS_ADMIN'}]",0,0
16021.962497,159,1,0,systemd-journal,ip-10-100-1-186,257,openat,4,-2,"[{'name': 'dirfd', 'type': 'int', 'value': -100}, {'name': 'pathname', 'type': 'const char*', 'value': '/run/log/journal/cd4bbb49080545c3aed82cc00b5f152b/system.journal'}, {'name': 'flags', 'type': 'unsigned int', 'value': 'O_RDWR|O_NONBLOCK|O_CLOEXEC'}, {'name': 'mode', 'type': 'int', 'value': 154005284}]",0,0
16021.962562,159,1,0,systemd-journal,ip-10-100-1-186,1003,cap_capable,1,0,"[{'name': 'cap', 'type': 'int', 'value': 'CAP_SYS_ADMIN'}]",0,0
16021.96261,159,1,0,systemd-journal,ip-10-100-1-186,257,openat,4,-2,"[{'name': 'dirfd', 'type': 'int', 'value': -100}, {'name': 'pathname', 'type': 'const char*', 'value': '/run/log/journal/cd4bbb49080545c3aed82cc00b5f152b/system.journal'}, {'name': 'flags', 'type': 'unsigned int', 'value': 'O_RDWR|O_NONBLOCK|O_CLOEXEC'}, {'name': 'mode', 'type': 'int', 'value': 154005284}]",0,0
16021.962673,159,1,0,systemd-journal,ip-10-100-1-186,1003,cap_capable,1,0,"[{'name': 'cap', 'type': 'int', 'value': 'CAP_SYS_ADMIN'}]",0,0
16021.962721,159,1,0,systemd-journal,ip-10-100-1-186,257,openat,4,-2,"[{'name': 'dirfd', 'type': 'int', 'value': -100}, {'name': 'pathname', 'type': 'const char*', 'value': '/run/log/journal/cd4bbb49080545c3aed82cc00b5f152b/system.journal'}, {'name': 'flags', 'type': 'unsigned int', 'value': 'O_RDWR|O_NONBLOCK|O_CLOEXEC'}, {'name': 'mode', 'type': 'int', 'value': 154005284}]",0,0
16021.962783,159,1,0,systemd-journal,ip-10-100-1-186,1003,cap_capable,1,0,"[{'name': 'cap', 'type': 'int', 'value': 'CAP_SYS_ADMIN'}]",0,0
16021.962831,159,1,0,systemd-journal,ip-10-100-1-186,257,openat,4,-2,"[{'name': 'dirfd', 'type': 'int', 'value': -100}, {'name': 'pathname', 'type': 'const char*', 'value': '/run/log/journal/cd4bbb49080545c3aed82cc00b5f152b/system.journal'}, {'name': 'flags', 'type': 'unsigned int', 'value': 'O_RDWR|O_NONBLOCK|O_CLOEXEC'}, {'name': 'mode', 'type': 'int', 'value': 154005284}]",0,0
16021.962894,159,1,0,systemd-journal,ip-10-100-1-186,1003,cap_capable,1,0,"[{'name': 'cap', 'type': 'int', 'value': 'CAP_SYS_ADMIN'}]",0,0
16021.962942,159,1,0,systemd-journal,ip-10-100-1-186,257,openat,4,-2,"[{'name': 'dirfd', 'type': 'int', 'value': -100}, {'name': 'pathname', 'type': 'const char*', 'value': '/run/log/journal/cd4bbb49080545c3aed82cc00b5f152b/system.journal'}, {'name': 'flags', 'type': 'unsigned int', 'value': 'O_RDWR|O_NONBLOCK|O_CLOEXEC'}, {'name': 'mode', 'type': 'int', 'value': 154005284}]",0,0
16021.963005,159,1,0,systemd-journal,ip-10-100-1-186,1003,cap_capable,1,0,"[{'name': 'cap', 'type': 'int', 'value': 'CAP_SYS_ADMIN'}]",0,0
16021.963053,159,1,0,systemd-journal,ip-10-100-1-186,257,openat,4,-2,"[{'name': 'dirfd', 'type': 'int', 'value': -100}, {'name': 'pathname', 'type': 'const char*', 'value': '/run/log/journal/cd4bbb49080545c3aed82cc00b5f152b/system.journal'}, {'name': 'flags', 'type': 'unsigned int', 'value': 'O_RDWR|O_NONBLOCK|O_CLOEXEC'}, {'name': 'mode', 'type': 'int', 'value': 154005284}]",0,0
16021.963116,159,1,0,systemd-journal,ip-10-100-1-186,1003,cap_capable,1,0,"[{'name': 'cap', 'type': 'int', 'value': 'CAP_SYS_ADMIN'}]",0,0
16021.963164,159,1,0,systemd-journal,ip-10-100-1-186,257,openat,4,-2,"[{'name': 'dirfd', 'type': 'int', 'value': -100}, {'name': 'pathname', 'type': 'const char*', 'value': '/run/log/journal/cd4bbb49080545c3aed82cc00b5f152b/system.journal'}, {'name': 'flags', 'type': 'unsigned int', 'value': 'O_RDWR|O_NONBLOCK|O_CLOEXEC'}, {'name': 'mode', 'type': 'int', 'value': 154005284}]",0,0
16021.963233,159,1,0,systemd-journal,ip-10-100-1-186,1003,cap_capable,1,0,"[{'name': 'cap', 'type': 'int', 'value': 'CAP_SYS_ADMIN'}]",0,0
16021.963282,159,1,0,systemd-journal,ip-10-100-1-186,257,openat,4,-2,"[{'name': 'dirfd', 'type': 'int', 'value': -100}, {'name': 'pathname', 'type': 'const char*', 'value': '/run/log/journal/cd4bbb49080545c3aed82cc00b5f152b/system.journal'}, {'name': 'flags', 'type': 'unsigned int', 'value': 'O_RDWR|O_NONBLOCK|O_CLOEXEC'}, {'name': 'mode', 'type': 'int', 'value': 154005284}]",0,0
16021.963345,159,1,0,systemd-journal,ip-10-100-1-186,1003,cap_capable,1,0,"[{'name': 'cap', 'type': 'int', 'value': 'CAP_SYS_ADMIN'}]",0,0
16021.963393,159,1,0,systemd-journal,ip-10-100-1-186,257,openat,4,-2,"[{'name': 'dirfd', 'type': 'int', 'value': -100}, {'name': 'pathname', 'type': 'const char*', 'value': '/run/log/journal/cd4bbb49080545c3aed82cc00b5f152b/system.journal'}, {'name': 'flags', 'type': 'unsigned int', 'value': 'O_RDWR|O_NONBLOCK|O_CLOEXEC'}, {'name': 'mode', 'type': 'int', 'value': 154005284}]",0,0
16021.963456,159,1,0,systemd-journal,ip-10-100-1-186,1003,cap_capable,1,0,"[{'name': 'cap', 'type': 'int', 'value': 'CAP_SYS_ADMIN'}]",0,0
16021.963504,159,1,0,systemd-journal,ip-10-100-1-186,257,openat,4,-2,"[{'name': 'dirfd', 'type': 'int', 'value': -100}, {'name': 'pathname', 'type': 'const char*', 'value': '/run/log/journal/cd4bbb49080545c3aed82cc00b5f152b/system.journal'}, {'name': 'flags', 'type': 'unsigned int', 'value': 'O_RDWR|O_NONBLOCK|O_CLOEXEC'}, {'name': 'mode', 'type': 'int', 'value': 154005284}]",0,0
16021.963567,159,1,0,systemd-journal,ip-10-100-1-186,1003,cap_capable,1,0,"[{'name': 'cap', 'type': 'int', 'value': 'CAP_SYS_ADMIN'}]",0,0
16021.963729,159,1,0,systemd-journal,ip-10-100-1-186,257,openat,4,-2,"[{'name': 'dirfd', 'type': 'int', 'value': -100}, {'name': 'pathname', 'type': 'const char*', 'value': '/run/log/journal/cd4bbb49080545c3aed82cc00b5f152b/system.journal'}, {'name': 'flags', 'type': 'unsigned int', 'value': 'O_RDWR|O_NONBLOCK|O_CLOEXEC'}, {'name': 'mode', 'type': 'int', 'value': 154005284}]",0,0
16021.96368,159,1,0,systemd-journal,ip-10-100-1-186,1003,cap_capable,1,0,"[{'name': 'cap', 'type': 'int', 'value': 'CAP_SYS_ADMIN'}]",0,0
16021.963615,159,1,0,systemd-journal,ip-10-100-1-186,257,openat,4,-2,"[{'name': 'dirfd', 'type': 'int', 'value': -100}, {'name': 'pathname', 'type': 'const char*', 'value': '/run/log/journal/cd4bbb49080545c3aed82cc00b5f152b/system.journal'}, {'name': 'flags', 'type': 'unsigned int', 'value': 'O_RDWR|O_NONBLOCK|O_CLOEXEC'}, {'name': 'mode', 'type': 'int', 'value': 154005284}]",0,0
16021.963792,159,1,0,systemd-journal,ip-10-100-1-186,1003,cap_capable,1,0,"[{'name': 'cap', 'type': 'int', 'value': 'CAP_SYS_ADMIN'}]",0,0
16021.963839,159,1,0,systemd-journal,ip-10-100-1-186,257,openat,4,-2,"[{'name': 'dirfd', 'type': 'int', 'value': -100}, {'name': 'pathname', 'type': 'const char*', 'value': '/run/log/journal/cd4bbb49080545c3aed82cc00b5f152b/system.journal'}, {'name': 'flags', 'type': 'unsigned int', 'value': 'O_RDWR|O_NONBLOCK|O_CLOEXEC'}, {'name': 'mode', 'type': 'int', 'value': 154005284}]",0,0
16021.963902,159,1,0,systemd-journal,ip-10-100-1-186,1003,cap_capable,1,0,"[{'name': 'cap', 'type': 'int', 'value': 'CAP_SYS_ADMIN'}]",0,0
16021.96395,159,1,0,systemd-journal,ip-10-100-1-186,257,openat,4,-2,"[{'name': 'dirfd', 'type': 'int', 'value': -100}, {'name': 'pathname', 'type': 'const char*', 'value': '/run/log/journal/cd4bbb49080545c3aed82cc00b5f152b/system.journal'}, {'name': 'flags', 'type': 'unsigned int', 'value': 'O_RDWR|O_NONBLOCK|O_CLOEXEC'}, {'name': 'mode', 'type': 'int', 'value': 154005284}]",0,0
16021.964012,159,1,0,systemd-journal,ip-10-100-1-186,1003,cap_capable,1,0,"[{'name': 'cap', 'type': 'int', 'value': 'CAP_SYS_ADMIN'}]",0,0
16021.96406,159,1,0,systemd-journal,ip-10-100-1-186,257,openat,4,-2,"[{'name': 'dirfd', 'type': 'int', 'value': -100}, {'name': 'pathname', 'type': 'const char*', 'value': '/run/log/journal/cd4bbb49080545c3aed82cc00b5f152b/system.journal'}, {'name': 'flags', 'type': 'unsigned int', 'value': 'O_RDWR|O_NONBLOCK|O_CLOEXEC'}, {'name': 'mode', 'type': 'int', 'value': 154005284}]",0,0
16021.964132,159,1,0,systemd-journal,ip-10-100-1-186,1003,cap_capable,1,0,"[{'name': 'cap', 'type': 'int', 'value': 'CAP_SYS_ADMIN'}]",0,0
16021.964182,159,1,0,systemd-journal,ip-10-100-1-186,257,openat,4,-2,"[{'name': 'dirfd', 'type': 'int', 'value': -100}, {'name': 'pathname', 'type': 'const char*', 'value': '/run/log/journal/cd4bbb49080545c3aed82cc00b5f152b/system.journal'}, {'name': 'flags', 'type': 'unsigned int', 'value': 'O_RDWR|O_NONBLOCK|O_CLOEXEC'}, {'name': 'mode', 'type': 'int', 'value': 154005284}]",0,0
16021.964271,159,1,0,systemd-journal,ip-10-100-1-186,1003,cap_capable,1,0,"[{'name': 'cap', 'type': 'int', 'value': 'CAP_SYS_ADMIN'}]",0,0
16021.964328,159,1,0,systemd-journal,ip-10-100-1-186,257,openat,4,-2,"[{'name': 'dirfd', 'type': 'int', 'value': -100}, {'name': 'pathname', 'type': 'const char*', 'value': '/run/log/journal/cd4bbb49080545c3aed82cc00b5f152b/system.journal'}, {'name': 'flags', 'type': 'unsigned int', 'value': 'O_RDWR|O_NONBLOCK|O_CLOEXEC'}, {'name': 'mode', 'type': 'int', 'value': 154005284}]",0,0
16021.964431,159,1,0,systemd-journal,ip-10-100-1-186,1003,cap_capable,1,0,"[{'name': 'cap', 'type': 'int', 'value': 'CAP_SYS_ADMIN'}]",0,0
16021.964481,159,1,0,systemd-journal,ip-10-100-1-186,257,openat,4,-2,"[{'name': 'dirfd', 'type': 'int', 'value': -100}, {'name': 'pathname', 'type': 'const char*', 'value': '/run/log/journal/cd4bbb49080545c3aed82cc00b5f152b/system.journal'}, {'name': 'flags', 'type': 'unsigned int', 'value': 'O_RDWR|O_NONBLOCK|O_CLOEXEC'}, {'name': 'mode', 'type': 'int', 'value': 154005284}]",0,0
16021.964545,159,1,0,systemd-journal,ip-10-100-1-186,1003,cap_capable,1,0,"[{'name': 'cap', 'type': 'int', 'value': 'CAP_SYS_ADMIN'}]",0,0
16021.964593,159,1,0,systemd-journal,ip-10-100-1-186,257,openat,4,-2,"[{'name': 'dirfd', 'type': 'int', 'value': -100}, {'name': 'pathname', 'type': 'const char*', 'value': '/run/log/journal/cd4bbb49080545c3aed82cc00b5f152b/system.journal'}, {'name': 'flags', 'type': 'unsigned int', 'value': 'O_RDWR|O_NONBLOCK|O_CLOEXEC'}, {'name': 'mode', 'type': 'int', 'value': 154005284}]",0,0
16021.964656,159,1,0,systemd-journal,ip-10-100-1-186,1003,cap_capable,1,0,"[{'name': 'cap', 'type': 'int', 'value': 'CAP_SYS_ADMIN'}]",0,0
16021.964704,159,1,0,systemd-journal,ip-10-100-1-186,257,openat,4,-2,"[{'name': 'dirfd', 'type': 'int', 'value': -100}, {'name': 'pathname', 'type': 'const char*', 'value': '/run/log/journal/cd4bbb49080545c3aed82cc00b5f152b/system.journal'}, {'name': 'flags', 'type': 'unsigned int', 'value': 'O_RDWR|O_NONBLOCK|O_CLOEXEC'}, {'name': 'mode', 'type': 'int', 'value': 154005284}]",0,0
16021.968168,506,1,104,rs:main Q:Reg,ip-10-100-1-186,62,kill,2,0,"[{'name': 'pid', 'type': 'pid_t', 'value': 506}, {'name': 'sig', 'type': 'int', 'value': 22}]",0,0
16021.968008,506,1,104,rs:main Q:Reg,ip-10-100-1-186,62,kill,2,0,"[{'name': 'pid', 'type': 'pid_t', 'value': 506}, {'name': 'sig', 'type': 'int', 'value': 22}]",0,0
16022.000864,159,1,0,systemd-journal,ip-10-100-1-186,1003,cap_capable,1,0,"[{'name': 'cap', 'type': 'int', 'value': 'CAP_SYS_ADMIN'}]",0,0
16021.968349,506,1,104,rs:main Q:Reg,ip-10-100-1-186,1003,cap_capable,1,0,"[{'name': 'cap', 'type': 'int', 'value': 'CAP_SYS_RESOURCE'}]",0,0
16021.968318,506,1,104,rs:main Q:Reg,ip-10-100-1-186,1003,cap_capable,1,0,"[{'name': 'cap', 'type': 'int', 'value': 'CAP_SYS_RESOURCE'}]",0,0
16022.000954,159,1,0,systemd-journal,ip-10-100-1-186,257,openat,4,-2,"[{'name': 'dirfd', 'type': 'int', 'value': -100}, {'name': 'pathname', 'type': 'const char*', 'value': '/run/log/journal/cd4bbb49080545c3aed82cc00b5f152b/system.journal'}, {'name': 'flags', 'type': 'unsigned int', 'value': 'O_RDWR|O_NONBLOCK|O_CLOEXEC'}, {'name': 'mode', 'type': 'int', 'value': 154005284}]",0,0
16022.001023,159,1,0,systemd-journal,ip-10-100-1-186,1003,cap_capable,1,0,"[{'name': 'cap', 'type': 'int', 'value': 'CAP_SYS_ADMIN'}]",0,0
16022.001088,159,1,0,systemd-journal,ip-10-100-1-186,257,openat,4,-2,"[{'name': 'dirfd', 'type': 'int', 'value': -100}, {'name': 'pathname', 'type': 'const char*', 'value': '/run/log/journal/cd4bbb49080545c3aed82cc00b5f152b/system.journal'}, {'name': 'flags', 'type': 'unsigned int', 'value': 'O_RDWR|O_NONBLOCK|O_CLOEXEC'}, {'name': 'mode', 'type': 'int', 'value': 154005284}]",0,0
16022.001217,159,1,0,systemd-journal,ip-10-100-1-186,1003,cap_capable,1,0,"[{'name': 'cap', 'type': 'int', 'value': 'CAP_SYS_ADMIN'}]",0,0
16022.001403,159,1,0,systemd-journal,ip-10-100-1-186,257,openat,4,-2,"[{'name': 'dirfd', 'type': 'int', 'value': -100}, {'name': 'pathname', 'type': 'const char*', 'value': '/run/log/journal/cd4bbb49080545c3aed82cc00b5f152b/system.journal'}, {'name': 'flags', 'type': 'unsigned int', 'value': 'O_RDWR|O_NONBLOCK|O_CLOEXEC'}, {'name': 'mode', 'type': 'int', 'value': 154005284}]",0,0
16022.001343,159,1,0,systemd-journal,ip-10-100-1-186,1003,cap_capable,1,0,"[{'name': 'cap', 'type': 'int', 'value': 'CAP_SYS_ADMIN'}]",0,0
16022.001278,159,1,0,systemd-journal,ip-10-100-1-186,257,openat,4,-2,"[{'name': 'dirfd', 'type': 'int', 'value': -100}, {'name': 'pathname', 'type': 'const char*', 'value': '/run/log/journal/cd4bbb49080545c3aed82cc00b5f152b/system.journal'}, {'name': 'flags', 'type': 'unsigned int', 'value': 'O_RDWR|O_NONBLOCK|O_CLOEXEC'}, {'name': 'mode', 'type': 'int', 'value': 154005284}]",0,0
16022.001467,159,1,0,systemd-journal,ip-10-100-1-186,1003,cap_capable,1,0,"[{'name': 'cap', 'type': 'int', 'value': 'CAP_SYS_ADMIN'}]",0,0
16022.001516,159,1,0,systemd-journal,ip-10-100-1-186,257,openat,4,-2,"[{'name': 'dirfd', 'type': 'int', 'value': -100}, {'name': 'pathname', 'type': 'const char*', 'value': '/run/log/journal/cd4bbb49080545c3aed82cc00b5f152b/system.journal'}, {'name': 'flags', 'type': 'unsigned int', 'value': 'O_RDWR|O_NONBLOCK|O_CLOEXEC'}, {'name': 'mode', 'type': 'int', 'value': 154005284}]",0,0
16022.001579,159,1,0,systemd-journal,ip-10-100-1-186,1003,cap_capable,1,0,"[{'name': 'cap', 'type': 'int', 'value': 'CAP_SYS_ADMIN'}]",0,0
16022.001628,159,1,0,systemd-journal,ip-10-100-1-186,257,openat,4,-2,"[{'name': 'dirfd', 'type': 'int', 'value': -100}, {'name': 'pathname', 'type': 'const char*', 'value': '/run/log/journal/cd4bbb49080545c3aed82cc00b5f152b/system.journal'}, {'name': 'flags', 'type': 'unsigned int', 'value': 'O_RDWR|O_NONBLOCK|O_CLOEXEC'}, {'name': 'mode', 'type': 'int', 'value': 154005284}]",0,0
16022.001739,159,1,0,systemd-journal,ip-10-100-1-186,257,openat,4,-2,"[{'name': 'dirfd', 'type': 'int', 'value': -100}, {'name': 'pathname', 'type': 'const char*', 'value': '/run/log/journal/cd4bbb49080545c3aed82cc00b5f152b/system.journal'}, {'name': 'flags', 'type': 'unsigned int', 'value': 'O_RDWR|O_NONBLOCK|O_CLOEXEC'}, {'name': 'mode', 'type': 'int', 'value': 154005284}]",0,0
16022.001802,159,1,0,systemd-journal,ip-10-100-1-186,1003,cap_capable,1,0,"[{'name': 'cap', 'type': 'int', 'value': 'CAP_SYS_ADMIN'}]",0,0
16022.001691,159,1,0,systemd-journal,ip-10-100-1-186,1003,cap_capable,1,0,"[{'name': 'cap', 'type': 'int', 'value': 'CAP_SYS_ADMIN'}]",0,0
16022.001874,159,1,0,systemd-journal,ip-10-100-1-186,257,openat,4,-2,"[{'name': 'dirfd', 'type': 'int', 'value': -100}, {'name': 'pathname', 'type': 'const char*', 'value': '/run/log/journal/cd4bbb49080545c3aed82cc00b5f152b/system.journal'}, {'name': 'flags', 'type': 'unsigned int', 'value': 'O_RDWR|O_NONBLOCK|O_CLOEXEC'}, {'name': 'mode', 'type': 'int', 'value': 154005284}]",0,0
16022.001992,159,1,0,systemd-journal,ip-10-100-1-186,1003,cap_capable,1,0,"[{'name': 'cap', 'type': 'int', 'value': 'CAP_SYS_ADMIN'}]",0,0
16022.002044,159,1,0,systemd-journal,ip-10-100-1-186,257,openat,4,-2,"[{'name': 'dirfd', 'type': 'int', 'value': -100}, {'name': 'pathname', 'type': 'const char*', 'value': '/run/log/journal/cd4bbb49080545c3aed82cc00b5f152b/system.journal'}, {'name': 'flags', 'type': 'unsigned int', 'value': 'O_RDWR|O_NONBLOCK|O_CLOEXEC'}, {'name': 'mode', 'type': 'int', 'value': 154005284}]",0,0
16022.002109,159,1,0,systemd-journal,ip-10-100-1-186,1003,cap_capable,1,0,"[{'name': 'cap', 'type': 'int', 'value': 'CAP_SYS_ADMIN'}]",0,0
16022.002157,159,1,0,systemd-journal,ip-10-100-1-186,257,openat,4,-2,"[{'name': 'dirfd', 'type': 'int', 'value': -100}, {'name': 'pathname', 'type': 'const char*', 'value': '/run/log/journal/cd4bbb49080545c3aed82cc00b5f152b/system.journal'}, {'name': 'flags', 'type': 'unsigned int', 'value': 'O_RDWR|O_NONBLOCK|O_CLOEXEC'}, {'name': 'mode', 'type': 'int', 'value': 154005284}]",0,0
16022.00222,159,1,0,systemd-journal,ip-10-100-1-186,1003,cap_capable,1,0,"[{'name': 'cap', 'type': 'int', 'value': 'CAP_SYS_ADMIN'}]",0,0
16022.002268,159,1,0,systemd-journal,ip-10-100-1-186,257,openat,4,-2,"[{'name': 'dirfd', 'type': 'int', 'value': -100}, {'name': 'pathname', 'type': 'const char*', 'value': '/run/log/journal/cd4bbb49080545c3aed82cc00b5f152b/system.journal'}, {'name': 'flags', 'type': 'unsigned int', 'value': 'O_RDWR|O_NONBLOCK|O_CLOEXEC'}, {'name': 'mode', 'type': 'int', 'value': 154005284}]",0,0
16022.002372,159,1,0,systemd-journal,ip-10-100-1-186,1003,cap_capable,1,0,"[{'name': 'cap', 'type': 'int', 'value': 'CAP_SYS_ADMIN'}]",0,0
16022.002423,159,1,0,systemd-journal,ip-10-100-1-186,257,openat,4,-2,"[{'name': 'dirfd', 'type': 'int', 'value': -100}, {'name': 'pathname', 'type': 'const char*', 'value': '/run/log/journal/cd4bbb49080545c3aed82cc00b5f152b/system.journal'}, {'name': 'flags', 'type': 'unsigned int', 'value': 'O_RDWR|O_NONBLOCK|O_CLOEXEC'}, {'name': 'mode', 'type': 'int', 'value': 154005284}]",0,0
16022.002485,159,1,0,systemd-journal,ip-10-100-1-186,1003,cap_capable,1,0,"[{'name': 'cap', 'type': 'int', 'value': 'CAP_SYS_ADMIN'}]",0,0
16022.002545,159,1,0,systemd-journal,ip-10-100-1-186,257,openat,4,-2,"[{'name': 'dirfd', 'type': 'int', 'value': -100}, {'name': 'pathname', 'type': 'const char*', 'value': '/run/log/journal/cd4bbb49080545c3aed82cc00b5f152b/system.journal'}, {'name': 'flags', 'type': 'unsigned int', 'value': 'O_RDWR|O_NONBLOCK|O_CLOEXEC'}, {'name': 'mode', 'type': 'int', 'value': 154005284}]",0,0
16022.002609,159,1,0,systemd-journal,ip-10-100-1-186,1003,cap_capable,1,0,"[{'name': 'cap', 'type': 'int', 'value': 'CAP_SYS_ADMIN'}]",0,0
16022.002669,159,1,0,systemd-journal,ip-10-100-1-186,257,openat,4,-2,"[{'name': 'dirfd', 'type': 'int', 'value': -100}, {'name': 'pathname', 'type': 'const char*', 'value': '/run/log/journal/cd4bbb49080545c3aed82cc00b5f152b/system.journal'}, {'name': 'flags', 'type': 'unsigned int', 'value': 'O_RDWR|O_NONBLOCK|O_CLOEXEC'}, {'name': 'mode', 'type': 'int', 'value': 154005284}]",0,0
16022.002745,159,1,0,systemd-journal,ip-10-100-1-186,1003,cap_capable,1,0,"[{'name': 'cap', 'type': 'int', 'value': 'CAP_SYS_ADMIN'}]",0,0
16022.002805,159,1,0,systemd-journal,ip-10-100-1-186,257,openat,4,-2,"[{'name': 'dirfd', 'type': 'int', 'value': -100}, {'name': 'pathname', 'type': 'const char*', 'value': '/run/log/journal/cd4bbb49080545c3aed82cc00b5f152b/system.journal'}, {'name': 'flags', 'type': 'unsigned int', 'value': 'O_RDWR|O_NONBLOCK|O_CLOEXEC'}, {'name': 'mode', 'type': 'int', 'value': 154005284}]",0,0
16022.002868,159,1,0,systemd-journal,ip-10-100-1-186,1003,cap_capable,1,0,"[{'name': 'cap', 'type': 'int', 'value': 'CAP_SYS_ADMIN'}]",0,0
16022.002915,159,1,0,systemd-journal,ip-10-100-1-186,257,openat,4,-2,"[{'name': 'dirfd', 'type': 'int', 'value': -100}, {'name': 'pathname', 'type': 'const char*', 'value': '/run/log/journal/cd4bbb49080545c3aed82cc00b5f152b/system.journal'}, {'name': 'flags', 'type': 'unsigned int', 'value': 'O_RDWR|O_NONBLOCK|O_CLOEXEC'}, {'name': 'mode', 'type': 'int', 'value': 154005284}]",0,0
16022.002989,159,1,0,systemd-journal,ip-10-100-1-186,1003,cap_capable,1,0,"[{'name': 'cap', 'type': 'int', 'value': 'CAP_SYS_ADMIN'}]",0,0
16022.003038,159,1,0,systemd-journal,ip-10-100-1-186,257,openat,4,-2,"[{'name': 'dirfd', 'type': 'int', 'value': -100}, {'name': 'pathname', 'type': 'const char*', 'value': '/run/log/journal/cd4bbb49080545c3aed82cc00b5f152b/system.journal'}, {'name': 'flags', 'type': 'unsigned int', 'value': 'O_RDWR|O_NONBLOCK|O_CLOEXEC'}, {'name': 'mode', 'type': 'int', 'value': 154005284}]",0,0
16022.003101,159,1,0,systemd-journal,ip-10-100-1-186,1003,cap_capable,1,0,"[{'name': 'cap', 'type': 'int', 'value': 'CAP_SYS_ADMIN'}]",0,0
16022.00315,159,1,0,systemd-journal,ip-10-100-1-186,257,openat,4,-2,"[{'name': 'dirfd', 'type': 'int', 'value': -100}, {'name': 'pathname', 'type': 'const char*', 'value': '/run/log/journal/cd4bbb49080545c3aed82cc00b5f152b/system.journal'}, {'name': 'flags', 'type': 'unsigned int', 'value': 'O_RDWR|O_NONBLOCK|O_CLOEXEC'}, {'name': 'mode', 'type': 'int', 'value': 154005284}]",0,0
16022.003219,159,1,0,systemd-journal,ip-10-100-1-186,1003,cap_capable,1,0,"[{'name': 'cap', 'type': 'int', 'value': 'CAP_SYS_ADMIN'}]",0,0
16022.00327,159,1,0,systemd-journal,ip-10-100-1-186,257,openat,4,-2,"[{'name': 'dirfd', 'type': 'int', 'value': -100}, {'name': 'pathname', 'type': 'const char*', 'value': '/run/log/journal/cd4bbb49080545c3aed82cc00b5f152b/system.journal'}, {'name': 'flags', 'type': 'unsigned int', 'value': 'O_RDWR|O_NONBLOCK|O_CLOEXEC'}, {'name': 'mode', 'type': 'int', 'value': 154005284}]",0,0
16022.003345,159,1,0,systemd-journal,ip-10-100-1-186,1003,cap_capable,1,0,"[{'name': 'cap', 'type': 'int', 'value': 'CAP_SYS_ADMIN'}]",0,0
16022.003392,159,1,0,systemd-journal,ip-10-100-1-186,257,openat,4,-2,"[{'name': 'dirfd', 'type': 'int', 'value': -100}, {'name': 'pathname', 'type': 'const char*', 'value': '/run/log/journal/cd4bbb49080545c3aed82cc00b5f152b/system.journal'}, {'name': 'flags', 'type': 'unsigned int', 'value': 'O_RDWR|O_NONBLOCK|O_CLOEXEC'}, {'name': 'mode', 'type': 'int', 'value': 154005284}]",0,0
16022.003464,159,1,0,systemd-journal,ip-10-100-1-186,1003,cap_capable,1,0,"[{'name': 'cap', 'type': 'int', 'value': 'CAP_SYS_ADMIN'}]",0,0
16022.003508,159,1,0,systemd-journal,ip-10-100-1-186,257,openat,4,-2,"[{'name': 'dirfd', 'type': 'int', 'value': -100}, {'name': 'pathname', 'type': 'const char*', 'value': '/run/log/journal/cd4bbb49080545c3aed82cc00b5f152b/system.journal'}, {'name': 'flags', 'type': 'unsigned int', 'value': 'O_RDWR|O_NONBLOCK|O_CLOEXEC'}, {'name': 'mode', 'type': 'int', 'value': 154005284}]",0,0
16022.003578,159,1,0,systemd-journal,ip-10-100-1-186,1003,cap_capable,1,0,"[{'name': 'cap', 'type': 'int', 'value': 'CAP_SYS_ADMIN'}]",0,0
16022.003625,159,1,0,systemd-journal,ip-10-100-1-186,257,openat,4,-2,"[{'name': 'dirfd', 'type': 'int', 'value': -100}, {'name': 'pathname', 'type': 'const char*', 'value': '/run/log/journal/cd4bbb49080545c3aed82cc00b5f152b/system.journal'}, {'name': 'flags', 'type': 'unsigned int', 'value': 'O_RDWR|O_NONBLOCK|O_CLOEXEC'}, {'name': 'mode', 'type': 'int', 'value': 154005284}]",0,0
16022.003687,159,1,0,systemd-journal,ip-10-100-1-186,1003,cap_capable,1,0,"[{'name': 'cap', 'type': 'int', 'value': 'CAP_SYS_ADMIN'}]",0,0
16022.003734,159,1,0,systemd-journal,ip-10-100-1-186,257,openat,4,-2,"[{'name': 'dirfd', 'type': 'int', 'value': -100}, {'name': 'pathname', 'type': 'const char*', 'value': '/run/log/journal/cd4bbb49080545c3aed82cc00b5f152b/system.journal'}, {'name': 'flags', 'type': 'unsigned int', 'value': 'O_RDWR|O_NONBLOCK|O_CLOEXEC'}, {'name': 'mode', 'type': 'int', 'value': 154005284}]",0,0
16022.003795,159,1,0,systemd-journal,ip-10-100-1-186,1003,cap_capable,1,0,"[{'name': 'cap', 'type': 'int', 'value': 'CAP_SYS_ADMIN'}]",0,0
16022.003983,159,1,0,systemd-journal,ip-10-100-1-186,1003,cap_capable,1,0,"[{'name': 'cap', 'type': 'int', 'value': 'CAP_SYS_ADMIN'}]",0,0
16022.004035,159,1,0,systemd-journal,ip-10-100-1-186,257,openat,4,-2,"[{'name': 'dirfd', 'type': 'int', 'value': -100}, {'name': 'pathname', 'type': 'const char*', 'value': '/run/log/journal/cd4bbb49080545c3aed82cc00b5f152b/system.journal'}, {'name': 'flags', 'type': 'unsigned int', 'value': 'O_RDWR|O_NONBLOCK|O_CLOEXEC'}, {'name': 'mode', 'type': 'int', 'value': 154005284}]",0,0
16022.003859,159,1,0,systemd-journal,ip-10-100-1-186,257,openat,4,-2,"[{'name': 'dirfd', 'type': 'int', 'value': -100}, {'name': 'pathname', 'type': 'const char*', 'value': '/run/log/journal/cd4bbb49080545c3aed82cc00b5f152b/system.journal'}, {'name': 'flags', 'type': 'unsigned int', 'value': 'O_RDWR|O_NONBLOCK|O_CLOEXEC'}, {'name': 'mode', 'type': 'int', 'value': 154005284}]",0,0
16022.004181,159,1,0,systemd-journal,ip-10-100-1-186,1003,cap_capable,1,0,"[{'name': 'cap', 'type': 'int', 'value': 'CAP_SYS_ADMIN'}]",0,0
16022.004203,159,1,0,systemd-journal,ip-10-100-1-186,1003,cap_capable,1,0,"[{'name': 'cap', 'type': 'int', 'value': 'CAP_SETUID'}]",0,0
16022.004221,159,1,0,systemd-journal,ip-10-100-1-186,1003,cap_capable,1,0,"[{'name': 'cap', 'type': 'int', 'value': 'CAP_SETGID'}]",0,0
16022.00427,159,1,0,systemd-journal,ip-10-100-1-186,257,openat,4,-2,"[{'name': 'dirfd', 'type': 'int', 'value': -100}, {'name': 'pathname', 'type': 'const char*', 'value': '/run/log/journal/cd4bbb49080545c3aed82cc00b5f152b/system.journal'}, {'name': 'flags', 'type': 'unsigned int', 'value': 'O_RDWR|O_NONBLOCK|O_CLOEXEC'}, {'name': 'mode', 'type': 'int', 'value': 154005284}]",0,0
16022.004417,159,1,0,systemd-journal,ip-10-100-1-186,1003,cap_capable,1,0,"[{'name': 'cap', 'type': 'int', 'value': 'CAP_SYS_ADMIN'}]",0,0
16022.00447,159,1,0,systemd-journal,ip-10-100-1-186,257,openat,4,-2,"[{'name': 'dirfd', 'type': 'int', 'value': -100}, {'name': 'pathname', 'type': 'const char*', 'value': '/run/log/journal/cd4bbb49080545c3aed82cc00b5f152b/system.journal'}, {'name': 'flags', 'type': 'unsigned int', 'value': 'O_RDWR|O_NONBLOCK|O_CLOEXEC'}, {'name': 'mode', 'type': 'int', 'value': 154005284}]",0,0
16022.004604,159,1,0,systemd-journal,ip-10-100-1-186,1003,cap_capable,1,0,"[{'name': 'cap', 'type': 'int', 'value': 'CAP_SYS_ADMIN'}]",0,0
16022.004656,159,1,0,systemd-journal,ip-10-100-1-186,257,openat,4,-2,"[{'name': 'dirfd', 'type': 'int', 'value': -100}, {'name': 'pathname', 'type': 'const char*', 'value': '/run/log/journal/cd4bbb49080545c3aed82cc00b5f152b/system.journal'}, {'name': 'flags', 'type': 'unsigned int', 'value': 'O_RDWR|O_NONBLOCK|O_CLOEXEC'}, {'name': 'mode', 'type': 'int', 'value': 154005284}]",0,0
16022.008916,159,1,0,systemd-journal,ip-10-100-1-186,257,openat,4,-2,"[{'name': 'dirfd', 'type': 'int', 'value': -100}, {'name': 'pathname', 'type': 'const char*', 'value': '/run/log/journal/cd4bbb49080545c3aed82cc00b5f152b/system.journal'}, {'name': 'flags', 'type': 'unsigned int', 'value': 'O_RDWR|O_NONBLOCK|O_CLOEXEC'}, {'name': 'mode', 'type': 'int', 'value': 154005284}]",0,0
16022.008855,159,1,0,systemd-journal,ip-10-100-1-186,1003,cap_capable,1,0,"[{'name': 'cap', 'type': 'int', 'value': 'CAP_SYS_ADMIN'}]",0,0
16022.008983,159,1,0,systemd-journal,ip-10-100-1-186,1003,cap_capable,1,0,"[{'name': 'cap', 'type': 'int', 'value': 'CAP_SYS_ADMIN'}]",0,0
16022.009042,159,1,0,systemd-journal,ip-10-100-1-186,257,openat,4,-2,"[{'name': 'dirfd', 'type': 'int', 'value': -100}, {'name': 'pathname', 'type': 'const char*', 'value': '/run/log/journal/cd4bbb49080545c3aed82cc00b5f152b/system.journal'}, {'name': 'flags', 'type': 'unsigned int', 'value': 'O_RDWR|O_NONBLOCK|O_CLOEXEC'}, {'name': 'mode', 'type': 'int', 'value': 154005284}]",0,0
16022.009109,159,1,0,systemd-journal,ip-10-100-1-186,1003,cap_capable,1,0,"[{'name': 'cap', 'type': 'int', 'value': 'CAP_SYS_ADMIN'}]",0,0
16022.009157,159,1,0,systemd-journal,ip-10-100-1-186,257,openat,4,-2,"[{'name': 'dirfd', 'type': 'int', 'value': -100}, {'name': 'pathname', 'type': 'const char*', 'value': '/run/log/journal/cd4bbb49080545c3aed82cc00b5f152b/system.journal'}, {'name': 'flags', 'type': 'unsigned int', 'value': 'O_RDWR|O_NONBLOCK|O_CLOEXEC'}, {'name': 'mode', 'type': 'int', 'value': 154005284}]",0,0
16022.009215,159,1,0,systemd-journal,ip-10-100-1-186,1003,cap_capable,1,0,"[{'name': 'cap', 'type': 'int', 'value': 'CAP_SYS_ADMIN'}]",0,0
16022.009259,159,1,0,systemd-journal,ip-10-100-1-186,257,openat,4,-2,"[{'name': 'dirfd', 'type': 'int', 'value': -100}, {'name': 'pathname', 'type': 'const char*', 'value': '/run/log/journal/cd4bbb49080545c3aed82cc00b5f152b/system.journal'}, {'name': 'flags', 'type': 'unsigned int', 'value': 'O_RDWR|O_NONBLOCK|O_CLOEXEC'}, {'name': 'mode', 'type': 'int', 'value': 154005284}]",0,0
16022.009316,159,1,0,systemd-journal,ip-10-100-1-186,1003,cap_capable,1,0,"[{'name': 'cap', 'type': 'int', 'value': 'CAP_SYS_ADMIN'}]",0,0
16022.009364,159,1,0,systemd-journal,ip-10-100-1-186,257,openat,4,-2,"[{'name': 'dirfd', 'type': 'int', 'value': -100}, {'name': 'pathname', 'type': 'const char*', 'value': '/run/log/journal/cd4bbb49080545c3aed82cc00b5f152b/system.journal'}, {'name': 'flags', 'type': 'unsigned int', 'value': 'O_RDWR|O_NONBLOCK|O_CLOEXEC'}, {'name': 'mode', 'type': 'int', 'value': 154005284}]",0,0
16022.009422,159,1,0,systemd-journal,ip-10-100-1-186,1003,cap_capable,1,0,"[{'name': 'cap', 'type': 'int', 'value': 'CAP_SYS_ADMIN'}]",0,0
16022.009466,159,1,0,systemd-journal,ip-10-100-1-186,257,openat,4,-2,"[{'name': 'dirfd', 'type': 'int', 'value': -100}, {'name': 'pathname', 'type': 'const char*', 'value': '/run/log/journal/cd4bbb49080545c3aed82cc00b5f152b/system.journal'}, {'name': 'flags', 'type': 'unsigned int', 'value': 'O_RDWR|O_NONBLOCK|O_CLOEXEC'}, {'name': 'mode', 'type': 'int', 'value': 154005284}]",0,0
16022.009524,159,1,0,systemd-journal,ip-10-100-1-186,1003,cap_capable,1,0,"[{'name': 'cap', 'type': 'int', 'value': 'CAP_SYS_ADMIN'}]",0,0
16022.009569,159,1,0,systemd-journal,ip-10-100-1-186,257,openat,4,-2,"[{'name': 'dirfd', 'type': 'int', 'value': -100}, {'name': 'pathname', 'type': 'const char*', 'value': '/run/log/journal/cd4bbb49080545c3aed82cc00b5f152b/system.journal'}, {'name': 'flags', 'type': 'unsigned int', 'value': 'O_RDWR|O_NONBLOCK|O_CLOEXEC'}, {'name': 'mode', 'type': 'int', 'value': 154005284}]",0,0
16022.009626,159,1,0,systemd-journal,ip-10-100-1-186,1003,cap_capable,1,0,"[{'name': 'cap', 'type': 'int', 'value': 'CAP_SYS_ADMIN'}]",0,0
16022.00967,159,1,0,systemd-journal,ip-10-100-1-186,257,openat,4,-2,"[{'name': 'dirfd', 'type': 'int', 'value': -100}, {'name': 'pathname', 'type': 'const char*', 'value': '/run/log/journal/cd4bbb49080545c3aed82cc00b5f152b/system.journal'}, {'name': 'flags', 'type': 'unsigned int', 'value': 'O_RDWR|O_NONBLOCK|O_CLOEXEC'}, {'name': 'mode', 'type': 'int', 'value': 154005284}]",0,0
16022.00974,159,1,0,systemd-journal,ip-10-100-1-186,1003,cap_capable,1,0,"[{'name': 'cap', 'type': 'int', 'value': 'CAP_SYS_ADMIN'}]",0,0
16022.009787,159,1,0,systemd-journal,ip-10-100-1-186,257,openat,4,-2,"[{'name': 'dirfd', 'type': 'int', 'value': -100}, {'name': 'pathname', 'type': 'const char*', 'value': '/run/log/journal/cd4bbb49080545c3aed82cc00b5f152b/system.journal'}, {'name': 'flags', 'type': 'unsigned int', 'value': 'O_RDWR|O_NONBLOCK|O_CLOEXEC'}, {'name': 'mode', 'type': 'int', 'value': 154005284}]",0,0
16022.009856,159,1,0,systemd-journal,ip-10-100-1-186,1003,cap_capable,1,0,"[{'name': 'cap', 'type': 'int', 'value': 'CAP_SYS_ADMIN'}]",0,0
16022.009904,159,1,0,systemd-journal,ip-10-100-1-186,257,openat,4,-2,"[{'name': 'dirfd', 'type': 'int', 'value': -100}, {'name': 'pathname', 'type': 'const char*', 'value': '/run/log/journal/cd4bbb49080545c3aed82cc00b5f152b/system.journal'}, {'name': 'flags', 'type': 'unsigned int', 'value': 'O_RDWR|O_NONBLOCK|O_CLOEXEC'}, {'name': 'mode', 'type': 'int', 'value': 154005284}]",0,0
16022.009966,159,1,0,systemd-journal,ip-10-100-1-186,1003,cap_capable,1,0,"[{'name': 'cap', 'type': 'int', 'value': 'CAP_SYS_ADMIN'}]",0,0
16022.010013,159,1,0,systemd-journal,ip-10-100-1-186,257,openat,4,-2,"[{'name': 'dirfd', 'type': 'int', 'value': -100}, {'name': 'pathname', 'type': 'const char*', 'value': '/run/log/journal/cd4bbb49080545c3aed82cc00b5f152b/system.journal'}, {'name': 'flags', 'type': 'unsigned int', 'value': 'O_RDWR|O_NONBLOCK|O_CLOEXEC'}, {'name': 'mode', 'type': 'int', 'value': 154005284}]",0,0
16022.010131,159,1,0,systemd-journal,ip-10-100-1-186,257,openat,4,-2,"[{'name': 'dirfd', 'type': 'int', 'value': -100}, {'name': 'pathname', 'type': 'const char*', 'value': '/run/log/journal/cd4bbb49080545c3aed82cc00b5f152b/system.journal'}, {'name': 'flags', 'type': 'unsigned int', 'value': 'O_RDWR|O_NONBLOCK|O_CLOEXEC'}, {'name': 'mode', 'type': 'int', 'value': 154005284}]",0,0
16022.010087,159,1,0,systemd-journal,ip-10-100-1-186,1003,cap_capable,1,0,"[{'name': 'cap', 'type': 'int', 'value': 'CAP_SYS_ADMIN'}]",0,0
16022.010189,159,1,0,systemd-journal,ip-10-100-1-186,1003,cap_capable,1,0,"[{'name': 'cap', 'type': 'int', 'value': 'CAP_SYS_ADMIN'}]",0,0
16022.010334,159,1,0,systemd-journal,ip-10-100-1-186,257,openat,4,-2,"[{'name': 'dirfd', 'type': 'int', 'value': -100}, {'name': 'pathname', 'type': 'const char*', 'value': '/run/log/journal/cd4bbb49080545c3aed82cc00b5f152b/system.journal'}, {'name': 'flags', 'type': 'unsigned int', 'value': 'O_RDWR|O_NONBLOCK|O_CLOEXEC'}, {'name': 'mode', 'type': 'int', 'value': 154005284}]",0,0
16022.010403,159,1,0,systemd-journal,ip-10-100-1-186,1003,cap_capable,1,0,"[{'name': 'cap', 'type': 'int', 'value': 'CAP_SYS_ADMIN'}]",0,0
16022.01045,159,1,0,systemd-journal,ip-10-100-1-186,257,openat,4,-2,"[{'name': 'dirfd', 'type': 'int', 'value': -100}, {'name': 'pathname', 'type': 'const char*', 'value': '/run/log/journal/cd4bbb49080545c3aed82cc00b5f152b/system.journal'}, {'name': 'flags', 'type': 'unsigned int', 'value': 'O_RDWR|O_NONBLOCK|O_CLOEXEC'}, {'name': 'mode', 'type': 'int', 'value': 154005284}]",0,0
16022.010291,159,1,0,systemd-journal,ip-10-100-1-186,1003,cap_capable,1,0,"[{'name': 'cap', 'type': 'int', 'value': 'CAP_SYS_ADMIN'}]",0,0
16022.010233,159,1,0,systemd-journal,ip-10-100-1-186,257,openat,4,-2,"[{'name': 'dirfd', 'type': 'int', 'value': -100}, {'name': 'pathname', 'type': 'const char*', 'value': '/run/log/journal/cd4bbb49080545c3aed82cc00b5f152b/system.journal'}, {'name': 'flags', 'type': 'unsigned int', 'value': 'O_RDWR|O_NONBLOCK|O_CLOEXEC'}, {'name': 'mode', 'type': 'int', 'value': 154005284}]",0,0
16022.010511,159,1,0,systemd-journal,ip-10-100-1-186,1003,cap_capable,1,0,"[{'name': 'cap', 'type': 'int', 'value': 'CAP_SYS_ADMIN'}]",0,0
16022.010619,159,1,0,systemd-journal,ip-10-100-1-186,1003,cap_capable,1,0,"[{'name': 'cap', 'type': 'int', 'value': 'CAP_SYS_ADMIN'}]",0,0
16022.010558,159,1,0,systemd-journal,ip-10-100-1-186,257,openat,4,-2,"[{'name': 'dirfd', 'type': 'int', 'value': -100}, {'name': 'pathname', 'type': 'const char*', 'value': '/run/log/journal/cd4bbb49080545c3aed82cc00b5f152b/system.journal'}, {'name': 'flags', 'type': 'unsigned int', 'value': 'O_RDWR|O_NONBLOCK|O_CLOEXEC'}, {'name': 'mode', 'type': 'int', 'value': 154005284}]",0,0
16022.010676,159,1,0,systemd-journal,ip-10-100-1-186,257,openat,4,-2,"[{'name': 'dirfd', 'type': 'int', 'value': -100}, {'name': 'pathname', 'type': 'const char*', 'value': '/run/log/journal/cd4bbb49080545c3aed82cc00b5f152b/system.journal'}, {'name': 'flags', 'type': 'unsigned int', 'value': 'O_RDWR|O_NONBLOCK|O_CLOEXEC'}, {'name': 'mode', 'type': 'int', 'value': 154005284}]",0,0
16022.010755,159,1,0,systemd-journal,ip-10-100-1-186,1003,cap_capable,1,0,"[{'name': 'cap', 'type': 'int', 'value': 'CAP_SYS_ADMIN'}]",0,0
16022.010802,159,1,0,systemd-journal,ip-10-100-1-186,257,openat,4,-2,"[{'name': 'dirfd', 'type': 'int', 'value': -100}, {'name': 'pathname', 'type': 'const char*', 'value': '/run/log/journal/cd4bbb49080545c3aed82cc00b5f152b/system.journal'}, {'name': 'flags', 'type': 'unsigned int', 'value': 'O_RDWR|O_NONBLOCK|O_CLOEXEC'}, {'name': 'mode', 'type': 'int', 'value': 154005284}]",0,0
16022.010863,159,1,0,systemd-journal,ip-10-100-1-186,1003,cap_capable,1,0,"[{'name': 'cap', 'type': 'int', 'value': 'CAP_SYS_ADMIN'}]",0,0
16022.01091,159,1,0,systemd-journal,ip-10-100-1-186,257,openat,4,-2,"[{'name': 'dirfd', 'type': 'int', 'value': -100}, {'name': 'pathname', 'type': 'const char*', 'value': '/run/log/journal/cd4bbb49080545c3aed82cc00b5f152b/system.journal'}, {'name': 'flags', 'type': 'unsigned int', 'value': 'O_RDWR|O_NONBLOCK|O_CLOEXEC'}, {'name': 'mode', 'type': 'int', 'value': 154005284}]",0,0
16022.011002,159,1,0,systemd-journal,ip-10-100-1-186,1003,cap_capable,1,0,"[{'name': 'cap', 'type': 'int', 'value': 'CAP_SYS_ADMIN'}]",0,0
16022.011063,159,1,0,systemd-journal,ip-10-100-1-186,257,openat,4,-2,"[{'name': 'dirfd', 'type': 'int', 'value': -100}, {'name': 'pathname', 'type': 'const char*', 'value': '/run/log/journal/cd4bbb49080545c3aed82cc00b5f152b/system.journal'}, {'name': 'flags', 'type': 'unsigned int', 'value': 'O_RDWR|O_NONBLOCK|O_CLOEXEC'}, {'name': 'mode', 'type': 'int', 'value': 154005284}]",0,0
16022.011188,159,1,0,systemd-journal,ip-10-100-1-186,1003,cap_capable,1,0,"[{'name': 'cap', 'type': 'int', 'value': 'CAP_SYS_ADMIN'}]",0,0
16022.011228,159,1,0,systemd-journal,ip-10-100-1-186,1003,cap_capable,1,0,"[{'name': 'cap', 'type': 'int', 'value': 'CAP_SETGID'}]",0,0
16022.011209,159,1,0,systemd-journal,ip-10-100-1-186,1003,cap_capable,1,0,"[{'name': 'cap', 'type': 'int', 'value': 'CAP_SETUID'}]",0,0
16022.011287,159,1,0,systemd-journal,ip-10-100-1-186,257,openat,4,-2,"[{'name': 'dirfd', 'type': 'int', 'value': -100}, {'name': 'pathname', 'type': 'const char*', 'value': '/run/log/journal/cd4bbb49080545c3aed82cc00b5f152b/system.journal'}, {'name': 'flags', 'type': 'unsigned int', 'value': 'O_RDWR|O_NONBLOCK|O_CLOEXEC'}, {'name': 'mode', 'type': 'int', 'value': 154005284}]",0,0
16022.011395,159,1,0,systemd-journal,ip-10-100-1-186,1003,cap_capable,1,0,"[{'name': 'cap', 'type': 'int', 'value': 'CAP_SYS_ADMIN'}]",0,0
16022.011441,159,1,0,systemd-journal,ip-10-100-1-186,257,openat,4,-2,"[{'name': 'dirfd', 'type': 'int', 'value': -100}, {'name': 'pathname', 'type': 'const char*', 'value': '/run/log/journal/cd4bbb49080545c3aed82cc00b5f152b/system.journal'}, {'name': 'flags', 'type': 'unsigned int', 'value': 'O_RDWR|O_NONBLOCK|O_CLOEXEC'}, {'name': 'mode', 'type': 'int', 'value': 154005284}]",0,0
16022.011501,159,1,0,systemd-journal,ip-10-100-1-186,1003,cap_capable,1,0,"[{'name': 'cap', 'type': 'int', 'value': 'CAP_SYS_ADMIN'}]",0,0
16022.01156,159,1,0,systemd-journal,ip-10-100-1-186,257,openat,4,-2,"[{'name': 'dirfd', 'type': 'int', 'value': -100}, {'name': 'pathname', 'type': 'const char*', 'value': '/run/log/journal/cd4bbb49080545c3aed82cc00b5f152b/system.journal'}, {'name': 'flags', 'type': 'unsigned int', 'value': 'O_RDWR|O_NONBLOCK|O_CLOEXEC'}, {'name': 'mode', 'type': 'int', 'value': 154005284}]",0,0
16022.011622,159,1,0,systemd-journal,ip-10-100-1-186,1003,cap_capable,1,0,"[{'name': 'cap', 'type': 'int', 'value': 'CAP_SYS_ADMIN'}]",0,0
16022.011669,159,1,0,systemd-journal,ip-10-100-1-186,257,openat,4,-2,"[{'name': 'dirfd', 'type': 'int', 'value': -100}, {'name': 'pathname', 'type': 'const char*', 'value': '/run/log/journal/cd4bbb49080545c3aed82cc00b5f152b/system.journal'}, {'name': 'flags', 'type': 'unsigned int', 'value': 'O_RDWR|O_NONBLOCK|O_CLOEXEC'}, {'name': 'mode', 'type': 'int', 'value': 154005284}]",0,0
16022.011744,159,1,0,systemd-journal,ip-10-100-1-186,1003,cap_capable,1,0,"[{'name': 'cap', 'type': 'int', 'value': 'CAP_SYS_ADMIN'}]",0,0
16022.011793,159,1,0,systemd-journal,ip-10-100-1-186,257,openat,4,-2,"[{'name': 'dirfd', 'type': 'int', 'value': -100}, {'name': 'pathname', 'type': 'const char*', 'value': '/run/log/journal/cd4bbb49080545c3aed82cc00b5f152b/system.journal'}, {'name': 'flags', 'type': 'unsigned int', 'value': 'O_RDWR|O_NONBLOCK|O_CLOEXEC'}, {'name': 'mode', 'type': 'int', 'value': 154005284}]",0,0
16022.011878,159,1,0,systemd-journal,ip-10-100-1-186,1003,cap_capable,1,0,"[{'name': 'cap', 'type': 'int', 'value': 'CAP_SYS_ADMIN'}]",0,0
16022.011922,159,1,0,systemd-journal,ip-10-100-1-186,257,openat,4,-2,"[{'name': 'dirfd', 'type': 'int', 'value': -100}, {'name': 'pathname', 'type': 'const char*', 'value': '/run/log/journal/cd4bbb49080545c3aed82cc00b5f152b/system.journal'}, {'name': 'flags', 'type': 'unsigned int', 'value': 'O_RDWR|O_NONBLOCK|O_CLOEXEC'}, {'name': 'mode', 'type': 'int', 'value': 154005284}]",0,0
16022.011979,159,1,0,systemd-journal,ip-10-100-1-186,1003,cap_capable,1,0,"[{'name': 'cap', 'type': 'int', 'value': 'CAP_SYS_ADMIN'}]",0,0
16022.012023,159,1,0,systemd-journal,ip-10-100-1-186,257,openat,4,-2,"[{'name': 'dirfd', 'type': 'int', 'value': -100}, {'name': 'pathname', 'type': 'const char*', 'value': '/run/log/journal/cd4bbb49080545c3aed82cc00b5f152b/system.journal'}, {'name': 'flags', 'type': 'unsigned int', 'value': 'O_RDWR|O_NONBLOCK|O_CLOEXEC'}, {'name': 'mode', 'type': 'int', 'value': 154005284}]",0,0
16022.01208,159,1,0,systemd-journal,ip-10-100-1-186,1003,cap_capable,1,0,"[{'name': 'cap', 'type': 'int', 'value': 'CAP_SYS_ADMIN'}]",0,0
16022.012126,159,1,0,systemd-journal,ip-10-100-1-186,257,openat,4,-2,"[{'name': 'dirfd', 'type': 'int', 'value': -100}, {'name': 'pathname', 'type': 'const char*', 'value': '/run/log/journal/cd4bbb49080545c3aed82cc00b5f152b/system.journal'}, {'name': 'flags', 'type': 'unsigned int', 'value': 'O_RDWR|O_NONBLOCK|O_CLOEXEC'}, {'name': 'mode', 'type': 'int', 'value': 154005284}]",0,0
16022.012185,159,1,0,systemd-journal,ip-10-100-1-186,1003,cap_capable,1,0,"[{'name': 'cap', 'type': 'int', 'value': 'CAP_SYS_ADMIN'}]",0,0
16022.012229,159,1,0,systemd-journal,ip-10-100-1-186,257,openat,4,-2,"[{'name': 'dirfd', 'type': 'int', 'value': -100}, {'name': 'pathname', 'type': 'const char*', 'value': '/run/log/journal/cd4bbb49080545c3aed82cc00b5f152b/system.journal'}, {'name': 'flags', 'type': 'unsigned int', 'value': 'O_RDWR|O_NONBLOCK|O_CLOEXEC'}, {'name': 'mode', 'type': 'int', 'value': 154005284}]",0,0
16022.012293,159,1,0,systemd-journal,ip-10-100-1-186,1003,cap_capable,1,0,"[{'name': 'cap', 'type': 'int', 'value': 'CAP_SYS_ADMIN'}]",0,0
16022.012338,159,1,0,systemd-journal,ip-10-100-1-186,257,openat,4,-2,"[{'name': 'dirfd', 'type': 'int', 'value': -100}, {'name': 'pathname', 'type': 'const char*', 'value': '/run/log/journal/cd4bbb49080545c3aed82cc00b5f152b/system.journal'}, {'name': 'flags', 'type': 'unsigned int', 'value': 'O_RDWR|O_NONBLOCK|O_CLOEXEC'}, {'name': 'mode', 'type': 'int', 'value': 154005284}]",0,0
16022.012396,159,1,0,systemd-journal,ip-10-100-1-186,1003,cap_capable,1,0,"[{'name': 'cap', 'type': 'int', 'value': 'CAP_SYS_ADMIN'}]",0,0
16022.01244,159,1,0,systemd-journal,ip-10-100-1-186,257,openat,4,-2,"[{'name': 'dirfd', 'type': 'int', 'value': -100}, {'name': 'pathname', 'type': 'const char*', 'value': '/run/log/journal/cd4bbb49080545c3aed82cc00b5f152b/system.journal'}, {'name': 'flags', 'type': 'unsigned int', 'value': 'O_RDWR|O_NONBLOCK|O_CLOEXEC'}, {'name': 'mode', 'type': 'int', 'value': 154005284}]",0,0
16022.012497,159,1,0,systemd-journal,ip-10-100-1-186,1003,cap_capable,1,0,"[{'name': 'cap', 'type': 'int', 'value': 'CAP_SYS_ADMIN'}]",0,0
16022.012558,159,1,0,systemd-journal,ip-10-100-1-186,257,openat,4,-2,"[{'name': 'dirfd', 'type': 'int', 'value': -100}, {'name': 'pathname', 'type': 'const char*', 'value': '/run/log/journal/cd4bbb49080545c3aed82cc00b5f152b/system.journal'}, {'name': 'flags', 'type': 'unsigned int', 'value': 'O_RDWR|O_NONBLOCK|O_CLOEXEC'}, {'name': 'mode', 'type': 'int', 'value': 154005284}]",0,0
16022.012622,159,1,0,systemd-journal,ip-10-100-1-186,1003,cap_capable,1,0,"[{'name': 'cap', 'type': 'int', 'value': 'CAP_SYS_ADMIN'}]",0,0
16022.01267,159,1,0,systemd-journal,ip-10-100-1-186,257,openat,4,-2,"[{'name': 'dirfd', 'type': 'int', 'value': -100}, {'name': 'pathname', 'type': 'const char*', 'value': '/run/log/journal/cd4bbb49080545c3aed82cc00b5f152b/system.journal'}, {'name': 'flags', 'type': 'unsigned int', 'value': 'O_RDWR|O_NONBLOCK|O_CLOEXEC'}, {'name': 'mode', 'type': 'int', 'value': 154005284}]",0,0
16022.029574,506,1,104,rs:main Q:Reg,ip-10-100-1-186,62,kill,2,0,"[{'name': 'pid', 'type': 'pid_t', 'value': 506}, {'name': 'sig', 'type': 'int', 'value': 22}]",0,0
16022.029738,506,1,104,rs:main Q:Reg,ip-10-100-1-186,62,kill,2,0,"[{'name': 'pid', 'type': 'pid_t', 'value': 506}, {'name': 'sig', 'type': 'int', 'value': 22}]",0,0
16022.029864,506,1,104,rs:main Q:Reg,ip-10-100-1-186,1003,cap_capable,1,0,"[{'name': 'cap', 'type': 'int', 'value': 'CAP_SYS_RESOURCE'}]",0,0
16022.029896,506,1,104,rs:main Q:Reg,ip-10-100-1-186,1003,cap_capable,1,0,"[{'name': 'cap', 'type': 'int', 'value': 'CAP_SYS_RESOURCE'}]",0,0
16022.048105,159,1,0,systemd-journal,ip-10-100-1-186,1003,cap_capable,1,0,"[{'name': 'cap', 'type': 'int', 'value': 'CAP_SYS_ADMIN'}]",0,0
16022.048211,159,1,0,systemd-journal,ip-10-100-1-186,257,openat,4,-2,"[{'name': 'dirfd', 'type': 'int', 'value': -100}, {'name': 'pathname', 'type': 'const char*', 'value': '/run/log/journal/cd4bbb49080545c3aed82cc00b5f152b/system.journal'}, {'name': 'flags', 'type': 'unsigned int', 'value': 'O_RDWR|O_NONBLOCK|O_CLOEXEC'}, {'name': 'mode', 'type': 'int', 'value': 154005284}]",0,0
16022.048286,159,1,0,systemd-journal,ip-10-100-1-186,1003,cap_capable,1,0,"[{'name': 'cap', 'type': 'int', 'value': 'CAP_SYS_ADMIN'}]",0,0
16022.048338,159,1,0,systemd-journal,ip-10-100-1-186,257,openat,4,-2,"[{'name': 'dirfd', 'type': 'int', 'value': -100}, {'name': 'pathname', 'type': 'const char*', 'value': '/run/log/journal/cd4bbb49080545c3aed82cc00b5f152b/system.journal'}, {'name': 'flags', 'type': 'unsigned int', 'value': 'O_RDWR|O_NONBLOCK|O_CLOEXEC'}, {'name': 'mode', 'type': 'int', 'value': 154005284}]",0,0
16022.048404,159,1,0,systemd-journal,ip-10-100-1-186,1003,cap_capable,1,0,"[{'name': 'cap', 'type': 'int', 'value': 'CAP_SYS_ADMIN'}]",0,0
16022.048453,159,1,0,systemd-journal,ip-10-100-1-186,257,openat,4,-2,"[{'name': 'dirfd', 'type': 'int', 'value': -100}, {'name': 'pathname', 'type': 'const char*', 'value': '/run/log/journal/cd4bbb49080545c3aed82cc00b5f152b/system.journal'}, {'name': 'flags', 'type': 'unsigned int', 'value': 'O_RDWR|O_NONBLOCK|O_CLOEXEC'}, {'name': 'mode', 'type': 'int', 'value': 154005284}]",0,0
16022.048583,159,1,0,systemd-journal,ip-10-100-1-186,257,openat,4,-2,"[{'name': 'dirfd', 'type': 'int', 'value': -100}, {'name': 'pathname', 'type': 'const char*', 'value': '/run/log/journal/cd4bbb49080545c3aed82cc00b5f152b/system.journal'}, {'name': 'flags', 'type': 'unsigned int', 'value': 'O_RDWR|O_NONBLOCK|O_CLOEXEC'}, {'name': 'mode', 'type': 'int', 'value': 154005284}]",0,0
16022.048641,159,1,0,systemd-journal,ip-10-100-1-186,1003,cap_capable,1,0,"[{'name': 'cap', 'type': 'int', 'value': 'CAP_SYS_ADMIN'}]",0,0
16022.048699,159,1,0,systemd-journal,ip-10-100-1-186,257,openat,4,-2,"[{'name': 'dirfd', 'type': 'int', 'value': -100}, {'name': 'pathname', 'type': 'const char*', 'value': '/run/log/journal/cd4bbb49080545c3aed82cc00b5f152b/system.journal'}, {'name': 'flags', 'type': 'unsigned int', 'value': 'O_RDWR|O_NONBLOCK|O_CLOEXEC'}, {'name': 'mode', 'type': 'int', 'value': 154005284}]",0,0
16022.048849,159,1,0,systemd-journal,ip-10-100-1-186,257,openat,4,-2,"[{'name': 'dirfd', 'type': 'int', 'value': -100}, {'name': 'pathname', 'type': 'const char*', 'value': '/run/log/journal/cd4bbb49080545c3aed82cc00b5f152b/system.journal'}, {'name': 'flags', 'type': 'unsigned int', 'value': 'O_RDWR|O_NONBLOCK|O_CLOEXEC'}, {'name': 'mode', 'type': 'int', 'value': 154005284}]",0,0
16022.048797,159,1,0,systemd-journal,ip-10-100-1-186,1003,cap_capable,1,0,"[{'name': 'cap', 'type': 'int', 'value': 'CAP_SYS_ADMIN'}]",0,0
16022.048539,159,1,0,systemd-journal,ip-10-100-1-186,1003,cap_capable,1,0,"[{'name': 'cap', 'type': 'int', 'value': 'CAP_SYS_ADMIN'}]",0,0
16022.04894,159,1,0,systemd-journal,ip-10-100-1-186,1003,cap_capable,1,0,"[{'name': 'cap', 'type': 'int', 'value': 'CAP_SYS_ADMIN'}]",0,0
16022.049003,159,1,0,systemd-journal,ip-10-100-1-186,257,openat,4,-2,"[{'name': 'dirfd', 'type': 'int', 'value': -100}, {'name': 'pathname', 'type': 'const char*', 'value': '/run/log/journal/cd4bbb49080545c3aed82cc00b5f152b/system.journal'}, {'name': 'flags', 'type': 'unsigned int', 'value': 'O_RDWR|O_NONBLOCK|O_CLOEXEC'}, {'name': 'mode', 'type': 'int', 'value': 154005284}]",0,0
16022.049066,159,1,0,systemd-journal,ip-10-100-1-186,1003,cap_capable,1,0,"[{'name': 'cap', 'type': 'int', 'value': 'CAP_SYS_ADMIN'}]",0,0
16022.049242,159,1,0,systemd-journal,ip-10-100-1-186,257,openat,4,-2,"[{'name': 'dirfd', 'type': 'int', 'value': -100}, {'name': 'pathname', 'type': 'const char*', 'value': '/run/log/journal/cd4bbb49080545c3aed82cc00b5f152b/system.journal'}, {'name': 'flags', 'type': 'unsigned int', 'value': 'O_RDWR|O_NONBLOCK|O_CLOEXEC'}, {'name': 'mode', 'type': 'int', 'value': 154005284}]",0,0
16022.049113,159,1,0,systemd-journal,ip-10-100-1-186,257,openat,4,-2,"[{'name': 'dirfd', 'type': 'int', 'value': -100}, {'name': 'pathname', 'type': 'const char*', 'value': '/run/log/journal/cd4bbb49080545c3aed82cc00b5f152b/system.journal'}, {'name': 'flags', 'type': 'unsigned int', 'value': 'O_RDWR|O_NONBLOCK|O_CLOEXEC'}, {'name': 'mode', 'type': 'int', 'value': 154005284}]",0,0
16022.049193,159,1,0,systemd-journal,ip-10-100-1-186,1003,cap_capable,1,0,"[{'name': 'cap', 'type': 'int', 'value': 'CAP_SYS_ADMIN'}]",0,0
16022.049355,159,1,0,systemd-journal,ip-10-100-1-186,257,openat,4,-2,"[{'name': 'dirfd', 'type': 'int', 'value': -100}, {'name': 'pathname', 'type': 'const char*', 'value': '/run/log/journal/cd4bbb49080545c3aed82cc00b5f152b/system.journal'}, {'name': 'flags', 'type': 'unsigned int', 'value': 'O_RDWR|O_NONBLOCK|O_CLOEXEC'}, {'name': 'mode', 'type': 'int', 'value': 154005284}]",0,0
16022.049306,159,1,0,systemd-journal,ip-10-100-1-186,1003,cap_capable,1,0,"[{'name': 'cap', 'type': 'int', 'value': 'CAP_SYS_ADMIN'}]",0,0
16022.049419,159,1,0,systemd-journal,ip-10-100-1-186,1003,cap_capable,1,0,"[{'name': 'cap', 'type': 'int', 'value': 'CAP_SYS_ADMIN'}]",0,0
16022.049484,159,1,0,systemd-journal,ip-10-100-1-186,257,openat,4,-2,"[{'name': 'dirfd', 'type': 'int', 'value': -100}, {'name': 'pathname', 'type': 'const char*', 'value': '/run/log/journal/cd4bbb49080545c3aed82cc00b5f152b/system.journal'}, {'name': 'flags', 'type': 'unsigned int', 'value': 'O_RDWR|O_NONBLOCK|O_CLOEXEC'}, {'name': 'mode', 'type': 'int', 'value': 154005284}]",0,0
16022.049615,159,1,0,systemd-journal,ip-10-100-1-186,1003,cap_capable,1,0,"[{'name': 'cap', 'type': 'int', 'value': 'CAP_SYS_ADMIN'}]",0,0
16022.049677,159,1,0,systemd-journal,ip-10-100-1-186,257,openat,4,-2,"[{'name': 'dirfd', 'type': 'int', 'value': -100}, {'name': 'pathname', 'type': 'const char*', 'value': '/run/log/journal/cd4bbb49080545c3aed82cc00b5f152b/system.journal'}, {'name': 'flags', 'type': 'unsigned int', 'value': 'O_RDWR|O_NONBLOCK|O_CLOEXEC'}, {'name': 'mode', 'type': 'int', 'value': 154005284}]",0,0
16022.04974,159,1,0,systemd-journal,ip-10-100-1-186,1003,cap_capable,1,0,"[{'name': 'cap', 'type': 'int', 'value': 'CAP_SYS_ADMIN'}]",0,0
16022.049787,159,1,0,systemd-journal,ip-10-100-1-186,257,openat,4,-2,"[{'name': 'dirfd', 'type': 'int', 'value': -100}, {'name': 'pathname', 'type': 'const char*', 'value': '/run/log/journal/cd4bbb49080545c3aed82cc00b5f152b/system.journal'}, {'name': 'flags', 'type': 'unsigned int', 'value': 'O_RDWR|O_NONBLOCK|O_CLOEXEC'}, {'name': 'mode', 'type': 'int', 'value': 154005284}]",0,0
16022.04986,159,1,0,systemd-journal,ip-10-100-1-186,1003,cap_capable,1,0,"[{'name': 'cap', 'type': 'int', 'value': 'CAP_SYS_ADMIN'}]",0,0
16022.049904,159,1,0,systemd-journal,ip-10-100-1-186,257,openat,4,-2,"[{'name': 'dirfd', 'type': 'int', 'value': -100}, {'name': 'pathname', 'type': 'const char*', 'value': '/run/log/journal/cd4bbb49080545c3aed82cc00b5f152b/system.journal'}, {'name': 'flags', 'type': 'unsigned int', 'value': 'O_RDWR|O_NONBLOCK|O_CLOEXEC'}, {'name': 'mode', 'type': 'int', 'value': 154005284}]",0,0
16022.049962,159,1,0,systemd-journal,ip-10-100-1-186,1003,cap_capable,1,0,"[{'name': 'cap', 'type': 'int', 'value': 'CAP_SYS_ADMIN'}]",0,0
16022.050006,159,1,0,systemd-journal,ip-10-100-1-186,257,openat,4,-2,"[{'name': 'dirfd', 'type': 'int', 'value': -100}, {'name': 'pathname', 'type': 'const char*', 'value': '/run/log/journal/cd4bbb49080545c3aed82cc00b5f152b/system.journal'}, {'name': 'flags', 'type': 'unsigned int', 'value': 'O_RDWR|O_NONBLOCK|O_CLOEXEC'}, {'name': 'mode', 'type': 'int', 'value': 154005284}]",0,0
16022.050063,159,1,0,systemd-journal,ip-10-100-1-186,1003,cap_capable,1,0,"[{'name': 'cap', 'type': 'int', 'value': 'CAP_SYS_ADMIN'}]",0,0
16022.050107,159,1,0,systemd-journal,ip-10-100-1-186,257,openat,4,-2,"[{'name': 'dirfd', 'type': 'int', 'value': -100}, {'name': 'pathname', 'type': 'const char*', 'value': '/run/log/journal/cd4bbb49080545c3aed82cc00b5f152b/system.journal'}, {'name': 'flags', 'type': 'unsigned int', 'value': 'O_RDWR|O_NONBLOCK|O_CLOEXEC'}, {'name': 'mode', 'type': 'int', 'value': 154005284}]",0,0
16022.050165,159,1,0,systemd-journal,ip-10-100-1-186,1003,cap_capable,1,0,"[{'name': 'cap', 'type': 'int', 'value': 'CAP_SYS_ADMIN'}]",0,0
16022.050208,159,1,0,systemd-journal,ip-10-100-1-186,257,openat,4,-2,"[{'name': 'dirfd', 'type': 'int', 'value': -100}, {'name': 'pathname', 'type': 'const char*', 'value': '/run/log/journal/cd4bbb49080545c3aed82cc00b5f152b/system.journal'}, {'name': 'flags', 'type': 'unsigned int', 'value': 'O_RDWR|O_NONBLOCK|O_CLOEXEC'}, {'name': 'mode', 'type': 'int', 'value': 154005284}]",0,0
16022.050271,159,1,0,systemd-journal,ip-10-100-1-186,1003,cap_capable,1,0,"[{'name': 'cap', 'type': 'int', 'value': 'CAP_SYS_ADMIN'}]",0,0
16022.050317,159,1,0,systemd-journal,ip-10-100-1-186,257,openat,4,-2,"[{'name': 'dirfd', 'type': 'int', 'value': -100}, {'name': 'pathname', 'type': 'const char*', 'value': '/run/log/journal/cd4bbb49080545c3aed82cc00b5f152b/system.journal'}, {'name': 'flags', 'type': 'unsigned int', 'value': 'O_RDWR|O_NONBLOCK|O_CLOEXEC'}, {'name': 'mode', 'type': 'int', 'value': 154005284}]",0,0
16022.050375,159,1,0,systemd-journal,ip-10-100-1-186,1003,cap_capable,1,0,"[{'name': 'cap', 'type': 'int', 'value': 'CAP_SYS_ADMIN'}]",0,0
16022.050419,159,1,0,systemd-journal,ip-10-100-1-186,257,openat,4,-2,"[{'name': 'dirfd', 'type': 'int', 'value': -100}, {'name': 'pathname', 'type': 'const char*', 'value': '/run/log/journal/cd4bbb49080545c3aed82cc00b5f152b/system.journal'}, {'name': 'flags', 'type': 'unsigned int', 'value': 'O_RDWR|O_NONBLOCK|O_CLOEXEC'}, {'name': 'mode', 'type': 'int', 'value': 154005284}]",0,0
16022.050477,159,1,0,systemd-journal,ip-10-100-1-186,1003,cap_capable,1,0,"[{'name': 'cap', 'type': 'int', 'value': 'CAP_SYS_ADMIN'}]",0,0
16022.050521,159,1,0,systemd-journal,ip-10-100-1-186,257,openat,4,-2,"[{'name': 'dirfd', 'type': 'int', 'value': -100}, {'name': 'pathname', 'type': 'const char*', 'value': '/run/log/journal/cd4bbb49080545c3aed82cc00b5f152b/system.journal'}, {'name': 'flags', 'type': 'unsigned int', 'value': 'O_RDWR|O_NONBLOCK|O_CLOEXEC'}, {'name': 'mode', 'type': 'int', 'value': 154005284}]",0,0
16022.050578,159,1,0,systemd-journal,ip-10-100-1-186,1003,cap_capable,1,0,"[{'name': 'cap', 'type': 'int', 'value': 'CAP_SYS_ADMIN'}]",0,0
16022.050622,159,1,0,systemd-journal,ip-10-100-1-186,257,openat,4,-2,"[{'name': 'dirfd', 'type': 'int', 'value': -100}, {'name': 'pathname', 'type': 'const char*', 'value': '/run/log/journal/cd4bbb49080545c3aed82cc00b5f152b/system.journal'}, {'name': 'flags', 'type': 'unsigned int', 'value': 'O_RDWR|O_NONBLOCK|O_CLOEXEC'}, {'name': 'mode', 'type': 'int', 'value': 154005284}]",0,0
16022.05068,159,1,0,systemd-journal,ip-10-100-1-186,1003,cap_capable,1,0,"[{'name': 'cap', 'type': 'int', 'value': 'CAP_SYS_ADMIN'}]",0,0
16022.050745,159,1,0,systemd-journal,ip-10-100-1-186,257,openat,4,-2,"[{'name': 'dirfd', 'type': 'int', 'value': -100}, {'name': 'pathname', 'type': 'const char*', 'value': '/run/log/journal/cd4bbb49080545c3aed82cc00b5f152b/system.journal'}, {'name': 'flags', 'type': 'unsigned int', 'value': 'O_RDWR|O_NONBLOCK|O_CLOEXEC'}, {'name': 'mode', 'type': 'int', 'value': 154005284}]",0,0
16022.050807,159,1,0,systemd-journal,ip-10-100-1-186,1003,cap_capable,1,0,"[{'name': 'cap', 'type': 'int', 'value': 'CAP_SYS_ADMIN'}]",0,0
16022.050869,159,1,0,systemd-journal,ip-10-100-1-186,257,openat,4,-2,"[{'name': 'dirfd', 'type': 'int', 'value': -100}, {'name': 'pathname', 'type': 'const char*', 'value': '/run/log/journal/cd4bbb49080545c3aed82cc00b5f152b/system.journal'}, {'name': 'flags', 'type': 'unsigned int', 'value': 'O_RDWR|O_NONBLOCK|O_CLOEXEC'}, {'name': 'mode', 'type': 'int', 'value': 154005284}]",0,0
16022.050933,159,1,0,systemd-journal,ip-10-100-1-186,1003,cap_capable,1,0,"[{'name': 'cap', 'type': 'int', 'value': 'CAP_SYS_ADMIN'}]",0,0
16022.050982,159,1,0,systemd-journal,ip-10-100-1-186,257,openat,4,-2,"[{'name': 'dirfd', 'type': 'int', 'value': -100}, {'name': 'pathname', 'type': 'const char*', 'value': '/run/log/journal/cd4bbb49080545c3aed82cc00b5f152b/system.journal'}, {'name': 'flags', 'type': 'unsigned int', 'value': 'O_RDWR|O_NONBLOCK|O_CLOEXEC'}, {'name': 'mode', 'type': 'int', 'value': 154005284}]",0,0
16022.051045,159,1,0,systemd-journal,ip-10-100-1-186,1003,cap_capable,1,0,"[{'name': 'cap', 'type': 'int', 'value': 'CAP_SYS_ADMIN'}]",0,0
16022.051117,159,1,0,systemd-journal,ip-10-100-1-186,257,openat,4,-2,"[{'name': 'dirfd', 'type': 'int', 'value': -100}, {'name': 'pathname', 'type': 'const char*', 'value': '/run/log/journal/cd4bbb49080545c3aed82cc00b5f152b/system.journal'}, {'name': 'flags', 'type': 'unsigned int', 'value': 'O_RDWR|O_NONBLOCK|O_CLOEXEC'}, {'name': 'mode', 'type': 'int', 'value': 154005284}]",0,0
16022.051182,159,1,0,systemd-journal,ip-10-100-1-186,1003,cap_capable,1,0,"[{'name': 'cap', 'type': 'int', 'value': 'CAP_SYS_ADMIN'}]",0,0
16022.051242,159,1,0,systemd-journal,ip-10-100-1-186,257,openat,4,-2,"[{'name': 'dirfd', 'type': 'int', 'value': -100}, {'name': 'pathname', 'type': 'const char*', 'value': '/run/log/journal/cd4bbb49080545c3aed82cc00b5f152b/system.journal'}, {'name': 'flags', 'type': 'unsigned int', 'value': 'O_RDWR|O_NONBLOCK|O_CLOEXEC'}, {'name': 'mode', 'type': 'int', 'value': 154005284}]",0,0
16022.051304,159,1,0,systemd-journal,ip-10-100-1-186,1003,cap_capable,1,0,"[{'name': 'cap', 'type': 'int', 'value': 'CAP_SYS_ADMIN'}]",0,0
16022.05135,159,1,0,systemd-journal,ip-10-100-1-186,257,openat,4,-2,"[{'name': 'dirfd', 'type': 'int', 'value': -100}, {'name': 'pathname', 'type': 'const char*', 'value': '/run/log/journal/cd4bbb49080545c3aed82cc00b5f152b/system.journal'}, {'name': 'flags', 'type': 'unsigned int', 'value': 'O_RDWR|O_NONBLOCK|O_CLOEXEC'}, {'name': 'mode', 'type': 'int', 'value': 154005284}]",0,0
16022.051428,159,1,0,systemd-journal,ip-10-100-1-186,1003,cap_capable,1,0,"[{'name': 'cap', 'type': 'int', 'value': 'CAP_SYS_ADMIN'}]",0,0
16022.051473,159,1,0,systemd-journal,ip-10-100-1-186,257,openat,4,-2,"[{'name': 'dirfd', 'type': 'int', 'value': -100}, {'name': 'pathname', 'type': 'const char*', 'value': '/run/log/journal/cd4bbb49080545c3aed82cc00b5f152b/system.journal'}, {'name': 'flags', 'type': 'unsigned int', 'value': 'O_RDWR|O_NONBLOCK|O_CLOEXEC'}, {'name': 'mode', 'type': 'int', 'value': 154005284}]",0,0
16022.051548,159,1,0,systemd-journal,ip-10-100-1-186,1003,cap_capable,1,0,"[{'name': 'cap', 'type': 'int', 'value': 'CAP_SYS_ADMIN'}]",0,0
16022.051595,159,1,0,systemd-journal,ip-10-100-1-186,257,openat,4,-2,"[{'name': 'dirfd', 'type': 'int', 'value': -100}, {'name': 'pathname', 'type': 'const char*', 'value': '/run/log/journal/cd4bbb49080545c3aed82cc00b5f152b/system.journal'}, {'name': 'flags', 'type': 'unsigned int', 'value': 'O_RDWR|O_NONBLOCK|O_CLOEXEC'}, {'name': 'mode', 'type': 'int', 'value': 154005284}]",0,0
16022.051656,159,1,0,systemd-journal,ip-10-100-1-186,1003,cap_capable,1,0,"[{'name': 'cap', 'type': 'int', 'value': 'CAP_SYS_ADMIN'}]",0,0
16022.051703,159,1,0,systemd-journal,ip-10-100-1-186,257,openat,4,-2,"[{'name': 'dirfd', 'type': 'int', 'value': -100}, {'name': 'pathname', 'type': 'const char*', 'value': '/run/log/journal/cd4bbb49080545c3aed82cc00b5f152b/system.journal'}, {'name': 'flags', 'type': 'unsigned int', 'value': 'O_RDWR|O_NONBLOCK|O_CLOEXEC'}, {'name': 'mode', 'type': 'int', 'value': 154005284}]",0,0
16022.051777,159,1,0,systemd-journal,ip-10-100-1-186,1003,cap_capable,1,0,"[{'name': 'cap', 'type': 'int', 'value': 'CAP_SYS_ADMIN'}]",0,0
16022.051838,159,1,0,systemd-journal,ip-10-100-1-186,257,openat,4,-2,"[{'name': 'dirfd', 'type': 'int', 'value': -100}, {'name': 'pathname', 'type': 'const char*', 'value': '/run/log/journal/cd4bbb49080545c3aed82cc00b5f152b/system.journal'}, {'name': 'flags', 'type': 'unsigned int', 'value': 'O_RDWR|O_NONBLOCK|O_CLOEXEC'}, {'name': 'mode', 'type': 'int', 'value': 154005284}]",0,0
16022.051897,159,1,0,systemd-journal,ip-10-100-1-186,1003,cap_capable,1,0,"[{'name': 'cap', 'type': 'int', 'value': 'CAP_SYS_ADMIN'}]",0,0
16022.051941,159,1,0,systemd-journal,ip-10-100-1-186,257,openat,4,-2,"[{'name': 'dirfd', 'type': 'int', 'value': -100}, {'name': 'pathname', 'type': 'const char*', 'value': '/run/log/journal/cd4bbb49080545c3aed82cc00b5f152b/system.journal'}, {'name': 'flags', 'type': 'unsigned int', 'value': 'O_RDWR|O_NONBLOCK|O_CLOEXEC'}, {'name': 'mode', 'type': 'int', 'value': 154005284}]",0,0
16022.052063,159,1,0,systemd-journal,ip-10-100-1-186,1003,cap_capable,1,0,"[{'name': 'cap', 'type': 'int', 'value': 'CAP_SYS_ADMIN'}]",0,0
16022.052086,159,1,0,systemd-journal,ip-10-100-1-186,1003,cap_capable,1,0,"[{'name': 'cap', 'type': 'int', 'value': 'CAP_SETUID'}]",0,0
16022.052157,159,1,0,systemd-journal,ip-10-100-1-186,257,openat,4,-2,"[{'name': 'dirfd', 'type': 'int', 'value': -100}, {'name': 'pathname', 'type': 'const char*', 'value': '/run/log/journal/cd4bbb49080545c3aed82cc00b5f152b/system.journal'}, {'name': 'flags', 'type': 'unsigned int', 'value': 'O_RDWR|O_NONBLOCK|O_CLOEXEC'}, {'name': 'mode', 'type': 'int', 'value': 154005284}]",0,0
16022.052105,159,1,0,systemd-journal,ip-10-100-1-186,1003,cap_capable,1,0,"[{'name': 'cap', 'type': 'int', 'value': 'CAP_SETGID'}]",0,0
16022.052314,159,1,0,systemd-journal,ip-10-100-1-186,1005,security_file_open,4,0,"[{'name': 'pathname', 'type': 'const char*', 'value': '/proc/4170/status'}, {'name': 'flags', 'type': 'unsigned int', 'value': 'O_RDONLY|O_LARGEFILE'}, {'name': 'dev', 'type': 'dev_t', 'value': 5}, {'name': 'inode', 'type': 'unsigned long', 'value': 155631}]",0,0
16022.052345,159,1,0,systemd-journal,ip-10-100-1-186,257,openat,4,33,"[{'name': 'dirfd', 'type': 'int', 'value': -100}, {'name': 'pathname', 'type': 'const char*', 'value': '/proc/4170/status'}, {'name': 'flags', 'type': 'unsigned int', 'value': 'O_RDONLY|O_CLOEXEC'}, {'name': 'mode', 'type': 'int', 'value': 154005284}]",0,0
16022.052371,159,1,0,systemd-journal,ip-10-100-1-186,5,fstat,2,0,"[{'name': 'fd', 'type': 'int', 'value': 33}, {'name': 'statbuf', 'type': 'struct stat*', 'value': '0x7FFDB7C1DE20'}]",0,0
16022.052464,159,1,0,systemd-journal,ip-10-100-1-186,3,close,1,0,"[{'name': 'fd', 'type': 'int', 'value': 33}]",0,0
16022.052492,159,1,0,systemd-journal,ip-10-100-1-186,1005,security_file_open,4,0,"[{'name': 'pathname', 'type': 'const char*', 'value': '/proc/4170/status'}, {'name': 'flags', 'type': 'unsigned int', 'value': 'O_RDONLY|O_LARGEFILE'}, {'name': 'dev', 'type': 'dev_t', 'value': 5}, {'name': 'inode', 'type': 'unsigned long', 'value': 155631}]",0,0
16022.052517,159,1,0,systemd-journal,ip-10-100-1-186,257,openat,4,33,"[{'name': 'dirfd', 'type': 'int', 'value': -100}, {'name': 'pathname', 'type': 'const char*', 'value': '/proc/4170/status'}, {'name': 'flags', 'type': 'unsigned int', 'value': 'O_RDONLY|O_CLOEXEC'}, {'name': 'mode', 'type': 'int', 'value': 154005284}]",0,0
16022.052538,159,1,0,systemd-journal,ip-10-100-1-186,5,fstat,2,0,"[{'name': 'fd', 'type': 'int', 'value': 33}, {'name': 'statbuf', 'type': 'struct stat*', 'value': '0x7FFDB7C1DE20'}]",0,0
16022.052621,159,1,0,systemd-journal,ip-10-100-1-186,3,close,1,0,"[{'name': 'fd', 'type': 'int', 'value': 33}]",0,0
16022.052646,159,1,0,systemd-journal,ip-10-100-1-186,1005,security_file_open,4,0,"[{'name': 'pathname', 'type': 'const char*', 'value': '/proc/4170/comm'}, {'name': 'flags', 'type': 'unsigned int', 'value': 'O_RDONLY|O_LARGEFILE'}, {'name': 'dev', 'type': 'dev_t', 'value': 5}, {'name': 'inode', 'type': 'unsigned long', 'value': 155632}]",0,0
16022.05267,159,1,0,systemd-journal,ip-10-100-1-186,257,openat,4,33,"[{'name': 'dirfd', 'type': 'int', 'value': -100}, {'name': 'pathname', 'type': 'const char*', 'value': '/proc/4170/comm'}, {'name': 'flags', 'type': 'unsigned int', 'value': 'O_RDONLY|O_CLOEXEC'}, {'name': 'mode', 'type': 'int', 'value': 154005284}]",0,0
16022.052691,159,1,0,systemd-journal,ip-10-100-1-186,5,fstat,2,0,"[{'name': 'fd', 'type': 'int', 'value': 33}, {'name': 'statbuf', 'type': 'struct stat*', 'value': '0x7FFDB7C1DE20'}]",0,0
16022.072792,159,1,0,systemd-journal,ip-10-100-1-186,3,close,1,0,"[{'name': 'fd', 'type': 'int', 'value': 33}]",0,0
16022.072847,159,1,0,systemd-journal,ip-10-100-1-186,1003,cap_capable,1,0,"[{'name': 'cap', 'type': 'int', 'value': 'CAP_SYS_PTRACE'}]",0,0
16022.072896,159,1,0,systemd-journal,ip-10-100-1-186,1005,security_file_open,4,0,"[{'name': 'pathname', 'type': 'const char*', 'value': '/proc/4170/cmdline'}, {'name': 'flags', 'type': 'unsigned int', 'value': 'O_RDONLY|O_LARGEFILE'}, {'name': 'dev', 'type': 'dev_t', 'value': 5}, {'name': 'inode', 'type': 'unsigned long', 'value': 155634}]",0,0
16022.072927,159,1,0,systemd-journal,ip-10-100-1-186,257,openat,4,33,"[{'name': 'dirfd', 'type': 'int', 'value': -100}, {'name': 'pathname', 'type': 'const char*', 'value': '/proc/4170/cmdline'}, {'name': 'flags', 'type': 'unsigned int', 'value': 'O_RDONLY|O_CLOEXEC'}, {'name': 'mode', 'type': 'int', 'value': 154005284}]",0,0
16022.072954,159,1,0,systemd-journal,ip-10-100-1-186,5,fstat,2,0,"[{'name': 'fd', 'type': 'int', 'value': 33}, {'name': 'statbuf', 'type': 'struct stat*', 'value': '0x7FFDB7C1DEB0'}]",0,0
16022.073035,159,1,0,systemd-journal,ip-10-100-1-186,1005,security_file_open,4,0,"[{'name': 'pathname', 'type': 'const char*', 'value': '/proc/4170/status'}, {'name': 'flags', 'type': 'unsigned int', 'value': 'O_RDONLY|O_LARGEFILE'}, {'name': 'dev', 'type': 'dev_t', 'value': 5}, {'name': 'inode', 'type': 'unsigned long', 'value': 155631}]",0,0
16022.073062,159,1,0,systemd-journal,ip-10-100-1-186,257,openat,4,33,"[{'name': 'dirfd', 'type': 'int', 'value': -100}, {'name': 'pathname', 'type': 'const char*', 'value': '/proc/4170/status'}, {'name': 'flags', 'type': 'unsigned int', 'value': 'O_RDONLY|O_CLOEXEC'}, {'name': 'mode', 'type': 'int', 'value': 154005284}]",0,0
16022.073003,159,1,0,systemd-journal,ip-10-100-1-186,3,close,1,0,"[{'name': 'fd', 'type': 'int', 'value': 33}]",0,0
16022.073085,159,1,0,systemd-journal,ip-10-100-1-186,5,fstat,2,0,"[{'name': 'fd', 'type': 'int', 'value': 33}, {'name': 'statbuf', 'type': 'struct stat*', 'value': '0x7FFDB7C1DF20'}]",0,0
16022.07313,159,1,0,systemd-journal,ip-10-100-1-186,3,close,1,0,"[{'name': 'fd', 'type': 'int', 'value': 33}]",0,0
16022.073177,159,1,0,systemd-journal,ip-10-100-1-186,1005,security_file_open,4,0,"[{'name': 'pathname', 'type': 'const char*', 'value': '/proc/4170/attr/current'}, {'name': 'flags', 'type': 'unsigned int', 'value': 'O_RDONLY|O_LARGEFILE'}, {'name': 'dev', 'type': 'dev_t', 'value': 5}, {'name': 'inode', 'type': 'unsigned long', 'value': 155636}]",0,0
16022.073203,159,1,0,systemd-journal,ip-10-100-1-186,257,openat,4,33,"[{'name': 'dirfd', 'type': 'int', 'value': -100}, {'name': 'pathname', 'type': 'const char*', 'value': '/proc/4170/attr/current'}, {'name': 'flags', 'type': 'unsigned int', 'value': 'O_RDONLY|O_CLOEXEC'}, {'name': 'mode', 'type': 'int', 'value': 154005284}]",0,0
16022.073235,159,1,0,systemd-journal,ip-10-100-1-186,3,close,1,0,"[{'name': 'fd', 'type': 'int', 'value': 33}]",0,0
16022.073262,159,1,0,systemd-journal,ip-10-100-1-186,1005,security_file_open,4,0,"[{'name': 'pathname', 'type': 'const char*', 'value': '/proc/4170/sessionid'}, {'name': 'flags', 'type': 'unsigned int', 'value': 'O_RDONLY|O_LARGEFILE'}, {'name': 'dev', 'type': 'dev_t', 'value': 5}, {'name': 'inode', 'type': 'unsigned long', 'value': 155637}]",0,0
16022.073287,159,1,0,systemd-journal,ip-10-100-1-186,257,openat,4,33,"[{'name': 'dirfd', 'type': 'int', 'value': -100}, {'name': 'pathname', 'type': 'const char*', 'value': '/proc/4170/sessionid'}, {'name': 'flags', 'type': 'unsigned int', 'value': 'O_RDONLY|O_CLOEXEC'}, {'name': 'mode', 'type': 'int', 'value': 154005284}]",0,0
16022.073311,159,1,0,systemd-journal,ip-10-100-1-186,5,fstat,2,0,"[{'name': 'fd', 'type': 'int', 'value': 33}, {'name': 'statbuf', 'type': 'struct stat*', 'value': '0x7FFDB7C1DE10'}]",0,0
16022.073345,159,1,0,systemd-journal,ip-10-100-1-186,3,close,1,0,"[{'name': 'fd', 'type': 'int', 'value': 33}]",0,0
16022.073371,159,1,0,systemd-journal,ip-10-100-1-186,1005,security_file_open,4,0,"[{'name': 'pathname', 'type': 'const char*', 'value': '/proc/4170/loginuid'}, {'name': 'flags', 'type': 'unsigned int', 'value': 'O_RDONLY|O_LARGEFILE'}, {'name': 'dev', 'type': 'dev_t', 'value': 5}, {'name': 'inode', 'type': 'unsigned long', 'value': 155638}]",0,0
16022.073396,159,1,0,systemd-journal,ip-10-100-1-186,257,openat,4,33,"[{'name': 'dirfd', 'type': 'int', 'value': -100}, {'name': 'pathname', 'type': 'const char*', 'value': '/proc/4170/loginuid'}, {'name': 'flags', 'type': 'unsigned int', 'value': 'O_RDONLY|O_CLOEXEC'}, {'name': 'mode', 'type': 'int', 'value': 154005284}]",0,0
16022.073418,159,1,0,systemd-journal,ip-10-100-1-186,5,fstat,2,0,"[{'name': 'fd', 'type': 'int', 'value': 33}, {'name': 'statbuf', 'type': 'struct stat*', 'value': '0x7FFDB7C1DE10'}]",0,0
16022.073452,159,1,0,systemd-journal,ip-10-100-1-186,3,close,1,0,"[{'name': 'fd', 'type': 'int', 'value': 33}]",0,0
16022.073483,159,1,0,systemd-journal,ip-10-100-1-186,1005,security_file_open,4,0,"[{'name': 'pathname', 'type': 'const char*', 'value': '/proc/4170/cgroup'}, {'name': 'flags', 'type': 'unsigned int', 'value': 'O_RDONLY|O_LARGEFILE'}, {'name': 'dev', 'type': 'dev_t', 'value': 5}, {'name': 'inode', 'type': 'unsigned long', 'value': 155639}]",0,0
16022.073509,159,1,0,systemd-journal,ip-10-100-1-186,257,openat,4,33,"[{'name': 'dirfd', 'type': 'int', 'value': -100}, {'name': 'pathname', 'type': 'const char*', 'value': '/proc/4170/cgroup'}, {'name': 'flags', 'type': 'unsigned int', 'value': 'O_RDONLY|O_CLOEXEC'}, {'name': 'mode', 'type': 'int', 'value': 154005284}]",0,0
16022.073544,159,1,0,systemd-journal,ip-10-100-1-186,5,fstat,2,0,"[{'name': 'fd', 'type': 'int', 'value': 33}, {'name': 'statbuf', 'type': 'struct stat*', 'value': '0x7FFDB7C1DDB0'}]",0,0
16022.073679,159,1,0,systemd-journal,ip-10-100-1-186,3,close,1,0,"[{'name': 'fd', 'type': 'int', 'value': 33}]",0,0
16022.073731,159,1,0,systemd-journal,ip-10-100-1-186,257,openat,4,-2,"[{'name': 'dirfd', 'type': 'int', 'value': -100}, {'name': 'pathname', 'type': 'const char*', 'value': '/run/systemd/units/log-extra-fields:docker.service'}, {'name': 'flags', 'type': 'unsigned int', 'value': 'O_RDONLY|O_CLOEXEC'}, {'name': 'mode', 'type': 'int', 'value': 154005284}]",0,0
16022.073787,159,1,0,systemd-journal,ip-10-100-1-186,1003,cap_capable,1,0,"[{'name': 'cap', 'type': 'int', 'value': 'CAP_SYS_ADMIN'}]",0,0
16022.073852,159,1,0,systemd-journal,ip-10-100-1-186,257,openat,4,-2,"[{'name': 'dirfd', 'type': 'int', 'value': -100}, {'name': 'pathname', 'type': 'const char*', 'value': '/run/log/journal/cd4bbb49080545c3aed82cc00b5f152b/system.journal'}, {'name': 'flags', 'type': 'unsigned int', 'value': 'O_RDWR|O_NONBLOCK|O_CLOEXEC'}, {'name': 'mode', 'type': 'int', 'value': 154005284}]",0,0
16022.074024,159,1,0,systemd-journal,ip-10-100-1-186,1003,cap_capable,1,0,"[{'name': 'cap', 'type': 'int', 'value': 'CAP_SYS_ADMIN'}]",0,0
16022.074095,159,1,0,systemd-journal,ip-10-100-1-186,257,openat,4,-2,"[{'name': 'dirfd', 'type': 'int', 'value': -100}, {'name': 'pathname', 'type': 'const char*', 'value': '/run/log/journal/cd4bbb49080545c3aed82cc00b5f152b/system.journal'}, {'name': 'flags', 'type': 'unsigned int', 'value': 'O_RDWR|O_NONBLOCK|O_CLOEXEC'}, {'name': 'mode', 'type': 'int', 'value': 154005284}]",0,0
16022.074174,159,1,0,systemd-journal,ip-10-100-1-186,1003,cap_capable,1,0,"[{'name': 'cap', 'type': 'int', 'value': 'CAP_SYS_ADMIN'}]",0,0
16022.074225,159,1,0,systemd-journal,ip-10-100-1-186,257,openat,4,-2,"[{'name': 'dirfd', 'type': 'int', 'value': -100}, {'name': 'pathname', 'type': 'const char*', 'value': '/run/log/journal/cd4bbb49080545c3aed82cc00b5f152b/system.journal'}, {'name': 'flags', 'type': 'unsigned int', 'value': 'O_RDWR|O_NONBLOCK|O_CLOEXEC'}, {'name': 'mode', 'type': 'int', 'value': 154005284}]",0,0
16022.074299,159,1,0,systemd-journal,ip-10-100-1-186,1003,cap_capable,1,0,"[{'name': 'cap', 'type': 'int', 'value': 'CAP_SYS_ADMIN'}]",0,0
16022.07435,159,1,0,systemd-journal,ip-10-100-1-186,257,openat,4,-2,"[{'name': 'dirfd', 'type': 'int', 'value': -100}, {'name': 'pathname', 'type': 'const char*', 'value': '/run/log/journal/cd4bbb49080545c3aed82cc00b5f152b/system.journal'}, {'name': 'flags', 'type': 'unsigned int', 'value': 'O_RDWR|O_NONBLOCK|O_CLOEXEC'}, {'name': 'mode', 'type': 'int', 'value': 154005284}]",0,0
16022.074418,159,1,0,systemd-journal,ip-10-100-1-186,1003,cap_capable,1,0,"[{'name': 'cap', 'type': 'int', 'value': 'CAP_SYS_ADMIN'}]",0,0
16022.074466,159,1,0,systemd-journal,ip-10-100-1-186,257,openat,4,-2,"[{'name': 'dirfd', 'type': 'int', 'value': -100}, {'name': 'pathname', 'type': 'const char*', 'value': '/run/log/journal/cd4bbb49080545c3aed82cc00b5f152b/system.journal'}, {'name': 'flags', 'type': 'unsigned int', 'value': 'O_RDWR|O_NONBLOCK|O_CLOEXEC'}, {'name': 'mode', 'type': 'int', 'value': 154005284}]",0,0
16022.074537,159,1,0,systemd-journal,ip-10-100-1-186,1003,cap_capable,1,0,"[{'name': 'cap', 'type': 'int', 'value': 'CAP_SYS_ADMIN'}]",0,0
16022.074587,159,1,0,systemd-journal,ip-10-100-1-186,257,openat,4,-2,"[{'name': 'dirfd', 'type': 'int', 'value': -100}, {'name': 'pathname', 'type': 'const char*', 'value': '/run/log/journal/cd4bbb49080545c3aed82cc00b5f152b/system.journal'}, {'name': 'flags', 'type': 'unsigned int', 'value': 'O_RDWR|O_NONBLOCK|O_CLOEXEC'}, {'name': 'mode', 'type': 'int', 'value': 154005284}]",0,0
16022.074651,159,1,0,systemd-journal,ip-10-100-1-186,1003,cap_capable,1,0,"[{'name': 'cap', 'type': 'int', 'value': 'CAP_SYS_ADMIN'}]",0,0
16022.074711,159,1,0,systemd-journal,ip-10-100-1-186,257,openat,4,-2,"[{'name': 'dirfd', 'type': 'int', 'value': -100}, {'name': 'pathname', 'type': 'const char*', 'value': '/run/log/journal/cd4bbb49080545c3aed82cc00b5f152b/system.journal'}, {'name': 'flags', 'type': 'unsigned int', 'value': 'O_RDWR|O_NONBLOCK|O_CLOEXEC'}, {'name': 'mode', 'type': 'int', 'value': 154005284}]",0,0
16022.074786,159,1,0,systemd-journal,ip-10-100-1-186,1003,cap_capable,1,0,"[{'name': 'cap', 'type': 'int', 'value': 'CAP_SYS_ADMIN'}]",0,0
16022.074835,159,1,0,systemd-journal,ip-10-100-1-186,257,openat,4,-2,"[{'name': 'dirfd', 'type': 'int', 'value': -100}, {'name': 'pathname', 'type': 'const char*', 'value': '/run/log/journal/cd4bbb49080545c3aed82cc00b5f152b/system.journal'}, {'name': 'flags', 'type': 'unsigned int', 'value': 'O_RDWR|O_NONBLOCK|O_CLOEXEC'}, {'name': 'mode', 'type': 'int', 'value': 154005284}]",0,0
16022.074899,159,1,0,systemd-journal,ip-10-100-1-186,1003,cap_capable,1,0,"[{'name': 'cap', 'type': 'int', 'value': 'CAP_SYS_ADMIN'}]",0,0
16022.074951,159,1,0,systemd-journal,ip-10-100-1-186,257,openat,4,-2,"[{'name': 'dirfd', 'type': 'int', 'value': -100}, {'name': 'pathname', 'type': 'const char*', 'value': '/run/log/journal/cd4bbb49080545c3aed82cc00b5f152b/system.journal'}, {'name': 'flags', 'type': 'unsigned int', 'value': 'O_RDWR|O_NONBLOCK|O_CLOEXEC'}, {'name': 'mode', 'type': 'int', 'value': 154005284}]",0,0
16022.075015,159,1,0,systemd-journal,ip-10-100-1-186,1003,cap_capable,1,0,"[{'name': 'cap', 'type': 'int', 'value': 'CAP_SYS_ADMIN'}]",0,0
16022.075063,159,1,0,systemd-journal,ip-10-100-1-186,257,openat,4,-2,"[{'name': 'dirfd', 'type': 'int', 'value': -100}, {'name': 'pathname', 'type': 'const char*', 'value': '/run/log/journal/cd4bbb49080545c3aed82cc00b5f152b/system.journal'}, {'name': 'flags', 'type': 'unsigned int', 'value': 'O_RDWR|O_NONBLOCK|O_CLOEXEC'}, {'name': 'mode', 'type': 'int', 'value': 154005284}]",0,0
16022.075127,159,1,0,systemd-journal,ip-10-100-1-186,1003,cap_capable,1,0,"[{'name': 'cap', 'type': 'int', 'value': 'CAP_SYS_ADMIN'}]",0,0
16022.075176,159,1,0,systemd-journal,ip-10-100-1-186,257,openat,4,-2,"[{'name': 'dirfd', 'type': 'int', 'value': -100}, {'name': 'pathname', 'type': 'const char*', 'value': '/run/log/journal/cd4bbb49080545c3aed82cc00b5f152b/system.journal'}, {'name': 'flags', 'type': 'unsigned int', 'value': 'O_RDWR|O_NONBLOCK|O_CLOEXEC'}, {'name': 'mode', 'type': 'int', 'value': 154005284}]",0,0
16022.075239,159,1,0,systemd-journal,ip-10-100-1-186,1003,cap_capable,1,0,"[{'name': 'cap', 'type': 'int', 'value': 'CAP_SYS_ADMIN'}]",0,0
16022.075288,159,1,0,systemd-journal,ip-10-100-1-186,257,openat,4,-2,"[{'name': 'dirfd', 'type': 'int', 'value': -100}, {'name': 'pathname', 'type': 'const char*', 'value': '/run/log/journal/cd4bbb49080545c3aed82cc00b5f152b/system.journal'}, {'name': 'flags', 'type': 'unsigned int', 'value': 'O_RDWR|O_NONBLOCK|O_CLOEXEC'}, {'name': 'mode', 'type': 'int', 'value': 154005284}]",0,0
16022.075351,159,1,0,systemd-journal,ip-10-100-1-186,1003,cap_capable,1,0,"[{'name': 'cap', 'type': 'int', 'value': 'CAP_SYS_ADMIN'}]",0,0
16022.075524,159,1,0,systemd-journal,ip-10-100-1-186,1003,cap_capable,1,0,"[{'name': 'cap', 'type': 'int', 'value': 'CAP_SYS_ADMIN'}]",0,0
16022.075641,159,1,0,systemd-journal,ip-10-100-1-186,1003,cap_capable,1,0,"[{'name': 'cap', 'type': 'int', 'value': 'CAP_SYS_ADMIN'}]",0,0
16022.07569,159,1,0,systemd-journal,ip-10-100-1-186,257,openat,4,-2,"[{'name': 'dirfd', 'type': 'int', 'value': -100}, {'name': 'pathname', 'type': 'const char*', 'value': '/run/log/journal/cd4bbb49080545c3aed82cc00b5f152b/system.journal'}, {'name': 'flags', 'type': 'unsigned int', 'value': 'O_RDWR|O_NONBLOCK|O_CLOEXEC'}, {'name': 'mode', 'type': 'int', 'value': 154005284}]",0,0
16022.075754,159,1,0,systemd-journal,ip-10-100-1-186,1003,cap_capable,1,0,"[{'name': 'cap', 'type': 'int', 'value': 'CAP_SYS_ADMIN'}]",0,0
16022.075806,159,1,0,systemd-journal,ip-10-100-1-186,257,openat,4,-2,"[{'name': 'dirfd', 'type': 'int', 'value': -100}, {'name': 'pathname', 'type': 'const char*', 'value': '/run/log/journal/cd4bbb49080545c3aed82cc00b5f152b/system.journal'}, {'name': 'flags', 'type': 'unsigned int', 'value': 'O_RDWR|O_NONBLOCK|O_CLOEXEC'}, {'name': 'mode', 'type': 'int', 'value': 154005284}]",0,0
16022.0754,159,1,0,systemd-journal,ip-10-100-1-186,257,openat,4,-2,"[{'name': 'dirfd', 'type': 'int', 'value': -100}, {'name': 'pathname', 'type': 'const char*', 'value': '/run/log/journal/cd4bbb49080545c3aed82cc00b5f152b/system.journal'}, {'name': 'flags', 'type': 'unsigned int', 'value': 'O_RDWR|O_NONBLOCK|O_CLOEXEC'}, {'name': 'mode', 'type': 'int', 'value': 154005284}]",0,0
16022.075576,159,1,0,systemd-journal,ip-10-100-1-186,257,openat,4,-2,"[{'name': 'dirfd', 'type': 'int', 'value': -100}, {'name': 'pathname', 'type': 'const char*', 'value': '/run/log/journal/cd4bbb49080545c3aed82cc00b5f152b/system.journal'}, {'name': 'flags', 'type': 'unsigned int', 'value': 'O_RDWR|O_NONBLOCK|O_CLOEXEC'}, {'name': 'mode', 'type': 'int', 'value': 154005284}]",0,0
16022.07587,159,1,0,systemd-journal,ip-10-100-1-186,1003,cap_capable,1,0,"[{'name': 'cap', 'type': 'int', 'value': 'CAP_SYS_ADMIN'}]",0,0
16022.075919,159,1,0,systemd-journal,ip-10-100-1-186,257,openat,4,-2,"[{'name': 'dirfd', 'type': 'int', 'value': -100}, {'name': 'pathname', 'type': 'const char*', 'value': '/run/log/journal/cd4bbb49080545c3aed82cc00b5f152b/system.journal'}, {'name': 'flags', 'type': 'unsigned int', 'value': 'O_RDWR|O_NONBLOCK|O_CLOEXEC'}, {'name': 'mode', 'type': 'int', 'value': 154005284}]",0,0
16022.075982,159,1,0,systemd-journal,ip-10-100-1-186,1003,cap_capable,1,0,"[{'name': 'cap', 'type': 'int', 'value': 'CAP_SYS_ADMIN'}]",0,0
16022.076031,159,1,0,systemd-journal,ip-10-100-1-186,257,openat,4,-2,"[{'name': 'dirfd', 'type': 'int', 'value': -100}, {'name': 'pathname', 'type': 'const char*', 'value': '/run/log/journal/cd4bbb49080545c3aed82cc00b5f152b/system.journal'}, {'name': 'flags', 'type': 'unsigned int', 'value': 'O_RDWR|O_NONBLOCK|O_CLOEXEC'}, {'name': 'mode', 'type': 'int', 'value': 154005284}]",0,0
16022.076094,159,1,0,systemd-journal,ip-10-100-1-186,1003,cap_capable,1,0,"[{'name': 'cap', 'type': 'int', 'value': 'CAP_SYS_ADMIN'}]",0,0
16022.076142,159,1,0,systemd-journal,ip-10-100-1-186,257,openat,4,-2,"[{'name': 'dirfd', 'type': 'int', 'value': -100}, {'name': 'pathname', 'type': 'const char*', 'value': '/run/log/journal/cd4bbb49080545c3aed82cc00b5f152b/system.journal'}, {'name': 'flags', 'type': 'unsigned int', 'value': 'O_RDWR|O_NONBLOCK|O_CLOEXEC'}, {'name': 'mode', 'type': 'int', 'value': 154005284}]",0,0
16022.076317,159,1,0,systemd-journal,ip-10-100-1-186,1003,cap_capable,1,0,"[{'name': 'cap', 'type': 'int', 'value': 'CAP_SYS_ADMIN'}]",0,0
16022.076206,159,1,0,systemd-journal,ip-10-100-1-186,1003,cap_capable,1,0,"[{'name': 'cap', 'type': 'int', 'value': 'CAP_SYS_ADMIN'}]",0,0
16022.076254,159,1,0,systemd-journal,ip-10-100-1-186,257,openat,4,-2,"[{'name': 'dirfd', 'type': 'int', 'value': -100}, {'name': 'pathname', 'type': 'const char*', 'value': '/run/log/journal/cd4bbb49080545c3aed82cc00b5f152b/system.journal'}, {'name': 'flags', 'type': 'unsigned int', 'value': 'O_RDWR|O_NONBLOCK|O_CLOEXEC'}, {'name': 'mode', 'type': 'int', 'value': 154005284}]",0,0
16022.076366,159,1,0,systemd-journal,ip-10-100-1-186,257,openat,4,-2,"[{'name': 'dirfd', 'type': 'int', 'value': -100}, {'name': 'pathname', 'type': 'const char*', 'value': '/run/log/journal/cd4bbb49080545c3aed82cc00b5f152b/system.journal'}, {'name': 'flags', 'type': 'unsigned int', 'value': 'O_RDWR|O_NONBLOCK|O_CLOEXEC'}, {'name': 'mode', 'type': 'int', 'value': 154005284}]",0,0
16022.07643,159,1,0,systemd-journal,ip-10-100-1-186,1003,cap_capable,1,0,"[{'name': 'cap', 'type': 'int', 'value': 'CAP_SYS_ADMIN'}]",0,0
16022.076478,159,1,0,systemd-journal,ip-10-100-1-186,257,openat,4,-2,"[{'name': 'dirfd', 'type': 'int', 'value': -100}, {'name': 'pathname', 'type': 'const char*', 'value': '/run/log/journal/cd4bbb49080545c3aed82cc00b5f152b/system.journal'}, {'name': 'flags', 'type': 'unsigned int', 'value': 'O_RDWR|O_NONBLOCK|O_CLOEXEC'}, {'name': 'mode', 'type': 'int', 'value': 154005284}]",0,0
16022.076594,159,1,0,systemd-journal,ip-10-100-1-186,1003,cap_capable,1,0,"[{'name': 'cap', 'type': 'int', 'value': 'CAP_SYS_ADMIN'}]",0,0
16022.076616,159,1,0,systemd-journal,ip-10-100-1-186,1003,cap_capable,1,0,"[{'name': 'cap', 'type': 'int', 'value': 'CAP_SETUID'}]",0,0
16022.076635,159,1,0,systemd-journal,ip-10-100-1-186,1003,cap_capable,1,0,"[{'name': 'cap', 'type': 'int', 'value': 'CAP_SETGID'}]",0,0
16022.076686,159,1,0,systemd-journal,ip-10-100-1-186,257,openat,4,-2,"[{'name': 'dirfd', 'type': 'int', 'value': -100}, {'name': 'pathname', 'type': 'const char*', 'value': '/run/log/journal/cd4bbb49080545c3aed82cc00b5f152b/system.journal'}, {'name': 'flags', 'type': 'unsigned int', 'value': 'O_RDWR|O_NONBLOCK|O_CLOEXEC'}, {'name': 'mode', 'type': 'int', 'value': 154005284}]",0,0
16022.081491,506,1,104,rs:main Q:Reg,ip-10-100-1-186,62,kill,2,0,"[{'name': 'pid', 'type': 'pid_t', 'value': 506}, {'name': 'sig', 'type': 'int', 'value': 22}]",0,0
16022.081671,506,1,104,rs:main Q:Reg,ip-10-100-1-186,62,kill,2,0,"[{'name': 'pid', 'type': 'pid_t', 'value': 506}, {'name': 'sig', 'type': 'int', 'value': 22}]",0,0
16022.081808,506,1,104,rs:main Q:Reg,ip-10-100-1-186,1003,cap_capable,1,0,"[{'name': 'cap', 'type': 'int', 'value': 'CAP_SYS_RESOURCE'}]",0,0
16022.08184,506,1,104,rs:main Q:Reg,ip-10-100-1-186,1003,cap_capable,1,0,"[{'name': 'cap', 'type': 'int', 'value': 'CAP_SYS_RESOURCE'}]",0,0
16022.096868,159,1,0,systemd-journal,ip-10-100-1-186,1003,cap_capable,1,0,"[{'name': 'cap', 'type': 'int', 'value': 'CAP_SYS_ADMIN'}]",0,0
16022.096935,159,1,0,systemd-journal,ip-10-100-1-186,257,openat,4,-2,"[{'name': 'dirfd', 'type': 'int', 'value': -100}, {'name': 'pathname', 'type': 'const char*', 'value': '/run/log/journal/cd4bbb49080545c3aed82cc00b5f152b/system.journal'}, {'name': 'flags', 'type': 'unsigned int', 'value': 'O_RDWR|O_NONBLOCK|O_CLOEXEC'}, {'name': 'mode', 'type': 'int', 'value': 154005284}]",0,0
16022.097066,159,1,0,systemd-journal,ip-10-100-1-186,1003,cap_capable,1,0,"[{'name': 'cap', 'type': 'int', 'value': 'CAP_SYS_ADMIN'}]",0,0
16022.097131,159,1,0,systemd-journal,ip-10-100-1-186,257,openat,4,-2,"[{'name': 'dirfd', 'type': 'int', 'value': -100}, {'name': 'pathname', 'type': 'const char*', 'value': '/run/log/journal/cd4bbb49080545c3aed82cc00b5f152b/system.journal'}, {'name': 'flags', 'type': 'unsigned int', 'value': 'O_RDWR|O_NONBLOCK|O_CLOEXEC'}, {'name': 'mode', 'type': 'int', 'value': 154005284}]",0,0
16022.097216,159,1,0,systemd-journal,ip-10-100-1-186,1003,cap_capable,1,0,"[{'name': 'cap', 'type': 'int', 'value': 'CAP_SYS_ADMIN'}]",0,0
16022.097263,159,1,0,systemd-journal,ip-10-100-1-186,257,openat,4,-2,"[{'name': 'dirfd', 'type': 'int', 'value': -100}, {'name': 'pathname', 'type': 'const char*', 'value': '/run/log/journal/cd4bbb49080545c3aed82cc00b5f152b/system.journal'}, {'name': 'flags', 'type': 'unsigned int', 'value': 'O_RDWR|O_NONBLOCK|O_CLOEXEC'}, {'name': 'mode', 'type': 'int', 'value': 154005284}]",0,0
16022.097322,159,1,0,systemd-journal,ip-10-100-1-186,1003,cap_capable,1,0,"[{'name': 'cap', 'type': 'int', 'value': 'CAP_SYS_ADMIN'}]",0,0
16022.09738,159,1,0,systemd-journal,ip-10-100-1-186,257,openat,4,-2,"[{'name': 'dirfd', 'type': 'int', 'value': -100}, {'name': 'pathname', 'type': 'const char*', 'value': '/run/log/journal/cd4bbb49080545c3aed82cc00b5f152b/system.journal'}, {'name': 'flags', 'type': 'unsigned int', 'value': 'O_RDWR|O_NONBLOCK|O_CLOEXEC'}, {'name': 'mode', 'type': 'int', 'value': 154005284}]",0,0
16022.097442,159,1,0,systemd-journal,ip-10-100-1-186,1003,cap_capable,1,0,"[{'name': 'cap', 'type': 'int', 'value': 'CAP_SYS_ADMIN'}]",0,0
16022.097489,159,1,0,systemd-journal,ip-10-100-1-186,257,openat,4,-2,"[{'name': 'dirfd', 'type': 'int', 'value': -100}, {'name': 'pathname', 'type': 'const char*', 'value': '/run/log/journal/cd4bbb49080545c3aed82cc00b5f152b/system.journal'}, {'name': 'flags', 'type': 'unsigned int', 'value': 'O_RDWR|O_NONBLOCK|O_CLOEXEC'}, {'name': 'mode', 'type': 'int', 'value': 154005284}]",0,0
16022.097565,159,1,0,systemd-journal,ip-10-100-1-186,1003,cap_capable,1,0,"[{'name': 'cap', 'type': 'int', 'value': 'CAP_SYS_ADMIN'}]",0,0
16022.097613,159,1,0,systemd-journal,ip-10-100-1-186,257,openat,4,-2,"[{'name': 'dirfd', 'type': 'int', 'value': -100}, {'name': 'pathname', 'type': 'const char*', 'value': '/run/log/journal/cd4bbb49080545c3aed82cc00b5f152b/system.journal'}, {'name': 'flags', 'type': 'unsigned int', 'value': 'O_RDWR|O_NONBLOCK|O_CLOEXEC'}, {'name': 'mode', 'type': 'int', 'value': 154005284}]",0,0
16022.097677,159,1,0,systemd-journal,ip-10-100-1-186,1003,cap_capable,1,0,"[{'name': 'cap', 'type': 'int', 'value': 'CAP_SYS_ADMIN'}]",0,0
16022.097753,159,1,0,systemd-journal,ip-10-100-1-186,257,openat,4,-2,"[{'name': 'dirfd', 'type': 'int', 'value': -100}, {'name': 'pathname', 'type': 'const char*', 'value': '/run/log/journal/cd4bbb49080545c3aed82cc00b5f152b/system.journal'}, {'name': 'flags', 'type': 'unsigned int', 'value': 'O_RDWR|O_NONBLOCK|O_CLOEXEC'}, {'name': 'mode', 'type': 'int', 'value': 154005284}]",0,0
16022.09783,159,1,0,systemd-journal,ip-10-100-1-186,1003,cap_capable,1,0,"[{'name': 'cap', 'type': 'int', 'value': 'CAP_SYS_ADMIN'}]",0,0
16022.097878,159,1,0,systemd-journal,ip-10-100-1-186,257,openat,4,-2,"[{'name': 'dirfd', 'type': 'int', 'value': -100}, {'name': 'pathname', 'type': 'const char*', 'value': '/run/log/journal/cd4bbb49080545c3aed82cc00b5f152b/system.journal'}, {'name': 'flags', 'type': 'unsigned int', 'value': 'O_RDWR|O_NONBLOCK|O_CLOEXEC'}, {'name': 'mode', 'type': 'int', 'value': 154005284}]",0,0
16022.097943,159,1,0,systemd-journal,ip-10-100-1-186,1003,cap_capable,1,0,"[{'name': 'cap', 'type': 'int', 'value': 'CAP_SYS_ADMIN'}]",0,0
16022.09799,159,1,0,systemd-journal,ip-10-100-1-186,257,openat,4,-2,"[{'name': 'dirfd', 'type': 'int', 'value': -100}, {'name': 'pathname', 'type': 'const char*', 'value': '/run/log/journal/cd4bbb49080545c3aed82cc00b5f152b/system.journal'}, {'name': 'flags', 'type': 'unsigned int', 'value': 'O_RDWR|O_NONBLOCK|O_CLOEXEC'}, {'name': 'mode', 'type': 'int', 'value': 154005284}]",0,0
16022.09807,159,1,0,systemd-journal,ip-10-100-1-186,1003,cap_capable,1,0,"[{'name': 'cap', 'type': 'int', 'value': 'CAP_SYS_ADMIN'}]",0,0
16022.098115,159,1,0,systemd-journal,ip-10-100-1-186,257,openat,4,-2,"[{'name': 'dirfd', 'type': 'int', 'value': -100}, {'name': 'pathname', 'type': 'const char*', 'value': '/run/log/journal/cd4bbb49080545c3aed82cc00b5f152b/system.journal'}, {'name': 'flags', 'type': 'unsigned int', 'value': 'O_RDWR|O_NONBLOCK|O_CLOEXEC'}, {'name': 'mode', 'type': 'int', 'value': 154005284}]",0,0
16022.098174,159,1,0,systemd-journal,ip-10-100-1-186,1003,cap_capable,1,0,"[{'name': 'cap', 'type': 'int', 'value': 'CAP_SYS_ADMIN'}]",0,0
16022.098218,159,1,0,systemd-journal,ip-10-100-1-186,257,openat,4,-2,"[{'name': 'dirfd', 'type': 'int', 'value': -100}, {'name': 'pathname', 'type': 'const char*', 'value': '/run/log/journal/cd4bbb49080545c3aed82cc00b5f152b/system.journal'}, {'name': 'flags', 'type': 'unsigned int', 'value': 'O_RDWR|O_NONBLOCK|O_CLOEXEC'}, {'name': 'mode', 'type': 'int', 'value': 154005284}]",0,0
16022.0983,159,1,0,systemd-journal,ip-10-100-1-186,1003,cap_capable,1,0,"[{'name': 'cap', 'type': 'int', 'value': 'CAP_SYS_ADMIN'}]",0,0
16022.098349,159,1,0,systemd-journal,ip-10-100-1-186,257,openat,4,-2,"[{'name': 'dirfd', 'type': 'int', 'value': -100}, {'name': 'pathname', 'type': 'const char*', 'value': '/run/log/journal/cd4bbb49080545c3aed82cc00b5f152b/system.journal'}, {'name': 'flags', 'type': 'unsigned int', 'value': 'O_RDWR|O_NONBLOCK|O_CLOEXEC'}, {'name': 'mode', 'type': 'int', 'value': 154005284}]",0,0
16022.098413,159,1,0,systemd-journal,ip-10-100-1-186,1003,cap_capable,1,0,"[{'name': 'cap', 'type': 'int', 'value': 'CAP_SYS_ADMIN'}]",0,0
16022.098461,159,1,0,systemd-journal,ip-10-100-1-186,257,openat,4,-2,"[{'name': 'dirfd', 'type': 'int', 'value': -100}, {'name': 'pathname', 'type': 'const char*', 'value': '/run/log/journal/cd4bbb49080545c3aed82cc00b5f152b/system.journal'}, {'name': 'flags', 'type': 'unsigned int', 'value': 'O_RDWR|O_NONBLOCK|O_CLOEXEC'}, {'name': 'mode', 'type': 'int', 'value': 154005284}]",0,0
16022.098524,159,1,0,systemd-journal,ip-10-100-1-186,1003,cap_capable,1,0,"[{'name': 'cap', 'type': 'int', 'value': 'CAP_SYS_ADMIN'}]",0,0
16022.098572,159,1,0,systemd-journal,ip-10-100-1-186,257,openat,4,-2,"[{'name': 'dirfd', 'type': 'int', 'value': -100}, {'name': 'pathname', 'type': 'const char*', 'value': '/run/log/journal/cd4bbb49080545c3aed82cc00b5f152b/system.journal'}, {'name': 'flags', 'type': 'unsigned int', 'value': 'O_RDWR|O_NONBLOCK|O_CLOEXEC'}, {'name': 'mode', 'type': 'int', 'value': 154005284}]",0,0
16022.098646,159,1,0,systemd-journal,ip-10-100-1-186,1003,cap_capable,1,0,"[{'name': 'cap', 'type': 'int', 'value': 'CAP_SYS_ADMIN'}]",0,0
16022.098769,159,1,0,systemd-journal,ip-10-100-1-186,1003,cap_capable,1,0,"[{'name': 'cap', 'type': 'int', 'value': 'CAP_SYS_ADMIN'}]",0,0
16022.098817,159,1,0,systemd-journal,ip-10-100-1-186,257,openat,4,-2,"[{'name': 'dirfd', 'type': 'int', 'value': -100}, {'name': 'pathname', 'type': 'const char*', 'value': '/run/log/journal/cd4bbb49080545c3aed82cc00b5f152b/system.journal'}, {'name': 'flags', 'type': 'unsigned int', 'value': 'O_RDWR|O_NONBLOCK|O_CLOEXEC'}, {'name': 'mode', 'type': 'int', 'value': 154005284}]",0,0
16022.098992,159,1,0,systemd-journal,ip-10-100-1-186,1003,cap_capable,1,0,"[{'name': 'cap', 'type': 'int', 'value': 'CAP_SYS_ADMIN'}]",0,0
16022.09904,159,1,0,systemd-journal,ip-10-100-1-186,257,openat,4,-2,"[{'name': 'dirfd', 'type': 'int', 'value': -100}, {'name': 'pathname', 'type': 'const char*', 'value': '/run/log/journal/cd4bbb49080545c3aed82cc00b5f152b/system.journal'}, {'name': 'flags', 'type': 'unsigned int', 'value': 'O_RDWR|O_NONBLOCK|O_CLOEXEC'}, {'name': 'mode', 'type': 'int', 'value': 154005284}]",0,0
16022.099184,159,1,0,systemd-journal,ip-10-100-1-186,257,openat,4,-2,"[{'name': 'dirfd', 'type': 'int', 'value': -100}, {'name': 'pathname', 'type': 'const char*', 'value': '/run/log/journal/cd4bbb49080545c3aed82cc00b5f152b/system.journal'}, {'name': 'flags', 'type': 'unsigned int', 'value': 'O_RDWR|O_NONBLOCK|O_CLOEXEC'}, {'name': 'mode', 'type': 'int', 'value': 154005284}]",0,0
16022.098693,159,1,0,systemd-journal,ip-10-100-1-186,257,openat,4,-2,"[{'name': 'dirfd', 'type': 'int', 'value': -100}, {'name': 'pathname', 'type': 'const char*', 'value': '/run/log/journal/cd4bbb49080545c3aed82cc00b5f152b/system.journal'}, {'name': 'flags', 'type': 'unsigned int', 'value': 'O_RDWR|O_NONBLOCK|O_CLOEXEC'}, {'name': 'mode', 'type': 'int', 'value': 154005284}]",0,0
16022.099127,159,1,0,systemd-journal,ip-10-100-1-186,1003,cap_capable,1,0,"[{'name': 'cap', 'type': 'int', 'value': 'CAP_SYS_ADMIN'}]",0,0
16022.098929,159,1,0,systemd-journal,ip-10-100-1-186,257,openat,4,-2,"[{'name': 'dirfd', 'type': 'int', 'value': -100}, {'name': 'pathname', 'type': 'const char*', 'value': '/run/log/journal/cd4bbb49080545c3aed82cc00b5f152b/system.journal'}, {'name': 'flags', 'type': 'unsigned int', 'value': 'O_RDWR|O_NONBLOCK|O_CLOEXEC'}, {'name': 'mode', 'type': 'int', 'value': 154005284}]",0,0
16022.099257,159,1,0,systemd-journal,ip-10-100-1-186,1003,cap_capable,1,0,"[{'name': 'cap', 'type': 'int', 'value': 'CAP_SYS_ADMIN'}]",0,0
16022.098881,159,1,0,systemd-journal,ip-10-100-1-186,1003,cap_capable,1,0,"[{'name': 'cap', 'type': 'int', 'value': 'CAP_SYS_ADMIN'}]",0,0
16022.099322,159,1,0,systemd-journal,ip-10-100-1-186,257,openat,4,-2,"[{'name': 'dirfd', 'type': 'int', 'value': -100}, {'name': 'pathname', 'type': 'const char*', 'value': '/run/log/journal/cd4bbb49080545c3aed82cc00b5f152b/system.journal'}, {'name': 'flags', 'type': 'unsigned int', 'value': 'O_RDWR|O_NONBLOCK|O_CLOEXEC'}, {'name': 'mode', 'type': 'int', 'value': 154005284}]",0,0
16022.099387,159,1,0,systemd-journal,ip-10-100-1-186,1003,cap_capable,1,0,"[{'name': 'cap', 'type': 'int', 'value': 'CAP_SYS_ADMIN'}]",0,0
16022.099435,159,1,0,systemd-journal,ip-10-100-1-186,257,openat,4,-2,"[{'name': 'dirfd', 'type': 'int', 'value': -100}, {'name': 'pathname', 'type': 'const char*', 'value': '/run/log/journal/cd4bbb49080545c3aed82cc00b5f152b/system.journal'}, {'name': 'flags', 'type': 'unsigned int', 'value': 'O_RDWR|O_NONBLOCK|O_CLOEXEC'}, {'name': 'mode', 'type': 'int', 'value': 154005284}]",0,0
16022.099509,159,1,0,systemd-journal,ip-10-100-1-186,1003,cap_capable,1,0,"[{'name': 'cap', 'type': 'int', 'value': 'CAP_SYS_ADMIN'}]",0,0
16022.099557,159,1,0,systemd-journal,ip-10-100-1-186,257,openat,4,-2,"[{'name': 'dirfd', 'type': 'int', 'value': -100}, {'name': 'pathname', 'type': 'const char*', 'value': '/run/log/journal/cd4bbb49080545c3aed82cc00b5f152b/system.journal'}, {'name': 'flags', 'type': 'unsigned int', 'value': 'O_RDWR|O_NONBLOCK|O_CLOEXEC'}, {'name': 'mode', 'type': 'int', 'value': 154005284}]",0,0
16022.099671,159,1,0,systemd-journal,ip-10-100-1-186,1003,cap_capable,1,0,"[{'name': 'cap', 'type': 'int', 'value': 'CAP_SYS_ADMIN'}]",0,0
16022.099703,159,1,0,systemd-journal,ip-10-100-1-186,1003,cap_capable,1,0,"[{'name': 'cap', 'type': 'int', 'value': 'CAP_SETUID'}]",0,0
16022.099722,159,1,0,systemd-journal,ip-10-100-1-186,1003,cap_capable,1,0,"[{'name': 'cap', 'type': 'int', 'value': 'CAP_SETGID'}]",0,0
16022.09977,159,1,0,systemd-journal,ip-10-100-1-186,257,openat,4,-2,"[{'name': 'dirfd', 'type': 'int', 'value': -100}, {'name': 'pathname', 'type': 'const char*', 'value': '/run/log/journal/cd4bbb49080545c3aed82cc00b5f152b/system.journal'}, {'name': 'flags', 'type': 'unsigned int', 'value': 'O_RDWR|O_NONBLOCK|O_CLOEXEC'}, {'name': 'mode', 'type': 'int', 'value': 154005284}]",0,0
16022.099887,159,1,0,systemd-journal,ip-10-100-1-186,1003,cap_capable,1,0,"[{'name': 'cap', 'type': 'int', 'value': 'CAP_SYS_ADMIN'}]",0,0
16022.099937,159,1,0,systemd-journal,ip-10-100-1-186,257,openat,4,-2,"[{'name': 'dirfd', 'type': 'int', 'value': -100}, {'name': 'pathname', 'type': 'const char*', 'value': '/run/log/journal/cd4bbb49080545c3aed82cc00b5f152b/system.journal'}, {'name': 'flags', 'type': 'unsigned int', 'value': 'O_RDWR|O_NONBLOCK|O_CLOEXEC'}, {'name': 'mode', 'type': 'int', 'value': 154005284}]",0,0
16022.100001,159,1,0,systemd-journal,ip-10-100-1-186,1003,cap_capable,1,0,"[{'name': 'cap', 'type': 'int', 'value': 'CAP_SYS_ADMIN'}]",0,0
16022.100062,159,1,0,systemd-journal,ip-10-100-1-186,257,openat,4,-2,"[{'name': 'dirfd', 'type': 'int', 'value': -100}, {'name': 'pathname', 'type': 'const char*', 'value': '/run/log/journal/cd4bbb49080545c3aed82cc00b5f152b/system.journal'}, {'name': 'flags', 'type': 'unsigned int', 'value': 'O_RDWR|O_NONBLOCK|O_CLOEXEC'}, {'name': 'mode', 'type': 'int', 'value': 154005284}]",0,0
16022.100138,159,1,0,systemd-journal,ip-10-100-1-186,1003,cap_capable,1,0,"[{'name': 'cap', 'type': 'int', 'value': 'CAP_SYS_ADMIN'}]",0,0
16022.100188,159,1,0,systemd-journal,ip-10-100-1-186,257,openat,4,-2,"[{'name': 'dirfd', 'type': 'int', 'value': -100}, {'name': 'pathname', 'type': 'const char*', 'value': '/run/log/journal/cd4bbb49080545c3aed82cc00b5f152b/system.journal'}, {'name': 'flags', 'type': 'unsigned int', 'value': 'O_RDWR|O_NONBLOCK|O_CLOEXEC'}, {'name': 'mode', 'type': 'int', 'value': 154005284}]",0,0
16022.100252,159,1,0,systemd-journal,ip-10-100-1-186,1003,cap_capable,1,0,"[{'name': 'cap', 'type': 'int', 'value': 'CAP_SYS_ADMIN'}]",0,0
16022.100301,159,1,0,systemd-journal,ip-10-100-1-186,257,openat,4,-2,"[{'name': 'dirfd', 'type': 'int', 'value': -100}, {'name': 'pathname', 'type': 'const char*', 'value': '/run/log/journal/cd4bbb49080545c3aed82cc00b5f152b/system.journal'}, {'name': 'flags', 'type': 'unsigned int', 'value': 'O_RDWR|O_NONBLOCK|O_CLOEXEC'}, {'name': 'mode', 'type': 'int', 'value': 154005284}]",0,0
16022.100376,159,1,0,systemd-journal,ip-10-100-1-186,1003,cap_capable,1,0,"[{'name': 'cap', 'type': 'int', 'value': 'CAP_SYS_ADMIN'}]",0,0
16022.100423,159,1,0,systemd-journal,ip-10-100-1-186,257,openat,4,-2,"[{'name': 'dirfd', 'type': 'int', 'value': -100}, {'name': 'pathname', 'type': 'const char*', 'value': '/run/log/journal/cd4bbb49080545c3aed82cc00b5f152b/system.journal'}, {'name': 'flags', 'type': 'unsigned int', 'value': 'O_RDWR|O_NONBLOCK|O_CLOEXEC'}, {'name': 'mode', 'type': 'int', 'value': 154005284}]",0,0
16022.100484,159,1,0,systemd-journal,ip-10-100-1-186,1003,cap_capable,1,0,"[{'name': 'cap', 'type': 'int', 'value': 'CAP_SYS_ADMIN'}]",0,0
16022.100531,159,1,0,systemd-journal,ip-10-100-1-186,257,openat,4,-2,"[{'name': 'dirfd', 'type': 'int', 'value': -100}, {'name': 'pathname', 'type': 'const char*', 'value': '/run/log/journal/cd4bbb49080545c3aed82cc00b5f152b/system.journal'}, {'name': 'flags', 'type': 'unsigned int', 'value': 'O_RDWR|O_NONBLOCK|O_CLOEXEC'}, {'name': 'mode', 'type': 'int', 'value': 154005284}]",0,0
16022.100599,159,1,0,systemd-journal,ip-10-100-1-186,1003,cap_capable,1,0,"[{'name': 'cap', 'type': 'int', 'value': 'CAP_SYS_ADMIN'}]",0,0
16022.100659,159,1,0,systemd-journal,ip-10-100-1-186,257,openat,4,-2,"[{'name': 'dirfd', 'type': 'int', 'value': -100}, {'name': 'pathname', 'type': 'const char*', 'value': '/run/log/journal/cd4bbb49080545c3aed82cc00b5f152b/system.journal'}, {'name': 'flags', 'type': 'unsigned int', 'value': 'O_RDWR|O_NONBLOCK|O_CLOEXEC'}, {'name': 'mode', 'type': 'int', 'value': 154005284}]",0,0
16022.121049,159,1,0,systemd-journal,ip-10-100-1-186,1003,cap_capable,1,0,"[{'name': 'cap', 'type': 'int', 'value': 'CAP_SYS_ADMIN'}]",0,0
16022.121131,159,1,0,systemd-journal,ip-10-100-1-186,257,openat,4,-2,"[{'name': 'dirfd', 'type': 'int', 'value': -100}, {'name': 'pathname', 'type': 'const char*', 'value': '/run/log/journal/cd4bbb49080545c3aed82cc00b5f152b/system.journal'}, {'name': 'flags', 'type': 'unsigned int', 'value': 'O_RDWR|O_NONBLOCK|O_CLOEXEC'}, {'name': 'mode', 'type': 'int', 'value': 154005284}]",0,0
16022.121202,159,1,0,systemd-journal,ip-10-100-1-186,1003,cap_capable,1,0,"[{'name': 'cap', 'type': 'int', 'value': 'CAP_SYS_ADMIN'}]",0,0
16022.121251,159,1,0,systemd-journal,ip-10-100-1-186,257,openat,4,-2,"[{'name': 'dirfd', 'type': 'int', 'value': -100}, {'name': 'pathname', 'type': 'const char*', 'value': '/run/log/journal/cd4bbb49080545c3aed82cc00b5f152b/system.journal'}, {'name': 'flags', 'type': 'unsigned int', 'value': 'O_RDWR|O_NONBLOCK|O_CLOEXEC'}, {'name': 'mode', 'type': 'int', 'value': 154005284}]",0,0
16022.121314,159,1,0,systemd-journal,ip-10-100-1-186,1003,cap_capable,1,0,"[{'name': 'cap', 'type': 'int', 'value': 'CAP_SYS_ADMIN'}]",0,0
16022.121362,159,1,0,systemd-journal,ip-10-100-1-186,257,openat,4,-2,"[{'name': 'dirfd', 'type': 'int', 'value': -100}, {'name': 'pathname', 'type': 'const char*', 'value': '/run/log/journal/cd4bbb49080545c3aed82cc00b5f152b/system.journal'}, {'name': 'flags', 'type': 'unsigned int', 'value': 'O_RDWR|O_NONBLOCK|O_CLOEXEC'}, {'name': 'mode', 'type': 'int', 'value': 154005284}]",0,0
16022.121424,159,1,0,systemd-journal,ip-10-100-1-186,1003,cap_capable,1,0,"[{'name': 'cap', 'type': 'int', 'value': 'CAP_SYS_ADMIN'}]",0,0
16022.121499,159,1,0,systemd-journal,ip-10-100-1-186,257,openat,4,-2,"[{'name': 'dirfd', 'type': 'int', 'value': -100}, {'name': 'pathname', 'type': 'const char*', 'value': '/run/log/journal/cd4bbb49080545c3aed82cc00b5f152b/system.journal'}, {'name': 'flags', 'type': 'unsigned int', 'value': 'O_RDWR|O_NONBLOCK|O_CLOEXEC'}, {'name': 'mode', 'type': 'int', 'value': 154005284}]",0,0
16022.121577,159,1,0,systemd-journal,ip-10-100-1-186,1003,cap_capable,1,0,"[{'name': 'cap', 'type': 'int', 'value': 'CAP_SYS_ADMIN'}]",0,0
16022.121627,159,1,0,systemd-journal,ip-10-100-1-186,257,openat,4,-2,"[{'name': 'dirfd', 'type': 'int', 'value': -100}, {'name': 'pathname', 'type': 'const char*', 'value': '/run/log/journal/cd4bbb49080545c3aed82cc00b5f152b/system.journal'}, {'name': 'flags', 'type': 'unsigned int', 'value': 'O_RDWR|O_NONBLOCK|O_CLOEXEC'}, {'name': 'mode', 'type': 'int', 'value': 154005284}]",0,0
16022.121691,159,1,0,systemd-journal,ip-10-100-1-186,1003,cap_capable,1,0,"[{'name': 'cap', 'type': 'int', 'value': 'CAP_SYS_ADMIN'}]",0,0
16022.12174,159,1,0,systemd-journal,ip-10-100-1-186,257,openat,4,-2,"[{'name': 'dirfd', 'type': 'int', 'value': -100}, {'name': 'pathname', 'type': 'const char*', 'value': '/run/log/journal/cd4bbb49080545c3aed82cc00b5f152b/system.journal'}, {'name': 'flags', 'type': 'unsigned int', 'value': 'O_RDWR|O_NONBLOCK|O_CLOEXEC'}, {'name': 'mode', 'type': 'int', 'value': 154005284}]",0,0
16022.121803,159,1,0,systemd-journal,ip-10-100-1-186,1003,cap_capable,1,0,"[{'name': 'cap', 'type': 'int', 'value': 'CAP_SYS_ADMIN'}]",0,0
16022.121851,159,1,0,systemd-journal,ip-10-100-1-186,257,openat,4,-2,"[{'name': 'dirfd', 'type': 'int', 'value': -100}, {'name': 'pathname', 'type': 'const char*', 'value': '/run/log/journal/cd4bbb49080545c3aed82cc00b5f152b/system.journal'}, {'name': 'flags', 'type': 'unsigned int', 'value': 'O_RDWR|O_NONBLOCK|O_CLOEXEC'}, {'name': 'mode', 'type': 'int', 'value': 154005284}]",0,0
16022.121915,159,1,0,systemd-journal,ip-10-100-1-186,1003,cap_capable,1,0,"[{'name': 'cap', 'type': 'int', 'value': 'CAP_SYS_ADMIN'}]",0,0
16022.121963,159,1,0,systemd-journal,ip-10-100-1-186,257,openat,4,-2,"[{'name': 'dirfd', 'type': 'int', 'value': -100}, {'name': 'pathname', 'type': 'const char*', 'value': '/run/log/journal/cd4bbb49080545c3aed82cc00b5f152b/system.journal'}, {'name': 'flags', 'type': 'unsigned int', 'value': 'O_RDWR|O_NONBLOCK|O_CLOEXEC'}, {'name': 'mode', 'type': 'int', 'value': 154005284}]",0,0
16022.122027,159,1,0,systemd-journal,ip-10-100-1-186,1003,cap_capable,1,0,"[{'name': 'cap', 'type': 'int', 'value': 'CAP_SYS_ADMIN'}]",0,0
16022.122079,159,1,0,systemd-journal,ip-10-100-1-186,257,openat,4,-2,"[{'name': 'dirfd', 'type': 'int', 'value': -100}, {'name': 'pathname', 'type': 'const char*', 'value': '/run/log/journal/cd4bbb49080545c3aed82cc00b5f152b/system.journal'}, {'name': 'flags', 'type': 'unsigned int', 'value': 'O_RDWR|O_NONBLOCK|O_CLOEXEC'}, {'name': 'mode', 'type': 'int', 'value': 154005284}]",0,0
16022.122143,159,1,0,systemd-journal,ip-10-100-1-186,1003,cap_capable,1,0,"[{'name': 'cap', 'type': 'int', 'value': 'CAP_SYS_ADMIN'}]",0,0
16022.122192,159,1,0,systemd-journal,ip-10-100-1-186,257,openat,4,-2,"[{'name': 'dirfd', 'type': 'int', 'value': -100}, {'name': 'pathname', 'type': 'const char*', 'value': '/run/log/journal/cd4bbb49080545c3aed82cc00b5f152b/system.journal'}, {'name': 'flags', 'type': 'unsigned int', 'value': 'O_RDWR|O_NONBLOCK|O_CLOEXEC'}, {'name': 'mode', 'type': 'int', 'value': 154005284}]",0,0
16022.122271,159,1,0,systemd-journal,ip-10-100-1-186,1003,cap_capable,1,0,"[{'name': 'cap', 'type': 'int', 'value': 'CAP_SYS_ADMIN'}]",0,0
16022.122323,159,1,0,systemd-journal,ip-10-100-1-186,257,openat,4,-2,"[{'name': 'dirfd', 'type': 'int', 'value': -100}, {'name': 'pathname', 'type': 'const char*', 'value': '/run/log/journal/cd4bbb49080545c3aed82cc00b5f152b/system.journal'}, {'name': 'flags', 'type': 'unsigned int', 'value': 'O_RDWR|O_NONBLOCK|O_CLOEXEC'}, {'name': 'mode', 'type': 'int', 'value': 154005284}]",0,0
16022.122436,159,1,0,systemd-journal,ip-10-100-1-186,257,openat,4,-2,"[{'name': 'dirfd', 'type': 'int', 'value': -100}, {'name': 'pathname', 'type': 'const char*', 'value': '/run/log/journal/cd4bbb49080545c3aed82cc00b5f152b/system.journal'}, {'name': 'flags', 'type': 'unsigned int', 'value': 'O_RDWR|O_NONBLOCK|O_CLOEXEC'}, {'name': 'mode', 'type': 'int', 'value': 154005284}]",0,0
16022.122499,159,1,0,systemd-journal,ip-10-100-1-186,1003,cap_capable,1,0,"[{'name': 'cap', 'type': 'int', 'value': 'CAP_SYS_ADMIN'}]",0,0
16022.122387,159,1,0,systemd-journal,ip-10-100-1-186,1003,cap_capable,1,0,"[{'name': 'cap', 'type': 'int', 'value': 'CAP_SYS_ADMIN'}]",0,0
16022.122547,159,1,0,systemd-journal,ip-10-100-1-186,257,openat,4,-2,"[{'name': 'dirfd', 'type': 'int', 'value': -100}, {'name': 'pathname', 'type': 'const char*', 'value': '/run/log/journal/cd4bbb49080545c3aed82cc00b5f152b/system.journal'}, {'name': 'flags', 'type': 'unsigned int', 'value': 'O_RDWR|O_NONBLOCK|O_CLOEXEC'}, {'name': 'mode', 'type': 'int', 'value': 154005284}]",0,0
16022.12261,159,1,0,systemd-journal,ip-10-100-1-186,1003,cap_capable,1,0,"[{'name': 'cap', 'type': 'int', 'value': 'CAP_SYS_ADMIN'}]",0,0
16022.12286,159,1,0,systemd-journal,ip-10-100-1-186,1003,cap_capable,1,0,"[{'name': 'cap', 'type': 'int', 'value': 'CAP_SYS_ADMIN'}]",0,0
16022.122884,159,1,0,systemd-journal,ip-10-100-1-186,1003,cap_capable,1,0,"[{'name': 'cap', 'type': 'int', 'value': 'CAP_SETUID'}]",0,0
16022.122659,159,1,0,systemd-journal,ip-10-100-1-186,257,openat,4,-2,"[{'name': 'dirfd', 'type': 'int', 'value': -100}, {'name': 'pathname', 'type': 'const char*', 'value': '/run/log/journal/cd4bbb49080545c3aed82cc00b5f152b/system.journal'}, {'name': 'flags', 'type': 'unsigned int', 'value': 'O_RDWR|O_NONBLOCK|O_CLOEXEC'}, {'name': 'mode', 'type': 'int', 'value': 154005284}]",0,0
16022.122903,159,1,0,systemd-journal,ip-10-100-1-186,1003,cap_capable,1,0,"[{'name': 'cap', 'type': 'int', 'value': 'CAP_SETGID'}]",0,0
16022.122956,159,1,0,systemd-journal,ip-10-100-1-186,257,openat,4,-2,"[{'name': 'dirfd', 'type': 'int', 'value': -100}, {'name': 'pathname', 'type': 'const char*', 'value': '/run/log/journal/cd4bbb49080545c3aed82cc00b5f152b/system.journal'}, {'name': 'flags', 'type': 'unsigned int', 'value': 'O_RDWR|O_NONBLOCK|O_CLOEXEC'}, {'name': 'mode', 'type': 'int', 'value': 154005284}]",0,0
16022.123096,159,1,0,systemd-journal,ip-10-100-1-186,1003,cap_capable,1,0,"[{'name': 'cap', 'type': 'int', 'value': 'CAP_SYS_ADMIN'}]",0,0
16022.123149,159,1,0,systemd-journal,ip-10-100-1-186,257,openat,4,-2,"[{'name': 'dirfd', 'type': 'int', 'value': -100}, {'name': 'pathname', 'type': 'const char*', 'value': '/run/log/journal/cd4bbb49080545c3aed82cc00b5f152b/system.journal'}, {'name': 'flags', 'type': 'unsigned int', 'value': 'O_RDWR|O_NONBLOCK|O_CLOEXEC'}, {'name': 'mode', 'type': 'int', 'value': 154005284}]",0,0
16022.123276,159,1,0,systemd-journal,ip-10-100-1-186,1003,cap_capable,1,0,"[{'name': 'cap', 'type': 'int', 'value': 'CAP_SYS_ADMIN'}]",0,0
16022.123328,159,1,0,systemd-journal,ip-10-100-1-186,257,openat,4,-2,"[{'name': 'dirfd', 'type': 'int', 'value': -100}, {'name': 'pathname', 'type': 'const char*', 'value': '/run/log/journal/cd4bbb49080545c3aed82cc00b5f152b/system.journal'}, {'name': 'flags', 'type': 'unsigned int', 'value': 'O_RDWR|O_NONBLOCK|O_CLOEXEC'}, {'name': 'mode', 'type': 'int', 'value': 154005284}]",0,0
16022.123393,159,1,0,systemd-journal,ip-10-100-1-186,1003,cap_capable,1,0,"[{'name': 'cap', 'type': 'int', 'value': 'CAP_SYS_ADMIN'}]",0,0
16022.123442,159,1,0,systemd-journal,ip-10-100-1-186,257,openat,4,-2,"[{'name': 'dirfd', 'type': 'int', 'value': -100}, {'name': 'pathname', 'type': 'const char*', 'value': '/run/log/journal/cd4bbb49080545c3aed82cc00b5f152b/system.journal'}, {'name': 'flags', 'type': 'unsigned int', 'value': 'O_RDWR|O_NONBLOCK|O_CLOEXEC'}, {'name': 'mode', 'type': 'int', 'value': 154005284}]",0,0
16022.123512,159,1,0,systemd-journal,ip-10-100-1-186,1003,cap_capable,1,0,"[{'name': 'cap', 'type': 'int', 'value': 'CAP_SYS_ADMIN'}]",0,0
16022.123563,159,1,0,systemd-journal,ip-10-100-1-186,257,openat,4,-2,"[{'name': 'dirfd', 'type': 'int', 'value': -100}, {'name': 'pathname', 'type': 'const char*', 'value': '/run/log/journal/cd4bbb49080545c3aed82cc00b5f152b/system.journal'}, {'name': 'flags', 'type': 'unsigned int', 'value': 'O_RDWR|O_NONBLOCK|O_CLOEXEC'}, {'name': 'mode', 'type': 'int', 'value': 154005284}]",0,0
16022.123627,159,1,0,systemd-journal,ip-10-100-1-186,1003,cap_capable,1,0,"[{'name': 'cap', 'type': 'int', 'value': 'CAP_SYS_ADMIN'}]",0,0
16022.123676,159,1,0,systemd-journal,ip-10-100-1-186,257,openat,4,-2,"[{'name': 'dirfd', 'type': 'int', 'value': -100}, {'name': 'pathname', 'type': 'const char*', 'value': '/run/log/journal/cd4bbb49080545c3aed82cc00b5f152b/system.journal'}, {'name': 'flags', 'type': 'unsigned int', 'value': 'O_RDWR|O_NONBLOCK|O_CLOEXEC'}, {'name': 'mode', 'type': 'int', 'value': 154005284}]",0,0
16022.123739,159,1,0,systemd-journal,ip-10-100-1-186,1003,cap_capable,1,0,"[{'name': 'cap', 'type': 'int', 'value': 'CAP_SYS_ADMIN'}]",0,0
16022.123787,159,1,0,systemd-journal,ip-10-100-1-186,257,openat,4,-2,"[{'name': 'dirfd', 'type': 'int', 'value': -100}, {'name': 'pathname', 'type': 'const char*', 'value': '/run/log/journal/cd4bbb49080545c3aed82cc00b5f152b/system.journal'}, {'name': 'flags', 'type': 'unsigned int', 'value': 'O_RDWR|O_NONBLOCK|O_CLOEXEC'}, {'name': 'mode', 'type': 'int', 'value': 154005284}]",0,0
16022.123851,159,1,0,systemd-journal,ip-10-100-1-186,1003,cap_capable,1,0,"[{'name': 'cap', 'type': 'int', 'value': 'CAP_SYS_ADMIN'}]",0,0
16022.123899,159,1,0,systemd-journal,ip-10-100-1-186,257,openat,4,-2,"[{'name': 'dirfd', 'type': 'int', 'value': -100}, {'name': 'pathname', 'type': 'const char*', 'value': '/run/log/journal/cd4bbb49080545c3aed82cc00b5f152b/system.journal'}, {'name': 'flags', 'type': 'unsigned int', 'value': 'O_RDWR|O_NONBLOCK|O_CLOEXEC'}, {'name': 'mode', 'type': 'int', 'value': 154005284}]",0,0
16022.123963,159,1,0,systemd-journal,ip-10-100-1-186,1003,cap_capable,1,0,"[{'name': 'cap', 'type': 'int', 'value': 'CAP_SYS_ADMIN'}]",0,0
16022.124011,159,1,0,systemd-journal,ip-10-100-1-186,257,openat,4,-2,"[{'name': 'dirfd', 'type': 'int', 'value': -100}, {'name': 'pathname', 'type': 'const char*', 'value': '/run/log/journal/cd4bbb49080545c3aed82cc00b5f152b/system.journal'}, {'name': 'flags', 'type': 'unsigned int', 'value': 'O_RDWR|O_NONBLOCK|O_CLOEXEC'}, {'name': 'mode', 'type': 'int', 'value': 154005284}]",0,0
16022.124074,159,1,0,systemd-journal,ip-10-100-1-186,1003,cap_capable,1,0,"[{'name': 'cap', 'type': 'int', 'value': 'CAP_SYS_ADMIN'}]",0,0
16022.124123,159,1,0,systemd-journal,ip-10-100-1-186,257,openat,4,-2,"[{'name': 'dirfd', 'type': 'int', 'value': -100}, {'name': 'pathname', 'type': 'const char*', 'value': '/run/log/journal/cd4bbb49080545c3aed82cc00b5f152b/system.journal'}, {'name': 'flags', 'type': 'unsigned int', 'value': 'O_RDWR|O_NONBLOCK|O_CLOEXEC'}, {'name': 'mode', 'type': 'int', 'value': 154005284}]",0,0
16022.124186,159,1,0,systemd-journal,ip-10-100-1-186,1003,cap_capable,1,0,"[{'name': 'cap', 'type': 'int', 'value': 'CAP_SYS_ADMIN'}]",0,0
16022.124234,159,1,0,systemd-journal,ip-10-100-1-186,257,openat,4,-2,"[{'name': 'dirfd', 'type': 'int', 'value': -100}, {'name': 'pathname', 'type': 'const char*', 'value': '/run/log/journal/cd4bbb49080545c3aed82cc00b5f152b/system.journal'}, {'name': 'flags', 'type': 'unsigned int', 'value': 'O_RDWR|O_NONBLOCK|O_CLOEXEC'}, {'name': 'mode', 'type': 'int', 'value': 154005284}]",0,0
16022.124301,159,1,0,systemd-journal,ip-10-100-1-186,1003,cap_capable,1,0,"[{'name': 'cap', 'type': 'int', 'value': 'CAP_SYS_ADMIN'}]",0,0
16022.12435,159,1,0,systemd-journal,ip-10-100-1-186,257,openat,4,-2,"[{'name': 'dirfd', 'type': 'int', 'value': -100}, {'name': 'pathname', 'type': 'const char*', 'value': '/run/log/journal/cd4bbb49080545c3aed82cc00b5f152b/system.journal'}, {'name': 'flags', 'type': 'unsigned int', 'value': 'O_RDWR|O_NONBLOCK|O_CLOEXEC'}, {'name': 'mode', 'type': 'int', 'value': 154005284}]",0,0
16022.124414,159,1,0,systemd-journal,ip-10-100-1-186,1003,cap_capable,1,0,"[{'name': 'cap', 'type': 'int', 'value': 'CAP_SYS_ADMIN'}]",0,0
16022.124462,159,1,0,systemd-journal,ip-10-100-1-186,257,openat,4,-2,"[{'name': 'dirfd', 'type': 'int', 'value': -100}, {'name': 'pathname', 'type': 'const char*', 'value': '/run/log/journal/cd4bbb49080545c3aed82cc00b5f152b/system.journal'}, {'name': 'flags', 'type': 'unsigned int', 'value': 'O_RDWR|O_NONBLOCK|O_CLOEXEC'}, {'name': 'mode', 'type': 'int', 'value': 154005284}]",0,0
16022.124526,159,1,0,systemd-journal,ip-10-100-1-186,1003,cap_capable,1,0,"[{'name': 'cap', 'type': 'int', 'value': 'CAP_SYS_ADMIN'}]",0,0
16022.124574,159,1,0,systemd-journal,ip-10-100-1-186,257,openat,4,-2,"[{'name': 'dirfd', 'type': 'int', 'value': -100}, {'name': 'pathname', 'type': 'const char*', 'value': '/run/log/journal/cd4bbb49080545c3aed82cc00b5f152b/system.journal'}, {'name': 'flags', 'type': 'unsigned int', 'value': 'O_RDWR|O_NONBLOCK|O_CLOEXEC'}, {'name': 'mode', 'type': 'int', 'value': 154005284}]",0,0
16022.124637,159,1,0,systemd-journal,ip-10-100-1-186,1003,cap_capable,1,0,"[{'name': 'cap', 'type': 'int', 'value': 'CAP_SYS_ADMIN'}]",0,0
16022.124686,159,1,0,systemd-journal,ip-10-100-1-186,257,openat,4,-2,"[{'name': 'dirfd', 'type': 'int', 'value': -100}, {'name': 'pathname', 'type': 'const char*', 'value': '/run/log/journal/cd4bbb49080545c3aed82cc00b5f152b/system.journal'}, {'name': 'flags', 'type': 'unsigned int', 'value': 'O_RDWR|O_NONBLOCK|O_CLOEXEC'}, {'name': 'mode', 'type': 'int', 'value': 154005284}]",0,0
16022.129506,506,1,104,rs:main Q:Reg,ip-10-100-1-186,62,kill,2,0,"[{'name': 'pid', 'type': 'pid_t', 'value': 506}, {'name': 'sig', 'type': 'int', 'value': 22}]",0,0
16022.129824,506,1,104,rs:main Q:Reg,ip-10-100-1-186,1003,cap_capable,1,0,"[{'name': 'cap', 'type': 'int', 'value': 'CAP_SYS_RESOURCE'}]",0,0
16022.129664,506,1,104,rs:main Q:Reg,ip-10-100-1-186,62,kill,2,0,"[{'name': 'pid', 'type': 'pid_t', 'value': 506}, {'name': 'sig', 'type': 'int', 'value': 22}]",0,0
16022.147996,159,1,0,systemd-journal,ip-10-100-1-186,257,openat,4,-2,"[{'name': 'dirfd', 'type': 'int', 'value': -100}, {'name': 'pathname', 'type': 'const char*', 'value': '/run/log/journal/cd4bbb49080545c3aed82cc00b5f152b/system.journal'}, {'name': 'flags', 'type': 'unsigned int', 'value': 'O_RDWR|O_NONBLOCK|O_CLOEXEC'}, {'name': 'mode', 'type': 'int', 'value': 154005284}]",0,0
16022.147927,159,1,0,systemd-journal,ip-10-100-1-186,1003,cap_capable,1,0,"[{'name': 'cap', 'type': 'int', 'value': 'CAP_SYS_ADMIN'}]",0,0
16022.129793,506,1,104,rs:main Q:Reg,ip-10-100-1-186,1003,cap_capable,1,0,"[{'name': 'cap', 'type': 'int', 'value': 'CAP_SYS_RESOURCE'}]",0,0
16022.148114,159,1,0,systemd-journal,ip-10-100-1-186,257,openat,4,-2,"[{'name': 'dirfd', 'type': 'int', 'value': -100}, {'name': 'pathname', 'type': 'const char*', 'value': '/run/log/journal/cd4bbb49080545c3aed82cc00b5f152b/system.journal'}, {'name': 'flags', 'type': 'unsigned int', 'value': 'O_RDWR|O_NONBLOCK|O_CLOEXEC'}, {'name': 'mode', 'type': 'int', 'value': 154005284}]",0,0
16022.148065,159,1,0,systemd-journal,ip-10-100-1-186,1003,cap_capable,1,0,"[{'name': 'cap', 'type': 'int', 'value': 'CAP_SYS_ADMIN'}]",0,0
16022.148249,159,1,0,systemd-journal,ip-10-100-1-186,257,openat,4,-2,"[{'name': 'dirfd', 'type': 'int', 'value': -100}, {'name': 'pathname', 'type': 'const char*', 'value': '/run/log/journal/cd4bbb49080545c3aed82cc00b5f152b/system.journal'}, {'name': 'flags', 'type': 'unsigned int', 'value': 'O_RDWR|O_NONBLOCK|O_CLOEXEC'}, {'name': 'mode', 'type': 'int', 'value': 154005284}]",0,0
16022.14819,159,1,0,systemd-journal,ip-10-100-1-186,1003,cap_capable,1,0,"[{'name': 'cap', 'type': 'int', 'value': 'CAP_SYS_ADMIN'}]",0,0
16022.148383,159,1,0,systemd-journal,ip-10-100-1-186,257,openat,4,-2,"[{'name': 'dirfd', 'type': 'int', 'value': -100}, {'name': 'pathname', 'type': 'const char*', 'value': '/run/log/journal/cd4bbb49080545c3aed82cc00b5f152b/system.journal'}, {'name': 'flags', 'type': 'unsigned int', 'value': 'O_RDWR|O_NONBLOCK|O_CLOEXEC'}, {'name': 'mode', 'type': 'int', 'value': 154005284}]",0,0
16022.148336,159,1,0,systemd-journal,ip-10-100-1-186,1003,cap_capable,1,0,"[{'name': 'cap', 'type': 'int', 'value': 'CAP_SYS_ADMIN'}]",0,0
16022.148457,159,1,0,systemd-journal,ip-10-100-1-186,1003,cap_capable,1,0,"[{'name': 'cap', 'type': 'int', 'value': 'CAP_SYS_ADMIN'}]",0,0
16022.148506,159,1,0,systemd-journal,ip-10-100-1-186,257,openat,4,-2,"[{'name': 'dirfd', 'type': 'int', 'value': -100}, {'name': 'pathname', 'type': 'const char*', 'value': '/run/log/journal/cd4bbb49080545c3aed82cc00b5f152b/system.journal'}, {'name': 'flags', 'type': 'unsigned int', 'value': 'O_RDWR|O_NONBLOCK|O_CLOEXEC'}, {'name': 'mode', 'type': 'int', 'value': 154005284}]",0,0
16022.14857,159,1,0,systemd-journal,ip-10-100-1-186,1003,cap_capable,1,0,"[{'name': 'cap', 'type': 'int', 'value': 'CAP_SYS_ADMIN'}]",0,0
16022.14863,159,1,0,systemd-journal,ip-10-100-1-186,257,openat,4,-2,"[{'name': 'dirfd', 'type': 'int', 'value': -100}, {'name': 'pathname', 'type': 'const char*', 'value': '/run/log/journal/cd4bbb49080545c3aed82cc00b5f152b/system.journal'}, {'name': 'flags', 'type': 'unsigned int', 'value': 'O_RDWR|O_NONBLOCK|O_CLOEXEC'}, {'name': 'mode', 'type': 'int', 'value': 154005284}]",0,0
16022.148698,159,1,0,systemd-journal,ip-10-100-1-186,1003,cap_capable,1,0,"[{'name': 'cap', 'type': 'int', 'value': 'CAP_SYS_ADMIN'}]",0,0
16022.148793,159,1,0,systemd-journal,ip-10-100-1-186,257,openat,4,-2,"[{'name': 'dirfd', 'type': 'int', 'value': -100}, {'name': 'pathname', 'type': 'const char*', 'value': '/run/log/journal/cd4bbb49080545c3aed82cc00b5f152b/system.journal'}, {'name': 'flags', 'type': 'unsigned int', 'value': 'O_RDWR|O_NONBLOCK|O_CLOEXEC'}, {'name': 'mode', 'type': 'int', 'value': 154005284}]",0,0
16022.148855,159,1,0,systemd-journal,ip-10-100-1-186,1003,cap_capable,1,0,"[{'name': 'cap', 'type': 'int', 'value': 'CAP_SYS_ADMIN'}]",0,0
16022.1489,159,1,0,systemd-journal,ip-10-100-1-186,257,openat,4,-2,"[{'name': 'dirfd', 'type': 'int', 'value': -100}, {'name': 'pathname', 'type': 'const char*', 'value': '/run/log/journal/cd4bbb49080545c3aed82cc00b5f152b/system.journal'}, {'name': 'flags', 'type': 'unsigned int', 'value': 'O_RDWR|O_NONBLOCK|O_CLOEXEC'}, {'name': 'mode', 'type': 'int', 'value': 154005284}]",0,0
16022.149008,159,1,0,systemd-journal,ip-10-100-1-186,1003,cap_capable,1,0,"[{'name': 'cap', 'type': 'int', 'value': 'CAP_SYS_ADMIN'}]",0,0
16022.149055,159,1,0,systemd-journal,ip-10-100-1-186,257,openat,4,-2,"[{'name': 'dirfd', 'type': 'int', 'value': -100}, {'name': 'pathname', 'type': 'const char*', 'value': '/run/log/journal/cd4bbb49080545c3aed82cc00b5f152b/system.journal'}, {'name': 'flags', 'type': 'unsigned int', 'value': 'O_RDWR|O_NONBLOCK|O_CLOEXEC'}, {'name': 'mode', 'type': 'int', 'value': 154005284}]",0,0
16022.149114,159,1,0,systemd-journal,ip-10-100-1-186,1003,cap_capable,1,0,"[{'name': 'cap', 'type': 'int', 'value': 'CAP_SYS_ADMIN'}]",0,0
16022.149162,159,1,0,systemd-journal,ip-10-100-1-186,257,openat,4,-2,"[{'name': 'dirfd', 'type': 'int', 'value': -100}, {'name': 'pathname', 'type': 'const char*', 'value': '/run/log/journal/cd4bbb49080545c3aed82cc00b5f152b/system.journal'}, {'name': 'flags', 'type': 'unsigned int', 'value': 'O_RDWR|O_NONBLOCK|O_CLOEXEC'}, {'name': 'mode', 'type': 'int', 'value': 154005284}]",0,0
16022.149229,159,1,0,systemd-journal,ip-10-100-1-186,1003,cap_capable,1,0,"[{'name': 'cap', 'type': 'int', 'value': 'CAP_SYS_ADMIN'}]",0,0
16022.149276,159,1,0,systemd-journal,ip-10-100-1-186,257,openat,4,-2,"[{'name': 'dirfd', 'type': 'int', 'value': -100}, {'name': 'pathname', 'type': 'const char*', 'value': '/run/log/journal/cd4bbb49080545c3aed82cc00b5f152b/system.journal'}, {'name': 'flags', 'type': 'unsigned int', 'value': 'O_RDWR|O_NONBLOCK|O_CLOEXEC'}, {'name': 'mode', 'type': 'int', 'value': 154005284}]",0,0
16022.149334,159,1,0,systemd-journal,ip-10-100-1-186,1003,cap_capable,1,0,"[{'name': 'cap', 'type': 'int', 'value': 'CAP_SYS_ADMIN'}]",0,0
16022.149379,159,1,0,systemd-journal,ip-10-100-1-186,257,openat,4,-2,"[{'name': 'dirfd', 'type': 'int', 'value': -100}, {'name': 'pathname', 'type': 'const char*', 'value': '/run/log/journal/cd4bbb49080545c3aed82cc00b5f152b/system.journal'}, {'name': 'flags', 'type': 'unsigned int', 'value': 'O_RDWR|O_NONBLOCK|O_CLOEXEC'}, {'name': 'mode', 'type': 'int', 'value': 154005284}]",0,0
16022.149437,159,1,0,systemd-journal,ip-10-100-1-186,1003,cap_capable,1,0,"[{'name': 'cap', 'type': 'int', 'value': 'CAP_SYS_ADMIN'}]",0,0
16022.149481,159,1,0,systemd-journal,ip-10-100-1-186,257,openat,4,-2,"[{'name': 'dirfd', 'type': 'int', 'value': -100}, {'name': 'pathname', 'type': 'const char*', 'value': '/run/log/journal/cd4bbb49080545c3aed82cc00b5f152b/system.journal'}, {'name': 'flags', 'type': 'unsigned int', 'value': 'O_RDWR|O_NONBLOCK|O_CLOEXEC'}, {'name': 'mode', 'type': 'int', 'value': 154005284}]",0,0
16022.149543,159,1,0,systemd-journal,ip-10-100-1-186,1003,cap_capable,1,0,"[{'name': 'cap', 'type': 'int', 'value': 'CAP_SYS_ADMIN'}]",0,0
16022.149588,159,1,0,systemd-journal,ip-10-100-1-186,257,openat,4,-2,"[{'name': 'dirfd', 'type': 'int', 'value': -100}, {'name': 'pathname', 'type': 'const char*', 'value': '/run/log/journal/cd4bbb49080545c3aed82cc00b5f152b/system.journal'}, {'name': 'flags', 'type': 'unsigned int', 'value': 'O_RDWR|O_NONBLOCK|O_CLOEXEC'}, {'name': 'mode', 'type': 'int', 'value': 154005284}]",0,0
16022.149646,159,1,0,systemd-journal,ip-10-100-1-186,1003,cap_capable,1,0,"[{'name': 'cap', 'type': 'int', 'value': 'CAP_SYS_ADMIN'}]",0,0
16022.149689,159,1,0,systemd-journal,ip-10-100-1-186,257,openat,4,-2,"[{'name': 'dirfd', 'type': 'int', 'value': -100}, {'name': 'pathname', 'type': 'const char*', 'value': '/run/log/journal/cd4bbb49080545c3aed82cc00b5f152b/system.journal'}, {'name': 'flags', 'type': 'unsigned int', 'value': 'O_RDWR|O_NONBLOCK|O_CLOEXEC'}, {'name': 'mode', 'type': 'int', 'value': 154005284}]",0,0
16022.149747,159,1,0,systemd-journal,ip-10-100-1-186,1003,cap_capable,1,0,"[{'name': 'cap', 'type': 'int', 'value': 'CAP_SYS_ADMIN'}]",0,0
16022.149791,159,1,0,systemd-journal,ip-10-100-1-186,257,openat,4,-2,"[{'name': 'dirfd', 'type': 'int', 'value': -100}, {'name': 'pathname', 'type': 'const char*', 'value': '/run/log/journal/cd4bbb49080545c3aed82cc00b5f152b/system.journal'}, {'name': 'flags', 'type': 'unsigned int', 'value': 'O_RDWR|O_NONBLOCK|O_CLOEXEC'}, {'name': 'mode', 'type': 'int', 'value': 154005284}]",0,0
16022.149849,159,1,0,systemd-journal,ip-10-100-1-186,1003,cap_capable,1,0,"[{'name': 'cap', 'type': 'int', 'value': 'CAP_SYS_ADMIN'}]",0,0
16022.149893,159,1,0,systemd-journal,ip-10-100-1-186,257,openat,4,-2,"[{'name': 'dirfd', 'type': 'int', 'value': -100}, {'name': 'pathname', 'type': 'const char*', 'value': '/run/log/journal/cd4bbb49080545c3aed82cc00b5f152b/system.journal'}, {'name': 'flags', 'type': 'unsigned int', 'value': 'O_RDWR|O_NONBLOCK|O_CLOEXEC'}, {'name': 'mode', 'type': 'int', 'value': 154005284}]",0,0
16022.14995,159,1,0,systemd-journal,ip-10-100-1-186,1003,cap_capable,1,0,"[{'name': 'cap', 'type': 'int', 'value': 'CAP_SYS_ADMIN'}]",0,0
16022.150077,159,1,0,systemd-journal,ip-10-100-1-186,1003,cap_capable,1,0,"[{'name': 'cap', 'type': 'int', 'value': 'CAP_SYS_ADMIN'}]",0,0
16022.150015,159,1,0,systemd-journal,ip-10-100-1-186,257,openat,4,-2,"[{'name': 'dirfd', 'type': 'int', 'value': -100}, {'name': 'pathname', 'type': 'const char*', 'value': '/run/log/journal/cd4bbb49080545c3aed82cc00b5f152b/system.journal'}, {'name': 'flags', 'type': 'unsigned int', 'value': 'O_RDWR|O_NONBLOCK|O_CLOEXEC'}, {'name': 'mode', 'type': 'int', 'value': 154005284}]",0,0
16022.150123,159,1,0,systemd-journal,ip-10-100-1-186,257,openat,4,-2,"[{'name': 'dirfd', 'type': 'int', 'value': -100}, {'name': 'pathname', 'type': 'const char*', 'value': '/run/log/journal/cd4bbb49080545c3aed82cc00b5f152b/system.journal'}, {'name': 'flags', 'type': 'unsigned int', 'value': 'O_RDWR|O_NONBLOCK|O_CLOEXEC'}, {'name': 'mode', 'type': 'int', 'value': 154005284}]",0,0
16022.150185,159,1,0,systemd-journal,ip-10-100-1-186,1003,cap_capable,1,0,"[{'name': 'cap', 'type': 'int', 'value': 'CAP_SYS_ADMIN'}]",0,0
16022.150325,159,1,0,systemd-journal,ip-10-100-1-186,1003,cap_capable,1,0,"[{'name': 'cap', 'type': 'int', 'value': 'CAP_SYS_ADMIN'}]",0,0
16022.150257,159,1,0,systemd-journal,ip-10-100-1-186,257,openat,4,-2,"[{'name': 'dirfd', 'type': 'int', 'value': -100}, {'name': 'pathname', 'type': 'const char*', 'value': '/run/log/journal/cd4bbb49080545c3aed82cc00b5f152b/system.journal'}, {'name': 'flags', 'type': 'unsigned int', 'value': 'O_RDWR|O_NONBLOCK|O_CLOEXEC'}, {'name': 'mode', 'type': 'int', 'value': 154005284}]",0,0
16022.150373,159,1,0,systemd-journal,ip-10-100-1-186,257,openat,4,-2,"[{'name': 'dirfd', 'type': 'int', 'value': -100}, {'name': 'pathname', 'type': 'const char*', 'value': '/run/log/journal/cd4bbb49080545c3aed82cc00b5f152b/system.journal'}, {'name': 'flags', 'type': 'unsigned int', 'value': 'O_RDWR|O_NONBLOCK|O_CLOEXEC'}, {'name': 'mode', 'type': 'int', 'value': 154005284}]",0,0
16022.150444,159,1,0,systemd-journal,ip-10-100-1-186,1003,cap_capable,1,0,"[{'name': 'cap', 'type': 'int', 'value': 'CAP_SYS_ADMIN'}]",0,0
16022.15052,159,1,0,systemd-journal,ip-10-100-1-186,257,openat,4,-2,"[{'name': 'dirfd', 'type': 'int', 'value': -100}, {'name': 'pathname', 'type': 'const char*', 'value': '/run/log/journal/cd4bbb49080545c3aed82cc00b5f152b/system.journal'}, {'name': 'flags', 'type': 'unsigned int', 'value': 'O_RDWR|O_NONBLOCK|O_CLOEXEC'}, {'name': 'mode', 'type': 'int', 'value': 154005284}]",0,0
16022.150583,159,1,0,systemd-journal,ip-10-100-1-186,1003,cap_capable,1,0,"[{'name': 'cap', 'type': 'int', 'value': 'CAP_SYS_ADMIN'}]",0,0
16022.15063,159,1,0,systemd-journal,ip-10-100-1-186,257,openat,4,-2,"[{'name': 'dirfd', 'type': 'int', 'value': -100}, {'name': 'pathname', 'type': 'const char*', 'value': '/run/log/journal/cd4bbb49080545c3aed82cc00b5f152b/system.journal'}, {'name': 'flags', 'type': 'unsigned int', 'value': 'O_RDWR|O_NONBLOCK|O_CLOEXEC'}, {'name': 'mode', 'type': 'int', 'value': 154005284}]",0,0
16022.150759,159,1,0,systemd-journal,ip-10-100-1-186,257,openat,4,-2,"[{'name': 'dirfd', 'type': 'int', 'value': -100}, {'name': 'pathname', 'type': 'const char*', 'value': '/run/log/journal/cd4bbb49080545c3aed82cc00b5f152b/system.journal'}, {'name': 'flags', 'type': 'unsigned int', 'value': 'O_RDWR|O_NONBLOCK|O_CLOEXEC'}, {'name': 'mode', 'type': 'int', 'value': 154005284}]",0,0
16022.150704,159,1,0,systemd-journal,ip-10-100-1-186,1003,cap_capable,1,0,"[{'name': 'cap', 'type': 'int', 'value': 'CAP_SYS_ADMIN'}]",0,0
16022.15087,159,1,0,systemd-journal,ip-10-100-1-186,257,openat,4,-2,"[{'name': 'dirfd', 'type': 'int', 'value': -100}, {'name': 'pathname', 'type': 'const char*', 'value': '/run/log/journal/cd4bbb49080545c3aed82cc00b5f152b/system.journal'}, {'name': 'flags', 'type': 'unsigned int', 'value': 'O_RDWR|O_NONBLOCK|O_CLOEXEC'}, {'name': 'mode', 'type': 'int', 'value': 154005284}]",0,0
16022.150822,159,1,0,systemd-journal,ip-10-100-1-186,1003,cap_capable,1,0,"[{'name': 'cap', 'type': 'int', 'value': 'CAP_SYS_ADMIN'}]",0,0
16022.150934,159,1,0,systemd-journal,ip-10-100-1-186,1003,cap_capable,1,0,"[{'name': 'cap', 'type': 'int', 'value': 'CAP_SYS_ADMIN'}]",0,0
16022.150982,159,1,0,systemd-journal,ip-10-100-1-186,257,openat,4,-2,"[{'name': 'dirfd', 'type': 'int', 'value': -100}, {'name': 'pathname', 'type': 'const char*', 'value': '/run/log/journal/cd4bbb49080545c3aed82cc00b5f152b/system.journal'}, {'name': 'flags', 'type': 'unsigned int', 'value': 'O_RDWR|O_NONBLOCK|O_CLOEXEC'}, {'name': 'mode', 'type': 'int', 'value': 154005284}]",0,0
16022.151055,159,1,0,systemd-journal,ip-10-100-1-186,1003,cap_capable,1,0,"[{'name': 'cap', 'type': 'int', 'value': 'CAP_SYS_ADMIN'}]",0,0
16022.151115,159,1,0,systemd-journal,ip-10-100-1-186,257,openat,4,-2,"[{'name': 'dirfd', 'type': 'int', 'value': -100}, {'name': 'pathname', 'type': 'const char*', 'value': '/run/log/journal/cd4bbb49080545c3aed82cc00b5f152b/system.journal'}, {'name': 'flags', 'type': 'unsigned int', 'value': 'O_RDWR|O_NONBLOCK|O_CLOEXEC'}, {'name': 'mode', 'type': 'int', 'value': 154005284}]",0,0
16022.151184,159,1,0,systemd-journal,ip-10-100-1-186,1003,cap_capable,1,0,"[{'name': 'cap', 'type': 'int', 'value': 'CAP_SYS_ADMIN'}]",0,0
16022.151245,159,1,0,systemd-journal,ip-10-100-1-186,257,openat,4,-2,"[{'name': 'dirfd', 'type': 'int', 'value': -100}, {'name': 'pathname', 'type': 'const char*', 'value': '/run/log/journal/cd4bbb49080545c3aed82cc00b5f152b/system.journal'}, {'name': 'flags', 'type': 'unsigned int', 'value': 'O_RDWR|O_NONBLOCK|O_CLOEXEC'}, {'name': 'mode', 'type': 'int', 'value': 154005284}]",0,0
16022.15131,159,1,0,systemd-journal,ip-10-100-1-186,1003,cap_capable,1,0,"[{'name': 'cap', 'type': 'int', 'value': 'CAP_SYS_ADMIN'}]",0,0
16022.151358,159,1,0,systemd-journal,ip-10-100-1-186,257,openat,4,-2,"[{'name': 'dirfd', 'type': 'int', 'value': -100}, {'name': 'pathname', 'type': 'const char*', 'value': '/run/log/journal/cd4bbb49080545c3aed82cc00b5f152b/system.journal'}, {'name': 'flags', 'type': 'unsigned int', 'value': 'O_RDWR|O_NONBLOCK|O_CLOEXEC'}, {'name': 'mode', 'type': 'int', 'value': 154005284}]",0,0
16022.151495,159,1,0,systemd-journal,ip-10-100-1-186,1003,cap_capable,1,0,"[{'name': 'cap', 'type': 'int', 'value': 'CAP_SYS_ADMIN'}]",0,0
16022.151529,159,1,0,systemd-journal,ip-10-100-1-186,1003,cap_capable,1,0,"[{'name': 'cap', 'type': 'int', 'value': 'CAP_SETUID'}]",0,0
16022.151547,159,1,0,systemd-journal,ip-10-100-1-186,1003,cap_capable,1,0,"[{'name': 'cap', 'type': 'int', 'value': 'CAP_SETGID'}]",0,0
16022.151596,159,1,0,systemd-journal,ip-10-100-1-186,257,openat,4,-2,"[{'name': 'dirfd', 'type': 'int', 'value': -100}, {'name': 'pathname', 'type': 'const char*', 'value': '/run/log/journal/cd4bbb49080545c3aed82cc00b5f152b/system.journal'}, {'name': 'flags', 'type': 'unsigned int', 'value': 'O_RDWR|O_NONBLOCK|O_CLOEXEC'}, {'name': 'mode', 'type': 'int', 'value': 154005284}]",0,0
16022.151738,159,1,0,systemd-journal,ip-10-100-1-186,1003,cap_capable,1,0,"[{'name': 'cap', 'type': 'int', 'value': 'CAP_SYS_ADMIN'}]",0,0
16022.151791,159,1,0,systemd-journal,ip-10-100-1-186,257,openat,4,-2,"[{'name': 'dirfd', 'type': 'int', 'value': -100}, {'name': 'pathname', 'type': 'const char*', 'value': '/run/log/journal/cd4bbb49080545c3aed82cc00b5f152b/system.journal'}, {'name': 'flags', 'type': 'unsigned int', 'value': 'O_RDWR|O_NONBLOCK|O_CLOEXEC'}, {'name': 'mode', 'type': 'int', 'value': 154005284}]",0,0
16022.151857,159,1,0,systemd-journal,ip-10-100-1-186,1003,cap_capable,1,0,"[{'name': 'cap', 'type': 'int', 'value': 'CAP_SYS_ADMIN'}]",0,0
16022.151909,159,1,0,systemd-journal,ip-10-100-1-186,257,openat,4,-2,"[{'name': 'dirfd', 'type': 'int', 'value': -100}, {'name': 'pathname', 'type': 'const char*', 'value': '/run/log/journal/cd4bbb49080545c3aed82cc00b5f152b/system.journal'}, {'name': 'flags', 'type': 'unsigned int', 'value': 'O_RDWR|O_NONBLOCK|O_CLOEXEC'}, {'name': 'mode', 'type': 'int', 'value': 154005284}]",0,0
16022.15198,159,1,0,systemd-journal,ip-10-100-1-186,1003,cap_capable,1,0,"[{'name': 'cap', 'type': 'int', 'value': 'CAP_SYS_ADMIN'}]",0,0
16022.152031,159,1,0,systemd-journal,ip-10-100-1-186,257,openat,4,-2,"[{'name': 'dirfd', 'type': 'int', 'value': -100}, {'name': 'pathname', 'type': 'const char*', 'value': '/run/log/journal/cd4bbb49080545c3aed82cc00b5f152b/system.journal'}, {'name': 'flags', 'type': 'unsigned int', 'value': 'O_RDWR|O_NONBLOCK|O_CLOEXEC'}, {'name': 'mode', 'type': 'int', 'value': 154005284}]",0,0
16022.152095,159,1,0,systemd-journal,ip-10-100-1-186,1003,cap_capable,1,0,"[{'name': 'cap', 'type': 'int', 'value': 'CAP_SYS_ADMIN'}]",0,0
16022.152144,159,1,0,systemd-journal,ip-10-100-1-186,257,openat,4,-2,"[{'name': 'dirfd', 'type': 'int', 'value': -100}, {'name': 'pathname', 'type': 'const char*', 'value': '/run/log/journal/cd4bbb49080545c3aed82cc00b5f152b/system.journal'}, {'name': 'flags', 'type': 'unsigned int', 'value': 'O_RDWR|O_NONBLOCK|O_CLOEXEC'}, {'name': 'mode', 'type': 'int', 'value': 154005284}]",0,0
16022.152208,159,1,0,systemd-journal,ip-10-100-1-186,1003,cap_capable,1,0,"[{'name': 'cap', 'type': 'int', 'value': 'CAP_SYS_ADMIN'}]",0,0
16022.152257,159,1,0,systemd-journal,ip-10-100-1-186,257,openat,4,-2,"[{'name': 'dirfd', 'type': 'int', 'value': -100}, {'name': 'pathname', 'type': 'const char*', 'value': '/run/log/journal/cd4bbb49080545c3aed82cc00b5f152b/system.journal'}, {'name': 'flags', 'type': 'unsigned int', 'value': 'O_RDWR|O_NONBLOCK|O_CLOEXEC'}, {'name': 'mode', 'type': 'int', 'value': 154005284}]",0,0
16022.152345,159,1,0,systemd-journal,ip-10-100-1-186,1003,cap_capable,1,0,"[{'name': 'cap', 'type': 'int', 'value': 'CAP_SYS_ADMIN'}]",0,0
16022.152405,159,1,0,systemd-journal,ip-10-100-1-186,257,openat,4,-2,"[{'name': 'dirfd', 'type': 'int', 'value': -100}, {'name': 'pathname', 'type': 'const char*', 'value': '/run/log/journal/cd4bbb49080545c3aed82cc00b5f152b/system.journal'}, {'name': 'flags', 'type': 'unsigned int', 'value': 'O_RDWR|O_NONBLOCK|O_CLOEXEC'}, {'name': 'mode', 'type': 'int', 'value': 154005284}]",0,0
16022.152478,159,1,0,systemd-journal,ip-10-100-1-186,1003,cap_capable,1,0,"[{'name': 'cap', 'type': 'int', 'value': 'CAP_SYS_ADMIN'}]",0,0
16022.152522,159,1,0,systemd-journal,ip-10-100-1-186,257,openat,4,-2,"[{'name': 'dirfd', 'type': 'int', 'value': -100}, {'name': 'pathname', 'type': 'const char*', 'value': '/run/log/journal/cd4bbb49080545c3aed82cc00b5f152b/system.journal'}, {'name': 'flags', 'type': 'unsigned int', 'value': 'O_RDWR|O_NONBLOCK|O_CLOEXEC'}, {'name': 'mode', 'type': 'int', 'value': 154005284}]",0,0
16022.15258,159,1,0,systemd-journal,ip-10-100-1-186,1003,cap_capable,1,0,"[{'name': 'cap', 'type': 'int', 'value': 'CAP_SYS_ADMIN'}]",0,0
16022.152624,159,1,0,systemd-journal,ip-10-100-1-186,257,openat,4,-2,"[{'name': 'dirfd', 'type': 'int', 'value': -100}, {'name': 'pathname', 'type': 'const char*', 'value': '/run/log/journal/cd4bbb49080545c3aed82cc00b5f152b/system.journal'}, {'name': 'flags', 'type': 'unsigned int', 'value': 'O_RDWR|O_NONBLOCK|O_CLOEXEC'}, {'name': 'mode', 'type': 'int', 'value': 154005284}]",0,0
16022.152682,159,1,0,systemd-journal,ip-10-100-1-186,1003,cap_capable,1,0,"[{'name': 'cap', 'type': 'int', 'value': 'CAP_SYS_ADMIN'}]",0,0
16022.172806,159,1,0,systemd-journal,ip-10-100-1-186,257,openat,4,-2,"[{'name': 'dirfd', 'type': 'int', 'value': -100}, {'name': 'pathname', 'type': 'const char*', 'value': '/run/log/journal/cd4bbb49080545c3aed82cc00b5f152b/system.journal'}, {'name': 'flags', 'type': 'unsigned int', 'value': 'O_RDWR|O_NONBLOCK|O_CLOEXEC'}, {'name': 'mode', 'type': 'int', 'value': 154005284}]",0,0
16022.172932,159,1,0,systemd-journal,ip-10-100-1-186,1003,cap_capable,1,0,"[{'name': 'cap', 'type': 'int', 'value': 'CAP_SYS_ADMIN'}]",0,0
16022.172997,159,1,0,systemd-journal,ip-10-100-1-186,257,openat,4,-2,"[{'name': 'dirfd', 'type': 'int', 'value': -100}, {'name': 'pathname', 'type': 'const char*', 'value': '/run/log/journal/cd4bbb49080545c3aed82cc00b5f152b/system.journal'}, {'name': 'flags', 'type': 'unsigned int', 'value': 'O_RDWR|O_NONBLOCK|O_CLOEXEC'}, {'name': 'mode', 'type': 'int', 'value': 154005284}]",0,0
16022.173133,159,1,0,systemd-journal,ip-10-100-1-186,257,openat,4,-2,"[{'name': 'dirfd', 'type': 'int', 'value': -100}, {'name': 'pathname', 'type': 'const char*', 'value': '/run/log/journal/cd4bbb49080545c3aed82cc00b5f152b/system.journal'}, {'name': 'flags', 'type': 'unsigned int', 'value': 'O_RDWR|O_NONBLOCK|O_CLOEXEC'}, {'name': 'mode', 'type': 'int', 'value': 154005284}]",0,0
16022.173081,159,1,0,systemd-journal,ip-10-100-1-186,1003,cap_capable,1,0,"[{'name': 'cap', 'type': 'int', 'value': 'CAP_SYS_ADMIN'}]",0,0
16022.173198,159,1,0,systemd-journal,ip-10-100-1-186,1003,cap_capable,1,0,"[{'name': 'cap', 'type': 'int', 'value': 'CAP_SYS_ADMIN'}]",0,0
16022.173247,159,1,0,systemd-journal,ip-10-100-1-186,257,openat,4,-2,"[{'name': 'dirfd', 'type': 'int', 'value': -100}, {'name': 'pathname', 'type': 'const char*', 'value': '/run/log/journal/cd4bbb49080545c3aed82cc00b5f152b/system.journal'}, {'name': 'flags', 'type': 'unsigned int', 'value': 'O_RDWR|O_NONBLOCK|O_CLOEXEC'}, {'name': 'mode', 'type': 'int', 'value': 154005284}]",0,0
16022.173311,159,1,0,systemd-journal,ip-10-100-1-186,1003,cap_capable,1,0,"[{'name': 'cap', 'type': 'int', 'value': 'CAP_SYS_ADMIN'}]",0,0
16022.173359,159,1,0,systemd-journal,ip-10-100-1-186,257,openat,4,-2,"[{'name': 'dirfd', 'type': 'int', 'value': -100}, {'name': 'pathname', 'type': 'const char*', 'value': '/run/log/journal/cd4bbb49080545c3aed82cc00b5f152b/system.journal'}, {'name': 'flags', 'type': 'unsigned int', 'value': 'O_RDWR|O_NONBLOCK|O_CLOEXEC'}, {'name': 'mode', 'type': 'int', 'value': 154005284}]",0,0
16022.173423,159,1,0,systemd-journal,ip-10-100-1-186,1003,cap_capable,1,0,"[{'name': 'cap', 'type': 'int', 'value': 'CAP_SYS_ADMIN'}]",0,0
16022.173472,159,1,0,systemd-journal,ip-10-100-1-186,257,openat,4,-2,"[{'name': 'dirfd', 'type': 'int', 'value': -100}, {'name': 'pathname', 'type': 'const char*', 'value': '/run/log/journal/cd4bbb49080545c3aed82cc00b5f152b/system.journal'}, {'name': 'flags', 'type': 'unsigned int', 'value': 'O_RDWR|O_NONBLOCK|O_CLOEXEC'}, {'name': 'mode', 'type': 'int', 'value': 154005284}]",0,0
16022.173535,159,1,0,systemd-journal,ip-10-100-1-186,1003,cap_capable,1,0,"[{'name': 'cap', 'type': 'int', 'value': 'CAP_SYS_ADMIN'}]",0,0
16022.173583,159,1,0,systemd-journal,ip-10-100-1-186,257,openat,4,-2,"[{'name': 'dirfd', 'type': 'int', 'value': -100}, {'name': 'pathname', 'type': 'const char*', 'value': '/run/log/journal/cd4bbb49080545c3aed82cc00b5f152b/system.journal'}, {'name': 'flags', 'type': 'unsigned int', 'value': 'O_RDWR|O_NONBLOCK|O_CLOEXEC'}, {'name': 'mode', 'type': 'int', 'value': 154005284}]",0,0
16022.173653,159,1,0,systemd-journal,ip-10-100-1-186,1003,cap_capable,1,0,"[{'name': 'cap', 'type': 'int', 'value': 'CAP_SYS_ADMIN'}]",0,0
16022.173703,159,1,0,systemd-journal,ip-10-100-1-186,257,openat,4,-2,"[{'name': 'dirfd', 'type': 'int', 'value': -100}, {'name': 'pathname', 'type': 'const char*', 'value': '/run/log/journal/cd4bbb49080545c3aed82cc00b5f152b/system.journal'}, {'name': 'flags', 'type': 'unsigned int', 'value': 'O_RDWR|O_NONBLOCK|O_CLOEXEC'}, {'name': 'mode', 'type': 'int', 'value': 154005284}]",0,0
16022.173768,159,1,0,systemd-journal,ip-10-100-1-186,1003,cap_capable,1,0,"[{'name': 'cap', 'type': 'int', 'value': 'CAP_SYS_ADMIN'}]",0,0
16022.174009,159,1,0,systemd-journal,ip-10-100-1-186,1003,cap_capable,1,0,"[{'name': 'cap', 'type': 'int', 'value': 'CAP_SYS_ADMIN'}]",0,0
16022.174125,159,1,0,systemd-journal,ip-10-100-1-186,1003,cap_capable,1,0,"[{'name': 'cap', 'type': 'int', 'value': 'CAP_SYS_ADMIN'}]",0,0
16022.174174,159,1,0,systemd-journal,ip-10-100-1-186,257,openat,4,-2,"[{'name': 'dirfd', 'type': 'int', 'value': -100}, {'name': 'pathname', 'type': 'const char*', 'value': '/run/log/journal/cd4bbb49080545c3aed82cc00b5f152b/system.journal'}, {'name': 'flags', 'type': 'unsigned int', 'value': 'O_RDWR|O_NONBLOCK|O_CLOEXEC'}, {'name': 'mode', 'type': 'int', 'value': 154005284}]",0,0
16022.173817,159,1,0,systemd-journal,ip-10-100-1-186,257,openat,4,-2,"[{'name': 'dirfd', 'type': 'int', 'value': -100}, {'name': 'pathname', 'type': 'const char*', 'value': '/run/log/journal/cd4bbb49080545c3aed82cc00b5f152b/system.journal'}, {'name': 'flags', 'type': 'unsigned int', 'value': 'O_RDWR|O_NONBLOCK|O_CLOEXEC'}, {'name': 'mode', 'type': 'int', 'value': 154005284}]",0,0
16022.17388,159,1,0,systemd-journal,ip-10-100-1-186,1003,cap_capable,1,0,"[{'name': 'cap', 'type': 'int', 'value': 'CAP_SYS_ADMIN'}]",0,0
16022.174463,159,1,0,systemd-journal,ip-10-100-1-186,1003,cap_capable,1,0,"[{'name': 'cap', 'type': 'int', 'value': 'CAP_SETGID'}]",0,0
16022.174244,159,1,0,systemd-journal,ip-10-100-1-186,1003,cap_capable,1,0,"[{'name': 'cap', 'type': 'int', 'value': 'CAP_SYS_ADMIN'}]",0,0
16022.174652,159,1,0,systemd-journal,ip-10-100-1-186,1003,cap_capable,1,0,"[{'name': 'cap', 'type': 'int', 'value': 'CAP_SYS_ADMIN'}]",0,0
16022.174706,159,1,0,systemd-journal,ip-10-100-1-186,257,openat,4,-2,"[{'name': 'dirfd', 'type': 'int', 'value': -100}, {'name': 'pathname', 'type': 'const char*', 'value': '/run/log/journal/cd4bbb49080545c3aed82cc00b5f152b/system.journal'}, {'name': 'flags', 'type': 'unsigned int', 'value': 'O_RDWR|O_NONBLOCK|O_CLOEXEC'}, {'name': 'mode', 'type': 'int', 'value': 154005284}]",0,0
16022.174421,159,1,0,systemd-journal,ip-10-100-1-186,1003,cap_capable,1,0,"[{'name': 'cap', 'type': 'int', 'value': 'CAP_SYS_ADMIN'}]",0,0
16022.174444,159,1,0,systemd-journal,ip-10-100-1-186,1003,cap_capable,1,0,"[{'name': 'cap', 'type': 'int', 'value': 'CAP_SETUID'}]",0,0
16022.174955,159,1,0,systemd-journal,ip-10-100-1-186,1003,cap_capable,1,0,"[{'name': 'cap', 'type': 'int', 'value': 'CAP_SYS_ADMIN'}]",0,0
16022.174515,159,1,0,systemd-journal,ip-10-100-1-186,257,openat,4,-2,"[{'name': 'dirfd', 'type': 'int', 'value': -100}, {'name': 'pathname', 'type': 'const char*', 'value': '/run/log/journal/cd4bbb49080545c3aed82cc00b5f152b/system.journal'}, {'name': 'flags', 'type': 'unsigned int', 'value': 'O_RDWR|O_NONBLOCK|O_CLOEXEC'}, {'name': 'mode', 'type': 'int', 'value': 154005284}]",0,0
16022.175117,159,1,0,systemd-journal,ip-10-100-1-186,257,openat,4,-2,"[{'name': 'dirfd', 'type': 'int', 'value': -100}, {'name': 'pathname', 'type': 'const char*', 'value': '/run/log/journal/cd4bbb49080545c3aed82cc00b5f152b/system.journal'}, {'name': 'flags', 'type': 'unsigned int', 'value': 'O_RDWR|O_NONBLOCK|O_CLOEXEC'}, {'name': 'mode', 'type': 'int', 'value': 154005284}]",0,0
16022.173943,159,1,0,systemd-journal,ip-10-100-1-186,257,openat,4,-2,"[{'name': 'dirfd', 'type': 'int', 'value': -100}, {'name': 'pathname', 'type': 'const char*', 'value': '/run/log/journal/cd4bbb49080545c3aed82cc00b5f152b/system.journal'}, {'name': 'flags', 'type': 'unsigned int', 'value': 'O_RDWR|O_NONBLOCK|O_CLOEXEC'}, {'name': 'mode', 'type': 'int', 'value': 154005284}]",0,0
16022.174837,159,1,0,systemd-journal,ip-10-100-1-186,1003,cap_capable,1,0,"[{'name': 'cap', 'type': 'int', 'value': 'CAP_SYS_ADMIN'}]",0,0
16022.174889,159,1,0,systemd-journal,ip-10-100-1-186,257,openat,4,-2,"[{'name': 'dirfd', 'type': 'int', 'value': -100}, {'name': 'pathname', 'type': 'const char*', 'value': '/run/log/journal/cd4bbb49080545c3aed82cc00b5f152b/system.journal'}, {'name': 'flags', 'type': 'unsigned int', 'value': 'O_RDWR|O_NONBLOCK|O_CLOEXEC'}, {'name': 'mode', 'type': 'int', 'value': 154005284}]",0,0
16022.174058,159,1,0,systemd-journal,ip-10-100-1-186,257,openat,4,-2,"[{'name': 'dirfd', 'type': 'int', 'value': -100}, {'name': 'pathname', 'type': 'const char*', 'value': '/run/log/journal/cd4bbb49080545c3aed82cc00b5f152b/system.journal'}, {'name': 'flags', 'type': 'unsigned int', 'value': 'O_RDWR|O_NONBLOCK|O_CLOEXEC'}, {'name': 'mode', 'type': 'int', 'value': 154005284}]",0,0
16022.175004,159,1,0,systemd-journal,ip-10-100-1-186,257,openat,4,-2,"[{'name': 'dirfd', 'type': 'int', 'value': -100}, {'name': 'pathname', 'type': 'const char*', 'value': '/run/log/journal/cd4bbb49080545c3aed82cc00b5f152b/system.journal'}, {'name': 'flags', 'type': 'unsigned int', 'value': 'O_RDWR|O_NONBLOCK|O_CLOEXEC'}, {'name': 'mode', 'type': 'int', 'value': 154005284}]",0,0
16022.175068,159,1,0,systemd-journal,ip-10-100-1-186,1003,cap_capable,1,0,"[{'name': 'cap', 'type': 'int', 'value': 'CAP_SYS_ADMIN'}]",0,0
16022.175456,159,1,0,systemd-journal,ip-10-100-1-186,257,openat,4,-2,"[{'name': 'dirfd', 'type': 'int', 'value': -100}, {'name': 'pathname', 'type': 'const char*', 'value': '/run/log/journal/cd4bbb49080545c3aed82cc00b5f152b/system.journal'}, {'name': 'flags', 'type': 'unsigned int', 'value': 'O_RDWR|O_NONBLOCK|O_CLOEXEC'}, {'name': 'mode', 'type': 'int', 'value': 154005284}]",0,0
16022.174294,159,1,0,systemd-journal,ip-10-100-1-186,257,openat,4,-2,"[{'name': 'dirfd', 'type': 'int', 'value': -100}, {'name': 'pathname', 'type': 'const char*', 'value': '/run/log/journal/cd4bbb49080545c3aed82cc00b5f152b/system.journal'}, {'name': 'flags', 'type': 'unsigned int', 'value': 'O_RDWR|O_NONBLOCK|O_CLOEXEC'}, {'name': 'mode', 'type': 'int', 'value': 154005284}]",0,0
16022.17518,159,1,0,systemd-journal,ip-10-100-1-186,1003,cap_capable,1,0,"[{'name': 'cap', 'type': 'int', 'value': 'CAP_SYS_ADMIN'}]",0,0
16022.175229,159,1,0,systemd-journal,ip-10-100-1-186,257,openat,4,-2,"[{'name': 'dirfd', 'type': 'int', 'value': -100}, {'name': 'pathname', 'type': 'const char*', 'value': '/run/log/journal/cd4bbb49080545c3aed82cc00b5f152b/system.journal'}, {'name': 'flags', 'type': 'unsigned int', 'value': 'O_RDWR|O_NONBLOCK|O_CLOEXEC'}, {'name': 'mode', 'type': 'int', 'value': 154005284}]",0,0
16022.175292,159,1,0,systemd-journal,ip-10-100-1-186,1003,cap_capable,1,0,"[{'name': 'cap', 'type': 'int', 'value': 'CAP_SYS_ADMIN'}]",0,0
16022.175341,159,1,0,systemd-journal,ip-10-100-1-186,257,openat,4,-2,"[{'name': 'dirfd', 'type': 'int', 'value': -100}, {'name': 'pathname', 'type': 'const char*', 'value': '/run/log/journal/cd4bbb49080545c3aed82cc00b5f152b/system.journal'}, {'name': 'flags', 'type': 'unsigned int', 'value': 'O_RDWR|O_NONBLOCK|O_CLOEXEC'}, {'name': 'mode', 'type': 'int', 'value': 154005284}]",0,0
16022.175404,159,1,0,systemd-journal,ip-10-100-1-186,1003,cap_capable,1,0,"[{'name': 'cap', 'type': 'int', 'value': 'CAP_SYS_ADMIN'}]",0,0
16022.175526,159,1,0,systemd-journal,ip-10-100-1-186,1003,cap_capable,1,0,"[{'name': 'cap', 'type': 'int', 'value': 'CAP_SYS_ADMIN'}]",0,0
16022.175576,159,1,0,systemd-journal,ip-10-100-1-186,257,openat,4,-2,"[{'name': 'dirfd', 'type': 'int', 'value': -100}, {'name': 'pathname', 'type': 'const char*', 'value': '/run/log/journal/cd4bbb49080545c3aed82cc00b5f152b/system.journal'}, {'name': 'flags', 'type': 'unsigned int', 'value': 'O_RDWR|O_NONBLOCK|O_CLOEXEC'}, {'name': 'mode', 'type': 'int', 'value': 154005284}]",0,0
16022.175862,159,1,0,systemd-journal,ip-10-100-1-186,1003,cap_capable,1,0,"[{'name': 'cap', 'type': 'int', 'value': 'CAP_SYS_ADMIN'}]",0,0
16022.175688,159,1,0,systemd-journal,ip-10-100-1-186,257,openat,4,-2,"[{'name': 'dirfd', 'type': 'int', 'value': -100}, {'name': 'pathname', 'type': 'const char*', 'value': '/run/log/journal/cd4bbb49080545c3aed82cc00b5f152b/system.journal'}, {'name': 'flags', 'type': 'unsigned int', 'value': 'O_RDWR|O_NONBLOCK|O_CLOEXEC'}, {'name': 'mode', 'type': 'int', 'value': 154005284}]",0,0
16022.175751,159,1,0,systemd-journal,ip-10-100-1-186,1003,cap_capable,1,0,"[{'name': 'cap', 'type': 'int', 'value': 'CAP_SYS_ADMIN'}]",0,0
16022.175911,159,1,0,systemd-journal,ip-10-100-1-186,257,openat,4,-2,"[{'name': 'dirfd', 'type': 'int', 'value': -100}, {'name': 'pathname', 'type': 'const char*', 'value': '/run/log/journal/cd4bbb49080545c3aed82cc00b5f152b/system.journal'}, {'name': 'flags', 'type': 'unsigned int', 'value': 'O_RDWR|O_NONBLOCK|O_CLOEXEC'}, {'name': 'mode', 'type': 'int', 'value': 154005284}]",0,0
16022.175799,159,1,0,systemd-journal,ip-10-100-1-186,257,openat,4,-2,"[{'name': 'dirfd', 'type': 'int', 'value': -100}, {'name': 'pathname', 'type': 'const char*', 'value': '/run/log/journal/cd4bbb49080545c3aed82cc00b5f152b/system.journal'}, {'name': 'flags', 'type': 'unsigned int', 'value': 'O_RDWR|O_NONBLOCK|O_CLOEXEC'}, {'name': 'mode', 'type': 'int', 'value': 154005284}]",0,0
16022.176308,159,1,0,systemd-journal,ip-10-100-1-186,1003,cap_capable,1,0,"[{'name': 'cap', 'type': 'int', 'value': 'CAP_SYS_ADMIN'}]",0,0
16022.176357,159,1,0,systemd-journal,ip-10-100-1-186,257,openat,4,-2,"[{'name': 'dirfd', 'type': 'int', 'value': -100}, {'name': 'pathname', 'type': 'const char*', 'value': '/run/log/journal/cd4bbb49080545c3aed82cc00b5f152b/system.journal'}, {'name': 'flags', 'type': 'unsigned int', 'value': 'O_RDWR|O_NONBLOCK|O_CLOEXEC'}, {'name': 'mode', 'type': 'int', 'value': 154005284}]",0,0
16022.17564,159,1,0,systemd-journal,ip-10-100-1-186,1003,cap_capable,1,0,"[{'name': 'cap', 'type': 'int', 'value': 'CAP_SYS_ADMIN'}]",0,0
16022.176085,159,1,0,systemd-journal,ip-10-100-1-186,1003,cap_capable,1,0,"[{'name': 'cap', 'type': 'int', 'value': 'CAP_SYS_ADMIN'}]",0,0
16022.176134,159,1,0,systemd-journal,ip-10-100-1-186,257,openat,4,-2,"[{'name': 'dirfd', 'type': 'int', 'value': -100}, {'name': 'pathname', 'type': 'const char*', 'value': '/run/log/journal/cd4bbb49080545c3aed82cc00b5f152b/system.journal'}, {'name': 'flags', 'type': 'unsigned int', 'value': 'O_RDWR|O_NONBLOCK|O_CLOEXEC'}, {'name': 'mode', 'type': 'int', 'value': 154005284}]",0,0
16022.176197,159,1,0,systemd-journal,ip-10-100-1-186,1003,cap_capable,1,0,"[{'name': 'cap', 'type': 'int', 'value': 'CAP_SYS_ADMIN'}]",0,0
16022.176246,159,1,0,systemd-journal,ip-10-100-1-186,257,openat,4,-2,"[{'name': 'dirfd', 'type': 'int', 'value': -100}, {'name': 'pathname', 'type': 'const char*', 'value': '/run/log/journal/cd4bbb49080545c3aed82cc00b5f152b/system.journal'}, {'name': 'flags', 'type': 'unsigned int', 'value': 'O_RDWR|O_NONBLOCK|O_CLOEXEC'}, {'name': 'mode', 'type': 'int', 'value': 154005284}]",0,0
16022.175974,159,1,0,systemd-journal,ip-10-100-1-186,1003,cap_capable,1,0,"[{'name': 'cap', 'type': 'int', 'value': 'CAP_SYS_ADMIN'}]",0,0
16022.176022,159,1,0,systemd-journal,ip-10-100-1-186,257,openat,4,-2,"[{'name': 'dirfd', 'type': 'int', 'value': -100}, {'name': 'pathname', 'type': 'const char*', 'value': '/run/log/journal/cd4bbb49080545c3aed82cc00b5f152b/system.journal'}, {'name': 'flags', 'type': 'unsigned int', 'value': 'O_RDWR|O_NONBLOCK|O_CLOEXEC'}, {'name': 'mode', 'type': 'int', 'value': 154005284}]",0,0
16022.17642,159,1,0,systemd-journal,ip-10-100-1-186,1003,cap_capable,1,0,"[{'name': 'cap', 'type': 'int', 'value': 'CAP_SYS_ADMIN'}]",0,0
16022.176469,159,1,0,systemd-journal,ip-10-100-1-186,257,openat,4,-2,"[{'name': 'dirfd', 'type': 'int', 'value': -100}, {'name': 'pathname', 'type': 'const char*', 'value': '/run/log/journal/cd4bbb49080545c3aed82cc00b5f152b/system.journal'}, {'name': 'flags', 'type': 'unsigned int', 'value': 'O_RDWR|O_NONBLOCK|O_CLOEXEC'}, {'name': 'mode', 'type': 'int', 'value': 154005284}]",0,0
16022.176532,159,1,0,systemd-journal,ip-10-100-1-186,1003,cap_capable,1,0,"[{'name': 'cap', 'type': 'int', 'value': 'CAP_SYS_ADMIN'}]",0,0
16022.176581,159,1,0,systemd-journal,ip-10-100-1-186,257,openat,4,-2,"[{'name': 'dirfd', 'type': 'int', 'value': -100}, {'name': 'pathname', 'type': 'const char*', 'value': '/run/log/journal/cd4bbb49080545c3aed82cc00b5f152b/system.journal'}, {'name': 'flags', 'type': 'unsigned int', 'value': 'O_RDWR|O_NONBLOCK|O_CLOEXEC'}, {'name': 'mode', 'type': 'int', 'value': 154005284}]",0,0
16022.17665,159,1,0,systemd-journal,ip-10-100-1-186,1003,cap_capable,1,0,"[{'name': 'cap', 'type': 'int', 'value': 'CAP_SYS_ADMIN'}]",0,0
16022.1767,159,1,0,systemd-journal,ip-10-100-1-186,257,openat,4,-2,"[{'name': 'dirfd', 'type': 'int', 'value': -100}, {'name': 'pathname', 'type': 'const char*', 'value': '/run/log/journal/cd4bbb49080545c3aed82cc00b5f152b/system.journal'}, {'name': 'flags', 'type': 'unsigned int', 'value': 'O_RDWR|O_NONBLOCK|O_CLOEXEC'}, {'name': 'mode', 'type': 'int', 'value': 154005284}]",0,0
16022.181695,506,1,104,rs:main Q:Reg,ip-10-100-1-186,62,kill,2,0,"[{'name': 'pid', 'type': 'pid_t', 'value': 506}, {'name': 'sig', 'type': 'int', 'value': 22}]",0,0
16022.181866,506,1,104,rs:main Q:Reg,ip-10-100-1-186,62,kill,2,0,"[{'name': 'pid', 'type': 'pid_t', 'value': 506}, {'name': 'sig', 'type': 'int', 'value': 22}]",0,0
16022.181995,506,1,104,rs:main Q:Reg,ip-10-100-1-186,1003,cap_capable,1,0,"[{'name': 'cap', 'type': 'int', 'value': 'CAP_SYS_RESOURCE'}]",0,0
16022.182027,506,1,104,rs:main Q:Reg,ip-10-100-1-186,1003,cap_capable,1,0,"[{'name': 'cap', 'type': 'int', 'value': 'CAP_SYS_RESOURCE'}]",0,0
16022.19706,159,1,0,systemd-journal,ip-10-100-1-186,1003,cap_capable,1,0,"[{'name': 'cap', 'type': 'int', 'value': 'CAP_SYS_ADMIN'}]",0,0
16022.197158,159,1,0,systemd-journal,ip-10-100-1-186,257,openat,4,-2,"[{'name': 'dirfd', 'type': 'int', 'value': -100}, {'name': 'pathname', 'type': 'const char*', 'value': '/run/log/journal/cd4bbb49080545c3aed82cc00b5f152b/system.journal'}, {'name': 'flags', 'type': 'unsigned int', 'value': 'O_RDWR|O_NONBLOCK|O_CLOEXEC'}, {'name': 'mode', 'type': 'int', 'value': 154005284}]",0,0
16022.197234,159,1,0,systemd-journal,ip-10-100-1-186,1003,cap_capable,1,0,"[{'name': 'cap', 'type': 'int', 'value': 'CAP_SYS_ADMIN'}]",0,0
16022.197286,159,1,0,systemd-journal,ip-10-100-1-186,257,openat,4,-2,"[{'name': 'dirfd', 'type': 'int', 'value': -100}, {'name': 'pathname', 'type': 'const char*', 'value': '/run/log/journal/cd4bbb49080545c3aed82cc00b5f152b/system.journal'}, {'name': 'flags', 'type': 'unsigned int', 'value': 'O_RDWR|O_NONBLOCK|O_CLOEXEC'}, {'name': 'mode', 'type': 'int', 'value': 154005284}]",0,0
16022.197816,159,1,0,systemd-journal,ip-10-100-1-186,257,openat,4,-2,"[{'name': 'dirfd', 'type': 'int', 'value': -100}, {'name': 'pathname', 'type': 'const char*', 'value': '/run/log/journal/cd4bbb49080545c3aed82cc00b5f152b/system.journal'}, {'name': 'flags', 'type': 'unsigned int', 'value': 'O_RDWR|O_NONBLOCK|O_CLOEXEC'}, {'name': 'mode', 'type': 'int', 'value': 154005284}]",0,0
16022.197403,159,1,0,systemd-journal,ip-10-100-1-186,257,openat,4,-2,"[{'name': 'dirfd', 'type': 'int', 'value': -100}, {'name': 'pathname', 'type': 'const char*', 'value': '/run/log/journal/cd4bbb49080545c3aed82cc00b5f152b/system.journal'}, {'name': 'flags', 'type': 'unsigned int', 'value': 'O_RDWR|O_NONBLOCK|O_CLOEXEC'}, {'name': 'mode', 'type': 'int', 'value': 154005284}]",0,0
16022.197467,159,1,0,systemd-journal,ip-10-100-1-186,1003,cap_capable,1,0,"[{'name': 'cap', 'type': 'int', 'value': 'CAP_SYS_ADMIN'}]",0,0
16022.197517,159,1,0,systemd-journal,ip-10-100-1-186,257,openat,4,-2,"[{'name': 'dirfd', 'type': 'int', 'value': -100}, {'name': 'pathname', 'type': 'const char*', 'value': '/run/log/journal/cd4bbb49080545c3aed82cc00b5f152b/system.journal'}, {'name': 'flags', 'type': 'unsigned int', 'value': 'O_RDWR|O_NONBLOCK|O_CLOEXEC'}, {'name': 'mode', 'type': 'int', 'value': 154005284}]",0,0
16022.197647,159,1,0,systemd-journal,ip-10-100-1-186,1003,cap_capable,1,0,"[{'name': 'cap', 'type': 'int', 'value': 'CAP_SYS_ADMIN'}]",0,0
16022.1977,159,1,0,systemd-journal,ip-10-100-1-186,257,openat,4,-2,"[{'name': 'dirfd', 'type': 'int', 'value': -100}, {'name': 'pathname', 'type': 'const char*', 'value': '/run/log/journal/cd4bbb49080545c3aed82cc00b5f152b/system.journal'}, {'name': 'flags', 'type': 'unsigned int', 'value': 'O_RDWR|O_NONBLOCK|O_CLOEXEC'}, {'name': 'mode', 'type': 'int', 'value': 154005284}]",0,0
16022.197766,159,1,0,systemd-journal,ip-10-100-1-186,1003,cap_capable,1,0,"[{'name': 'cap', 'type': 'int', 'value': 'CAP_SYS_ADMIN'}]",0,0
16022.198223,159,1,0,systemd-journal,ip-10-100-1-186,1003,cap_capable,1,0,"[{'name': 'cap', 'type': 'int', 'value': 'CAP_SYS_ADMIN'}]",0,0
16022.19788,159,1,0,systemd-journal,ip-10-100-1-186,1003,cap_capable,1,0,"[{'name': 'cap', 'type': 'int', 'value': 'CAP_SYS_ADMIN'}]",0,0
16022.197932,159,1,0,systemd-journal,ip-10-100-1-186,257,openat,4,-2,"[{'name': 'dirfd', 'type': 'int', 'value': -100}, {'name': 'pathname', 'type': 'const char*', 'value': '/run/log/journal/cd4bbb49080545c3aed82cc00b5f152b/system.journal'}, {'name': 'flags', 'type': 'unsigned int', 'value': 'O_RDWR|O_NONBLOCK|O_CLOEXEC'}, {'name': 'mode', 'type': 'int', 'value': 154005284}]",0,0
16022.197997,159,1,0,systemd-journal,ip-10-100-1-186,1003,cap_capable,1,0,"[{'name': 'cap', 'type': 'int', 'value': 'CAP_SYS_ADMIN'}]",0,0
16022.198046,159,1,0,systemd-journal,ip-10-100-1-186,257,openat,4,-2,"[{'name': 'dirfd', 'type': 'int', 'value': -100}, {'name': 'pathname', 'type': 'const char*', 'value': '/run/log/journal/cd4bbb49080545c3aed82cc00b5f152b/system.journal'}, {'name': 'flags', 'type': 'unsigned int', 'value': 'O_RDWR|O_NONBLOCK|O_CLOEXEC'}, {'name': 'mode', 'type': 'int', 'value': 154005284}]",0,0
16022.19811,159,1,0,systemd-journal,ip-10-100-1-186,1003,cap_capable,1,0,"[{'name': 'cap', 'type': 'int', 'value': 'CAP_SYS_ADMIN'}]",0,0
16022.198159,159,1,0,systemd-journal,ip-10-100-1-186,257,openat,4,-2,"[{'name': 'dirfd', 'type': 'int', 'value': -100}, {'name': 'pathname', 'type': 'const char*', 'value': '/run/log/journal/cd4bbb49080545c3aed82cc00b5f152b/system.journal'}, {'name': 'flags', 'type': 'unsigned int', 'value': 'O_RDWR|O_NONBLOCK|O_CLOEXEC'}, {'name': 'mode', 'type': 'int', 'value': 154005284}]",0,0
16022.197352,159,1,0,systemd-journal,ip-10-100-1-186,1003,cap_capable,1,0,"[{'name': 'cap', 'type': 'int', 'value': 'CAP_SYS_ADMIN'}]",0,0
16022.198271,159,1,0,systemd-journal,ip-10-100-1-186,257,openat,4,-2,"[{'name': 'dirfd', 'type': 'int', 'value': -100}, {'name': 'pathname', 'type': 'const char*', 'value': '/run/log/journal/cd4bbb49080545c3aed82cc00b5f152b/system.journal'}, {'name': 'flags', 'type': 'unsigned int', 'value': 'O_RDWR|O_NONBLOCK|O_CLOEXEC'}, {'name': 'mode', 'type': 'int', 'value': 154005284}]",0,0
16022.198355,159,1,0,systemd-journal,ip-10-100-1-186,1003,cap_capable,1,0,"[{'name': 'cap', 'type': 'int', 'value': 'CAP_SYS_ADMIN'}]",0,0
16022.198407,159,1,0,systemd-journal,ip-10-100-1-186,257,openat,4,-2,"[{'name': 'dirfd', 'type': 'int', 'value': -100}, {'name': 'pathname', 'type': 'const char*', 'value': '/run/log/journal/cd4bbb49080545c3aed82cc00b5f152b/system.journal'}, {'name': 'flags', 'type': 'unsigned int', 'value': 'O_RDWR|O_NONBLOCK|O_CLOEXEC'}, {'name': 'mode', 'type': 'int', 'value': 154005284}]",0,0
16022.198472,159,1,0,systemd-journal,ip-10-100-1-186,1003,cap_capable,1,0,"[{'name': 'cap', 'type': 'int', 'value': 'CAP_SYS_ADMIN'}]",0,0
16022.19852,159,1,0,systemd-journal,ip-10-100-1-186,257,openat,4,-2,"[{'name': 'dirfd', 'type': 'int', 'value': -100}, {'name': 'pathname', 'type': 'const char*', 'value': '/run/log/journal/cd4bbb49080545c3aed82cc00b5f152b/system.journal'}, {'name': 'flags', 'type': 'unsigned int', 'value': 'O_RDWR|O_NONBLOCK|O_CLOEXEC'}, {'name': 'mode', 'type': 'int', 'value': 154005284}]",0,0
16022.198584,159,1,0,systemd-journal,ip-10-100-1-186,1003,cap_capable,1,0,"[{'name': 'cap', 'type': 'int', 'value': 'CAP_SYS_ADMIN'}]",0,0
16022.198633,159,1,0,systemd-journal,ip-10-100-1-186,257,openat,4,-2,"[{'name': 'dirfd', 'type': 'int', 'value': -100}, {'name': 'pathname', 'type': 'const char*', 'value': '/run/log/journal/cd4bbb49080545c3aed82cc00b5f152b/system.journal'}, {'name': 'flags', 'type': 'unsigned int', 'value': 'O_RDWR|O_NONBLOCK|O_CLOEXEC'}, {'name': 'mode', 'type': 'int', 'value': 154005284}]",0,0
16022.199097,159,1,0,systemd-journal,ip-10-100-1-186,257,openat,4,-2,"[{'name': 'dirfd', 'type': 'int', 'value': -100}, {'name': 'pathname', 'type': 'const char*', 'value': '/run/log/journal/cd4bbb49080545c3aed82cc00b5f152b/system.journal'}, {'name': 'flags', 'type': 'unsigned int', 'value': 'O_RDWR|O_NONBLOCK|O_CLOEXEC'}, {'name': 'mode', 'type': 'int', 'value': 154005284}]",0,0
16022.199161,159,1,0,systemd-journal,ip-10-100-1-186,1003,cap_capable,1,0,"[{'name': 'cap', 'type': 'int', 'value': 'CAP_SYS_ADMIN'}]",0,0
16022.19881,159,1,0,systemd-journal,ip-10-100-1-186,1003,cap_capable,1,0,"[{'name': 'cap', 'type': 'int', 'value': 'CAP_SYS_ADMIN'}]",0,0
16022.198858,159,1,0,systemd-journal,ip-10-100-1-186,257,openat,4,-2,"[{'name': 'dirfd', 'type': 'int', 'value': -100}, {'name': 'pathname', 'type': 'const char*', 'value': '/run/log/journal/cd4bbb49080545c3aed82cc00b5f152b/system.journal'}, {'name': 'flags', 'type': 'unsigned int', 'value': 'O_RDWR|O_NONBLOCK|O_CLOEXEC'}, {'name': 'mode', 'type': 'int', 'value': 154005284}]",0,0
16022.198929,159,1,0,systemd-journal,ip-10-100-1-186,1003,cap_capable,1,0,"[{'name': 'cap', 'type': 'int', 'value': 'CAP_SYS_ADMIN'}]",0,0
16022.19898,159,1,0,systemd-journal,ip-10-100-1-186,257,openat,4,-2,"[{'name': 'dirfd', 'type': 'int', 'value': -100}, {'name': 'pathname', 'type': 'const char*', 'value': '/run/log/journal/cd4bbb49080545c3aed82cc00b5f152b/system.journal'}, {'name': 'flags', 'type': 'unsigned int', 'value': 'O_RDWR|O_NONBLOCK|O_CLOEXEC'}, {'name': 'mode', 'type': 'int', 'value': 154005284}]",0,0
16022.199044,159,1,0,systemd-journal,ip-10-100-1-186,1003,cap_capable,1,0,"[{'name': 'cap', 'type': 'int', 'value': 'CAP_SYS_ADMIN'}]",0,0
16022.198697,159,1,0,systemd-journal,ip-10-100-1-186,1003,cap_capable,1,0,"[{'name': 'cap', 'type': 'int', 'value': 'CAP_SYS_ADMIN'}]",0,0
16022.198746,159,1,0,systemd-journal,ip-10-100-1-186,257,openat,4,-2,"[{'name': 'dirfd', 'type': 'int', 'value': -100}, {'name': 'pathname', 'type': 'const char*', 'value': '/run/log/journal/cd4bbb49080545c3aed82cc00b5f152b/system.journal'}, {'name': 'flags', 'type': 'unsigned int', 'value': 'O_RDWR|O_NONBLOCK|O_CLOEXEC'}, {'name': 'mode', 'type': 'int', 'value': 154005284}]",0,0
16022.19921,159,1,0,systemd-journal,ip-10-100-1-186,257,openat,4,-2,"[{'name': 'dirfd', 'type': 'int', 'value': -100}, {'name': 'pathname', 'type': 'const char*', 'value': '/run/log/journal/cd4bbb49080545c3aed82cc00b5f152b/system.journal'}, {'name': 'flags', 'type': 'unsigned int', 'value': 'O_RDWR|O_NONBLOCK|O_CLOEXEC'}, {'name': 'mode', 'type': 'int', 'value': 154005284}]",0,0
16022.199274,159,1,0,systemd-journal,ip-10-100-1-186,1003,cap_capable,1,0,"[{'name': 'cap', 'type': 'int', 'value': 'CAP_SYS_ADMIN'}]",0,0
16022.199674,159,1,0,systemd-journal,ip-10-100-1-186,257,openat,4,-2,"[{'name': 'dirfd', 'type': 'int', 'value': -100}, {'name': 'pathname', 'type': 'const char*', 'value': '/run/log/journal/cd4bbb49080545c3aed82cc00b5f152b/system.journal'}, {'name': 'flags', 'type': 'unsigned int', 'value': 'O_RDWR|O_NONBLOCK|O_CLOEXEC'}, {'name': 'mode', 'type': 'int', 'value': 154005284}]",0,0
16022.19939,159,1,0,systemd-journal,ip-10-100-1-186,1003,cap_capable,1,0,"[{'name': 'cap', 'type': 'int', 'value': 'CAP_SYS_ADMIN'}]",0,0
16022.199439,159,1,0,systemd-journal,ip-10-100-1-186,257,openat,4,-2,"[{'name': 'dirfd', 'type': 'int', 'value': -100}, {'name': 'pathname', 'type': 'const char*', 'value': '/run/log/journal/cd4bbb49080545c3aed82cc00b5f152b/system.journal'}, {'name': 'flags', 'type': 'unsigned int', 'value': 'O_RDWR|O_NONBLOCK|O_CLOEXEC'}, {'name': 'mode', 'type': 'int', 'value': 154005284}]",0,0
16022.199509,159,1,0,systemd-journal,ip-10-100-1-186,1003,cap_capable,1,0,"[{'name': 'cap', 'type': 'int', 'value': 'CAP_SYS_ADMIN'}]",0,0
16022.217012,159,1,0,systemd-journal,ip-10-100-1-186,1003,cap_capable,1,0,"[{'name': 'cap', 'type': 'int', 'value': 'CAP_SYS_ADMIN'}]",0,0
16022.199625,159,1,0,systemd-journal,ip-10-100-1-186,1003,cap_capable,1,0,"[{'name': 'cap', 'type': 'int', 'value': 'CAP_SYS_ADMIN'}]",0,0
16022.199326,159,1,0,systemd-journal,ip-10-100-1-186,257,openat,4,-2,"[{'name': 'dirfd', 'type': 'int', 'value': -100}, {'name': 'pathname', 'type': 'const char*', 'value': '/run/log/journal/cd4bbb49080545c3aed82cc00b5f152b/system.journal'}, {'name': 'flags', 'type': 'unsigned int', 'value': 'O_RDWR|O_NONBLOCK|O_CLOEXEC'}, {'name': 'mode', 'type': 'int', 'value': 154005284}]",0,0
16022.199737,159,1,0,systemd-journal,ip-10-100-1-186,1003,cap_capable,1,0,"[{'name': 'cap', 'type': 'int', 'value': 'CAP_SYS_ADMIN'}]",0,0
16022.217224,159,1,0,systemd-journal,ip-10-100-1-186,1003,cap_capable,1,0,"[{'name': 'cap', 'type': 'int', 'value': 'CAP_SETUID'}]",0,0
16022.199786,159,1,0,systemd-journal,ip-10-100-1-186,257,openat,4,-2,"[{'name': 'dirfd', 'type': 'int', 'value': -100}, {'name': 'pathname', 'type': 'const char*', 'value': '/run/log/journal/cd4bbb49080545c3aed82cc00b5f152b/system.journal'}, {'name': 'flags', 'type': 'unsigned int', 'value': 'O_RDWR|O_NONBLOCK|O_CLOEXEC'}, {'name': 'mode', 'type': 'int', 'value': 154005284}]",0,0
16022.216885,159,1,0,systemd-journal,ip-10-100-1-186,257,openat,4,-2,"[{'name': 'dirfd', 'type': 'int', 'value': -100}, {'name': 'pathname', 'type': 'const char*', 'value': '/run/log/journal/cd4bbb49080545c3aed82cc00b5f152b/system.journal'}, {'name': 'flags', 'type': 'unsigned int', 'value': 'O_RDWR|O_NONBLOCK|O_CLOEXEC'}, {'name': 'mode', 'type': 'int', 'value': 154005284}]",0,0
16022.19956,159,1,0,systemd-journal,ip-10-100-1-186,257,openat,4,-2,"[{'name': 'dirfd', 'type': 'int', 'value': -100}, {'name': 'pathname', 'type': 'const char*', 'value': '/run/log/journal/cd4bbb49080545c3aed82cc00b5f152b/system.journal'}, {'name': 'flags', 'type': 'unsigned int', 'value': 'O_RDWR|O_NONBLOCK|O_CLOEXEC'}, {'name': 'mode', 'type': 'int', 'value': 154005284}]",0,0
16022.217072,159,1,0,systemd-journal,ip-10-100-1-186,257,openat,4,-2,"[{'name': 'dirfd', 'type': 'int', 'value': -100}, {'name': 'pathname', 'type': 'const char*', 'value': '/run/log/journal/cd4bbb49080545c3aed82cc00b5f152b/system.journal'}, {'name': 'flags', 'type': 'unsigned int', 'value': 'O_RDWR|O_NONBLOCK|O_CLOEXEC'}, {'name': 'mode', 'type': 'int', 'value': 154005284}]",0,0
16022.2172,159,1,0,systemd-journal,ip-10-100-1-186,1003,cap_capable,1,0,"[{'name': 'cap', 'type': 'int', 'value': 'CAP_SYS_ADMIN'}]",0,0
16022.217242,159,1,0,systemd-journal,ip-10-100-1-186,1003,cap_capable,1,0,"[{'name': 'cap', 'type': 'int', 'value': 'CAP_SETGID'}]",0,0
16022.19985,159,1,0,systemd-journal,ip-10-100-1-186,1003,cap_capable,1,0,"[{'name': 'cap', 'type': 'int', 'value': 'CAP_SYS_ADMIN'}]",0,0
16022.217516,159,1,0,systemd-journal,ip-10-100-1-186,257,openat,4,-2,"[{'name': 'dirfd', 'type': 'int', 'value': -100}, {'name': 'pathname', 'type': 'const char*', 'value': '/run/log/journal/cd4bbb49080545c3aed82cc00b5f152b/system.journal'}, {'name': 'flags', 'type': 'unsigned int', 'value': 'O_RDWR|O_NONBLOCK|O_CLOEXEC'}, {'name': 'mode', 'type': 'int', 'value': 154005284}]",0,0
16022.217299,159,1,0,systemd-journal,ip-10-100-1-186,257,openat,4,-2,"[{'name': 'dirfd', 'type': 'int', 'value': -100}, {'name': 'pathname', 'type': 'const char*', 'value': '/run/log/journal/cd4bbb49080545c3aed82cc00b5f152b/system.journal'}, {'name': 'flags', 'type': 'unsigned int', 'value': 'O_RDWR|O_NONBLOCK|O_CLOEXEC'}, {'name': 'mode', 'type': 'int', 'value': 154005284}]",0,0
16022.217644,159,1,0,systemd-journal,ip-10-100-1-186,1003,cap_capable,1,0,"[{'name': 'cap', 'type': 'int', 'value': 'CAP_SYS_ADMIN'}]",0,0
16022.217764,159,1,0,systemd-journal,ip-10-100-1-186,1003,cap_capable,1,0,"[{'name': 'cap', 'type': 'int', 'value': 'CAP_SYS_ADMIN'}]",0,0
16022.21746,159,1,0,systemd-journal,ip-10-100-1-186,1003,cap_capable,1,0,"[{'name': 'cap', 'type': 'int', 'value': 'CAP_SYS_ADMIN'}]",0,0
16022.218166,159,1,0,systemd-journal,ip-10-100-1-186,257,openat,4,-2,"[{'name': 'dirfd', 'type': 'int', 'value': -100}, {'name': 'pathname', 'type': 'const char*', 'value': '/run/log/journal/cd4bbb49080545c3aed82cc00b5f152b/system.journal'}, {'name': 'flags', 'type': 'unsigned int', 'value': 'O_RDWR|O_NONBLOCK|O_CLOEXEC'}, {'name': 'mode', 'type': 'int', 'value': 154005284}]",0,0
16022.217888,159,1,0,systemd-journal,ip-10-100-1-186,1003,cap_capable,1,0,"[{'name': 'cap', 'type': 'int', 'value': 'CAP_SYS_ADMIN'}]",0,0
16022.217697,159,1,0,systemd-journal,ip-10-100-1-186,257,openat,4,-2,"[{'name': 'dirfd', 'type': 'int', 'value': -100}, {'name': 'pathname', 'type': 'const char*', 'value': '/run/log/journal/cd4bbb49080545c3aed82cc00b5f152b/system.journal'}, {'name': 'flags', 'type': 'unsigned int', 'value': 'O_RDWR|O_NONBLOCK|O_CLOEXEC'}, {'name': 'mode', 'type': 'int', 'value': 154005284}]",0,0
16022.217939,159,1,0,systemd-journal,ip-10-100-1-186,257,openat,4,-2,"[{'name': 'dirfd', 'type': 'int', 'value': -100}, {'name': 'pathname', 'type': 'const char*', 'value': '/run/log/journal/cd4bbb49080545c3aed82cc00b5f152b/system.journal'}, {'name': 'flags', 'type': 'unsigned int', 'value': 'O_RDWR|O_NONBLOCK|O_CLOEXEC'}, {'name': 'mode', 'type': 'int', 'value': 154005284}]",0,0
16022.218004,159,1,0,systemd-journal,ip-10-100-1-186,1003,cap_capable,1,0,"[{'name': 'cap', 'type': 'int', 'value': 'CAP_SYS_ADMIN'}]",0,0
16022.218053,159,1,0,systemd-journal,ip-10-100-1-186,257,openat,4,-2,"[{'name': 'dirfd', 'type': 'int', 'value': -100}, {'name': 'pathname', 'type': 'const char*', 'value': '/run/log/journal/cd4bbb49080545c3aed82cc00b5f152b/system.journal'}, {'name': 'flags', 'type': 'unsigned int', 'value': 'O_RDWR|O_NONBLOCK|O_CLOEXEC'}, {'name': 'mode', 'type': 'int', 'value': 154005284}]",0,0
16022.218117,159,1,0,systemd-journal,ip-10-100-1-186,1003,cap_capable,1,0,"[{'name': 'cap', 'type': 'int', 'value': 'CAP_SYS_ADMIN'}]",0,0
16022.218572,159,1,0,systemd-journal,ip-10-100-1-186,1003,cap_capable,1,0,"[{'name': 'cap', 'type': 'int', 'value': 'CAP_SYS_ADMIN'}]",0,0
16022.218231,159,1,0,systemd-journal,ip-10-100-1-186,1003,cap_capable,1,0,"[{'name': 'cap', 'type': 'int', 'value': 'CAP_SYS_ADMIN'}]",0,0
16022.218281,159,1,0,systemd-journal,ip-10-100-1-186,257,openat,4,-2,"[{'name': 'dirfd', 'type': 'int', 'value': -100}, {'name': 'pathname', 'type': 'const char*', 'value': '/run/log/journal/cd4bbb49080545c3aed82cc00b5f152b/system.journal'}, {'name': 'flags', 'type': 'unsigned int', 'value': 'O_RDWR|O_NONBLOCK|O_CLOEXEC'}, {'name': 'mode', 'type': 'int', 'value': 154005284}]",0,0
16022.218345,159,1,0,systemd-journal,ip-10-100-1-186,1003,cap_capable,1,0,"[{'name': 'cap', 'type': 'int', 'value': 'CAP_SYS_ADMIN'}]",0,0
16022.218394,159,1,0,systemd-journal,ip-10-100-1-186,257,openat,4,-2,"[{'name': 'dirfd', 'type': 'int', 'value': -100}, {'name': 'pathname', 'type': 'const char*', 'value': '/run/log/journal/cd4bbb49080545c3aed82cc00b5f152b/system.journal'}, {'name': 'flags', 'type': 'unsigned int', 'value': 'O_RDWR|O_NONBLOCK|O_CLOEXEC'}, {'name': 'mode', 'type': 'int', 'value': 154005284}]",0,0
16022.218459,159,1,0,systemd-journal,ip-10-100-1-186,1003,cap_capable,1,0,"[{'name': 'cap', 'type': 'int', 'value': 'CAP_SYS_ADMIN'}]",0,0
16022.218508,159,1,0,systemd-journal,ip-10-100-1-186,257,openat,4,-2,"[{'name': 'dirfd', 'type': 'int', 'value': -100}, {'name': 'pathname', 'type': 'const char*', 'value': '/run/log/journal/cd4bbb49080545c3aed82cc00b5f152b/system.journal'}, {'name': 'flags', 'type': 'unsigned int', 'value': 'O_RDWR|O_NONBLOCK|O_CLOEXEC'}, {'name': 'mode', 'type': 'int', 'value': 154005284}]",0,0
16022.218972,159,1,0,systemd-journal,ip-10-100-1-186,257,openat,4,-2,"[{'name': 'dirfd', 'type': 'int', 'value': -100}, {'name': 'pathname', 'type': 'const char*', 'value': '/run/log/journal/cd4bbb49080545c3aed82cc00b5f152b/system.journal'}, {'name': 'flags', 'type': 'unsigned int', 'value': 'O_RDWR|O_NONBLOCK|O_CLOEXEC'}, {'name': 'mode', 'type': 'int', 'value': 154005284}]",0,0
16022.219045,159,1,0,systemd-journal,ip-10-100-1-186,1003,cap_capable,1,0,"[{'name': 'cap', 'type': 'int', 'value': 'CAP_SYS_ADMIN'}]",0,0
16022.218689,159,1,0,systemd-journal,ip-10-100-1-186,1003,cap_capable,1,0,"[{'name': 'cap', 'type': 'int', 'value': 'CAP_SYS_ADMIN'}]",0,0
16022.218738,159,1,0,systemd-journal,ip-10-100-1-186,257,openat,4,-2,"[{'name': 'dirfd', 'type': 'int', 'value': -100}, {'name': 'pathname', 'type': 'const char*', 'value': '/run/log/journal/cd4bbb49080545c3aed82cc00b5f152b/system.journal'}, {'name': 'flags', 'type': 'unsigned int', 'value': 'O_RDWR|O_NONBLOCK|O_CLOEXEC'}, {'name': 'mode', 'type': 'int', 'value': 154005284}]",0,0
16022.218808,159,1,0,systemd-journal,ip-10-100-1-186,1003,cap_capable,1,0,"[{'name': 'cap', 'type': 'int', 'value': 'CAP_SYS_ADMIN'}]",0,0
16022.218859,159,1,0,systemd-journal,ip-10-100-1-186,257,openat,4,-2,"[{'name': 'dirfd', 'type': 'int', 'value': -100}, {'name': 'pathname', 'type': 'const char*', 'value': '/run/log/journal/cd4bbb49080545c3aed82cc00b5f152b/system.journal'}, {'name': 'flags', 'type': 'unsigned int', 'value': 'O_RDWR|O_NONBLOCK|O_CLOEXEC'}, {'name': 'mode', 'type': 'int', 'value': 154005284}]",0,0
16022.21916,159,1,0,systemd-journal,ip-10-100-1-186,1003,cap_capable,1,0,"[{'name': 'cap', 'type': 'int', 'value': 'CAP_SYS_ADMIN'}]",0,0
16022.217813,159,1,0,systemd-journal,ip-10-100-1-186,257,openat,4,-2,"[{'name': 'dirfd', 'type': 'int', 'value': -100}, {'name': 'pathname', 'type': 'const char*', 'value': '/run/log/journal/cd4bbb49080545c3aed82cc00b5f152b/system.journal'}, {'name': 'flags', 'type': 'unsigned int', 'value': 'O_RDWR|O_NONBLOCK|O_CLOEXEC'}, {'name': 'mode', 'type': 'int', 'value': 154005284}]",0,0
16022.218621,159,1,0,systemd-journal,ip-10-100-1-186,257,openat,4,-2,"[{'name': 'dirfd', 'type': 'int', 'value': -100}, {'name': 'pathname', 'type': 'const char*', 'value': '/run/log/journal/cd4bbb49080545c3aed82cc00b5f152b/system.journal'}, {'name': 'flags', 'type': 'unsigned int', 'value': 'O_RDWR|O_NONBLOCK|O_CLOEXEC'}, {'name': 'mode', 'type': 'int', 'value': 154005284}]",0,0
16022.219095,159,1,0,systemd-journal,ip-10-100-1-186,257,openat,4,-2,"[{'name': 'dirfd', 'type': 'int', 'value': -100}, {'name': 'pathname', 'type': 'const char*', 'value': '/run/log/journal/cd4bbb49080545c3aed82cc00b5f152b/system.journal'}, {'name': 'flags', 'type': 'unsigned int', 'value': 'O_RDWR|O_NONBLOCK|O_CLOEXEC'}, {'name': 'mode', 'type': 'int', 'value': 154005284}]",0,0
16022.21921,159,1,0,systemd-journal,ip-10-100-1-186,257,openat,4,-2,"[{'name': 'dirfd', 'type': 'int', 'value': -100}, {'name': 'pathname', 'type': 'const char*', 'value': '/run/log/journal/cd4bbb49080545c3aed82cc00b5f152b/system.journal'}, {'name': 'flags', 'type': 'unsigned int', 'value': 'O_RDWR|O_NONBLOCK|O_CLOEXEC'}, {'name': 'mode', 'type': 'int', 'value': 154005284}]",0,0
16022.219274,159,1,0,systemd-journal,ip-10-100-1-186,1003,cap_capable,1,0,"[{'name': 'cap', 'type': 'int', 'value': 'CAP_SYS_ADMIN'}]",0,0
16022.218923,159,1,0,systemd-journal,ip-10-100-1-186,1003,cap_capable,1,0,"[{'name': 'cap', 'type': 'int', 'value': 'CAP_SYS_ADMIN'}]",0,0
16022.219323,159,1,0,systemd-journal,ip-10-100-1-186,257,openat,4,-2,"[{'name': 'dirfd', 'type': 'int', 'value': -100}, {'name': 'pathname', 'type': 'const char*', 'value': '/run/log/journal/cd4bbb49080545c3aed82cc00b5f152b/system.journal'}, {'name': 'flags', 'type': 'unsigned int', 'value': 'O_RDWR|O_NONBLOCK|O_CLOEXEC'}, {'name': 'mode', 'type': 'int', 'value': 154005284}]",0,0
16022.219391,159,1,0,systemd-journal,ip-10-100-1-186,1003,cap_capable,1,0,"[{'name': 'cap', 'type': 'int', 'value': 'CAP_SYS_ADMIN'}]",0,0
16022.219515,159,1,0,systemd-journal,ip-10-100-1-186,1003,cap_capable,1,0,"[{'name': 'cap', 'type': 'int', 'value': 'CAP_SYS_ADMIN'}]",0,0
16022.219624,159,1,0,systemd-journal,ip-10-100-1-186,1003,cap_capable,1,0,"[{'name': 'cap', 'type': 'int', 'value': 'CAP_SYS_ADMIN'}]",0,0
16022.219671,159,1,0,systemd-journal,ip-10-100-1-186,257,openat,4,-2,"[{'name': 'dirfd', 'type': 'int', 'value': -100}, {'name': 'pathname', 'type': 'const char*', 'value': '/run/log/journal/cd4bbb49080545c3aed82cc00b5f152b/system.journal'}, {'name': 'flags', 'type': 'unsigned int', 'value': 'O_RDWR|O_NONBLOCK|O_CLOEXEC'}, {'name': 'mode', 'type': 'int', 'value': 154005284}]",0,0
16022.219733,159,1,0,systemd-journal,ip-10-100-1-186,1003,cap_capable,1,0,"[{'name': 'cap', 'type': 'int', 'value': 'CAP_SYS_ADMIN'}]",0,0
16022.219452,159,1,0,systemd-journal,ip-10-100-1-186,257,openat,4,-2,"[{'name': 'dirfd', 'type': 'int', 'value': -100}, {'name': 'pathname', 'type': 'const char*', 'value': '/run/log/journal/cd4bbb49080545c3aed82cc00b5f152b/system.journal'}, {'name': 'flags', 'type': 'unsigned int', 'value': 'O_RDWR|O_NONBLOCK|O_CLOEXEC'}, {'name': 'mode', 'type': 'int', 'value': 154005284}]",0,0
16022.21978,159,1,0,systemd-journal,ip-10-100-1-186,257,openat,4,-2,"[{'name': 'dirfd', 'type': 'int', 'value': -100}, {'name': 'pathname', 'type': 'const char*', 'value': '/run/log/journal/cd4bbb49080545c3aed82cc00b5f152b/system.journal'}, {'name': 'flags', 'type': 'unsigned int', 'value': 'O_RDWR|O_NONBLOCK|O_CLOEXEC'}, {'name': 'mode', 'type': 'int', 'value': 154005284}]",0,0
16022.219562,159,1,0,systemd-journal,ip-10-100-1-186,257,openat,4,-2,"[{'name': 'dirfd', 'type': 'int', 'value': -100}, {'name': 'pathname', 'type': 'const char*', 'value': '/run/log/journal/cd4bbb49080545c3aed82cc00b5f152b/system.journal'}, {'name': 'flags', 'type': 'unsigned int', 'value': 'O_RDWR|O_NONBLOCK|O_CLOEXEC'}, {'name': 'mode', 'type': 'int', 'value': 154005284}]",0,0
16022.219888,159,1,0,systemd-journal,ip-10-100-1-186,257,openat,4,-2,"[{'name': 'dirfd', 'type': 'int', 'value': -100}, {'name': 'pathname', 'type': 'const char*', 'value': '/run/log/journal/cd4bbb49080545c3aed82cc00b5f152b/system.journal'}, {'name': 'flags', 'type': 'unsigned int', 'value': 'O_RDWR|O_NONBLOCK|O_CLOEXEC'}, {'name': 'mode', 'type': 'int', 'value': 154005284}]",0,0
16022.219842,159,1,0,systemd-journal,ip-10-100-1-186,1003,cap_capable,1,0,"[{'name': 'cap', 'type': 'int', 'value': 'CAP_SYS_ADMIN'}]",0,0
16022.21995,159,1,0,systemd-journal,ip-10-100-1-186,1003,cap_capable,1,0,"[{'name': 'cap', 'type': 'int', 'value': 'CAP_SYS_ADMIN'}]",0,0
16022.22001,159,1,0,systemd-journal,ip-10-100-1-186,257,openat,4,-2,"[{'name': 'dirfd', 'type': 'int', 'value': -100}, {'name': 'pathname', 'type': 'const char*', 'value': '/run/log/journal/cd4bbb49080545c3aed82cc00b5f152b/system.journal'}, {'name': 'flags', 'type': 'unsigned int', 'value': 'O_RDWR|O_NONBLOCK|O_CLOEXEC'}, {'name': 'mode', 'type': 'int', 'value': 154005284}]",0,0
16022.220124,159,1,0,systemd-journal,ip-10-100-1-186,1003,cap_capable,1,0,"[{'name': 'cap', 'type': 'int', 'value': 'CAP_SYS_ADMIN'}]",0,0
16022.220146,159,1,0,systemd-journal,ip-10-100-1-186,1003,cap_capable,1,0,"[{'name': 'cap', 'type': 'int', 'value': 'CAP_SETUID'}]",0,0
16022.220165,159,1,0,systemd-journal,ip-10-100-1-186,1003,cap_capable,1,0,"[{'name': 'cap', 'type': 'int', 'value': 'CAP_SETGID'}]",0,0
16022.220214,159,1,0,systemd-journal,ip-10-100-1-186,257,openat,4,-2,"[{'name': 'dirfd', 'type': 'int', 'value': -100}, {'name': 'pathname', 'type': 'const char*', 'value': '/run/log/journal/cd4bbb49080545c3aed82cc00b5f152b/system.journal'}, {'name': 'flags', 'type': 'unsigned int', 'value': 'O_RDWR|O_NONBLOCK|O_CLOEXEC'}, {'name': 'mode', 'type': 'int', 'value': 154005284}]",0,0
16022.220346,159,1,0,systemd-journal,ip-10-100-1-186,1003,cap_capable,1,0,"[{'name': 'cap', 'type': 'int', 'value': 'CAP_SYS_ADMIN'}]",0,0
16022.220399,159,1,0,systemd-journal,ip-10-100-1-186,257,openat,4,-2,"[{'name': 'dirfd', 'type': 'int', 'value': -100}, {'name': 'pathname', 'type': 'const char*', 'value': '/run/log/journal/cd4bbb49080545c3aed82cc00b5f152b/system.journal'}, {'name': 'flags', 'type': 'unsigned int', 'value': 'O_RDWR|O_NONBLOCK|O_CLOEXEC'}, {'name': 'mode', 'type': 'int', 'value': 154005284}]",0,0
16022.220472,159,1,0,systemd-journal,ip-10-100-1-186,1003,cap_capable,1,0,"[{'name': 'cap', 'type': 'int', 'value': 'CAP_SYS_ADMIN'}]",0,0
16022.220522,159,1,0,systemd-journal,ip-10-100-1-186,257,openat,4,-2,"[{'name': 'dirfd', 'type': 'int', 'value': -100}, {'name': 'pathname', 'type': 'const char*', 'value': '/run/log/journal/cd4bbb49080545c3aed82cc00b5f152b/system.journal'}, {'name': 'flags', 'type': 'unsigned int', 'value': 'O_RDWR|O_NONBLOCK|O_CLOEXEC'}, {'name': 'mode', 'type': 'int', 'value': 154005284}]",0,0
16022.220635,159,1,0,systemd-journal,ip-10-100-1-186,257,openat,4,-2,"[{'name': 'dirfd', 'type': 'int', 'value': -100}, {'name': 'pathname', 'type': 'const char*', 'value': '/run/log/journal/cd4bbb49080545c3aed82cc00b5f152b/system.journal'}, {'name': 'flags', 'type': 'unsigned int', 'value': 'O_RDWR|O_NONBLOCK|O_CLOEXEC'}, {'name': 'mode', 'type': 'int', 'value': 154005284}]",0,0
16022.220587,159,1,0,systemd-journal,ip-10-100-1-186,1003,cap_capable,1,0,"[{'name': 'cap', 'type': 'int', 'value': 'CAP_SYS_ADMIN'}]",0,0
16022.220699,159,1,0,systemd-journal,ip-10-100-1-186,1003,cap_capable,1,0,"[{'name': 'cap', 'type': 'int', 'value': 'CAP_SYS_ADMIN'}]",0,0
16022.224794,159,1,0,systemd-journal,ip-10-100-1-186,257,openat,4,-2,"[{'name': 'dirfd', 'type': 'int', 'value': -100}, {'name': 'pathname', 'type': 'const char*', 'value': '/run/log/journal/cd4bbb49080545c3aed82cc00b5f152b/system.journal'}, {'name': 'flags', 'type': 'unsigned int', 'value': 'O_RDWR|O_NONBLOCK|O_CLOEXEC'}, {'name': 'mode', 'type': 'int', 'value': 154005284}]",0,0
16022.225002,159,1,0,systemd-journal,ip-10-100-1-186,1003,cap_capable,1,0,"[{'name': 'cap', 'type': 'int', 'value': 'CAP_SYS_ADMIN'}]",0,0
16022.224886,159,1,0,systemd-journal,ip-10-100-1-186,1003,cap_capable,1,0,"[{'name': 'cap', 'type': 'int', 'value': 'CAP_SYS_ADMIN'}]",0,0
16022.225126,159,1,0,systemd-journal,ip-10-100-1-186,1003,cap_capable,1,0,"[{'name': 'cap', 'type': 'int', 'value': 'CAP_SYS_ADMIN'}]",0,0
16022.225175,159,1,0,systemd-journal,ip-10-100-1-186,257,openat,4,-2,"[{'name': 'dirfd', 'type': 'int', 'value': -100}, {'name': 'pathname', 'type': 'const char*', 'value': '/run/log/journal/cd4bbb49080545c3aed82cc00b5f152b/system.journal'}, {'name': 'flags', 'type': 'unsigned int', 'value': 'O_RDWR|O_NONBLOCK|O_CLOEXEC'}, {'name': 'mode', 'type': 'int', 'value': 154005284}]",0,0
16022.225239,159,1,0,systemd-journal,ip-10-100-1-186,1003,cap_capable,1,0,"[{'name': 'cap', 'type': 'int', 'value': 'CAP_SYS_ADMIN'}]",0,0
16022.22505,159,1,0,systemd-journal,ip-10-100-1-186,257,openat,4,-2,"[{'name': 'dirfd', 'type': 'int', 'value': -100}, {'name': 'pathname', 'type': 'const char*', 'value': '/run/log/journal/cd4bbb49080545c3aed82cc00b5f152b/system.journal'}, {'name': 'flags', 'type': 'unsigned int', 'value': 'O_RDWR|O_NONBLOCK|O_CLOEXEC'}, {'name': 'mode', 'type': 'int', 'value': 154005284}]",0,0
16022.224938,159,1,0,systemd-journal,ip-10-100-1-186,257,openat,4,-2,"[{'name': 'dirfd', 'type': 'int', 'value': -100}, {'name': 'pathname', 'type': 'const char*', 'value': '/run/log/journal/cd4bbb49080545c3aed82cc00b5f152b/system.journal'}, {'name': 'flags', 'type': 'unsigned int', 'value': 'O_RDWR|O_NONBLOCK|O_CLOEXEC'}, {'name': 'mode', 'type': 'int', 'value': 154005284}]",0,0
16022.225288,159,1,0,systemd-journal,ip-10-100-1-186,257,openat,4,-2,"[{'name': 'dirfd', 'type': 'int', 'value': -100}, {'name': 'pathname', 'type': 'const char*', 'value': '/run/log/journal/cd4bbb49080545c3aed82cc00b5f152b/system.journal'}, {'name': 'flags', 'type': 'unsigned int', 'value': 'O_RDWR|O_NONBLOCK|O_CLOEXEC'}, {'name': 'mode', 'type': 'int', 'value': 154005284}]",0,0
16022.225352,159,1,0,systemd-journal,ip-10-100-1-186,1003,cap_capable,1,0,"[{'name': 'cap', 'type': 'int', 'value': 'CAP_SYS_ADMIN'}]",0,0
16022.2254,159,1,0,systemd-journal,ip-10-100-1-186,257,openat,4,-2,"[{'name': 'dirfd', 'type': 'int', 'value': -100}, {'name': 'pathname', 'type': 'const char*', 'value': '/run/log/journal/cd4bbb49080545c3aed82cc00b5f152b/system.journal'}, {'name': 'flags', 'type': 'unsigned int', 'value': 'O_RDWR|O_NONBLOCK|O_CLOEXEC'}, {'name': 'mode', 'type': 'int', 'value': 154005284}]",0,0
16022.225487,159,1,0,systemd-journal,ip-10-100-1-186,1003,cap_capable,1,0,"[{'name': 'cap', 'type': 'int', 'value': 'CAP_SYS_ADMIN'}]",0,0
16022.225531,159,1,0,systemd-journal,ip-10-100-1-186,257,openat,4,-2,"[{'name': 'dirfd', 'type': 'int', 'value': -100}, {'name': 'pathname', 'type': 'const char*', 'value': '/run/log/journal/cd4bbb49080545c3aed82cc00b5f152b/system.journal'}, {'name': 'flags', 'type': 'unsigned int', 'value': 'O_RDWR|O_NONBLOCK|O_CLOEXEC'}, {'name': 'mode', 'type': 'int', 'value': 154005284}]",0,0
16022.225603,159,1,0,systemd-journal,ip-10-100-1-186,1003,cap_capable,1,0,"[{'name': 'cap', 'type': 'int', 'value': 'CAP_SYS_ADMIN'}]",0,0
16022.225675,159,1,0,systemd-journal,ip-10-100-1-186,257,openat,4,-2,"[{'name': 'dirfd', 'type': 'int', 'value': -100}, {'name': 'pathname', 'type': 'const char*', 'value': '/run/log/journal/cd4bbb49080545c3aed82cc00b5f152b/system.journal'}, {'name': 'flags', 'type': 'unsigned int', 'value': 'O_RDWR|O_NONBLOCK|O_CLOEXEC'}, {'name': 'mode', 'type': 'int', 'value': 154005284}]",0,0
16022.225742,159,1,0,systemd-journal,ip-10-100-1-186,1003,cap_capable,1,0,"[{'name': 'cap', 'type': 'int', 'value': 'CAP_SYS_ADMIN'}]",0,0
16022.22579,159,1,0,systemd-journal,ip-10-100-1-186,257,openat,4,-2,"[{'name': 'dirfd', 'type': 'int', 'value': -100}, {'name': 'pathname', 'type': 'const char*', 'value': '/run/log/journal/cd4bbb49080545c3aed82cc00b5f152b/system.journal'}, {'name': 'flags', 'type': 'unsigned int', 'value': 'O_RDWR|O_NONBLOCK|O_CLOEXEC'}, {'name': 'mode', 'type': 'int', 'value': 154005284}]",0,0
16022.225854,159,1,0,systemd-journal,ip-10-100-1-186,1003,cap_capable,1,0,"[{'name': 'cap', 'type': 'int', 'value': 'CAP_SYS_ADMIN'}]",0,0
16022.225903,159,1,0,systemd-journal,ip-10-100-1-186,257,openat,4,-2,"[{'name': 'dirfd', 'type': 'int', 'value': -100}, {'name': 'pathname', 'type': 'const char*', 'value': '/run/log/journal/cd4bbb49080545c3aed82cc00b5f152b/system.journal'}, {'name': 'flags', 'type': 'unsigned int', 'value': 'O_RDWR|O_NONBLOCK|O_CLOEXEC'}, {'name': 'mode', 'type': 'int', 'value': 154005284}]",0,0
16022.225966,159,1,0,systemd-journal,ip-10-100-1-186,1003,cap_capable,1,0,"[{'name': 'cap', 'type': 'int', 'value': 'CAP_SYS_ADMIN'}]",0,0
16022.226026,159,1,0,systemd-journal,ip-10-100-1-186,257,openat,4,-2,"[{'name': 'dirfd', 'type': 'int', 'value': -100}, {'name': 'pathname', 'type': 'const char*', 'value': '/run/log/journal/cd4bbb49080545c3aed82cc00b5f152b/system.journal'}, {'name': 'flags', 'type': 'unsigned int', 'value': 'O_RDWR|O_NONBLOCK|O_CLOEXEC'}, {'name': 'mode', 'type': 'int', 'value': 154005284}]",0,0
16022.226088,159,1,0,systemd-journal,ip-10-100-1-186,1003,cap_capable,1,0,"[{'name': 'cap', 'type': 'int', 'value': 'CAP_SYS_ADMIN'}]",0,0
16022.226135,159,1,0,systemd-journal,ip-10-100-1-186,257,openat,4,-2,"[{'name': 'dirfd', 'type': 'int', 'value': -100}, {'name': 'pathname', 'type': 'const char*', 'value': '/run/log/journal/cd4bbb49080545c3aed82cc00b5f152b/system.journal'}, {'name': 'flags', 'type': 'unsigned int', 'value': 'O_RDWR|O_NONBLOCK|O_CLOEXEC'}, {'name': 'mode', 'type': 'int', 'value': 154005284}]",0,0
16022.226211,159,1,0,systemd-journal,ip-10-100-1-186,1003,cap_capable,1,0,"[{'name': 'cap', 'type': 'int', 'value': 'CAP_SYS_ADMIN'}]",0,0
16022.226261,159,1,0,systemd-journal,ip-10-100-1-186,257,openat,4,-2,"[{'name': 'dirfd', 'type': 'int', 'value': -100}, {'name': 'pathname', 'type': 'const char*', 'value': '/run/log/journal/cd4bbb49080545c3aed82cc00b5f152b/system.journal'}, {'name': 'flags', 'type': 'unsigned int', 'value': 'O_RDWR|O_NONBLOCK|O_CLOEXEC'}, {'name': 'mode', 'type': 'int', 'value': 154005284}]",0,0
16022.226325,159,1,0,systemd-journal,ip-10-100-1-186,1003,cap_capable,1,0,"[{'name': 'cap', 'type': 'int', 'value': 'CAP_SYS_ADMIN'}]",0,0
16022.226373,159,1,0,systemd-journal,ip-10-100-1-186,257,openat,4,-2,"[{'name': 'dirfd', 'type': 'int', 'value': -100}, {'name': 'pathname', 'type': 'const char*', 'value': '/run/log/journal/cd4bbb49080545c3aed82cc00b5f152b/system.journal'}, {'name': 'flags', 'type': 'unsigned int', 'value': 'O_RDWR|O_NONBLOCK|O_CLOEXEC'}, {'name': 'mode', 'type': 'int', 'value': 154005284}]",0,0
16022.226448,159,1,0,systemd-journal,ip-10-100-1-186,1003,cap_capable,1,0,"[{'name': 'cap', 'type': 'int', 'value': 'CAP_SYS_ADMIN'}]",0,0
16022.226495,159,1,0,systemd-journal,ip-10-100-1-186,257,openat,4,-2,"[{'name': 'dirfd', 'type': 'int', 'value': -100}, {'name': 'pathname', 'type': 'const char*', 'value': '/run/log/journal/cd4bbb49080545c3aed82cc00b5f152b/system.journal'}, {'name': 'flags', 'type': 'unsigned int', 'value': 'O_RDWR|O_NONBLOCK|O_CLOEXEC'}, {'name': 'mode', 'type': 'int', 'value': 154005284}]",0,0
16022.226569,159,1,0,systemd-journal,ip-10-100-1-186,1003,cap_capable,1,0,"[{'name': 'cap', 'type': 'int', 'value': 'CAP_SYS_ADMIN'}]",0,0
16022.226619,159,1,0,systemd-journal,ip-10-100-1-186,257,openat,4,-2,"[{'name': 'dirfd', 'type': 'int', 'value': -100}, {'name': 'pathname', 'type': 'const char*', 'value': '/run/log/journal/cd4bbb49080545c3aed82cc00b5f152b/system.journal'}, {'name': 'flags', 'type': 'unsigned int', 'value': 'O_RDWR|O_NONBLOCK|O_CLOEXEC'}, {'name': 'mode', 'type': 'int', 'value': 154005284}]",0,0
16022.226694,159,1,0,systemd-journal,ip-10-100-1-186,1003,cap_capable,1,0,"[{'name': 'cap', 'type': 'int', 'value': 'CAP_SYS_ADMIN'}]",0,0
16022.226754,159,1,0,systemd-journal,ip-10-100-1-186,257,openat,4,-2,"[{'name': 'dirfd', 'type': 'int', 'value': -100}, {'name': 'pathname', 'type': 'const char*', 'value': '/run/log/journal/cd4bbb49080545c3aed82cc00b5f152b/system.journal'}, {'name': 'flags', 'type': 'unsigned int', 'value': 'O_RDWR|O_NONBLOCK|O_CLOEXEC'}, {'name': 'mode', 'type': 'int', 'value': 154005284}]",0,0
16022.226835,159,1,0,systemd-journal,ip-10-100-1-186,1003,cap_capable,1,0,"[{'name': 'cap', 'type': 'int', 'value': 'CAP_SYS_ADMIN'}]",0,0
16022.226884,159,1,0,systemd-journal,ip-10-100-1-186,257,openat,4,-2,"[{'name': 'dirfd', 'type': 'int', 'value': -100}, {'name': 'pathname', 'type': 'const char*', 'value': '/run/log/journal/cd4bbb49080545c3aed82cc00b5f152b/system.journal'}, {'name': 'flags', 'type': 'unsigned int', 'value': 'O_RDWR|O_NONBLOCK|O_CLOEXEC'}, {'name': 'mode', 'type': 'int', 'value': 154005284}]",0,0
16022.227013,159,1,0,systemd-journal,ip-10-100-1-186,1003,cap_capable,1,0,"[{'name': 'cap', 'type': 'int', 'value': 'CAP_SYS_ADMIN'}]",0,0
16022.227076,159,1,0,systemd-journal,ip-10-100-1-186,257,openat,4,-2,"[{'name': 'dirfd', 'type': 'int', 'value': -100}, {'name': 'pathname', 'type': 'const char*', 'value': '/run/log/journal/cd4bbb49080545c3aed82cc00b5f152b/system.journal'}, {'name': 'flags', 'type': 'unsigned int', 'value': 'O_RDWR|O_NONBLOCK|O_CLOEXEC'}, {'name': 'mode', 'type': 'int', 'value': 154005284}]",0,0
16022.22714,159,1,0,systemd-journal,ip-10-100-1-186,1003,cap_capable,1,0,"[{'name': 'cap', 'type': 'int', 'value': 'CAP_SYS_ADMIN'}]",0,0
16022.2272,159,1,0,systemd-journal,ip-10-100-1-186,257,openat,4,-2,"[{'name': 'dirfd', 'type': 'int', 'value': -100}, {'name': 'pathname', 'type': 'const char*', 'value': '/run/log/journal/cd4bbb49080545c3aed82cc00b5f152b/system.journal'}, {'name': 'flags', 'type': 'unsigned int', 'value': 'O_RDWR|O_NONBLOCK|O_CLOEXEC'}, {'name': 'mode', 'type': 'int', 'value': 154005284}]",0,0
16022.227259,159,1,0,systemd-journal,ip-10-100-1-186,1003,cap_capable,1,0,"[{'name': 'cap', 'type': 'int', 'value': 'CAP_SYS_ADMIN'}]",0,0
16022.227303,159,1,0,systemd-journal,ip-10-100-1-186,257,openat,4,-2,"[{'name': 'dirfd', 'type': 'int', 'value': -100}, {'name': 'pathname', 'type': 'const char*', 'value': '/run/log/journal/cd4bbb49080545c3aed82cc00b5f152b/system.journal'}, {'name': 'flags', 'type': 'unsigned int', 'value': 'O_RDWR|O_NONBLOCK|O_CLOEXEC'}, {'name': 'mode', 'type': 'int', 'value': 154005284}]",0,0
16022.227361,159,1,0,systemd-journal,ip-10-100-1-186,1003,cap_capable,1,0,"[{'name': 'cap', 'type': 'int', 'value': 'CAP_SYS_ADMIN'}]",0,0
16022.227406,159,1,0,systemd-journal,ip-10-100-1-186,257,openat,4,-2,"[{'name': 'dirfd', 'type': 'int', 'value': -100}, {'name': 'pathname', 'type': 'const char*', 'value': '/run/log/journal/cd4bbb49080545c3aed82cc00b5f152b/system.journal'}, {'name': 'flags', 'type': 'unsigned int', 'value': 'O_RDWR|O_NONBLOCK|O_CLOEXEC'}, {'name': 'mode', 'type': 'int', 'value': 154005284}]",0,0
16022.227468,159,1,0,systemd-journal,ip-10-100-1-186,1003,cap_capable,1,0,"[{'name': 'cap', 'type': 'int', 'value': 'CAP_SYS_ADMIN'}]",0,0
16022.227513,159,1,0,systemd-journal,ip-10-100-1-186,257,openat,4,-2,"[{'name': 'dirfd', 'type': 'int', 'value': -100}, {'name': 'pathname', 'type': 'const char*', 'value': '/run/log/journal/cd4bbb49080545c3aed82cc00b5f152b/system.journal'}, {'name': 'flags', 'type': 'unsigned int', 'value': 'O_RDWR|O_NONBLOCK|O_CLOEXEC'}, {'name': 'mode', 'type': 'int', 'value': 154005284}]",0,0
16022.227583,159,1,0,systemd-journal,ip-10-100-1-186,1003,cap_capable,1,0,"[{'name': 'cap', 'type': 'int', 'value': 'CAP_SYS_ADMIN'}]",0,0
16022.227692,159,1,0,systemd-journal,ip-10-100-1-186,1003,cap_capable,1,0,"[{'name': 'cap', 'type': 'int', 'value': 'CAP_SYS_ADMIN'}]",0,0
16022.227739,159,1,0,systemd-journal,ip-10-100-1-186,257,openat,4,-2,"[{'name': 'dirfd', 'type': 'int', 'value': -100}, {'name': 'pathname', 'type': 'const char*', 'value': '/run/log/journal/cd4bbb49080545c3aed82cc00b5f152b/system.journal'}, {'name': 'flags', 'type': 'unsigned int', 'value': 'O_RDWR|O_NONBLOCK|O_CLOEXEC'}, {'name': 'mode', 'type': 'int', 'value': 154005284}]",0,0
16022.22763,159,1,0,systemd-journal,ip-10-100-1-186,257,openat,4,-2,"[{'name': 'dirfd', 'type': 'int', 'value': -100}, {'name': 'pathname', 'type': 'const char*', 'value': '/run/log/journal/cd4bbb49080545c3aed82cc00b5f152b/system.journal'}, {'name': 'flags', 'type': 'unsigned int', 'value': 'O_RDWR|O_NONBLOCK|O_CLOEXEC'}, {'name': 'mode', 'type': 'int', 'value': 154005284}]",0,0
16022.2278,159,1,0,systemd-journal,ip-10-100-1-186,1003,cap_capable,1,0,"[{'name': 'cap', 'type': 'int', 'value': 'CAP_SYS_ADMIN'}]",0,0
16022.227848,159,1,0,systemd-journal,ip-10-100-1-186,257,openat,4,-2,"[{'name': 'dirfd', 'type': 'int', 'value': -100}, {'name': 'pathname', 'type': 'const char*', 'value': '/run/log/journal/cd4bbb49080545c3aed82cc00b5f152b/system.journal'}, {'name': 'flags', 'type': 'unsigned int', 'value': 'O_RDWR|O_NONBLOCK|O_CLOEXEC'}, {'name': 'mode', 'type': 'int', 'value': 154005284}]",0,0
16022.227981,159,1,0,systemd-journal,ip-10-100-1-186,257,openat,4,-2,"[{'name': 'dirfd', 'type': 'int', 'value': -100}, {'name': 'pathname', 'type': 'const char*', 'value': '/run/log/journal/cd4bbb49080545c3aed82cc00b5f152b/system.journal'}, {'name': 'flags', 'type': 'unsigned int', 'value': 'O_RDWR|O_NONBLOCK|O_CLOEXEC'}, {'name': 'mode', 'type': 'int', 'value': 154005284}]",0,0
16022.227934,159,1,0,systemd-journal,ip-10-100-1-186,1003,cap_capable,1,0,"[{'name': 'cap', 'type': 'int', 'value': 'CAP_SYS_ADMIN'}]",0,0
16022.228062,159,1,0,systemd-journal,ip-10-100-1-186,1003,cap_capable,1,0,"[{'name': 'cap', 'type': 'int', 'value': 'CAP_SYS_ADMIN'}]",0,0
16022.228113,159,1,0,systemd-journal,ip-10-100-1-186,257,openat,4,-2,"[{'name': 'dirfd', 'type': 'int', 'value': -100}, {'name': 'pathname', 'type': 'const char*', 'value': '/run/log/journal/cd4bbb49080545c3aed82cc00b5f152b/system.journal'}, {'name': 'flags', 'type': 'unsigned int', 'value': 'O_RDWR|O_NONBLOCK|O_CLOEXEC'}, {'name': 'mode', 'type': 'int', 'value': 154005284}]",0,0
16022.228178,159,1,0,systemd-journal,ip-10-100-1-186,1003,cap_capable,1,0,"[{'name': 'cap', 'type': 'int', 'value': 'CAP_SYS_ADMIN'}]",0,0
16022.228227,159,1,0,systemd-journal,ip-10-100-1-186,257,openat,4,-2,"[{'name': 'dirfd', 'type': 'int', 'value': -100}, {'name': 'pathname', 'type': 'const char*', 'value': '/run/log/journal/cd4bbb49080545c3aed82cc00b5f152b/system.journal'}, {'name': 'flags', 'type': 'unsigned int', 'value': 'O_RDWR|O_NONBLOCK|O_CLOEXEC'}, {'name': 'mode', 'type': 'int', 'value': 154005284}]",0,0
16022.228294,159,1,0,systemd-journal,ip-10-100-1-186,1003,cap_capable,1,0,"[{'name': 'cap', 'type': 'int', 'value': 'CAP_SYS_ADMIN'}]",0,0
16022.228347,159,1,0,systemd-journal,ip-10-100-1-186,257,openat,4,-2,"[{'name': 'dirfd', 'type': 'int', 'value': -100}, {'name': 'pathname', 'type': 'const char*', 'value': '/run/log/journal/cd4bbb49080545c3aed82cc00b5f152b/system.journal'}, {'name': 'flags', 'type': 'unsigned int', 'value': 'O_RDWR|O_NONBLOCK|O_CLOEXEC'}, {'name': 'mode', 'type': 'int', 'value': 154005284}]",0,0
16022.228432,159,1,0,systemd-journal,ip-10-100-1-186,1003,cap_capable,1,0,"[{'name': 'cap', 'type': 'int', 'value': 'CAP_SYS_ADMIN'}]",0,0
16022.228488,159,1,0,systemd-journal,ip-10-100-1-186,257,openat,4,-2,"[{'name': 'dirfd', 'type': 'int', 'value': -100}, {'name': 'pathname', 'type': 'const char*', 'value': '/run/log/journal/cd4bbb49080545c3aed82cc00b5f152b/system.journal'}, {'name': 'flags', 'type': 'unsigned int', 'value': 'O_RDWR|O_NONBLOCK|O_CLOEXEC'}, {'name': 'mode', 'type': 'int', 'value': 154005284}]",0,0
16022.228565,159,1,0,systemd-journal,ip-10-100-1-186,1003,cap_capable,1,0,"[{'name': 'cap', 'type': 'int', 'value': 'CAP_SYS_ADMIN'}]",0,0
16022.228614,159,1,0,systemd-journal,ip-10-100-1-186,257,openat,4,-2,"[{'name': 'dirfd', 'type': 'int', 'value': -100}, {'name': 'pathname', 'type': 'const char*', 'value': '/run/log/journal/cd4bbb49080545c3aed82cc00b5f152b/system.journal'}, {'name': 'flags', 'type': 'unsigned int', 'value': 'O_RDWR|O_NONBLOCK|O_CLOEXEC'}, {'name': 'mode', 'type': 'int', 'value': 154005284}]",0,0
16022.228678,159,1,0,systemd-journal,ip-10-100-1-186,1003,cap_capable,1,0,"[{'name': 'cap', 'type': 'int', 'value': 'CAP_SYS_ADMIN'}]",0,0
16022.2338,506,1,104,rs:main Q:Reg,ip-10-100-1-186,62,kill,2,0,"[{'name': 'pid', 'type': 'pid_t', 'value': 506}, {'name': 'sig', 'type': 'int', 'value': 22}]",0,0
16022.233975,506,1,104,rs:main Q:Reg,ip-10-100-1-186,62,kill,2,0,"[{'name': 'pid', 'type': 'pid_t', 'value': 506}, {'name': 'sig', 'type': 'int', 'value': 22}]",0,0
16022.236847,506,1,104,rs:main Q:Reg,ip-10-100-1-186,1003,cap_capable,1,0,"[{'name': 'cap', 'type': 'int', 'value': 'CAP_SYS_RESOURCE'}]",0,0
16022.236876,506,1,104,rs:main Q:Reg,ip-10-100-1-186,1003,cap_capable,1,0,"[{'name': 'cap', 'type': 'int', 'value': 'CAP_SYS_RESOURCE'}]",0,0
16022.268809,159,1,0,systemd-journal,ip-10-100-1-186,257,openat,4,-2,"[{'name': 'dirfd', 'type': 'int', 'value': -100}, {'name': 'pathname', 'type': 'const char*', 'value': '/run/log/journal/cd4bbb49080545c3aed82cc00b5f152b/system.journal'}, {'name': 'flags', 'type': 'unsigned int', 'value': 'O_RDWR|O_NONBLOCK|O_CLOEXEC'}, {'name': 'mode', 'type': 'int', 'value': 154005284}]",0,0
16022.268926,159,1,0,systemd-journal,ip-10-100-1-186,1003,cap_capable,1,0,"[{'name': 'cap', 'type': 'int', 'value': 'CAP_SYS_ADMIN'}]",0,0
16022.268988,159,1,0,systemd-journal,ip-10-100-1-186,257,openat,4,-2,"[{'name': 'dirfd', 'type': 'int', 'value': -100}, {'name': 'pathname', 'type': 'const char*', 'value': '/run/log/journal/cd4bbb49080545c3aed82cc00b5f152b/system.journal'}, {'name': 'flags', 'type': 'unsigned int', 'value': 'O_RDWR|O_NONBLOCK|O_CLOEXEC'}, {'name': 'mode', 'type': 'int', 'value': 154005284}]",0,0
16022.26905,159,1,0,systemd-journal,ip-10-100-1-186,1003,cap_capable,1,0,"[{'name': 'cap', 'type': 'int', 'value': 'CAP_SYS_ADMIN'}]",0,0
16022.269096,159,1,0,systemd-journal,ip-10-100-1-186,257,openat,4,-2,"[{'name': 'dirfd', 'type': 'int', 'value': -100}, {'name': 'pathname', 'type': 'const char*', 'value': '/run/log/journal/cd4bbb49080545c3aed82cc00b5f152b/system.journal'}, {'name': 'flags', 'type': 'unsigned int', 'value': 'O_RDWR|O_NONBLOCK|O_CLOEXEC'}, {'name': 'mode', 'type': 'int', 'value': 154005284}]",0,0
16022.269157,159,1,0,systemd-journal,ip-10-100-1-186,1003,cap_capable,1,0,"[{'name': 'cap', 'type': 'int', 'value': 'CAP_SYS_ADMIN'}]",0,0
16022.269202,159,1,0,systemd-journal,ip-10-100-1-186,257,openat,4,-2,"[{'name': 'dirfd', 'type': 'int', 'value': -100}, {'name': 'pathname', 'type': 'const char*', 'value': '/run/log/journal/cd4bbb49080545c3aed82cc00b5f152b/system.journal'}, {'name': 'flags', 'type': 'unsigned int', 'value': 'O_RDWR|O_NONBLOCK|O_CLOEXEC'}, {'name': 'mode', 'type': 'int', 'value': 154005284}]",0,0
16022.269317,159,1,0,systemd-journal,ip-10-100-1-186,257,openat,4,-2,"[{'name': 'dirfd', 'type': 'int', 'value': -100}, {'name': 'pathname', 'type': 'const char*', 'value': '/run/log/journal/cd4bbb49080545c3aed82cc00b5f152b/system.journal'}, {'name': 'flags', 'type': 'unsigned int', 'value': 'O_RDWR|O_NONBLOCK|O_CLOEXEC'}, {'name': 'mode', 'type': 'int', 'value': 154005284}]",0,0
16022.26926,159,1,0,systemd-journal,ip-10-100-1-186,1003,cap_capable,1,0,"[{'name': 'cap', 'type': 'int', 'value': 'CAP_SYS_ADMIN'}]",0,0
16022.269382,159,1,0,systemd-journal,ip-10-100-1-186,1003,cap_capable,1,0,"[{'name': 'cap', 'type': 'int', 'value': 'CAP_SYS_ADMIN'}]",0,0
16022.269429,159,1,0,systemd-journal,ip-10-100-1-186,257,openat,4,-2,"[{'name': 'dirfd', 'type': 'int', 'value': -100}, {'name': 'pathname', 'type': 'const char*', 'value': '/run/log/journal/cd4bbb49080545c3aed82cc00b5f152b/system.journal'}, {'name': 'flags', 'type': 'unsigned int', 'value': 'O_RDWR|O_NONBLOCK|O_CLOEXEC'}, {'name': 'mode', 'type': 'int', 'value': 154005284}]",0,0
16022.26951,159,1,0,systemd-journal,ip-10-100-1-186,1003,cap_capable,1,0,"[{'name': 'cap', 'type': 'int', 'value': 'CAP_SYS_ADMIN'}]",0,0
16022.269596,159,1,0,systemd-journal,ip-10-100-1-186,257,openat,4,-2,"[{'name': 'dirfd', 'type': 'int', 'value': -100}, {'name': 'pathname', 'type': 'const char*', 'value': '/run/log/journal/cd4bbb49080545c3aed82cc00b5f152b/system.journal'}, {'name': 'flags', 'type': 'unsigned int', 'value': 'O_RDWR|O_NONBLOCK|O_CLOEXEC'}, {'name': 'mode', 'type': 'int', 'value': 154005284}]",0,0
16022.269663,159,1,0,systemd-journal,ip-10-100-1-186,1003,cap_capable,1,0,"[{'name': 'cap', 'type': 'int', 'value': 'CAP_SYS_ADMIN'}]",0,0
16022.269712,159,1,0,systemd-journal,ip-10-100-1-186,257,openat,4,-2,"[{'name': 'dirfd', 'type': 'int', 'value': -100}, {'name': 'pathname', 'type': 'const char*', 'value': '/run/log/journal/cd4bbb49080545c3aed82cc00b5f152b/system.journal'}, {'name': 'flags', 'type': 'unsigned int', 'value': 'O_RDWR|O_NONBLOCK|O_CLOEXEC'}, {'name': 'mode', 'type': 'int', 'value': 154005284}]",0,0
16022.270036,159,1,0,systemd-journal,ip-10-100-1-186,1003,cap_capable,1,0,"[{'name': 'cap', 'type': 'int', 'value': 'CAP_SYS_ADMIN'}]",0,0
16022.270121,159,1,0,systemd-journal,ip-10-100-1-186,257,openat,4,-2,"[{'name': 'dirfd', 'type': 'int', 'value': -100}, {'name': 'pathname', 'type': 'const char*', 'value': '/run/log/journal/cd4bbb49080545c3aed82cc00b5f152b/system.journal'}, {'name': 'flags', 'type': 'unsigned int', 'value': 'O_RDWR|O_NONBLOCK|O_CLOEXEC'}, {'name': 'mode', 'type': 'int', 'value': 154005284}]",0,0
16022.270191,159,1,0,systemd-journal,ip-10-100-1-186,1003,cap_capable,1,0,"[{'name': 'cap', 'type': 'int', 'value': 'CAP_SYS_ADMIN'}]",0,0
16022.270267,159,1,0,systemd-journal,ip-10-100-1-186,257,openat,4,-2,"[{'name': 'dirfd', 'type': 'int', 'value': -100}, {'name': 'pathname', 'type': 'const char*', 'value': '/run/log/journal/cd4bbb49080545c3aed82cc00b5f152b/system.journal'}, {'name': 'flags', 'type': 'unsigned int', 'value': 'O_RDWR|O_NONBLOCK|O_CLOEXEC'}, {'name': 'mode', 'type': 'int', 'value': 154005284}]",0,0
16022.270327,159,1,0,systemd-journal,ip-10-100-1-186,1003,cap_capable,1,0,"[{'name': 'cap', 'type': 'int', 'value': 'CAP_SYS_ADMIN'}]",0,0
16022.270372,159,1,0,systemd-journal,ip-10-100-1-186,257,openat,4,-2,"[{'name': 'dirfd', 'type': 'int', 'value': -100}, {'name': 'pathname', 'type': 'const char*', 'value': '/run/log/journal/cd4bbb49080545c3aed82cc00b5f152b/system.journal'}, {'name': 'flags', 'type': 'unsigned int', 'value': 'O_RDWR|O_NONBLOCK|O_CLOEXEC'}, {'name': 'mode', 'type': 'int', 'value': 154005284}]",0,0
16022.270444,159,1,0,systemd-journal,ip-10-100-1-186,1003,cap_capable,1,0,"[{'name': 'cap', 'type': 'int', 'value': 'CAP_SYS_ADMIN'}]",0,0
16022.270492,159,1,0,systemd-journal,ip-10-100-1-186,257,openat,4,-2,"[{'name': 'dirfd', 'type': 'int', 'value': -100}, {'name': 'pathname', 'type': 'const char*', 'value': '/run/log/journal/cd4bbb49080545c3aed82cc00b5f152b/system.journal'}, {'name': 'flags', 'type': 'unsigned int', 'value': 'O_RDWR|O_NONBLOCK|O_CLOEXEC'}, {'name': 'mode', 'type': 'int', 'value': 154005284}]",0,0
16022.270555,159,1,0,systemd-journal,ip-10-100-1-186,1003,cap_capable,1,0,"[{'name': 'cap', 'type': 'int', 'value': 'CAP_SYS_ADMIN'}]",0,0
16022.270615,159,1,0,systemd-journal,ip-10-100-1-186,257,openat,4,-2,"[{'name': 'dirfd', 'type': 'int', 'value': -100}, {'name': 'pathname', 'type': 'const char*', 'value': '/run/log/journal/cd4bbb49080545c3aed82cc00b5f152b/system.journal'}, {'name': 'flags', 'type': 'unsigned int', 'value': 'O_RDWR|O_NONBLOCK|O_CLOEXEC'}, {'name': 'mode', 'type': 'int', 'value': 154005284}]",0,0
16022.270703,159,1,0,systemd-journal,ip-10-100-1-186,1003,cap_capable,1,0,"[{'name': 'cap', 'type': 'int', 'value': 'CAP_SYS_ADMIN'}]",0,0
16022.270752,159,1,0,systemd-journal,ip-10-100-1-186,257,openat,4,-2,"[{'name': 'dirfd', 'type': 'int', 'value': -100}, {'name': 'pathname', 'type': 'const char*', 'value': '/run/log/journal/cd4bbb49080545c3aed82cc00b5f152b/system.journal'}, {'name': 'flags', 'type': 'unsigned int', 'value': 'O_RDWR|O_NONBLOCK|O_CLOEXEC'}, {'name': 'mode', 'type': 'int', 'value': 154005284}]",0,0
16022.270817,159,1,0,systemd-journal,ip-10-100-1-186,1003,cap_capable,1,0,"[{'name': 'cap', 'type': 'int', 'value': 'CAP_SYS_ADMIN'}]",0,0
16022.270866,159,1,0,systemd-journal,ip-10-100-1-186,257,openat,4,-2,"[{'name': 'dirfd', 'type': 'int', 'value': -100}, {'name': 'pathname', 'type': 'const char*', 'value': '/run/log/journal/cd4bbb49080545c3aed82cc00b5f152b/system.journal'}, {'name': 'flags', 'type': 'unsigned int', 'value': 'O_RDWR|O_NONBLOCK|O_CLOEXEC'}, {'name': 'mode', 'type': 'int', 'value': 154005284}]",0,0
16022.270929,159,1,0,systemd-journal,ip-10-100-1-186,1003,cap_capable,1,0,"[{'name': 'cap', 'type': 'int', 'value': 'CAP_SYS_ADMIN'}]",0,0
16022.270978,159,1,0,systemd-journal,ip-10-100-1-186,257,openat,4,-2,"[{'name': 'dirfd', 'type': 'int', 'value': -100}, {'name': 'pathname', 'type': 'const char*', 'value': '/run/log/journal/cd4bbb49080545c3aed82cc00b5f152b/system.journal'}, {'name': 'flags', 'type': 'unsigned int', 'value': 'O_RDWR|O_NONBLOCK|O_CLOEXEC'}, {'name': 'mode', 'type': 'int', 'value': 154005284}]",0,0
16022.271052,159,1,0,systemd-journal,ip-10-100-1-186,1003,cap_capable,1,0,"[{'name': 'cap', 'type': 'int', 'value': 'CAP_SYS_ADMIN'}]",0,0
16022.271114,159,1,0,systemd-journal,ip-10-100-1-186,257,openat,4,-2,"[{'name': 'dirfd', 'type': 'int', 'value': -100}, {'name': 'pathname', 'type': 'const char*', 'value': '/run/log/journal/cd4bbb49080545c3aed82cc00b5f152b/system.journal'}, {'name': 'flags', 'type': 'unsigned int', 'value': 'O_RDWR|O_NONBLOCK|O_CLOEXEC'}, {'name': 'mode', 'type': 'int', 'value': 154005284}]",0,0
16022.271201,159,1,0,systemd-journal,ip-10-100-1-186,1003,cap_capable,1,0,"[{'name': 'cap', 'type': 'int', 'value': 'CAP_SYS_ADMIN'}]",0,0
16022.271262,159,1,0,systemd-journal,ip-10-100-1-186,257,openat,4,-2,"[{'name': 'dirfd', 'type': 'int', 'value': -100}, {'name': 'pathname', 'type': 'const char*', 'value': '/run/log/journal/cd4bbb49080545c3aed82cc00b5f152b/system.journal'}, {'name': 'flags', 'type': 'unsigned int', 'value': 'O_RDWR|O_NONBLOCK|O_CLOEXEC'}, {'name': 'mode', 'type': 'int', 'value': 154005284}]",0,0
16022.271329,159,1,0,systemd-journal,ip-10-100-1-186,1003,cap_capable,1,0,"[{'name': 'cap', 'type': 'int', 'value': 'CAP_SYS_ADMIN'}]",0,0
16022.271378,159,1,0,systemd-journal,ip-10-100-1-186,257,openat,4,-2,"[{'name': 'dirfd', 'type': 'int', 'value': -100}, {'name': 'pathname', 'type': 'const char*', 'value': '/run/log/journal/cd4bbb49080545c3aed82cc00b5f152b/system.journal'}, {'name': 'flags', 'type': 'unsigned int', 'value': 'O_RDWR|O_NONBLOCK|O_CLOEXEC'}, {'name': 'mode', 'type': 'int', 'value': 154005284}]",0,0
16022.271443,159,1,0,systemd-journal,ip-10-100-1-186,1003,cap_capable,1,0,"[{'name': 'cap', 'type': 'int', 'value': 'CAP_SYS_ADMIN'}]",0,0
16022.271491,159,1,0,systemd-journal,ip-10-100-1-186,257,openat,4,-2,"[{'name': 'dirfd', 'type': 'int', 'value': -100}, {'name': 'pathname', 'type': 'const char*', 'value': '/run/log/journal/cd4bbb49080545c3aed82cc00b5f152b/system.journal'}, {'name': 'flags', 'type': 'unsigned int', 'value': 'O_RDWR|O_NONBLOCK|O_CLOEXEC'}, {'name': 'mode', 'type': 'int', 'value': 154005284}]",0,0
16022.27157,159,1,0,systemd-journal,ip-10-100-1-186,1003,cap_capable,1,0,"[{'name': 'cap', 'type': 'int', 'value': 'CAP_SYS_ADMIN'}]",0,0
16022.271618,159,1,0,systemd-journal,ip-10-100-1-186,257,openat,4,-2,"[{'name': 'dirfd', 'type': 'int', 'value': -100}, {'name': 'pathname', 'type': 'const char*', 'value': '/run/log/journal/cd4bbb49080545c3aed82cc00b5f152b/system.journal'}, {'name': 'flags', 'type': 'unsigned int', 'value': 'O_RDWR|O_NONBLOCK|O_CLOEXEC'}, {'name': 'mode', 'type': 'int', 'value': 154005284}]",0,0
16022.271679,159,1,0,systemd-journal,ip-10-100-1-186,1003,cap_capable,1,0,"[{'name': 'cap', 'type': 'int', 'value': 'CAP_SYS_ADMIN'}]",0,0
16022.271726,159,1,0,systemd-journal,ip-10-100-1-186,257,openat,4,-2,"[{'name': 'dirfd', 'type': 'int', 'value': -100}, {'name': 'pathname', 'type': 'const char*', 'value': '/run/log/journal/cd4bbb49080545c3aed82cc00b5f152b/system.journal'}, {'name': 'flags', 'type': 'unsigned int', 'value': 'O_RDWR|O_NONBLOCK|O_CLOEXEC'}, {'name': 'mode', 'type': 'int', 'value': 154005284}]",0,0
16022.271802,159,1,0,systemd-journal,ip-10-100-1-186,1003,cap_capable,1,0,"[{'name': 'cap', 'type': 'int', 'value': 'CAP_SYS_ADMIN'}]",0,0
16022.271861,159,1,0,systemd-journal,ip-10-100-1-186,257,openat,4,-2,"[{'name': 'dirfd', 'type': 'int', 'value': -100}, {'name': 'pathname', 'type': 'const char*', 'value': '/run/log/journal/cd4bbb49080545c3aed82cc00b5f152b/system.journal'}, {'name': 'flags', 'type': 'unsigned int', 'value': 'O_RDWR|O_NONBLOCK|O_CLOEXEC'}, {'name': 'mode', 'type': 'int', 'value': 154005284}]",0,0
16022.271923,159,1,0,systemd-journal,ip-10-100-1-186,1003,cap_capable,1,0,"[{'name': 'cap', 'type': 'int', 'value': 'CAP_SYS_ADMIN'}]",0,0
16022.271974,159,1,0,systemd-journal,ip-10-100-1-186,257,openat,4,-2,"[{'name': 'dirfd', 'type': 'int', 'value': -100}, {'name': 'pathname', 'type': 'const char*', 'value': '/run/log/journal/cd4bbb49080545c3aed82cc00b5f152b/system.journal'}, {'name': 'flags', 'type': 'unsigned int', 'value': 'O_RDWR|O_NONBLOCK|O_CLOEXEC'}, {'name': 'mode', 'type': 'int', 'value': 154005284}]",0,0
16022.272036,159,1,0,systemd-journal,ip-10-100-1-186,1003,cap_capable,1,0,"[{'name': 'cap', 'type': 'int', 'value': 'CAP_SYS_ADMIN'}]",0,0
16022.272096,159,1,0,systemd-journal,ip-10-100-1-186,257,openat,4,-2,"[{'name': 'dirfd', 'type': 'int', 'value': -100}, {'name': 'pathname', 'type': 'const char*', 'value': '/run/log/journal/cd4bbb49080545c3aed82cc00b5f152b/system.journal'}, {'name': 'flags', 'type': 'unsigned int', 'value': 'O_RDWR|O_NONBLOCK|O_CLOEXEC'}, {'name': 'mode', 'type': 'int', 'value': 154005284}]",0,0
16022.272155,159,1,0,systemd-journal,ip-10-100-1-186,1003,cap_capable,1,0,"[{'name': 'cap', 'type': 'int', 'value': 'CAP_SYS_ADMIN'}]",0,0
16022.272212,159,1,0,systemd-journal,ip-10-100-1-186,257,openat,4,-2,"[{'name': 'dirfd', 'type': 'int', 'value': -100}, {'name': 'pathname', 'type': 'const char*', 'value': '/run/log/journal/cd4bbb49080545c3aed82cc00b5f152b/system.journal'}, {'name': 'flags', 'type': 'unsigned int', 'value': 'O_RDWR|O_NONBLOCK|O_CLOEXEC'}, {'name': 'mode', 'type': 'int', 'value': 154005284}]",0,0
16022.272281,159,1,0,systemd-journal,ip-10-100-1-186,1003,cap_capable,1,0,"[{'name': 'cap', 'type': 'int', 'value': 'CAP_SYS_ADMIN'}]",0,0
16022.272329,159,1,0,systemd-journal,ip-10-100-1-186,257,openat,4,-2,"[{'name': 'dirfd', 'type': 'int', 'value': -100}, {'name': 'pathname', 'type': 'const char*', 'value': '/run/log/journal/cd4bbb49080545c3aed82cc00b5f152b/system.journal'}, {'name': 'flags', 'type': 'unsigned int', 'value': 'O_RDWR|O_NONBLOCK|O_CLOEXEC'}, {'name': 'mode', 'type': 'int', 'value': 154005284}]",0,0
16022.272438,159,1,0,systemd-journal,ip-10-100-1-186,257,openat,4,-2,"[{'name': 'dirfd', 'type': 'int', 'value': -100}, {'name': 'pathname', 'type': 'const char*', 'value': '/run/log/journal/cd4bbb49080545c3aed82cc00b5f152b/system.journal'}, {'name': 'flags', 'type': 'unsigned int', 'value': 'O_RDWR|O_NONBLOCK|O_CLOEXEC'}, {'name': 'mode', 'type': 'int', 'value': 154005284}]",0,0
16022.272391,159,1,0,systemd-journal,ip-10-100-1-186,1003,cap_capable,1,0,"[{'name': 'cap', 'type': 'int', 'value': 'CAP_SYS_ADMIN'}]",0,0
16022.272513,159,1,0,systemd-journal,ip-10-100-1-186,1003,cap_capable,1,0,"[{'name': 'cap', 'type': 'int', 'value': 'CAP_SYS_ADMIN'}]",0,0
16022.272571,159,1,0,systemd-journal,ip-10-100-1-186,257,openat,4,-2,"[{'name': 'dirfd', 'type': 'int', 'value': -100}, {'name': 'pathname', 'type': 'const char*', 'value': '/run/log/journal/cd4bbb49080545c3aed82cc00b5f152b/system.journal'}, {'name': 'flags', 'type': 'unsigned int', 'value': 'O_RDWR|O_NONBLOCK|O_CLOEXEC'}, {'name': 'mode', 'type': 'int', 'value': 154005284}]",0,0
16022.272633,159,1,0,systemd-journal,ip-10-100-1-186,1003,cap_capable,1,0,"[{'name': 'cap', 'type': 'int', 'value': 'CAP_SYS_ADMIN'}]",0,0
16022.272693,159,1,0,systemd-journal,ip-10-100-1-186,257,openat,4,-2,"[{'name': 'dirfd', 'type': 'int', 'value': -100}, {'name': 'pathname', 'type': 'const char*', 'value': '/run/log/journal/cd4bbb49080545c3aed82cc00b5f152b/system.journal'}, {'name': 'flags', 'type': 'unsigned int', 'value': 'O_RDWR|O_NONBLOCK|O_CLOEXEC'}, {'name': 'mode', 'type': 'int', 'value': 154005284}]",0,0
16022.276887,159,1,0,systemd-journal,ip-10-100-1-186,1003,cap_capable,1,0,"[{'name': 'cap', 'type': 'int', 'value': 'CAP_SYS_ADMIN'}]",0,0
16022.276975,159,1,0,systemd-journal,ip-10-100-1-186,257,openat,4,-2,"[{'name': 'dirfd', 'type': 'int', 'value': -100}, {'name': 'pathname', 'type': 'const char*', 'value': '/run/log/journal/cd4bbb49080545c3aed82cc00b5f152b/system.journal'}, {'name': 'flags', 'type': 'unsigned int', 'value': 'O_RDWR|O_NONBLOCK|O_CLOEXEC'}, {'name': 'mode', 'type': 'int', 'value': 154005284}]",0,0
16022.277109,159,1,0,systemd-journal,ip-10-100-1-186,1003,cap_capable,1,0,"[{'name': 'cap', 'type': 'int', 'value': 'CAP_SYS_ADMIN'}]",0,0
16022.277131,159,1,0,systemd-journal,ip-10-100-1-186,1003,cap_capable,1,0,"[{'name': 'cap', 'type': 'int', 'value': 'CAP_SETUID'}]",0,0
16022.277162,159,1,0,systemd-journal,ip-10-100-1-186,1003,cap_capable,1,0,"[{'name': 'cap', 'type': 'int', 'value': 'CAP_SETGID'}]",0,0
16022.277211,159,1,0,systemd-journal,ip-10-100-1-186,257,openat,4,-2,"[{'name': 'dirfd', 'type': 'int', 'value': -100}, {'name': 'pathname', 'type': 'const char*', 'value': '/run/log/journal/cd4bbb49080545c3aed82cc00b5f152b/system.journal'}, {'name': 'flags', 'type': 'unsigned int', 'value': 'O_RDWR|O_NONBLOCK|O_CLOEXEC'}, {'name': 'mode', 'type': 'int', 'value': 154005284}]",0,0
16022.277337,159,1,0,systemd-journal,ip-10-100-1-186,1003,cap_capable,1,0,"[{'name': 'cap', 'type': 'int', 'value': 'CAP_SYS_ADMIN'}]",0,0
16022.277386,159,1,0,systemd-journal,ip-10-100-1-186,257,openat,4,-2,"[{'name': 'dirfd', 'type': 'int', 'value': -100}, {'name': 'pathname', 'type': 'const char*', 'value': '/run/log/journal/cd4bbb49080545c3aed82cc00b5f152b/system.journal'}, {'name': 'flags', 'type': 'unsigned int', 'value': 'O_RDWR|O_NONBLOCK|O_CLOEXEC'}, {'name': 'mode', 'type': 'int', 'value': 154005284}]",0,0
16022.277448,159,1,0,systemd-journal,ip-10-100-1-186,1003,cap_capable,1,0,"[{'name': 'cap', 'type': 'int', 'value': 'CAP_SYS_ADMIN'}]",0,0
16022.277494,159,1,0,systemd-journal,ip-10-100-1-186,257,openat,4,-2,"[{'name': 'dirfd', 'type': 'int', 'value': -100}, {'name': 'pathname', 'type': 'const char*', 'value': '/run/log/journal/cd4bbb49080545c3aed82cc00b5f152b/system.journal'}, {'name': 'flags', 'type': 'unsigned int', 'value': 'O_RDWR|O_NONBLOCK|O_CLOEXEC'}, {'name': 'mode', 'type': 'int', 'value': 154005284}]",0,0
16022.27756,159,1,0,systemd-journal,ip-10-100-1-186,1003,cap_capable,1,0,"[{'name': 'cap', 'type': 'int', 'value': 'CAP_SYS_ADMIN'}]",0,0
16022.277607,159,1,0,systemd-journal,ip-10-100-1-186,257,openat,4,-2,"[{'name': 'dirfd', 'type': 'int', 'value': -100}, {'name': 'pathname', 'type': 'const char*', 'value': '/run/log/journal/cd4bbb49080545c3aed82cc00b5f152b/system.journal'}, {'name': 'flags', 'type': 'unsigned int', 'value': 'O_RDWR|O_NONBLOCK|O_CLOEXEC'}, {'name': 'mode', 'type': 'int', 'value': 154005284}]",0,0
16022.277666,159,1,0,systemd-journal,ip-10-100-1-186,1003,cap_capable,1,0,"[{'name': 'cap', 'type': 'int', 'value': 'CAP_SYS_ADMIN'}]",0,0
16022.277712,159,1,0,systemd-journal,ip-10-100-1-186,257,openat,4,-2,"[{'name': 'dirfd', 'type': 'int', 'value': -100}, {'name': 'pathname', 'type': 'const char*', 'value': '/run/log/journal/cd4bbb49080545c3aed82cc00b5f152b/system.journal'}, {'name': 'flags', 'type': 'unsigned int', 'value': 'O_RDWR|O_NONBLOCK|O_CLOEXEC'}, {'name': 'mode', 'type': 'int', 'value': 154005284}]",0,0
16022.27777,159,1,0,systemd-journal,ip-10-100-1-186,1003,cap_capable,1,0,"[{'name': 'cap', 'type': 'int', 'value': 'CAP_SYS_ADMIN'}]",0,0
16022.277814,159,1,0,systemd-journal,ip-10-100-1-186,257,openat,4,-2,"[{'name': 'dirfd', 'type': 'int', 'value': -100}, {'name': 'pathname', 'type': 'const char*', 'value': '/run/log/journal/cd4bbb49080545c3aed82cc00b5f152b/system.journal'}, {'name': 'flags', 'type': 'unsigned int', 'value': 'O_RDWR|O_NONBLOCK|O_CLOEXEC'}, {'name': 'mode', 'type': 'int', 'value': 154005284}]",0,0
16022.277872,159,1,0,systemd-journal,ip-10-100-1-186,1003,cap_capable,1,0,"[{'name': 'cap', 'type': 'int', 'value': 'CAP_SYS_ADMIN'}]",0,0
16022.277917,159,1,0,systemd-journal,ip-10-100-1-186,257,openat,4,-2,"[{'name': 'dirfd', 'type': 'int', 'value': -100}, {'name': 'pathname', 'type': 'const char*', 'value': '/run/log/journal/cd4bbb49080545c3aed82cc00b5f152b/system.journal'}, {'name': 'flags', 'type': 'unsigned int', 'value': 'O_RDWR|O_NONBLOCK|O_CLOEXEC'}, {'name': 'mode', 'type': 'int', 'value': 154005284}]",0,0
16022.277975,159,1,0,systemd-journal,ip-10-100-1-186,1003,cap_capable,1,0,"[{'name': 'cap', 'type': 'int', 'value': 'CAP_SYS_ADMIN'}]",0,0
16022.278019,159,1,0,systemd-journal,ip-10-100-1-186,257,openat,4,-2,"[{'name': 'dirfd', 'type': 'int', 'value': -100}, {'name': 'pathname', 'type': 'const char*', 'value': '/run/log/journal/cd4bbb49080545c3aed82cc00b5f152b/system.journal'}, {'name': 'flags', 'type': 'unsigned int', 'value': 'O_RDWR|O_NONBLOCK|O_CLOEXEC'}, {'name': 'mode', 'type': 'int', 'value': 154005284}]",0,0
16022.278078,159,1,0,systemd-journal,ip-10-100-1-186,1003,cap_capable,1,0,"[{'name': 'cap', 'type': 'int', 'value': 'CAP_SYS_ADMIN'}]",0,0
16022.278134,159,1,0,systemd-journal,ip-10-100-1-186,257,openat,4,-2,"[{'name': 'dirfd', 'type': 'int', 'value': -100}, {'name': 'pathname', 'type': 'const char*', 'value': '/run/log/journal/cd4bbb49080545c3aed82cc00b5f152b/system.journal'}, {'name': 'flags', 'type': 'unsigned int', 'value': 'O_RDWR|O_NONBLOCK|O_CLOEXEC'}, {'name': 'mode', 'type': 'int', 'value': 154005284}]",0,0
16022.2782,159,1,0,systemd-journal,ip-10-100-1-186,1003,cap_capable,1,0,"[{'name': 'cap', 'type': 'int', 'value': 'CAP_SYS_ADMIN'}]",0,0
16022.278252,159,1,0,systemd-journal,ip-10-100-1-186,257,openat,4,-2,"[{'name': 'dirfd', 'type': 'int', 'value': -100}, {'name': 'pathname', 'type': 'const char*', 'value': '/run/log/journal/cd4bbb49080545c3aed82cc00b5f152b/system.journal'}, {'name': 'flags', 'type': 'unsigned int', 'value': 'O_RDWR|O_NONBLOCK|O_CLOEXEC'}, {'name': 'mode', 'type': 'int', 'value': 154005284}]",0,0
16022.278317,159,1,0,systemd-journal,ip-10-100-1-186,1003,cap_capable,1,0,"[{'name': 'cap', 'type': 'int', 'value': 'CAP_SYS_ADMIN'}]",0,0
16022.278366,159,1,0,systemd-journal,ip-10-100-1-186,257,openat,4,-2,"[{'name': 'dirfd', 'type': 'int', 'value': -100}, {'name': 'pathname', 'type': 'const char*', 'value': '/run/log/journal/cd4bbb49080545c3aed82cc00b5f152b/system.journal'}, {'name': 'flags', 'type': 'unsigned int', 'value': 'O_RDWR|O_NONBLOCK|O_CLOEXEC'}, {'name': 'mode', 'type': 'int', 'value': 154005284}]",0,0
16022.278431,159,1,0,systemd-journal,ip-10-100-1-186,1003,cap_capable,1,0,"[{'name': 'cap', 'type': 'int', 'value': 'CAP_SYS_ADMIN'}]",0,0
16022.27848,159,1,0,systemd-journal,ip-10-100-1-186,257,openat,4,-2,"[{'name': 'dirfd', 'type': 'int', 'value': -100}, {'name': 'pathname', 'type': 'const char*', 'value': '/run/log/journal/cd4bbb49080545c3aed82cc00b5f152b/system.journal'}, {'name': 'flags', 'type': 'unsigned int', 'value': 'O_RDWR|O_NONBLOCK|O_CLOEXEC'}, {'name': 'mode', 'type': 'int', 'value': 154005284}]",0,0
16022.278544,159,1,0,systemd-journal,ip-10-100-1-186,1003,cap_capable,1,0,"[{'name': 'cap', 'type': 'int', 'value': 'CAP_SYS_ADMIN'}]",0,0
16022.278603,159,1,0,systemd-journal,ip-10-100-1-186,257,openat,4,-2,"[{'name': 'dirfd', 'type': 'int', 'value': -100}, {'name': 'pathname', 'type': 'const char*', 'value': '/run/log/journal/cd4bbb49080545c3aed82cc00b5f152b/system.journal'}, {'name': 'flags', 'type': 'unsigned int', 'value': 'O_RDWR|O_NONBLOCK|O_CLOEXEC'}, {'name': 'mode', 'type': 'int', 'value': 154005284}]",0,0
16022.278708,159,1,0,systemd-journal,ip-10-100-1-186,1003,cap_capable,1,0,"[{'name': 'cap', 'type': 'int', 'value': 'CAP_SYS_ADMIN'}]",0,0
16022.278756,159,1,0,systemd-journal,ip-10-100-1-186,257,openat,4,-2,"[{'name': 'dirfd', 'type': 'int', 'value': -100}, {'name': 'pathname', 'type': 'const char*', 'value': '/run/log/journal/cd4bbb49080545c3aed82cc00b5f152b/system.journal'}, {'name': 'flags', 'type': 'unsigned int', 'value': 'O_RDWR|O_NONBLOCK|O_CLOEXEC'}, {'name': 'mode', 'type': 'int', 'value': 154005284}]",0,0
16022.27883,159,1,0,systemd-journal,ip-10-100-1-186,1003,cap_capable,1,0,"[{'name': 'cap', 'type': 'int', 'value': 'CAP_SYS_ADMIN'}]",0,0
16022.278878,159,1,0,systemd-journal,ip-10-100-1-186,257,openat,4,-2,"[{'name': 'dirfd', 'type': 'int', 'value': -100}, {'name': 'pathname', 'type': 'const char*', 'value': '/run/log/journal/cd4bbb49080545c3aed82cc00b5f152b/system.journal'}, {'name': 'flags', 'type': 'unsigned int', 'value': 'O_RDWR|O_NONBLOCK|O_CLOEXEC'}, {'name': 'mode', 'type': 'int', 'value': 154005284}]",0,0
16022.27894,159,1,0,systemd-journal,ip-10-100-1-186,1003,cap_capable,1,0,"[{'name': 'cap', 'type': 'int', 'value': 'CAP_SYS_ADMIN'}]",0,0
16022.278987,159,1,0,systemd-journal,ip-10-100-1-186,257,openat,4,-2,"[{'name': 'dirfd', 'type': 'int', 'value': -100}, {'name': 'pathname', 'type': 'const char*', 'value': '/run/log/journal/cd4bbb49080545c3aed82cc00b5f152b/system.journal'}, {'name': 'flags', 'type': 'unsigned int', 'value': 'O_RDWR|O_NONBLOCK|O_CLOEXEC'}, {'name': 'mode', 'type': 'int', 'value': 154005284}]",0,0
16022.279049,159,1,0,systemd-journal,ip-10-100-1-186,1003,cap_capable,1,0,"[{'name': 'cap', 'type': 'int', 'value': 'CAP_SYS_ADMIN'}]",0,0
16022.279109,159,1,0,systemd-journal,ip-10-100-1-186,257,openat,4,-2,"[{'name': 'dirfd', 'type': 'int', 'value': -100}, {'name': 'pathname', 'type': 'const char*', 'value': '/run/log/journal/cd4bbb49080545c3aed82cc00b5f152b/system.journal'}, {'name': 'flags', 'type': 'unsigned int', 'value': 'O_RDWR|O_NONBLOCK|O_CLOEXEC'}, {'name': 'mode', 'type': 'int', 'value': 154005284}]",0,0
16022.279167,159,1,0,systemd-journal,ip-10-100-1-186,1003,cap_capable,1,0,"[{'name': 'cap', 'type': 'int', 'value': 'CAP_SYS_ADMIN'}]",0,0
16022.279212,159,1,0,systemd-journal,ip-10-100-1-186,257,openat,4,-2,"[{'name': 'dirfd', 'type': 'int', 'value': -100}, {'name': 'pathname', 'type': 'const char*', 'value': '/run/log/journal/cd4bbb49080545c3aed82cc00b5f152b/system.journal'}, {'name': 'flags', 'type': 'unsigned int', 'value': 'O_RDWR|O_NONBLOCK|O_CLOEXEC'}, {'name': 'mode', 'type': 'int', 'value': 154005284}]",0,0
16022.27927,159,1,0,systemd-journal,ip-10-100-1-186,1003,cap_capable,1,0,"[{'name': 'cap', 'type': 'int', 'value': 'CAP_SYS_ADMIN'}]",0,0
16022.279314,159,1,0,systemd-journal,ip-10-100-1-186,257,openat,4,-2,"[{'name': 'dirfd', 'type': 'int', 'value': -100}, {'name': 'pathname', 'type': 'const char*', 'value': '/run/log/journal/cd4bbb49080545c3aed82cc00b5f152b/system.journal'}, {'name': 'flags', 'type': 'unsigned int', 'value': 'O_RDWR|O_NONBLOCK|O_CLOEXEC'}, {'name': 'mode', 'type': 'int', 'value': 154005284}]",0,0
16022.279372,159,1,0,systemd-journal,ip-10-100-1-186,1003,cap_capable,1,0,"[{'name': 'cap', 'type': 'int', 'value': 'CAP_SYS_ADMIN'}]",0,0
16022.279416,159,1,0,systemd-journal,ip-10-100-1-186,257,openat,4,-2,"[{'name': 'dirfd', 'type': 'int', 'value': -100}, {'name': 'pathname', 'type': 'const char*', 'value': '/run/log/journal/cd4bbb49080545c3aed82cc00b5f152b/system.journal'}, {'name': 'flags', 'type': 'unsigned int', 'value': 'O_RDWR|O_NONBLOCK|O_CLOEXEC'}, {'name': 'mode', 'type': 'int', 'value': 154005284}]",0,0
16022.279474,159,1,0,systemd-journal,ip-10-100-1-186,1003,cap_capable,1,0,"[{'name': 'cap', 'type': 'int', 'value': 'CAP_SYS_ADMIN'}]",0,0
16022.279529,159,1,0,systemd-journal,ip-10-100-1-186,257,openat,4,-2,"[{'name': 'dirfd', 'type': 'int', 'value': -100}, {'name': 'pathname', 'type': 'const char*', 'value': '/run/log/journal/cd4bbb49080545c3aed82cc00b5f152b/system.journal'}, {'name': 'flags', 'type': 'unsigned int', 'value': 'O_RDWR|O_NONBLOCK|O_CLOEXEC'}, {'name': 'mode', 'type': 'int', 'value': 154005284}]",0,0
16022.279593,159,1,0,systemd-journal,ip-10-100-1-186,1003,cap_capable,1,0,"[{'name': 'cap', 'type': 'int', 'value': 'CAP_SYS_ADMIN'}]",0,0
16022.279643,159,1,0,systemd-journal,ip-10-100-1-186,257,openat,4,-2,"[{'name': 'dirfd', 'type': 'int', 'value': -100}, {'name': 'pathname', 'type': 'const char*', 'value': '/run/log/journal/cd4bbb49080545c3aed82cc00b5f152b/system.journal'}, {'name': 'flags', 'type': 'unsigned int', 'value': 'O_RDWR|O_NONBLOCK|O_CLOEXEC'}, {'name': 'mode', 'type': 'int', 'value': 154005284}]",0,0
16022.279705,159,1,0,systemd-journal,ip-10-100-1-186,1003,cap_capable,1,0,"[{'name': 'cap', 'type': 'int', 'value': 'CAP_SYS_ADMIN'}]",0,0
16022.279764,159,1,0,systemd-journal,ip-10-100-1-186,257,openat,4,-2,"[{'name': 'dirfd', 'type': 'int', 'value': -100}, {'name': 'pathname', 'type': 'const char*', 'value': '/run/log/journal/cd4bbb49080545c3aed82cc00b5f152b/system.journal'}, {'name': 'flags', 'type': 'unsigned int', 'value': 'O_RDWR|O_NONBLOCK|O_CLOEXEC'}, {'name': 'mode', 'type': 'int', 'value': 154005284}]",0,0
16022.279891,159,1,0,systemd-journal,ip-10-100-1-186,1003,cap_capable,1,0,"[{'name': 'cap', 'type': 'int', 'value': 'CAP_SYS_ADMIN'}]",0,0
16022.279913,159,1,0,systemd-journal,ip-10-100-1-186,1003,cap_capable,1,0,"[{'name': 'cap', 'type': 'int', 'value': 'CAP_SETUID'}]",0,0
16022.279943,159,1,0,systemd-journal,ip-10-100-1-186,1003,cap_capable,1,0,"[{'name': 'cap', 'type': 'int', 'value': 'CAP_SETGID'}]",0,0
16022.279993,159,1,0,systemd-journal,ip-10-100-1-186,257,openat,4,-2,"[{'name': 'dirfd', 'type': 'int', 'value': -100}, {'name': 'pathname', 'type': 'const char*', 'value': '/run/log/journal/cd4bbb49080545c3aed82cc00b5f152b/system.journal'}, {'name': 'flags', 'type': 'unsigned int', 'value': 'O_RDWR|O_NONBLOCK|O_CLOEXEC'}, {'name': 'mode', 'type': 'int', 'value': 154005284}]",0,0
16022.280119,159,1,0,systemd-journal,ip-10-100-1-186,1003,cap_capable,1,0,"[{'name': 'cap', 'type': 'int', 'value': 'CAP_SYS_ADMIN'}]",0,0
16022.280171,159,1,0,systemd-journal,ip-10-100-1-186,257,openat,4,-2,"[{'name': 'dirfd', 'type': 'int', 'value': -100}, {'name': 'pathname', 'type': 'const char*', 'value': '/run/log/journal/cd4bbb49080545c3aed82cc00b5f152b/system.journal'}, {'name': 'flags', 'type': 'unsigned int', 'value': 'O_RDWR|O_NONBLOCK|O_CLOEXEC'}, {'name': 'mode', 'type': 'int', 'value': 154005284}]",0,0
16022.280238,159,1,0,systemd-journal,ip-10-100-1-186,1003,cap_capable,1,0,"[{'name': 'cap', 'type': 'int', 'value': 'CAP_SYS_ADMIN'}]",0,0
16022.280287,159,1,0,systemd-journal,ip-10-100-1-186,257,openat,4,-2,"[{'name': 'dirfd', 'type': 'int', 'value': -100}, {'name': 'pathname', 'type': 'const char*', 'value': '/run/log/journal/cd4bbb49080545c3aed82cc00b5f152b/system.journal'}, {'name': 'flags', 'type': 'unsigned int', 'value': 'O_RDWR|O_NONBLOCK|O_CLOEXEC'}, {'name': 'mode', 'type': 'int', 'value': 154005284}]",0,0
16022.280352,159,1,0,systemd-journal,ip-10-100-1-186,1003,cap_capable,1,0,"[{'name': 'cap', 'type': 'int', 'value': 'CAP_SYS_ADMIN'}]",0,0
16022.280401,159,1,0,systemd-journal,ip-10-100-1-186,257,openat,4,-2,"[{'name': 'dirfd', 'type': 'int', 'value': -100}, {'name': 'pathname', 'type': 'const char*', 'value': '/run/log/journal/cd4bbb49080545c3aed82cc00b5f152b/system.journal'}, {'name': 'flags', 'type': 'unsigned int', 'value': 'O_RDWR|O_NONBLOCK|O_CLOEXEC'}, {'name': 'mode', 'type': 'int', 'value': 154005284}]",0,0
16022.280465,159,1,0,systemd-journal,ip-10-100-1-186,1003,cap_capable,1,0,"[{'name': 'cap', 'type': 'int', 'value': 'CAP_SYS_ADMIN'}]",0,0
16022.280514,159,1,0,systemd-journal,ip-10-100-1-186,257,openat,4,-2,"[{'name': 'dirfd', 'type': 'int', 'value': -100}, {'name': 'pathname', 'type': 'const char*', 'value': '/run/log/journal/cd4bbb49080545c3aed82cc00b5f152b/system.journal'}, {'name': 'flags', 'type': 'unsigned int', 'value': 'O_RDWR|O_NONBLOCK|O_CLOEXEC'}, {'name': 'mode', 'type': 'int', 'value': 154005284}]",0,0
16022.280578,159,1,0,systemd-journal,ip-10-100-1-186,1003,cap_capable,1,0,"[{'name': 'cap', 'type': 'int', 'value': 'CAP_SYS_ADMIN'}]",0,0
16022.280627,159,1,0,systemd-journal,ip-10-100-1-186,257,openat,4,-2,"[{'name': 'dirfd', 'type': 'int', 'value': -100}, {'name': 'pathname', 'type': 'const char*', 'value': '/run/log/journal/cd4bbb49080545c3aed82cc00b5f152b/system.journal'}, {'name': 'flags', 'type': 'unsigned int', 'value': 'O_RDWR|O_NONBLOCK|O_CLOEXEC'}, {'name': 'mode', 'type': 'int', 'value': 154005284}]",0,0
16022.280691,159,1,0,systemd-journal,ip-10-100-1-186,1003,cap_capable,1,0,"[{'name': 'cap', 'type': 'int', 'value': 'CAP_SYS_ADMIN'}]",0,0
16022.297563,506,1,104,rs:main Q:Reg,ip-10-100-1-186,62,kill,2,0,"[{'name': 'pid', 'type': 'pid_t', 'value': 506}, {'name': 'sig', 'type': 'int', 'value': 22}]",0,0
16022.297743,506,1,104,rs:main Q:Reg,ip-10-100-1-186,62,kill,2,0,"[{'name': 'pid', 'type': 'pid_t', 'value': 506}, {'name': 'sig', 'type': 'int', 'value': 22}]",0,0
16022.297876,506,1,104,rs:main Q:Reg,ip-10-100-1-186,1003,cap_capable,1,0,"[{'name': 'cap', 'type': 'int', 'value': 'CAP_SYS_RESOURCE'}]",0,0
16022.297906,506,1,104,rs:main Q:Reg,ip-10-100-1-186,1003,cap_capable,1,0,"[{'name': 'cap', 'type': 'int', 'value': 'CAP_SYS_RESOURCE'}]",0,0
16022.316716,159,1,0,systemd-journal,ip-10-100-1-186,257,openat,4,-2,"[{'name': 'dirfd', 'type': 'int', 'value': -100}, {'name': 'pathname', 'type': 'const char*', 'value': '/run/log/journal/cd4bbb49080545c3aed82cc00b5f152b/system.journal'}, {'name': 'flags', 'type': 'unsigned int', 'value': 'O_RDWR|O_NONBLOCK|O_CLOEXEC'}, {'name': 'mode', 'type': 'int', 'value': 154005284}]",0,0
16022.316852,159,1,0,systemd-journal,ip-10-100-1-186,1003,cap_capable,1,0,"[{'name': 'cap', 'type': 'int', 'value': 'CAP_SYS_ADMIN'}]",0,0
16022.31692,159,1,0,systemd-journal,ip-10-100-1-186,257,openat,4,-2,"[{'name': 'dirfd', 'type': 'int', 'value': -100}, {'name': 'pathname', 'type': 'const char*', 'value': '/run/log/journal/cd4bbb49080545c3aed82cc00b5f152b/system.journal'}, {'name': 'flags', 'type': 'unsigned int', 'value': 'O_RDWR|O_NONBLOCK|O_CLOEXEC'}, {'name': 'mode', 'type': 'int', 'value': 154005284}]",0,0
16022.316997,159,1,0,systemd-journal,ip-10-100-1-186,1003,cap_capable,1,0,"[{'name': 'cap', 'type': 'int', 'value': 'CAP_SYS_ADMIN'}]",0,0
16022.317046,159,1,0,systemd-journal,ip-10-100-1-186,257,openat,4,-2,"[{'name': 'dirfd', 'type': 'int', 'value': -100}, {'name': 'pathname', 'type': 'const char*', 'value': '/run/log/journal/cd4bbb49080545c3aed82cc00b5f152b/system.journal'}, {'name': 'flags', 'type': 'unsigned int', 'value': 'O_RDWR|O_NONBLOCK|O_CLOEXEC'}, {'name': 'mode', 'type': 'int', 'value': 154005284}]",0,0
16022.317106,159,1,0,systemd-journal,ip-10-100-1-186,1003,cap_capable,1,0,"[{'name': 'cap', 'type': 'int', 'value': 'CAP_SYS_ADMIN'}]",0,0
16022.317151,159,1,0,systemd-journal,ip-10-100-1-186,257,openat,4,-2,"[{'name': 'dirfd', 'type': 'int', 'value': -100}, {'name': 'pathname', 'type': 'const char*', 'value': '/run/log/journal/cd4bbb49080545c3aed82cc00b5f152b/system.journal'}, {'name': 'flags', 'type': 'unsigned int', 'value': 'O_RDWR|O_NONBLOCK|O_CLOEXEC'}, {'name': 'mode', 'type': 'int', 'value': 154005284}]",0,0
16022.317225,159,1,0,systemd-journal,ip-10-100-1-186,1003,cap_capable,1,0,"[{'name': 'cap', 'type': 'int', 'value': 'CAP_SYS_ADMIN'}]",0,0
16022.317273,159,1,0,systemd-journal,ip-10-100-1-186,257,openat,4,-2,"[{'name': 'dirfd', 'type': 'int', 'value': -100}, {'name': 'pathname', 'type': 'const char*', 'value': '/run/log/journal/cd4bbb49080545c3aed82cc00b5f152b/system.journal'}, {'name': 'flags', 'type': 'unsigned int', 'value': 'O_RDWR|O_NONBLOCK|O_CLOEXEC'}, {'name': 'mode', 'type': 'int', 'value': 154005284}]",0,0
16022.317332,159,1,0,systemd-journal,ip-10-100-1-186,1003,cap_capable,1,0,"[{'name': 'cap', 'type': 'int', 'value': 'CAP_SYS_ADMIN'}]",0,0
16022.317376,159,1,0,systemd-journal,ip-10-100-1-186,257,openat,4,-2,"[{'name': 'dirfd', 'type': 'int', 'value': -100}, {'name': 'pathname', 'type': 'const char*', 'value': '/run/log/journal/cd4bbb49080545c3aed82cc00b5f152b/system.journal'}, {'name': 'flags', 'type': 'unsigned int', 'value': 'O_RDWR|O_NONBLOCK|O_CLOEXEC'}, {'name': 'mode', 'type': 'int', 'value': 154005284}]",0,0
16022.317447,159,1,0,systemd-journal,ip-10-100-1-186,1003,cap_capable,1,0,"[{'name': 'cap', 'type': 'int', 'value': 'CAP_SYS_ADMIN'}]",0,0
16022.317508,159,1,0,systemd-journal,ip-10-100-1-186,257,openat,4,-2,"[{'name': 'dirfd', 'type': 'int', 'value': -100}, {'name': 'pathname', 'type': 'const char*', 'value': '/run/log/journal/cd4bbb49080545c3aed82cc00b5f152b/system.journal'}, {'name': 'flags', 'type': 'unsigned int', 'value': 'O_RDWR|O_NONBLOCK|O_CLOEXEC'}, {'name': 'mode', 'type': 'int', 'value': 154005284}]",0,0
16022.317573,159,1,0,systemd-journal,ip-10-100-1-186,1003,cap_capable,1,0,"[{'name': 'cap', 'type': 'int', 'value': 'CAP_SYS_ADMIN'}]",0,0
16022.317622,159,1,0,systemd-journal,ip-10-100-1-186,257,openat,4,-2,"[{'name': 'dirfd', 'type': 'int', 'value': -100}, {'name': 'pathname', 'type': 'const char*', 'value': '/run/log/journal/cd4bbb49080545c3aed82cc00b5f152b/system.journal'}, {'name': 'flags', 'type': 'unsigned int', 'value': 'O_RDWR|O_NONBLOCK|O_CLOEXEC'}, {'name': 'mode', 'type': 'int', 'value': 154005284}]",0,0
16022.317686,159,1,0,systemd-journal,ip-10-100-1-186,1003,cap_capable,1,0,"[{'name': 'cap', 'type': 'int', 'value': 'CAP_SYS_ADMIN'}]",0,0
16022.317734,159,1,0,systemd-journal,ip-10-100-1-186,257,openat,4,-2,"[{'name': 'dirfd', 'type': 'int', 'value': -100}, {'name': 'pathname', 'type': 'const char*', 'value': '/run/log/journal/cd4bbb49080545c3aed82cc00b5f152b/system.journal'}, {'name': 'flags', 'type': 'unsigned int', 'value': 'O_RDWR|O_NONBLOCK|O_CLOEXEC'}, {'name': 'mode', 'type': 'int', 'value': 154005284}]",0,0
16022.317822,159,1,0,systemd-journal,ip-10-100-1-186,1003,cap_capable,1,0,"[{'name': 'cap', 'type': 'int', 'value': 'CAP_SYS_ADMIN'}]",0,0
16022.317866,159,1,0,systemd-journal,ip-10-100-1-186,257,openat,4,-2,"[{'name': 'dirfd', 'type': 'int', 'value': -100}, {'name': 'pathname', 'type': 'const char*', 'value': '/run/log/journal/cd4bbb49080545c3aed82cc00b5f152b/system.journal'}, {'name': 'flags', 'type': 'unsigned int', 'value': 'O_RDWR|O_NONBLOCK|O_CLOEXEC'}, {'name': 'mode', 'type': 'int', 'value': 154005284}]",0,0
16022.317924,159,1,0,systemd-journal,ip-10-100-1-186,1003,cap_capable,1,0,"[{'name': 'cap', 'type': 'int', 'value': 'CAP_SYS_ADMIN'}]",0,0
16022.317968,159,1,0,systemd-journal,ip-10-100-1-186,257,openat,4,-2,"[{'name': 'dirfd', 'type': 'int', 'value': -100}, {'name': 'pathname', 'type': 'const char*', 'value': '/run/log/journal/cd4bbb49080545c3aed82cc00b5f152b/system.journal'}, {'name': 'flags', 'type': 'unsigned int', 'value': 'O_RDWR|O_NONBLOCK|O_CLOEXEC'}, {'name': 'mode', 'type': 'int', 'value': 154005284}]",0,0
16022.318038,159,1,0,systemd-journal,ip-10-100-1-186,1003,cap_capable,1,0,"[{'name': 'cap', 'type': 'int', 'value': 'CAP_SYS_ADMIN'}]",0,0
16022.318085,159,1,0,systemd-journal,ip-10-100-1-186,257,openat,4,-2,"[{'name': 'dirfd', 'type': 'int', 'value': -100}, {'name': 'pathname', 'type': 'const char*', 'value': '/run/log/journal/cd4bbb49080545c3aed82cc00b5f152b/system.journal'}, {'name': 'flags', 'type': 'unsigned int', 'value': 'O_RDWR|O_NONBLOCK|O_CLOEXEC'}, {'name': 'mode', 'type': 'int', 'value': 154005284}]",0,0
16022.318149,159,1,0,systemd-journal,ip-10-100-1-186,1003,cap_capable,1,0,"[{'name': 'cap', 'type': 'int', 'value': 'CAP_SYS_ADMIN'}]",0,0
16022.318195,159,1,0,systemd-journal,ip-10-100-1-186,257,openat,4,-2,"[{'name': 'dirfd', 'type': 'int', 'value': -100}, {'name': 'pathname', 'type': 'const char*', 'value': '/run/log/journal/cd4bbb49080545c3aed82cc00b5f152b/system.journal'}, {'name': 'flags', 'type': 'unsigned int', 'value': 'O_RDWR|O_NONBLOCK|O_CLOEXEC'}, {'name': 'mode', 'type': 'int', 'value': 154005284}]",0,0
16022.318259,159,1,0,systemd-journal,ip-10-100-1-186,1003,cap_capable,1,0,"[{'name': 'cap', 'type': 'int', 'value': 'CAP_SYS_ADMIN'}]",0,0
16022.318304,159,1,0,systemd-journal,ip-10-100-1-186,257,openat,4,-2,"[{'name': 'dirfd', 'type': 'int', 'value': -100}, {'name': 'pathname', 'type': 'const char*', 'value': '/run/log/journal/cd4bbb49080545c3aed82cc00b5f152b/system.journal'}, {'name': 'flags', 'type': 'unsigned int', 'value': 'O_RDWR|O_NONBLOCK|O_CLOEXEC'}, {'name': 'mode', 'type': 'int', 'value': 154005284}]",0,0
16022.318368,159,1,0,systemd-journal,ip-10-100-1-186,1003,cap_capable,1,0,"[{'name': 'cap', 'type': 'int', 'value': 'CAP_SYS_ADMIN'}]",0,0
16022.318417,159,1,0,systemd-journal,ip-10-100-1-186,257,openat,4,-2,"[{'name': 'dirfd', 'type': 'int', 'value': -100}, {'name': 'pathname', 'type': 'const char*', 'value': '/run/log/journal/cd4bbb49080545c3aed82cc00b5f152b/system.journal'}, {'name': 'flags', 'type': 'unsigned int', 'value': 'O_RDWR|O_NONBLOCK|O_CLOEXEC'}, {'name': 'mode', 'type': 'int', 'value': 154005284}]",0,0
16022.318476,159,1,0,systemd-journal,ip-10-100-1-186,1003,cap_capable,1,0,"[{'name': 'cap', 'type': 'int', 'value': 'CAP_SYS_ADMIN'}]",0,0
16022.318521,159,1,0,systemd-journal,ip-10-100-1-186,257,openat,4,-2,"[{'name': 'dirfd', 'type': 'int', 'value': -100}, {'name': 'pathname', 'type': 'const char*', 'value': '/run/log/journal/cd4bbb49080545c3aed82cc00b5f152b/system.journal'}, {'name': 'flags', 'type': 'unsigned int', 'value': 'O_RDWR|O_NONBLOCK|O_CLOEXEC'}, {'name': 'mode', 'type': 'int', 'value': 154005284}]",0,0
16022.318579,159,1,0,systemd-journal,ip-10-100-1-186,1003,cap_capable,1,0,"[{'name': 'cap', 'type': 'int', 'value': 'CAP_SYS_ADMIN'}]",0,0
16022.318623,159,1,0,systemd-journal,ip-10-100-1-186,257,openat,4,-2,"[{'name': 'dirfd', 'type': 'int', 'value': -100}, {'name': 'pathname', 'type': 'const char*', 'value': '/run/log/journal/cd4bbb49080545c3aed82cc00b5f152b/system.journal'}, {'name': 'flags', 'type': 'unsigned int', 'value': 'O_RDWR|O_NONBLOCK|O_CLOEXEC'}, {'name': 'mode', 'type': 'int', 'value': 154005284}]",0,0
16022.318736,159,1,0,systemd-journal,ip-10-100-1-186,1003,cap_capable,1,0,"[{'name': 'cap', 'type': 'int', 'value': 'CAP_SYS_ADMIN'}]",0,0
16022.318784,159,1,0,systemd-journal,ip-10-100-1-186,257,openat,4,-2,"[{'name': 'dirfd', 'type': 'int', 'value': -100}, {'name': 'pathname', 'type': 'const char*', 'value': '/run/log/journal/cd4bbb49080545c3aed82cc00b5f152b/system.journal'}, {'name': 'flags', 'type': 'unsigned int', 'value': 'O_RDWR|O_NONBLOCK|O_CLOEXEC'}, {'name': 'mode', 'type': 'int', 'value': 154005284}]",0,0
16022.318844,159,1,0,systemd-journal,ip-10-100-1-186,1003,cap_capable,1,0,"[{'name': 'cap', 'type': 'int', 'value': 'CAP_SYS_ADMIN'}]",0,0
16022.318888,159,1,0,systemd-journal,ip-10-100-1-186,257,openat,4,-2,"[{'name': 'dirfd', 'type': 'int', 'value': -100}, {'name': 'pathname', 'type': 'const char*', 'value': '/run/log/journal/cd4bbb49080545c3aed82cc00b5f152b/system.journal'}, {'name': 'flags', 'type': 'unsigned int', 'value': 'O_RDWR|O_NONBLOCK|O_CLOEXEC'}, {'name': 'mode', 'type': 'int', 'value': 154005284}]",0,0
16022.318947,159,1,0,systemd-journal,ip-10-100-1-186,1003,cap_capable,1,0,"[{'name': 'cap', 'type': 'int', 'value': 'CAP_SYS_ADMIN'}]",0,0
16022.318991,159,1,0,systemd-journal,ip-10-100-1-186,257,openat,4,-2,"[{'name': 'dirfd', 'type': 'int', 'value': -100}, {'name': 'pathname', 'type': 'const char*', 'value': '/run/log/journal/cd4bbb49080545c3aed82cc00b5f152b/system.journal'}, {'name': 'flags', 'type': 'unsigned int', 'value': 'O_RDWR|O_NONBLOCK|O_CLOEXEC'}, {'name': 'mode', 'type': 'int', 'value': 154005284}]",0,0
16022.319063,159,1,0,systemd-journal,ip-10-100-1-186,1003,cap_capable,1,0,"[{'name': 'cap', 'type': 'int', 'value': 'CAP_SYS_ADMIN'}]",0,0
16022.319122,159,1,0,systemd-journal,ip-10-100-1-186,257,openat,4,-2,"[{'name': 'dirfd', 'type': 'int', 'value': -100}, {'name': 'pathname', 'type': 'const char*', 'value': '/run/log/journal/cd4bbb49080545c3aed82cc00b5f152b/system.journal'}, {'name': 'flags', 'type': 'unsigned int', 'value': 'O_RDWR|O_NONBLOCK|O_CLOEXEC'}, {'name': 'mode', 'type': 'int', 'value': 154005284}]",0,0
16022.319181,159,1,0,systemd-journal,ip-10-100-1-186,1003,cap_capable,1,0,"[{'name': 'cap', 'type': 'int', 'value': 'CAP_SYS_ADMIN'}]",0,0
16022.319226,159,1,0,systemd-journal,ip-10-100-1-186,257,openat,4,-2,"[{'name': 'dirfd', 'type': 'int', 'value': -100}, {'name': 'pathname', 'type': 'const char*', 'value': '/run/log/journal/cd4bbb49080545c3aed82cc00b5f152b/system.journal'}, {'name': 'flags', 'type': 'unsigned int', 'value': 'O_RDWR|O_NONBLOCK|O_CLOEXEC'}, {'name': 'mode', 'type': 'int', 'value': 154005284}]",0,0
16022.319361,159,1,0,systemd-journal,ip-10-100-1-186,257,openat,4,-2,"[{'name': 'dirfd', 'type': 'int', 'value': -100}, {'name': 'pathname', 'type': 'const char*', 'value': '/run/log/journal/cd4bbb49080545c3aed82cc00b5f152b/system.journal'}, {'name': 'flags', 'type': 'unsigned int', 'value': 'O_RDWR|O_NONBLOCK|O_CLOEXEC'}, {'name': 'mode', 'type': 'int', 'value': 154005284}]",0,0
16022.319312,159,1,0,systemd-journal,ip-10-100-1-186,1003,cap_capable,1,0,"[{'name': 'cap', 'type': 'int', 'value': 'CAP_SYS_ADMIN'}]",0,0
16022.319425,159,1,0,systemd-journal,ip-10-100-1-186,1003,cap_capable,1,0,"[{'name': 'cap', 'type': 'int', 'value': 'CAP_SYS_ADMIN'}]",0,0
16022.319473,159,1,0,systemd-journal,ip-10-100-1-186,257,openat,4,-2,"[{'name': 'dirfd', 'type': 'int', 'value': -100}, {'name': 'pathname', 'type': 'const char*', 'value': '/run/log/journal/cd4bbb49080545c3aed82cc00b5f152b/system.journal'}, {'name': 'flags', 'type': 'unsigned int', 'value': 'O_RDWR|O_NONBLOCK|O_CLOEXEC'}, {'name': 'mode', 'type': 'int', 'value': 154005284}]",0,0
16022.319537,159,1,0,systemd-journal,ip-10-100-1-186,1003,cap_capable,1,0,"[{'name': 'cap', 'type': 'int', 'value': 'CAP_SYS_ADMIN'}]",0,0
16022.319597,159,1,0,systemd-journal,ip-10-100-1-186,257,openat,4,-2,"[{'name': 'dirfd', 'type': 'int', 'value': -100}, {'name': 'pathname', 'type': 'const char*', 'value': '/run/log/journal/cd4bbb49080545c3aed82cc00b5f152b/system.journal'}, {'name': 'flags', 'type': 'unsigned int', 'value': 'O_RDWR|O_NONBLOCK|O_CLOEXEC'}, {'name': 'mode', 'type': 'int', 'value': 154005284}]",0,0
16022.319666,159,1,0,systemd-journal,ip-10-100-1-186,1003,cap_capable,1,0,"[{'name': 'cap', 'type': 'int', 'value': 'CAP_SYS_ADMIN'}]",0,0
16022.319727,159,1,0,systemd-journal,ip-10-100-1-186,257,openat,4,-2,"[{'name': 'dirfd', 'type': 'int', 'value': -100}, {'name': 'pathname', 'type': 'const char*', 'value': '/run/log/journal/cd4bbb49080545c3aed82cc00b5f152b/system.journal'}, {'name': 'flags', 'type': 'unsigned int', 'value': 'O_RDWR|O_NONBLOCK|O_CLOEXEC'}, {'name': 'mode', 'type': 'int', 'value': 154005284}]",0,0
16022.319786,159,1,0,systemd-journal,ip-10-100-1-186,1003,cap_capable,1,0,"[{'name': 'cap', 'type': 'int', 'value': 'CAP_SYS_ADMIN'}]",0,0
16022.319833,159,1,0,systemd-journal,ip-10-100-1-186,257,openat,4,-2,"[{'name': 'dirfd', 'type': 'int', 'value': -100}, {'name': 'pathname', 'type': 'const char*', 'value': '/run/log/journal/cd4bbb49080545c3aed82cc00b5f152b/system.journal'}, {'name': 'flags', 'type': 'unsigned int', 'value': 'O_RDWR|O_NONBLOCK|O_CLOEXEC'}, {'name': 'mode', 'type': 'int', 'value': 154005284}]",0,0
16022.319892,159,1,0,systemd-journal,ip-10-100-1-186,1003,cap_capable,1,0,"[{'name': 'cap', 'type': 'int', 'value': 'CAP_SYS_ADMIN'}]",0,0
16022.319936,159,1,0,systemd-journal,ip-10-100-1-186,257,openat,4,-2,"[{'name': 'dirfd', 'type': 'int', 'value': -100}, {'name': 'pathname', 'type': 'const char*', 'value': '/run/log/journal/cd4bbb49080545c3aed82cc00b5f152b/system.journal'}, {'name': 'flags', 'type': 'unsigned int', 'value': 'O_RDWR|O_NONBLOCK|O_CLOEXEC'}, {'name': 'mode', 'type': 'int', 'value': 154005284}]",0,0
16022.319994,159,1,0,systemd-journal,ip-10-100-1-186,1003,cap_capable,1,0,"[{'name': 'cap', 'type': 'int', 'value': 'CAP_SYS_ADMIN'}]",0,0
16022.320038,159,1,0,systemd-journal,ip-10-100-1-186,257,openat,4,-2,"[{'name': 'dirfd', 'type': 'int', 'value': -100}, {'name': 'pathname', 'type': 'const char*', 'value': '/run/log/journal/cd4bbb49080545c3aed82cc00b5f152b/system.journal'}, {'name': 'flags', 'type': 'unsigned int', 'value': 'O_RDWR|O_NONBLOCK|O_CLOEXEC'}, {'name': 'mode', 'type': 'int', 'value': 154005284}]",0,0
16022.320198,159,1,0,systemd-journal,ip-10-100-1-186,1003,cap_capable,1,0,"[{'name': 'cap', 'type': 'int', 'value': 'CAP_SYS_ADMIN'}]",0,0
16022.320096,159,1,0,systemd-journal,ip-10-100-1-186,1003,cap_capable,1,0,"[{'name': 'cap', 'type': 'int', 'value': 'CAP_SYS_ADMIN'}]",0,0
16022.32014,159,1,0,systemd-journal,ip-10-100-1-186,257,openat,4,-2,"[{'name': 'dirfd', 'type': 'int', 'value': -100}, {'name': 'pathname', 'type': 'const char*', 'value': '/run/log/journal/cd4bbb49080545c3aed82cc00b5f152b/system.journal'}, {'name': 'flags', 'type': 'unsigned int', 'value': 'O_RDWR|O_NONBLOCK|O_CLOEXEC'}, {'name': 'mode', 'type': 'int', 'value': 154005284}]",0,0
16022.320242,159,1,0,systemd-journal,ip-10-100-1-186,257,openat,4,-2,"[{'name': 'dirfd', 'type': 'int', 'value': -100}, {'name': 'pathname', 'type': 'const char*', 'value': '/run/log/journal/cd4bbb49080545c3aed82cc00b5f152b/system.journal'}, {'name': 'flags', 'type': 'unsigned int', 'value': 'O_RDWR|O_NONBLOCK|O_CLOEXEC'}, {'name': 'mode', 'type': 'int', 'value': 154005284}]",0,0
16022.3203,159,1,0,systemd-journal,ip-10-100-1-186,1003,cap_capable,1,0,"[{'name': 'cap', 'type': 'int', 'value': 'CAP_SYS_ADMIN'}]",0,0
16022.320371,159,1,0,systemd-journal,ip-10-100-1-186,257,openat,4,-2,"[{'name': 'dirfd', 'type': 'int', 'value': -100}, {'name': 'pathname', 'type': 'const char*', 'value': '/run/log/journal/cd4bbb49080545c3aed82cc00b5f152b/system.journal'}, {'name': 'flags', 'type': 'unsigned int', 'value': 'O_RDWR|O_NONBLOCK|O_CLOEXEC'}, {'name': 'mode', 'type': 'int', 'value': 154005284}]",0,0
16022.320429,159,1,0,systemd-journal,ip-10-100-1-186,1003,cap_capable,1,0,"[{'name': 'cap', 'type': 'int', 'value': 'CAP_SYS_ADMIN'}]",0,0
16022.320474,159,1,0,systemd-journal,ip-10-100-1-186,257,openat,4,-2,"[{'name': 'dirfd', 'type': 'int', 'value': -100}, {'name': 'pathname', 'type': 'const char*', 'value': '/run/log/journal/cd4bbb49080545c3aed82cc00b5f152b/system.journal'}, {'name': 'flags', 'type': 'unsigned int', 'value': 'O_RDWR|O_NONBLOCK|O_CLOEXEC'}, {'name': 'mode', 'type': 'int', 'value': 154005284}]",0,0
16022.320532,159,1,0,systemd-journal,ip-10-100-1-186,1003,cap_capable,1,0,"[{'name': 'cap', 'type': 'int', 'value': 'CAP_SYS_ADMIN'}]",0,0
16022.320579,159,1,0,systemd-journal,ip-10-100-1-186,257,openat,4,-2,"[{'name': 'dirfd', 'type': 'int', 'value': -100}, {'name': 'pathname', 'type': 'const char*', 'value': '/run/log/journal/cd4bbb49080545c3aed82cc00b5f152b/system.journal'}, {'name': 'flags', 'type': 'unsigned int', 'value': 'O_RDWR|O_NONBLOCK|O_CLOEXEC'}, {'name': 'mode', 'type': 'int', 'value': 154005284}]",0,0
16022.320637,159,1,0,systemd-journal,ip-10-100-1-186,1003,cap_capable,1,0,"[{'name': 'cap', 'type': 'int', 'value': 'CAP_SYS_ADMIN'}]",0,0
16022.32481,159,1,0,systemd-journal,ip-10-100-1-186,1003,cap_capable,1,0,"[{'name': 'cap', 'type': 'int', 'value': 'CAP_SYS_ADMIN'}]",0,0
16022.32493,159,1,0,systemd-journal,ip-10-100-1-186,1003,cap_capable,1,0,"[{'name': 'cap', 'type': 'int', 'value': 'CAP_SYS_ADMIN'}]",0,0
16022.324868,159,1,0,systemd-journal,ip-10-100-1-186,257,openat,4,-2,"[{'name': 'dirfd', 'type': 'int', 'value': -100}, {'name': 'pathname', 'type': 'const char*', 'value': '/run/log/journal/cd4bbb49080545c3aed82cc00b5f152b/system.journal'}, {'name': 'flags', 'type': 'unsigned int', 'value': 'O_RDWR|O_NONBLOCK|O_CLOEXEC'}, {'name': 'mode', 'type': 'int', 'value': 154005284}]",0,0
16022.324975,159,1,0,systemd-journal,ip-10-100-1-186,257,openat,4,-2,"[{'name': 'dirfd', 'type': 'int', 'value': -100}, {'name': 'pathname', 'type': 'const char*', 'value': '/run/log/journal/cd4bbb49080545c3aed82cc00b5f152b/system.journal'}, {'name': 'flags', 'type': 'unsigned int', 'value': 'O_RDWR|O_NONBLOCK|O_CLOEXEC'}, {'name': 'mode', 'type': 'int', 'value': 154005284}]",0,0
16022.320694,159,1,0,systemd-journal,ip-10-100-1-186,257,openat,4,-2,"[{'name': 'dirfd', 'type': 'int', 'value': -100}, {'name': 'pathname', 'type': 'const char*', 'value': '/run/log/journal/cd4bbb49080545c3aed82cc00b5f152b/system.journal'}, {'name': 'flags', 'type': 'unsigned int', 'value': 'O_RDWR|O_NONBLOCK|O_CLOEXEC'}, {'name': 'mode', 'type': 'int', 'value': 154005284}]",0,0
16022.325051,159,1,0,systemd-journal,ip-10-100-1-186,1003,cap_capable,1,0,"[{'name': 'cap', 'type': 'int', 'value': 'CAP_SYS_ADMIN'}]",0,0
16022.325101,159,1,0,systemd-journal,ip-10-100-1-186,257,openat,4,-2,"[{'name': 'dirfd', 'type': 'int', 'value': -100}, {'name': 'pathname', 'type': 'const char*', 'value': '/run/log/journal/cd4bbb49080545c3aed82cc00b5f152b/system.journal'}, {'name': 'flags', 'type': 'unsigned int', 'value': 'O_RDWR|O_NONBLOCK|O_CLOEXEC'}, {'name': 'mode', 'type': 'int', 'value': 154005284}]",0,0
16022.325166,159,1,0,systemd-journal,ip-10-100-1-186,1003,cap_capable,1,0,"[{'name': 'cap', 'type': 'int', 'value': 'CAP_SYS_ADMIN'}]",0,0
16022.325215,159,1,0,systemd-journal,ip-10-100-1-186,257,openat,4,-2,"[{'name': 'dirfd', 'type': 'int', 'value': -100}, {'name': 'pathname', 'type': 'const char*', 'value': '/run/log/journal/cd4bbb49080545c3aed82cc00b5f152b/system.journal'}, {'name': 'flags', 'type': 'unsigned int', 'value': 'O_RDWR|O_NONBLOCK|O_CLOEXEC'}, {'name': 'mode', 'type': 'int', 'value': 154005284}]",0,0
16022.325346,159,1,0,systemd-journal,ip-10-100-1-186,1003,cap_capable,1,0,"[{'name': 'cap', 'type': 'int', 'value': 'CAP_SYS_ADMIN'}]",0,0
16022.32538,159,1,0,systemd-journal,ip-10-100-1-186,1003,cap_capable,1,0,"[{'name': 'cap', 'type': 'int', 'value': 'CAP_SETUID'}]",0,0
16022.325397,159,1,0,systemd-journal,ip-10-100-1-186,1003,cap_capable,1,0,"[{'name': 'cap', 'type': 'int', 'value': 'CAP_SETGID'}]",0,0
16022.325445,159,1,0,systemd-journal,ip-10-100-1-186,257,openat,4,-2,"[{'name': 'dirfd', 'type': 'int', 'value': -100}, {'name': 'pathname', 'type': 'const char*', 'value': '/run/log/journal/cd4bbb49080545c3aed82cc00b5f152b/system.journal'}, {'name': 'flags', 'type': 'unsigned int', 'value': 'O_RDWR|O_NONBLOCK|O_CLOEXEC'}, {'name': 'mode', 'type': 'int', 'value': 154005284}]",0,0
16022.325622,159,1,0,systemd-journal,ip-10-100-1-186,257,openat,4,-2,"[{'name': 'dirfd', 'type': 'int', 'value': -100}, {'name': 'pathname', 'type': 'const char*', 'value': '/run/log/journal/cd4bbb49080545c3aed82cc00b5f152b/system.journal'}, {'name': 'flags', 'type': 'unsigned int', 'value': 'O_RDWR|O_NONBLOCK|O_CLOEXEC'}, {'name': 'mode', 'type': 'int', 'value': 154005284}]",0,0
16022.325572,159,1,0,systemd-journal,ip-10-100-1-186,1003,cap_capable,1,0,"[{'name': 'cap', 'type': 'int', 'value': 'CAP_SYS_ADMIN'}]",0,0
16022.325755,159,1,0,systemd-journal,ip-10-100-1-186,1003,cap_capable,1,0,"[{'name': 'cap', 'type': 'int', 'value': 'CAP_SYS_ADMIN'}]",0,0
16022.325806,159,1,0,systemd-journal,ip-10-100-1-186,257,openat,4,-2,"[{'name': 'dirfd', 'type': 'int', 'value': -100}, {'name': 'pathname', 'type': 'const char*', 'value': '/run/log/journal/cd4bbb49080545c3aed82cc00b5f152b/system.journal'}, {'name': 'flags', 'type': 'unsigned int', 'value': 'O_RDWR|O_NONBLOCK|O_CLOEXEC'}, {'name': 'mode', 'type': 'int', 'value': 154005284}]",0,0
16022.325886,159,1,0,systemd-journal,ip-10-100-1-186,1003,cap_capable,1,0,"[{'name': 'cap', 'type': 'int', 'value': 'CAP_SYS_ADMIN'}]",0,0
16022.325936,159,1,0,systemd-journal,ip-10-100-1-186,257,openat,4,-2,"[{'name': 'dirfd', 'type': 'int', 'value': -100}, {'name': 'pathname', 'type': 'const char*', 'value': '/run/log/journal/cd4bbb49080545c3aed82cc00b5f152b/system.journal'}, {'name': 'flags', 'type': 'unsigned int', 'value': 'O_RDWR|O_NONBLOCK|O_CLOEXEC'}, {'name': 'mode', 'type': 'int', 'value': 154005284}]",0,0
16022.326001,159,1,0,systemd-journal,ip-10-100-1-186,1003,cap_capable,1,0,"[{'name': 'cap', 'type': 'int', 'value': 'CAP_SYS_ADMIN'}]",0,0
16022.32605,159,1,0,systemd-journal,ip-10-100-1-186,257,openat,4,-2,"[{'name': 'dirfd', 'type': 'int', 'value': -100}, {'name': 'pathname', 'type': 'const char*', 'value': '/run/log/journal/cd4bbb49080545c3aed82cc00b5f152b/system.journal'}, {'name': 'flags', 'type': 'unsigned int', 'value': 'O_RDWR|O_NONBLOCK|O_CLOEXEC'}, {'name': 'mode', 'type': 'int', 'value': 154005284}]",0,0
16022.326132,159,1,0,systemd-journal,ip-10-100-1-186,1003,cap_capable,1,0,"[{'name': 'cap', 'type': 'int', 'value': 'CAP_SYS_ADMIN'}]",0,0
16022.326181,159,1,0,systemd-journal,ip-10-100-1-186,257,openat,4,-2,"[{'name': 'dirfd', 'type': 'int', 'value': -100}, {'name': 'pathname', 'type': 'const char*', 'value': '/run/log/journal/cd4bbb49080545c3aed82cc00b5f152b/system.journal'}, {'name': 'flags', 'type': 'unsigned int', 'value': 'O_RDWR|O_NONBLOCK|O_CLOEXEC'}, {'name': 'mode', 'type': 'int', 'value': 154005284}]",0,0
16022.326244,159,1,0,systemd-journal,ip-10-100-1-186,1003,cap_capable,1,0,"[{'name': 'cap', 'type': 'int', 'value': 'CAP_SYS_ADMIN'}]",0,0
16022.326291,159,1,0,systemd-journal,ip-10-100-1-186,257,openat,4,-2,"[{'name': 'dirfd', 'type': 'int', 'value': -100}, {'name': 'pathname', 'type': 'const char*', 'value': '/run/log/journal/cd4bbb49080545c3aed82cc00b5f152b/system.journal'}, {'name': 'flags', 'type': 'unsigned int', 'value': 'O_RDWR|O_NONBLOCK|O_CLOEXEC'}, {'name': 'mode', 'type': 'int', 'value': 154005284}]",0,0
16022.326365,159,1,0,systemd-journal,ip-10-100-1-186,1003,cap_capable,1,0,"[{'name': 'cap', 'type': 'int', 'value': 'CAP_SYS_ADMIN'}]",0,0
16022.326414,159,1,0,systemd-journal,ip-10-100-1-186,257,openat,4,-2,"[{'name': 'dirfd', 'type': 'int', 'value': -100}, {'name': 'pathname', 'type': 'const char*', 'value': '/run/log/journal/cd4bbb49080545c3aed82cc00b5f152b/system.journal'}, {'name': 'flags', 'type': 'unsigned int', 'value': 'O_RDWR|O_NONBLOCK|O_CLOEXEC'}, {'name': 'mode', 'type': 'int', 'value': 154005284}]",0,0
16022.326478,159,1,0,systemd-journal,ip-10-100-1-186,1003,cap_capable,1,0,"[{'name': 'cap', 'type': 'int', 'value': 'CAP_SYS_ADMIN'}]",0,0
16022.326527,159,1,0,systemd-journal,ip-10-100-1-186,257,openat,4,-2,"[{'name': 'dirfd', 'type': 'int', 'value': -100}, {'name': 'pathname', 'type': 'const char*', 'value': '/run/log/journal/cd4bbb49080545c3aed82cc00b5f152b/system.journal'}, {'name': 'flags', 'type': 'unsigned int', 'value': 'O_RDWR|O_NONBLOCK|O_CLOEXEC'}, {'name': 'mode', 'type': 'int', 'value': 154005284}]",0,0
16022.32659,159,1,0,systemd-journal,ip-10-100-1-186,1003,cap_capable,1,0,"[{'name': 'cap', 'type': 'int', 'value': 'CAP_SYS_ADMIN'}]",0,0
16022.32665,159,1,0,systemd-journal,ip-10-100-1-186,257,openat,4,-2,"[{'name': 'dirfd', 'type': 'int', 'value': -100}, {'name': 'pathname', 'type': 'const char*', 'value': '/run/log/journal/cd4bbb49080545c3aed82cc00b5f152b/system.journal'}, {'name': 'flags', 'type': 'unsigned int', 'value': 'O_RDWR|O_NONBLOCK|O_CLOEXEC'}, {'name': 'mode', 'type': 'int', 'value': 154005284}]",0,0
16022.326712,159,1,0,systemd-journal,ip-10-100-1-186,1003,cap_capable,1,0,"[{'name': 'cap', 'type': 'int', 'value': 'CAP_SYS_ADMIN'}]",0,0
16022.326763,159,1,0,systemd-journal,ip-10-100-1-186,257,openat,4,-2,"[{'name': 'dirfd', 'type': 'int', 'value': -100}, {'name': 'pathname', 'type': 'const char*', 'value': '/run/log/journal/cd4bbb49080545c3aed82cc00b5f152b/system.journal'}, {'name': 'flags', 'type': 'unsigned int', 'value': 'O_RDWR|O_NONBLOCK|O_CLOEXEC'}, {'name': 'mode', 'type': 'int', 'value': 154005284}]",0,0
16022.32685,159,1,0,systemd-journal,ip-10-100-1-186,1003,cap_capable,1,0,"[{'name': 'cap', 'type': 'int', 'value': 'CAP_SYS_ADMIN'}]",0,0
16022.326897,159,1,0,systemd-journal,ip-10-100-1-186,257,openat,4,-2,"[{'name': 'dirfd', 'type': 'int', 'value': -100}, {'name': 'pathname', 'type': 'const char*', 'value': '/run/log/journal/cd4bbb49080545c3aed82cc00b5f152b/system.journal'}, {'name': 'flags', 'type': 'unsigned int', 'value': 'O_RDWR|O_NONBLOCK|O_CLOEXEC'}, {'name': 'mode', 'type': 'int', 'value': 154005284}]",0,0
16022.326959,159,1,0,systemd-journal,ip-10-100-1-186,1003,cap_capable,1,0,"[{'name': 'cap', 'type': 'int', 'value': 'CAP_SYS_ADMIN'}]",0,0
16022.327006,159,1,0,systemd-journal,ip-10-100-1-186,257,openat,4,-2,"[{'name': 'dirfd', 'type': 'int', 'value': -100}, {'name': 'pathname', 'type': 'const char*', 'value': '/run/log/journal/cd4bbb49080545c3aed82cc00b5f152b/system.journal'}, {'name': 'flags', 'type': 'unsigned int', 'value': 'O_RDWR|O_NONBLOCK|O_CLOEXEC'}, {'name': 'mode', 'type': 'int', 'value': 154005284}]",0,0
16022.327067,159,1,0,systemd-journal,ip-10-100-1-186,1003,cap_capable,1,0,"[{'name': 'cap', 'type': 'int', 'value': 'CAP_SYS_ADMIN'}]",0,0
16022.327114,159,1,0,systemd-journal,ip-10-100-1-186,257,openat,4,-2,"[{'name': 'dirfd', 'type': 'int', 'value': -100}, {'name': 'pathname', 'type': 'const char*', 'value': '/run/log/journal/cd4bbb49080545c3aed82cc00b5f152b/system.journal'}, {'name': 'flags', 'type': 'unsigned int', 'value': 'O_RDWR|O_NONBLOCK|O_CLOEXEC'}, {'name': 'mode', 'type': 'int', 'value': 154005284}]",0,0
16022.327188,159,1,0,systemd-journal,ip-10-100-1-186,1003,cap_capable,1,0,"[{'name': 'cap', 'type': 'int', 'value': 'CAP_SYS_ADMIN'}]",0,0
16022.327232,159,1,0,systemd-journal,ip-10-100-1-186,257,openat,4,-2,"[{'name': 'dirfd', 'type': 'int', 'value': -100}, {'name': 'pathname', 'type': 'const char*', 'value': '/run/log/journal/cd4bbb49080545c3aed82cc00b5f152b/system.journal'}, {'name': 'flags', 'type': 'unsigned int', 'value': 'O_RDWR|O_NONBLOCK|O_CLOEXEC'}, {'name': 'mode', 'type': 'int', 'value': 154005284}]",0,0
16022.327295,159,1,0,systemd-journal,ip-10-100-1-186,1003,cap_capable,1,0,"[{'name': 'cap', 'type': 'int', 'value': 'CAP_SYS_ADMIN'}]",0,0
16022.327341,159,1,0,systemd-journal,ip-10-100-1-186,257,openat,4,-2,"[{'name': 'dirfd', 'type': 'int', 'value': -100}, {'name': 'pathname', 'type': 'const char*', 'value': '/run/log/journal/cd4bbb49080545c3aed82cc00b5f152b/system.journal'}, {'name': 'flags', 'type': 'unsigned int', 'value': 'O_RDWR|O_NONBLOCK|O_CLOEXEC'}, {'name': 'mode', 'type': 'int', 'value': 154005284}]",0,0
16022.327399,159,1,0,systemd-journal,ip-10-100-1-186,1003,cap_capable,1,0,"[{'name': 'cap', 'type': 'int', 'value': 'CAP_SYS_ADMIN'}]",0,0
16022.327458,159,1,0,systemd-journal,ip-10-100-1-186,257,openat,4,-2,"[{'name': 'dirfd', 'type': 'int', 'value': -100}, {'name': 'pathname', 'type': 'const char*', 'value': '/run/log/journal/cd4bbb49080545c3aed82cc00b5f152b/system.journal'}, {'name': 'flags', 'type': 'unsigned int', 'value': 'O_RDWR|O_NONBLOCK|O_CLOEXEC'}, {'name': 'mode', 'type': 'int', 'value': 154005284}]",0,0
16022.327521,159,1,0,systemd-journal,ip-10-100-1-186,1003,cap_capable,1,0,"[{'name': 'cap', 'type': 'int', 'value': 'CAP_SYS_ADMIN'}]",0,0
16022.327568,159,1,0,systemd-journal,ip-10-100-1-186,257,openat,4,-2,"[{'name': 'dirfd', 'type': 'int', 'value': -100}, {'name': 'pathname', 'type': 'const char*', 'value': '/run/log/journal/cd4bbb49080545c3aed82cc00b5f152b/system.journal'}, {'name': 'flags', 'type': 'unsigned int', 'value': 'O_RDWR|O_NONBLOCK|O_CLOEXEC'}, {'name': 'mode', 'type': 'int', 'value': 154005284}]",0,0
16022.327642,159,1,0,systemd-journal,ip-10-100-1-186,1003,cap_capable,1,0,"[{'name': 'cap', 'type': 'int', 'value': 'CAP_SYS_ADMIN'}]",0,0
16022.327691,159,1,0,systemd-journal,ip-10-100-1-186,257,openat,4,-2,"[{'name': 'dirfd', 'type': 'int', 'value': -100}, {'name': 'pathname', 'type': 'const char*', 'value': '/run/log/journal/cd4bbb49080545c3aed82cc00b5f152b/system.journal'}, {'name': 'flags', 'type': 'unsigned int', 'value': 'O_RDWR|O_NONBLOCK|O_CLOEXEC'}, {'name': 'mode', 'type': 'int', 'value': 154005284}]",0,0
16022.327755,159,1,0,systemd-journal,ip-10-100-1-186,1003,cap_capable,1,0,"[{'name': 'cap', 'type': 'int', 'value': 'CAP_SYS_ADMIN'}]",0,0
16022.327804,159,1,0,systemd-journal,ip-10-100-1-186,257,openat,4,-2,"[{'name': 'dirfd', 'type': 'int', 'value': -100}, {'name': 'pathname', 'type': 'const char*', 'value': '/run/log/journal/cd4bbb49080545c3aed82cc00b5f152b/system.journal'}, {'name': 'flags', 'type': 'unsigned int', 'value': 'O_RDWR|O_NONBLOCK|O_CLOEXEC'}, {'name': 'mode', 'type': 'int', 'value': 154005284}]",0,0
16022.327878,159,1,0,systemd-journal,ip-10-100-1-186,1003,cap_capable,1,0,"[{'name': 'cap', 'type': 'int', 'value': 'CAP_SYS_ADMIN'}]",0,0
16022.327937,159,1,0,systemd-journal,ip-10-100-1-186,257,openat,4,-2,"[{'name': 'dirfd', 'type': 'int', 'value': -100}, {'name': 'pathname', 'type': 'const char*', 'value': '/run/log/journal/cd4bbb49080545c3aed82cc00b5f152b/system.journal'}, {'name': 'flags', 'type': 'unsigned int', 'value': 'O_RDWR|O_NONBLOCK|O_CLOEXEC'}, {'name': 'mode', 'type': 'int', 'value': 154005284}]",0,0
16022.327995,159,1,0,systemd-journal,ip-10-100-1-186,1003,cap_capable,1,0,"[{'name': 'cap', 'type': 'int', 'value': 'CAP_SYS_ADMIN'}]",0,0
16022.328052,159,1,0,systemd-journal,ip-10-100-1-186,257,openat,4,-2,"[{'name': 'dirfd', 'type': 'int', 'value': -100}, {'name': 'pathname', 'type': 'const char*', 'value': '/run/log/journal/cd4bbb49080545c3aed82cc00b5f152b/system.journal'}, {'name': 'flags', 'type': 'unsigned int', 'value': 'O_RDWR|O_NONBLOCK|O_CLOEXEC'}, {'name': 'mode', 'type': 'int', 'value': 154005284}]",0,0
16022.328118,159,1,0,systemd-journal,ip-10-100-1-186,1003,cap_capable,1,0,"[{'name': 'cap', 'type': 'int', 'value': 'CAP_SYS_ADMIN'}]",0,0
16022.328165,159,1,0,systemd-journal,ip-10-100-1-186,257,openat,4,-2,"[{'name': 'dirfd', 'type': 'int', 'value': -100}, {'name': 'pathname', 'type': 'const char*', 'value': '/run/log/journal/cd4bbb49080545c3aed82cc00b5f152b/system.journal'}, {'name': 'flags', 'type': 'unsigned int', 'value': 'O_RDWR|O_NONBLOCK|O_CLOEXEC'}, {'name': 'mode', 'type': 'int', 'value': 154005284}]",0,0
16022.328239,159,1,0,systemd-journal,ip-10-100-1-186,1003,cap_capable,1,0,"[{'name': 'cap', 'type': 'int', 'value': 'CAP_SYS_ADMIN'}]",0,0
16022.328288,159,1,0,systemd-journal,ip-10-100-1-186,257,openat,4,-2,"[{'name': 'dirfd', 'type': 'int', 'value': -100}, {'name': 'pathname', 'type': 'const char*', 'value': '/run/log/journal/cd4bbb49080545c3aed82cc00b5f152b/system.journal'}, {'name': 'flags', 'type': 'unsigned int', 'value': 'O_RDWR|O_NONBLOCK|O_CLOEXEC'}, {'name': 'mode', 'type': 'int', 'value': 154005284}]",0,0
16022.32842,159,1,0,systemd-journal,ip-10-100-1-186,1003,cap_capable,1,0,"[{'name': 'cap', 'type': 'int', 'value': 'CAP_SETUID'}]",0,0
16022.328398,159,1,0,systemd-journal,ip-10-100-1-186,1003,cap_capable,1,0,"[{'name': 'cap', 'type': 'int', 'value': 'CAP_SYS_ADMIN'}]",0,0
16022.328439,159,1,0,systemd-journal,ip-10-100-1-186,1003,cap_capable,1,0,"[{'name': 'cap', 'type': 'int', 'value': 'CAP_SETGID'}]",0,0
16022.328488,159,1,0,systemd-journal,ip-10-100-1-186,257,openat,4,-2,"[{'name': 'dirfd', 'type': 'int', 'value': -100}, {'name': 'pathname', 'type': 'const char*', 'value': '/run/log/journal/cd4bbb49080545c3aed82cc00b5f152b/system.journal'}, {'name': 'flags', 'type': 'unsigned int', 'value': 'O_RDWR|O_NONBLOCK|O_CLOEXEC'}, {'name': 'mode', 'type': 'int', 'value': 154005284}]",0,0
16022.328679,159,1,0,systemd-journal,ip-10-100-1-186,1003,cap_capable,1,0,"[{'name': 'cap', 'type': 'int', 'value': 'CAP_SYS_ADMIN'}]",0,0
16022.347234,159,1,0,systemd-journal,ip-10-100-1-186,257,openat,4,-2,"[{'name': 'dirfd', 'type': 'int', 'value': -100}, {'name': 'pathname', 'type': 'const char*', 'value': '/run/log/journal/cd4bbb49080545c3aed82cc00b5f152b/system.journal'}, {'name': 'flags', 'type': 'unsigned int', 'value': 'O_RDWR|O_NONBLOCK|O_CLOEXEC'}, {'name': 'mode', 'type': 'int', 'value': 154005284}]",0,0
16022.347439,159,1,0,systemd-journal,ip-10-100-1-186,257,openat,4,-2,"[{'name': 'dirfd', 'type': 'int', 'value': -100}, {'name': 'pathname', 'type': 'const char*', 'value': '/run/log/journal/cd4bbb49080545c3aed82cc00b5f152b/system.journal'}, {'name': 'flags', 'type': 'unsigned int', 'value': 'O_RDWR|O_NONBLOCK|O_CLOEXEC'}, {'name': 'mode', 'type': 'int', 'value': 154005284}]",0,0
16022.347381,159,1,0,systemd-journal,ip-10-100-1-186,1003,cap_capable,1,0,"[{'name': 'cap', 'type': 'int', 'value': 'CAP_SYS_ADMIN'}]",0,0
16022.347526,159,1,0,systemd-journal,ip-10-100-1-186,1003,cap_capable,1,0,"[{'name': 'cap', 'type': 'int', 'value': 'CAP_SYS_ADMIN'}]",0,0
16022.347579,159,1,0,systemd-journal,ip-10-100-1-186,257,openat,4,-2,"[{'name': 'dirfd', 'type': 'int', 'value': -100}, {'name': 'pathname', 'type': 'const char*', 'value': '/run/log/journal/cd4bbb49080545c3aed82cc00b5f152b/system.journal'}, {'name': 'flags', 'type': 'unsigned int', 'value': 'O_RDWR|O_NONBLOCK|O_CLOEXEC'}, {'name': 'mode', 'type': 'int', 'value': 154005284}]",0,0
16022.347645,159,1,0,systemd-journal,ip-10-100-1-186,1003,cap_capable,1,0,"[{'name': 'cap', 'type': 'int', 'value': 'CAP_SYS_ADMIN'}]",0,0
16022.347695,159,1,0,systemd-journal,ip-10-100-1-186,257,openat,4,-2,"[{'name': 'dirfd', 'type': 'int', 'value': -100}, {'name': 'pathname', 'type': 'const char*', 'value': '/run/log/journal/cd4bbb49080545c3aed82cc00b5f152b/system.journal'}, {'name': 'flags', 'type': 'unsigned int', 'value': 'O_RDWR|O_NONBLOCK|O_CLOEXEC'}, {'name': 'mode', 'type': 'int', 'value': 154005284}]",0,0
16022.347759,159,1,0,systemd-journal,ip-10-100-1-186,1003,cap_capable,1,0,"[{'name': 'cap', 'type': 'int', 'value': 'CAP_SYS_ADMIN'}]",0,0
16022.347808,159,1,0,systemd-journal,ip-10-100-1-186,257,openat,4,-2,"[{'name': 'dirfd', 'type': 'int', 'value': -100}, {'name': 'pathname', 'type': 'const char*', 'value': '/run/log/journal/cd4bbb49080545c3aed82cc00b5f152b/system.journal'}, {'name': 'flags', 'type': 'unsigned int', 'value': 'O_RDWR|O_NONBLOCK|O_CLOEXEC'}, {'name': 'mode', 'type': 'int', 'value': 154005284}]",0,0
16022.347872,159,1,0,systemd-journal,ip-10-100-1-186,1003,cap_capable,1,0,"[{'name': 'cap', 'type': 'int', 'value': 'CAP_SYS_ADMIN'}]",0,0
16022.347921,159,1,0,systemd-journal,ip-10-100-1-186,257,openat,4,-2,"[{'name': 'dirfd', 'type': 'int', 'value': -100}, {'name': 'pathname', 'type': 'const char*', 'value': '/run/log/journal/cd4bbb49080545c3aed82cc00b5f152b/system.journal'}, {'name': 'flags', 'type': 'unsigned int', 'value': 'O_RDWR|O_NONBLOCK|O_CLOEXEC'}, {'name': 'mode', 'type': 'int', 'value': 154005284}]",0,0
16022.348034,159,1,0,systemd-journal,ip-10-100-1-186,257,openat,4,-2,"[{'name': 'dirfd', 'type': 'int', 'value': -100}, {'name': 'pathname', 'type': 'const char*', 'value': '/run/log/journal/cd4bbb49080545c3aed82cc00b5f152b/system.journal'}, {'name': 'flags', 'type': 'unsigned int', 'value': 'O_RDWR|O_NONBLOCK|O_CLOEXEC'}, {'name': 'mode', 'type': 'int', 'value': 154005284}]",0,0
16022.347985,159,1,0,systemd-journal,ip-10-100-1-186,1003,cap_capable,1,0,"[{'name': 'cap', 'type': 'int', 'value': 'CAP_SYS_ADMIN'}]",0,0
16022.348098,159,1,0,systemd-journal,ip-10-100-1-186,1003,cap_capable,1,0,"[{'name': 'cap', 'type': 'int', 'value': 'CAP_SYS_ADMIN'}]",0,0
16022.348146,159,1,0,systemd-journal,ip-10-100-1-186,257,openat,4,-2,"[{'name': 'dirfd', 'type': 'int', 'value': -100}, {'name': 'pathname', 'type': 'const char*', 'value': '/run/log/journal/cd4bbb49080545c3aed82cc00b5f152b/system.journal'}, {'name': 'flags', 'type': 'unsigned int', 'value': 'O_RDWR|O_NONBLOCK|O_CLOEXEC'}, {'name': 'mode', 'type': 'int', 'value': 154005284}]",0,0
16022.34821,159,1,0,systemd-journal,ip-10-100-1-186,1003,cap_capable,1,0,"[{'name': 'cap', 'type': 'int', 'value': 'CAP_SYS_ADMIN'}]",0,0
16022.348259,159,1,0,systemd-journal,ip-10-100-1-186,257,openat,4,-2,"[{'name': 'dirfd', 'type': 'int', 'value': -100}, {'name': 'pathname', 'type': 'const char*', 'value': '/run/log/journal/cd4bbb49080545c3aed82cc00b5f152b/system.journal'}, {'name': 'flags', 'type': 'unsigned int', 'value': 'O_RDWR|O_NONBLOCK|O_CLOEXEC'}, {'name': 'mode', 'type': 'int', 'value': 154005284}]",0,0
16022.348323,159,1,0,systemd-journal,ip-10-100-1-186,1003,cap_capable,1,0,"[{'name': 'cap', 'type': 'int', 'value': 'CAP_SYS_ADMIN'}]",0,0
16022.348372,159,1,0,systemd-journal,ip-10-100-1-186,257,openat,4,-2,"[{'name': 'dirfd', 'type': 'int', 'value': -100}, {'name': 'pathname', 'type': 'const char*', 'value': '/run/log/journal/cd4bbb49080545c3aed82cc00b5f152b/system.journal'}, {'name': 'flags', 'type': 'unsigned int', 'value': 'O_RDWR|O_NONBLOCK|O_CLOEXEC'}, {'name': 'mode', 'type': 'int', 'value': 154005284}]",0,0
16022.348443,159,1,0,systemd-journal,ip-10-100-1-186,1003,cap_capable,1,0,"[{'name': 'cap', 'type': 'int', 'value': 'CAP_SYS_ADMIN'}]",0,0
16022.348505,159,1,0,systemd-journal,ip-10-100-1-186,257,openat,4,-2,"[{'name': 'dirfd', 'type': 'int', 'value': -100}, {'name': 'pathname', 'type': 'const char*', 'value': '/run/log/journal/cd4bbb49080545c3aed82cc00b5f152b/system.journal'}, {'name': 'flags', 'type': 'unsigned int', 'value': 'O_RDWR|O_NONBLOCK|O_CLOEXEC'}, {'name': 'mode', 'type': 'int', 'value': 154005284}]",0,0
16022.348581,159,1,0,systemd-journal,ip-10-100-1-186,1003,cap_capable,1,0,"[{'name': 'cap', 'type': 'int', 'value': 'CAP_SYS_ADMIN'}]",0,0
16022.348631,159,1,0,systemd-journal,ip-10-100-1-186,257,openat,4,-2,"[{'name': 'dirfd', 'type': 'int', 'value': -100}, {'name': 'pathname', 'type': 'const char*', 'value': '/run/log/journal/cd4bbb49080545c3aed82cc00b5f152b/system.journal'}, {'name': 'flags', 'type': 'unsigned int', 'value': 'O_RDWR|O_NONBLOCK|O_CLOEXEC'}, {'name': 'mode', 'type': 'int', 'value': 154005284}]",0,0
16022.348695,159,1,0,systemd-journal,ip-10-100-1-186,1003,cap_capable,1,0,"[{'name': 'cap', 'type': 'int', 'value': 'CAP_SYS_ADMIN'}]",0,0
16022.34973,506,1,104,rs:main Q:Reg,ip-10-100-1-186,62,kill,2,0,"[{'name': 'pid', 'type': 'pid_t', 'value': 506}, {'name': 'sig', 'type': 'int', 'value': 22}]",0,0
16022.349888,506,1,104,rs:main Q:Reg,ip-10-100-1-186,62,kill,2,0,"[{'name': 'pid', 'type': 'pid_t', 'value': 506}, {'name': 'sig', 'type': 'int', 'value': 22}]",0,0
16022.350016,506,1,104,rs:main Q:Reg,ip-10-100-1-186,1003,cap_capable,1,0,"[{'name': 'cap', 'type': 'int', 'value': 'CAP_SYS_RESOURCE'}]",0,0
16022.350048,506,1,104,rs:main Q:Reg,ip-10-100-1-186,1003,cap_capable,1,0,"[{'name': 'cap', 'type': 'int', 'value': 'CAP_SYS_RESOURCE'}]",0,0
16022.35781,159,1,0,systemd-journal,ip-10-100-1-186,257,openat,4,-2,"[{'name': 'dirfd', 'type': 'int', 'value': -100}, {'name': 'pathname', 'type': 'const char*', 'value': '/run/log/journal/cd4bbb49080545c3aed82cc00b5f152b/system.journal'}, {'name': 'flags', 'type': 'unsigned int', 'value': 'O_RDWR|O_NONBLOCK|O_CLOEXEC'}, {'name': 'mode', 'type': 'int', 'value': 154005284}]",0,0
16022.357889,159,1,0,systemd-journal,ip-10-100-1-186,1003,cap_capable,1,0,"[{'name': 'cap', 'type': 'int', 'value': 'CAP_SYS_ADMIN'}]",0,0
16022.35794,159,1,0,systemd-journal,ip-10-100-1-186,257,openat,4,-2,"[{'name': 'dirfd', 'type': 'int', 'value': -100}, {'name': 'pathname', 'type': 'const char*', 'value': '/run/log/journal/cd4bbb49080545c3aed82cc00b5f152b/system.journal'}, {'name': 'flags', 'type': 'unsigned int', 'value': 'O_RDWR|O_NONBLOCK|O_CLOEXEC'}, {'name': 'mode', 'type': 'int', 'value': 154005284}]",0,0
16022.358004,159,1,0,systemd-journal,ip-10-100-1-186,1003,cap_capable,1,0,"[{'name': 'cap', 'type': 'int', 'value': 'CAP_SYS_ADMIN'}]",0,0
16022.358066,159,1,0,systemd-journal,ip-10-100-1-186,257,openat,4,-2,"[{'name': 'dirfd', 'type': 'int', 'value': -100}, {'name': 'pathname', 'type': 'const char*', 'value': '/run/log/journal/cd4bbb49080545c3aed82cc00b5f152b/system.journal'}, {'name': 'flags', 'type': 'unsigned int', 'value': 'O_RDWR|O_NONBLOCK|O_CLOEXEC'}, {'name': 'mode', 'type': 'int', 'value': 154005284}]",0,0
16022.358139,159,1,0,systemd-journal,ip-10-100-1-186,1003,cap_capable,1,0,"[{'name': 'cap', 'type': 'int', 'value': 'CAP_SYS_ADMIN'}]",0,0
16022.358189,159,1,0,systemd-journal,ip-10-100-1-186,257,openat,4,-2,"[{'name': 'dirfd', 'type': 'int', 'value': -100}, {'name': 'pathname', 'type': 'const char*', 'value': '/run/log/journal/cd4bbb49080545c3aed82cc00b5f152b/system.journal'}, {'name': 'flags', 'type': 'unsigned int', 'value': 'O_RDWR|O_NONBLOCK|O_CLOEXEC'}, {'name': 'mode', 'type': 'int', 'value': 154005284}]",0,0
16022.358303,159,1,0,systemd-journal,ip-10-100-1-186,257,openat,4,-2,"[{'name': 'dirfd', 'type': 'int', 'value': -100}, {'name': 'pathname', 'type': 'const char*', 'value': '/run/log/journal/cd4bbb49080545c3aed82cc00b5f152b/system.journal'}, {'name': 'flags', 'type': 'unsigned int', 'value': 'O_RDWR|O_NONBLOCK|O_CLOEXEC'}, {'name': 'mode', 'type': 'int', 'value': 154005284}]",0,0
16022.358255,159,1,0,systemd-journal,ip-10-100-1-186,1003,cap_capable,1,0,"[{'name': 'cap', 'type': 'int', 'value': 'CAP_SYS_ADMIN'}]",0,0
16022.358378,159,1,0,systemd-journal,ip-10-100-1-186,1003,cap_capable,1,0,"[{'name': 'cap', 'type': 'int', 'value': 'CAP_SYS_ADMIN'}]",0,0
16022.358425,159,1,0,systemd-journal,ip-10-100-1-186,257,openat,4,-2,"[{'name': 'dirfd', 'type': 'int', 'value': -100}, {'name': 'pathname', 'type': 'const char*', 'value': '/run/log/journal/cd4bbb49080545c3aed82cc00b5f152b/system.journal'}, {'name': 'flags', 'type': 'unsigned int', 'value': 'O_RDWR|O_NONBLOCK|O_CLOEXEC'}, {'name': 'mode', 'type': 'int', 'value': 154005284}]",0,0
16022.358487,159,1,0,systemd-journal,ip-10-100-1-186,1003,cap_capable,1,0,"[{'name': 'cap', 'type': 'int', 'value': 'CAP_SYS_ADMIN'}]",0,0
16022.358534,159,1,0,systemd-journal,ip-10-100-1-186,257,openat,4,-2,"[{'name': 'dirfd', 'type': 'int', 'value': -100}, {'name': 'pathname', 'type': 'const char*', 'value': '/run/log/journal/cd4bbb49080545c3aed82cc00b5f152b/system.journal'}, {'name': 'flags', 'type': 'unsigned int', 'value': 'O_RDWR|O_NONBLOCK|O_CLOEXEC'}, {'name': 'mode', 'type': 'int', 'value': 154005284}]",0,0
16022.3586,159,1,0,systemd-journal,ip-10-100-1-186,1003,cap_capable,1,0,"[{'name': 'cap', 'type': 'int', 'value': 'CAP_SYS_ADMIN'}]",0,0
16022.358647,159,1,0,systemd-journal,ip-10-100-1-186,257,openat,4,-2,"[{'name': 'dirfd', 'type': 'int', 'value': -100}, {'name': 'pathname', 'type': 'const char*', 'value': '/run/log/journal/cd4bbb49080545c3aed82cc00b5f152b/system.journal'}, {'name': 'flags', 'type': 'unsigned int', 'value': 'O_RDWR|O_NONBLOCK|O_CLOEXEC'}, {'name': 'mode', 'type': 'int', 'value': 154005284}]",0,0
16022.358717,159,1,0,systemd-journal,ip-10-100-1-186,1003,cap_capable,1,0,"[{'name': 'cap', 'type': 'int', 'value': 'CAP_SYS_ADMIN'}]",0,0
16022.358766,159,1,0,systemd-journal,ip-10-100-1-186,257,openat,4,-2,"[{'name': 'dirfd', 'type': 'int', 'value': -100}, {'name': 'pathname', 'type': 'const char*', 'value': '/run/log/journal/cd4bbb49080545c3aed82cc00b5f152b/system.journal'}, {'name': 'flags', 'type': 'unsigned int', 'value': 'O_RDWR|O_NONBLOCK|O_CLOEXEC'}, {'name': 'mode', 'type': 'int', 'value': 154005284}]",0,0
16022.358828,159,1,0,systemd-journal,ip-10-100-1-186,1003,cap_capable,1,0,"[{'name': 'cap', 'type': 'int', 'value': 'CAP_SYS_ADMIN'}]",0,0
16022.358875,159,1,0,systemd-journal,ip-10-100-1-186,257,openat,4,-2,"[{'name': 'dirfd', 'type': 'int', 'value': -100}, {'name': 'pathname', 'type': 'const char*', 'value': '/run/log/journal/cd4bbb49080545c3aed82cc00b5f152b/system.journal'}, {'name': 'flags', 'type': 'unsigned int', 'value': 'O_RDWR|O_NONBLOCK|O_CLOEXEC'}, {'name': 'mode', 'type': 'int', 'value': 154005284}]",0,0
16022.358994,159,1,0,systemd-journal,ip-10-100-1-186,1003,cap_capable,1,0,"[{'name': 'cap', 'type': 'int', 'value': 'CAP_SYS_ADMIN'}]",0,0
16022.359044,159,1,0,systemd-journal,ip-10-100-1-186,257,openat,4,-2,"[{'name': 'dirfd', 'type': 'int', 'value': -100}, {'name': 'pathname', 'type': 'const char*', 'value': '/run/log/journal/cd4bbb49080545c3aed82cc00b5f152b/system.journal'}, {'name': 'flags', 'type': 'unsigned int', 'value': 'O_RDWR|O_NONBLOCK|O_CLOEXEC'}, {'name': 'mode', 'type': 'int', 'value': 154005284}]",0,0
16022.359107,159,1,0,systemd-journal,ip-10-100-1-186,1003,cap_capable,1,0,"[{'name': 'cap', 'type': 'int', 'value': 'CAP_SYS_ADMIN'}]",0,0
16022.359154,159,1,0,systemd-journal,ip-10-100-1-186,257,openat,4,-2,"[{'name': 'dirfd', 'type': 'int', 'value': -100}, {'name': 'pathname', 'type': 'const char*', 'value': '/run/log/journal/cd4bbb49080545c3aed82cc00b5f152b/system.journal'}, {'name': 'flags', 'type': 'unsigned int', 'value': 'O_RDWR|O_NONBLOCK|O_CLOEXEC'}, {'name': 'mode', 'type': 'int', 'value': 154005284}]",0,0
16022.359217,159,1,0,systemd-journal,ip-10-100-1-186,1003,cap_capable,1,0,"[{'name': 'cap', 'type': 'int', 'value': 'CAP_SYS_ADMIN'}]",0,0
16022.359263,159,1,0,systemd-journal,ip-10-100-1-186,257,openat,4,-2,"[{'name': 'dirfd', 'type': 'int', 'value': -100}, {'name': 'pathname', 'type': 'const char*', 'value': '/run/log/journal/cd4bbb49080545c3aed82cc00b5f152b/system.journal'}, {'name': 'flags', 'type': 'unsigned int', 'value': 'O_RDWR|O_NONBLOCK|O_CLOEXEC'}, {'name': 'mode', 'type': 'int', 'value': 154005284}]",0,0
16022.359325,159,1,0,systemd-journal,ip-10-100-1-186,1003,cap_capable,1,0,"[{'name': 'cap', 'type': 'int', 'value': 'CAP_SYS_ADMIN'}]",0,0
16022.359372,159,1,0,systemd-journal,ip-10-100-1-186,257,openat,4,-2,"[{'name': 'dirfd', 'type': 'int', 'value': -100}, {'name': 'pathname', 'type': 'const char*', 'value': '/run/log/journal/cd4bbb49080545c3aed82cc00b5f152b/system.journal'}, {'name': 'flags', 'type': 'unsigned int', 'value': 'O_RDWR|O_NONBLOCK|O_CLOEXEC'}, {'name': 'mode', 'type': 'int', 'value': 154005284}]",0,0
16022.359433,159,1,0,systemd-journal,ip-10-100-1-186,1003,cap_capable,1,0,"[{'name': 'cap', 'type': 'int', 'value': 'CAP_SYS_ADMIN'}]",0,0
16022.359493,159,1,0,systemd-journal,ip-10-100-1-186,257,openat,4,-2,"[{'name': 'dirfd', 'type': 'int', 'value': -100}, {'name': 'pathname', 'type': 'const char*', 'value': '/run/log/journal/cd4bbb49080545c3aed82cc00b5f152b/system.journal'}, {'name': 'flags', 'type': 'unsigned int', 'value': 'O_RDWR|O_NONBLOCK|O_CLOEXEC'}, {'name': 'mode', 'type': 'int', 'value': 154005284}]",0,0
16022.359565,159,1,0,systemd-journal,ip-10-100-1-186,1003,cap_capable,1,0,"[{'name': 'cap', 'type': 'int', 'value': 'CAP_SYS_ADMIN'}]",0,0
16022.359615,159,1,0,systemd-journal,ip-10-100-1-186,257,openat,4,-2,"[{'name': 'dirfd', 'type': 'int', 'value': -100}, {'name': 'pathname', 'type': 'const char*', 'value': '/run/log/journal/cd4bbb49080545c3aed82cc00b5f152b/system.journal'}, {'name': 'flags', 'type': 'unsigned int', 'value': 'O_RDWR|O_NONBLOCK|O_CLOEXEC'}, {'name': 'mode', 'type': 'int', 'value': 154005284}]",0,0
16022.35968,159,1,0,systemd-journal,ip-10-100-1-186,1003,cap_capable,1,0,"[{'name': 'cap', 'type': 'int', 'value': 'CAP_SYS_ADMIN'}]",0,0
16022.359728,159,1,0,systemd-journal,ip-10-100-1-186,257,openat,4,-2,"[{'name': 'dirfd', 'type': 'int', 'value': -100}, {'name': 'pathname', 'type': 'const char*', 'value': '/run/log/journal/cd4bbb49080545c3aed82cc00b5f152b/system.journal'}, {'name': 'flags', 'type': 'unsigned int', 'value': 'O_RDWR|O_NONBLOCK|O_CLOEXEC'}, {'name': 'mode', 'type': 'int', 'value': 154005284}]",0,0
16022.359792,159,1,0,systemd-journal,ip-10-100-1-186,1003,cap_capable,1,0,"[{'name': 'cap', 'type': 'int', 'value': 'CAP_SYS_ADMIN'}]",0,0
16022.359852,159,1,0,systemd-journal,ip-10-100-1-186,257,openat,4,-2,"[{'name': 'dirfd', 'type': 'int', 'value': -100}, {'name': 'pathname', 'type': 'const char*', 'value': '/run/log/journal/cd4bbb49080545c3aed82cc00b5f152b/system.journal'}, {'name': 'flags', 'type': 'unsigned int', 'value': 'O_RDWR|O_NONBLOCK|O_CLOEXEC'}, {'name': 'mode', 'type': 'int', 'value': 154005284}]",0,0
16022.35992,159,1,0,systemd-journal,ip-10-100-1-186,1003,cap_capable,1,0,"[{'name': 'cap', 'type': 'int', 'value': 'CAP_SYS_ADMIN'}]",0,0
16022.359972,159,1,0,systemd-journal,ip-10-100-1-186,257,openat,4,-2,"[{'name': 'dirfd', 'type': 'int', 'value': -100}, {'name': 'pathname', 'type': 'const char*', 'value': '/run/log/journal/cd4bbb49080545c3aed82cc00b5f152b/system.journal'}, {'name': 'flags', 'type': 'unsigned int', 'value': 'O_RDWR|O_NONBLOCK|O_CLOEXEC'}, {'name': 'mode', 'type': 'int', 'value': 154005284}]",0,0
16022.360046,159,1,0,systemd-journal,ip-10-100-1-186,1003,cap_capable,1,0,"[{'name': 'cap', 'type': 'int', 'value': 'CAP_SYS_ADMIN'}]",0,0
16022.360096,159,1,0,systemd-journal,ip-10-100-1-186,257,openat,4,-2,"[{'name': 'dirfd', 'type': 'int', 'value': -100}, {'name': 'pathname', 'type': 'const char*', 'value': '/run/log/journal/cd4bbb49080545c3aed82cc00b5f152b/system.journal'}, {'name': 'flags', 'type': 'unsigned int', 'value': 'O_RDWR|O_NONBLOCK|O_CLOEXEC'}, {'name': 'mode', 'type': 'int', 'value': 154005284}]",0,0
16022.360172,159,1,0,systemd-journal,ip-10-100-1-186,1003,cap_capable,1,0,"[{'name': 'cap', 'type': 'int', 'value': 'CAP_SYS_ADMIN'}]",0,0
16022.360219,159,1,0,systemd-journal,ip-10-100-1-186,257,openat,4,-2,"[{'name': 'dirfd', 'type': 'int', 'value': -100}, {'name': 'pathname', 'type': 'const char*', 'value': '/run/log/journal/cd4bbb49080545c3aed82cc00b5f152b/system.journal'}, {'name': 'flags', 'type': 'unsigned int', 'value': 'O_RDWR|O_NONBLOCK|O_CLOEXEC'}, {'name': 'mode', 'type': 'int', 'value': 154005284}]",0,0
16022.360294,159,1,0,systemd-journal,ip-10-100-1-186,1003,cap_capable,1,0,"[{'name': 'cap', 'type': 'int', 'value': 'CAP_SYS_ADMIN'}]",0,0
16022.360354,159,1,0,systemd-journal,ip-10-100-1-186,257,openat,4,-2,"[{'name': 'dirfd', 'type': 'int', 'value': -100}, {'name': 'pathname', 'type': 'const char*', 'value': '/run/log/journal/cd4bbb49080545c3aed82cc00b5f152b/system.journal'}, {'name': 'flags', 'type': 'unsigned int', 'value': 'O_RDWR|O_NONBLOCK|O_CLOEXEC'}, {'name': 'mode', 'type': 'int', 'value': 154005284}]",0,0
16022.360418,159,1,0,systemd-journal,ip-10-100-1-186,1003,cap_capable,1,0,"[{'name': 'cap', 'type': 'int', 'value': 'CAP_SYS_ADMIN'}]",0,0
16022.360465,159,1,0,systemd-journal,ip-10-100-1-186,257,openat,4,-2,"[{'name': 'dirfd', 'type': 'int', 'value': -100}, {'name': 'pathname', 'type': 'const char*', 'value': '/run/log/journal/cd4bbb49080545c3aed82cc00b5f152b/system.journal'}, {'name': 'flags', 'type': 'unsigned int', 'value': 'O_RDWR|O_NONBLOCK|O_CLOEXEC'}, {'name': 'mode', 'type': 'int', 'value': 154005284}]",0,0
16022.360527,159,1,0,systemd-journal,ip-10-100-1-186,1003,cap_capable,1,0,"[{'name': 'cap', 'type': 'int', 'value': 'CAP_SYS_ADMIN'}]",0,0
16022.360574,159,1,0,systemd-journal,ip-10-100-1-186,257,openat,4,-2,"[{'name': 'dirfd', 'type': 'int', 'value': -100}, {'name': 'pathname', 'type': 'const char*', 'value': '/run/log/journal/cd4bbb49080545c3aed82cc00b5f152b/system.journal'}, {'name': 'flags', 'type': 'unsigned int', 'value': 'O_RDWR|O_NONBLOCK|O_CLOEXEC'}, {'name': 'mode', 'type': 'int', 'value': 154005284}]",0,0
16022.360649,159,1,0,systemd-journal,ip-10-100-1-186,1003,cap_capable,1,0,"[{'name': 'cap', 'type': 'int', 'value': 'CAP_SYS_ADMIN'}]",0,0
16022.360698,159,1,0,systemd-journal,ip-10-100-1-186,257,openat,4,-2,"[{'name': 'dirfd', 'type': 'int', 'value': -100}, {'name': 'pathname', 'type': 'const char*', 'value': '/run/log/journal/cd4bbb49080545c3aed82cc00b5f152b/system.journal'}, {'name': 'flags', 'type': 'unsigned int', 'value': 'O_RDWR|O_NONBLOCK|O_CLOEXEC'}, {'name': 'mode', 'type': 'int', 'value': 154005284}]",0,0
16022.372841,159,1,0,systemd-journal,ip-10-100-1-186,1003,cap_capable,1,0,"[{'name': 'cap', 'type': 'int', 'value': 'CAP_SYS_ADMIN'}]",0,0
16022.372921,159,1,0,systemd-journal,ip-10-100-1-186,257,openat,4,-2,"[{'name': 'dirfd', 'type': 'int', 'value': -100}, {'name': 'pathname', 'type': 'const char*', 'value': '/run/log/journal/cd4bbb49080545c3aed82cc00b5f152b/system.journal'}, {'name': 'flags', 'type': 'unsigned int', 'value': 'O_RDWR|O_NONBLOCK|O_CLOEXEC'}, {'name': 'mode', 'type': 'int', 'value': 154005284}]",0,0
16022.372991,159,1,0,systemd-journal,ip-10-100-1-186,1003,cap_capable,1,0,"[{'name': 'cap', 'type': 'int', 'value': 'CAP_SYS_ADMIN'}]",0,0
16022.373043,159,1,0,systemd-journal,ip-10-100-1-186,257,openat,4,-2,"[{'name': 'dirfd', 'type': 'int', 'value': -100}, {'name': 'pathname', 'type': 'const char*', 'value': '/run/log/journal/cd4bbb49080545c3aed82cc00b5f152b/system.journal'}, {'name': 'flags', 'type': 'unsigned int', 'value': 'O_RDWR|O_NONBLOCK|O_CLOEXEC'}, {'name': 'mode', 'type': 'int', 'value': 154005284}]",0,0
16022.373119,159,1,0,systemd-journal,ip-10-100-1-186,1003,cap_capable,1,0,"[{'name': 'cap', 'type': 'int', 'value': 'CAP_SYS_ADMIN'}]",0,0
16022.373167,159,1,0,systemd-journal,ip-10-100-1-186,257,openat,4,-2,"[{'name': 'dirfd', 'type': 'int', 'value': -100}, {'name': 'pathname', 'type': 'const char*', 'value': '/run/log/journal/cd4bbb49080545c3aed82cc00b5f152b/system.journal'}, {'name': 'flags', 'type': 'unsigned int', 'value': 'O_RDWR|O_NONBLOCK|O_CLOEXEC'}, {'name': 'mode', 'type': 'int', 'value': 154005284}]",0,0
16022.373251,159,1,0,systemd-journal,ip-10-100-1-186,1003,cap_capable,1,0,"[{'name': 'cap', 'type': 'int', 'value': 'CAP_SYS_ADMIN'}]",0,0
16022.373301,159,1,0,systemd-journal,ip-10-100-1-186,257,openat,4,-2,"[{'name': 'dirfd', 'type': 'int', 'value': -100}, {'name': 'pathname', 'type': 'const char*', 'value': '/run/log/journal/cd4bbb49080545c3aed82cc00b5f152b/system.journal'}, {'name': 'flags', 'type': 'unsigned int', 'value': 'O_RDWR|O_NONBLOCK|O_CLOEXEC'}, {'name': 'mode', 'type': 'int', 'value': 154005284}]",0,0
16022.373364,159,1,0,systemd-journal,ip-10-100-1-186,1003,cap_capable,1,0,"[{'name': 'cap', 'type': 'int', 'value': 'CAP_SYS_ADMIN'}]",0,0
16022.373412,159,1,0,systemd-journal,ip-10-100-1-186,257,openat,4,-2,"[{'name': 'dirfd', 'type': 'int', 'value': -100}, {'name': 'pathname', 'type': 'const char*', 'value': '/run/log/journal/cd4bbb49080545c3aed82cc00b5f152b/system.journal'}, {'name': 'flags', 'type': 'unsigned int', 'value': 'O_RDWR|O_NONBLOCK|O_CLOEXEC'}, {'name': 'mode', 'type': 'int', 'value': 154005284}]",0,0
16022.373474,159,1,0,systemd-journal,ip-10-100-1-186,1003,cap_capable,1,0,"[{'name': 'cap', 'type': 'int', 'value': 'CAP_SYS_ADMIN'}]",0,0
16022.373521,159,1,0,systemd-journal,ip-10-100-1-186,257,openat,4,-2,"[{'name': 'dirfd', 'type': 'int', 'value': -100}, {'name': 'pathname', 'type': 'const char*', 'value': '/run/log/journal/cd4bbb49080545c3aed82cc00b5f152b/system.journal'}, {'name': 'flags', 'type': 'unsigned int', 'value': 'O_RDWR|O_NONBLOCK|O_CLOEXEC'}, {'name': 'mode', 'type': 'int', 'value': 154005284}]",0,0
16022.373596,159,1,0,systemd-journal,ip-10-100-1-186,1003,cap_capable,1,0,"[{'name': 'cap', 'type': 'int', 'value': 'CAP_SYS_ADMIN'}]",0,0
16022.373645,159,1,0,systemd-journal,ip-10-100-1-186,257,openat,4,-2,"[{'name': 'dirfd', 'type': 'int', 'value': -100}, {'name': 'pathname', 'type': 'const char*', 'value': '/run/log/journal/cd4bbb49080545c3aed82cc00b5f152b/system.journal'}, {'name': 'flags', 'type': 'unsigned int', 'value': 'O_RDWR|O_NONBLOCK|O_CLOEXEC'}, {'name': 'mode', 'type': 'int', 'value': 154005284}]",0,0
16022.373841,159,1,0,systemd-journal,ip-10-100-1-186,1003,cap_capable,1,0,"[{'name': 'cap', 'type': 'int', 'value': 'CAP_SYS_ADMIN'}]",0,0
16022.3739,159,1,0,systemd-journal,ip-10-100-1-186,257,openat,4,-2,"[{'name': 'dirfd', 'type': 'int', 'value': -100}, {'name': 'pathname', 'type': 'const char*', 'value': '/run/log/journal/cd4bbb49080545c3aed82cc00b5f152b/system.journal'}, {'name': 'flags', 'type': 'unsigned int', 'value': 'O_RDWR|O_NONBLOCK|O_CLOEXEC'}, {'name': 'mode', 'type': 'int', 'value': 154005284}]",0,0
16022.374014,159,1,0,systemd-journal,ip-10-100-1-186,1003,cap_capable,1,0,"[{'name': 'cap', 'type': 'int', 'value': 'CAP_SYS_ADMIN'}]",0,0
16022.374067,159,1,0,systemd-journal,ip-10-100-1-186,257,openat,4,-2,"[{'name': 'dirfd', 'type': 'int', 'value': -100}, {'name': 'pathname', 'type': 'const char*', 'value': '/run/log/journal/cd4bbb49080545c3aed82cc00b5f152b/system.journal'}, {'name': 'flags', 'type': 'unsigned int', 'value': 'O_RDWR|O_NONBLOCK|O_CLOEXEC'}, {'name': 'mode', 'type': 'int', 'value': 154005284}]",0,0
16022.374191,159,1,0,systemd-journal,ip-10-100-1-186,1003,cap_capable,1,0,"[{'name': 'cap', 'type': 'int', 'value': 'CAP_SYS_ADMIN'}]",0,0
16022.374214,159,1,0,systemd-journal,ip-10-100-1-186,1003,cap_capable,1,0,"[{'name': 'cap', 'type': 'int', 'value': 'CAP_SETUID'}]",0,0
16022.374232,159,1,0,systemd-journal,ip-10-100-1-186,1003,cap_capable,1,0,"[{'name': 'cap', 'type': 'int', 'value': 'CAP_SETGID'}]",0,0
16022.374281,159,1,0,systemd-journal,ip-10-100-1-186,257,openat,4,-2,"[{'name': 'dirfd', 'type': 'int', 'value': -100}, {'name': 'pathname', 'type': 'const char*', 'value': '/run/log/journal/cd4bbb49080545c3aed82cc00b5f152b/system.journal'}, {'name': 'flags', 'type': 'unsigned int', 'value': 'O_RDWR|O_NONBLOCK|O_CLOEXEC'}, {'name': 'mode', 'type': 'int', 'value': 154005284}]",0,0
16022.374414,159,1,0,systemd-journal,ip-10-100-1-186,1003,cap_capable,1,0,"[{'name': 'cap', 'type': 'int', 'value': 'CAP_SYS_ADMIN'}]",0,0
16022.374466,159,1,0,systemd-journal,ip-10-100-1-186,257,openat,4,-2,"[{'name': 'dirfd', 'type': 'int', 'value': -100}, {'name': 'pathname', 'type': 'const char*', 'value': '/run/log/journal/cd4bbb49080545c3aed82cc00b5f152b/system.journal'}, {'name': 'flags', 'type': 'unsigned int', 'value': 'O_RDWR|O_NONBLOCK|O_CLOEXEC'}, {'name': 'mode', 'type': 'int', 'value': 154005284}]",0,0
16022.374531,159,1,0,systemd-journal,ip-10-100-1-186,1003,cap_capable,1,0,"[{'name': 'cap', 'type': 'int', 'value': 'CAP_SYS_ADMIN'}]",0,0
16022.374579,159,1,0,systemd-journal,ip-10-100-1-186,257,openat,4,-2,"[{'name': 'dirfd', 'type': 'int', 'value': -100}, {'name': 'pathname', 'type': 'const char*', 'value': '/run/log/journal/cd4bbb49080545c3aed82cc00b5f152b/system.journal'}, {'name': 'flags', 'type': 'unsigned int', 'value': 'O_RDWR|O_NONBLOCK|O_CLOEXEC'}, {'name': 'mode', 'type': 'int', 'value': 154005284}]",0,0
16022.374642,159,1,0,systemd-journal,ip-10-100-1-186,1003,cap_capable,1,0,"[{'name': 'cap', 'type': 'int', 'value': 'CAP_SYS_ADMIN'}]",0,0
16022.37469,159,1,0,systemd-journal,ip-10-100-1-186,257,openat,4,-2,"[{'name': 'dirfd', 'type': 'int', 'value': -100}, {'name': 'pathname', 'type': 'const char*', 'value': '/run/log/journal/cd4bbb49080545c3aed82cc00b5f152b/system.journal'}, {'name': 'flags', 'type': 'unsigned int', 'value': 'O_RDWR|O_NONBLOCK|O_CLOEXEC'}, {'name': 'mode', 'type': 'int', 'value': 154005284}]",0,0
16022.374751,159,1,0,systemd-journal,ip-10-100-1-186,1003,cap_capable,1,0,"[{'name': 'cap', 'type': 'int', 'value': 'CAP_SYS_ADMIN'}]",0,0
16022.374799,159,1,0,systemd-journal,ip-10-100-1-186,257,openat,4,-2,"[{'name': 'dirfd', 'type': 'int', 'value': -100}, {'name': 'pathname', 'type': 'const char*', 'value': '/run/log/journal/cd4bbb49080545c3aed82cc00b5f152b/system.journal'}, {'name': 'flags', 'type': 'unsigned int', 'value': 'O_RDWR|O_NONBLOCK|O_CLOEXEC'}, {'name': 'mode', 'type': 'int', 'value': 154005284}]",0,0
16022.374873,159,1,0,systemd-journal,ip-10-100-1-186,1003,cap_capable,1,0,"[{'name': 'cap', 'type': 'int', 'value': 'CAP_SYS_ADMIN'}]",0,0
16022.374922,159,1,0,systemd-journal,ip-10-100-1-186,257,openat,4,-2,"[{'name': 'dirfd', 'type': 'int', 'value': -100}, {'name': 'pathname', 'type': 'const char*', 'value': '/run/log/journal/cd4bbb49080545c3aed82cc00b5f152b/system.journal'}, {'name': 'flags', 'type': 'unsigned int', 'value': 'O_RDWR|O_NONBLOCK|O_CLOEXEC'}, {'name': 'mode', 'type': 'int', 'value': 154005284}]",0,0
16022.374986,159,1,0,systemd-journal,ip-10-100-1-186,1003,cap_capable,1,0,"[{'name': 'cap', 'type': 'int', 'value': 'CAP_SYS_ADMIN'}]",0,0
16022.375035,159,1,0,systemd-journal,ip-10-100-1-186,257,openat,4,-2,"[{'name': 'dirfd', 'type': 'int', 'value': -100}, {'name': 'pathname', 'type': 'const char*', 'value': '/run/log/journal/cd4bbb49080545c3aed82cc00b5f152b/system.journal'}, {'name': 'flags', 'type': 'unsigned int', 'value': 'O_RDWR|O_NONBLOCK|O_CLOEXEC'}, {'name': 'mode', 'type': 'int', 'value': 154005284}]",0,0
16022.375099,159,1,0,systemd-journal,ip-10-100-1-186,1003,cap_capable,1,0,"[{'name': 'cap', 'type': 'int', 'value': 'CAP_SYS_ADMIN'}]",0,0
16022.375152,159,1,0,systemd-journal,ip-10-100-1-186,257,openat,4,-2,"[{'name': 'dirfd', 'type': 'int', 'value': -100}, {'name': 'pathname', 'type': 'const char*', 'value': '/run/log/journal/cd4bbb49080545c3aed82cc00b5f152b/system.journal'}, {'name': 'flags', 'type': 'unsigned int', 'value': 'O_RDWR|O_NONBLOCK|O_CLOEXEC'}, {'name': 'mode', 'type': 'int', 'value': 154005284}]",0,0
16022.375217,159,1,0,systemd-journal,ip-10-100-1-186,1003,cap_capable,1,0,"[{'name': 'cap', 'type': 'int', 'value': 'CAP_SYS_ADMIN'}]",0,0
16022.375266,159,1,0,systemd-journal,ip-10-100-1-186,257,openat,4,-2,"[{'name': 'dirfd', 'type': 'int', 'value': -100}, {'name': 'pathname', 'type': 'const char*', 'value': '/run/log/journal/cd4bbb49080545c3aed82cc00b5f152b/system.journal'}, {'name': 'flags', 'type': 'unsigned int', 'value': 'O_RDWR|O_NONBLOCK|O_CLOEXEC'}, {'name': 'mode', 'type': 'int', 'value': 154005284}]",0,0
16022.37533,159,1,0,systemd-journal,ip-10-100-1-186,1003,cap_capable,1,0,"[{'name': 'cap', 'type': 'int', 'value': 'CAP_SYS_ADMIN'}]",0,0
16022.375379,159,1,0,systemd-journal,ip-10-100-1-186,257,openat,4,-2,"[{'name': 'dirfd', 'type': 'int', 'value': -100}, {'name': 'pathname', 'type': 'const char*', 'value': '/run/log/journal/cd4bbb49080545c3aed82cc00b5f152b/system.journal'}, {'name': 'flags', 'type': 'unsigned int', 'value': 'O_RDWR|O_NONBLOCK|O_CLOEXEC'}, {'name': 'mode', 'type': 'int', 'value': 154005284}]",0,0
16022.375443,159,1,0,systemd-journal,ip-10-100-1-186,1003,cap_capable,1,0,"[{'name': 'cap', 'type': 'int', 'value': 'CAP_SYS_ADMIN'}]",0,0
16022.375492,159,1,0,systemd-journal,ip-10-100-1-186,257,openat,4,-2,"[{'name': 'dirfd', 'type': 'int', 'value': -100}, {'name': 'pathname', 'type': 'const char*', 'value': '/run/log/journal/cd4bbb49080545c3aed82cc00b5f152b/system.journal'}, {'name': 'flags', 'type': 'unsigned int', 'value': 'O_RDWR|O_NONBLOCK|O_CLOEXEC'}, {'name': 'mode', 'type': 'int', 'value': 154005284}]",0,0
16022.375555,159,1,0,systemd-journal,ip-10-100-1-186,1003,cap_capable,1,0,"[{'name': 'cap', 'type': 'int', 'value': 'CAP_SYS_ADMIN'}]",0,0
16022.375604,159,1,0,systemd-journal,ip-10-100-1-186,257,openat,4,-2,"[{'name': 'dirfd', 'type': 'int', 'value': -100}, {'name': 'pathname', 'type': 'const char*', 'value': '/run/log/journal/cd4bbb49080545c3aed82cc00b5f152b/system.journal'}, {'name': 'flags', 'type': 'unsigned int', 'value': 'O_RDWR|O_NONBLOCK|O_CLOEXEC'}, {'name': 'mode', 'type': 'int', 'value': 154005284}]",0,0
16022.375674,159,1,0,systemd-journal,ip-10-100-1-186,1003,cap_capable,1,0,"[{'name': 'cap', 'type': 'int', 'value': 'CAP_SYS_ADMIN'}]",0,0
16022.375724,159,1,0,systemd-journal,ip-10-100-1-186,257,openat,4,-2,"[{'name': 'dirfd', 'type': 'int', 'value': -100}, {'name': 'pathname', 'type': 'const char*', 'value': '/run/log/journal/cd4bbb49080545c3aed82cc00b5f152b/system.journal'}, {'name': 'flags', 'type': 'unsigned int', 'value': 'O_RDWR|O_NONBLOCK|O_CLOEXEC'}, {'name': 'mode', 'type': 'int', 'value': 154005284}]",0,0
16022.375792,159,1,0,systemd-journal,ip-10-100-1-186,1003,cap_capable,1,0,"[{'name': 'cap', 'type': 'int', 'value': 'CAP_SYS_ADMIN'}]",0,0
16022.375842,159,1,0,systemd-journal,ip-10-100-1-186,257,openat,4,-2,"[{'name': 'dirfd', 'type': 'int', 'value': -100}, {'name': 'pathname', 'type': 'const char*', 'value': '/run/log/journal/cd4bbb49080545c3aed82cc00b5f152b/system.journal'}, {'name': 'flags', 'type': 'unsigned int', 'value': 'O_RDWR|O_NONBLOCK|O_CLOEXEC'}, {'name': 'mode', 'type': 'int', 'value': 154005284}]",0,0
16022.375906,159,1,0,systemd-journal,ip-10-100-1-186,1003,cap_capable,1,0,"[{'name': 'cap', 'type': 'int', 'value': 'CAP_SYS_ADMIN'}]",0,0
16022.375965,159,1,0,systemd-journal,ip-10-100-1-186,257,openat,4,-2,"[{'name': 'dirfd', 'type': 'int', 'value': -100}, {'name': 'pathname', 'type': 'const char*', 'value': '/run/log/journal/cd4bbb49080545c3aed82cc00b5f152b/system.journal'}, {'name': 'flags', 'type': 'unsigned int', 'value': 'O_RDWR|O_NONBLOCK|O_CLOEXEC'}, {'name': 'mode', 'type': 'int', 'value': 154005284}]",0,0
16022.37604,159,1,0,systemd-journal,ip-10-100-1-186,1003,cap_capable,1,0,"[{'name': 'cap', 'type': 'int', 'value': 'CAP_SYS_ADMIN'}]",0,0
16022.376089,159,1,0,systemd-journal,ip-10-100-1-186,257,openat,4,-2,"[{'name': 'dirfd', 'type': 'int', 'value': -100}, {'name': 'pathname', 'type': 'const char*', 'value': '/run/log/journal/cd4bbb49080545c3aed82cc00b5f152b/system.journal'}, {'name': 'flags', 'type': 'unsigned int', 'value': 'O_RDWR|O_NONBLOCK|O_CLOEXEC'}, {'name': 'mode', 'type': 'int', 'value': 154005284}]",0,0
16022.376153,159,1,0,systemd-journal,ip-10-100-1-186,1003,cap_capable,1,0,"[{'name': 'cap', 'type': 'int', 'value': 'CAP_SYS_ADMIN'}]",0,0
16022.376202,159,1,0,systemd-journal,ip-10-100-1-186,257,openat,4,-2,"[{'name': 'dirfd', 'type': 'int', 'value': -100}, {'name': 'pathname', 'type': 'const char*', 'value': '/run/log/journal/cd4bbb49080545c3aed82cc00b5f152b/system.journal'}, {'name': 'flags', 'type': 'unsigned int', 'value': 'O_RDWR|O_NONBLOCK|O_CLOEXEC'}, {'name': 'mode', 'type': 'int', 'value': 154005284}]",0,0
16022.376265,159,1,0,systemd-journal,ip-10-100-1-186,1003,cap_capable,1,0,"[{'name': 'cap', 'type': 'int', 'value': 'CAP_SYS_ADMIN'}]",0,0
16022.376314,159,1,0,systemd-journal,ip-10-100-1-186,257,openat,4,-2,"[{'name': 'dirfd', 'type': 'int', 'value': -100}, {'name': 'pathname', 'type': 'const char*', 'value': '/run/log/journal/cd4bbb49080545c3aed82cc00b5f152b/system.journal'}, {'name': 'flags', 'type': 'unsigned int', 'value': 'O_RDWR|O_NONBLOCK|O_CLOEXEC'}, {'name': 'mode', 'type': 'int', 'value': 154005284}]",0,0
16022.376389,159,1,0,systemd-journal,ip-10-100-1-186,1003,cap_capable,1,0,"[{'name': 'cap', 'type': 'int', 'value': 'CAP_SYS_ADMIN'}]",0,0
16022.376436,159,1,0,systemd-journal,ip-10-100-1-186,257,openat,4,-2,"[{'name': 'dirfd', 'type': 'int', 'value': -100}, {'name': 'pathname', 'type': 'const char*', 'value': '/run/log/journal/cd4bbb49080545c3aed82cc00b5f152b/system.journal'}, {'name': 'flags', 'type': 'unsigned int', 'value': 'O_RDWR|O_NONBLOCK|O_CLOEXEC'}, {'name': 'mode', 'type': 'int', 'value': 154005284}]",0,0
16022.376548,159,1,0,systemd-journal,ip-10-100-1-186,257,openat,4,-2,"[{'name': 'dirfd', 'type': 'int', 'value': -100}, {'name': 'pathname', 'type': 'const char*', 'value': '/run/log/journal/cd4bbb49080545c3aed82cc00b5f152b/system.journal'}, {'name': 'flags', 'type': 'unsigned int', 'value': 'O_RDWR|O_NONBLOCK|O_CLOEXEC'}, {'name': 'mode', 'type': 'int', 'value': 154005284}]",0,0
16022.376497,159,1,0,systemd-journal,ip-10-100-1-186,1003,cap_capable,1,0,"[{'name': 'cap', 'type': 'int', 'value': 'CAP_SYS_ADMIN'}]",0,0
16022.37661,159,1,0,systemd-journal,ip-10-100-1-186,1003,cap_capable,1,0,"[{'name': 'cap', 'type': 'int', 'value': 'CAP_SYS_ADMIN'}]",0,0
16022.376686,159,1,0,systemd-journal,ip-10-100-1-186,257,openat,4,-2,"[{'name': 'dirfd', 'type': 'int', 'value': -100}, {'name': 'pathname', 'type': 'const char*', 'value': '/run/log/journal/cd4bbb49080545c3aed82cc00b5f152b/system.journal'}, {'name': 'flags', 'type': 'unsigned int', 'value': 'O_RDWR|O_NONBLOCK|O_CLOEXEC'}, {'name': 'mode', 'type': 'int', 'value': 154005284}]",0,0
16022.379477,159,1,0,systemd-journal,ip-10-100-1-186,1003,cap_capable,1,0,"[{'name': 'cap', 'type': 'int', 'value': 'CAP_SYS_ADMIN'}]",0,0
16022.379543,159,1,0,systemd-journal,ip-10-100-1-186,257,openat,4,-2,"[{'name': 'dirfd', 'type': 'int', 'value': -100}, {'name': 'pathname', 'type': 'const char*', 'value': '/run/log/journal/cd4bbb49080545c3aed82cc00b5f152b/system.journal'}, {'name': 'flags', 'type': 'unsigned int', 'value': 'O_RDWR|O_NONBLOCK|O_CLOEXEC'}, {'name': 'mode', 'type': 'int', 'value': 154005284}]",0,0
16022.379614,159,1,0,systemd-journal,ip-10-100-1-186,1003,cap_capable,1,0,"[{'name': 'cap', 'type': 'int', 'value': 'CAP_SYS_ADMIN'}]",0,0
16022.379662,159,1,0,systemd-journal,ip-10-100-1-186,257,openat,4,-2,"[{'name': 'dirfd', 'type': 'int', 'value': -100}, {'name': 'pathname', 'type': 'const char*', 'value': '/run/log/journal/cd4bbb49080545c3aed82cc00b5f152b/system.journal'}, {'name': 'flags', 'type': 'unsigned int', 'value': 'O_RDWR|O_NONBLOCK|O_CLOEXEC'}, {'name': 'mode', 'type': 'int', 'value': 154005284}]",0,0
16022.379765,159,1,0,systemd-journal,ip-10-100-1-186,1003,cap_capable,1,0,"[{'name': 'cap', 'type': 'int', 'value': 'CAP_SYS_ADMIN'}]",0,0
16022.379785,159,1,0,systemd-journal,ip-10-100-1-186,1003,cap_capable,1,0,"[{'name': 'cap', 'type': 'int', 'value': 'CAP_SETUID'}]",0,0
16022.379802,159,1,0,systemd-journal,ip-10-100-1-186,1003,cap_capable,1,0,"[{'name': 'cap', 'type': 'int', 'value': 'CAP_SETGID'}]",0,0
16022.379848,159,1,0,systemd-journal,ip-10-100-1-186,257,openat,4,-2,"[{'name': 'dirfd', 'type': 'int', 'value': -100}, {'name': 'pathname', 'type': 'const char*', 'value': '/run/log/journal/cd4bbb49080545c3aed82cc00b5f152b/system.journal'}, {'name': 'flags', 'type': 'unsigned int', 'value': 'O_RDWR|O_NONBLOCK|O_CLOEXEC'}, {'name': 'mode', 'type': 'int', 'value': 154005284}]",0,0
16022.37996,159,1,0,systemd-journal,ip-10-100-1-186,1003,cap_capable,1,0,"[{'name': 'cap', 'type': 'int', 'value': 'CAP_SYS_ADMIN'}]",0,0
16022.380009,159,1,0,systemd-journal,ip-10-100-1-186,257,openat,4,-2,"[{'name': 'dirfd', 'type': 'int', 'value': -100}, {'name': 'pathname', 'type': 'const char*', 'value': '/run/log/journal/cd4bbb49080545c3aed82cc00b5f152b/system.journal'}, {'name': 'flags', 'type': 'unsigned int', 'value': 'O_RDWR|O_NONBLOCK|O_CLOEXEC'}, {'name': 'mode', 'type': 'int', 'value': 154005284}]",0,0
16022.380101,159,1,0,systemd-journal,ip-10-100-1-186,1003,cap_capable,1,0,"[{'name': 'cap', 'type': 'int', 'value': 'CAP_SYS_ADMIN'}]",0,0
16022.380151,159,1,0,systemd-journal,ip-10-100-1-186,257,openat,4,-2,"[{'name': 'dirfd', 'type': 'int', 'value': -100}, {'name': 'pathname', 'type': 'const char*', 'value': '/run/log/journal/cd4bbb49080545c3aed82cc00b5f152b/system.journal'}, {'name': 'flags', 'type': 'unsigned int', 'value': 'O_RDWR|O_NONBLOCK|O_CLOEXEC'}, {'name': 'mode', 'type': 'int', 'value': 154005284}]",0,0
16022.380215,159,1,0,systemd-journal,ip-10-100-1-186,1003,cap_capable,1,0,"[{'name': 'cap', 'type': 'int', 'value': 'CAP_SYS_ADMIN'}]",0,0
16022.380264,159,1,0,systemd-journal,ip-10-100-1-186,257,openat,4,-2,"[{'name': 'dirfd', 'type': 'int', 'value': -100}, {'name': 'pathname', 'type': 'const char*', 'value': '/run/log/journal/cd4bbb49080545c3aed82cc00b5f152b/system.journal'}, {'name': 'flags', 'type': 'unsigned int', 'value': 'O_RDWR|O_NONBLOCK|O_CLOEXEC'}, {'name': 'mode', 'type': 'int', 'value': 154005284}]",0,0
16022.380328,159,1,0,systemd-journal,ip-10-100-1-186,1003,cap_capable,1,0,"[{'name': 'cap', 'type': 'int', 'value': 'CAP_SYS_ADMIN'}]",0,0
16022.380412,159,1,0,systemd-journal,ip-10-100-1-186,257,openat,4,-2,"[{'name': 'dirfd', 'type': 'int', 'value': -100}, {'name': 'pathname', 'type': 'const char*', 'value': '/run/log/journal/cd4bbb49080545c3aed82cc00b5f152b/system.journal'}, {'name': 'flags', 'type': 'unsigned int', 'value': 'O_RDWR|O_NONBLOCK|O_CLOEXEC'}, {'name': 'mode', 'type': 'int', 'value': 154005284}]",0,0
16022.380489,159,1,0,systemd-journal,ip-10-100-1-186,1003,cap_capable,1,0,"[{'name': 'cap', 'type': 'int', 'value': 'CAP_SYS_ADMIN'}]",0,0
16022.380552,159,1,0,systemd-journal,ip-10-100-1-186,257,openat,4,-2,"[{'name': 'dirfd', 'type': 'int', 'value': -100}, {'name': 'pathname', 'type': 'const char*', 'value': '/run/log/journal/cd4bbb49080545c3aed82cc00b5f152b/system.journal'}, {'name': 'flags', 'type': 'unsigned int', 'value': 'O_RDWR|O_NONBLOCK|O_CLOEXEC'}, {'name': 'mode', 'type': 'int', 'value': 154005284}]",0,0
16022.38063,159,1,0,systemd-journal,ip-10-100-1-186,1003,cap_capable,1,0,"[{'name': 'cap', 'type': 'int', 'value': 'CAP_SYS_ADMIN'}]",0,0
16022.380693,159,1,0,systemd-journal,ip-10-100-1-186,257,openat,4,-2,"[{'name': 'dirfd', 'type': 'int', 'value': -100}, {'name': 'pathname', 'type': 'const char*', 'value': '/run/log/journal/cd4bbb49080545c3aed82cc00b5f152b/system.journal'}, {'name': 'flags', 'type': 'unsigned int', 'value': 'O_RDWR|O_NONBLOCK|O_CLOEXEC'}, {'name': 'mode', 'type': 'int', 'value': 154005284}]",0,0
16022.381636,506,1,104,rs:main Q:Reg,ip-10-100-1-186,62,kill,2,0,"[{'name': 'pid', 'type': 'pid_t', 'value': 506}, {'name': 'sig', 'type': 'int', 'value': 22}]",0,0
16022.381796,506,1,104,rs:main Q:Reg,ip-10-100-1-186,62,kill,2,0,"[{'name': 'pid', 'type': 'pid_t', 'value': 506}, {'name': 'sig', 'type': 'int', 'value': 22}]",0,0
16022.382077,159,1,0,systemd-journal,ip-10-100-1-186,257,openat,4,-2,"[{'name': 'dirfd', 'type': 'int', 'value': -100}, {'name': 'pathname', 'type': 'const char*', 'value': '/run/log/journal/cd4bbb49080545c3aed82cc00b5f152b/system.journal'}, {'name': 'flags', 'type': 'unsigned int', 'value': 'O_RDWR|O_NONBLOCK|O_CLOEXEC'}, {'name': 'mode', 'type': 'int', 'value': 154005284}]",0,0
16022.382147,159,1,0,systemd-journal,ip-10-100-1-186,1003,cap_capable,1,0,"[{'name': 'cap', 'type': 'int', 'value': 'CAP_SYS_ADMIN'}]",0,0
16022.382,159,1,0,systemd-journal,ip-10-100-1-186,1003,cap_capable,1,0,"[{'name': 'cap', 'type': 'int', 'value': 'CAP_SYS_ADMIN'}]",0,0
16022.382209,159,1,0,systemd-journal,ip-10-100-1-186,257,openat,4,-2,"[{'name': 'dirfd', 'type': 'int', 'value': -100}, {'name': 'pathname', 'type': 'const char*', 'value': '/run/log/journal/cd4bbb49080545c3aed82cc00b5f152b/system.journal'}, {'name': 'flags', 'type': 'unsigned int', 'value': 'O_RDWR|O_NONBLOCK|O_CLOEXEC'}, {'name': 'mode', 'type': 'int', 'value': 154005284}]",0,0
16022.382358,159,1,0,systemd-journal,ip-10-100-1-186,1003,cap_capable,1,0,"[{'name': 'cap', 'type': 'int', 'value': 'CAP_SYS_ADMIN'}]",0,0
16022.382412,159,1,0,systemd-journal,ip-10-100-1-186,257,openat,4,-2,"[{'name': 'dirfd', 'type': 'int', 'value': -100}, {'name': 'pathname', 'type': 'const char*', 'value': '/run/log/journal/cd4bbb49080545c3aed82cc00b5f152b/system.journal'}, {'name': 'flags', 'type': 'unsigned int', 'value': 'O_RDWR|O_NONBLOCK|O_CLOEXEC'}, {'name': 'mode', 'type': 'int', 'value': 154005284}]",0,0
16022.382481,159,1,0,systemd-journal,ip-10-100-1-186,1003,cap_capable,1,0,"[{'name': 'cap', 'type': 'int', 'value': 'CAP_SYS_ADMIN'}]",0,0
16022.382531,159,1,0,systemd-journal,ip-10-100-1-186,257,openat,4,-2,"[{'name': 'dirfd', 'type': 'int', 'value': -100}, {'name': 'pathname', 'type': 'const char*', 'value': '/run/log/journal/cd4bbb49080545c3aed82cc00b5f152b/system.journal'}, {'name': 'flags', 'type': 'unsigned int', 'value': 'O_RDWR|O_NONBLOCK|O_CLOEXEC'}, {'name': 'mode', 'type': 'int', 'value': 154005284}]",0,0
16022.382631,159,1,0,systemd-journal,ip-10-100-1-186,1003,cap_capable,1,0,"[{'name': 'cap', 'type': 'int', 'value': 'CAP_SYS_ADMIN'}]",0,0
16022.382692,159,1,0,systemd-journal,ip-10-100-1-186,257,openat,4,-2,"[{'name': 'dirfd', 'type': 'int', 'value': -100}, {'name': 'pathname', 'type': 'const char*', 'value': '/run/log/journal/cd4bbb49080545c3aed82cc00b5f152b/system.journal'}, {'name': 'flags', 'type': 'unsigned int', 'value': 'O_RDWR|O_NONBLOCK|O_CLOEXEC'}, {'name': 'mode', 'type': 'int', 'value': 154005284}]",0,0
16022.382933,506,1,104,rs:main Q:Reg,ip-10-100-1-186,1003,cap_capable,1,0,"[{'name': 'cap', 'type': 'int', 'value': 'CAP_SYS_RESOURCE'}]",0,0
16022.383036,159,1,0,systemd-journal,ip-10-100-1-186,1003,cap_capable,1,0,"[{'name': 'cap', 'type': 'int', 'value': 'CAP_SYS_ADMIN'}]",0,0
16022.383097,159,1,0,systemd-journal,ip-10-100-1-186,257,openat,4,-2,"[{'name': 'dirfd', 'type': 'int', 'value': -100}, {'name': 'pathname', 'type': 'const char*', 'value': '/run/log/journal/cd4bbb49080545c3aed82cc00b5f152b/system.journal'}, {'name': 'flags', 'type': 'unsigned int', 'value': 'O_RDWR|O_NONBLOCK|O_CLOEXEC'}, {'name': 'mode', 'type': 'int', 'value': 154005284}]",0,0
16022.383171,159,1,0,systemd-journal,ip-10-100-1-186,1003,cap_capable,1,0,"[{'name': 'cap', 'type': 'int', 'value': 'CAP_SYS_ADMIN'}]",0,0
16022.383221,159,1,0,systemd-journal,ip-10-100-1-186,257,openat,4,-2,"[{'name': 'dirfd', 'type': 'int', 'value': -100}, {'name': 'pathname', 'type': 'const char*', 'value': '/run/log/journal/cd4bbb49080545c3aed82cc00b5f152b/system.journal'}, {'name': 'flags', 'type': 'unsigned int', 'value': 'O_RDWR|O_NONBLOCK|O_CLOEXEC'}, {'name': 'mode', 'type': 'int', 'value': 154005284}]",0,0
16022.383286,159,1,0,systemd-journal,ip-10-100-1-186,1003,cap_capable,1,0,"[{'name': 'cap', 'type': 'int', 'value': 'CAP_SYS_ADMIN'}]",0,0
16022.383335,159,1,0,systemd-journal,ip-10-100-1-186,257,openat,4,-2,"[{'name': 'dirfd', 'type': 'int', 'value': -100}, {'name': 'pathname', 'type': 'const char*', 'value': '/run/log/journal/cd4bbb49080545c3aed82cc00b5f152b/system.journal'}, {'name': 'flags', 'type': 'unsigned int', 'value': 'O_RDWR|O_NONBLOCK|O_CLOEXEC'}, {'name': 'mode', 'type': 'int', 'value': 154005284}]",0,0
16022.3834,159,1,0,systemd-journal,ip-10-100-1-186,1003,cap_capable,1,0,"[{'name': 'cap', 'type': 'int', 'value': 'CAP_SYS_ADMIN'}]",0,0
16022.383452,159,1,0,systemd-journal,ip-10-100-1-186,257,openat,4,-2,"[{'name': 'dirfd', 'type': 'int', 'value': -100}, {'name': 'pathname', 'type': 'const char*', 'value': '/run/log/journal/cd4bbb49080545c3aed82cc00b5f152b/system.journal'}, {'name': 'flags', 'type': 'unsigned int', 'value': 'O_RDWR|O_NONBLOCK|O_CLOEXEC'}, {'name': 'mode', 'type': 'int', 'value': 154005284}]",0,0
16022.383523,159,1,0,systemd-journal,ip-10-100-1-186,1003,cap_capable,1,0,"[{'name': 'cap', 'type': 'int', 'value': 'CAP_SYS_ADMIN'}]",0,0
16022.383574,159,1,0,systemd-journal,ip-10-100-1-186,257,openat,4,-2,"[{'name': 'dirfd', 'type': 'int', 'value': -100}, {'name': 'pathname', 'type': 'const char*', 'value': '/run/log/journal/cd4bbb49080545c3aed82cc00b5f152b/system.journal'}, {'name': 'flags', 'type': 'unsigned int', 'value': 'O_RDWR|O_NONBLOCK|O_CLOEXEC'}, {'name': 'mode', 'type': 'int', 'value': 154005284}]",0,0
16022.383638,159,1,0,systemd-journal,ip-10-100-1-186,1003,cap_capable,1,0,"[{'name': 'cap', 'type': 'int', 'value': 'CAP_SYS_ADMIN'}]",0,0
16022.383687,159,1,0,systemd-journal,ip-10-100-1-186,257,openat,4,-2,"[{'name': 'dirfd', 'type': 'int', 'value': -100}, {'name': 'pathname', 'type': 'const char*', 'value': '/run/log/journal/cd4bbb49080545c3aed82cc00b5f152b/system.journal'}, {'name': 'flags', 'type': 'unsigned int', 'value': 'O_RDWR|O_NONBLOCK|O_CLOEXEC'}, {'name': 'mode', 'type': 'int', 'value': 154005284}]",0,0
16022.383752,159,1,0,systemd-journal,ip-10-100-1-186,1003,cap_capable,1,0,"[{'name': 'cap', 'type': 'int', 'value': 'CAP_SYS_ADMIN'}]",0,0
16022.3838,159,1,0,systemd-journal,ip-10-100-1-186,257,openat,4,-2,"[{'name': 'dirfd', 'type': 'int', 'value': -100}, {'name': 'pathname', 'type': 'const char*', 'value': '/run/log/journal/cd4bbb49080545c3aed82cc00b5f152b/system.journal'}, {'name': 'flags', 'type': 'unsigned int', 'value': 'O_RDWR|O_NONBLOCK|O_CLOEXEC'}, {'name': 'mode', 'type': 'int', 'value': 154005284}]",0,0
16022.383873,159,1,0,systemd-journal,ip-10-100-1-186,1003,cap_capable,1,0,"[{'name': 'cap', 'type': 'int', 'value': 'CAP_SYS_ADMIN'}]",0,0
16022.383924,159,1,0,systemd-journal,ip-10-100-1-186,257,openat,4,-2,"[{'name': 'dirfd', 'type': 'int', 'value': -100}, {'name': 'pathname', 'type': 'const char*', 'value': '/run/log/journal/cd4bbb49080545c3aed82cc00b5f152b/system.journal'}, {'name': 'flags', 'type': 'unsigned int', 'value': 'O_RDWR|O_NONBLOCK|O_CLOEXEC'}, {'name': 'mode', 'type': 'int', 'value': 154005284}]",0,0
16022.383989,159,1,0,systemd-journal,ip-10-100-1-186,1003,cap_capable,1,0,"[{'name': 'cap', 'type': 'int', 'value': 'CAP_SYS_ADMIN'}]",0,0
16022.384037,159,1,0,systemd-journal,ip-10-100-1-186,257,openat,4,-2,"[{'name': 'dirfd', 'type': 'int', 'value': -100}, {'name': 'pathname', 'type': 'const char*', 'value': '/run/log/journal/cd4bbb49080545c3aed82cc00b5f152b/system.journal'}, {'name': 'flags', 'type': 'unsigned int', 'value': 'O_RDWR|O_NONBLOCK|O_CLOEXEC'}, {'name': 'mode', 'type': 'int', 'value': 154005284}]",0,0
16022.384102,159,1,0,systemd-journal,ip-10-100-1-186,1003,cap_capable,1,0,"[{'name': 'cap', 'type': 'int', 'value': 'CAP_SYS_ADMIN'}]",0,0
16022.384294,506,1,104,rs:main Q:Reg,ip-10-100-1-186,1003,cap_capable,1,0,"[{'name': 'cap', 'type': 'int', 'value': 'CAP_SYS_RESOURCE'}]",0,0
16022.39944,159,1,0,systemd-journal,ip-10-100-1-186,257,openat,4,-2,"[{'name': 'dirfd', 'type': 'int', 'value': -100}, {'name': 'pathname', 'type': 'const char*', 'value': '/run/log/journal/cd4bbb49080545c3aed82cc00b5f152b/system.journal'}, {'name': 'flags', 'type': 'unsigned int', 'value': 'O_RDWR|O_NONBLOCK|O_CLOEXEC'}, {'name': 'mode', 'type': 'int', 'value': 154005284}]",0,0
16022.399576,159,1,0,systemd-journal,ip-10-100-1-186,1003,cap_capable,1,0,"[{'name': 'cap', 'type': 'int', 'value': 'CAP_SYS_ADMIN'}]",0,0
16022.399648,159,1,0,systemd-journal,ip-10-100-1-186,257,openat,4,-2,"[{'name': 'dirfd', 'type': 'int', 'value': -100}, {'name': 'pathname', 'type': 'const char*', 'value': '/run/log/journal/cd4bbb49080545c3aed82cc00b5f152b/system.journal'}, {'name': 'flags', 'type': 'unsigned int', 'value': 'O_RDWR|O_NONBLOCK|O_CLOEXEC'}, {'name': 'mode', 'type': 'int', 'value': 154005284}]",0,0
16022.39977,159,1,0,systemd-journal,ip-10-100-1-186,1003,cap_capable,1,0,"[{'name': 'cap', 'type': 'int', 'value': 'CAP_SYS_ADMIN'}]",0,0
16022.399822,159,1,0,systemd-journal,ip-10-100-1-186,257,openat,4,-2,"[{'name': 'dirfd', 'type': 'int', 'value': -100}, {'name': 'pathname', 'type': 'const char*', 'value': '/run/log/journal/cd4bbb49080545c3aed82cc00b5f152b/system.journal'}, {'name': 'flags', 'type': 'unsigned int', 'value': 'O_RDWR|O_NONBLOCK|O_CLOEXEC'}, {'name': 'mode', 'type': 'int', 'value': 154005284}]",0,0
16022.399888,159,1,0,systemd-journal,ip-10-100-1-186,1003,cap_capable,1,0,"[{'name': 'cap', 'type': 'int', 'value': 'CAP_SYS_ADMIN'}]",0,0
16022.400039,159,1,0,systemd-journal,ip-10-100-1-186,257,openat,4,-2,"[{'name': 'dirfd', 'type': 'int', 'value': -100}, {'name': 'pathname', 'type': 'const char*', 'value': '/run/log/journal/cd4bbb49080545c3aed82cc00b5f152b/system.journal'}, {'name': 'flags', 'type': 'unsigned int', 'value': 'O_RDWR|O_NONBLOCK|O_CLOEXEC'}, {'name': 'mode', 'type': 'int', 'value': 154005284}]",0,0
16022.400146,159,1,0,systemd-journal,ip-10-100-1-186,1003,cap_capable,1,0,"[{'name': 'cap', 'type': 'int', 'value': 'CAP_SYS_ADMIN'}]",0,0
16022.400202,159,1,0,systemd-journal,ip-10-100-1-186,257,openat,4,-2,"[{'name': 'dirfd', 'type': 'int', 'value': -100}, {'name': 'pathname', 'type': 'const char*', 'value': '/run/log/journal/cd4bbb49080545c3aed82cc00b5f152b/system.journal'}, {'name': 'flags', 'type': 'unsigned int', 'value': 'O_RDWR|O_NONBLOCK|O_CLOEXEC'}, {'name': 'mode', 'type': 'int', 'value': 154005284}]",0,0
16022.400272,159,1,0,systemd-journal,ip-10-100-1-186,1003,cap_capable,1,0,"[{'name': 'cap', 'type': 'int', 'value': 'CAP_SYS_ADMIN'}]",0,0
16022.400322,159,1,0,systemd-journal,ip-10-100-1-186,257,openat,4,-2,"[{'name': 'dirfd', 'type': 'int', 'value': -100}, {'name': 'pathname', 'type': 'const char*', 'value': '/run/log/journal/cd4bbb49080545c3aed82cc00b5f152b/system.journal'}, {'name': 'flags', 'type': 'unsigned int', 'value': 'O_RDWR|O_NONBLOCK|O_CLOEXEC'}, {'name': 'mode', 'type': 'int', 'value': 154005284}]",0,0
16022.400387,159,1,0,systemd-journal,ip-10-100-1-186,1003,cap_capable,1,0,"[{'name': 'cap', 'type': 'int', 'value': 'CAP_SYS_ADMIN'}]",0,0
16022.400436,159,1,0,systemd-journal,ip-10-100-1-186,257,openat,4,-2,"[{'name': 'dirfd', 'type': 'int', 'value': -100}, {'name': 'pathname', 'type': 'const char*', 'value': '/run/log/journal/cd4bbb49080545c3aed82cc00b5f152b/system.journal'}, {'name': 'flags', 'type': 'unsigned int', 'value': 'O_RDWR|O_NONBLOCK|O_CLOEXEC'}, {'name': 'mode', 'type': 'int', 'value': 154005284}]",0,0
16022.400534,159,1,0,systemd-journal,ip-10-100-1-186,1003,cap_capable,1,0,"[{'name': 'cap', 'type': 'int', 'value': 'CAP_SYS_ADMIN'}]",0,0
16022.400588,159,1,0,systemd-journal,ip-10-100-1-186,257,openat,4,-2,"[{'name': 'dirfd', 'type': 'int', 'value': -100}, {'name': 'pathname', 'type': 'const char*', 'value': '/run/log/journal/cd4bbb49080545c3aed82cc00b5f152b/system.journal'}, {'name': 'flags', 'type': 'unsigned int', 'value': 'O_RDWR|O_NONBLOCK|O_CLOEXEC'}, {'name': 'mode', 'type': 'int', 'value': 154005284}]",0,0
16022.400695,159,1,0,systemd-journal,ip-10-100-1-186,1003,cap_capable,1,0,"[{'name': 'cap', 'type': 'int', 'value': 'CAP_SYS_ADMIN'}]",0,0
16022.400769,159,1,0,systemd-journal,ip-10-100-1-186,257,openat,4,-2,"[{'name': 'dirfd', 'type': 'int', 'value': -100}, {'name': 'pathname', 'type': 'const char*', 'value': '/run/log/journal/cd4bbb49080545c3aed82cc00b5f152b/system.journal'}, {'name': 'flags', 'type': 'unsigned int', 'value': 'O_RDWR|O_NONBLOCK|O_CLOEXEC'}, {'name': 'mode', 'type': 'int', 'value': 154005284}]",0,0
16022.400837,159,1,0,systemd-journal,ip-10-100-1-186,1003,cap_capable,1,0,"[{'name': 'cap', 'type': 'int', 'value': 'CAP_SYS_ADMIN'}]",0,0
16022.400887,159,1,0,systemd-journal,ip-10-100-1-186,257,openat,4,-2,"[{'name': 'dirfd', 'type': 'int', 'value': -100}, {'name': 'pathname', 'type': 'const char*', 'value': '/run/log/journal/cd4bbb49080545c3aed82cc00b5f152b/system.journal'}, {'name': 'flags', 'type': 'unsigned int', 'value': 'O_RDWR|O_NONBLOCK|O_CLOEXEC'}, {'name': 'mode', 'type': 'int', 'value': 154005284}]",0,0
16022.400999,159,1,0,systemd-journal,ip-10-100-1-186,257,openat,4,-2,"[{'name': 'dirfd', 'type': 'int', 'value': -100}, {'name': 'pathname', 'type': 'const char*', 'value': '/run/log/journal/cd4bbb49080545c3aed82cc00b5f152b/system.journal'}, {'name': 'flags', 'type': 'unsigned int', 'value': 'O_RDWR|O_NONBLOCK|O_CLOEXEC'}, {'name': 'mode', 'type': 'int', 'value': 154005284}]",0,0
16022.400951,159,1,0,systemd-journal,ip-10-100-1-186,1003,cap_capable,1,0,"[{'name': 'cap', 'type': 'int', 'value': 'CAP_SYS_ADMIN'}]",0,0
16022.401084,159,1,0,systemd-journal,ip-10-100-1-186,1003,cap_capable,1,0,"[{'name': 'cap', 'type': 'int', 'value': 'CAP_SYS_ADMIN'}]",0,0
16022.401128,159,1,0,systemd-journal,ip-10-100-1-186,257,openat,4,-2,"[{'name': 'dirfd', 'type': 'int', 'value': -100}, {'name': 'pathname', 'type': 'const char*', 'value': '/run/log/journal/cd4bbb49080545c3aed82cc00b5f152b/system.journal'}, {'name': 'flags', 'type': 'unsigned int', 'value': 'O_RDWR|O_NONBLOCK|O_CLOEXEC'}, {'name': 'mode', 'type': 'int', 'value': 154005284}]",0,0
16022.401187,159,1,0,systemd-journal,ip-10-100-1-186,1003,cap_capable,1,0,"[{'name': 'cap', 'type': 'int', 'value': 'CAP_SYS_ADMIN'}]",0,0
16022.401231,159,1,0,systemd-journal,ip-10-100-1-186,257,openat,4,-2,"[{'name': 'dirfd', 'type': 'int', 'value': -100}, {'name': 'pathname', 'type': 'const char*', 'value': '/run/log/journal/cd4bbb49080545c3aed82cc00b5f152b/system.journal'}, {'name': 'flags', 'type': 'unsigned int', 'value': 'O_RDWR|O_NONBLOCK|O_CLOEXEC'}, {'name': 'mode', 'type': 'int', 'value': 154005284}]",0,0
16022.401289,159,1,0,systemd-journal,ip-10-100-1-186,1003,cap_capable,1,0,"[{'name': 'cap', 'type': 'int', 'value': 'CAP_SYS_ADMIN'}]",0,0
16022.401333,159,1,0,systemd-journal,ip-10-100-1-186,257,openat,4,-2,"[{'name': 'dirfd', 'type': 'int', 'value': -100}, {'name': 'pathname', 'type': 'const char*', 'value': '/run/log/journal/cd4bbb49080545c3aed82cc00b5f152b/system.journal'}, {'name': 'flags', 'type': 'unsigned int', 'value': 'O_RDWR|O_NONBLOCK|O_CLOEXEC'}, {'name': 'mode', 'type': 'int', 'value': 154005284}]",0,0
16022.401391,159,1,0,systemd-journal,ip-10-100-1-186,1003,cap_capable,1,0,"[{'name': 'cap', 'type': 'int', 'value': 'CAP_SYS_ADMIN'}]",0,0
16022.401438,159,1,0,systemd-journal,ip-10-100-1-186,257,openat,4,-2,"[{'name': 'dirfd', 'type': 'int', 'value': -100}, {'name': 'pathname', 'type': 'const char*', 'value': '/run/log/journal/cd4bbb49080545c3aed82cc00b5f152b/system.journal'}, {'name': 'flags', 'type': 'unsigned int', 'value': 'O_RDWR|O_NONBLOCK|O_CLOEXEC'}, {'name': 'mode', 'type': 'int', 'value': 154005284}]",0,0
16022.401496,159,1,0,systemd-journal,ip-10-100-1-186,1003,cap_capable,1,0,"[{'name': 'cap', 'type': 'int', 'value': 'CAP_SYS_ADMIN'}]",0,0
16022.401543,159,1,0,systemd-journal,ip-10-100-1-186,257,openat,4,-2,"[{'name': 'dirfd', 'type': 'int', 'value': -100}, {'name': 'pathname', 'type': 'const char*', 'value': '/run/log/journal/cd4bbb49080545c3aed82cc00b5f152b/system.journal'}, {'name': 'flags', 'type': 'unsigned int', 'value': 'O_RDWR|O_NONBLOCK|O_CLOEXEC'}, {'name': 'mode', 'type': 'int', 'value': 154005284}]",0,0
16022.401679,159,1,0,systemd-journal,ip-10-100-1-186,1003,cap_capable,1,0,"[{'name': 'cap', 'type': 'int', 'value': 'CAP_SYS_ADMIN'}]",0,0
16022.40173,159,1,0,systemd-journal,ip-10-100-1-186,257,openat,4,-2,"[{'name': 'dirfd', 'type': 'int', 'value': -100}, {'name': 'pathname', 'type': 'const char*', 'value': '/run/log/journal/cd4bbb49080545c3aed82cc00b5f152b/system.journal'}, {'name': 'flags', 'type': 'unsigned int', 'value': 'O_RDWR|O_NONBLOCK|O_CLOEXEC'}, {'name': 'mode', 'type': 'int', 'value': 154005284}]",0,0
16022.401819,159,1,0,systemd-journal,ip-10-100-1-186,1003,cap_capable,1,0,"[{'name': 'cap', 'type': 'int', 'value': 'CAP_SYS_ADMIN'}]",0,0
16022.401868,159,1,0,systemd-journal,ip-10-100-1-186,257,openat,4,-2,"[{'name': 'dirfd', 'type': 'int', 'value': -100}, {'name': 'pathname', 'type': 'const char*', 'value': '/run/log/journal/cd4bbb49080545c3aed82cc00b5f152b/system.journal'}, {'name': 'flags', 'type': 'unsigned int', 'value': 'O_RDWR|O_NONBLOCK|O_CLOEXEC'}, {'name': 'mode', 'type': 'int', 'value': 154005284}]",0,0
16022.401939,159,1,0,systemd-journal,ip-10-100-1-186,1003,cap_capable,1,0,"[{'name': 'cap', 'type': 'int', 'value': 'CAP_SYS_ADMIN'}]",0,0
16022.402001,159,1,0,systemd-journal,ip-10-100-1-186,257,openat,4,-2,"[{'name': 'dirfd', 'type': 'int', 'value': -100}, {'name': 'pathname', 'type': 'const char*', 'value': '/run/log/journal/cd4bbb49080545c3aed82cc00b5f152b/system.journal'}, {'name': 'flags', 'type': 'unsigned int', 'value': 'O_RDWR|O_NONBLOCK|O_CLOEXEC'}, {'name': 'mode', 'type': 'int', 'value': 154005284}]",0,0
16022.402067,159,1,0,systemd-journal,ip-10-100-1-186,1003,cap_capable,1,0,"[{'name': 'cap', 'type': 'int', 'value': 'CAP_SYS_ADMIN'}]",0,0
16022.402116,159,1,0,systemd-journal,ip-10-100-1-186,257,openat,4,-2,"[{'name': 'dirfd', 'type': 'int', 'value': -100}, {'name': 'pathname', 'type': 'const char*', 'value': '/run/log/journal/cd4bbb49080545c3aed82cc00b5f152b/system.journal'}, {'name': 'flags', 'type': 'unsigned int', 'value': 'O_RDWR|O_NONBLOCK|O_CLOEXEC'}, {'name': 'mode', 'type': 'int', 'value': 154005284}]",0,0
16022.40218,159,1,0,systemd-journal,ip-10-100-1-186,1003,cap_capable,1,0,"[{'name': 'cap', 'type': 'int', 'value': 'CAP_SYS_ADMIN'}]",0,0
16022.402229,159,1,0,systemd-journal,ip-10-100-1-186,257,openat,4,-2,"[{'name': 'dirfd', 'type': 'int', 'value': -100}, {'name': 'pathname', 'type': 'const char*', 'value': '/run/log/journal/cd4bbb49080545c3aed82cc00b5f152b/system.journal'}, {'name': 'flags', 'type': 'unsigned int', 'value': 'O_RDWR|O_NONBLOCK|O_CLOEXEC'}, {'name': 'mode', 'type': 'int', 'value': 154005284}]",0,0
16022.402303,159,1,0,systemd-journal,ip-10-100-1-186,1003,cap_capable,1,0,"[{'name': 'cap', 'type': 'int', 'value': 'CAP_SYS_ADMIN'}]",0,0
16022.402348,159,1,0,systemd-journal,ip-10-100-1-186,257,openat,4,-2,"[{'name': 'dirfd', 'type': 'int', 'value': -100}, {'name': 'pathname', 'type': 'const char*', 'value': '/run/log/journal/cd4bbb49080545c3aed82cc00b5f152b/system.journal'}, {'name': 'flags', 'type': 'unsigned int', 'value': 'O_RDWR|O_NONBLOCK|O_CLOEXEC'}, {'name': 'mode', 'type': 'int', 'value': 154005284}]",0,0
16022.402406,159,1,0,systemd-journal,ip-10-100-1-186,1003,cap_capable,1,0,"[{'name': 'cap', 'type': 'int', 'value': 'CAP_SYS_ADMIN'}]",0,0
16022.402451,159,1,0,systemd-journal,ip-10-100-1-186,257,openat,4,-2,"[{'name': 'dirfd', 'type': 'int', 'value': -100}, {'name': 'pathname', 'type': 'const char*', 'value': '/run/log/journal/cd4bbb49080545c3aed82cc00b5f152b/system.journal'}, {'name': 'flags', 'type': 'unsigned int', 'value': 'O_RDWR|O_NONBLOCK|O_CLOEXEC'}, {'name': 'mode', 'type': 'int', 'value': 154005284}]",0,0
16022.402509,159,1,0,systemd-journal,ip-10-100-1-186,1003,cap_capable,1,0,"[{'name': 'cap', 'type': 'int', 'value': 'CAP_SYS_ADMIN'}]",0,0
16022.402554,159,1,0,systemd-journal,ip-10-100-1-186,257,openat,4,-2,"[{'name': 'dirfd', 'type': 'int', 'value': -100}, {'name': 'pathname', 'type': 'const char*', 'value': '/run/log/journal/cd4bbb49080545c3aed82cc00b5f152b/system.journal'}, {'name': 'flags', 'type': 'unsigned int', 'value': 'O_RDWR|O_NONBLOCK|O_CLOEXEC'}, {'name': 'mode', 'type': 'int', 'value': 154005284}]",0,0
16022.402661,159,1,0,systemd-journal,ip-10-100-1-186,1003,cap_capable,1,0,"[{'name': 'cap', 'type': 'int', 'value': 'CAP_SYS_ADMIN'}]",0,0
16022.402713,159,1,0,systemd-journal,ip-10-100-1-186,257,openat,4,-2,"[{'name': 'dirfd', 'type': 'int', 'value': -100}, {'name': 'pathname', 'type': 'const char*', 'value': '/run/log/journal/cd4bbb49080545c3aed82cc00b5f152b/system.journal'}, {'name': 'flags', 'type': 'unsigned int', 'value': 'O_RDWR|O_NONBLOCK|O_CLOEXEC'}, {'name': 'mode', 'type': 'int', 'value': 154005284}]",0,0
16022.40294,159,1,0,systemd-journal,ip-10-100-1-186,1003,cap_capable,1,0,"[{'name': 'cap', 'type': 'int', 'value': 'CAP_SYS_ADMIN'}]",0,0
16022.402973,159,1,0,systemd-journal,ip-10-100-1-186,1003,cap_capable,1,0,"[{'name': 'cap', 'type': 'int', 'value': 'CAP_SETUID'}]",0,0
16022.402991,159,1,0,systemd-journal,ip-10-100-1-186,1003,cap_capable,1,0,"[{'name': 'cap', 'type': 'int', 'value': 'CAP_SETGID'}]",0,0
16022.40306,159,1,0,systemd-journal,ip-10-100-1-186,257,openat,4,-2,"[{'name': 'dirfd', 'type': 'int', 'value': -100}, {'name': 'pathname', 'type': 'const char*', 'value': '/run/log/journal/cd4bbb49080545c3aed82cc00b5f152b/system.journal'}, {'name': 'flags', 'type': 'unsigned int', 'value': 'O_RDWR|O_NONBLOCK|O_CLOEXEC'}, {'name': 'mode', 'type': 'int', 'value': 154005284}]",0,0
16022.403212,159,1,0,systemd-journal,ip-10-100-1-186,1003,cap_capable,1,0,"[{'name': 'cap', 'type': 'int', 'value': 'CAP_SYS_ADMIN'}]",0,0
16022.403266,159,1,0,systemd-journal,ip-10-100-1-186,257,openat,4,-2,"[{'name': 'dirfd', 'type': 'int', 'value': -100}, {'name': 'pathname', 'type': 'const char*', 'value': '/run/log/journal/cd4bbb49080545c3aed82cc00b5f152b/system.journal'}, {'name': 'flags', 'type': 'unsigned int', 'value': 'O_RDWR|O_NONBLOCK|O_CLOEXEC'}, {'name': 'mode', 'type': 'int', 'value': 154005284}]",0,0
16022.403335,159,1,0,systemd-journal,ip-10-100-1-186,1003,cap_capable,1,0,"[{'name': 'cap', 'type': 'int', 'value': 'CAP_SYS_ADMIN'}]",0,0
16022.403385,159,1,0,systemd-journal,ip-10-100-1-186,257,openat,4,-2,"[{'name': 'dirfd', 'type': 'int', 'value': -100}, {'name': 'pathname', 'type': 'const char*', 'value': '/run/log/journal/cd4bbb49080545c3aed82cc00b5f152b/system.journal'}, {'name': 'flags', 'type': 'unsigned int', 'value': 'O_RDWR|O_NONBLOCK|O_CLOEXEC'}, {'name': 'mode', 'type': 'int', 'value': 154005284}]",0,0
16022.40345,159,1,0,systemd-journal,ip-10-100-1-186,1003,cap_capable,1,0,"[{'name': 'cap', 'type': 'int', 'value': 'CAP_SYS_ADMIN'}]",0,0
16022.403499,159,1,0,systemd-journal,ip-10-100-1-186,257,openat,4,-2,"[{'name': 'dirfd', 'type': 'int', 'value': -100}, {'name': 'pathname', 'type': 'const char*', 'value': '/run/log/journal/cd4bbb49080545c3aed82cc00b5f152b/system.journal'}, {'name': 'flags', 'type': 'unsigned int', 'value': 'O_RDWR|O_NONBLOCK|O_CLOEXEC'}, {'name': 'mode', 'type': 'int', 'value': 154005284}]",0,0
16022.403574,159,1,0,systemd-journal,ip-10-100-1-186,1003,cap_capable,1,0,"[{'name': 'cap', 'type': 'int', 'value': 'CAP_SYS_ADMIN'}]",0,0
16022.403622,159,1,0,systemd-journal,ip-10-100-1-186,257,openat,4,-2,"[{'name': 'dirfd', 'type': 'int', 'value': -100}, {'name': 'pathname', 'type': 'const char*', 'value': '/run/log/journal/cd4bbb49080545c3aed82cc00b5f152b/system.journal'}, {'name': 'flags', 'type': 'unsigned int', 'value': 'O_RDWR|O_NONBLOCK|O_CLOEXEC'}, {'name': 'mode', 'type': 'int', 'value': 154005284}]",0,0
16022.403684,159,1,0,systemd-journal,ip-10-100-1-186,1003,cap_capable,1,0,"[{'name': 'cap', 'type': 'int', 'value': 'CAP_SYS_ADMIN'}]",0,0
16022.403731,159,1,0,systemd-journal,ip-10-100-1-186,257,openat,4,-2,"[{'name': 'dirfd', 'type': 'int', 'value': -100}, {'name': 'pathname', 'type': 'const char*', 'value': '/run/log/journal/cd4bbb49080545c3aed82cc00b5f152b/system.journal'}, {'name': 'flags', 'type': 'unsigned int', 'value': 'O_RDWR|O_NONBLOCK|O_CLOEXEC'}, {'name': 'mode', 'type': 'int', 'value': 154005284}]",0,0
16022.403808,159,1,0,systemd-journal,ip-10-100-1-186,1003,cap_capable,1,0,"[{'name': 'cap', 'type': 'int', 'value': 'CAP_SYS_ADMIN'}]",0,0
16022.403857,159,1,0,systemd-journal,ip-10-100-1-186,257,openat,4,-2,"[{'name': 'dirfd', 'type': 'int', 'value': -100}, {'name': 'pathname', 'type': 'const char*', 'value': '/run/log/journal/cd4bbb49080545c3aed82cc00b5f152b/system.journal'}, {'name': 'flags', 'type': 'unsigned int', 'value': 'O_RDWR|O_NONBLOCK|O_CLOEXEC'}, {'name': 'mode', 'type': 'int', 'value': 154005284}]",0,0
16022.403921,159,1,0,systemd-journal,ip-10-100-1-186,1003,cap_capable,1,0,"[{'name': 'cap', 'type': 'int', 'value': 'CAP_SYS_ADMIN'}]",0,0
16022.404058,159,1,0,systemd-journal,ip-10-100-1-186,257,openat,4,-2,"[{'name': 'dirfd', 'type': 'int', 'value': -100}, {'name': 'pathname', 'type': 'const char*', 'value': '/run/log/journal/cd4bbb49080545c3aed82cc00b5f152b/system.journal'}, {'name': 'flags', 'type': 'unsigned int', 'value': 'O_RDWR|O_NONBLOCK|O_CLOEXEC'}, {'name': 'mode', 'type': 'int', 'value': 154005284}]",0,0
16022.40416,159,1,0,systemd-journal,ip-10-100-1-186,1003,cap_capable,1,0,"[{'name': 'cap', 'type': 'int', 'value': 'CAP_SYS_ADMIN'}]",0,0
16022.404214,159,1,0,systemd-journal,ip-10-100-1-186,257,openat,4,-2,"[{'name': 'dirfd', 'type': 'int', 'value': -100}, {'name': 'pathname', 'type': 'const char*', 'value': '/run/log/journal/cd4bbb49080545c3aed82cc00b5f152b/system.journal'}, {'name': 'flags', 'type': 'unsigned int', 'value': 'O_RDWR|O_NONBLOCK|O_CLOEXEC'}, {'name': 'mode', 'type': 'int', 'value': 154005284}]",0,0
16022.404284,159,1,0,systemd-journal,ip-10-100-1-186,1003,cap_capable,1,0,"[{'name': 'cap', 'type': 'int', 'value': 'CAP_SYS_ADMIN'}]",0,0
16022.404334,159,1,0,systemd-journal,ip-10-100-1-186,257,openat,4,-2,"[{'name': 'dirfd', 'type': 'int', 'value': -100}, {'name': 'pathname', 'type': 'const char*', 'value': '/run/log/journal/cd4bbb49080545c3aed82cc00b5f152b/system.journal'}, {'name': 'flags', 'type': 'unsigned int', 'value': 'O_RDWR|O_NONBLOCK|O_CLOEXEC'}, {'name': 'mode', 'type': 'int', 'value': 154005284}]",0,0
16022.40441,159,1,0,systemd-journal,ip-10-100-1-186,1003,cap_capable,1,0,"[{'name': 'cap', 'type': 'int', 'value': 'CAP_SYS_ADMIN'}]",0,0
16022.404469,159,1,0,systemd-journal,ip-10-100-1-186,257,openat,4,-2,"[{'name': 'dirfd', 'type': 'int', 'value': -100}, {'name': 'pathname', 'type': 'const char*', 'value': '/run/log/journal/cd4bbb49080545c3aed82cc00b5f152b/system.journal'}, {'name': 'flags', 'type': 'unsigned int', 'value': 'O_RDWR|O_NONBLOCK|O_CLOEXEC'}, {'name': 'mode', 'type': 'int', 'value': 154005284}]",0,0
16022.404534,159,1,0,systemd-journal,ip-10-100-1-186,1003,cap_capable,1,0,"[{'name': 'cap', 'type': 'int', 'value': 'CAP_SYS_ADMIN'}]",0,0
16022.40458,159,1,0,systemd-journal,ip-10-100-1-186,257,openat,4,-2,"[{'name': 'dirfd', 'type': 'int', 'value': -100}, {'name': 'pathname', 'type': 'const char*', 'value': '/run/log/journal/cd4bbb49080545c3aed82cc00b5f152b/system.journal'}, {'name': 'flags', 'type': 'unsigned int', 'value': 'O_RDWR|O_NONBLOCK|O_CLOEXEC'}, {'name': 'mode', 'type': 'int', 'value': 154005284}]",0,0
16022.404639,159,1,0,systemd-journal,ip-10-100-1-186,1003,cap_capable,1,0,"[{'name': 'cap', 'type': 'int', 'value': 'CAP_SYS_ADMIN'}]",0,0
16022.404683,159,1,0,systemd-journal,ip-10-100-1-186,257,openat,4,-2,"[{'name': 'dirfd', 'type': 'int', 'value': -100}, {'name': 'pathname', 'type': 'const char*', 'value': '/run/log/journal/cd4bbb49080545c3aed82cc00b5f152b/system.journal'}, {'name': 'flags', 'type': 'unsigned int', 'value': 'O_RDWR|O_NONBLOCK|O_CLOEXEC'}, {'name': 'mode', 'type': 'int', 'value': 154005284}]",0,0
16022.404774,159,1,0,systemd-journal,ip-10-100-1-186,1003,cap_capable,1,0,"[{'name': 'cap', 'type': 'int', 'value': 'CAP_SYS_ADMIN'}]",0,0
16022.404826,159,1,0,systemd-journal,ip-10-100-1-186,257,openat,4,-2,"[{'name': 'dirfd', 'type': 'int', 'value': -100}, {'name': 'pathname', 'type': 'const char*', 'value': '/run/log/journal/cd4bbb49080545c3aed82cc00b5f152b/system.journal'}, {'name': 'flags', 'type': 'unsigned int', 'value': 'O_RDWR|O_NONBLOCK|O_CLOEXEC'}, {'name': 'mode', 'type': 'int', 'value': 154005284}]",0,0
16022.40489,159,1,0,systemd-journal,ip-10-100-1-186,1003,cap_capable,1,0,"[{'name': 'cap', 'type': 'int', 'value': 'CAP_SYS_ADMIN'}]",0,0
16022.404937,159,1,0,systemd-journal,ip-10-100-1-186,257,openat,4,-2,"[{'name': 'dirfd', 'type': 'int', 'value': -100}, {'name': 'pathname', 'type': 'const char*', 'value': '/run/log/journal/cd4bbb49080545c3aed82cc00b5f152b/system.journal'}, {'name': 'flags', 'type': 'unsigned int', 'value': 'O_RDWR|O_NONBLOCK|O_CLOEXEC'}, {'name': 'mode', 'type': 'int', 'value': 154005284}]",0,0
16022.405,159,1,0,systemd-journal,ip-10-100-1-186,1003,cap_capable,1,0,"[{'name': 'cap', 'type': 'int', 'value': 'CAP_SYS_ADMIN'}]",0,0
16022.405058,159,1,0,systemd-journal,ip-10-100-1-186,257,openat,4,-2,"[{'name': 'dirfd', 'type': 'int', 'value': -100}, {'name': 'pathname', 'type': 'const char*', 'value': '/run/log/journal/cd4bbb49080545c3aed82cc00b5f152b/system.journal'}, {'name': 'flags', 'type': 'unsigned int', 'value': 'O_RDWR|O_NONBLOCK|O_CLOEXEC'}, {'name': 'mode', 'type': 'int', 'value': 154005284}]",0,0
16022.405117,159,1,0,systemd-journal,ip-10-100-1-186,1003,cap_capable,1,0,"[{'name': 'cap', 'type': 'int', 'value': 'CAP_SYS_ADMIN'}]",0,0
16022.405191,159,1,0,systemd-journal,ip-10-100-1-186,257,openat,4,-2,"[{'name': 'dirfd', 'type': 'int', 'value': -100}, {'name': 'pathname', 'type': 'const char*', 'value': '/run/log/journal/cd4bbb49080545c3aed82cc00b5f152b/system.journal'}, {'name': 'flags', 'type': 'unsigned int', 'value': 'O_RDWR|O_NONBLOCK|O_CLOEXEC'}, {'name': 'mode', 'type': 'int', 'value': 154005284}]",0,0
16022.405256,159,1,0,systemd-journal,ip-10-100-1-186,1003,cap_capable,1,0,"[{'name': 'cap', 'type': 'int', 'value': 'CAP_SYS_ADMIN'}]",0,0
16022.405384,159,1,0,systemd-journal,ip-10-100-1-186,257,openat,4,-2,"[{'name': 'dirfd', 'type': 'int', 'value': -100}, {'name': 'pathname', 'type': 'const char*', 'value': '/run/log/journal/cd4bbb49080545c3aed82cc00b5f152b/system.journal'}, {'name': 'flags', 'type': 'unsigned int', 'value': 'O_RDWR|O_NONBLOCK|O_CLOEXEC'}, {'name': 'mode', 'type': 'int', 'value': 154005284}]",0,0
16022.405455,159,1,0,systemd-journal,ip-10-100-1-186,1003,cap_capable,1,0,"[{'name': 'cap', 'type': 'int', 'value': 'CAP_SYS_ADMIN'}]",0,0
16022.405544,159,1,0,systemd-journal,ip-10-100-1-186,257,openat,4,-2,"[{'name': 'dirfd', 'type': 'int', 'value': -100}, {'name': 'pathname', 'type': 'const char*', 'value': '/run/log/journal/cd4bbb49080545c3aed82cc00b5f152b/system.journal'}, {'name': 'flags', 'type': 'unsigned int', 'value': 'O_RDWR|O_NONBLOCK|O_CLOEXEC'}, {'name': 'mode', 'type': 'int', 'value': 154005284}]",0,0
16022.405619,159,1,0,systemd-journal,ip-10-100-1-186,1003,cap_capable,1,0,"[{'name': 'cap', 'type': 'int', 'value': 'CAP_SYS_ADMIN'}]",0,0
16022.40567,159,1,0,systemd-journal,ip-10-100-1-186,257,openat,4,-2,"[{'name': 'dirfd', 'type': 'int', 'value': -100}, {'name': 'pathname', 'type': 'const char*', 'value': '/run/log/journal/cd4bbb49080545c3aed82cc00b5f152b/system.journal'}, {'name': 'flags', 'type': 'unsigned int', 'value': 'O_RDWR|O_NONBLOCK|O_CLOEXEC'}, {'name': 'mode', 'type': 'int', 'value': 154005284}]",0,0
16022.405734,159,1,0,systemd-journal,ip-10-100-1-186,1003,cap_capable,1,0,"[{'name': 'cap', 'type': 'int', 'value': 'CAP_SYS_ADMIN'}]",0,0
16022.405783,159,1,0,systemd-journal,ip-10-100-1-186,257,openat,4,-2,"[{'name': 'dirfd', 'type': 'int', 'value': -100}, {'name': 'pathname', 'type': 'const char*', 'value': '/run/log/journal/cd4bbb49080545c3aed82cc00b5f152b/system.journal'}, {'name': 'flags', 'type': 'unsigned int', 'value': 'O_RDWR|O_NONBLOCK|O_CLOEXEC'}, {'name': 'mode', 'type': 'int', 'value': 154005284}]",0,0
16022.405847,159,1,0,systemd-journal,ip-10-100-1-186,1003,cap_capable,1,0,"[{'name': 'cap', 'type': 'int', 'value': 'CAP_SYS_ADMIN'}]",0,0
16022.405895,159,1,0,systemd-journal,ip-10-100-1-186,257,openat,4,-2,"[{'name': 'dirfd', 'type': 'int', 'value': -100}, {'name': 'pathname', 'type': 'const char*', 'value': '/run/log/journal/cd4bbb49080545c3aed82cc00b5f152b/system.journal'}, {'name': 'flags', 'type': 'unsigned int', 'value': 'O_RDWR|O_NONBLOCK|O_CLOEXEC'}, {'name': 'mode', 'type': 'int', 'value': 154005284}]",0,0
16022.40598,159,1,0,systemd-journal,ip-10-100-1-186,1003,cap_capable,1,0,"[{'name': 'cap', 'type': 'int', 'value': 'CAP_SYS_ADMIN'}]",0,0
16022.40603,159,1,0,systemd-journal,ip-10-100-1-186,257,openat,4,-2,"[{'name': 'dirfd', 'type': 'int', 'value': -100}, {'name': 'pathname', 'type': 'const char*', 'value': '/run/log/journal/cd4bbb49080545c3aed82cc00b5f152b/system.journal'}, {'name': 'flags', 'type': 'unsigned int', 'value': 'O_RDWR|O_NONBLOCK|O_CLOEXEC'}, {'name': 'mode', 'type': 'int', 'value': 154005284}]",0,0
16022.406138,159,1,0,systemd-journal,ip-10-100-1-186,1003,cap_capable,1,0,"[{'name': 'cap', 'type': 'int', 'value': 'CAP_SYS_ADMIN'}]",0,0
16022.406172,159,1,0,systemd-journal,ip-10-100-1-186,1003,cap_capable,1,0,"[{'name': 'cap', 'type': 'int', 'value': 'CAP_SETUID'}]",0,0
16022.406189,159,1,0,systemd-journal,ip-10-100-1-186,1003,cap_capable,1,0,"[{'name': 'cap', 'type': 'int', 'value': 'CAP_SETGID'}]",0,0
16022.406236,159,1,0,systemd-journal,ip-10-100-1-186,257,openat,4,-2,"[{'name': 'dirfd', 'type': 'int', 'value': -100}, {'name': 'pathname', 'type': 'const char*', 'value': '/run/log/journal/cd4bbb49080545c3aed82cc00b5f152b/system.journal'}, {'name': 'flags', 'type': 'unsigned int', 'value': 'O_RDWR|O_NONBLOCK|O_CLOEXEC'}, {'name': 'mode', 'type': 'int', 'value': 154005284}]",0,0
16022.406464,159,1,0,systemd-journal,ip-10-100-1-186,257,openat,4,-2,"[{'name': 'dirfd', 'type': 'int', 'value': -100}, {'name': 'pathname', 'type': 'const char*', 'value': '/run/log/journal/cd4bbb49080545c3aed82cc00b5f152b/system.journal'}, {'name': 'flags', 'type': 'unsigned int', 'value': 'O_RDWR|O_NONBLOCK|O_CLOEXEC'}, {'name': 'mode', 'type': 'int', 'value': 154005284}]",0,0
16022.406408,159,1,0,systemd-journal,ip-10-100-1-186,1003,cap_capable,1,0,"[{'name': 'cap', 'type': 'int', 'value': 'CAP_SYS_ADMIN'}]",0,0
16022.406532,159,1,0,systemd-journal,ip-10-100-1-186,1003,cap_capable,1,0,"[{'name': 'cap', 'type': 'int', 'value': 'CAP_SYS_ADMIN'}]",0,0
16022.406833,159,1,0,systemd-journal,ip-10-100-1-186,257,openat,4,-2,"[{'name': 'dirfd', 'type': 'int', 'value': -100}, {'name': 'pathname', 'type': 'const char*', 'value': '/run/log/journal/cd4bbb49080545c3aed82cc00b5f152b/system.journal'}, {'name': 'flags', 'type': 'unsigned int', 'value': 'O_RDWR|O_NONBLOCK|O_CLOEXEC'}, {'name': 'mode', 'type': 'int', 'value': 154005284}]",0,0
16022.406911,159,1,0,systemd-journal,ip-10-100-1-186,1003,cap_capable,1,0,"[{'name': 'cap', 'type': 'int', 'value': 'CAP_SYS_ADMIN'}]",0,0
16022.406964,159,1,0,systemd-journal,ip-10-100-1-186,257,openat,4,-2,"[{'name': 'dirfd', 'type': 'int', 'value': -100}, {'name': 'pathname', 'type': 'const char*', 'value': '/run/log/journal/cd4bbb49080545c3aed82cc00b5f152b/system.journal'}, {'name': 'flags', 'type': 'unsigned int', 'value': 'O_RDWR|O_NONBLOCK|O_CLOEXEC'}, {'name': 'mode', 'type': 'int', 'value': 154005284}]",0,0
16022.407029,159,1,0,systemd-journal,ip-10-100-1-186,1003,cap_capable,1,0,"[{'name': 'cap', 'type': 'int', 'value': 'CAP_SYS_ADMIN'}]",0,0
16022.407079,159,1,0,systemd-journal,ip-10-100-1-186,257,openat,4,-2,"[{'name': 'dirfd', 'type': 'int', 'value': -100}, {'name': 'pathname', 'type': 'const char*', 'value': '/run/log/journal/cd4bbb49080545c3aed82cc00b5f152b/system.journal'}, {'name': 'flags', 'type': 'unsigned int', 'value': 'O_RDWR|O_NONBLOCK|O_CLOEXEC'}, {'name': 'mode', 'type': 'int', 'value': 154005284}]",0,0
16022.407143,159,1,0,systemd-journal,ip-10-100-1-186,1003,cap_capable,1,0,"[{'name': 'cap', 'type': 'int', 'value': 'CAP_SYS_ADMIN'}]",0,0
16022.407204,159,1,0,systemd-journal,ip-10-100-1-186,257,openat,4,-2,"[{'name': 'dirfd', 'type': 'int', 'value': -100}, {'name': 'pathname', 'type': 'const char*', 'value': '/run/log/journal/cd4bbb49080545c3aed82cc00b5f152b/system.journal'}, {'name': 'flags', 'type': 'unsigned int', 'value': 'O_RDWR|O_NONBLOCK|O_CLOEXEC'}, {'name': 'mode', 'type': 'int', 'value': 154005284}]",0,0
16022.407266,159,1,0,systemd-journal,ip-10-100-1-186,1003,cap_capable,1,0,"[{'name': 'cap', 'type': 'int', 'value': 'CAP_SYS_ADMIN'}]",0,0
16022.407313,159,1,0,systemd-journal,ip-10-100-1-186,257,openat,4,-2,"[{'name': 'dirfd', 'type': 'int', 'value': -100}, {'name': 'pathname', 'type': 'const char*', 'value': '/run/log/journal/cd4bbb49080545c3aed82cc00b5f152b/system.journal'}, {'name': 'flags', 'type': 'unsigned int', 'value': 'O_RDWR|O_NONBLOCK|O_CLOEXEC'}, {'name': 'mode', 'type': 'int', 'value': 154005284}]",0,0
16022.415111,159,1,0,systemd-journal,ip-10-100-1-186,1003,cap_capable,1,0,"[{'name': 'cap', 'type': 'int', 'value': 'CAP_SYS_ADMIN'}]",0,0
16022.415215,159,1,0,systemd-journal,ip-10-100-1-186,257,openat,4,-2,"[{'name': 'dirfd', 'type': 'int', 'value': -100}, {'name': 'pathname', 'type': 'const char*', 'value': '/run/log/journal/cd4bbb49080545c3aed82cc00b5f152b/system.journal'}, {'name': 'flags', 'type': 'unsigned int', 'value': 'O_RDWR|O_NONBLOCK|O_CLOEXEC'}, {'name': 'mode', 'type': 'int', 'value': 154005284}]",0,0
16022.415319,159,1,0,systemd-journal,ip-10-100-1-186,1003,cap_capable,1,0,"[{'name': 'cap', 'type': 'int', 'value': 'CAP_SYS_ADMIN'}]",0,0
16022.415381,159,1,0,systemd-journal,ip-10-100-1-186,257,openat,4,-2,"[{'name': 'dirfd', 'type': 'int', 'value': -100}, {'name': 'pathname', 'type': 'const char*', 'value': '/run/log/journal/cd4bbb49080545c3aed82cc00b5f152b/system.journal'}, {'name': 'flags', 'type': 'unsigned int', 'value': 'O_RDWR|O_NONBLOCK|O_CLOEXEC'}, {'name': 'mode', 'type': 'int', 'value': 154005284}]",0,0
16022.415485,159,1,0,systemd-journal,ip-10-100-1-186,1003,cap_capable,1,0,"[{'name': 'cap', 'type': 'int', 'value': 'CAP_SYS_ADMIN'}]",0,0
16022.415598,159,1,0,systemd-journal,ip-10-100-1-186,1003,cap_capable,1,0,"[{'name': 'cap', 'type': 'int', 'value': 'CAP_SYS_ADMIN'}]",0,0
16022.415535,159,1,0,systemd-journal,ip-10-100-1-186,257,openat,4,-2,"[{'name': 'dirfd', 'type': 'int', 'value': -100}, {'name': 'pathname', 'type': 'const char*', 'value': '/run/log/journal/cd4bbb49080545c3aed82cc00b5f152b/system.journal'}, {'name': 'flags', 'type': 'unsigned int', 'value': 'O_RDWR|O_NONBLOCK|O_CLOEXEC'}, {'name': 'mode', 'type': 'int', 'value': 154005284}]",0,0
16022.415642,159,1,0,systemd-journal,ip-10-100-1-186,257,openat,4,-2,"[{'name': 'dirfd', 'type': 'int', 'value': -100}, {'name': 'pathname', 'type': 'const char*', 'value': '/run/log/journal/cd4bbb49080545c3aed82cc00b5f152b/system.journal'}, {'name': 'flags', 'type': 'unsigned int', 'value': 'O_RDWR|O_NONBLOCK|O_CLOEXEC'}, {'name': 'mode', 'type': 'int', 'value': 154005284}]",0,0
16022.415702,159,1,0,systemd-journal,ip-10-100-1-186,1003,cap_capable,1,0,"[{'name': 'cap', 'type': 'int', 'value': 'CAP_SYS_ADMIN'}]",0,0
16022.415746,159,1,0,systemd-journal,ip-10-100-1-186,257,openat,4,-2,"[{'name': 'dirfd', 'type': 'int', 'value': -100}, {'name': 'pathname', 'type': 'const char*', 'value': '/run/log/journal/cd4bbb49080545c3aed82cc00b5f152b/system.journal'}, {'name': 'flags', 'type': 'unsigned int', 'value': 'O_RDWR|O_NONBLOCK|O_CLOEXEC'}, {'name': 'mode', 'type': 'int', 'value': 154005284}]",0,0
16022.415806,159,1,0,systemd-journal,ip-10-100-1-186,1003,cap_capable,1,0,"[{'name': 'cap', 'type': 'int', 'value': 'CAP_SYS_ADMIN'}]",0,0
16022.415849,159,1,0,systemd-journal,ip-10-100-1-186,257,openat,4,-2,"[{'name': 'dirfd', 'type': 'int', 'value': -100}, {'name': 'pathname', 'type': 'const char*', 'value': '/run/log/journal/cd4bbb49080545c3aed82cc00b5f152b/system.journal'}, {'name': 'flags', 'type': 'unsigned int', 'value': 'O_RDWR|O_NONBLOCK|O_CLOEXEC'}, {'name': 'mode', 'type': 'int', 'value': 154005284}]",0,0
16022.415908,159,1,0,systemd-journal,ip-10-100-1-186,1003,cap_capable,1,0,"[{'name': 'cap', 'type': 'int', 'value': 'CAP_SYS_ADMIN'}]",0,0
16022.415952,159,1,0,systemd-journal,ip-10-100-1-186,257,openat,4,-2,"[{'name': 'dirfd', 'type': 'int', 'value': -100}, {'name': 'pathname', 'type': 'const char*', 'value': '/run/log/journal/cd4bbb49080545c3aed82cc00b5f152b/system.journal'}, {'name': 'flags', 'type': 'unsigned int', 'value': 'O_RDWR|O_NONBLOCK|O_CLOEXEC'}, {'name': 'mode', 'type': 'int', 'value': 154005284}]",0,0
16022.41601,159,1,0,systemd-journal,ip-10-100-1-186,1003,cap_capable,1,0,"[{'name': 'cap', 'type': 'int', 'value': 'CAP_SYS_ADMIN'}]",0,0
16022.416054,159,1,0,systemd-journal,ip-10-100-1-186,257,openat,4,-2,"[{'name': 'dirfd', 'type': 'int', 'value': -100}, {'name': 'pathname', 'type': 'const char*', 'value': '/run/log/journal/cd4bbb49080545c3aed82cc00b5f152b/system.journal'}, {'name': 'flags', 'type': 'unsigned int', 'value': 'O_RDWR|O_NONBLOCK|O_CLOEXEC'}, {'name': 'mode', 'type': 'int', 'value': 154005284}]",0,0
16022.416112,159,1,0,systemd-journal,ip-10-100-1-186,1003,cap_capable,1,0,"[{'name': 'cap', 'type': 'int', 'value': 'CAP_SYS_ADMIN'}]",0,0
16022.416156,159,1,0,systemd-journal,ip-10-100-1-186,257,openat,4,-2,"[{'name': 'dirfd', 'type': 'int', 'value': -100}, {'name': 'pathname', 'type': 'const char*', 'value': '/run/log/journal/cd4bbb49080545c3aed82cc00b5f152b/system.journal'}, {'name': 'flags', 'type': 'unsigned int', 'value': 'O_RDWR|O_NONBLOCK|O_CLOEXEC'}, {'name': 'mode', 'type': 'int', 'value': 154005284}]",0,0
16022.416214,159,1,0,systemd-journal,ip-10-100-1-186,1003,cap_capable,1,0,"[{'name': 'cap', 'type': 'int', 'value': 'CAP_SYS_ADMIN'}]",0,0
16022.416259,159,1,0,systemd-journal,ip-10-100-1-186,257,openat,4,-2,"[{'name': 'dirfd', 'type': 'int', 'value': -100}, {'name': 'pathname', 'type': 'const char*', 'value': '/run/log/journal/cd4bbb49080545c3aed82cc00b5f152b/system.journal'}, {'name': 'flags', 'type': 'unsigned int', 'value': 'O_RDWR|O_NONBLOCK|O_CLOEXEC'}, {'name': 'mode', 'type': 'int', 'value': 154005284}]",0,0
16022.416318,159,1,0,systemd-journal,ip-10-100-1-186,1003,cap_capable,1,0,"[{'name': 'cap', 'type': 'int', 'value': 'CAP_SYS_ADMIN'}]",0,0
16022.416362,159,1,0,systemd-journal,ip-10-100-1-186,257,openat,4,-2,"[{'name': 'dirfd', 'type': 'int', 'value': -100}, {'name': 'pathname', 'type': 'const char*', 'value': '/run/log/journal/cd4bbb49080545c3aed82cc00b5f152b/system.journal'}, {'name': 'flags', 'type': 'unsigned int', 'value': 'O_RDWR|O_NONBLOCK|O_CLOEXEC'}, {'name': 'mode', 'type': 'int', 'value': 154005284}]",0,0
16022.416792,506,1,104,rs:main Q:Reg,ip-10-100-1-186,62,kill,2,0,"[{'name': 'pid', 'type': 'pid_t', 'value': 506}, {'name': 'sig', 'type': 'int', 'value': 22}]",0,0
16022.416938,506,1,104,rs:main Q:Reg,ip-10-100-1-186,62,kill,2,0,"[{'name': 'pid', 'type': 'pid_t', 'value': 506}, {'name': 'sig', 'type': 'int', 'value': 22}]",0,0
16022.417054,506,1,104,rs:main Q:Reg,ip-10-100-1-186,1003,cap_capable,1,0,"[{'name': 'cap', 'type': 'int', 'value': 'CAP_SYS_RESOURCE'}]",0,0
16022.417084,506,1,104,rs:main Q:Reg,ip-10-100-1-186,1003,cap_capable,1,0,"[{'name': 'cap', 'type': 'int', 'value': 'CAP_SYS_RESOURCE'}]",0,0
16022.424966,159,1,0,systemd-journal,ip-10-100-1-186,1003,cap_capable,1,0,"[{'name': 'cap', 'type': 'int', 'value': 'CAP_SYS_ADMIN'}]",0,0
16022.425042,159,1,0,systemd-journal,ip-10-100-1-186,257,openat,4,-2,"[{'name': 'dirfd', 'type': 'int', 'value': -100}, {'name': 'pathname', 'type': 'const char*', 'value': '/run/log/journal/cd4bbb49080545c3aed82cc00b5f152b/system.journal'}, {'name': 'flags', 'type': 'unsigned int', 'value': 'O_RDWR|O_NONBLOCK|O_CLOEXEC'}, {'name': 'mode', 'type': 'int', 'value': 154005284}]",0,0
16022.425148,159,1,0,systemd-journal,ip-10-100-1-186,1003,cap_capable,1,0,"[{'name': 'cap', 'type': 'int', 'value': 'CAP_SYS_ADMIN'}]",0,0
16022.4252,159,1,0,systemd-journal,ip-10-100-1-186,257,openat,4,-2,"[{'name': 'dirfd', 'type': 'int', 'value': -100}, {'name': 'pathname', 'type': 'const char*', 'value': '/run/log/journal/cd4bbb49080545c3aed82cc00b5f152b/system.journal'}, {'name': 'flags', 'type': 'unsigned int', 'value': 'O_RDWR|O_NONBLOCK|O_CLOEXEC'}, {'name': 'mode', 'type': 'int', 'value': 154005284}]",0,0
16022.425261,159,1,0,systemd-journal,ip-10-100-1-186,1003,cap_capable,1,0,"[{'name': 'cap', 'type': 'int', 'value': 'CAP_SYS_ADMIN'}]",0,0
16022.425306,159,1,0,systemd-journal,ip-10-100-1-186,257,openat,4,-2,"[{'name': 'dirfd', 'type': 'int', 'value': -100}, {'name': 'pathname', 'type': 'const char*', 'value': '/run/log/journal/cd4bbb49080545c3aed82cc00b5f152b/system.journal'}, {'name': 'flags', 'type': 'unsigned int', 'value': 'O_RDWR|O_NONBLOCK|O_CLOEXEC'}, {'name': 'mode', 'type': 'int', 'value': 154005284}]",0,0
16022.425366,159,1,0,systemd-journal,ip-10-100-1-186,1003,cap_capable,1,0,"[{'name': 'cap', 'type': 'int', 'value': 'CAP_SYS_ADMIN'}]",0,0
16022.425411,159,1,0,systemd-journal,ip-10-100-1-186,257,openat,4,-2,"[{'name': 'dirfd', 'type': 'int', 'value': -100}, {'name': 'pathname', 'type': 'const char*', 'value': '/run/log/journal/cd4bbb49080545c3aed82cc00b5f152b/system.journal'}, {'name': 'flags', 'type': 'unsigned int', 'value': 'O_RDWR|O_NONBLOCK|O_CLOEXEC'}, {'name': 'mode', 'type': 'int', 'value': 154005284}]",0,0
16022.425484,159,1,0,systemd-journal,ip-10-100-1-186,1003,cap_capable,1,0,"[{'name': 'cap', 'type': 'int', 'value': 'CAP_SYS_ADMIN'}]",0,0
16022.425531,159,1,0,systemd-journal,ip-10-100-1-186,257,openat,4,-2,"[{'name': 'dirfd', 'type': 'int', 'value': -100}, {'name': 'pathname', 'type': 'const char*', 'value': '/run/log/journal/cd4bbb49080545c3aed82cc00b5f152b/system.journal'}, {'name': 'flags', 'type': 'unsigned int', 'value': 'O_RDWR|O_NONBLOCK|O_CLOEXEC'}, {'name': 'mode', 'type': 'int', 'value': 154005284}]",0,0
16022.425647,159,1,0,systemd-journal,ip-10-100-1-186,1003,cap_capable,1,0,"[{'name': 'cap', 'type': 'int', 'value': 'CAP_SYS_ADMIN'}]",0,0
16022.425697,159,1,0,systemd-journal,ip-10-100-1-186,257,openat,4,-2,"[{'name': 'dirfd', 'type': 'int', 'value': -100}, {'name': 'pathname', 'type': 'const char*', 'value': '/run/log/journal/cd4bbb49080545c3aed82cc00b5f152b/system.journal'}, {'name': 'flags', 'type': 'unsigned int', 'value': 'O_RDWR|O_NONBLOCK|O_CLOEXEC'}, {'name': 'mode', 'type': 'int', 'value': 154005284}]",0,0
16022.425773,159,1,0,systemd-journal,ip-10-100-1-186,1003,cap_capable,1,0,"[{'name': 'cap', 'type': 'int', 'value': 'CAP_SYS_ADMIN'}]",0,0
16022.425818,159,1,0,systemd-journal,ip-10-100-1-186,257,openat,4,-2,"[{'name': 'dirfd', 'type': 'int', 'value': -100}, {'name': 'pathname', 'type': 'const char*', 'value': '/run/log/journal/cd4bbb49080545c3aed82cc00b5f152b/system.journal'}, {'name': 'flags', 'type': 'unsigned int', 'value': 'O_RDWR|O_NONBLOCK|O_CLOEXEC'}, {'name': 'mode', 'type': 'int', 'value': 154005284}]",0,0
16022.425913,159,1,0,systemd-journal,ip-10-100-1-186,1003,cap_capable,1,0,"[{'name': 'cap', 'type': 'int', 'value': 'CAP_SYS_ADMIN'}]",0,0
16022.425974,159,1,0,systemd-journal,ip-10-100-1-186,257,openat,4,-2,"[{'name': 'dirfd', 'type': 'int', 'value': -100}, {'name': 'pathname', 'type': 'const char*', 'value': '/run/log/journal/cd4bbb49080545c3aed82cc00b5f152b/system.journal'}, {'name': 'flags', 'type': 'unsigned int', 'value': 'O_RDWR|O_NONBLOCK|O_CLOEXEC'}, {'name': 'mode', 'type': 'int', 'value': 154005284}]",0,0
16022.426052,159,1,0,systemd-journal,ip-10-100-1-186,1003,cap_capable,1,0,"[{'name': 'cap', 'type': 'int', 'value': 'CAP_SYS_ADMIN'}]",0,0
16022.426175,159,1,0,systemd-journal,ip-10-100-1-186,257,openat,4,-2,"[{'name': 'dirfd', 'type': 'int', 'value': -100}, {'name': 'pathname', 'type': 'const char*', 'value': '/run/log/journal/cd4bbb49080545c3aed82cc00b5f152b/system.journal'}, {'name': 'flags', 'type': 'unsigned int', 'value': 'O_RDWR|O_NONBLOCK|O_CLOEXEC'}, {'name': 'mode', 'type': 'int', 'value': 154005284}]",0,0
16022.426341,159,1,0,systemd-journal,ip-10-100-1-186,257,openat,4,-2,"[{'name': 'dirfd', 'type': 'int', 'value': -100}, {'name': 'pathname', 'type': 'const char*', 'value': '/run/log/journal/cd4bbb49080545c3aed82cc00b5f152b/system.journal'}, {'name': 'flags', 'type': 'unsigned int', 'value': 'O_RDWR|O_NONBLOCK|O_CLOEXEC'}, {'name': 'mode', 'type': 'int', 'value': 154005284}]",0,0
16022.426276,159,1,0,systemd-journal,ip-10-100-1-186,1003,cap_capable,1,0,"[{'name': 'cap', 'type': 'int', 'value': 'CAP_SYS_ADMIN'}]",0,0
16022.426408,159,1,0,systemd-journal,ip-10-100-1-186,1003,cap_capable,1,0,"[{'name': 'cap', 'type': 'int', 'value': 'CAP_SYS_ADMIN'}]",0,0
16022.426456,159,1,0,systemd-journal,ip-10-100-1-186,257,openat,4,-2,"[{'name': 'dirfd', 'type': 'int', 'value': -100}, {'name': 'pathname', 'type': 'const char*', 'value': '/run/log/journal/cd4bbb49080545c3aed82cc00b5f152b/system.journal'}, {'name': 'flags', 'type': 'unsigned int', 'value': 'O_RDWR|O_NONBLOCK|O_CLOEXEC'}, {'name': 'mode', 'type': 'int', 'value': 154005284}]",0,0
16022.426527,159,1,0,systemd-journal,ip-10-100-1-186,1003,cap_capable,1,0,"[{'name': 'cap', 'type': 'int', 'value': 'CAP_SYS_ADMIN'}]",0,0
16022.426587,159,1,0,systemd-journal,ip-10-100-1-186,257,openat,4,-2,"[{'name': 'dirfd', 'type': 'int', 'value': -100}, {'name': 'pathname', 'type': 'const char*', 'value': '/run/log/journal/cd4bbb49080545c3aed82cc00b5f152b/system.journal'}, {'name': 'flags', 'type': 'unsigned int', 'value': 'O_RDWR|O_NONBLOCK|O_CLOEXEC'}, {'name': 'mode', 'type': 'int', 'value': 154005284}]",0,0
16022.42666,159,1,0,systemd-journal,ip-10-100-1-186,1003,cap_capable,1,0,"[{'name': 'cap', 'type': 'int', 'value': 'CAP_SYS_ADMIN'}]",0,0
16022.426707,159,1,0,systemd-journal,ip-10-100-1-186,257,openat,4,-2,"[{'name': 'dirfd', 'type': 'int', 'value': -100}, {'name': 'pathname', 'type': 'const char*', 'value': '/run/log/journal/cd4bbb49080545c3aed82cc00b5f152b/system.journal'}, {'name': 'flags', 'type': 'unsigned int', 'value': 'O_RDWR|O_NONBLOCK|O_CLOEXEC'}, {'name': 'mode', 'type': 'int', 'value': 154005284}]",0,0
16022.426769,159,1,0,systemd-journal,ip-10-100-1-186,1003,cap_capable,1,0,"[{'name': 'cap', 'type': 'int', 'value': 'CAP_SYS_ADMIN'}]",0,0
16022.426816,159,1,0,systemd-journal,ip-10-100-1-186,257,openat,4,-2,"[{'name': 'dirfd', 'type': 'int', 'value': -100}, {'name': 'pathname', 'type': 'const char*', 'value': '/run/log/journal/cd4bbb49080545c3aed82cc00b5f152b/system.journal'}, {'name': 'flags', 'type': 'unsigned int', 'value': 'O_RDWR|O_NONBLOCK|O_CLOEXEC'}, {'name': 'mode', 'type': 'int', 'value': 154005284}]",0,0
16022.426878,159,1,0,systemd-journal,ip-10-100-1-186,1003,cap_capable,1,0,"[{'name': 'cap', 'type': 'int', 'value': 'CAP_SYS_ADMIN'}]",0,0
16022.426937,159,1,0,systemd-journal,ip-10-100-1-186,257,openat,4,-2,"[{'name': 'dirfd', 'type': 'int', 'value': -100}, {'name': 'pathname', 'type': 'const char*', 'value': '/run/log/journal/cd4bbb49080545c3aed82cc00b5f152b/system.journal'}, {'name': 'flags', 'type': 'unsigned int', 'value': 'O_RDWR|O_NONBLOCK|O_CLOEXEC'}, {'name': 'mode', 'type': 'int', 'value': 154005284}]",0,0
16022.427058,159,1,0,systemd-journal,ip-10-100-1-186,1003,cap_capable,1,0,"[{'name': 'cap', 'type': 'int', 'value': 'CAP_SYS_ADMIN'}]",0,0
16022.427111,159,1,0,systemd-journal,ip-10-100-1-186,257,openat,4,-2,"[{'name': 'dirfd', 'type': 'int', 'value': -100}, {'name': 'pathname', 'type': 'const char*', 'value': '/run/log/journal/cd4bbb49080545c3aed82cc00b5f152b/system.journal'}, {'name': 'flags', 'type': 'unsigned int', 'value': 'O_RDWR|O_NONBLOCK|O_CLOEXEC'}, {'name': 'mode', 'type': 'int', 'value': 154005284}]",0,0
16022.427185,159,1,0,systemd-journal,ip-10-100-1-186,1003,cap_capable,1,0,"[{'name': 'cap', 'type': 'int', 'value': 'CAP_SYS_ADMIN'}]",0,0
16022.427248,159,1,0,systemd-journal,ip-10-100-1-186,257,openat,4,-2,"[{'name': 'dirfd', 'type': 'int', 'value': -100}, {'name': 'pathname', 'type': 'const char*', 'value': '/run/log/journal/cd4bbb49080545c3aed82cc00b5f152b/system.journal'}, {'name': 'flags', 'type': 'unsigned int', 'value': 'O_RDWR|O_NONBLOCK|O_CLOEXEC'}, {'name': 'mode', 'type': 'int', 'value': 154005284}]",0,0
16022.427325,159,1,0,systemd-journal,ip-10-100-1-186,1003,cap_capable,1,0,"[{'name': 'cap', 'type': 'int', 'value': 'CAP_SYS_ADMIN'}]",0,0
16022.427374,159,1,0,systemd-journal,ip-10-100-1-186,257,openat,4,-2,"[{'name': 'dirfd', 'type': 'int', 'value': -100}, {'name': 'pathname', 'type': 'const char*', 'value': '/run/log/journal/cd4bbb49080545c3aed82cc00b5f152b/system.journal'}, {'name': 'flags', 'type': 'unsigned int', 'value': 'O_RDWR|O_NONBLOCK|O_CLOEXEC'}, {'name': 'mode', 'type': 'int', 'value': 154005284}]",0,0
16022.427462,159,1,0,systemd-journal,ip-10-100-1-186,1003,cap_capable,1,0,"[{'name': 'cap', 'type': 'int', 'value': 'CAP_SYS_ADMIN'}]",0,0
16022.427511,159,1,0,systemd-journal,ip-10-100-1-186,257,openat,4,-2,"[{'name': 'dirfd', 'type': 'int', 'value': -100}, {'name': 'pathname', 'type': 'const char*', 'value': '/run/log/journal/cd4bbb49080545c3aed82cc00b5f152b/system.journal'}, {'name': 'flags', 'type': 'unsigned int', 'value': 'O_RDWR|O_NONBLOCK|O_CLOEXEC'}, {'name': 'mode', 'type': 'int', 'value': 154005284}]",0,0
16022.427576,159,1,0,systemd-journal,ip-10-100-1-186,1003,cap_capable,1,0,"[{'name': 'cap', 'type': 'int', 'value': 'CAP_SYS_ADMIN'}]",0,0
16022.427701,159,1,0,systemd-journal,ip-10-100-1-186,257,openat,4,-2,"[{'name': 'dirfd', 'type': 'int', 'value': -100}, {'name': 'pathname', 'type': 'const char*', 'value': '/run/log/journal/cd4bbb49080545c3aed82cc00b5f152b/system.journal'}, {'name': 'flags', 'type': 'unsigned int', 'value': 'O_RDWR|O_NONBLOCK|O_CLOEXEC'}, {'name': 'mode', 'type': 'int', 'value': 154005284}]",0,0
16022.427786,159,1,0,systemd-journal,ip-10-100-1-186,1003,cap_capable,1,0,"[{'name': 'cap', 'type': 'int', 'value': 'CAP_SYS_ADMIN'}]",0,0
16022.427855,159,1,0,systemd-journal,ip-10-100-1-186,257,openat,4,-2,"[{'name': 'dirfd', 'type': 'int', 'value': -100}, {'name': 'pathname', 'type': 'const char*', 'value': '/run/log/journal/cd4bbb49080545c3aed82cc00b5f152b/system.journal'}, {'name': 'flags', 'type': 'unsigned int', 'value': 'O_RDWR|O_NONBLOCK|O_CLOEXEC'}, {'name': 'mode', 'type': 'int', 'value': 154005284}]",0,0
16022.427932,159,1,0,systemd-journal,ip-10-100-1-186,1003,cap_capable,1,0,"[{'name': 'cap', 'type': 'int', 'value': 'CAP_SYS_ADMIN'}]",0,0
16022.427984,159,1,0,systemd-journal,ip-10-100-1-186,257,openat,4,-2,"[{'name': 'dirfd', 'type': 'int', 'value': -100}, {'name': 'pathname', 'type': 'const char*', 'value': '/run/log/journal/cd4bbb49080545c3aed82cc00b5f152b/system.journal'}, {'name': 'flags', 'type': 'unsigned int', 'value': 'O_RDWR|O_NONBLOCK|O_CLOEXEC'}, {'name': 'mode', 'type': 'int', 'value': 154005284}]",0,0
16022.428049,159,1,0,systemd-journal,ip-10-100-1-186,1003,cap_capable,1,0,"[{'name': 'cap', 'type': 'int', 'value': 'CAP_SYS_ADMIN'}]",0,0
16022.428127,159,1,0,systemd-journal,ip-10-100-1-186,257,openat,4,-2,"[{'name': 'dirfd', 'type': 'int', 'value': -100}, {'name': 'pathname', 'type': 'const char*', 'value': '/run/log/journal/cd4bbb49080545c3aed82cc00b5f152b/system.journal'}, {'name': 'flags', 'type': 'unsigned int', 'value': 'O_RDWR|O_NONBLOCK|O_CLOEXEC'}, {'name': 'mode', 'type': 'int', 'value': 154005284}]",0,0
16022.428201,159,1,0,systemd-journal,ip-10-100-1-186,1003,cap_capable,1,0,"[{'name': 'cap', 'type': 'int', 'value': 'CAP_SYS_ADMIN'}]",0,0
16022.428253,159,1,0,systemd-journal,ip-10-100-1-186,257,openat,4,-2,"[{'name': 'dirfd', 'type': 'int', 'value': -100}, {'name': 'pathname', 'type': 'const char*', 'value': '/run/log/journal/cd4bbb49080545c3aed82cc00b5f152b/system.journal'}, {'name': 'flags', 'type': 'unsigned int', 'value': 'O_RDWR|O_NONBLOCK|O_CLOEXEC'}, {'name': 'mode', 'type': 'int', 'value': 154005284}]",0,0
16022.428317,159,1,0,systemd-journal,ip-10-100-1-186,1003,cap_capable,1,0,"[{'name': 'cap', 'type': 'int', 'value': 'CAP_SYS_ADMIN'}]",0,0
16022.42843,159,1,0,systemd-journal,ip-10-100-1-186,1003,cap_capable,1,0,"[{'name': 'cap', 'type': 'int', 'value': 'CAP_SYS_ADMIN'}]",0,0
16022.428366,159,1,0,systemd-journal,ip-10-100-1-186,257,openat,4,-2,"[{'name': 'dirfd', 'type': 'int', 'value': -100}, {'name': 'pathname', 'type': 'const char*', 'value': '/run/log/journal/cd4bbb49080545c3aed82cc00b5f152b/system.journal'}, {'name': 'flags', 'type': 'unsigned int', 'value': 'O_RDWR|O_NONBLOCK|O_CLOEXEC'}, {'name': 'mode', 'type': 'int', 'value': 154005284}]",0,0
16022.428479,159,1,0,systemd-journal,ip-10-100-1-186,257,openat,4,-2,"[{'name': 'dirfd', 'type': 'int', 'value': -100}, {'name': 'pathname', 'type': 'const char*', 'value': '/run/log/journal/cd4bbb49080545c3aed82cc00b5f152b/system.journal'}, {'name': 'flags', 'type': 'unsigned int', 'value': 'O_RDWR|O_NONBLOCK|O_CLOEXEC'}, {'name': 'mode', 'type': 'int', 'value': 154005284}]",0,0
16022.428592,159,1,0,systemd-journal,ip-10-100-1-186,1003,cap_capable,1,0,"[{'name': 'cap', 'type': 'int', 'value': 'CAP_SYS_ADMIN'}]",0,0
16022.428615,159,1,0,systemd-journal,ip-10-100-1-186,1003,cap_capable,1,0,"[{'name': 'cap', 'type': 'int', 'value': 'CAP_SETUID'}]",0,0
16022.428633,159,1,0,systemd-journal,ip-10-100-1-186,1003,cap_capable,1,0,"[{'name': 'cap', 'type': 'int', 'value': 'CAP_SETGID'}]",0,0
16022.428683,159,1,0,systemd-journal,ip-10-100-1-186,257,openat,4,-2,"[{'name': 'dirfd', 'type': 'int', 'value': -100}, {'name': 'pathname', 'type': 'const char*', 'value': '/run/log/journal/cd4bbb49080545c3aed82cc00b5f152b/system.journal'}, {'name': 'flags', 'type': 'unsigned int', 'value': 'O_RDWR|O_NONBLOCK|O_CLOEXEC'}, {'name': 'mode', 'type': 'int', 'value': 154005284}]",0,0
16022.428838,159,1,0,systemd-journal,ip-10-100-1-186,1003,cap_capable,1,0,"[{'name': 'cap', 'type': 'int', 'value': 'CAP_SYS_ADMIN'}]",0,0
16022.428895,159,1,0,systemd-journal,ip-10-100-1-186,257,openat,4,-2,"[{'name': 'dirfd', 'type': 'int', 'value': -100}, {'name': 'pathname', 'type': 'const char*', 'value': '/run/log/journal/cd4bbb49080545c3aed82cc00b5f152b/system.journal'}, {'name': 'flags', 'type': 'unsigned int', 'value': 'O_RDWR|O_NONBLOCK|O_CLOEXEC'}, {'name': 'mode', 'type': 'int', 'value': 154005284}]",0,0
16022.429098,159,1,0,systemd-journal,ip-10-100-1-186,1003,cap_capable,1,0,"[{'name': 'cap', 'type': 'int', 'value': 'CAP_SYS_ADMIN'}]",0,0
16022.429199,159,1,0,systemd-journal,ip-10-100-1-186,257,openat,4,-2,"[{'name': 'dirfd', 'type': 'int', 'value': -100}, {'name': 'pathname', 'type': 'const char*', 'value': '/run/log/journal/cd4bbb49080545c3aed82cc00b5f152b/system.journal'}, {'name': 'flags', 'type': 'unsigned int', 'value': 'O_RDWR|O_NONBLOCK|O_CLOEXEC'}, {'name': 'mode', 'type': 'int', 'value': 154005284}]",0,0
16022.429274,159,1,0,systemd-journal,ip-10-100-1-186,1003,cap_capable,1,0,"[{'name': 'cap', 'type': 'int', 'value': 'CAP_SYS_ADMIN'}]",0,0
16022.429327,159,1,0,systemd-journal,ip-10-100-1-186,257,openat,4,-2,"[{'name': 'dirfd', 'type': 'int', 'value': -100}, {'name': 'pathname', 'type': 'const char*', 'value': '/run/log/journal/cd4bbb49080545c3aed82cc00b5f152b/system.journal'}, {'name': 'flags', 'type': 'unsigned int', 'value': 'O_RDWR|O_NONBLOCK|O_CLOEXEC'}, {'name': 'mode', 'type': 'int', 'value': 154005284}]",0,0
16022.429399,159,1,0,systemd-journal,ip-10-100-1-186,1003,cap_capable,1,0,"[{'name': 'cap', 'type': 'int', 'value': 'CAP_SYS_ADMIN'}]",0,0
16022.429449,159,1,0,systemd-journal,ip-10-100-1-186,257,openat,4,-2,"[{'name': 'dirfd', 'type': 'int', 'value': -100}, {'name': 'pathname', 'type': 'const char*', 'value': '/run/log/journal/cd4bbb49080545c3aed82cc00b5f152b/system.journal'}, {'name': 'flags', 'type': 'unsigned int', 'value': 'O_RDWR|O_NONBLOCK|O_CLOEXEC'}, {'name': 'mode', 'type': 'int', 'value': 154005284}]",0,0
16022.429514,159,1,0,systemd-journal,ip-10-100-1-186,1003,cap_capable,1,0,"[{'name': 'cap', 'type': 'int', 'value': 'CAP_SYS_ADMIN'}]",0,0
16022.429562,159,1,0,systemd-journal,ip-10-100-1-186,257,openat,4,-2,"[{'name': 'dirfd', 'type': 'int', 'value': -100}, {'name': 'pathname', 'type': 'const char*', 'value': '/run/log/journal/cd4bbb49080545c3aed82cc00b5f152b/system.journal'}, {'name': 'flags', 'type': 'unsigned int', 'value': 'O_RDWR|O_NONBLOCK|O_CLOEXEC'}, {'name': 'mode', 'type': 'int', 'value': 154005284}]",0,0
16022.429627,159,1,0,systemd-journal,ip-10-100-1-186,1003,cap_capable,1,0,"[{'name': 'cap', 'type': 'int', 'value': 'CAP_SYS_ADMIN'}]",0,0
16022.429676,159,1,0,systemd-journal,ip-10-100-1-186,257,openat,4,-2,"[{'name': 'dirfd', 'type': 'int', 'value': -100}, {'name': 'pathname', 'type': 'const char*', 'value': '/run/log/journal/cd4bbb49080545c3aed82cc00b5f152b/system.journal'}, {'name': 'flags', 'type': 'unsigned int', 'value': 'O_RDWR|O_NONBLOCK|O_CLOEXEC'}, {'name': 'mode', 'type': 'int', 'value': 154005284}]",0,0
16022.429739,159,1,0,systemd-journal,ip-10-100-1-186,1003,cap_capable,1,0,"[{'name': 'cap', 'type': 'int', 'value': 'CAP_SYS_ADMIN'}]",0,0
16022.429788,159,1,0,systemd-journal,ip-10-100-1-186,257,openat,4,-2,"[{'name': 'dirfd', 'type': 'int', 'value': -100}, {'name': 'pathname', 'type': 'const char*', 'value': '/run/log/journal/cd4bbb49080545c3aed82cc00b5f152b/system.journal'}, {'name': 'flags', 'type': 'unsigned int', 'value': 'O_RDWR|O_NONBLOCK|O_CLOEXEC'}, {'name': 'mode', 'type': 'int', 'value': 154005284}]",0,0
16022.429852,159,1,0,systemd-journal,ip-10-100-1-186,1003,cap_capable,1,0,"[{'name': 'cap', 'type': 'int', 'value': 'CAP_SYS_ADMIN'}]",0,0
16022.429904,159,1,0,systemd-journal,ip-10-100-1-186,257,openat,4,-2,"[{'name': 'dirfd', 'type': 'int', 'value': -100}, {'name': 'pathname', 'type': 'const char*', 'value': '/run/log/journal/cd4bbb49080545c3aed82cc00b5f152b/system.journal'}, {'name': 'flags', 'type': 'unsigned int', 'value': 'O_RDWR|O_NONBLOCK|O_CLOEXEC'}, {'name': 'mode', 'type': 'int', 'value': 154005284}]",0,0
16022.429969,159,1,0,systemd-journal,ip-10-100-1-186,1003,cap_capable,1,0,"[{'name': 'cap', 'type': 'int', 'value': 'CAP_SYS_ADMIN'}]",0,0
16022.430018,159,1,0,systemd-journal,ip-10-100-1-186,257,openat,4,-2,"[{'name': 'dirfd', 'type': 'int', 'value': -100}, {'name': 'pathname', 'type': 'const char*', 'value': '/run/log/journal/cd4bbb49080545c3aed82cc00b5f152b/system.journal'}, {'name': 'flags', 'type': 'unsigned int', 'value': 'O_RDWR|O_NONBLOCK|O_CLOEXEC'}, {'name': 'mode', 'type': 'int', 'value': 154005284}]",0,0
16022.430082,159,1,0,systemd-journal,ip-10-100-1-186,1003,cap_capable,1,0,"[{'name': 'cap', 'type': 'int', 'value': 'CAP_SYS_ADMIN'}]",0,0
16022.43013,159,1,0,systemd-journal,ip-10-100-1-186,257,openat,4,-2,"[{'name': 'dirfd', 'type': 'int', 'value': -100}, {'name': 'pathname', 'type': 'const char*', 'value': '/run/log/journal/cd4bbb49080545c3aed82cc00b5f152b/system.journal'}, {'name': 'flags', 'type': 'unsigned int', 'value': 'O_RDWR|O_NONBLOCK|O_CLOEXEC'}, {'name': 'mode', 'type': 'int', 'value': 154005284}]",0,0
16022.430194,159,1,0,systemd-journal,ip-10-100-1-186,1003,cap_capable,1,0,"[{'name': 'cap', 'type': 'int', 'value': 'CAP_SYS_ADMIN'}]",0,0
16022.430243,159,1,0,systemd-journal,ip-10-100-1-186,257,openat,4,-2,"[{'name': 'dirfd', 'type': 'int', 'value': -100}, {'name': 'pathname', 'type': 'const char*', 'value': '/run/log/journal/cd4bbb49080545c3aed82cc00b5f152b/system.journal'}, {'name': 'flags', 'type': 'unsigned int', 'value': 'O_RDWR|O_NONBLOCK|O_CLOEXEC'}, {'name': 'mode', 'type': 'int', 'value': 154005284}]",0,0
16022.430452,159,1,0,systemd-journal,ip-10-100-1-186,257,openat,4,-2,"[{'name': 'dirfd', 'type': 'int', 'value': -100}, {'name': 'pathname', 'type': 'const char*', 'value': '/run/log/journal/cd4bbb49080545c3aed82cc00b5f152b/system.journal'}, {'name': 'flags', 'type': 'unsigned int', 'value': 'O_RDWR|O_NONBLOCK|O_CLOEXEC'}, {'name': 'mode', 'type': 'int', 'value': 154005284}]",0,0
16022.437567,159,1,0,systemd-journal,ip-10-100-1-186,1003,cap_capable,1,0,"[{'name': 'cap', 'type': 'int', 'value': 'CAP_SYS_ADMIN'}]",0,0
16022.430396,159,1,0,systemd-journal,ip-10-100-1-186,1003,cap_capable,1,0,"[{'name': 'cap', 'type': 'int', 'value': 'CAP_SYS_ADMIN'}]",0,0
16022.437674,159,1,0,systemd-journal,ip-10-100-1-186,257,openat,4,-2,"[{'name': 'dirfd', 'type': 'int', 'value': -100}, {'name': 'pathname', 'type': 'const char*', 'value': '/run/log/journal/cd4bbb49080545c3aed82cc00b5f152b/system.journal'}, {'name': 'flags', 'type': 'unsigned int', 'value': 'O_RDWR|O_NONBLOCK|O_CLOEXEC'}, {'name': 'mode', 'type': 'int', 'value': 154005284}]",0,0
16022.437761,159,1,0,systemd-journal,ip-10-100-1-186,1003,cap_capable,1,0,"[{'name': 'cap', 'type': 'int', 'value': 'CAP_SYS_ADMIN'}]",0,0
16022.437814,159,1,0,systemd-journal,ip-10-100-1-186,257,openat,4,-2,"[{'name': 'dirfd', 'type': 'int', 'value': -100}, {'name': 'pathname', 'type': 'const char*', 'value': '/run/log/journal/cd4bbb49080545c3aed82cc00b5f152b/system.journal'}, {'name': 'flags', 'type': 'unsigned int', 'value': 'O_RDWR|O_NONBLOCK|O_CLOEXEC'}, {'name': 'mode', 'type': 'int', 'value': 154005284}]",0,0
16022.43788,159,1,0,systemd-journal,ip-10-100-1-186,1003,cap_capable,1,0,"[{'name': 'cap', 'type': 'int', 'value': 'CAP_SYS_ADMIN'}]",0,0
16022.437929,159,1,0,systemd-journal,ip-10-100-1-186,257,openat,4,-2,"[{'name': 'dirfd', 'type': 'int', 'value': -100}, {'name': 'pathname', 'type': 'const char*', 'value': '/run/log/journal/cd4bbb49080545c3aed82cc00b5f152b/system.journal'}, {'name': 'flags', 'type': 'unsigned int', 'value': 'O_RDWR|O_NONBLOCK|O_CLOEXEC'}, {'name': 'mode', 'type': 'int', 'value': 154005284}]",0,0
16022.437996,159,1,0,systemd-journal,ip-10-100-1-186,1003,cap_capable,1,0,"[{'name': 'cap', 'type': 'int', 'value': 'CAP_SYS_ADMIN'}]",0,0
16022.438046,159,1,0,systemd-journal,ip-10-100-1-186,257,openat,4,-2,"[{'name': 'dirfd', 'type': 'int', 'value': -100}, {'name': 'pathname', 'type': 'const char*', 'value': '/run/log/journal/cd4bbb49080545c3aed82cc00b5f152b/system.journal'}, {'name': 'flags', 'type': 'unsigned int', 'value': 'O_RDWR|O_NONBLOCK|O_CLOEXEC'}, {'name': 'mode', 'type': 'int', 'value': 154005284}]",0,0
16022.43811,159,1,0,systemd-journal,ip-10-100-1-186,1003,cap_capable,1,0,"[{'name': 'cap', 'type': 'int', 'value': 'CAP_SYS_ADMIN'}]",0,0
16022.438159,159,1,0,systemd-journal,ip-10-100-1-186,257,openat,4,-2,"[{'name': 'dirfd', 'type': 'int', 'value': -100}, {'name': 'pathname', 'type': 'const char*', 'value': '/run/log/journal/cd4bbb49080545c3aed82cc00b5f152b/system.journal'}, {'name': 'flags', 'type': 'unsigned int', 'value': 'O_RDWR|O_NONBLOCK|O_CLOEXEC'}, {'name': 'mode', 'type': 'int', 'value': 154005284}]",0,0
16022.438224,159,1,0,systemd-journal,ip-10-100-1-186,1003,cap_capable,1,0,"[{'name': 'cap', 'type': 'int', 'value': 'CAP_SYS_ADMIN'}]",0,0
16022.438345,159,1,0,systemd-journal,ip-10-100-1-186,257,openat,4,-2,"[{'name': 'dirfd', 'type': 'int', 'value': -100}, {'name': 'pathname', 'type': 'const char*', 'value': '/run/log/journal/cd4bbb49080545c3aed82cc00b5f152b/system.journal'}, {'name': 'flags', 'type': 'unsigned int', 'value': 'O_RDWR|O_NONBLOCK|O_CLOEXEC'}, {'name': 'mode', 'type': 'int', 'value': 154005284}]",0,0
16022.438425,159,1,0,systemd-journal,ip-10-100-1-186,1003,cap_capable,1,0,"[{'name': 'cap', 'type': 'int', 'value': 'CAP_SYS_ADMIN'}]",0,0
16022.438505,159,1,0,systemd-journal,ip-10-100-1-186,257,openat,4,-2,"[{'name': 'dirfd', 'type': 'int', 'value': -100}, {'name': 'pathname', 'type': 'const char*', 'value': '/run/log/journal/cd4bbb49080545c3aed82cc00b5f152b/system.journal'}, {'name': 'flags', 'type': 'unsigned int', 'value': 'O_RDWR|O_NONBLOCK|O_CLOEXEC'}, {'name': 'mode', 'type': 'int', 'value': 154005284}]",0,0
16022.438577,159,1,0,systemd-journal,ip-10-100-1-186,1003,cap_capable,1,0,"[{'name': 'cap', 'type': 'int', 'value': 'CAP_SYS_ADMIN'}]",0,0
16022.438661,159,1,0,systemd-journal,ip-10-100-1-186,257,openat,4,-2,"[{'name': 'dirfd', 'type': 'int', 'value': -100}, {'name': 'pathname', 'type': 'const char*', 'value': '/run/log/journal/cd4bbb49080545c3aed82cc00b5f152b/system.journal'}, {'name': 'flags', 'type': 'unsigned int', 'value': 'O_RDWR|O_NONBLOCK|O_CLOEXEC'}, {'name': 'mode', 'type': 'int', 'value': 154005284}]",0,0
16022.438735,159,1,0,systemd-journal,ip-10-100-1-186,1003,cap_capable,1,0,"[{'name': 'cap', 'type': 'int', 'value': 'CAP_SYS_ADMIN'}]",0,0
16022.438785,159,1,0,systemd-journal,ip-10-100-1-186,257,openat,4,-2,"[{'name': 'dirfd', 'type': 'int', 'value': -100}, {'name': 'pathname', 'type': 'const char*', 'value': '/run/log/journal/cd4bbb49080545c3aed82cc00b5f152b/system.journal'}, {'name': 'flags', 'type': 'unsigned int', 'value': 'O_RDWR|O_NONBLOCK|O_CLOEXEC'}, {'name': 'mode', 'type': 'int', 'value': 154005284}]",0,0
16022.43885,159,1,0,systemd-journal,ip-10-100-1-186,1003,cap_capable,1,0,"[{'name': 'cap', 'type': 'int', 'value': 'CAP_SYS_ADMIN'}]",0,0
16022.438899,159,1,0,systemd-journal,ip-10-100-1-186,257,openat,4,-2,"[{'name': 'dirfd', 'type': 'int', 'value': -100}, {'name': 'pathname', 'type': 'const char*', 'value': '/run/log/journal/cd4bbb49080545c3aed82cc00b5f152b/system.journal'}, {'name': 'flags', 'type': 'unsigned int', 'value': 'O_RDWR|O_NONBLOCK|O_CLOEXEC'}, {'name': 'mode', 'type': 'int', 'value': 154005284}]",0,0
16022.439016,159,1,0,systemd-journal,ip-10-100-1-186,1003,cap_capable,1,0,"[{'name': 'cap', 'type': 'int', 'value': 'CAP_SYS_ADMIN'}]",0,0
16022.439039,159,1,0,systemd-journal,ip-10-100-1-186,1003,cap_capable,1,0,"[{'name': 'cap', 'type': 'int', 'value': 'CAP_SETUID'}]",0,0
16022.439058,159,1,0,systemd-journal,ip-10-100-1-186,1003,cap_capable,1,0,"[{'name': 'cap', 'type': 'int', 'value': 'CAP_SETGID'}]",0,0
16022.439108,159,1,0,systemd-journal,ip-10-100-1-186,257,openat,4,-2,"[{'name': 'dirfd', 'type': 'int', 'value': -100}, {'name': 'pathname', 'type': 'const char*', 'value': '/run/log/journal/cd4bbb49080545c3aed82cc00b5f152b/system.journal'}, {'name': 'flags', 'type': 'unsigned int', 'value': 'O_RDWR|O_NONBLOCK|O_CLOEXEC'}, {'name': 'mode', 'type': 'int', 'value': 154005284}]",0,0
16022.439246,159,1,0,systemd-journal,ip-10-100-1-186,1003,cap_capable,1,0,"[{'name': 'cap', 'type': 'int', 'value': 'CAP_SYS_ADMIN'}]",0,0
16022.4393,159,1,0,systemd-journal,ip-10-100-1-186,257,openat,4,-2,"[{'name': 'dirfd', 'type': 'int', 'value': -100}, {'name': 'pathname', 'type': 'const char*', 'value': '/run/log/journal/cd4bbb49080545c3aed82cc00b5f152b/system.journal'}, {'name': 'flags', 'type': 'unsigned int', 'value': 'O_RDWR|O_NONBLOCK|O_CLOEXEC'}, {'name': 'mode', 'type': 'int', 'value': 154005284}]",0,0
16022.439425,159,1,0,systemd-journal,ip-10-100-1-186,1003,cap_capable,1,0,"[{'name': 'cap', 'type': 'int', 'value': 'CAP_SYS_ADMIN'}]",0,0
16022.439478,159,1,0,systemd-journal,ip-10-100-1-186,257,openat,4,-2,"[{'name': 'dirfd', 'type': 'int', 'value': -100}, {'name': 'pathname', 'type': 'const char*', 'value': '/run/log/journal/cd4bbb49080545c3aed82cc00b5f152b/system.journal'}, {'name': 'flags', 'type': 'unsigned int', 'value': 'O_RDWR|O_NONBLOCK|O_CLOEXEC'}, {'name': 'mode', 'type': 'int', 'value': 154005284}]",0,0
16022.439556,159,1,0,systemd-journal,ip-10-100-1-186,1003,cap_capable,1,0,"[{'name': 'cap', 'type': 'int', 'value': 'CAP_SYS_ADMIN'}]",0,0
16022.439604,159,1,0,systemd-journal,ip-10-100-1-186,257,openat,4,-2,"[{'name': 'dirfd', 'type': 'int', 'value': -100}, {'name': 'pathname', 'type': 'const char*', 'value': '/run/log/journal/cd4bbb49080545c3aed82cc00b5f152b/system.journal'}, {'name': 'flags', 'type': 'unsigned int', 'value': 'O_RDWR|O_NONBLOCK|O_CLOEXEC'}, {'name': 'mode', 'type': 'int', 'value': 154005284}]",0,0
16022.439667,159,1,0,systemd-journal,ip-10-100-1-186,1003,cap_capable,1,0,"[{'name': 'cap', 'type': 'int', 'value': 'CAP_SYS_ADMIN'}]",0,0
16022.439714,159,1,0,systemd-journal,ip-10-100-1-186,257,openat,4,-2,"[{'name': 'dirfd', 'type': 'int', 'value': -100}, {'name': 'pathname', 'type': 'const char*', 'value': '/run/log/journal/cd4bbb49080545c3aed82cc00b5f152b/system.journal'}, {'name': 'flags', 'type': 'unsigned int', 'value': 'O_RDWR|O_NONBLOCK|O_CLOEXEC'}, {'name': 'mode', 'type': 'int', 'value': 154005284}]",0,0
16022.439872,159,1,0,systemd-journal,ip-10-100-1-186,1003,cap_capable,1,0,"[{'name': 'cap', 'type': 'int', 'value': 'CAP_SYS_ADMIN'}]",0,0
16022.439932,159,1,0,systemd-journal,ip-10-100-1-186,257,openat,4,-2,"[{'name': 'dirfd', 'type': 'int', 'value': -100}, {'name': 'pathname', 'type': 'const char*', 'value': '/run/log/journal/cd4bbb49080545c3aed82cc00b5f152b/system.journal'}, {'name': 'flags', 'type': 'unsigned int', 'value': 'O_RDWR|O_NONBLOCK|O_CLOEXEC'}, {'name': 'mode', 'type': 'int', 'value': 154005284}]",0,0
16022.440807,159,1,0,systemd-journal,ip-10-100-1-186,1003,cap_capable,1,0,"[{'name': 'cap', 'type': 'int', 'value': 'CAP_SYS_ADMIN'}]",0,0
16022.440867,159,1,0,systemd-journal,ip-10-100-1-186,257,openat,4,-2,"[{'name': 'dirfd', 'type': 'int', 'value': -100}, {'name': 'pathname', 'type': 'const char*', 'value': '/run/log/journal/cd4bbb49080545c3aed82cc00b5f152b/system.journal'}, {'name': 'flags', 'type': 'unsigned int', 'value': 'O_RDWR|O_NONBLOCK|O_CLOEXEC'}, {'name': 'mode', 'type': 'int', 'value': 154005284}]",0,0
16022.441022,159,1,0,systemd-journal,ip-10-100-1-186,1003,cap_capable,1,0,"[{'name': 'cap', 'type': 'int', 'value': 'CAP_SYS_ADMIN'}]",0,0
16022.44109,159,1,0,systemd-journal,ip-10-100-1-186,257,openat,4,-2,"[{'name': 'dirfd', 'type': 'int', 'value': -100}, {'name': 'pathname', 'type': 'const char*', 'value': '/run/log/journal/cd4bbb49080545c3aed82cc00b5f152b/system.journal'}, {'name': 'flags', 'type': 'unsigned int', 'value': 'O_RDWR|O_NONBLOCK|O_CLOEXEC'}, {'name': 'mode', 'type': 'int', 'value': 154005284}]",0,0
16022.441198,159,1,0,systemd-journal,ip-10-100-1-186,1003,cap_capable,1,0,"[{'name': 'cap', 'type': 'int', 'value': 'CAP_SYS_ADMIN'}]",0,0
16022.441252,159,1,0,systemd-journal,ip-10-100-1-186,257,openat,4,-2,"[{'name': 'dirfd', 'type': 'int', 'value': -100}, {'name': 'pathname', 'type': 'const char*', 'value': '/run/log/journal/cd4bbb49080545c3aed82cc00b5f152b/system.journal'}, {'name': 'flags', 'type': 'unsigned int', 'value': 'O_RDWR|O_NONBLOCK|O_CLOEXEC'}, {'name': 'mode', 'type': 'int', 'value': 154005284}]",0,0
16022.441318,159,1,0,systemd-journal,ip-10-100-1-186,1003,cap_capable,1,0,"[{'name': 'cap', 'type': 'int', 'value': 'CAP_SYS_ADMIN'}]",0,0
16022.441367,159,1,0,systemd-journal,ip-10-100-1-186,257,openat,4,-2,"[{'name': 'dirfd', 'type': 'int', 'value': -100}, {'name': 'pathname', 'type': 'const char*', 'value': '/run/log/journal/cd4bbb49080545c3aed82cc00b5f152b/system.journal'}, {'name': 'flags', 'type': 'unsigned int', 'value': 'O_RDWR|O_NONBLOCK|O_CLOEXEC'}, {'name': 'mode', 'type': 'int', 'value': 154005284}]",0,0
16022.441431,159,1,0,systemd-journal,ip-10-100-1-186,1003,cap_capable,1,0,"[{'name': 'cap', 'type': 'int', 'value': 'CAP_SYS_ADMIN'}]",0,0
16022.441484,159,1,0,systemd-journal,ip-10-100-1-186,257,openat,4,-2,"[{'name': 'dirfd', 'type': 'int', 'value': -100}, {'name': 'pathname', 'type': 'const char*', 'value': '/run/log/journal/cd4bbb49080545c3aed82cc00b5f152b/system.journal'}, {'name': 'flags', 'type': 'unsigned int', 'value': 'O_RDWR|O_NONBLOCK|O_CLOEXEC'}, {'name': 'mode', 'type': 'int', 'value': 154005284}]",0,0
16022.441559,159,1,0,systemd-journal,ip-10-100-1-186,1003,cap_capable,1,0,"[{'name': 'cap', 'type': 'int', 'value': 'CAP_SYS_ADMIN'}]",0,0
16022.441611,159,1,0,systemd-journal,ip-10-100-1-186,257,openat,4,-2,"[{'name': 'dirfd', 'type': 'int', 'value': -100}, {'name': 'pathname', 'type': 'const char*', 'value': '/run/log/journal/cd4bbb49080545c3aed82cc00b5f152b/system.journal'}, {'name': 'flags', 'type': 'unsigned int', 'value': 'O_RDWR|O_NONBLOCK|O_CLOEXEC'}, {'name': 'mode', 'type': 'int', 'value': 154005284}]",0,0
16022.441702,159,1,0,systemd-journal,ip-10-100-1-186,1003,cap_capable,1,0,"[{'name': 'cap', 'type': 'int', 'value': 'CAP_SYS_ADMIN'}]",0,0
16022.441747,159,1,0,systemd-journal,ip-10-100-1-186,257,openat,4,-2,"[{'name': 'dirfd', 'type': 'int', 'value': -100}, {'name': 'pathname', 'type': 'const char*', 'value': '/run/log/journal/cd4bbb49080545c3aed82cc00b5f152b/system.journal'}, {'name': 'flags', 'type': 'unsigned int', 'value': 'O_RDWR|O_NONBLOCK|O_CLOEXEC'}, {'name': 'mode', 'type': 'int', 'value': 154005284}]",0,0
16022.441806,159,1,0,systemd-journal,ip-10-100-1-186,1003,cap_capable,1,0,"[{'name': 'cap', 'type': 'int', 'value': 'CAP_SYS_ADMIN'}]",0,0
16022.44185,159,1,0,systemd-journal,ip-10-100-1-186,257,openat,4,-2,"[{'name': 'dirfd', 'type': 'int', 'value': -100}, {'name': 'pathname', 'type': 'const char*', 'value': '/run/log/journal/cd4bbb49080545c3aed82cc00b5f152b/system.journal'}, {'name': 'flags', 'type': 'unsigned int', 'value': 'O_RDWR|O_NONBLOCK|O_CLOEXEC'}, {'name': 'mode', 'type': 'int', 'value': 154005284}]",0,0
16022.441909,159,1,0,systemd-journal,ip-10-100-1-186,1003,cap_capable,1,0,"[{'name': 'cap', 'type': 'int', 'value': 'CAP_SYS_ADMIN'}]",0,0
16022.441954,159,1,0,systemd-journal,ip-10-100-1-186,257,openat,4,-2,"[{'name': 'dirfd', 'type': 'int', 'value': -100}, {'name': 'pathname', 'type': 'const char*', 'value': '/run/log/journal/cd4bbb49080545c3aed82cc00b5f152b/system.journal'}, {'name': 'flags', 'type': 'unsigned int', 'value': 'O_RDWR|O_NONBLOCK|O_CLOEXEC'}, {'name': 'mode', 'type': 'int', 'value': 154005284}]",0,0
16022.442012,159,1,0,systemd-journal,ip-10-100-1-186,1003,cap_capable,1,0,"[{'name': 'cap', 'type': 'int', 'value': 'CAP_SYS_ADMIN'}]",0,0
16022.44206,159,1,0,systemd-journal,ip-10-100-1-186,257,openat,4,-2,"[{'name': 'dirfd', 'type': 'int', 'value': -100}, {'name': 'pathname', 'type': 'const char*', 'value': '/run/log/journal/cd4bbb49080545c3aed82cc00b5f152b/system.journal'}, {'name': 'flags', 'type': 'unsigned int', 'value': 'O_RDWR|O_NONBLOCK|O_CLOEXEC'}, {'name': 'mode', 'type': 'int', 'value': 154005284}]",0,0
16022.442286,506,1,104,rs:main Q:Reg,ip-10-100-1-186,62,kill,2,0,"[{'name': 'pid', 'type': 'pid_t', 'value': 506}, {'name': 'sig', 'type': 'int', 'value': 22}]",0,0
16022.442508,506,1,104,rs:main Q:Reg,ip-10-100-1-186,62,kill,2,0,"[{'name': 'pid', 'type': 'pid_t', 'value': 506}, {'name': 'sig', 'type': 'int', 'value': 22}]",0,0
16022.44266,506,1,104,rs:main Q:Reg,ip-10-100-1-186,1003,cap_capable,1,0,"[{'name': 'cap', 'type': 'int', 'value': 'CAP_SYS_RESOURCE'}]",0,0
16022.442692,506,1,104,rs:main Q:Reg,ip-10-100-1-186,1003,cap_capable,1,0,"[{'name': 'cap', 'type': 'int', 'value': 'CAP_SYS_RESOURCE'}]",0,0
16022.450542,159,1,0,systemd-journal,ip-10-100-1-186,1003,cap_capable,1,0,"[{'name': 'cap', 'type': 'int', 'value': 'CAP_SYS_ADMIN'}]",0,0
16022.450657,159,1,0,systemd-journal,ip-10-100-1-186,257,openat,4,-2,"[{'name': 'dirfd', 'type': 'int', 'value': -100}, {'name': 'pathname', 'type': 'const char*', 'value': '/run/log/journal/cd4bbb49080545c3aed82cc00b5f152b/system.journal'}, {'name': 'flags', 'type': 'unsigned int', 'value': 'O_RDWR|O_NONBLOCK|O_CLOEXEC'}, {'name': 'mode', 'type': 'int', 'value': 154005284}]",0,0
16022.450785,159,1,0,systemd-journal,ip-10-100-1-186,257,openat,4,-2,"[{'name': 'dirfd', 'type': 'int', 'value': -100}, {'name': 'pathname', 'type': 'const char*', 'value': '/run/log/journal/cd4bbb49080545c3aed82cc00b5f152b/system.journal'}, {'name': 'flags', 'type': 'unsigned int', 'value': 'O_RDWR|O_NONBLOCK|O_CLOEXEC'}, {'name': 'mode', 'type': 'int', 'value': 154005284}]",0,0
16022.450733,159,1,0,systemd-journal,ip-10-100-1-186,1003,cap_capable,1,0,"[{'name': 'cap', 'type': 'int', 'value': 'CAP_SYS_ADMIN'}]",0,0
16022.450851,159,1,0,systemd-journal,ip-10-100-1-186,1003,cap_capable,1,0,"[{'name': 'cap', 'type': 'int', 'value': 'CAP_SYS_ADMIN'}]",0,0
16022.4509,159,1,0,systemd-journal,ip-10-100-1-186,257,openat,4,-2,"[{'name': 'dirfd', 'type': 'int', 'value': -100}, {'name': 'pathname', 'type': 'const char*', 'value': '/run/log/journal/cd4bbb49080545c3aed82cc00b5f152b/system.journal'}, {'name': 'flags', 'type': 'unsigned int', 'value': 'O_RDWR|O_NONBLOCK|O_CLOEXEC'}, {'name': 'mode', 'type': 'int', 'value': 154005284}]",0,0
16022.450965,159,1,0,systemd-journal,ip-10-100-1-186,1003,cap_capable,1,0,"[{'name': 'cap', 'type': 'int', 'value': 'CAP_SYS_ADMIN'}]",0,0
16022.451014,159,1,0,systemd-journal,ip-10-100-1-186,257,openat,4,-2,"[{'name': 'dirfd', 'type': 'int', 'value': -100}, {'name': 'pathname', 'type': 'const char*', 'value': '/run/log/journal/cd4bbb49080545c3aed82cc00b5f152b/system.journal'}, {'name': 'flags', 'type': 'unsigned int', 'value': 'O_RDWR|O_NONBLOCK|O_CLOEXEC'}, {'name': 'mode', 'type': 'int', 'value': 154005284}]",0,0
16022.451078,159,1,0,systemd-journal,ip-10-100-1-186,1003,cap_capable,1,0,"[{'name': 'cap', 'type': 'int', 'value': 'CAP_SYS_ADMIN'}]",0,0
16022.451127,159,1,0,systemd-journal,ip-10-100-1-186,257,openat,4,-2,"[{'name': 'dirfd', 'type': 'int', 'value': -100}, {'name': 'pathname', 'type': 'const char*', 'value': '/run/log/journal/cd4bbb49080545c3aed82cc00b5f152b/system.journal'}, {'name': 'flags', 'type': 'unsigned int', 'value': 'O_RDWR|O_NONBLOCK|O_CLOEXEC'}, {'name': 'mode', 'type': 'int', 'value': 154005284}]",0,0
16022.45128,159,1,0,systemd-journal,ip-10-100-1-186,1003,cap_capable,1,0,"[{'name': 'cap', 'type': 'int', 'value': 'CAP_SYS_ADMIN'}]",0,0
16022.451349,159,1,0,systemd-journal,ip-10-100-1-186,257,openat,4,-2,"[{'name': 'dirfd', 'type': 'int', 'value': -100}, {'name': 'pathname', 'type': 'const char*', 'value': '/run/log/journal/cd4bbb49080545c3aed82cc00b5f152b/system.journal'}, {'name': 'flags', 'type': 'unsigned int', 'value': 'O_RDWR|O_NONBLOCK|O_CLOEXEC'}, {'name': 'mode', 'type': 'int', 'value': 154005284}]",0,0
16022.451446,159,1,0,systemd-journal,ip-10-100-1-186,1003,cap_capable,1,0,"[{'name': 'cap', 'type': 'int', 'value': 'CAP_SYS_ADMIN'}]",0,0
16022.451498,159,1,0,systemd-journal,ip-10-100-1-186,257,openat,4,-2,"[{'name': 'dirfd', 'type': 'int', 'value': -100}, {'name': 'pathname', 'type': 'const char*', 'value': '/run/log/journal/cd4bbb49080545c3aed82cc00b5f152b/system.journal'}, {'name': 'flags', 'type': 'unsigned int', 'value': 'O_RDWR|O_NONBLOCK|O_CLOEXEC'}, {'name': 'mode', 'type': 'int', 'value': 154005284}]",0,0
16022.451657,159,1,0,systemd-journal,ip-10-100-1-186,1003,cap_capable,1,0,"[{'name': 'cap', 'type': 'int', 'value': 'CAP_SYS_ADMIN'}]",0,0
16022.451711,159,1,0,systemd-journal,ip-10-100-1-186,257,openat,4,-2,"[{'name': 'dirfd', 'type': 'int', 'value': -100}, {'name': 'pathname', 'type': 'const char*', 'value': '/run/log/journal/cd4bbb49080545c3aed82cc00b5f152b/system.journal'}, {'name': 'flags', 'type': 'unsigned int', 'value': 'O_RDWR|O_NONBLOCK|O_CLOEXEC'}, {'name': 'mode', 'type': 'int', 'value': 154005284}]",0,0
16022.451781,159,1,0,systemd-journal,ip-10-100-1-186,1003,cap_capable,1,0,"[{'name': 'cap', 'type': 'int', 'value': 'CAP_SYS_ADMIN'}]",0,0
16022.451831,159,1,0,systemd-journal,ip-10-100-1-186,257,openat,4,-2,"[{'name': 'dirfd', 'type': 'int', 'value': -100}, {'name': 'pathname', 'type': 'const char*', 'value': '/run/log/journal/cd4bbb49080545c3aed82cc00b5f152b/system.journal'}, {'name': 'flags', 'type': 'unsigned int', 'value': 'O_RDWR|O_NONBLOCK|O_CLOEXEC'}, {'name': 'mode', 'type': 'int', 'value': 154005284}]",0,0
16022.451896,159,1,0,systemd-journal,ip-10-100-1-186,1003,cap_capable,1,0,"[{'name': 'cap', 'type': 'int', 'value': 'CAP_SYS_ADMIN'}]",0,0
16022.451945,159,1,0,systemd-journal,ip-10-100-1-186,257,openat,4,-2,"[{'name': 'dirfd', 'type': 'int', 'value': -100}, {'name': 'pathname', 'type': 'const char*', 'value': '/run/log/journal/cd4bbb49080545c3aed82cc00b5f152b/system.journal'}, {'name': 'flags', 'type': 'unsigned int', 'value': 'O_RDWR|O_NONBLOCK|O_CLOEXEC'}, {'name': 'mode', 'type': 'int', 'value': 154005284}]",0,0
16022.45201,159,1,0,systemd-journal,ip-10-100-1-186,1003,cap_capable,1,0,"[{'name': 'cap', 'type': 'int', 'value': 'CAP_SYS_ADMIN'}]",0,0
16022.452058,159,1,0,systemd-journal,ip-10-100-1-186,257,openat,4,-2,"[{'name': 'dirfd', 'type': 'int', 'value': -100}, {'name': 'pathname', 'type': 'const char*', 'value': '/run/log/journal/cd4bbb49080545c3aed82cc00b5f152b/system.journal'}, {'name': 'flags', 'type': 'unsigned int', 'value': 'O_RDWR|O_NONBLOCK|O_CLOEXEC'}, {'name': 'mode', 'type': 'int', 'value': 154005284}]",0,0
16022.452122,159,1,0,systemd-journal,ip-10-100-1-186,1003,cap_capable,1,0,"[{'name': 'cap', 'type': 'int', 'value': 'CAP_SYS_ADMIN'}]",0,0
16022.452171,159,1,0,systemd-journal,ip-10-100-1-186,257,openat,4,-2,"[{'name': 'dirfd', 'type': 'int', 'value': -100}, {'name': 'pathname', 'type': 'const char*', 'value': '/run/log/journal/cd4bbb49080545c3aed82cc00b5f152b/system.journal'}, {'name': 'flags', 'type': 'unsigned int', 'value': 'O_RDWR|O_NONBLOCK|O_CLOEXEC'}, {'name': 'mode', 'type': 'int', 'value': 154005284}]",0,0
16022.452235,159,1,0,systemd-journal,ip-10-100-1-186,1003,cap_capable,1,0,"[{'name': 'cap', 'type': 'int', 'value': 'CAP_SYS_ADMIN'}]",0,0
16022.452285,159,1,0,systemd-journal,ip-10-100-1-186,257,openat,4,-2,"[{'name': 'dirfd', 'type': 'int', 'value': -100}, {'name': 'pathname', 'type': 'const char*', 'value': '/run/log/journal/cd4bbb49080545c3aed82cc00b5f152b/system.journal'}, {'name': 'flags', 'type': 'unsigned int', 'value': 'O_RDWR|O_NONBLOCK|O_CLOEXEC'}, {'name': 'mode', 'type': 'int', 'value': 154005284}]",0,0
16022.452349,159,1,0,systemd-journal,ip-10-100-1-186,1003,cap_capable,1,0,"[{'name': 'cap', 'type': 'int', 'value': 'CAP_SYS_ADMIN'}]",0,0
16022.452398,159,1,0,systemd-journal,ip-10-100-1-186,257,openat,4,-2,"[{'name': 'dirfd', 'type': 'int', 'value': -100}, {'name': 'pathname', 'type': 'const char*', 'value': '/run/log/journal/cd4bbb49080545c3aed82cc00b5f152b/system.journal'}, {'name': 'flags', 'type': 'unsigned int', 'value': 'O_RDWR|O_NONBLOCK|O_CLOEXEC'}, {'name': 'mode', 'type': 'int', 'value': 154005284}]",0,0
16022.452462,159,1,0,systemd-journal,ip-10-100-1-186,1003,cap_capable,1,0,"[{'name': 'cap', 'type': 'int', 'value': 'CAP_SYS_ADMIN'}]",0,0
16022.452511,159,1,0,systemd-journal,ip-10-100-1-186,257,openat,4,-2,"[{'name': 'dirfd', 'type': 'int', 'value': -100}, {'name': 'pathname', 'type': 'const char*', 'value': '/run/log/journal/cd4bbb49080545c3aed82cc00b5f152b/system.journal'}, {'name': 'flags', 'type': 'unsigned int', 'value': 'O_RDWR|O_NONBLOCK|O_CLOEXEC'}, {'name': 'mode', 'type': 'int', 'value': 154005284}]",0,0
16022.452597,159,1,0,systemd-journal,ip-10-100-1-186,1003,cap_capable,1,0,"[{'name': 'cap', 'type': 'int', 'value': 'CAP_SYS_ADMIN'}]",0,0
16022.452715,159,1,0,systemd-journal,ip-10-100-1-186,257,openat,4,-2,"[{'name': 'dirfd', 'type': 'int', 'value': -100}, {'name': 'pathname', 'type': 'const char*', 'value': '/run/log/journal/cd4bbb49080545c3aed82cc00b5f152b/system.journal'}, {'name': 'flags', 'type': 'unsigned int', 'value': 'O_RDWR|O_NONBLOCK|O_CLOEXEC'}, {'name': 'mode', 'type': 'int', 'value': 154005284}]",0,0
16022.452805,159,1,0,systemd-journal,ip-10-100-1-186,1003,cap_capable,1,0,"[{'name': 'cap', 'type': 'int', 'value': 'CAP_SYS_ADMIN'}]",0,0
16022.452968,159,1,0,systemd-journal,ip-10-100-1-186,1003,cap_capable,1,0,"[{'name': 'cap', 'type': 'int', 'value': 'CAP_SYS_ADMIN'}]",0,0
16022.452898,159,1,0,systemd-journal,ip-10-100-1-186,257,openat,4,-2,"[{'name': 'dirfd', 'type': 'int', 'value': -100}, {'name': 'pathname', 'type': 'const char*', 'value': '/run/log/journal/cd4bbb49080545c3aed82cc00b5f152b/system.journal'}, {'name': 'flags', 'type': 'unsigned int', 'value': 'O_RDWR|O_NONBLOCK|O_CLOEXEC'}, {'name': 'mode', 'type': 'int', 'value': 154005284}]",0,0
16022.453031,159,1,0,systemd-journal,ip-10-100-1-186,257,openat,4,-2,"[{'name': 'dirfd', 'type': 'int', 'value': -100}, {'name': 'pathname', 'type': 'const char*', 'value': '/run/log/journal/cd4bbb49080545c3aed82cc00b5f152b/system.journal'}, {'name': 'flags', 'type': 'unsigned int', 'value': 'O_RDWR|O_NONBLOCK|O_CLOEXEC'}, {'name': 'mode', 'type': 'int', 'value': 154005284}]",0,0
16022.453096,159,1,0,systemd-journal,ip-10-100-1-186,1003,cap_capable,1,0,"[{'name': 'cap', 'type': 'int', 'value': 'CAP_SYS_ADMIN'}]",0,0
16022.453145,159,1,0,systemd-journal,ip-10-100-1-186,257,openat,4,-2,"[{'name': 'dirfd', 'type': 'int', 'value': -100}, {'name': 'pathname', 'type': 'const char*', 'value': '/run/log/journal/cd4bbb49080545c3aed82cc00b5f152b/system.journal'}, {'name': 'flags', 'type': 'unsigned int', 'value': 'O_RDWR|O_NONBLOCK|O_CLOEXEC'}, {'name': 'mode', 'type': 'int', 'value': 154005284}]",0,0
16022.453209,159,1,0,systemd-journal,ip-10-100-1-186,1003,cap_capable,1,0,"[{'name': 'cap', 'type': 'int', 'value': 'CAP_SYS_ADMIN'}]",0,0
16022.453258,159,1,0,systemd-journal,ip-10-100-1-186,257,openat,4,-2,"[{'name': 'dirfd', 'type': 'int', 'value': -100}, {'name': 'pathname', 'type': 'const char*', 'value': '/run/log/journal/cd4bbb49080545c3aed82cc00b5f152b/system.journal'}, {'name': 'flags', 'type': 'unsigned int', 'value': 'O_RDWR|O_NONBLOCK|O_CLOEXEC'}, {'name': 'mode', 'type': 'int', 'value': 154005284}]",0,0
16022.453322,159,1,0,systemd-journal,ip-10-100-1-186,1003,cap_capable,1,0,"[{'name': 'cap', 'type': 'int', 'value': 'CAP_SYS_ADMIN'}]",0,0
16022.453371,159,1,0,systemd-journal,ip-10-100-1-186,257,openat,4,-2,"[{'name': 'dirfd', 'type': 'int', 'value': -100}, {'name': 'pathname', 'type': 'const char*', 'value': '/run/log/journal/cd4bbb49080545c3aed82cc00b5f152b/system.journal'}, {'name': 'flags', 'type': 'unsigned int', 'value': 'O_RDWR|O_NONBLOCK|O_CLOEXEC'}, {'name': 'mode', 'type': 'int', 'value': 154005284}]",0,0
16022.453435,159,1,0,systemd-journal,ip-10-100-1-186,1003,cap_capable,1,0,"[{'name': 'cap', 'type': 'int', 'value': 'CAP_SYS_ADMIN'}]",0,0
16022.453484,159,1,0,systemd-journal,ip-10-100-1-186,257,openat,4,-2,"[{'name': 'dirfd', 'type': 'int', 'value': -100}, {'name': 'pathname', 'type': 'const char*', 'value': '/run/log/journal/cd4bbb49080545c3aed82cc00b5f152b/system.journal'}, {'name': 'flags', 'type': 'unsigned int', 'value': 'O_RDWR|O_NONBLOCK|O_CLOEXEC'}, {'name': 'mode', 'type': 'int', 'value': 154005284}]",0,0
16022.453548,159,1,0,systemd-journal,ip-10-100-1-186,1003,cap_capable,1,0,"[{'name': 'cap', 'type': 'int', 'value': 'CAP_SYS_ADMIN'}]",0,0
16022.453596,159,1,0,systemd-journal,ip-10-100-1-186,257,openat,4,-2,"[{'name': 'dirfd', 'type': 'int', 'value': -100}, {'name': 'pathname', 'type': 'const char*', 'value': '/run/log/journal/cd4bbb49080545c3aed82cc00b5f152b/system.journal'}, {'name': 'flags', 'type': 'unsigned int', 'value': 'O_RDWR|O_NONBLOCK|O_CLOEXEC'}, {'name': 'mode', 'type': 'int', 'value': 154005284}]",0,0
16022.453668,159,1,0,systemd-journal,ip-10-100-1-186,1003,cap_capable,1,0,"[{'name': 'cap', 'type': 'int', 'value': 'CAP_SYS_ADMIN'}]",0,0
16022.453718,159,1,0,systemd-journal,ip-10-100-1-186,257,openat,4,-2,"[{'name': 'dirfd', 'type': 'int', 'value': -100}, {'name': 'pathname', 'type': 'const char*', 'value': '/run/log/journal/cd4bbb49080545c3aed82cc00b5f152b/system.journal'}, {'name': 'flags', 'type': 'unsigned int', 'value': 'O_RDWR|O_NONBLOCK|O_CLOEXEC'}, {'name': 'mode', 'type': 'int', 'value': 154005284}]",0,0
16022.453783,159,1,0,systemd-journal,ip-10-100-1-186,1003,cap_capable,1,0,"[{'name': 'cap', 'type': 'int', 'value': 'CAP_SYS_ADMIN'}]",0,0
16022.453832,159,1,0,systemd-journal,ip-10-100-1-186,257,openat,4,-2,"[{'name': 'dirfd', 'type': 'int', 'value': -100}, {'name': 'pathname', 'type': 'const char*', 'value': '/run/log/journal/cd4bbb49080545c3aed82cc00b5f152b/system.journal'}, {'name': 'flags', 'type': 'unsigned int', 'value': 'O_RDWR|O_NONBLOCK|O_CLOEXEC'}, {'name': 'mode', 'type': 'int', 'value': 154005284}]",0,0
16022.45399,159,1,0,systemd-journal,ip-10-100-1-186,1003,cap_capable,1,0,"[{'name': 'cap', 'type': 'int', 'value': 'CAP_SYS_ADMIN'}]",0,0
16022.454047,159,1,0,systemd-journal,ip-10-100-1-186,257,openat,4,-2,"[{'name': 'dirfd', 'type': 'int', 'value': -100}, {'name': 'pathname', 'type': 'const char*', 'value': '/run/log/journal/cd4bbb49080545c3aed82cc00b5f152b/system.journal'}, {'name': 'flags', 'type': 'unsigned int', 'value': 'O_RDWR|O_NONBLOCK|O_CLOEXEC'}, {'name': 'mode', 'type': 'int', 'value': 154005284}]",0,0
16022.454145,159,1,0,systemd-journal,ip-10-100-1-186,1003,cap_capable,1,0,"[{'name': 'cap', 'type': 'int', 'value': 'CAP_SYS_ADMIN'}]",0,0
16022.454202,159,1,0,systemd-journal,ip-10-100-1-186,257,openat,4,-2,"[{'name': 'dirfd', 'type': 'int', 'value': -100}, {'name': 'pathname', 'type': 'const char*', 'value': '/run/log/journal/cd4bbb49080545c3aed82cc00b5f152b/system.journal'}, {'name': 'flags', 'type': 'unsigned int', 'value': 'O_RDWR|O_NONBLOCK|O_CLOEXEC'}, {'name': 'mode', 'type': 'int', 'value': 154005284}]",0,0
16022.454268,159,1,0,systemd-journal,ip-10-100-1-186,1003,cap_capable,1,0,"[{'name': 'cap', 'type': 'int', 'value': 'CAP_SYS_ADMIN'}]",0,0
16022.454318,159,1,0,systemd-journal,ip-10-100-1-186,257,openat,4,-2,"[{'name': 'dirfd', 'type': 'int', 'value': -100}, {'name': 'pathname', 'type': 'const char*', 'value': '/run/log/journal/cd4bbb49080545c3aed82cc00b5f152b/system.journal'}, {'name': 'flags', 'type': 'unsigned int', 'value': 'O_RDWR|O_NONBLOCK|O_CLOEXEC'}, {'name': 'mode', 'type': 'int', 'value': 154005284}]",0,0
16022.45443,159,1,0,systemd-journal,ip-10-100-1-186,1003,cap_capable,1,0,"[{'name': 'cap', 'type': 'int', 'value': 'CAP_SYS_ADMIN'}]",0,0
16022.454453,159,1,0,systemd-journal,ip-10-100-1-186,1003,cap_capable,1,0,"[{'name': 'cap', 'type': 'int', 'value': 'CAP_SETUID'}]",0,0
16022.454472,159,1,0,systemd-journal,ip-10-100-1-186,1003,cap_capable,1,0,"[{'name': 'cap', 'type': 'int', 'value': 'CAP_SETGID'}]",0,0
16022.454521,159,1,0,systemd-journal,ip-10-100-1-186,257,openat,4,-2,"[{'name': 'dirfd', 'type': 'int', 'value': -100}, {'name': 'pathname', 'type': 'const char*', 'value': '/run/log/journal/cd4bbb49080545c3aed82cc00b5f152b/system.journal'}, {'name': 'flags', 'type': 'unsigned int', 'value': 'O_RDWR|O_NONBLOCK|O_CLOEXEC'}, {'name': 'mode', 'type': 'int', 'value': 154005284}]",0,0
16022.454648,159,1,0,systemd-journal,ip-10-100-1-186,1003,cap_capable,1,0,"[{'name': 'cap', 'type': 'int', 'value': 'CAP_SYS_ADMIN'}]",0,0
16022.454701,159,1,0,systemd-journal,ip-10-100-1-186,257,openat,4,-2,"[{'name': 'dirfd', 'type': 'int', 'value': -100}, {'name': 'pathname', 'type': 'const char*', 'value': '/run/log/journal/cd4bbb49080545c3aed82cc00b5f152b/system.journal'}, {'name': 'flags', 'type': 'unsigned int', 'value': 'O_RDWR|O_NONBLOCK|O_CLOEXEC'}, {'name': 'mode', 'type': 'int', 'value': 154005284}]",0,0
16022.454816,159,1,0,systemd-journal,ip-10-100-1-186,257,openat,4,-2,"[{'name': 'dirfd', 'type': 'int', 'value': -100}, {'name': 'pathname', 'type': 'const char*', 'value': '/run/log/journal/cd4bbb49080545c3aed82cc00b5f152b/system.journal'}, {'name': 'flags', 'type': 'unsigned int', 'value': 'O_RDWR|O_NONBLOCK|O_CLOEXEC'}, {'name': 'mode', 'type': 'int', 'value': 154005284}]",0,0
16022.454767,159,1,0,systemd-journal,ip-10-100-1-186,1003,cap_capable,1,0,"[{'name': 'cap', 'type': 'int', 'value': 'CAP_SYS_ADMIN'}]",0,0
16022.454881,159,1,0,systemd-journal,ip-10-100-1-186,1003,cap_capable,1,0,"[{'name': 'cap', 'type': 'int', 'value': 'CAP_SYS_ADMIN'}]",0,0
16022.454931,159,1,0,systemd-journal,ip-10-100-1-186,257,openat,4,-2,"[{'name': 'dirfd', 'type': 'int', 'value': -100}, {'name': 'pathname', 'type': 'const char*', 'value': '/run/log/journal/cd4bbb49080545c3aed82cc00b5f152b/system.journal'}, {'name': 'flags', 'type': 'unsigned int', 'value': 'O_RDWR|O_NONBLOCK|O_CLOEXEC'}, {'name': 'mode', 'type': 'int', 'value': 154005284}]",0,0
16022.454995,159,1,0,systemd-journal,ip-10-100-1-186,1003,cap_capable,1,0,"[{'name': 'cap', 'type': 'int', 'value': 'CAP_SYS_ADMIN'}]",0,0
16022.455044,159,1,0,systemd-journal,ip-10-100-1-186,257,openat,4,-2,"[{'name': 'dirfd', 'type': 'int', 'value': -100}, {'name': 'pathname', 'type': 'const char*', 'value': '/run/log/journal/cd4bbb49080545c3aed82cc00b5f152b/system.journal'}, {'name': 'flags', 'type': 'unsigned int', 'value': 'O_RDWR|O_NONBLOCK|O_CLOEXEC'}, {'name': 'mode', 'type': 'int', 'value': 154005284}]",0,0
16022.462357,159,1,0,systemd-journal,ip-10-100-1-186,1003,cap_capable,1,0,"[{'name': 'cap', 'type': 'int', 'value': 'CAP_SYS_ADMIN'}]",0,0
16022.462459,159,1,0,systemd-journal,ip-10-100-1-186,257,openat,4,-2,"[{'name': 'dirfd', 'type': 'int', 'value': -100}, {'name': 'pathname', 'type': 'const char*', 'value': '/run/log/journal/cd4bbb49080545c3aed82cc00b5f152b/system.journal'}, {'name': 'flags', 'type': 'unsigned int', 'value': 'O_RDWR|O_NONBLOCK|O_CLOEXEC'}, {'name': 'mode', 'type': 'int', 'value': 154005284}]",0,0
16022.462548,159,1,0,systemd-journal,ip-10-100-1-186,1003,cap_capable,1,0,"[{'name': 'cap', 'type': 'int', 'value': 'CAP_SYS_ADMIN'}]",0,0
16022.462601,159,1,0,systemd-journal,ip-10-100-1-186,257,openat,4,-2,"[{'name': 'dirfd', 'type': 'int', 'value': -100}, {'name': 'pathname', 'type': 'const char*', 'value': '/run/log/journal/cd4bbb49080545c3aed82cc00b5f152b/system.journal'}, {'name': 'flags', 'type': 'unsigned int', 'value': 'O_RDWR|O_NONBLOCK|O_CLOEXEC'}, {'name': 'mode', 'type': 'int', 'value': 154005284}]",0,0
16022.46267,159,1,0,systemd-journal,ip-10-100-1-186,1003,cap_capable,1,0,"[{'name': 'cap', 'type': 'int', 'value': 'CAP_SYS_ADMIN'}]",0,0
16022.462782,159,1,0,systemd-journal,ip-10-100-1-186,1003,cap_capable,1,0,"[{'name': 'cap', 'type': 'int', 'value': 'CAP_SYS_ADMIN'}]",0,0
16022.46272,159,1,0,systemd-journal,ip-10-100-1-186,257,openat,4,-2,"[{'name': 'dirfd', 'type': 'int', 'value': -100}, {'name': 'pathname', 'type': 'const char*', 'value': '/run/log/journal/cd4bbb49080545c3aed82cc00b5f152b/system.journal'}, {'name': 'flags', 'type': 'unsigned int', 'value': 'O_RDWR|O_NONBLOCK|O_CLOEXEC'}, {'name': 'mode', 'type': 'int', 'value': 154005284}]",0,0
16022.462844,159,1,0,systemd-journal,ip-10-100-1-186,257,openat,4,-2,"[{'name': 'dirfd', 'type': 'int', 'value': -100}, {'name': 'pathname', 'type': 'const char*', 'value': '/run/log/journal/cd4bbb49080545c3aed82cc00b5f152b/system.journal'}, {'name': 'flags', 'type': 'unsigned int', 'value': 'O_RDWR|O_NONBLOCK|O_CLOEXEC'}, {'name': 'mode', 'type': 'int', 'value': 154005284}]",0,0
16022.462909,159,1,0,systemd-journal,ip-10-100-1-186,1003,cap_capable,1,0,"[{'name': 'cap', 'type': 'int', 'value': 'CAP_SYS_ADMIN'}]",0,0
16022.462958,159,1,0,systemd-journal,ip-10-100-1-186,257,openat,4,-2,"[{'name': 'dirfd', 'type': 'int', 'value': -100}, {'name': 'pathname', 'type': 'const char*', 'value': '/run/log/journal/cd4bbb49080545c3aed82cc00b5f152b/system.journal'}, {'name': 'flags', 'type': 'unsigned int', 'value': 'O_RDWR|O_NONBLOCK|O_CLOEXEC'}, {'name': 'mode', 'type': 'int', 'value': 154005284}]",0,0
16022.463104,159,1,0,systemd-journal,ip-10-100-1-186,1003,cap_capable,1,0,"[{'name': 'cap', 'type': 'int', 'value': 'CAP_SYS_ADMIN'}]",0,0
16022.463158,159,1,0,systemd-journal,ip-10-100-1-186,257,openat,4,-2,"[{'name': 'dirfd', 'type': 'int', 'value': -100}, {'name': 'pathname', 'type': 'const char*', 'value': '/run/log/journal/cd4bbb49080545c3aed82cc00b5f152b/system.journal'}, {'name': 'flags', 'type': 'unsigned int', 'value': 'O_RDWR|O_NONBLOCK|O_CLOEXEC'}, {'name': 'mode', 'type': 'int', 'value': 154005284}]",0,0
16022.463307,159,1,0,systemd-journal,ip-10-100-1-186,257,openat,4,-2,"[{'name': 'dirfd', 'type': 'int', 'value': -100}, {'name': 'pathname', 'type': 'const char*', 'value': '/run/log/journal/cd4bbb49080545c3aed82cc00b5f152b/system.journal'}, {'name': 'flags', 'type': 'unsigned int', 'value': 'O_RDWR|O_NONBLOCK|O_CLOEXEC'}, {'name': 'mode', 'type': 'int', 'value': 154005284}]",0,0
16022.463255,159,1,0,systemd-journal,ip-10-100-1-186,1003,cap_capable,1,0,"[{'name': 'cap', 'type': 'int', 'value': 'CAP_SYS_ADMIN'}]",0,0
16022.463402,159,1,0,systemd-journal,ip-10-100-1-186,1003,cap_capable,1,0,"[{'name': 'cap', 'type': 'int', 'value': 'CAP_SYS_ADMIN'}]",0,0
16022.463453,159,1,0,systemd-journal,ip-10-100-1-186,257,openat,4,-2,"[{'name': 'dirfd', 'type': 'int', 'value': -100}, {'name': 'pathname', 'type': 'const char*', 'value': '/run/log/journal/cd4bbb49080545c3aed82cc00b5f152b/system.journal'}, {'name': 'flags', 'type': 'unsigned int', 'value': 'O_RDWR|O_NONBLOCK|O_CLOEXEC'}, {'name': 'mode', 'type': 'int', 'value': 154005284}]",0,0
16022.463521,159,1,0,systemd-journal,ip-10-100-1-186,1003,cap_capable,1,0,"[{'name': 'cap', 'type': 'int', 'value': 'CAP_SYS_ADMIN'}]",0,0
16022.463583,159,1,0,systemd-journal,ip-10-100-1-186,257,openat,4,-2,"[{'name': 'dirfd', 'type': 'int', 'value': -100}, {'name': 'pathname', 'type': 'const char*', 'value': '/run/log/journal/cd4bbb49080545c3aed82cc00b5f152b/system.journal'}, {'name': 'flags', 'type': 'unsigned int', 'value': 'O_RDWR|O_NONBLOCK|O_CLOEXEC'}, {'name': 'mode', 'type': 'int', 'value': 154005284}]",0,0
16022.4637,159,1,0,systemd-journal,ip-10-100-1-186,257,openat,4,-2,"[{'name': 'dirfd', 'type': 'int', 'value': -100}, {'name': 'pathname', 'type': 'const char*', 'value': '/run/log/journal/cd4bbb49080545c3aed82cc00b5f152b/system.journal'}, {'name': 'flags', 'type': 'unsigned int', 'value': 'O_RDWR|O_NONBLOCK|O_CLOEXEC'}, {'name': 'mode', 'type': 'int', 'value': 154005284}]",0,0
16022.463651,159,1,0,systemd-journal,ip-10-100-1-186,1003,cap_capable,1,0,"[{'name': 'cap', 'type': 'int', 'value': 'CAP_SYS_ADMIN'}]",0,0
16022.463765,159,1,0,systemd-journal,ip-10-100-1-186,1003,cap_capable,1,0,"[{'name': 'cap', 'type': 'int', 'value': 'CAP_SYS_ADMIN'}]",0,0
16022.463814,159,1,0,systemd-journal,ip-10-100-1-186,257,openat,4,-2,"[{'name': 'dirfd', 'type': 'int', 'value': -100}, {'name': 'pathname', 'type': 'const char*', 'value': '/run/log/journal/cd4bbb49080545c3aed82cc00b5f152b/system.journal'}, {'name': 'flags', 'type': 'unsigned int', 'value': 'O_RDWR|O_NONBLOCK|O_CLOEXEC'}, {'name': 'mode', 'type': 'int', 'value': 154005284}]",0,0
16022.463889,159,1,0,systemd-journal,ip-10-100-1-186,1003,cap_capable,1,0,"[{'name': 'cap', 'type': 'int', 'value': 'CAP_SYS_ADMIN'}]",0,0
16022.463937,159,1,0,systemd-journal,ip-10-100-1-186,257,openat,4,-2,"[{'name': 'dirfd', 'type': 'int', 'value': -100}, {'name': 'pathname', 'type': 'const char*', 'value': '/run/log/journal/cd4bbb49080545c3aed82cc00b5f152b/system.journal'}, {'name': 'flags', 'type': 'unsigned int', 'value': 'O_RDWR|O_NONBLOCK|O_CLOEXEC'}, {'name': 'mode', 'type': 'int', 'value': 154005284}]",0,0
16022.464009,159,1,0,systemd-journal,ip-10-100-1-186,1003,cap_capable,1,0,"[{'name': 'cap', 'type': 'int', 'value': 'CAP_SYS_ADMIN'}]",0,0
16022.464072,159,1,0,systemd-journal,ip-10-100-1-186,257,openat,4,-2,"[{'name': 'dirfd', 'type': 'int', 'value': -100}, {'name': 'pathname', 'type': 'const char*', 'value': '/run/log/journal/cd4bbb49080545c3aed82cc00b5f152b/system.journal'}, {'name': 'flags', 'type': 'unsigned int', 'value': 'O_RDWR|O_NONBLOCK|O_CLOEXEC'}, {'name': 'mode', 'type': 'int', 'value': 154005284}]",0,0
16022.464137,159,1,0,systemd-journal,ip-10-100-1-186,1003,cap_capable,1,0,"[{'name': 'cap', 'type': 'int', 'value': 'CAP_SYS_ADMIN'}]",0,0
16022.464198,159,1,0,systemd-journal,ip-10-100-1-186,257,openat,4,-2,"[{'name': 'dirfd', 'type': 'int', 'value': -100}, {'name': 'pathname', 'type': 'const char*', 'value': '/run/log/journal/cd4bbb49080545c3aed82cc00b5f152b/system.journal'}, {'name': 'flags', 'type': 'unsigned int', 'value': 'O_RDWR|O_NONBLOCK|O_CLOEXEC'}, {'name': 'mode', 'type': 'int', 'value': 154005284}]",0,0
16022.464262,159,1,0,systemd-journal,ip-10-100-1-186,1003,cap_capable,1,0,"[{'name': 'cap', 'type': 'int', 'value': 'CAP_SYS_ADMIN'}]",0,0
16022.464387,159,1,0,systemd-journal,ip-10-100-1-186,257,openat,4,-2,"[{'name': 'dirfd', 'type': 'int', 'value': -100}, {'name': 'pathname', 'type': 'const char*', 'value': '/run/log/journal/cd4bbb49080545c3aed82cc00b5f152b/system.journal'}, {'name': 'flags', 'type': 'unsigned int', 'value': 'O_RDWR|O_NONBLOCK|O_CLOEXEC'}, {'name': 'mode', 'type': 'int', 'value': 154005284}]",0,0
16022.464509,159,1,0,systemd-journal,ip-10-100-1-186,1003,cap_capable,1,0,"[{'name': 'cap', 'type': 'int', 'value': 'CAP_SYS_ADMIN'}]",0,0
16022.464562,159,1,0,systemd-journal,ip-10-100-1-186,257,openat,4,-2,"[{'name': 'dirfd', 'type': 'int', 'value': -100}, {'name': 'pathname', 'type': 'const char*', 'value': '/run/log/journal/cd4bbb49080545c3aed82cc00b5f152b/system.journal'}, {'name': 'flags', 'type': 'unsigned int', 'value': 'O_RDWR|O_NONBLOCK|O_CLOEXEC'}, {'name': 'mode', 'type': 'int', 'value': 154005284}]",0,0
16022.464645,159,1,0,systemd-journal,ip-10-100-1-186,1003,cap_capable,1,0,"[{'name': 'cap', 'type': 'int', 'value': 'CAP_SYS_ADMIN'}]",0,0
16022.464695,159,1,0,systemd-journal,ip-10-100-1-186,257,openat,4,-2,"[{'name': 'dirfd', 'type': 'int', 'value': -100}, {'name': 'pathname', 'type': 'const char*', 'value': '/run/log/journal/cd4bbb49080545c3aed82cc00b5f152b/system.journal'}, {'name': 'flags', 'type': 'unsigned int', 'value': 'O_RDWR|O_NONBLOCK|O_CLOEXEC'}, {'name': 'mode', 'type': 'int', 'value': 154005284}]",0,0
16022.464845,159,1,0,systemd-journal,ip-10-100-1-186,1003,cap_capable,1,0,"[{'name': 'cap', 'type': 'int', 'value': 'CAP_SYS_ADMIN'}]",0,0
16022.464869,159,1,0,systemd-journal,ip-10-100-1-186,1003,cap_capable,1,0,"[{'name': 'cap', 'type': 'int', 'value': 'CAP_SETUID'}]",0,0
16022.464888,159,1,0,systemd-journal,ip-10-100-1-186,1003,cap_capable,1,0,"[{'name': 'cap', 'type': 'int', 'value': 'CAP_SETGID'}]",0,0
16022.46494,159,1,0,systemd-journal,ip-10-100-1-186,257,openat,4,-2,"[{'name': 'dirfd', 'type': 'int', 'value': -100}, {'name': 'pathname', 'type': 'const char*', 'value': '/run/log/journal/cd4bbb49080545c3aed82cc00b5f152b/system.journal'}, {'name': 'flags', 'type': 'unsigned int', 'value': 'O_RDWR|O_NONBLOCK|O_CLOEXEC'}, {'name': 'mode', 'type': 'int', 'value': 154005284}]",0,0
16022.465077,159,1,0,systemd-journal,ip-10-100-1-186,1003,cap_capable,1,0,"[{'name': 'cap', 'type': 'int', 'value': 'CAP_SYS_ADMIN'}]",0,0
16022.46513,159,1,0,systemd-journal,ip-10-100-1-186,257,openat,4,-2,"[{'name': 'dirfd', 'type': 'int', 'value': -100}, {'name': 'pathname', 'type': 'const char*', 'value': '/run/log/journal/cd4bbb49080545c3aed82cc00b5f152b/system.journal'}, {'name': 'flags', 'type': 'unsigned int', 'value': 'O_RDWR|O_NONBLOCK|O_CLOEXEC'}, {'name': 'mode', 'type': 'int', 'value': 154005284}]",0,0
16022.465262,159,1,0,systemd-journal,ip-10-100-1-186,1003,cap_capable,1,0,"[{'name': 'cap', 'type': 'int', 'value': 'CAP_SYS_ADMIN'}]",0,0
16022.465392,159,1,0,systemd-journal,ip-10-100-1-186,257,openat,4,-2,"[{'name': 'dirfd', 'type': 'int', 'value': -100}, {'name': 'pathname', 'type': 'const char*', 'value': '/run/log/journal/cd4bbb49080545c3aed82cc00b5f152b/system.journal'}, {'name': 'flags', 'type': 'unsigned int', 'value': 'O_RDWR|O_NONBLOCK|O_CLOEXEC'}, {'name': 'mode', 'type': 'int', 'value': 154005284}]",0,0
16022.465471,159,1,0,systemd-journal,ip-10-100-1-186,1003,cap_capable,1,0,"[{'name': 'cap', 'type': 'int', 'value': 'CAP_SYS_ADMIN'}]",0,0
16022.465534,159,1,0,systemd-journal,ip-10-100-1-186,257,openat,4,-2,"[{'name': 'dirfd', 'type': 'int', 'value': -100}, {'name': 'pathname', 'type': 'const char*', 'value': '/run/log/journal/cd4bbb49080545c3aed82cc00b5f152b/system.journal'}, {'name': 'flags', 'type': 'unsigned int', 'value': 'O_RDWR|O_NONBLOCK|O_CLOEXEC'}, {'name': 'mode', 'type': 'int', 'value': 154005284}]",0,0
16022.465609,159,1,0,systemd-journal,ip-10-100-1-186,1003,cap_capable,1,0,"[{'name': 'cap', 'type': 'int', 'value': 'CAP_SYS_ADMIN'}]",0,0
16022.465706,159,1,0,systemd-journal,ip-10-100-1-186,257,openat,4,-2,"[{'name': 'dirfd', 'type': 'int', 'value': -100}, {'name': 'pathname', 'type': 'const char*', 'value': '/run/log/journal/cd4bbb49080545c3aed82cc00b5f152b/system.journal'}, {'name': 'flags', 'type': 'unsigned int', 'value': 'O_RDWR|O_NONBLOCK|O_CLOEXEC'}, {'name': 'mode', 'type': 'int', 'value': 154005284}]",0,0
16022.465776,159,1,0,systemd-journal,ip-10-100-1-186,1003,cap_capable,1,0,"[{'name': 'cap', 'type': 'int', 'value': 'CAP_SYS_ADMIN'}]",0,0
16022.465892,159,1,0,systemd-journal,ip-10-100-1-186,1003,cap_capable,1,0,"[{'name': 'cap', 'type': 'int', 'value': 'CAP_SYS_ADMIN'}]",0,0
16022.465827,159,1,0,systemd-journal,ip-10-100-1-186,257,openat,4,-2,"[{'name': 'dirfd', 'type': 'int', 'value': -100}, {'name': 'pathname', 'type': 'const char*', 'value': '/run/log/journal/cd4bbb49080545c3aed82cc00b5f152b/system.journal'}, {'name': 'flags', 'type': 'unsigned int', 'value': 'O_RDWR|O_NONBLOCK|O_CLOEXEC'}, {'name': 'mode', 'type': 'int', 'value': 154005284}]",0,0
16022.465941,159,1,0,systemd-journal,ip-10-100-1-186,257,openat,4,-2,"[{'name': 'dirfd', 'type': 'int', 'value': -100}, {'name': 'pathname', 'type': 'const char*', 'value': '/run/log/journal/cd4bbb49080545c3aed82cc00b5f152b/system.journal'}, {'name': 'flags', 'type': 'unsigned int', 'value': 'O_RDWR|O_NONBLOCK|O_CLOEXEC'}, {'name': 'mode', 'type': 'int', 'value': 154005284}]",0,0
16022.466006,159,1,0,systemd-journal,ip-10-100-1-186,1003,cap_capable,1,0,"[{'name': 'cap', 'type': 'int', 'value': 'CAP_SYS_ADMIN'}]",0,0
16022.466054,159,1,0,systemd-journal,ip-10-100-1-186,257,openat,4,-2,"[{'name': 'dirfd', 'type': 'int', 'value': -100}, {'name': 'pathname', 'type': 'const char*', 'value': '/run/log/journal/cd4bbb49080545c3aed82cc00b5f152b/system.journal'}, {'name': 'flags', 'type': 'unsigned int', 'value': 'O_RDWR|O_NONBLOCK|O_CLOEXEC'}, {'name': 'mode', 'type': 'int', 'value': 154005284}]",0,0
16022.466142,159,1,0,systemd-journal,ip-10-100-1-186,1003,cap_capable,1,0,"[{'name': 'cap', 'type': 'int', 'value': 'CAP_SYS_ADMIN'}]",0,0
16022.466194,159,1,0,systemd-journal,ip-10-100-1-186,257,openat,4,-2,"[{'name': 'dirfd', 'type': 'int', 'value': -100}, {'name': 'pathname', 'type': 'const char*', 'value': '/run/log/journal/cd4bbb49080545c3aed82cc00b5f152b/system.journal'}, {'name': 'flags', 'type': 'unsigned int', 'value': 'O_RDWR|O_NONBLOCK|O_CLOEXEC'}, {'name': 'mode', 'type': 'int', 'value': 154005284}]",0,0
16022.466259,159,1,0,systemd-journal,ip-10-100-1-186,1003,cap_capable,1,0,"[{'name': 'cap', 'type': 'int', 'value': 'CAP_SYS_ADMIN'}]",0,0
16022.466308,159,1,0,systemd-journal,ip-10-100-1-186,257,openat,4,-2,"[{'name': 'dirfd', 'type': 'int', 'value': -100}, {'name': 'pathname', 'type': 'const char*', 'value': '/run/log/journal/cd4bbb49080545c3aed82cc00b5f152b/system.journal'}, {'name': 'flags', 'type': 'unsigned int', 'value': 'O_RDWR|O_NONBLOCK|O_CLOEXEC'}, {'name': 'mode', 'type': 'int', 'value': 154005284}]",0,0
16022.466378,159,1,0,systemd-journal,ip-10-100-1-186,1003,cap_capable,1,0,"[{'name': 'cap', 'type': 'int', 'value': 'CAP_SYS_ADMIN'}]",0,0
16022.466428,159,1,0,systemd-journal,ip-10-100-1-186,257,openat,4,-2,"[{'name': 'dirfd', 'type': 'int', 'value': -100}, {'name': 'pathname', 'type': 'const char*', 'value': '/run/log/journal/cd4bbb49080545c3aed82cc00b5f152b/system.journal'}, {'name': 'flags', 'type': 'unsigned int', 'value': 'O_RDWR|O_NONBLOCK|O_CLOEXEC'}, {'name': 'mode', 'type': 'int', 'value': 154005284}]",0,0
16022.466492,159,1,0,systemd-journal,ip-10-100-1-186,1003,cap_capable,1,0,"[{'name': 'cap', 'type': 'int', 'value': 'CAP_SYS_ADMIN'}]",0,0
16022.466541,159,1,0,systemd-journal,ip-10-100-1-186,257,openat,4,-2,"[{'name': 'dirfd', 'type': 'int', 'value': -100}, {'name': 'pathname', 'type': 'const char*', 'value': '/run/log/journal/cd4bbb49080545c3aed82cc00b5f152b/system.journal'}, {'name': 'flags', 'type': 'unsigned int', 'value': 'O_RDWR|O_NONBLOCK|O_CLOEXEC'}, {'name': 'mode', 'type': 'int', 'value': 154005284}]",0,0
16022.466605,159,1,0,systemd-journal,ip-10-100-1-186,1003,cap_capable,1,0,"[{'name': 'cap', 'type': 'int', 'value': 'CAP_SYS_ADMIN'}]",0,0
16022.466653,159,1,0,systemd-journal,ip-10-100-1-186,257,openat,4,-2,"[{'name': 'dirfd', 'type': 'int', 'value': -100}, {'name': 'pathname', 'type': 'const char*', 'value': '/run/log/journal/cd4bbb49080545c3aed82cc00b5f152b/system.journal'}, {'name': 'flags', 'type': 'unsigned int', 'value': 'O_RDWR|O_NONBLOCK|O_CLOEXEC'}, {'name': 'mode', 'type': 'int', 'value': 154005284}]",0,0
16022.466717,159,1,0,systemd-journal,ip-10-100-1-186,1003,cap_capable,1,0,"[{'name': 'cap', 'type': 'int', 'value': 'CAP_SYS_ADMIN'}]",0,0
16022.466776,159,1,0,systemd-journal,ip-10-100-1-186,257,openat,4,-2,"[{'name': 'dirfd', 'type': 'int', 'value': -100}, {'name': 'pathname', 'type': 'const char*', 'value': '/run/log/journal/cd4bbb49080545c3aed82cc00b5f152b/system.journal'}, {'name': 'flags', 'type': 'unsigned int', 'value': 'O_RDWR|O_NONBLOCK|O_CLOEXEC'}, {'name': 'mode', 'type': 'int', 'value': 154005284}]",0,0
16022.467688,159,1,0,systemd-journal,ip-10-100-1-186,1003,cap_capable,1,0,"[{'name': 'cap', 'type': 'int', 'value': 'CAP_SYS_ADMIN'}]",0,0
16022.467776,159,1,0,systemd-journal,ip-10-100-1-186,257,openat,4,-2,"[{'name': 'dirfd', 'type': 'int', 'value': -100}, {'name': 'pathname', 'type': 'const char*', 'value': '/run/log/journal/cd4bbb49080545c3aed82cc00b5f152b/system.journal'}, {'name': 'flags', 'type': 'unsigned int', 'value': 'O_RDWR|O_NONBLOCK|O_CLOEXEC'}, {'name': 'mode', 'type': 'int', 'value': 154005284}]",0,0
16022.467873,159,1,0,systemd-journal,ip-10-100-1-186,1003,cap_capable,1,0,"[{'name': 'cap', 'type': 'int', 'value': 'CAP_SYS_ADMIN'}]",0,0
16022.468044,506,1,104,rs:main Q:Reg,ip-10-100-1-186,62,kill,2,0,"[{'name': 'pid', 'type': 'pid_t', 'value': 506}, {'name': 'sig', 'type': 'int', 'value': 22}]",0,0
16022.468199,506,1,104,rs:main Q:Reg,ip-10-100-1-186,62,kill,2,0,"[{'name': 'pid', 'type': 'pid_t', 'value': 506}, {'name': 'sig', 'type': 'int', 'value': 22}]",0,0
16022.468328,506,1,104,rs:main Q:Reg,ip-10-100-1-186,1003,cap_capable,1,0,"[{'name': 'cap', 'type': 'int', 'value': 'CAP_SYS_RESOURCE'}]",0,0
16022.468361,506,1,104,rs:main Q:Reg,ip-10-100-1-186,1003,cap_capable,1,0,"[{'name': 'cap', 'type': 'int', 'value': 'CAP_SYS_RESOURCE'}]",0,0
16022.476191,159,1,0,systemd-journal,ip-10-100-1-186,257,openat,4,-2,"[{'name': 'dirfd', 'type': 'int', 'value': -100}, {'name': 'pathname', 'type': 'const char*', 'value': '/run/log/journal/cd4bbb49080545c3aed82cc00b5f152b/system.journal'}, {'name': 'flags', 'type': 'unsigned int', 'value': 'O_RDWR|O_NONBLOCK|O_CLOEXEC'}, {'name': 'mode', 'type': 'int', 'value': 154005284}]",0,0
16022.476297,159,1,0,systemd-journal,ip-10-100-1-186,1003,cap_capable,1,0,"[{'name': 'cap', 'type': 'int', 'value': 'CAP_SYS_ADMIN'}]",0,0
16022.476355,159,1,0,systemd-journal,ip-10-100-1-186,257,openat,4,-2,"[{'name': 'dirfd', 'type': 'int', 'value': -100}, {'name': 'pathname', 'type': 'const char*', 'value': '/run/log/journal/cd4bbb49080545c3aed82cc00b5f152b/system.journal'}, {'name': 'flags', 'type': 'unsigned int', 'value': 'O_RDWR|O_NONBLOCK|O_CLOEXEC'}, {'name': 'mode', 'type': 'int', 'value': 154005284}]",0,0
16022.476434,159,1,0,systemd-journal,ip-10-100-1-186,1003,cap_capable,1,0,"[{'name': 'cap', 'type': 'int', 'value': 'CAP_SYS_ADMIN'}]",0,0
16022.47648,159,1,0,systemd-journal,ip-10-100-1-186,257,openat,4,-2,"[{'name': 'dirfd', 'type': 'int', 'value': -100}, {'name': 'pathname', 'type': 'const char*', 'value': '/run/log/journal/cd4bbb49080545c3aed82cc00b5f152b/system.journal'}, {'name': 'flags', 'type': 'unsigned int', 'value': 'O_RDWR|O_NONBLOCK|O_CLOEXEC'}, {'name': 'mode', 'type': 'int', 'value': 154005284}]",0,0
16022.476567,159,1,0,systemd-journal,ip-10-100-1-186,1003,cap_capable,1,0,"[{'name': 'cap', 'type': 'int', 'value': 'CAP_SYS_ADMIN'}]",0,0
16022.476616,159,1,0,systemd-journal,ip-10-100-1-186,257,openat,4,-2,"[{'name': 'dirfd', 'type': 'int', 'value': -100}, {'name': 'pathname', 'type': 'const char*', 'value': '/run/log/journal/cd4bbb49080545c3aed82cc00b5f152b/system.journal'}, {'name': 'flags', 'type': 'unsigned int', 'value': 'O_RDWR|O_NONBLOCK|O_CLOEXEC'}, {'name': 'mode', 'type': 'int', 'value': 154005284}]",0,0
16022.476681,159,1,0,systemd-journal,ip-10-100-1-186,1003,cap_capable,1,0,"[{'name': 'cap', 'type': 'int', 'value': 'CAP_SYS_ADMIN'}]",0,0
16022.476764,159,1,0,systemd-journal,ip-10-100-1-186,257,openat,4,-2,"[{'name': 'dirfd', 'type': 'int', 'value': -100}, {'name': 'pathname', 'type': 'const char*', 'value': '/run/log/journal/cd4bbb49080545c3aed82cc00b5f152b/system.journal'}, {'name': 'flags', 'type': 'unsigned int', 'value': 'O_RDWR|O_NONBLOCK|O_CLOEXEC'}, {'name': 'mode', 'type': 'int', 'value': 154005284}]",0,0
16022.476844,159,1,0,systemd-journal,ip-10-100-1-186,1003,cap_capable,1,0,"[{'name': 'cap', 'type': 'int', 'value': 'CAP_SYS_ADMIN'}]",0,0
16022.476976,159,1,0,systemd-journal,ip-10-100-1-186,257,openat,4,-2,"[{'name': 'dirfd', 'type': 'int', 'value': -100}, {'name': 'pathname', 'type': 'const char*', 'value': '/run/log/journal/cd4bbb49080545c3aed82cc00b5f152b/system.journal'}, {'name': 'flags', 'type': 'unsigned int', 'value': 'O_RDWR|O_NONBLOCK|O_CLOEXEC'}, {'name': 'mode', 'type': 'int', 'value': 154005284}]",0,0
16022.477129,159,1,0,systemd-journal,ip-10-100-1-186,257,openat,4,-2,"[{'name': 'dirfd', 'type': 'int', 'value': -100}, {'name': 'pathname', 'type': 'const char*', 'value': '/run/log/journal/cd4bbb49080545c3aed82cc00b5f152b/system.journal'}, {'name': 'flags', 'type': 'unsigned int', 'value': 'O_RDWR|O_NONBLOCK|O_CLOEXEC'}, {'name': 'mode', 'type': 'int', 'value': 154005284}]",0,0
16022.4772,159,1,0,systemd-journal,ip-10-100-1-186,1003,cap_capable,1,0,"[{'name': 'cap', 'type': 'int', 'value': 'CAP_SYS_ADMIN'}]",0,0
16022.47706,159,1,0,systemd-journal,ip-10-100-1-186,1003,cap_capable,1,0,"[{'name': 'cap', 'type': 'int', 'value': 'CAP_SYS_ADMIN'}]",0,0
16022.47725,159,1,0,systemd-journal,ip-10-100-1-186,257,openat,4,-2,"[{'name': 'dirfd', 'type': 'int', 'value': -100}, {'name': 'pathname', 'type': 'const char*', 'value': '/run/log/journal/cd4bbb49080545c3aed82cc00b5f152b/system.journal'}, {'name': 'flags', 'type': 'unsigned int', 'value': 'O_RDWR|O_NONBLOCK|O_CLOEXEC'}, {'name': 'mode', 'type': 'int', 'value': 154005284}]",0,0
16022.477397,159,1,0,systemd-journal,ip-10-100-1-186,1003,cap_capable,1,0,"[{'name': 'cap', 'type': 'int', 'value': 'CAP_SYS_ADMIN'}]",0,0
16022.477455,159,1,0,systemd-journal,ip-10-100-1-186,257,openat,4,-2,"[{'name': 'dirfd', 'type': 'int', 'value': -100}, {'name': 'pathname', 'type': 'const char*', 'value': '/run/log/journal/cd4bbb49080545c3aed82cc00b5f152b/system.journal'}, {'name': 'flags', 'type': 'unsigned int', 'value': 'O_RDWR|O_NONBLOCK|O_CLOEXEC'}, {'name': 'mode', 'type': 'int', 'value': 154005284}]",0,0
16022.477531,159,1,0,systemd-journal,ip-10-100-1-186,1003,cap_capable,1,0,"[{'name': 'cap', 'type': 'int', 'value': 'CAP_SYS_ADMIN'}]",0,0
16022.477583,159,1,0,systemd-journal,ip-10-100-1-186,257,openat,4,-2,"[{'name': 'dirfd', 'type': 'int', 'value': -100}, {'name': 'pathname', 'type': 'const char*', 'value': '/run/log/journal/cd4bbb49080545c3aed82cc00b5f152b/system.journal'}, {'name': 'flags', 'type': 'unsigned int', 'value': 'O_RDWR|O_NONBLOCK|O_CLOEXEC'}, {'name': 'mode', 'type': 'int', 'value': 154005284}]",0,0
16022.477649,159,1,0,systemd-journal,ip-10-100-1-186,1003,cap_capable,1,0,"[{'name': 'cap', 'type': 'int', 'value': 'CAP_SYS_ADMIN'}]",0,0
16022.477698,159,1,0,systemd-journal,ip-10-100-1-186,257,openat,4,-2,"[{'name': 'dirfd', 'type': 'int', 'value': -100}, {'name': 'pathname', 'type': 'const char*', 'value': '/run/log/journal/cd4bbb49080545c3aed82cc00b5f152b/system.journal'}, {'name': 'flags', 'type': 'unsigned int', 'value': 'O_RDWR|O_NONBLOCK|O_CLOEXEC'}, {'name': 'mode', 'type': 'int', 'value': 154005284}]",0,0
16022.477762,159,1,0,systemd-journal,ip-10-100-1-186,1003,cap_capable,1,0,"[{'name': 'cap', 'type': 'int', 'value': 'CAP_SYS_ADMIN'}]",0,0
16022.477811,159,1,0,systemd-journal,ip-10-100-1-186,257,openat,4,-2,"[{'name': 'dirfd', 'type': 'int', 'value': -100}, {'name': 'pathname', 'type': 'const char*', 'value': '/run/log/journal/cd4bbb49080545c3aed82cc00b5f152b/system.journal'}, {'name': 'flags', 'type': 'unsigned int', 'value': 'O_RDWR|O_NONBLOCK|O_CLOEXEC'}, {'name': 'mode', 'type': 'int', 'value': 154005284}]",0,0
16022.477875,159,1,0,systemd-journal,ip-10-100-1-186,1003,cap_capable,1,0,"[{'name': 'cap', 'type': 'int', 'value': 'CAP_SYS_ADMIN'}]",0,0
16022.477935,159,1,0,systemd-journal,ip-10-100-1-186,257,openat,4,-2,"[{'name': 'dirfd', 'type': 'int', 'value': -100}, {'name': 'pathname', 'type': 'const char*', 'value': '/run/log/journal/cd4bbb49080545c3aed82cc00b5f152b/system.journal'}, {'name': 'flags', 'type': 'unsigned int', 'value': 'O_RDWR|O_NONBLOCK|O_CLOEXEC'}, {'name': 'mode', 'type': 'int', 'value': 154005284}]",0,0
16022.477999,159,1,0,systemd-journal,ip-10-100-1-186,1003,cap_capable,1,0,"[{'name': 'cap', 'type': 'int', 'value': 'CAP_SYS_ADMIN'}]",0,0
16022.478118,159,1,0,systemd-journal,ip-10-100-1-186,257,openat,4,-2,"[{'name': 'dirfd', 'type': 'int', 'value': -100}, {'name': 'pathname', 'type': 'const char*', 'value': '/run/log/journal/cd4bbb49080545c3aed82cc00b5f152b/system.journal'}, {'name': 'flags', 'type': 'unsigned int', 'value': 'O_RDWR|O_NONBLOCK|O_CLOEXEC'}, {'name': 'mode', 'type': 'int', 'value': 154005284}]",0,0
16022.485532,159,1,0,systemd-journal,ip-10-100-1-186,257,openat,4,-2,"[{'name': 'dirfd', 'type': 'int', 'value': -100}, {'name': 'pathname', 'type': 'const char*', 'value': '/run/log/journal/cd4bbb49080545c3aed82cc00b5f152b/system.journal'}, {'name': 'flags', 'type': 'unsigned int', 'value': 'O_RDWR|O_NONBLOCK|O_CLOEXEC'}, {'name': 'mode', 'type': 'int', 'value': 154005284}]",0,0
16022.478191,159,1,0,systemd-journal,ip-10-100-1-186,1003,cap_capable,1,0,"[{'name': 'cap', 'type': 'int', 'value': 'CAP_SYS_ADMIN'}]",0,0
16022.485651,159,1,0,systemd-journal,ip-10-100-1-186,1003,cap_capable,1,0,"[{'name': 'cap', 'type': 'int', 'value': 'CAP_SYS_ADMIN'}]",0,0
16022.485777,159,1,0,systemd-journal,ip-10-100-1-186,1003,cap_capable,1,0,"[{'name': 'cap', 'type': 'int', 'value': 'CAP_SYS_ADMIN'}]",0,0
16022.485707,159,1,0,systemd-journal,ip-10-100-1-186,257,openat,4,-2,"[{'name': 'dirfd', 'type': 'int', 'value': -100}, {'name': 'pathname', 'type': 'const char*', 'value': '/run/log/journal/cd4bbb49080545c3aed82cc00b5f152b/system.journal'}, {'name': 'flags', 'type': 'unsigned int', 'value': 'O_RDWR|O_NONBLOCK|O_CLOEXEC'}, {'name': 'mode', 'type': 'int', 'value': 154005284}]",0,0
16022.485828,159,1,0,systemd-journal,ip-10-100-1-186,257,openat,4,-2,"[{'name': 'dirfd', 'type': 'int', 'value': -100}, {'name': 'pathname', 'type': 'const char*', 'value': '/run/log/journal/cd4bbb49080545c3aed82cc00b5f152b/system.journal'}, {'name': 'flags', 'type': 'unsigned int', 'value': 'O_RDWR|O_NONBLOCK|O_CLOEXEC'}, {'name': 'mode', 'type': 'int', 'value': 154005284}]",0,0
16022.485892,159,1,0,systemd-journal,ip-10-100-1-186,1003,cap_capable,1,0,"[{'name': 'cap', 'type': 'int', 'value': 'CAP_SYS_ADMIN'}]",0,0
16022.485942,159,1,0,systemd-journal,ip-10-100-1-186,257,openat,4,-2,"[{'name': 'dirfd', 'type': 'int', 'value': -100}, {'name': 'pathname', 'type': 'const char*', 'value': '/run/log/journal/cd4bbb49080545c3aed82cc00b5f152b/system.journal'}, {'name': 'flags', 'type': 'unsigned int', 'value': 'O_RDWR|O_NONBLOCK|O_CLOEXEC'}, {'name': 'mode', 'type': 'int', 'value': 154005284}]",0,0
16022.486018,159,1,0,systemd-journal,ip-10-100-1-186,1003,cap_capable,1,0,"[{'name': 'cap', 'type': 'int', 'value': 'CAP_SYS_ADMIN'}]",0,0
16022.486142,159,1,0,systemd-journal,ip-10-100-1-186,1003,cap_capable,1,0,"[{'name': 'cap', 'type': 'int', 'value': 'CAP_SYS_ADMIN'}]",0,0
16022.486066,159,1,0,systemd-journal,ip-10-100-1-186,257,openat,4,-2,"[{'name': 'dirfd', 'type': 'int', 'value': -100}, {'name': 'pathname', 'type': 'const char*', 'value': '/run/log/journal/cd4bbb49080545c3aed82cc00b5f152b/system.journal'}, {'name': 'flags', 'type': 'unsigned int', 'value': 'O_RDWR|O_NONBLOCK|O_CLOEXEC'}, {'name': 'mode', 'type': 'int', 'value': 154005284}]",0,0
16022.486191,159,1,0,systemd-journal,ip-10-100-1-186,257,openat,4,-2,"[{'name': 'dirfd', 'type': 'int', 'value': -100}, {'name': 'pathname', 'type': 'const char*', 'value': '/run/log/journal/cd4bbb49080545c3aed82cc00b5f152b/system.journal'}, {'name': 'flags', 'type': 'unsigned int', 'value': 'O_RDWR|O_NONBLOCK|O_CLOEXEC'}, {'name': 'mode', 'type': 'int', 'value': 154005284}]",0,0
16022.486345,159,1,0,systemd-journal,ip-10-100-1-186,1003,cap_capable,1,0,"[{'name': 'cap', 'type': 'int', 'value': 'CAP_SYS_ADMIN'}]",0,0
16022.486402,159,1,0,systemd-journal,ip-10-100-1-186,257,openat,4,-2,"[{'name': 'dirfd', 'type': 'int', 'value': -100}, {'name': 'pathname', 'type': 'const char*', 'value': '/run/log/journal/cd4bbb49080545c3aed82cc00b5f152b/system.journal'}, {'name': 'flags', 'type': 'unsigned int', 'value': 'O_RDWR|O_NONBLOCK|O_CLOEXEC'}, {'name': 'mode', 'type': 'int', 'value': 154005284}]",0,0
16022.486499,159,1,0,systemd-journal,ip-10-100-1-186,1003,cap_capable,1,0,"[{'name': 'cap', 'type': 'int', 'value': 'CAP_SYS_ADMIN'}]",0,0
16022.486552,159,1,0,systemd-journal,ip-10-100-1-186,257,openat,4,-2,"[{'name': 'dirfd', 'type': 'int', 'value': -100}, {'name': 'pathname', 'type': 'const char*', 'value': '/run/log/journal/cd4bbb49080545c3aed82cc00b5f152b/system.journal'}, {'name': 'flags', 'type': 'unsigned int', 'value': 'O_RDWR|O_NONBLOCK|O_CLOEXEC'}, {'name': 'mode', 'type': 'int', 'value': 154005284}]",0,0
16022.486664,159,1,0,systemd-journal,ip-10-100-1-186,1003,cap_capable,1,0,"[{'name': 'cap', 'type': 'int', 'value': 'CAP_SYS_ADMIN'}]",0,0
16022.486715,159,1,0,systemd-journal,ip-10-100-1-186,257,openat,4,-2,"[{'name': 'dirfd', 'type': 'int', 'value': -100}, {'name': 'pathname', 'type': 'const char*', 'value': '/run/log/journal/cd4bbb49080545c3aed82cc00b5f152b/system.journal'}, {'name': 'flags', 'type': 'unsigned int', 'value': 'O_RDWR|O_NONBLOCK|O_CLOEXEC'}, {'name': 'mode', 'type': 'int', 'value': 154005284}]",0,0
16022.486794,159,1,0,systemd-journal,ip-10-100-1-186,1003,cap_capable,1,0,"[{'name': 'cap', 'type': 'int', 'value': 'CAP_SYS_ADMIN'}]",0,0
16022.486843,159,1,0,systemd-journal,ip-10-100-1-186,257,openat,4,-2,"[{'name': 'dirfd', 'type': 'int', 'value': -100}, {'name': 'pathname', 'type': 'const char*', 'value': '/run/log/journal/cd4bbb49080545c3aed82cc00b5f152b/system.journal'}, {'name': 'flags', 'type': 'unsigned int', 'value': 'O_RDWR|O_NONBLOCK|O_CLOEXEC'}, {'name': 'mode', 'type': 'int', 'value': 154005284}]",0,0
16022.486908,159,1,0,systemd-journal,ip-10-100-1-186,1003,cap_capable,1,0,"[{'name': 'cap', 'type': 'int', 'value': 'CAP_SYS_ADMIN'}]",0,0
16022.486957,159,1,0,systemd-journal,ip-10-100-1-186,257,openat,4,-2,"[{'name': 'dirfd', 'type': 'int', 'value': -100}, {'name': 'pathname', 'type': 'const char*', 'value': '/run/log/journal/cd4bbb49080545c3aed82cc00b5f152b/system.journal'}, {'name': 'flags', 'type': 'unsigned int', 'value': 'O_RDWR|O_NONBLOCK|O_CLOEXEC'}, {'name': 'mode', 'type': 'int', 'value': 154005284}]",0,0
16022.487137,159,1,0,systemd-journal,ip-10-100-1-186,1003,cap_capable,1,0,"[{'name': 'cap', 'type': 'int', 'value': 'CAP_SYS_ADMIN'}]",0,0
16022.487186,159,1,0,systemd-journal,ip-10-100-1-186,257,openat,4,-2,"[{'name': 'dirfd', 'type': 'int', 'value': -100}, {'name': 'pathname', 'type': 'const char*', 'value': '/run/log/journal/cd4bbb49080545c3aed82cc00b5f152b/system.journal'}, {'name': 'flags', 'type': 'unsigned int', 'value': 'O_RDWR|O_NONBLOCK|O_CLOEXEC'}, {'name': 'mode', 'type': 'int', 'value': 154005284}]",0,0
16022.487021,159,1,0,systemd-journal,ip-10-100-1-186,1003,cap_capable,1,0,"[{'name': 'cap', 'type': 'int', 'value': 'CAP_SYS_ADMIN'}]",0,0
16022.48707,159,1,0,systemd-journal,ip-10-100-1-186,257,openat,4,-2,"[{'name': 'dirfd', 'type': 'int', 'value': -100}, {'name': 'pathname', 'type': 'const char*', 'value': '/run/log/journal/cd4bbb49080545c3aed82cc00b5f152b/system.journal'}, {'name': 'flags', 'type': 'unsigned int', 'value': 'O_RDWR|O_NONBLOCK|O_CLOEXEC'}, {'name': 'mode', 'type': 'int', 'value': 154005284}]",0,0
16022.48725,159,1,0,systemd-journal,ip-10-100-1-186,1003,cap_capable,1,0,"[{'name': 'cap', 'type': 'int', 'value': 'CAP_SYS_ADMIN'}]",0,0
16022.487299,159,1,0,systemd-journal,ip-10-100-1-186,257,openat,4,-2,"[{'name': 'dirfd', 'type': 'int', 'value': -100}, {'name': 'pathname', 'type': 'const char*', 'value': '/run/log/journal/cd4bbb49080545c3aed82cc00b5f152b/system.journal'}, {'name': 'flags', 'type': 'unsigned int', 'value': 'O_RDWR|O_NONBLOCK|O_CLOEXEC'}, {'name': 'mode', 'type': 'int', 'value': 154005284}]",0,0
16022.487363,159,1,0,systemd-journal,ip-10-100-1-186,1003,cap_capable,1,0,"[{'name': 'cap', 'type': 'int', 'value': 'CAP_SYS_ADMIN'}]",0,0
16022.487412,159,1,0,systemd-journal,ip-10-100-1-186,257,openat,4,-2,"[{'name': 'dirfd', 'type': 'int', 'value': -100}, {'name': 'pathname', 'type': 'const char*', 'value': '/run/log/journal/cd4bbb49080545c3aed82cc00b5f152b/system.journal'}, {'name': 'flags', 'type': 'unsigned int', 'value': 'O_RDWR|O_NONBLOCK|O_CLOEXEC'}, {'name': 'mode', 'type': 'int', 'value': 154005284}]",0,0
16022.487554,159,1,0,systemd-journal,ip-10-100-1-186,1003,cap_capable,1,0,"[{'name': 'cap', 'type': 'int', 'value': 'CAP_SETUID'}]",0,0
16022.487531,159,1,0,systemd-journal,ip-10-100-1-186,1003,cap_capable,1,0,"[{'name': 'cap', 'type': 'int', 'value': 'CAP_SYS_ADMIN'}]",0,0
16022.487583,159,1,0,systemd-journal,ip-10-100-1-186,1003,cap_capable,1,0,"[{'name': 'cap', 'type': 'int', 'value': 'CAP_SETGID'}]",0,0
16022.487694,159,1,0,systemd-journal,ip-10-100-1-186,257,openat,4,-2,"[{'name': 'dirfd', 'type': 'int', 'value': -100}, {'name': 'pathname', 'type': 'const char*', 'value': '/run/log/journal/cd4bbb49080545c3aed82cc00b5f152b/system.journal'}, {'name': 'flags', 'type': 'unsigned int', 'value': 'O_RDWR|O_NONBLOCK|O_CLOEXEC'}, {'name': 'mode', 'type': 'int', 'value': 154005284}]",0,0
16022.487887,159,1,0,systemd-journal,ip-10-100-1-186,1003,cap_capable,1,0,"[{'name': 'cap', 'type': 'int', 'value': 'CAP_SYS_ADMIN'}]",0,0
16022.487943,159,1,0,systemd-journal,ip-10-100-1-186,257,openat,4,-2,"[{'name': 'dirfd', 'type': 'int', 'value': -100}, {'name': 'pathname', 'type': 'const char*', 'value': '/run/log/journal/cd4bbb49080545c3aed82cc00b5f152b/system.journal'}, {'name': 'flags', 'type': 'unsigned int', 'value': 'O_RDWR|O_NONBLOCK|O_CLOEXEC'}, {'name': 'mode', 'type': 'int', 'value': 154005284}]",0,0
16022.488071,159,1,0,systemd-journal,ip-10-100-1-186,1003,cap_capable,1,0,"[{'name': 'cap', 'type': 'int', 'value': 'CAP_SYS_ADMIN'}]",0,0
16022.488122,159,1,0,systemd-journal,ip-10-100-1-186,257,openat,4,-2,"[{'name': 'dirfd', 'type': 'int', 'value': -100}, {'name': 'pathname', 'type': 'const char*', 'value': '/run/log/journal/cd4bbb49080545c3aed82cc00b5f152b/system.journal'}, {'name': 'flags', 'type': 'unsigned int', 'value': 'O_RDWR|O_NONBLOCK|O_CLOEXEC'}, {'name': 'mode', 'type': 'int', 'value': 154005284}]",0,0
16022.488188,159,1,0,systemd-journal,ip-10-100-1-186,1003,cap_capable,1,0,"[{'name': 'cap', 'type': 'int', 'value': 'CAP_SYS_ADMIN'}]",0,0
16022.488236,159,1,0,systemd-journal,ip-10-100-1-186,257,openat,4,-2,"[{'name': 'dirfd', 'type': 'int', 'value': -100}, {'name': 'pathname', 'type': 'const char*', 'value': '/run/log/journal/cd4bbb49080545c3aed82cc00b5f152b/system.journal'}, {'name': 'flags', 'type': 'unsigned int', 'value': 'O_RDWR|O_NONBLOCK|O_CLOEXEC'}, {'name': 'mode', 'type': 'int', 'value': 154005284}]",0,0
16022.488305,159,1,0,systemd-journal,ip-10-100-1-186,1003,cap_capable,1,0,"[{'name': 'cap', 'type': 'int', 'value': 'CAP_SYS_ADMIN'}]",0,0
16022.488355,159,1,0,systemd-journal,ip-10-100-1-186,257,openat,4,-2,"[{'name': 'dirfd', 'type': 'int', 'value': -100}, {'name': 'pathname', 'type': 'const char*', 'value': '/run/log/journal/cd4bbb49080545c3aed82cc00b5f152b/system.journal'}, {'name': 'flags', 'type': 'unsigned int', 'value': 'O_RDWR|O_NONBLOCK|O_CLOEXEC'}, {'name': 'mode', 'type': 'int', 'value': 154005284}]",0,0
16022.488418,159,1,0,systemd-journal,ip-10-100-1-186,1003,cap_capable,1,0,"[{'name': 'cap', 'type': 'int', 'value': 'CAP_SYS_ADMIN'}]",0,0
16022.488465,159,1,0,systemd-journal,ip-10-100-1-186,257,openat,4,-2,"[{'name': 'dirfd', 'type': 'int', 'value': -100}, {'name': 'pathname', 'type': 'const char*', 'value': '/run/log/journal/cd4bbb49080545c3aed82cc00b5f152b/system.journal'}, {'name': 'flags', 'type': 'unsigned int', 'value': 'O_RDWR|O_NONBLOCK|O_CLOEXEC'}, {'name': 'mode', 'type': 'int', 'value': 154005284}]",0,0
16022.488531,159,1,0,systemd-journal,ip-10-100-1-186,1003,cap_capable,1,0,"[{'name': 'cap', 'type': 'int', 'value': 'CAP_SYS_ADMIN'}]",0,0
16022.488579,159,1,0,systemd-journal,ip-10-100-1-186,257,openat,4,-2,"[{'name': 'dirfd', 'type': 'int', 'value': -100}, {'name': 'pathname', 'type': 'const char*', 'value': '/run/log/journal/cd4bbb49080545c3aed82cc00b5f152b/system.journal'}, {'name': 'flags', 'type': 'unsigned int', 'value': 'O_RDWR|O_NONBLOCK|O_CLOEXEC'}, {'name': 'mode', 'type': 'int', 'value': 154005284}]",0,0
16022.488641,159,1,0,systemd-journal,ip-10-100-1-186,1003,cap_capable,1,0,"[{'name': 'cap', 'type': 'int', 'value': 'CAP_SYS_ADMIN'}]",0,0
16022.488689,159,1,0,systemd-journal,ip-10-100-1-186,257,openat,4,-2,"[{'name': 'dirfd', 'type': 'int', 'value': -100}, {'name': 'pathname', 'type': 'const char*', 'value': '/run/log/journal/cd4bbb49080545c3aed82cc00b5f152b/system.journal'}, {'name': 'flags', 'type': 'unsigned int', 'value': 'O_RDWR|O_NONBLOCK|O_CLOEXEC'}, {'name': 'mode', 'type': 'int', 'value': 154005284}]",0,0
16022.488855,159,1,0,systemd-journal,ip-10-100-1-186,1003,cap_capable,1,0,"[{'name': 'cap', 'type': 'int', 'value': 'CAP_SYS_ADMIN'}]",0,0
16022.488952,159,1,0,systemd-journal,ip-10-100-1-186,257,openat,4,-2,"[{'name': 'dirfd', 'type': 'int', 'value': -100}, {'name': 'pathname', 'type': 'const char*', 'value': '/run/log/journal/cd4bbb49080545c3aed82cc00b5f152b/system.journal'}, {'name': 'flags', 'type': 'unsigned int', 'value': 'O_RDWR|O_NONBLOCK|O_CLOEXEC'}, {'name': 'mode', 'type': 'int', 'value': 154005284}]",0,0
16022.489036,159,1,0,systemd-journal,ip-10-100-1-186,1003,cap_capable,1,0,"[{'name': 'cap', 'type': 'int', 'value': 'CAP_SYS_ADMIN'}]",0,0
16022.48911,159,1,0,systemd-journal,ip-10-100-1-186,257,openat,4,-2,"[{'name': 'dirfd', 'type': 'int', 'value': -100}, {'name': 'pathname', 'type': 'const char*', 'value': '/run/log/journal/cd4bbb49080545c3aed82cc00b5f152b/system.journal'}, {'name': 'flags', 'type': 'unsigned int', 'value': 'O_RDWR|O_NONBLOCK|O_CLOEXEC'}, {'name': 'mode', 'type': 'int', 'value': 154005284}]",0,0
16022.489178,159,1,0,systemd-journal,ip-10-100-1-186,1003,cap_capable,1,0,"[{'name': 'cap', 'type': 'int', 'value': 'CAP_SYS_ADMIN'}]",0,0
16022.489225,159,1,0,systemd-journal,ip-10-100-1-186,257,openat,4,-2,"[{'name': 'dirfd', 'type': 'int', 'value': -100}, {'name': 'pathname', 'type': 'const char*', 'value': '/run/log/journal/cd4bbb49080545c3aed82cc00b5f152b/system.journal'}, {'name': 'flags', 'type': 'unsigned int', 'value': 'O_RDWR|O_NONBLOCK|O_CLOEXEC'}, {'name': 'mode', 'type': 'int', 'value': 154005284}]",0,0
16022.489285,159,1,0,systemd-journal,ip-10-100-1-186,1003,cap_capable,1,0,"[{'name': 'cap', 'type': 'int', 'value': 'CAP_SYS_ADMIN'}]",0,0
16022.48933,159,1,0,systemd-journal,ip-10-100-1-186,257,openat,4,-2,"[{'name': 'dirfd', 'type': 'int', 'value': -100}, {'name': 'pathname', 'type': 'const char*', 'value': '/run/log/journal/cd4bbb49080545c3aed82cc00b5f152b/system.journal'}, {'name': 'flags', 'type': 'unsigned int', 'value': 'O_RDWR|O_NONBLOCK|O_CLOEXEC'}, {'name': 'mode', 'type': 'int', 'value': 154005284}]",0,0
16022.489389,159,1,0,systemd-journal,ip-10-100-1-186,1003,cap_capable,1,0,"[{'name': 'cap', 'type': 'int', 'value': 'CAP_SYS_ADMIN'}]",0,0
16022.489433,159,1,0,systemd-journal,ip-10-100-1-186,257,openat,4,-2,"[{'name': 'dirfd', 'type': 'int', 'value': -100}, {'name': 'pathname', 'type': 'const char*', 'value': '/run/log/journal/cd4bbb49080545c3aed82cc00b5f152b/system.journal'}, {'name': 'flags', 'type': 'unsigned int', 'value': 'O_RDWR|O_NONBLOCK|O_CLOEXEC'}, {'name': 'mode', 'type': 'int', 'value': 154005284}]",0,0
16022.489492,159,1,0,systemd-journal,ip-10-100-1-186,1003,cap_capable,1,0,"[{'name': 'cap', 'type': 'int', 'value': 'CAP_SYS_ADMIN'}]",0,0
16022.489536,159,1,0,systemd-journal,ip-10-100-1-186,257,openat,4,-2,"[{'name': 'dirfd', 'type': 'int', 'value': -100}, {'name': 'pathname', 'type': 'const char*', 'value': '/run/log/journal/cd4bbb49080545c3aed82cc00b5f152b/system.journal'}, {'name': 'flags', 'type': 'unsigned int', 'value': 'O_RDWR|O_NONBLOCK|O_CLOEXEC'}, {'name': 'mode', 'type': 'int', 'value': 154005284}]",0,0
16022.489595,159,1,0,systemd-journal,ip-10-100-1-186,1003,cap_capable,1,0,"[{'name': 'cap', 'type': 'int', 'value': 'CAP_SYS_ADMIN'}]",0,0
16022.48964,159,1,0,systemd-journal,ip-10-100-1-186,257,openat,4,-2,"[{'name': 'dirfd', 'type': 'int', 'value': -100}, {'name': 'pathname', 'type': 'const char*', 'value': '/run/log/journal/cd4bbb49080545c3aed82cc00b5f152b/system.journal'}, {'name': 'flags', 'type': 'unsigned int', 'value': 'O_RDWR|O_NONBLOCK|O_CLOEXEC'}, {'name': 'mode', 'type': 'int', 'value': 154005284}]",0,0
16022.489698,159,1,0,systemd-journal,ip-10-100-1-186,1003,cap_capable,1,0,"[{'name': 'cap', 'type': 'int', 'value': 'CAP_SYS_ADMIN'}]",0,0
16022.489742,159,1,0,systemd-journal,ip-10-100-1-186,257,openat,4,-2,"[{'name': 'dirfd', 'type': 'int', 'value': -100}, {'name': 'pathname', 'type': 'const char*', 'value': '/run/log/journal/cd4bbb49080545c3aed82cc00b5f152b/system.journal'}, {'name': 'flags', 'type': 'unsigned int', 'value': 'O_RDWR|O_NONBLOCK|O_CLOEXEC'}, {'name': 'mode', 'type': 'int', 'value': 154005284}]",0,0
16022.4898,159,1,0,systemd-journal,ip-10-100-1-186,1003,cap_capable,1,0,"[{'name': 'cap', 'type': 'int', 'value': 'CAP_SYS_ADMIN'}]",0,0
16022.489845,159,1,0,systemd-journal,ip-10-100-1-186,257,openat,4,-2,"[{'name': 'dirfd', 'type': 'int', 'value': -100}, {'name': 'pathname', 'type': 'const char*', 'value': '/run/log/journal/cd4bbb49080545c3aed82cc00b5f152b/system.journal'}, {'name': 'flags', 'type': 'unsigned int', 'value': 'O_RDWR|O_NONBLOCK|O_CLOEXEC'}, {'name': 'mode', 'type': 'int', 'value': 154005284}]",0,0
16022.490006,159,1,0,systemd-journal,ip-10-100-1-186,1003,cap_capable,1,0,"[{'name': 'cap', 'type': 'int', 'value': 'CAP_SYS_ADMIN'}]",0,0
16022.490104,159,1,0,systemd-journal,ip-10-100-1-186,257,openat,4,-2,"[{'name': 'dirfd', 'type': 'int', 'value': -100}, {'name': 'pathname', 'type': 'const char*', 'value': '/run/log/journal/cd4bbb49080545c3aed82cc00b5f152b/system.journal'}, {'name': 'flags', 'type': 'unsigned int', 'value': 'O_RDWR|O_NONBLOCK|O_CLOEXEC'}, {'name': 'mode', 'type': 'int', 'value': 154005284}]",0,0
16022.490176,159,1,0,systemd-journal,ip-10-100-1-186,1003,cap_capable,1,0,"[{'name': 'cap', 'type': 'int', 'value': 'CAP_SYS_ADMIN'}]",0,0
16022.490227,159,1,0,systemd-journal,ip-10-100-1-186,257,openat,4,-2,"[{'name': 'dirfd', 'type': 'int', 'value': -100}, {'name': 'pathname', 'type': 'const char*', 'value': '/run/log/journal/cd4bbb49080545c3aed82cc00b5f152b/system.journal'}, {'name': 'flags', 'type': 'unsigned int', 'value': 'O_RDWR|O_NONBLOCK|O_CLOEXEC'}, {'name': 'mode', 'type': 'int', 'value': 154005284}]",0,0
16022.490317,159,1,0,systemd-journal,ip-10-100-1-186,1003,cap_capable,1,0,"[{'name': 'cap', 'type': 'int', 'value': 'CAP_SYS_ADMIN'}]",0,0
16022.490366,159,1,0,systemd-journal,ip-10-100-1-186,257,openat,4,-2,"[{'name': 'dirfd', 'type': 'int', 'value': -100}, {'name': 'pathname', 'type': 'const char*', 'value': '/run/log/journal/cd4bbb49080545c3aed82cc00b5f152b/system.journal'}, {'name': 'flags', 'type': 'unsigned int', 'value': 'O_RDWR|O_NONBLOCK|O_CLOEXEC'}, {'name': 'mode', 'type': 'int', 'value': 154005284}]",0,0
16022.490438,159,1,0,systemd-journal,ip-10-100-1-186,1003,cap_capable,1,0,"[{'name': 'cap', 'type': 'int', 'value': 'CAP_SYS_ADMIN'}]",0,0
16022.4905,159,1,0,systemd-journal,ip-10-100-1-186,257,openat,4,-2,"[{'name': 'dirfd', 'type': 'int', 'value': -100}, {'name': 'pathname', 'type': 'const char*', 'value': '/run/log/journal/cd4bbb49080545c3aed82cc00b5f152b/system.journal'}, {'name': 'flags', 'type': 'unsigned int', 'value': 'O_RDWR|O_NONBLOCK|O_CLOEXEC'}, {'name': 'mode', 'type': 'int', 'value': 154005284}]",0,0
16022.490575,159,1,0,systemd-journal,ip-10-100-1-186,1003,cap_capable,1,0,"[{'name': 'cap', 'type': 'int', 'value': 'CAP_SYS_ADMIN'}]",0,0
16022.490619,159,1,0,systemd-journal,ip-10-100-1-186,257,openat,4,-2,"[{'name': 'dirfd', 'type': 'int', 'value': -100}, {'name': 'pathname', 'type': 'const char*', 'value': '/run/log/journal/cd4bbb49080545c3aed82cc00b5f152b/system.journal'}, {'name': 'flags', 'type': 'unsigned int', 'value': 'O_RDWR|O_NONBLOCK|O_CLOEXEC'}, {'name': 'mode', 'type': 'int', 'value': 154005284}]",0,0
16022.490694,159,1,0,systemd-journal,ip-10-100-1-186,1003,cap_capable,1,0,"[{'name': 'cap', 'type': 'int', 'value': 'CAP_SYS_ADMIN'}]",0,0
16022.490744,159,1,0,systemd-journal,ip-10-100-1-186,257,openat,4,-2,"[{'name': 'dirfd', 'type': 'int', 'value': -100}, {'name': 'pathname', 'type': 'const char*', 'value': '/run/log/journal/cd4bbb49080545c3aed82cc00b5f152b/system.journal'}, {'name': 'flags', 'type': 'unsigned int', 'value': 'O_RDWR|O_NONBLOCK|O_CLOEXEC'}, {'name': 'mode', 'type': 'int', 'value': 154005284}]",0,0
16022.490865,159,1,0,systemd-journal,ip-10-100-1-186,1003,cap_capable,1,0,"[{'name': 'cap', 'type': 'int', 'value': 'CAP_SYS_ADMIN'}]",0,0
16022.490886,159,1,0,systemd-journal,ip-10-100-1-186,1003,cap_capable,1,0,"[{'name': 'cap', 'type': 'int', 'value': 'CAP_SETUID'}]",0,0
16022.490917,159,1,0,systemd-journal,ip-10-100-1-186,1003,cap_capable,1,0,"[{'name': 'cap', 'type': 'int', 'value': 'CAP_SETGID'}]",0,0
16022.490967,159,1,0,systemd-journal,ip-10-100-1-186,257,openat,4,-2,"[{'name': 'dirfd', 'type': 'int', 'value': -100}, {'name': 'pathname', 'type': 'const char*', 'value': '/run/log/journal/cd4bbb49080545c3aed82cc00b5f152b/system.journal'}, {'name': 'flags', 'type': 'unsigned int', 'value': 'O_RDWR|O_NONBLOCK|O_CLOEXEC'}, {'name': 'mode', 'type': 'int', 'value': 154005284}]",0,0
16022.491085,159,1,0,systemd-journal,ip-10-100-1-186,1003,cap_capable,1,0,"[{'name': 'cap', 'type': 'int', 'value': 'CAP_SYS_ADMIN'}]",0,0
16022.49122,159,1,0,systemd-journal,ip-10-100-1-186,257,openat,4,-2,"[{'name': 'dirfd', 'type': 'int', 'value': -100}, {'name': 'pathname', 'type': 'const char*', 'value': '/run/log/journal/cd4bbb49080545c3aed82cc00b5f152b/system.journal'}, {'name': 'flags', 'type': 'unsigned int', 'value': 'O_RDWR|O_NONBLOCK|O_CLOEXEC'}, {'name': 'mode', 'type': 'int', 'value': 154005284}]",0,0
16022.491379,159,1,0,systemd-journal,ip-10-100-1-186,257,openat,4,-2,"[{'name': 'dirfd', 'type': 'int', 'value': -100}, {'name': 'pathname', 'type': 'const char*', 'value': '/run/log/journal/cd4bbb49080545c3aed82cc00b5f152b/system.journal'}, {'name': 'flags', 'type': 'unsigned int', 'value': 'O_RDWR|O_NONBLOCK|O_CLOEXEC'}, {'name': 'mode', 'type': 'int', 'value': 154005284}]",0,0
16022.491326,159,1,0,systemd-journal,ip-10-100-1-186,1003,cap_capable,1,0,"[{'name': 'cap', 'type': 'int', 'value': 'CAP_SYS_ADMIN'}]",0,0
16022.491454,159,1,0,systemd-journal,ip-10-100-1-186,1003,cap_capable,1,0,"[{'name': 'cap', 'type': 'int', 'value': 'CAP_SYS_ADMIN'}]",0,0
16022.491505,159,1,0,systemd-journal,ip-10-100-1-186,257,openat,4,-2,"[{'name': 'dirfd', 'type': 'int', 'value': -100}, {'name': 'pathname', 'type': 'const char*', 'value': '/run/log/journal/cd4bbb49080545c3aed82cc00b5f152b/system.journal'}, {'name': 'flags', 'type': 'unsigned int', 'value': 'O_RDWR|O_NONBLOCK|O_CLOEXEC'}, {'name': 'mode', 'type': 'int', 'value': 154005284}]",0,0
16022.49157,159,1,0,systemd-journal,ip-10-100-1-186,1003,cap_capable,1,0,"[{'name': 'cap', 'type': 'int', 'value': 'CAP_SYS_ADMIN'}]",0,0
16022.491619,159,1,0,systemd-journal,ip-10-100-1-186,257,openat,4,-2,"[{'name': 'dirfd', 'type': 'int', 'value': -100}, {'name': 'pathname', 'type': 'const char*', 'value': '/run/log/journal/cd4bbb49080545c3aed82cc00b5f152b/system.journal'}, {'name': 'flags', 'type': 'unsigned int', 'value': 'O_RDWR|O_NONBLOCK|O_CLOEXEC'}, {'name': 'mode', 'type': 'int', 'value': 154005284}]",0,0
16022.491683,159,1,0,systemd-journal,ip-10-100-1-186,1003,cap_capable,1,0,"[{'name': 'cap', 'type': 'int', 'value': 'CAP_SYS_ADMIN'}]",0,0
16022.491732,159,1,0,systemd-journal,ip-10-100-1-186,257,openat,4,-2,"[{'name': 'dirfd', 'type': 'int', 'value': -100}, {'name': 'pathname', 'type': 'const char*', 'value': '/run/log/journal/cd4bbb49080545c3aed82cc00b5f152b/system.journal'}, {'name': 'flags', 'type': 'unsigned int', 'value': 'O_RDWR|O_NONBLOCK|O_CLOEXEC'}, {'name': 'mode', 'type': 'int', 'value': 154005284}]",0,0
16022.491807,159,1,0,systemd-journal,ip-10-100-1-186,1003,cap_capable,1,0,"[{'name': 'cap', 'type': 'int', 'value': 'CAP_SYS_ADMIN'}]",0,0
16022.491855,159,1,0,systemd-journal,ip-10-100-1-186,257,openat,4,-2,"[{'name': 'dirfd', 'type': 'int', 'value': -100}, {'name': 'pathname', 'type': 'const char*', 'value': '/run/log/journal/cd4bbb49080545c3aed82cc00b5f152b/system.journal'}, {'name': 'flags', 'type': 'unsigned int', 'value': 'O_RDWR|O_NONBLOCK|O_CLOEXEC'}, {'name': 'mode', 'type': 'int', 'value': 154005284}]",0,0
16022.491923,159,1,0,systemd-journal,ip-10-100-1-186,1003,cap_capable,1,0,"[{'name': 'cap', 'type': 'int', 'value': 'CAP_SYS_ADMIN'}]",0,0
16022.491972,159,1,0,systemd-journal,ip-10-100-1-186,257,openat,4,-2,"[{'name': 'dirfd', 'type': 'int', 'value': -100}, {'name': 'pathname', 'type': 'const char*', 'value': '/run/log/journal/cd4bbb49080545c3aed82cc00b5f152b/system.journal'}, {'name': 'flags', 'type': 'unsigned int', 'value': 'O_RDWR|O_NONBLOCK|O_CLOEXEC'}, {'name': 'mode', 'type': 'int', 'value': 154005284}]",0,0
16022.492035,159,1,0,systemd-journal,ip-10-100-1-186,1003,cap_capable,1,0,"[{'name': 'cap', 'type': 'int', 'value': 'CAP_SYS_ADMIN'}]",0,0
16022.492082,159,1,0,systemd-journal,ip-10-100-1-186,257,openat,4,-2,"[{'name': 'dirfd', 'type': 'int', 'value': -100}, {'name': 'pathname', 'type': 'const char*', 'value': '/run/log/journal/cd4bbb49080545c3aed82cc00b5f152b/system.journal'}, {'name': 'flags', 'type': 'unsigned int', 'value': 'O_RDWR|O_NONBLOCK|O_CLOEXEC'}, {'name': 'mode', 'type': 'int', 'value': 154005284}]",0,0
16022.492144,159,1,0,systemd-journal,ip-10-100-1-186,1003,cap_capable,1,0,"[{'name': 'cap', 'type': 'int', 'value': 'CAP_SYS_ADMIN'}]",0,0
16022.492191,159,1,0,systemd-journal,ip-10-100-1-186,257,openat,4,-2,"[{'name': 'dirfd', 'type': 'int', 'value': -100}, {'name': 'pathname', 'type': 'const char*', 'value': '/run/log/journal/cd4bbb49080545c3aed82cc00b5f152b/system.journal'}, {'name': 'flags', 'type': 'unsigned int', 'value': 'O_RDWR|O_NONBLOCK|O_CLOEXEC'}, {'name': 'mode', 'type': 'int', 'value': 154005284}]",0,0
16022.492338,159,1,0,systemd-journal,ip-10-100-1-186,1003,cap_capable,1,0,"[{'name': 'cap', 'type': 'int', 'value': 'CAP_SYS_ADMIN'}]",0,0
16022.492743,159,1,0,systemd-journal,ip-10-100-1-186,257,openat,4,-2,"[{'name': 'dirfd', 'type': 'int', 'value': -100}, {'name': 'pathname', 'type': 'const char*', 'value': '/run/log/journal/cd4bbb49080545c3aed82cc00b5f152b/system.journal'}, {'name': 'flags', 'type': 'unsigned int', 'value': 'O_RDWR|O_NONBLOCK|O_CLOEXEC'}, {'name': 'mode', 'type': 'int', 'value': 154005284}]",0,0
16022.492823,159,1,0,systemd-journal,ip-10-100-1-186,1003,cap_capable,1,0,"[{'name': 'cap', 'type': 'int', 'value': 'CAP_SYS_ADMIN'}]",0,0
16022.492878,159,1,0,systemd-journal,ip-10-100-1-186,257,openat,4,-2,"[{'name': 'dirfd', 'type': 'int', 'value': -100}, {'name': 'pathname', 'type': 'const char*', 'value': '/run/log/journal/cd4bbb49080545c3aed82cc00b5f152b/system.journal'}, {'name': 'flags', 'type': 'unsigned int', 'value': 'O_RDWR|O_NONBLOCK|O_CLOEXEC'}, {'name': 'mode', 'type': 'int', 'value': 154005284}]",0,0
16022.492944,159,1,0,systemd-journal,ip-10-100-1-186,1003,cap_capable,1,0,"[{'name': 'cap', 'type': 'int', 'value': 'CAP_SYS_ADMIN'}]",0,0
16022.492994,159,1,0,systemd-journal,ip-10-100-1-186,257,openat,4,-2,"[{'name': 'dirfd', 'type': 'int', 'value': -100}, {'name': 'pathname', 'type': 'const char*', 'value': '/run/log/journal/cd4bbb49080545c3aed82cc00b5f152b/system.journal'}, {'name': 'flags', 'type': 'unsigned int', 'value': 'O_RDWR|O_NONBLOCK|O_CLOEXEC'}, {'name': 'mode', 'type': 'int', 'value': 154005284}]",0,0
16022.493068,159,1,0,systemd-journal,ip-10-100-1-186,1003,cap_capable,1,0,"[{'name': 'cap', 'type': 'int', 'value': 'CAP_SYS_ADMIN'}]",0,0
16022.493116,159,1,0,systemd-journal,ip-10-100-1-186,257,openat,4,-2,"[{'name': 'dirfd', 'type': 'int', 'value': -100}, {'name': 'pathname', 'type': 'const char*', 'value': '/run/log/journal/cd4bbb49080545c3aed82cc00b5f152b/system.journal'}, {'name': 'flags', 'type': 'unsigned int', 'value': 'O_RDWR|O_NONBLOCK|O_CLOEXEC'}, {'name': 'mode', 'type': 'int', 'value': 154005284}]",0,0
16022.49319,159,1,0,systemd-journal,ip-10-100-1-186,1003,cap_capable,1,0,"[{'name': 'cap', 'type': 'int', 'value': 'CAP_SYS_ADMIN'}]",0,0
16022.493234,159,1,0,systemd-journal,ip-10-100-1-186,257,openat,4,-2,"[{'name': 'dirfd', 'type': 'int', 'value': -100}, {'name': 'pathname', 'type': 'const char*', 'value': '/run/log/journal/cd4bbb49080545c3aed82cc00b5f152b/system.journal'}, {'name': 'flags', 'type': 'unsigned int', 'value': 'O_RDWR|O_NONBLOCK|O_CLOEXEC'}, {'name': 'mode', 'type': 'int', 'value': 154005284}]",0,0
16022.493293,159,1,0,systemd-journal,ip-10-100-1-186,1003,cap_capable,1,0,"[{'name': 'cap', 'type': 'int', 'value': 'CAP_SYS_ADMIN'}]",0,0
16022.493337,159,1,0,systemd-journal,ip-10-100-1-186,257,openat,4,-2,"[{'name': 'dirfd', 'type': 'int', 'value': -100}, {'name': 'pathname', 'type': 'const char*', 'value': '/run/log/journal/cd4bbb49080545c3aed82cc00b5f152b/system.journal'}, {'name': 'flags', 'type': 'unsigned int', 'value': 'O_RDWR|O_NONBLOCK|O_CLOEXEC'}, {'name': 'mode', 'type': 'int', 'value': 154005284}]",0,0
16022.493967,506,1,104,rs:main Q:Reg,ip-10-100-1-186,62,kill,2,0,"[{'name': 'pid', 'type': 'pid_t', 'value': 506}, {'name': 'sig', 'type': 'int', 'value': 22}]",0,0
16022.494123,506,1,104,rs:main Q:Reg,ip-10-100-1-186,62,kill,2,0,"[{'name': 'pid', 'type': 'pid_t', 'value': 506}, {'name': 'sig', 'type': 'int', 'value': 22}]",0,0
16022.494246,506,1,104,rs:main Q:Reg,ip-10-100-1-186,1003,cap_capable,1,0,"[{'name': 'cap', 'type': 'int', 'value': 'CAP_SYS_RESOURCE'}]",0,0
16022.494278,506,1,104,rs:main Q:Reg,ip-10-100-1-186,1003,cap_capable,1,0,"[{'name': 'cap', 'type': 'int', 'value': 'CAP_SYS_RESOURCE'}]",0,0
16022.502501,159,1,0,systemd-journal,ip-10-100-1-186,1003,cap_capable,1,0,"[{'name': 'cap', 'type': 'int', 'value': 'CAP_SYS_ADMIN'}]",0,0
16022.502595,159,1,0,systemd-journal,ip-10-100-1-186,257,openat,4,-2,"[{'name': 'dirfd', 'type': 'int', 'value': -100}, {'name': 'pathname', 'type': 'const char*', 'value': '/run/log/journal/cd4bbb49080545c3aed82cc00b5f152b/system.journal'}, {'name': 'flags', 'type': 'unsigned int', 'value': 'O_RDWR|O_NONBLOCK|O_CLOEXEC'}, {'name': 'mode', 'type': 'int', 'value': 154005284}]",0,0
16022.502678,159,1,0,systemd-journal,ip-10-100-1-186,1003,cap_capable,1,0,"[{'name': 'cap', 'type': 'int', 'value': 'CAP_SYS_ADMIN'}]",0,0
16022.502732,159,1,0,systemd-journal,ip-10-100-1-186,257,openat,4,-2,"[{'name': 'dirfd', 'type': 'int', 'value': -100}, {'name': 'pathname', 'type': 'const char*', 'value': '/run/log/journal/cd4bbb49080545c3aed82cc00b5f152b/system.journal'}, {'name': 'flags', 'type': 'unsigned int', 'value': 'O_RDWR|O_NONBLOCK|O_CLOEXEC'}, {'name': 'mode', 'type': 'int', 'value': 154005284}]",0,0
16022.502801,159,1,0,systemd-journal,ip-10-100-1-186,1003,cap_capable,1,0,"[{'name': 'cap', 'type': 'int', 'value': 'CAP_SYS_ADMIN'}]",0,0
16022.502851,159,1,0,systemd-journal,ip-10-100-1-186,257,openat,4,-2,"[{'name': 'dirfd', 'type': 'int', 'value': -100}, {'name': 'pathname', 'type': 'const char*', 'value': '/run/log/journal/cd4bbb49080545c3aed82cc00b5f152b/system.journal'}, {'name': 'flags', 'type': 'unsigned int', 'value': 'O_RDWR|O_NONBLOCK|O_CLOEXEC'}, {'name': 'mode', 'type': 'int', 'value': 154005284}]",0,0
16022.502915,159,1,0,systemd-journal,ip-10-100-1-186,1003,cap_capable,1,0,"[{'name': 'cap', 'type': 'int', 'value': 'CAP_SYS_ADMIN'}]",0,0
16022.510231,159,1,0,systemd-journal,ip-10-100-1-186,257,openat,4,-2,"[{'name': 'dirfd', 'type': 'int', 'value': -100}, {'name': 'pathname', 'type': 'const char*', 'value': '/run/log/journal/cd4bbb49080545c3aed82cc00b5f152b/system.journal'}, {'name': 'flags', 'type': 'unsigned int', 'value': 'O_RDWR|O_NONBLOCK|O_CLOEXEC'}, {'name': 'mode', 'type': 'int', 'value': 154005284}]",0,0
16022.510357,159,1,0,systemd-journal,ip-10-100-1-186,1003,cap_capable,1,0,"[{'name': 'cap', 'type': 'int', 'value': 'CAP_SYS_ADMIN'}]",0,0
16022.510417,159,1,0,systemd-journal,ip-10-100-1-186,257,openat,4,-2,"[{'name': 'dirfd', 'type': 'int', 'value': -100}, {'name': 'pathname', 'type': 'const char*', 'value': '/run/log/journal/cd4bbb49080545c3aed82cc00b5f152b/system.journal'}, {'name': 'flags', 'type': 'unsigned int', 'value': 'O_RDWR|O_NONBLOCK|O_CLOEXEC'}, {'name': 'mode', 'type': 'int', 'value': 154005284}]",0,0
16022.510485,159,1,0,systemd-journal,ip-10-100-1-186,1003,cap_capable,1,0,"[{'name': 'cap', 'type': 'int', 'value': 'CAP_SYS_ADMIN'}]",0,0
16022.510535,159,1,0,systemd-journal,ip-10-100-1-186,257,openat,4,-2,"[{'name': 'dirfd', 'type': 'int', 'value': -100}, {'name': 'pathname', 'type': 'const char*', 'value': '/run/log/journal/cd4bbb49080545c3aed82cc00b5f152b/system.journal'}, {'name': 'flags', 'type': 'unsigned int', 'value': 'O_RDWR|O_NONBLOCK|O_CLOEXEC'}, {'name': 'mode', 'type': 'int', 'value': 154005284}]",0,0
16022.510658,159,1,0,systemd-journal,ip-10-100-1-186,1003,cap_capable,1,0,"[{'name': 'cap', 'type': 'int', 'value': 'CAP_SYS_ADMIN'}]",0,0
16022.510776,159,1,0,systemd-journal,ip-10-100-1-186,1003,cap_capable,1,0,"[{'name': 'cap', 'type': 'int', 'value': 'CAP_SYS_ADMIN'}]",0,0
16022.51071,159,1,0,systemd-journal,ip-10-100-1-186,257,openat,4,-2,"[{'name': 'dirfd', 'type': 'int', 'value': -100}, {'name': 'pathname', 'type': 'const char*', 'value': '/run/log/journal/cd4bbb49080545c3aed82cc00b5f152b/system.journal'}, {'name': 'flags', 'type': 'unsigned int', 'value': 'O_RDWR|O_NONBLOCK|O_CLOEXEC'}, {'name': 'mode', 'type': 'int', 'value': 154005284}]",0,0
16022.510826,159,1,0,systemd-journal,ip-10-100-1-186,257,openat,4,-2,"[{'name': 'dirfd', 'type': 'int', 'value': -100}, {'name': 'pathname', 'type': 'const char*', 'value': '/run/log/journal/cd4bbb49080545c3aed82cc00b5f152b/system.journal'}, {'name': 'flags', 'type': 'unsigned int', 'value': 'O_RDWR|O_NONBLOCK|O_CLOEXEC'}, {'name': 'mode', 'type': 'int', 'value': 154005284}]",0,0
16022.510893,159,1,0,systemd-journal,ip-10-100-1-186,1003,cap_capable,1,0,"[{'name': 'cap', 'type': 'int', 'value': 'CAP_SYS_ADMIN'}]",0,0
16022.510943,159,1,0,systemd-journal,ip-10-100-1-186,257,openat,4,-2,"[{'name': 'dirfd', 'type': 'int', 'value': -100}, {'name': 'pathname', 'type': 'const char*', 'value': '/run/log/journal/cd4bbb49080545c3aed82cc00b5f152b/system.journal'}, {'name': 'flags', 'type': 'unsigned int', 'value': 'O_RDWR|O_NONBLOCK|O_CLOEXEC'}, {'name': 'mode', 'type': 'int', 'value': 154005284}]",0,0
16022.511007,159,1,0,systemd-journal,ip-10-100-1-186,1003,cap_capable,1,0,"[{'name': 'cap', 'type': 'int', 'value': 'CAP_SYS_ADMIN'}]",0,0
16022.511132,159,1,0,systemd-journal,ip-10-100-1-186,257,openat,4,-2,"[{'name': 'dirfd', 'type': 'int', 'value': -100}, {'name': 'pathname', 'type': 'const char*', 'value': '/run/log/journal/cd4bbb49080545c3aed82cc00b5f152b/system.journal'}, {'name': 'flags', 'type': 'unsigned int', 'value': 'O_RDWR|O_NONBLOCK|O_CLOEXEC'}, {'name': 'mode', 'type': 'int', 'value': 154005284}]",0,0
16022.511205,159,1,0,systemd-journal,ip-10-100-1-186,1003,cap_capable,1,0,"[{'name': 'cap', 'type': 'int', 'value': 'CAP_SYS_ADMIN'}]",0,0
16022.511301,159,1,0,systemd-journal,ip-10-100-1-186,257,openat,4,-2,"[{'name': 'dirfd', 'type': 'int', 'value': -100}, {'name': 'pathname', 'type': 'const char*', 'value': '/run/log/journal/cd4bbb49080545c3aed82cc00b5f152b/system.journal'}, {'name': 'flags', 'type': 'unsigned int', 'value': 'O_RDWR|O_NONBLOCK|O_CLOEXEC'}, {'name': 'mode', 'type': 'int', 'value': 154005284}]",0,0
16022.511388,159,1,0,systemd-journal,ip-10-100-1-186,1003,cap_capable,1,0,"[{'name': 'cap', 'type': 'int', 'value': 'CAP_SYS_ADMIN'}]",0,0
16022.511441,159,1,0,systemd-journal,ip-10-100-1-186,257,openat,4,-2,"[{'name': 'dirfd', 'type': 'int', 'value': -100}, {'name': 'pathname', 'type': 'const char*', 'value': '/run/log/journal/cd4bbb49080545c3aed82cc00b5f152b/system.journal'}, {'name': 'flags', 'type': 'unsigned int', 'value': 'O_RDWR|O_NONBLOCK|O_CLOEXEC'}, {'name': 'mode', 'type': 'int', 'value': 154005284}]",0,0
16022.511507,159,1,0,systemd-journal,ip-10-100-1-186,1003,cap_capable,1,0,"[{'name': 'cap', 'type': 'int', 'value': 'CAP_SYS_ADMIN'}]",0,0
16022.511624,159,1,0,systemd-journal,ip-10-100-1-186,1003,cap_capable,1,0,"[{'name': 'cap', 'type': 'int', 'value': 'CAP_SYS_ADMIN'}]",0,0
16022.511556,159,1,0,systemd-journal,ip-10-100-1-186,257,openat,4,-2,"[{'name': 'dirfd', 'type': 'int', 'value': -100}, {'name': 'pathname', 'type': 'const char*', 'value': '/run/log/journal/cd4bbb49080545c3aed82cc00b5f152b/system.journal'}, {'name': 'flags', 'type': 'unsigned int', 'value': 'O_RDWR|O_NONBLOCK|O_CLOEXEC'}, {'name': 'mode', 'type': 'int', 'value': 154005284}]",0,0
16022.511674,159,1,0,systemd-journal,ip-10-100-1-186,257,openat,4,-2,"[{'name': 'dirfd', 'type': 'int', 'value': -100}, {'name': 'pathname', 'type': 'const char*', 'value': '/run/log/journal/cd4bbb49080545c3aed82cc00b5f152b/system.journal'}, {'name': 'flags', 'type': 'unsigned int', 'value': 'O_RDWR|O_NONBLOCK|O_CLOEXEC'}, {'name': 'mode', 'type': 'int', 'value': 154005284}]",0,0
16022.511744,159,1,0,systemd-journal,ip-10-100-1-186,1003,cap_capable,1,0,"[{'name': 'cap', 'type': 'int', 'value': 'CAP_SYS_ADMIN'}]",0,0
16022.511795,159,1,0,systemd-journal,ip-10-100-1-186,257,openat,4,-2,"[{'name': 'dirfd', 'type': 'int', 'value': -100}, {'name': 'pathname', 'type': 'const char*', 'value': '/run/log/journal/cd4bbb49080545c3aed82cc00b5f152b/system.journal'}, {'name': 'flags', 'type': 'unsigned int', 'value': 'O_RDWR|O_NONBLOCK|O_CLOEXEC'}, {'name': 'mode', 'type': 'int', 'value': 154005284}]",0,0
16022.511859,159,1,0,systemd-journal,ip-10-100-1-186,1003,cap_capable,1,0,"[{'name': 'cap', 'type': 'int', 'value': 'CAP_SYS_ADMIN'}]",0,0
16022.511908,159,1,0,systemd-journal,ip-10-100-1-186,257,openat,4,-2,"[{'name': 'dirfd', 'type': 'int', 'value': -100}, {'name': 'pathname', 'type': 'const char*', 'value': '/run/log/journal/cd4bbb49080545c3aed82cc00b5f152b/system.journal'}, {'name': 'flags', 'type': 'unsigned int', 'value': 'O_RDWR|O_NONBLOCK|O_CLOEXEC'}, {'name': 'mode', 'type': 'int', 'value': 154005284}]",0,0
16022.511972,159,1,0,systemd-journal,ip-10-100-1-186,1003,cap_capable,1,0,"[{'name': 'cap', 'type': 'int', 'value': 'CAP_SYS_ADMIN'}]",0,0
16022.51202,159,1,0,systemd-journal,ip-10-100-1-186,257,openat,4,-2,"[{'name': 'dirfd', 'type': 'int', 'value': -100}, {'name': 'pathname', 'type': 'const char*', 'value': '/run/log/journal/cd4bbb49080545c3aed82cc00b5f152b/system.journal'}, {'name': 'flags', 'type': 'unsigned int', 'value': 'O_RDWR|O_NONBLOCK|O_CLOEXEC'}, {'name': 'mode', 'type': 'int', 'value': 154005284}]",0,0
16022.512087,159,1,0,systemd-journal,ip-10-100-1-186,1003,cap_capable,1,0,"[{'name': 'cap', 'type': 'int', 'value': 'CAP_SYS_ADMIN'}]",0,0
16022.512136,159,1,0,systemd-journal,ip-10-100-1-186,257,openat,4,-2,"[{'name': 'dirfd', 'type': 'int', 'value': -100}, {'name': 'pathname', 'type': 'const char*', 'value': '/run/log/journal/cd4bbb49080545c3aed82cc00b5f152b/system.journal'}, {'name': 'flags', 'type': 'unsigned int', 'value': 'O_RDWR|O_NONBLOCK|O_CLOEXEC'}, {'name': 'mode', 'type': 'int', 'value': 154005284}]",0,0
16022.512201,159,1,0,systemd-journal,ip-10-100-1-186,1003,cap_capable,1,0,"[{'name': 'cap', 'type': 'int', 'value': 'CAP_SYS_ADMIN'}]",0,0
16022.512313,159,1,0,systemd-journal,ip-10-100-1-186,1003,cap_capable,1,0,"[{'name': 'cap', 'type': 'int', 'value': 'CAP_SYS_ADMIN'}]",0,0
16022.512249,159,1,0,systemd-journal,ip-10-100-1-186,257,openat,4,-2,"[{'name': 'dirfd', 'type': 'int', 'value': -100}, {'name': 'pathname', 'type': 'const char*', 'value': '/run/log/journal/cd4bbb49080545c3aed82cc00b5f152b/system.journal'}, {'name': 'flags', 'type': 'unsigned int', 'value': 'O_RDWR|O_NONBLOCK|O_CLOEXEC'}, {'name': 'mode', 'type': 'int', 'value': 154005284}]",0,0
16022.512448,159,1,0,systemd-journal,ip-10-100-1-186,257,openat,4,-2,"[{'name': 'dirfd', 'type': 'int', 'value': -100}, {'name': 'pathname', 'type': 'const char*', 'value': '/run/log/journal/cd4bbb49080545c3aed82cc00b5f152b/system.journal'}, {'name': 'flags', 'type': 'unsigned int', 'value': 'O_RDWR|O_NONBLOCK|O_CLOEXEC'}, {'name': 'mode', 'type': 'int', 'value': 154005284}]",0,0
16022.5126,159,1,0,systemd-journal,ip-10-100-1-186,257,openat,4,-2,"[{'name': 'dirfd', 'type': 'int', 'value': -100}, {'name': 'pathname', 'type': 'const char*', 'value': '/run/log/journal/cd4bbb49080545c3aed82cc00b5f152b/system.journal'}, {'name': 'flags', 'type': 'unsigned int', 'value': 'O_RDWR|O_NONBLOCK|O_CLOEXEC'}, {'name': 'mode', 'type': 'int', 'value': 154005284}]",0,0
16022.512521,159,1,0,systemd-journal,ip-10-100-1-186,1003,cap_capable,1,0,"[{'name': 'cap', 'type': 'int', 'value': 'CAP_SYS_ADMIN'}]",0,0
16022.512672,159,1,0,systemd-journal,ip-10-100-1-186,1003,cap_capable,1,0,"[{'name': 'cap', 'type': 'int', 'value': 'CAP_SYS_ADMIN'}]",0,0
16022.512745,159,1,0,systemd-journal,ip-10-100-1-186,257,openat,4,-2,"[{'name': 'dirfd', 'type': 'int', 'value': -100}, {'name': 'pathname', 'type': 'const char*', 'value': '/run/log/journal/cd4bbb49080545c3aed82cc00b5f152b/system.journal'}, {'name': 'flags', 'type': 'unsigned int', 'value': 'O_RDWR|O_NONBLOCK|O_CLOEXEC'}, {'name': 'mode', 'type': 'int', 'value': 154005284}]",0,0
16022.512823,159,1,0,systemd-journal,ip-10-100-1-186,1003,cap_capable,1,0,"[{'name': 'cap', 'type': 'int', 'value': 'CAP_SYS_ADMIN'}]",0,0
16022.512875,159,1,0,systemd-journal,ip-10-100-1-186,257,openat,4,-2,"[{'name': 'dirfd', 'type': 'int', 'value': -100}, {'name': 'pathname', 'type': 'const char*', 'value': '/run/log/journal/cd4bbb49080545c3aed82cc00b5f152b/system.journal'}, {'name': 'flags', 'type': 'unsigned int', 'value': 'O_RDWR|O_NONBLOCK|O_CLOEXEC'}, {'name': 'mode', 'type': 'int', 'value': 154005284}]",0,0
16022.51294,159,1,0,systemd-journal,ip-10-100-1-186,1003,cap_capable,1,0,"[{'name': 'cap', 'type': 'int', 'value': 'CAP_SYS_ADMIN'}]",0,0
16022.512989,159,1,0,systemd-journal,ip-10-100-1-186,257,openat,4,-2,"[{'name': 'dirfd', 'type': 'int', 'value': -100}, {'name': 'pathname', 'type': 'const char*', 'value': '/run/log/journal/cd4bbb49080545c3aed82cc00b5f152b/system.journal'}, {'name': 'flags', 'type': 'unsigned int', 'value': 'O_RDWR|O_NONBLOCK|O_CLOEXEC'}, {'name': 'mode', 'type': 'int', 'value': 154005284}]",0,0
16022.513054,159,1,0,systemd-journal,ip-10-100-1-186,1003,cap_capable,1,0,"[{'name': 'cap', 'type': 'int', 'value': 'CAP_SYS_ADMIN'}]",0,0
16022.513103,159,1,0,systemd-journal,ip-10-100-1-186,257,openat,4,-2,"[{'name': 'dirfd', 'type': 'int', 'value': -100}, {'name': 'pathname', 'type': 'const char*', 'value': '/run/log/journal/cd4bbb49080545c3aed82cc00b5f152b/system.journal'}, {'name': 'flags', 'type': 'unsigned int', 'value': 'O_RDWR|O_NONBLOCK|O_CLOEXEC'}, {'name': 'mode', 'type': 'int', 'value': 154005284}]",0,0
16022.513167,159,1,0,systemd-journal,ip-10-100-1-186,1003,cap_capable,1,0,"[{'name': 'cap', 'type': 'int', 'value': 'CAP_SYS_ADMIN'}]",0,0
16022.513215,159,1,0,systemd-journal,ip-10-100-1-186,257,openat,4,-2,"[{'name': 'dirfd', 'type': 'int', 'value': -100}, {'name': 'pathname', 'type': 'const char*', 'value': '/run/log/journal/cd4bbb49080545c3aed82cc00b5f152b/system.journal'}, {'name': 'flags', 'type': 'unsigned int', 'value': 'O_RDWR|O_NONBLOCK|O_CLOEXEC'}, {'name': 'mode', 'type': 'int', 'value': 154005284}]",0,0
16022.513279,159,1,0,systemd-journal,ip-10-100-1-186,1003,cap_capable,1,0,"[{'name': 'cap', 'type': 'int', 'value': 'CAP_SYS_ADMIN'}]",0,0
16022.513328,159,1,0,systemd-journal,ip-10-100-1-186,257,openat,4,-2,"[{'name': 'dirfd', 'type': 'int', 'value': -100}, {'name': 'pathname', 'type': 'const char*', 'value': '/run/log/journal/cd4bbb49080545c3aed82cc00b5f152b/system.journal'}, {'name': 'flags', 'type': 'unsigned int', 'value': 'O_RDWR|O_NONBLOCK|O_CLOEXEC'}, {'name': 'mode', 'type': 'int', 'value': 154005284}]",0,0
16022.513685,159,1,0,systemd-journal,ip-10-100-1-186,1003,cap_capable,1,0,"[{'name': 'cap', 'type': 'int', 'value': 'CAP_SYS_ADMIN'}]",0,0
16022.513745,159,1,0,systemd-journal,ip-10-100-1-186,257,openat,4,-2,"[{'name': 'dirfd', 'type': 'int', 'value': -100}, {'name': 'pathname', 'type': 'const char*', 'value': '/run/log/journal/cd4bbb49080545c3aed82cc00b5f152b/system.journal'}, {'name': 'flags', 'type': 'unsigned int', 'value': 'O_RDWR|O_NONBLOCK|O_CLOEXEC'}, {'name': 'mode', 'type': 'int', 'value': 154005284}]",0,0
16022.513936,159,1,0,systemd-journal,ip-10-100-1-186,1003,cap_capable,1,0,"[{'name': 'cap', 'type': 'int', 'value': 'CAP_SYS_ADMIN'}]",0,0
16022.51396,159,1,0,systemd-journal,ip-10-100-1-186,1003,cap_capable,1,0,"[{'name': 'cap', 'type': 'int', 'value': 'CAP_SETUID'}]",0,0
16022.513979,159,1,0,systemd-journal,ip-10-100-1-186,1003,cap_capable,1,0,"[{'name': 'cap', 'type': 'int', 'value': 'CAP_SETGID'}]",0,0
16022.514031,159,1,0,systemd-journal,ip-10-100-1-186,257,openat,4,-2,"[{'name': 'dirfd', 'type': 'int', 'value': -100}, {'name': 'pathname', 'type': 'const char*', 'value': '/run/log/journal/cd4bbb49080545c3aed82cc00b5f152b/system.journal'}, {'name': 'flags', 'type': 'unsigned int', 'value': 'O_RDWR|O_NONBLOCK|O_CLOEXEC'}, {'name': 'mode', 'type': 'int', 'value': 154005284}]",0,0
16022.514163,159,1,0,systemd-journal,ip-10-100-1-186,1003,cap_capable,1,0,"[{'name': 'cap', 'type': 'int', 'value': 'CAP_SYS_ADMIN'}]",0,0
16022.514215,159,1,0,systemd-journal,ip-10-100-1-186,257,openat,4,-2,"[{'name': 'dirfd', 'type': 'int', 'value': -100}, {'name': 'pathname', 'type': 'const char*', 'value': '/run/log/journal/cd4bbb49080545c3aed82cc00b5f152b/system.journal'}, {'name': 'flags', 'type': 'unsigned int', 'value': 'O_RDWR|O_NONBLOCK|O_CLOEXEC'}, {'name': 'mode', 'type': 'int', 'value': 154005284}]",0,0
16022.51429,159,1,0,systemd-journal,ip-10-100-1-186,1003,cap_capable,1,0,"[{'name': 'cap', 'type': 'int', 'value': 'CAP_SYS_ADMIN'}]",0,0
16022.514341,159,1,0,systemd-journal,ip-10-100-1-186,257,openat,4,-2,"[{'name': 'dirfd', 'type': 'int', 'value': -100}, {'name': 'pathname', 'type': 'const char*', 'value': '/run/log/journal/cd4bbb49080545c3aed82cc00b5f152b/system.journal'}, {'name': 'flags', 'type': 'unsigned int', 'value': 'O_RDWR|O_NONBLOCK|O_CLOEXEC'}, {'name': 'mode', 'type': 'int', 'value': 154005284}]",0,0
16022.522602,159,1,0,systemd-journal,ip-10-100-1-186,5,fstat,2,0,"[{'name': 'fd', 'type': 'int', 'value': 22}, {'name': 'statbuf', 'type': 'struct stat*', 'value': '0x7FFDB7C1DAA0'}]",0,0
16022.52266,159,1,0,systemd-journal,ip-10-100-1-186,1005,security_file_open,4,0,"[{'name': 'pathname', 'type': 'const char*', 'value': '/var/log/journal/cd4bbb49080545c3aed82cc00b5f152b'}, {'name': 'flags', 'type': 'unsigned int', 'value': 'O_RDONLY|O_LARGEFILE|O_DIRECTORY'}, {'name': 'dev', 'type': 'dev_t', 'value': 211812353}, {'name': 'inode', 'type': 'unsigned long', 'value': 256001}]",0,0
16022.522689,159,1,0,systemd-journal,ip-10-100-1-186,257,openat,4,33,"[{'name': 'dirfd', 'type': 'int', 'value': -100}, {'name': 'pathname', 'type': 'const char*', 'value': '/var/log/journal/cd4bbb49080545c3aed82cc00b5f152b'}, {'name': 'flags', 'type': 'unsigned int', 'value': 'O_RDONLY|O_DIRECTORY|O_CLOEXEC'}, {'name': 'mode', 'type': 'int', 'value': 154005284}]",0,0
16022.525377,159,1,0,systemd-journal,ip-10-100-1-186,3,close,1,0,"[{'name': 'fd', 'type': 'int', 'value': 33}]",0,0
16022.525432,159,1,0,systemd-journal,ip-10-100-1-186,1005,security_file_open,4,0,"[{'name': 'pathname', 'type': 'const char*', 'value': '/var/log/journal/cd4bbb49080545c3aed82cc00b5f152b/system.journal'}, {'name': 'flags', 'type': 'unsigned int', 'value': 'O_RDWR|O_CREAT|O_NONBLOCK|O_LARGEFILE'}, {'name': 'dev', 'type': 'dev_t', 'value': 211812353}, {'name': 'inode', 'type': 'unsigned long', 'value': 274142}]",0,0
16022.525464,159,1,0,systemd-journal,ip-10-100-1-186,257,openat,4,33,"[{'name': 'dirfd', 'type': 'int', 'value': -100}, {'name': 'pathname', 'type': 'const char*', 'value': '/var/log/journal/cd4bbb49080545c3aed82cc00b5f152b/system.journal'}, {'name': 'flags', 'type': 'unsigned int', 'value': 'O_RDWR|O_CREAT|O_NONBLOCK|O_CLOEXEC'}, {'name': 'mode', 'type': 'int', 'value': 154005284}]",0,0
16022.525503,159,1,0,systemd-journal,ip-10-100-1-186,5,fstat,2,0,"[{'name': 'fd', 'type': 'int', 'value': 33}, {'name': 'statbuf', 'type': 'struct stat*', 'value': '0x558C39ED0EA8'}]",0,0
16022.526883,159,1,0,systemd-journal,ip-10-100-1-186,257,openat,4,-2,"[{'name': 'dirfd', 'type': 'int', 'value': -100}, {'name': 'pathname', 'type': 'const char*', 'value': '/var/log/journal/cd4bbb49080545c3aed82cc00b5f152b/fss'}, {'name': 'flags', 'type': 'unsigned int', 'value': 'O_RDWR|O_NOCTTY|O_CLOEXEC'}, {'name': 'mode', 'type': 'int', 'value': 154005284}]",0,0
16022.526823,506,1,104,rs:main Q:Reg,ip-10-100-1-186,62,kill,2,0,"[{'name': 'pid', 'type': 'pid_t', 'value': 506}, {'name': 'sig', 'type': 'int', 'value': 22}]",0,0
16022.535503,506,1,104,rs:main Q:Reg,ip-10-100-1-186,62,kill,2,0,"[{'name': 'pid', 'type': 'pid_t', 'value': 506}, {'name': 'sig', 'type': 'int', 'value': 22}]",0,0
16022.535654,506,1,104,rs:main Q:Reg,ip-10-100-1-186,1003,cap_capable,1,0,"[{'name': 'cap', 'type': 'int', 'value': 'CAP_SYS_RESOURCE'}]",0,0
16022.535684,506,1,104,rs:main Q:Reg,ip-10-100-1-186,1003,cap_capable,1,0,"[{'name': 'cap', 'type': 'int', 'value': 'CAP_SYS_RESOURCE'}]",0,0
16022.546425,159,1,0,systemd-journal,ip-10-100-1-186,3,close,1,0,"[{'name': 'fd', 'type': 'int', 'value': 33}]",0,0
16022.546593,159,1,0,systemd-journal,ip-10-100-1-186,56,clone,5,8911,"[{'name': 'flags', 'type': 'unsigned int', 'value': 'CLONE_VM|CLONE_FS|CLONE_FILES|CLONE_SIGHAND|CLONE_THREAD|CLONE_SYSVSEM|CLONE_SETTLS|CLONE_PARENT_SETTID|CLONE_CHILD_CLEARTID'}, {'name': 'stack', 'type': 'void*', 'value': '0x7F5107B26D70'}, {'name': 'parent_tid', 'type': 'int*', 'value': '0x7F5107B279D0'}, {'name': 'child_tid', 'type': 'int*', 'value': '0x7F51092F0285'}, {'name': 'tls', 'type': 'unsigned long', 'value': 139985998214912}]",0,0
16022.561921,506,1,104,rs:main Q:Reg,ip-10-100-1-186,62,kill,2,0,"[{'name': 'pid', 'type': 'pid_t', 'value': 506}, {'name': 'sig', 'type': 'int', 'value': 22}]",0,0
16022.562117,506,1,104,rs:main Q:Reg,ip-10-100-1-186,62,kill,2,0,"[{'name': 'pid', 'type': 'pid_t', 'value': 506}, {'name': 'sig', 'type': 'int', 'value': 22}]",0,0
16022.562248,506,1,104,rs:main Q:Reg,ip-10-100-1-186,1003,cap_capable,1,0,"[{'name': 'cap', 'type': 'int', 'value': 'CAP_SYS_RESOURCE'}]",0,0
16022.562282,506,1,104,rs:main Q:Reg,ip-10-100-1-186,1003,cap_capable,1,0,"[{'name': 'cap', 'type': 'int', 'value': 'CAP_SYS_RESOURCE'}]",0,0
16022.577788,506,1,104,rs:main Q:Reg,ip-10-100-1-186,62,kill,2,0,"[{'name': 'pid', 'type': 'pid_t', 'value': 506}, {'name': 'sig', 'type': 'int', 'value': 22}]",0,0
16022.57725,159,1,0,journal-offline,ip-10-100-1-186,157,prctl,5,0,"[{'name': 'option', 'type': 'int', 'value': 'PR_SET_NAME'}, {'name': 'arg2', 'type': 'unsigned long', 'value': 139986021333626}, {'name': 'arg3', 'type': 'unsigned long', 'value': 139986021333626}, {'name': 'arg4', 'type': 'unsigned long', 'value': 139986023157406}, {'name': 'arg5', 'type': 'unsigned long', 'value': 139985998214912}]",0,0
16022.578092,506,1,104,rs:main Q:Reg,ip-10-100-1-186,1003,cap_capable,1,0,"[{'name': 'cap', 'type': 'int', 'value': 'CAP_SYS_RESOURCE'}]",0,0
16022.578135,506,1,104,rs:main Q:Reg,ip-10-100-1-186,1003,cap_capable,1,0,"[{'name': 'cap', 'type': 'int', 'value': 'CAP_SYS_RESOURCE'}]",0,0
16022.577946,506,1,104,rs:main Q:Reg,ip-10-100-1-186,62,kill,2,0,"[{'name': 'pid', 'type': 'pid_t', 'value': 506}, {'name': 'sig', 'type': 'int', 'value': 22}]",0,0
16022.586325,159,1,0,systemd-journal,ip-10-100-1-186,5,fstat,2,0,"[{'name': 'fd', 'type': 'int', 'value': 36}, {'name': 'statbuf', 'type': 'struct stat*', 'value': '0x7FFDB7C1DAA0'}]",0,0
16022.586393,159,1,0,systemd-journal,ip-10-100-1-186,1005,security_file_open,4,0,"[{'name': 'pathname', 'type': 'const char*', 'value': '/var/log/journal/cd4bbb49080545c3aed82cc00b5f152b'}, {'name': 'flags', 'type': 'unsigned int', 'value': 'O_RDONLY|O_LARGEFILE|O_DIRECTORY'}, {'name': 'dev', 'type': 'dev_t', 'value': 211812353}, {'name': 'inode', 'type': 'unsigned long', 'value': 256001}]",0,0
16022.586437,159,1,0,systemd-journal,ip-10-100-1-186,257,openat,4,33,"[{'name': 'dirfd', 'type': 'int', 'value': -100}, {'name': 'pathname', 'type': 'const char*', 'value': '/var/log/journal/cd4bbb49080545c3aed82cc00b5f152b'}, {'name': 'flags', 'type': 'unsigned int', 'value': 'O_RDONLY|O_DIRECTORY|O_CLOEXEC'}, {'name': 'mode', 'type': 'int', 'value': 154005284}]",0,0
16022.58691,506,1,104,rs:main Q:Reg,ip-10-100-1-186,62,kill,2,0,"[{'name': 'pid', 'type': 'pid_t', 'value': 506}, {'name': 'sig', 'type': 'int', 'value': 22}]",0,0
16022.595935,506,1,104,rs:main Q:Reg,ip-10-100-1-186,1003,cap_capable,1,0,"[{'name': 'cap', 'type': 'int', 'value': 'CAP_SYS_RESOURCE'}]",0,0
16022.587195,506,1,104,rs:main Q:Reg,ip-10-100-1-186,62,kill,2,0,"[{'name': 'pid', 'type': 'pid_t', 'value': 506}, {'name': 'sig', 'type': 'int', 'value': 22}]",0,0
16022.595971,506,1,104,rs:main Q:Reg,ip-10-100-1-186,1003,cap_capable,1,0,"[{'name': 'cap', 'type': 'int', 'value': 'CAP_SYS_RESOURCE'}]",0,0
16022.604102,159,1,0,systemd-journal,ip-10-100-1-186,3,close,1,0,"[{'name': 'fd', 'type': 'int', 'value': 33}]",0,0
16022.60427,159,1,0,systemd-journal,ip-10-100-1-186,5,fstat,2,0,"[{'name': 'fd', 'type': 'int', 'value': 33}, {'name': 'statbuf', 'type': 'struct stat*', 'value': '0x558C39ED0EA8'}]",0,0
16022.604335,159,1,0,systemd-journal,ip-10-100-1-186,257,openat,4,-2,"[{'name': 'dirfd', 'type': 'int', 'value': -100}, {'name': 'pathname', 'type': 'const char*', 'value': '/var/log/journal/cd4bbb49080545c3aed82cc00b5f152b/fss'}, {'name': 'flags', 'type': 'unsigned int', 'value': 'O_RDWR|O_NOCTTY|O_CLOEXEC'}, {'name': 'mode', 'type': 'int', 'value': 154005284}]",0,0
16022.604195,159,1,0,systemd-journal,ip-10-100-1-186,1005,security_file_open,4,0,"[{'name': 'pathname', 'type': 'const char*', 'value': '/var/log/journal/cd4bbb49080545c3aed82cc00b5f152b/user-1000.journal'}, {'name': 'flags', 'type': 'unsigned int', 'value': 'O_RDWR|O_CREAT|O_NONBLOCK|O_LARGEFILE'}, {'name': 'dev', 'type': 'dev_t', 'value': 211812353}, {'name': 'inode', 'type': 'unsigned long', 'value': 274143}]",1,0
16022.60423,159,1,0,systemd-journal,ip-10-100-1-186,257,openat,4,33,"[{'name': 'dirfd', 'type': 'int', 'value': -100}, {'name': 'pathname', 'type': 'const char*', 'value': '/var/log/journal/cd4bbb49080545c3aed82cc00b5f152b/user-1000.journal'}, {'name': 'flags', 'type': 'unsigned int', 'value': 'O_RDWR|O_CREAT|O_NONBLOCK|O_CLOEXEC'}, {'name': 'mode', 'type': 'int', 'value': 154005284}]",1,0
16022.61936,506,1,104,rs:main Q:Reg,ip-10-100-1-186,62,kill,2,0,"[{'name': 'pid', 'type': 'pid_t', 'value': 506}, {'name': 'sig', 'type': 'int', 'value': 22}]",0,0
16022.619553,506,1,104,rs:main Q:Reg,ip-10-100-1-186,62,kill,2,0,"[{'name': 'pid', 'type': 'pid_t', 'value': 506}, {'name': 'sig', 'type': 'int', 'value': 22}]",0,0
16022.619751,506,1,104,rs:main Q:Reg,ip-10-100-1-186,1003,cap_capable,1,0,"[{'name': 'cap', 'type': 'int', 'value': 'CAP_SYS_RESOURCE'}]",0,0
16022.619818,506,1,104,rs:main Q:Reg,ip-10-100-1-186,1003,cap_capable,1,0,"[{'name': 'cap', 'type': 'int', 'value': 'CAP_SYS_RESOURCE'}]",0,0
16022.628057,159,1,0,systemd-journal,ip-10-100-1-186,3,close,1,0,"[{'name': 'fd', 'type': 'int', 'value': 33}]",0,0
16022.64249,159,1,0,systemd-journal,ip-10-100-1-186,1005,security_file_open,4,0,"[{'name': 'pathname', 'type': 'const char*', 'value': '/var/log/journal/cd4bbb49080545c3aed82cc00b5f152b'}, {'name': 'flags', 'type': 'unsigned int', 'value': 'O_RDONLY|O_NONBLOCK|O_LARGEFILE|O_DIRECTORY'}, {'name': 'dev', 'type': 'dev_t', 'value': 211812353}, {'name': 'inode', 'type': 'unsigned long', 'value': 256001}]",0,0
16022.64256,159,1,0,systemd-journal,ip-10-100-1-186,5,fstat,2,0,"[{'name': 'fd', 'type': 'int', 'value': 33}, {'name': 'statbuf', 'type': 'struct stat*', 'value': '0x7FFDB7C1DB60'}]",0,0
16022.642533,159,1,0,systemd-journal,ip-10-100-1-186,257,openat,4,33,"[{'name': 'dirfd', 'type': 'int', 'value': -100}, {'name': 'pathname', 'type': 'const char*', 'value': '/var/log/journal/cd4bbb49080545c3aed82cc00b5f152b'}, {'name': 'flags', 'type': 'unsigned int', 'value': 'O_RDONLY|O_NONBLOCK|O_DIRECTORY|O_CLOEXEC'}, {'name': 'mode', 'type': 'int', 'value': 154027612}]",0,0
16022.642605,159,1,0,systemd-journal,ip-10-100-1-186,217,getdents64,3,336,"[{'name': 'fd', 'type': 'int', 'value': 33}, {'name': 'dirp', 'type': 'struct linux_dirent64*', 'value': '0x558C39F15970'}, {'name': 'count', 'type': 'size_t', 'value': 32768}]",0,0
16022.642637,159,1,0,systemd-journal,ip-10-100-1-186,1005,security_file_open,4,0,"[{'name': 'pathname', 'type': 'const char*', 'value': '/var/log/journal/cd4bbb49080545c3aed82cc00b5f152b/user-1000.journal'}, {'name': 'flags', 'type': 'unsigned int', 'value': 'O_RDWR|O_NOCTTY|O_NONBLOCK|O_LARGEFILE|O_NOFOLLOW'}, {'name': 'dev', 'type': 'dev_t', 'value': 211812353}, {'name': 'inode', 'type': 'unsigned long', 'value': 274143}]",1,0
16022.642668,159,1,0,systemd-journal,ip-10-100-1-186,257,openat,4,34,"[{'name': 'dirfd', 'type': 'int', 'value': 33}, {'name': 'pathname', 'type': 'const char*', 'value': 'user-1000.journal'}, {'name': 'flags', 'type': 'unsigned int', 'value': 'O_RDWR|O_NOCTTY|O_NONBLOCK|O_NOFOLLOW|O_CLOEXEC'}, {'name': 'mode', 'type': 'int', 'value': 154005683}]",1,0
16022.642702,159,1,0,systemd-journal,ip-10-100-1-186,5,fstat,2,0,"[{'name': 'fd', 'type': 'int', 'value': 34}, {'name': 'statbuf', 'type': 'struct stat*', 'value': '0x558C39ED0EA8'}]",0,0
16022.643105,506,1,104,rs:main Q:Reg,ip-10-100-1-186,62,kill,2,0,"[{'name': 'pid', 'type': 'pid_t', 'value': 506}, {'name': 'sig', 'type': 'int', 'value': 22}]",0,0
16022.643217,506,1,104,rs:main Q:Reg,ip-10-100-1-186,1003,cap_capable,1,0,"[{'name': 'cap', 'type': 'int', 'value': 'CAP_SYS_RESOURCE'}]",0,0
16022.642915,506,1,104,rs:main Q:Reg,ip-10-100-1-186,62,kill,2,0,"[{'name': 'pid', 'type': 'pid_t', 'value': 506}, {'name': 'sig', 'type': 'int', 'value': 22}]",0,0
16022.643252,506,1,104,rs:main Q:Reg,ip-10-100-1-186,1003,cap_capable,1,0,"[{'name': 'cap', 'type': 'int', 'value': 'CAP_SYS_RESOURCE'}]",0,0
16022.6515,159,1,0,systemd-journal,ip-10-100-1-186,257,openat,4,-2,"[{'name': 'dirfd', 'type': 'int', 'value': -100}, {'name': 'pathname', 'type': 'const char*', 'value': '/var/log/journal/cd4bbb49080545c3aed82cc00b5f152b/fss'}, {'name': 'flags', 'type': 'unsigned int', 'value': 'O_RDWR|O_NOCTTY|O_CLOEXEC'}, {'name': 'mode', 'type': 'int', 'value': 154005284}]",0,0
16022.666576,506,1,104,rs:main Q:Reg,ip-10-100-1-186,62,kill,2,0,"[{'name': 'pid', 'type': 'pid_t', 'value': 506}, {'name': 'sig', 'type': 'int', 'value': 22}]",0,0
16022.666745,506,1,104,rs:main Q:Reg,ip-10-100-1-186,62,kill,2,0,"[{'name': 'pid', 'type': 'pid_t', 'value': 506}, {'name': 'sig', 'type': 'int', 'value': 22}]",0,0
16022.666851,506,1,104,rs:main Q:Reg,ip-10-100-1-186,1003,cap_capable,1,0,"[{'name': 'cap', 'type': 'int', 'value': 'CAP_SYS_RESOURCE'}]",0,0
16022.666883,506,1,104,rs:main Q:Reg,ip-10-100-1-186,1003,cap_capable,1,0,"[{'name': 'cap', 'type': 'int', 'value': 'CAP_SYS_RESOURCE'}]",0,0
16022.682575,159,1,0,systemd-journal,ip-10-100-1-186,1005,security_file_open,4,0,"[{'name': 'pathname', 'type': 'const char*', 'value': '/var/log/journal/cd4bbb49080545c3aed82cc00b5f152b/user-1000@0005c2793f7c95c2-76fe22418202ac45.journal~'}, {'name': 'flags', 'type': 'unsigned int', 'value': 'O_RDONLY|O_NOCTTY|O_LARGEFILE|O_NOFOLLOW'}, {'name': 'dev', 'type': 'dev_t', 'value': 211812353}, {'name': 'inode', 'type': 'unsigned long', 'value': 274143}]",1,0
16022.682612,159,1,0,systemd-journal,ip-10-100-1-186,257,openat,4,39,"[{'name': 'dirfd', 'type': 'int', 'value': 33}, {'name': 'pathname', 'type': 'const char*', 'value': 'user-1000@0005c2793f7c95c2-76fe22418202ac45.journal~'}, {'name': 'flags', 'type': 'unsigned int', 'value': 'O_RDONLY|O_NOCTTY|O_NOFOLLOW|O_CLOEXEC'}, {'name': 'mode', 'type': 'int', 'value': 154005683}]",1,0
16022.68265,159,1,0,systemd-journal,ip-10-100-1-186,5,fstat,2,0,"[{'name': 'fd', 'type': 'int', 'value': 39}, {'name': 'statbuf', 'type': 'struct stat*', 'value': '0x7FFDB7C1DB10'}]",0,0
16022.682686,159,1,0,systemd-journal,ip-10-100-1-186,5,fstat,2,0,"[{'name': 'fd', 'type': 'int', 'value': 39}, {'name': 'statbuf', 'type': 'struct stat*', 'value': '0x7FFDB7C1DB20'}]",0,0
16022.682717,159,1,0,systemd-journal,ip-10-100-1-186,3,close,1,0,"[{'name': 'fd', 'type': 'int', 'value': 39}]",0,0
16022.683029,159,1,0,systemd-journal,ip-10-100-1-186,21,access,2,0,"[{'name': 'pathname', 'type': 'const char*', 'value': '/run/systemd/journal/flushed'}, {'name': 'mode', 'type': 'int', 'value': 'F_OK'}]",0,0
16022.683076,159,1,0,systemd-journal,ip-10-100-1-186,1005,security_file_open,4,0,"[{'name': 'pathname', 'type': 'const char*', 'value': '/var/log/journal/cd4bbb49080545c3aed82cc00b5f152b/system.journal'}, {'name': 'flags', 'type': 'unsigned int', 'value': 'O_RDWR|O_CREAT|O_NONBLOCK|O_LARGEFILE'}, {'name': 'dev', 'type': 'dev_t', 'value': 211812353}, {'name': 'inode', 'type': 'unsigned long', 'value': 274142}]",0,0
16022.682786,159,1,0,systemd-journal,ip-10-100-1-186,217,getdents64,3,0,"[{'name': 'fd', 'type': 'int', 'value': 33}, {'name': 'dirp', 'type': 'struct linux_dirent64*', 'value': '0x558C39F15970'}, {'name': 'count', 'type': 'size_t', 'value': 32768}]",0,0
16022.682825,159,1,0,systemd-journal,ip-10-100-1-186,3,close,1,0,"[{'name': 'fd', 'type': 'int', 'value': 33}]",0,0
16022.682914,159,1,0,systemd-journal,ip-10-100-1-186,5,fstat,2,0,"[{'name': 'fd', 'type': 'int', 'value': 36}, {'name': 'statbuf', 'type': 'struct stat*', 'value': '0x7FFDB7C1DAF0'}]",0,0
16022.698401,506,1,104,rs:main Q:Reg,ip-10-100-1-186,62,kill,2,0,"[{'name': 'pid', 'type': 'pid_t', 'value': 506}, {'name': 'sig', 'type': 'int', 'value': 22}]",0,0
16022.682945,159,1,0,systemd-journal,ip-10-100-1-186,5,fstat,2,0,"[{'name': 'fd', 'type': 'int', 'value': 36}, {'name': 'statbuf', 'type': 'struct stat*', 'value': '0x7FFDB7C1DB00'}]",0,0
16022.682985,159,1,0,systemd-journal,ip-10-100-1-186,3,close,1,0,"[{'name': 'fd', 'type': 'int', 'value': 36}]",0,0
16022.683149,159,1,0,systemd-journal,ip-10-100-1-186,5,fstat,2,0,"[{'name': 'fd', 'type': 'int', 'value': 33}, {'name': 'statbuf', 'type': 'struct stat*', 'value': '0x558C39EDDFA8'}]",0,0
16022.683106,159,1,0,systemd-journal,ip-10-100-1-186,257,openat,4,33,"[{'name': 'dirfd', 'type': 'int', 'value': -100}, {'name': 'pathname', 'type': 'const char*', 'value': '/var/log/journal/cd4bbb49080545c3aed82cc00b5f152b/system.journal'}, {'name': 'flags', 'type': 'unsigned int', 'value': 'O_RDWR|O_CREAT|O_NONBLOCK|O_CLOEXEC'}, {'name': 'mode', 'type': 'int', 'value': 154005284}]",0,0
16022.683325,159,1,0,systemd-journal,ip-10-100-1-186,257,openat,4,-2,"[{'name': 'dirfd', 'type': 'int', 'value': -100}, {'name': 'pathname', 'type': 'const char*', 'value': '/var/log/journal/cd4bbb49080545c3aed82cc00b5f152b/fss'}, {'name': 'flags', 'type': 'unsigned int', 'value': 'O_RDWR|O_NOCTTY|O_CLOEXEC'}, {'name': 'mode', 'type': 'int', 'value': 154005284}]",0,0
16022.698595,506,1,104,rs:main Q:Reg,ip-10-100-1-186,62,kill,2,0,"[{'name': 'pid', 'type': 'pid_t', 'value': 506}, {'name': 'sig', 'type': 'int', 'value': 22}]",0,0
16022.682742,159,1,0,systemd-journal,ip-10-100-1-186,3,close,1,0,"[{'name': 'fd', 'type': 'int', 'value': 34}]",0,0
16022.698703,506,1,104,rs:main Q:Reg,ip-10-100-1-186,1003,cap_capable,1,0,"[{'name': 'cap', 'type': 'int', 'value': 'CAP_SYS_RESOURCE'}]",0,0
16022.698746,506,1,104,rs:main Q:Reg,ip-10-100-1-186,1003,cap_capable,1,0,"[{'name': 'cap', 'type': 'int', 'value': 'CAP_SYS_RESOURCE'}]",0,0
16022.707043,159,1,0,systemd-journal,ip-10-100-1-186,3,close,1,0,"[{'name': 'fd', 'type': 'int', 'value': 33}]",0,0
16022.717217,506,1,104,rs:main Q:Reg,ip-10-100-1-186,62,kill,2,0,"[{'name': 'pid', 'type': 'pid_t', 'value': 506}, {'name': 'sig', 'type': 'int', 'value': 22}]",0,0
16022.7174,506,1,104,rs:main Q:Reg,ip-10-100-1-186,62,kill,2,0,"[{'name': 'pid', 'type': 'pid_t', 'value': 506}, {'name': 'sig', 'type': 'int', 'value': 22}]",0,0
16022.717514,506,1,104,rs:main Q:Reg,ip-10-100-1-186,1003,cap_capable,1,0,"[{'name': 'cap', 'type': 'int', 'value': 'CAP_SYS_RESOURCE'}]",0,0
16022.717549,506,1,104,rs:main Q:Reg,ip-10-100-1-186,1003,cap_capable,1,0,"[{'name': 'cap', 'type': 'int', 'value': 'CAP_SYS_RESOURCE'}]",0,0
16022.725677,159,1,0,systemd-journal,ip-10-100-1-186,4,stat,2,0,"[{'name': 'pathname', 'type': 'const char*', 'value': '/run/log/journal'}, {'name': 'statbuf', 'type': 'struct stat*', 'value': '0x7FFDB7C1DA40'}]",0,0
16022.725754,159,1,0,systemd-journal,ip-10-100-1-186,1005,security_file_open,4,0,"[{'name': 'pathname', 'type': 'const char*', 'value': '/run/log/journal/cd4bbb49080545c3aed82cc00b5f152b/system.journal'}, {'name': 'flags', 'type': 'unsigned int', 'value': 'O_RDWR|O_CREAT|O_NONBLOCK|O_LARGEFILE'}, {'name': 'dev', 'type': 'dev_t', 'value': 25}, {'name': 'inode', 'type': 'unsigned long', 'value': 480}]",0,0
16022.725788,159,1,0,systemd-journal,ip-10-100-1-186,257,openat,4,33,"[{'name': 'dirfd', 'type': 'int', 'value': -100}, {'name': 'pathname', 'type': 'const char*', 'value': '/run/log/journal/cd4bbb49080545c3aed82cc00b5f152b/system.journal'}, {'name': 'flags', 'type': 'unsigned int', 'value': 'O_RDWR|O_CREAT|O_NONBLOCK|O_CLOEXEC'}, {'name': 'mode', 'type': 'int', 'value': 154005284}]",0,0
16022.725921,159,1,0,systemd-journal,ip-10-100-1-186,5,fstat,2,0,"[{'name': 'fd', 'type': 'int', 'value': 33}, {'name': 'statbuf', 'type': 'struct stat*', 'value': '0x558C39EDDFA8'}]",0,0
16022.725827,159,1,0,systemd-journal,ip-10-100-1-186,5,fstat,2,0,"[{'name': 'fd', 'type': 'int', 'value': 33}, {'name': 'statbuf', 'type': 'struct stat*', 'value': '0x558C39EDDFA8'}]",0,0
16022.726094,159,1,0,systemd-journal,ip-10-100-1-186,5,fstat,2,0,"[{'name': 'fd', 'type': 'int', 'value': 33}, {'name': 'statbuf', 'type': 'struct stat*', 'value': '0x7FFDB7C1D8C0'}]",0,0
16022.726151,159,1,0,systemd-journal,ip-10-100-1-186,1005,security_file_open,4,0,"[{'name': 'pathname', 'type': 'const char*', 'value': '/run/log/journal/cd4bbb49080545c3aed82cc00b5f152b'}, {'name': 'flags', 'type': 'unsigned int', 'value': 'O_RDONLY|O_LARGEFILE|O_DIRECTORY'}, {'name': 'dev', 'type': 'dev_t', 'value': 25}, {'name': 'inode', 'type': 'unsigned long', 'value': 468}]",0,0
16022.726219,159,1,0,systemd-journal,ip-10-100-1-186,257,openat,4,34,"[{'name': 'dirfd', 'type': 'int', 'value': -100}, {'name': 'pathname', 'type': 'const char*', 'value': '/run/log/journal/cd4bbb49080545c3aed82cc00b5f152b'}, {'name': 'flags', 'type': 'unsigned int', 'value': 'O_RDONLY|O_DIRECTORY|O_CLOEXEC'}, {'name': 'mode', 'type': 'int', 'value': 154005284}]",0,0
16022.726251,159,1,0,systemd-journal,ip-10-100-1-186,3,close,1,0,"[{'name': 'fd', 'type': 'int', 'value': 34}]",0,0
16022.729017,159,1,0,systemd-journal,ip-10-100-1-186,5,fstat,2,0,"[{'name': 'fd', 'type': 'int', 'value': 34}, {'name': 'statbuf', 'type': 'struct stat*', 'value': '0x7FFDB7C1D920'}]",0,0
16022.729052,159,1,0,systemd-journal,ip-10-100-1-186,217,getdents64,3,88,"[{'name': 'fd', 'type': 'int', 'value': 34}, {'name': 'dirp', 'type': 'struct linux_dirent64*', 'value': '0x558C39F15970'}, {'name': 'count', 'type': 'size_t', 'value': 32768}]",0,0
16022.729084,159,1,0,systemd-journal,ip-10-100-1-186,217,getdents64,3,0,"[{'name': 'fd', 'type': 'int', 'value': 34}, {'name': 'dirp', 'type': 'struct linux_dirent64*', 'value': '0x558C39F15970'}, {'name': 'count', 'type': 'size_t', 'value': 32768}]",0,0
16022.728991,159,1,0,systemd-journal,ip-10-100-1-186,257,openat,4,34,"[{'name': 'dirfd', 'type': 'int', 'value': -100}, {'name': 'pathname', 'type': 'const char*', 'value': '/run/log/journal/cd4bbb49080545c3aed82cc00b5f152b'}, {'name': 'flags', 'type': 'unsigned int', 'value': 'O_RDONLY|O_NONBLOCK|O_DIRECTORY|O_CLOEXEC'}, {'name': 'mode', 'type': 'int', 'value': 154027612}]",0,0
16022.728837,159,1,0,systemd-journal,ip-10-100-1-186,5,fstat,2,0,"[{'name': 'fd', 'type': 'int', 'value': 33}, {'name': 'statbuf', 'type': 'struct stat*', 'value': '0x558C39EDDFA8'}]",0,0
16022.728931,159,1,0,systemd-journal,ip-10-100-1-186,1005,security_file_open,4,0,"[{'name': 'pathname', 'type': 'const char*', 'value': '/run/log/journal/cd4bbb49080545c3aed82cc00b5f152b'}, {'name': 'flags', 'type': 'unsigned int', 'value': 'O_RDONLY|O_NONBLOCK|O_LARGEFILE|O_DIRECTORY'}, {'name': 'dev', 'type': 'dev_t', 'value': 25}, {'name': 'inode', 'type': 'unsigned long', 'value': 468}]",0,0
16022.729107,159,1,0,systemd-journal,ip-10-100-1-186,3,close,1,0,"[{'name': 'fd', 'type': 'int', 'value': 34}]",0,0
16022.729415,159,1,0,systemd-journal,ip-10-100-1-186,1003,cap_capable,1,0,"[{'name': 'cap', 'type': 'int', 'value': 'CAP_SYS_ADMIN'}]",0,0
16022.72948,159,1,0,systemd-journal,ip-10-100-1-186,21,access,2,0,"[{'name': 'pathname', 'type': 'const char*', 'value': '/run/systemd/journal/flushed'}, {'name': 'mode', 'type': 'int', 'value': 'F_OK'}]",0,0
16022.729517,159,1,0,systemd-journal,ip-10-100-1-186,1005,security_file_open,4,0,"[{'name': 'pathname', 'type': 'const char*', 'value': '/var/log/journal/cd4bbb49080545c3aed82cc00b5f152b/system.journal'}, {'name': 'flags', 'type': 'unsigned int', 'value': 'O_RDWR|O_CREAT|O_NONBLOCK|O_LARGEFILE'}, {'name': 'dev', 'type': 'dev_t', 'value': 211812353}, {'name': 'inode', 'type': 'unsigned long', 'value': 274142}]",0,0
16022.729546,159,1,0,systemd-journal,ip-10-100-1-186,257,openat,4,34,"[{'name': 'dirfd', 'type': 'int', 'value': -100}, {'name': 'pathname', 'type': 'const char*', 'value': '/var/log/journal/cd4bbb49080545c3aed82cc00b5f152b/system.journal'}, {'name': 'flags', 'type': 'unsigned int', 'value': 'O_RDWR|O_CREAT|O_NONBLOCK|O_CLOEXEC'}, {'name': 'mode', 'type': 'int', 'value': 154005284}]",0,0
16022.72958,159,1,0,systemd-journal,ip-10-100-1-186,5,fstat,2,0,"[{'name': 'fd', 'type': 'int', 'value': 34}, {'name': 'statbuf', 'type': 'struct stat*', 'value': '0x558C39ED0EA8'}]",0,0
16022.729639,159,1,0,systemd-journal,ip-10-100-1-186,257,openat,4,-2,"[{'name': 'dirfd', 'type': 'int', 'value': -100}, {'name': 'pathname', 'type': 'const char*', 'value': '/var/log/journal/cd4bbb49080545c3aed82cc00b5f152b/fss'}, {'name': 'flags', 'type': 'unsigned int', 'value': 'O_RDWR|O_NOCTTY|O_CLOEXEC'}, {'name': 'mode', 'type': 'int', 'value': 154005284}]",0,0
16022.760558,506,1,104,rs:main Q:Reg,ip-10-100-1-186,62,kill,2,0,"[{'name': 'pid', 'type': 'pid_t', 'value': 506}, {'name': 'sig', 'type': 'int', 'value': 22}]",0,0
16022.760936,506,1,104,rs:main Q:Reg,ip-10-100-1-186,62,kill,2,0,"[{'name': 'pid', 'type': 'pid_t', 'value': 506}, {'name': 'sig', 'type': 'int', 'value': 22}]",0,0
16022.761153,506,1,104,rs:main Q:Reg,ip-10-100-1-186,1003,cap_capable,1,0,"[{'name': 'cap', 'type': 'int', 'value': 'CAP_SYS_RESOURCE'}]",0,0
16022.761192,506,1,104,rs:main Q:Reg,ip-10-100-1-186,1003,cap_capable,1,0,"[{'name': 'cap', 'type': 'int', 'value': 'CAP_SYS_RESOURCE'}]",0,0
16022.771833,159,1,0,systemd-journal,ip-10-100-1-186,3,close,1,0,"[{'name': 'fd', 'type': 'int', 'value': 34}]",0,0
16022.772994,159,1,0,systemd-journal,ip-10-100-1-186,257,openat,4,-2,"[{'name': 'dirfd', 'type': 'int', 'value': -100}, {'name': 'pathname', 'type': 'const char*', 'value': '/var/log/journal/cd4bbb49080545c3aed82cc00b5f152b/fss'}, {'name': 'flags', 'type': 'unsigned int', 'value': 'O_RDWR|O_NOCTTY|O_CLOEXEC'}, {'name': 'mode', 'type': 'int', 'value': 154005284}]",0,0
16022.808825,506,1,104,rs:main Q:Reg,ip-10-100-1-186,62,kill,2,0,"[{'name': 'pid', 'type': 'pid_t', 'value': 506}, {'name': 'sig', 'type': 'int', 'value': 22}]",0,0
16022.772437,159,1,0,systemd-journal,ip-10-100-1-186,257,openat,4,34,"[{'name': 'dirfd', 'type': 'int', 'value': -100}, {'name': 'pathname', 'type': 'const char*', 'value': '/var/log/journal/cd4bbb49080545c3aed82cc00b5f152b/system.journal'}, {'name': 'flags', 'type': 'unsigned int', 'value': 'O_RDWR|O_CREAT|O_NONBLOCK|O_CLOEXEC'}, {'name': 'mode', 'type': 'int', 'value': 154005284}]",0,0
16022.809508,506,1,104,rs:main Q:Reg,ip-10-100-1-186,1003,cap_capable,1,0,"[{'name': 'cap', 'type': 'int', 'value': 'CAP_SYS_RESOURCE'}]",0,0
16022.772485,159,1,0,systemd-journal,ip-10-100-1-186,5,fstat,2,0,"[{'name': 'fd', 'type': 'int', 'value': 34}, {'name': 'statbuf', 'type': 'struct stat*', 'value': '0x558C39ED0EA8'}]",0,0
16022.820268,159,1,0,systemd-journal,ip-10-100-1-186,3,close,1,0,"[{'name': 'fd', 'type': 'int', 'value': 34}]",0,0
16022.809188,506,1,104,rs:main Q:Reg,ip-10-100-1-186,62,kill,2,0,"[{'name': 'pid', 'type': 'pid_t', 'value': 506}, {'name': 'sig', 'type': 'int', 'value': 22}]",0,0
16022.821065,159,1,0,systemd-journal,ip-10-100-1-186,257,openat,4,34,"[{'name': 'dirfd', 'type': 'int', 'value': -100}, {'name': 'pathname', 'type': 'const char*', 'value': '/proc/7145/status'}, {'name': 'flags', 'type': 'unsigned int', 'value': 'O_RDONLY|O_CLOEXEC'}, {'name': 'mode', 'type': 'int', 'value': 154005284}]",0,0
16022.821094,159,1,0,systemd-journal,ip-10-100-1-186,5,fstat,2,0,"[{'name': 'fd', 'type': 'int', 'value': 34}, {'name': 'statbuf', 'type': 'struct stat*', 'value': '0x7FFDB7C1DE20'}]",0,0
16022.771945,159,1,0,systemd-journal,ip-10-100-1-186,21,access,2,0,"[{'name': 'pathname', 'type': 'const char*', 'value': '/run/systemd/journal/flushed'}, {'name': 'mode', 'type': 'int', 'value': 'F_OK'}]",0,0
16022.809562,506,1,104,rs:main Q:Reg,ip-10-100-1-186,1003,cap_capable,1,0,"[{'name': 'cap', 'type': 'int', 'value': 'CAP_SYS_RESOURCE'}]",0,0
16022.821232,159,1,0,systemd-journal,ip-10-100-1-186,1005,security_file_open,4,0,"[{'name': 'pathname', 'type': 'const char*', 'value': '/proc/7145/status'}, {'name': 'flags', 'type': 'unsigned int', 'value': 'O_RDONLY|O_LARGEFILE'}, {'name': 'dev', 'type': 'dev_t', 'value': 5}, {'name': 'inode', 'type': 'unsigned long', 'value': 155700}]",0,0
16022.821026,159,1,0,systemd-journal,ip-10-100-1-186,1005,security_file_open,4,0,"[{'name': 'pathname', 'type': 'const char*', 'value': '/proc/7145/status'}, {'name': 'flags', 'type': 'unsigned int', 'value': 'O_RDONLY|O_LARGEFILE'}, {'name': 'dev', 'type': 'dev_t', 'value': 5}, {'name': 'inode', 'type': 'unsigned long', 'value': 155700}]",0,0
16022.821199,159,1,0,systemd-journal,ip-10-100-1-186,3,close,1,0,"[{'name': 'fd', 'type': 'int', 'value': 34}]",0,0
16022.771998,159,1,0,systemd-journal,ip-10-100-1-186,1005,security_file_open,4,0,"[{'name': 'pathname', 'type': 'const char*', 'value': '/var/log/journal/cd4bbb49080545c3aed82cc00b5f152b/system.journal'}, {'name': 'flags', 'type': 'unsigned int', 'value': 'O_RDWR|O_CREAT|O_NONBLOCK|O_LARGEFILE'}, {'name': 'dev', 'type': 'dev_t', 'value': 211812353}, {'name': 'inode', 'type': 'unsigned long', 'value': 274142}]",0,0
16022.82129,159,1,0,systemd-journal,ip-10-100-1-186,257,openat,4,34,"[{'name': 'dirfd', 'type': 'int', 'value': -100}, {'name': 'pathname', 'type': 'const char*', 'value': '/proc/7145/status'}, {'name': 'flags', 'type': 'unsigned int', 'value': 'O_RDONLY|O_CLOEXEC'}, {'name': 'mode', 'type': 'int', 'value': 154005284}]",0,0
16022.821316,159,1,0,systemd-journal,ip-10-100-1-186,5,fstat,2,0,"[{'name': 'fd', 'type': 'int', 'value': 34}, {'name': 'statbuf', 'type': 'struct stat*', 'value': '0x7FFDB7C1DE20'}]",0,0
16022.821411,159,1,0,systemd-journal,ip-10-100-1-186,3,close,1,0,"[{'name': 'fd', 'type': 'int', 'value': 34}]",0,0
16022.821444,159,1,0,systemd-journal,ip-10-100-1-186,1005,security_file_open,4,0,"[{'name': 'pathname', 'type': 'const char*', 'value': '/proc/7145/comm'}, {'name': 'flags', 'type': 'unsigned int', 'value': 'O_RDONLY|O_LARGEFILE'}, {'name': 'dev', 'type': 'dev_t', 'value': 5}, {'name': 'inode', 'type': 'unsigned long', 'value': 155701}]",0,0
16022.82225,159,1,0,journal-offline,ip-10-100-1-186,1010,sched_process_exit,0,0,[],0,0
16022.822297,159,1,0,systemd-journal,ip-10-100-1-186,257,openat,4,34,"[{'name': 'dirfd', 'type': 'int', 'value': -100}, {'name': 'pathname', 'type': 'const char*', 'value': '/proc/7145/comm'}, {'name': 'flags', 'type': 'unsigned int', 'value': 'O_RDONLY|O_CLOEXEC'}, {'name': 'mode', 'type': 'int', 'value': 154005284}]",0,0
16022.822606,159,1,0,systemd-journal,ip-10-100-1-186,1003,cap_capable,1,0,"[{'name': 'cap', 'type': 'int', 'value': 'CAP_SYS_PTRACE'}]",0,0
16022.822523,159,1,0,systemd-journal,ip-10-100-1-186,3,close,1,0,"[{'name': 'fd', 'type': 'int', 'value': 34}]",0,0
16022.822335,159,1,0,systemd-journal,ip-10-100-1-186,5,fstat,2,0,"[{'name': 'fd', 'type': 'int', 'value': 34}, {'name': 'statbuf', 'type': 'struct stat*', 'value': '0x7FFDB7C1DE20'}]",0,0
16022.822685,159,1,0,systemd-journal,ip-10-100-1-186,257,openat,4,34,"[{'name': 'dirfd', 'type': 'int', 'value': -100}, {'name': 'pathname', 'type': 'const char*', 'value': '/proc/7145/cmdline'}, {'name': 'flags', 'type': 'unsigned int', 'value': 'O_RDONLY|O_CLOEXEC'}, {'name': 'mode', 'type': 'int', 'value': 154005284}]",0,0
16022.822655,159,1,0,systemd-journal,ip-10-100-1-186,1005,security_file_open,4,0,"[{'name': 'pathname', 'type': 'const char*', 'value': '/proc/7145/cmdline'}, {'name': 'flags', 'type': 'unsigned int', 'value': 'O_RDONLY|O_LARGEFILE'}, {'name': 'dev', 'type': 'dev_t', 'value': 5}, {'name': 'inode', 'type': 'unsigned long', 'value': 155703}]",0,0
16022.82277,159,1,0,systemd-journal,ip-10-100-1-186,3,close,1,0,"[{'name': 'fd', 'type': 'int', 'value': 34}]",0,0
16022.822711,159,1,0,systemd-journal,ip-10-100-1-186,5,fstat,2,0,"[{'name': 'fd', 'type': 'int', 'value': 34}, {'name': 'statbuf', 'type': 'struct stat*', 'value': '0x7FFDB7C1DEB0'}]",0,0
16022.822799,159,1,0,systemd-journal,ip-10-100-1-186,1005,security_file_open,4,0,"[{'name': 'pathname', 'type': 'const char*', 'value': '/proc/7145/status'}, {'name': 'flags', 'type': 'unsigned int', 'value': 'O_RDONLY|O_LARGEFILE'}, {'name': 'dev', 'type': 'dev_t', 'value': 5}, {'name': 'inode', 'type': 'unsigned long', 'value': 155700}]",0,0
16022.822826,159,1,0,systemd-journal,ip-10-100-1-186,257,openat,4,34,"[{'name': 'dirfd', 'type': 'int', 'value': -100}, {'name': 'pathname', 'type': 'const char*', 'value': '/proc/7145/status'}, {'name': 'flags', 'type': 'unsigned int', 'value': 'O_RDONLY|O_CLOEXEC'}, {'name': 'mode', 'type': 'int', 'value': 154005284}]",0,0
16022.822864,159,1,0,systemd-journal,ip-10-100-1-186,5,fstat,2,0,"[{'name': 'fd', 'type': 'int', 'value': 34}, {'name': 'statbuf', 'type': 'struct stat*', 'value': '0x7FFDB7C1DF20'}]",0,0
16022.822905,159,1,0,systemd-journal,ip-10-100-1-186,3,close,1,0,"[{'name': 'fd', 'type': 'int', 'value': 34}]",0,0
16022.822944,159,1,0,systemd-journal,ip-10-100-1-186,1005,security_file_open,4,0,"[{'name': 'pathname', 'type': 'const char*', 'value': '/proc/7145/attr/current'}, {'name': 'flags', 'type': 'unsigned int', 'value': 'O_RDONLY|O_LARGEFILE'}, {'name': 'dev', 'type': 'dev_t', 'value': 5}, {'name': 'inode', 'type': 'unsigned long', 'value': 155705}]",0,0
16022.823016,159,1,0,systemd-journal,ip-10-100-1-186,3,close,1,0,"[{'name': 'fd', 'type': 'int', 'value': 34}]",0,0
16022.822984,159,1,0,systemd-journal,ip-10-100-1-186,257,openat,4,34,"[{'name': 'dirfd', 'type': 'int', 'value': -100}, {'name': 'pathname', 'type': 'const char*', 'value': '/proc/7145/attr/current'}, {'name': 'flags', 'type': 'unsigned int', 'value': 'O_RDONLY|O_CLOEXEC'}, {'name': 'mode', 'type': 'int', 'value': 154005284}]",0,0
16022.823046,159,1,0,systemd-journal,ip-10-100-1-186,1005,security_file_open,4,0,"[{'name': 'pathname', 'type': 'const char*', 'value': '/proc/7145/sessionid'}, {'name': 'flags', 'type': 'unsigned int', 'value': 'O_RDONLY|O_LARGEFILE'}, {'name': 'dev', 'type': 'dev_t', 'value': 5}, {'name': 'inode', 'type': 'unsigned long', 'value': 155706}]",0,0
16022.824279,159,1,0,systemd-journal,ip-10-100-1-186,257,openat,4,34,"[{'name': 'dirfd', 'type': 'int', 'value': -100}, {'name': 'pathname', 'type': 'const char*', 'value': '/proc/7145/sessionid'}, {'name': 'flags', 'type': 'unsigned int', 'value': 'O_RDONLY|O_CLOEXEC'}, {'name': 'mode', 'type': 'int', 'value': 154005284}]",0,0
16022.824338,159,1,0,systemd-journal,ip-10-100-1-186,5,fstat,2,0,"[{'name': 'fd', 'type': 'int', 'value': 34}, {'name': 'statbuf', 'type': 'struct stat*', 'value': '0x7FFDB7C1DE10'}]",0,0
16022.824384,159,1,0,systemd-journal,ip-10-100-1-186,3,close,1,0,"[{'name': 'fd', 'type': 'int', 'value': 34}]",0,0
16022.824429,159,1,0,systemd-journal,ip-10-100-1-186,1005,security_file_open,4,0,"[{'name': 'pathname', 'type': 'const char*', 'value': '/proc/7145/loginuid'}, {'name': 'flags', 'type': 'unsigned int', 'value': 'O_RDONLY|O_LARGEFILE'}, {'name': 'dev', 'type': 'dev_t', 'value': 5}, {'name': 'inode', 'type': 'unsigned long', 'value': 155628}]",0,0
16022.824459,159,1,0,systemd-journal,ip-10-100-1-186,257,openat,4,34,"[{'name': 'dirfd', 'type': 'int', 'value': -100}, {'name': 'pathname', 'type': 'const char*', 'value': '/proc/7145/loginuid'}, {'name': 'flags', 'type': 'unsigned int', 'value': 'O_RDONLY|O_CLOEXEC'}, {'name': 'mode', 'type': 'int', 'value': 154005284}]",0,0
16022.824495,159,1,0,systemd-journal,ip-10-100-1-186,5,fstat,2,0,"[{'name': 'fd', 'type': 'int', 'value': 34}, {'name': 'statbuf', 'type': 'struct stat*', 'value': '0x7FFDB7C1DE10'}]",0,0
16022.824542,159,1,0,systemd-journal,ip-10-100-1-186,3,close,1,0,"[{'name': 'fd', 'type': 'int', 'value': 34}]",0,0
16022.824572,159,1,0,systemd-journal,ip-10-100-1-186,1005,security_file_open,4,0,"[{'name': 'pathname', 'type': 'const char*', 'value': '/proc/7145/cgroup'}, {'name': 'flags', 'type': 'unsigned int', 'value': 'O_RDONLY|O_LARGEFILE'}, {'name': 'dev', 'type': 'dev_t', 'value': 5}, {'name': 'inode', 'type': 'unsigned long', 'value': 155629}]",0,0
16022.824613,159,1,0,systemd-journal,ip-10-100-1-186,257,openat,4,34,"[{'name': 'dirfd', 'type': 'int', 'value': -100}, {'name': 'pathname', 'type': 'const char*', 'value': '/proc/7145/cgroup'}, {'name': 'flags', 'type': 'unsigned int', 'value': 'O_RDONLY|O_CLOEXEC'}, {'name': 'mode', 'type': 'int', 'value': 154005284}]",0,0
16022.824639,159,1,0,systemd-journal,ip-10-100-1-186,5,fstat,2,0,"[{'name': 'fd', 'type': 'int', 'value': 34}, {'name': 'statbuf', 'type': 'struct stat*', 'value': '0x7FFDB7C1DDB0'}]",0,0
16022.834729,159,1,0,systemd-journal,ip-10-100-1-186,3,close,1,0,"[{'name': 'fd', 'type': 'int', 'value': 34}]",0,0
16022.836203,159,1,0,systemd-journal,ip-10-100-1-186,257,openat,4,-2,"[{'name': 'dirfd', 'type': 'int', 'value': -100}, {'name': 'pathname', 'type': 'const char*', 'value': '/run/systemd/units/log-extra-fields:sensor.service'}, {'name': 'flags', 'type': 'unsigned int', 'value': 'O_RDONLY|O_CLOEXEC'}, {'name': 'mode', 'type': 'int', 'value': 154005284}]",0,0
16022.836267,159,1,0,systemd-journal,ip-10-100-1-186,1003,cap_capable,1,0,"[{'name': 'cap', 'type': 'int', 'value': 'CAP_SYS_ADMIN'}]",0,0
16022.83723,159,1,0,systemd-journal,ip-10-100-1-186,21,access,2,0,"[{'name': 'pathname', 'type': 'const char*', 'value': '/run/systemd/journal/flushed'}, {'name': 'mode', 'type': 'int', 'value': 'F_OK'}]",0,0
16022.837283,159,1,0,systemd-journal,ip-10-100-1-186,1005,security_file_open,4,0,"[{'name': 'pathname', 'type': 'const char*', 'value': '/var/log/journal/cd4bbb49080545c3aed82cc00b5f152b/system.journal'}, {'name': 'flags', 'type': 'unsigned int', 'value': 'O_RDWR|O_CREAT|O_NONBLOCK|O_LARGEFILE'}, {'name': 'dev', 'type': 'dev_t', 'value': 211812353}, {'name': 'inode', 'type': 'unsigned long', 'value': 274142}]",0,0
16022.837316,159,1,0,systemd-journal,ip-10-100-1-186,257,openat,4,34,"[{'name': 'dirfd', 'type': 'int', 'value': -100}, {'name': 'pathname', 'type': 'const char*', 'value': '/var/log/journal/cd4bbb49080545c3aed82cc00b5f152b/system.journal'}, {'name': 'flags', 'type': 'unsigned int', 'value': 'O_RDWR|O_CREAT|O_NONBLOCK|O_CLOEXEC'}, {'name': 'mode', 'type': 'int', 'value': 154005284}]",0,0
16022.837357,159,1,0,systemd-journal,ip-10-100-1-186,5,fstat,2,0,"[{'name': 'fd', 'type': 'int', 'value': 34}, {'name': 'statbuf', 'type': 'struct stat*', 'value': '0x558C39ED0EA8'}]",0,0
16022.837425,159,1,0,systemd-journal,ip-10-100-1-186,257,openat,4,-2,"[{'name': 'dirfd', 'type': 'int', 'value': -100}, {'name': 'pathname', 'type': 'const char*', 'value': '/var/log/journal/cd4bbb49080545c3aed82cc00b5f152b/fss'}, {'name': 'flags', 'type': 'unsigned int', 'value': 'O_RDWR|O_NOCTTY|O_CLOEXEC'}, {'name': 'mode', 'type': 'int', 'value': 154005284}]",0,0
16022.862044,506,1,104,rs:main Q:Reg,ip-10-100-1-186,62,kill,2,0,"[{'name': 'pid', 'type': 'pid_t', 'value': 506}, {'name': 'sig', 'type': 'int', 'value': 22}]",0,0
16022.86229,506,1,104,rs:main Q:Reg,ip-10-100-1-186,62,kill,2,0,"[{'name': 'pid', 'type': 'pid_t', 'value': 506}, {'name': 'sig', 'type': 'int', 'value': 22}]",0,0
16022.862549,506,1,104,rs:main Q:Reg,ip-10-100-1-186,1003,cap_capable,1,0,"[{'name': 'cap', 'type': 'int', 'value': 'CAP_SYS_RESOURCE'}]",0,0
16022.8627,506,1,104,rs:main Q:Reg,ip-10-100-1-186,1003,cap_capable,1,0,"[{'name': 'cap', 'type': 'int', 'value': 'CAP_SYS_RESOURCE'}]",0,0
16022.882899,159,1,0,systemd-journal,ip-10-100-1-186,3,close,1,0,"[{'name': 'fd', 'type': 'int', 'value': 34}]",0,0
16022.883182,159,1,0,systemd-journal,ip-10-100-1-186,21,access,2,0,"[{'name': 'pathname', 'type': 'const char*', 'value': '/run/systemd/journal/flushed'}, {'name': 'mode', 'type': 'int', 'value': 'F_OK'}]",0,0
16022.883238,159,1,0,systemd-journal,ip-10-100-1-186,1005,security_file_open,4,0,"[{'name': 'pathname', 'type': 'const char*', 'value': '/var/log/journal/cd4bbb49080545c3aed82cc00b5f152b/system.journal'}, {'name': 'flags', 'type': 'unsigned int', 'value': 'O_RDWR|O_CREAT|O_NONBLOCK|O_LARGEFILE'}, {'name': 'dev', 'type': 'dev_t', 'value': 211812353}, {'name': 'inode', 'type': 'unsigned long', 'value': 274142}]",0,0
16022.883272,159,1,0,systemd-journal,ip-10-100-1-186,257,openat,4,34,"[{'name': 'dirfd', 'type': 'int', 'value': -100}, {'name': 'pathname', 'type': 'const char*', 'value': '/var/log/journal/cd4bbb49080545c3aed82cc00b5f152b/system.journal'}, {'name': 'flags', 'type': 'unsigned int', 'value': 'O_RDWR|O_CREAT|O_NONBLOCK|O_CLOEXEC'}, {'name': 'mode', 'type': 'int', 'value': 154005284}]",0,0
16022.883313,159,1,0,systemd-journal,ip-10-100-1-186,5,fstat,2,0,"[{'name': 'fd', 'type': 'int', 'value': 34}, {'name': 'statbuf', 'type': 'struct stat*', 'value': '0x558C39ED0EA8'}]",0,0
16022.883386,159,1,0,systemd-journal,ip-10-100-1-186,257,openat,4,-2,"[{'name': 'dirfd', 'type': 'int', 'value': -100}, {'name': 'pathname', 'type': 'const char*', 'value': '/var/log/journal/cd4bbb49080545c3aed82cc00b5f152b/fss'}, {'name': 'flags', 'type': 'unsigned int', 'value': 'O_RDWR|O_NOCTTY|O_CLOEXEC'}, {'name': 'mode', 'type': 'int', 'value': 154005284}]",0,0
16022.910343,506,1,104,rs:main Q:Reg,ip-10-100-1-186,62,kill,2,0,"[{'name': 'pid', 'type': 'pid_t', 'value': 506}, {'name': 'sig', 'type': 'int', 'value': 22}]",0,0
16022.910741,506,1,104,rs:main Q:Reg,ip-10-100-1-186,62,kill,2,0,"[{'name': 'pid', 'type': 'pid_t', 'value': 506}, {'name': 'sig', 'type': 'int', 'value': 22}]",0,0
16022.910988,506,1,104,rs:main Q:Reg,ip-10-100-1-186,1003,cap_capable,1,0,"[{'name': 'cap', 'type': 'int', 'value': 'CAP_SYS_RESOURCE'}]",0,0
16022.911048,506,1,104,rs:main Q:Reg,ip-10-100-1-186,1003,cap_capable,1,0,"[{'name': 'cap', 'type': 'int', 'value': 'CAP_SYS_RESOURCE'}]",0,0
16022.931758,159,1,0,systemd-journal,ip-10-100-1-186,3,close,1,0,"[{'name': 'fd', 'type': 'int', 'value': 34}]",0,0
16022.932257,159,1,0,systemd-journal,ip-10-100-1-186,1003,cap_capable,1,0,"[{'name': 'cap', 'type': 'int', 'value': 'CAP_SYS_ADMIN'}]",0,0
16022.932338,159,1,0,systemd-journal,ip-10-100-1-186,21,access,2,0,"[{'name': 'pathname', 'type': 'const char*', 'value': '/run/systemd/journal/flushed'}, {'name': 'mode', 'type': 'int', 'value': 'F_OK'}]",0,0
16022.932386,159,1,0,systemd-journal,ip-10-100-1-186,1005,security_file_open,4,0,"[{'name': 'pathname', 'type': 'const char*', 'value': '/var/log/journal/cd4bbb49080545c3aed82cc00b5f152b/system.journal'}, {'name': 'flags', 'type': 'unsigned int', 'value': 'O_RDWR|O_CREAT|O_NONBLOCK|O_LARGEFILE'}, {'name': 'dev', 'type': 'dev_t', 'value': 211812353}, {'name': 'inode', 'type': 'unsigned long', 'value': 274142}]",0,0
16022.93242,159,1,0,systemd-journal,ip-10-100-1-186,257,openat,4,34,"[{'name': 'dirfd', 'type': 'int', 'value': -100}, {'name': 'pathname', 'type': 'const char*', 'value': '/var/log/journal/cd4bbb49080545c3aed82cc00b5f152b/system.journal'}, {'name': 'flags', 'type': 'unsigned int', 'value': 'O_RDWR|O_CREAT|O_NONBLOCK|O_CLOEXEC'}, {'name': 'mode', 'type': 'int', 'value': 154005284}]",0,0
16022.932459,159,1,0,systemd-journal,ip-10-100-1-186,5,fstat,2,0,"[{'name': 'fd', 'type': 'int', 'value': 34}, {'name': 'statbuf', 'type': 'struct stat*', 'value': '0x558C39ED0EA8'}]",0,0
16022.932527,159,1,0,systemd-journal,ip-10-100-1-186,257,openat,4,-2,"[{'name': 'dirfd', 'type': 'int', 'value': -100}, {'name': 'pathname', 'type': 'const char*', 'value': '/var/log/journal/cd4bbb49080545c3aed82cc00b5f152b/fss'}, {'name': 'flags', 'type': 'unsigned int', 'value': 'O_RDWR|O_NOCTTY|O_CLOEXEC'}, {'name': 'mode', 'type': 'int', 'value': 154005284}]",0,0
16022.949666,506,1,104,rs:main Q:Reg,ip-10-100-1-186,62,kill,2,0,"[{'name': 'pid', 'type': 'pid_t', 'value': 506}, {'name': 'sig', 'type': 'int', 'value': 22}]",0,0
16022.950706,506,1,104,rs:main Q:Reg,ip-10-100-1-186,62,kill,2,0,"[{'name': 'pid', 'type': 'pid_t', 'value': 506}, {'name': 'sig', 'type': 'int', 'value': 22}]",0,0
16022.951487,506,1,104,rs:main Q:Reg,ip-10-100-1-186,1003,cap_capable,1,0,"[{'name': 'cap', 'type': 'int', 'value': 'CAP_SYS_RESOURCE'}]",0,0
16022.951524,506,1,104,rs:main Q:Reg,ip-10-100-1-186,1003,cap_capable,1,0,"[{'name': 'cap', 'type': 'int', 'value': 'CAP_SYS_RESOURCE'}]",0,0
16022.980442,159,1,0,systemd-journal,ip-10-100-1-186,3,close,1,0,"[{'name': 'fd', 'type': 'int', 'value': 34}]",0,0
16022.980557,159,1,0,systemd-journal,ip-10-100-1-186,21,access,2,0,"[{'name': 'pathname', 'type': 'const char*', 'value': '/run/systemd/journal/flushed'}, {'name': 'mode', 'type': 'int', 'value': 'F_OK'}]",0,0
16022.980625,159,1,0,systemd-journal,ip-10-100-1-186,1005,security_file_open,4,0,"[{'name': 'pathname', 'type': 'const char*', 'value': '/var/log/journal/cd4bbb49080545c3aed82cc00b5f152b/system.journal'}, {'name': 'flags', 'type': 'unsigned int', 'value': 'O_RDWR|O_CREAT|O_NONBLOCK|O_LARGEFILE'}, {'name': 'dev', 'type': 'dev_t', 'value': 211812353}, {'name': 'inode', 'type': 'unsigned long', 'value': 274142}]",0,0
16022.98066,159,1,0,systemd-journal,ip-10-100-1-186,257,openat,4,34,"[{'name': 'dirfd', 'type': 'int', 'value': -100}, {'name': 'pathname', 'type': 'const char*', 'value': '/var/log/journal/cd4bbb49080545c3aed82cc00b5f152b/system.journal'}, {'name': 'flags', 'type': 'unsigned int', 'value': 'O_RDWR|O_CREAT|O_NONBLOCK|O_CLOEXEC'}, {'name': 'mode', 'type': 'int', 'value': 154005284}]",0,0
16022.980731,159,1,0,systemd-journal,ip-10-100-1-186,5,fstat,2,0,"[{'name': 'fd', 'type': 'int', 'value': 34}, {'name': 'statbuf', 'type': 'struct stat*', 'value': '0x558C39ED0EA8'}]",0,0
16022.992537,506,1,104,rs:main Q:Reg,ip-10-100-1-186,1003,cap_capable,1,0,"[{'name': 'cap', 'type': 'int', 'value': 'CAP_SYS_RESOURCE'}]",0,0
16022.981289,159,1,0,systemd-journal,ip-10-100-1-186,257,openat,4,-2,"[{'name': 'dirfd', 'type': 'int', 'value': -100}, {'name': 'pathname', 'type': 'const char*', 'value': '/var/log/journal/cd4bbb49080545c3aed82cc00b5f152b/fss'}, {'name': 'flags', 'type': 'unsigned int', 'value': 'O_RDWR|O_NOCTTY|O_CLOEXEC'}, {'name': 'mode', 'type': 'int', 'value': 154005284}]",0,0
16022.992265,506,1,104,rs:main Q:Reg,ip-10-100-1-186,62,kill,2,0,"[{'name': 'pid', 'type': 'pid_t', 'value': 506}, {'name': 'sig', 'type': 'int', 'value': 22}]",0,0
16023.033659,159,1,0,systemd-journal,ip-10-100-1-186,3,close,1,0,"[{'name': 'fd', 'type': 'int', 'value': 34}]",0,0
16023.033889,159,1,0,systemd-journal,ip-10-100-1-186,1003,cap_capable,1,0,"[{'name': 'cap', 'type': 'int', 'value': 'CAP_SYS_ADMIN'}]",0,0
16023.034082,159,1,0,systemd-journal,ip-10-100-1-186,257,openat,4,34,"[{'name': 'dirfd', 'type': 'int', 'value': -100}, {'name': 'pathname', 'type': 'const char*', 'value': '/var/log/journal/cd4bbb49080545c3aed82cc00b5f152b/system.journal'}, {'name': 'flags', 'type': 'unsigned int', 'value': 'O_RDWR|O_CREAT|O_NONBLOCK|O_CLOEXEC'}, {'name': 'mode', 'type': 'int', 'value': 154005284}]",0,0
16023.033977,159,1,0,systemd-journal,ip-10-100-1-186,21,access,2,0,"[{'name': 'pathname', 'type': 'const char*', 'value': '/run/systemd/journal/flushed'}, {'name': 'mode', 'type': 'int', 'value': 'F_OK'}]",0,0
16022.992572,506,1,104,rs:main Q:Reg,ip-10-100-1-186,1003,cap_capable,1,0,"[{'name': 'cap', 'type': 'int', 'value': 'CAP_SYS_RESOURCE'}]",0,0
16023.034046,159,1,0,systemd-journal,ip-10-100-1-186,1005,security_file_open,4,0,"[{'name': 'pathname', 'type': 'const char*', 'value': '/var/log/journal/cd4bbb49080545c3aed82cc00b5f152b/system.journal'}, {'name': 'flags', 'type': 'unsigned int', 'value': 'O_RDWR|O_CREAT|O_NONBLOCK|O_LARGEFILE'}, {'name': 'dev', 'type': 'dev_t', 'value': 211812353}, {'name': 'inode', 'type': 'unsigned long', 'value': 274142}]",0,0
16022.991975,506,1,104,rs:main Q:Reg,ip-10-100-1-186,62,kill,2,0,"[{'name': 'pid', 'type': 'pid_t', 'value': 506}, {'name': 'sig', 'type': 'int', 'value': 22}]",0,0
16023.034122,159,1,0,systemd-journal,ip-10-100-1-186,5,fstat,2,0,"[{'name': 'fd', 'type': 'int', 'value': 34}, {'name': 'statbuf', 'type': 'struct stat*', 'value': '0x558C39ED0EA8'}]",0,0
16023.034195,159,1,0,systemd-journal,ip-10-100-1-186,257,openat,4,-2,"[{'name': 'dirfd', 'type': 'int', 'value': -100}, {'name': 'pathname', 'type': 'const char*', 'value': '/var/log/journal/cd4bbb49080545c3aed82cc00b5f152b/fss'}, {'name': 'flags', 'type': 'unsigned int', 'value': 'O_RDWR|O_NOCTTY|O_CLOEXEC'}, {'name': 'mode', 'type': 'int', 'value': 154005284}]",0,0
16023.045256,506,1,104,rs:main Q:Reg,ip-10-100-1-186,62,kill,2,0,"[{'name': 'pid', 'type': 'pid_t', 'value': 506}, {'name': 'sig', 'type': 'int', 'value': 22}]",0,0
16023.045595,506,1,104,rs:main Q:Reg,ip-10-100-1-186,62,kill,2,0,"[{'name': 'pid', 'type': 'pid_t', 'value': 506}, {'name': 'sig', 'type': 'int', 'value': 22}]",0,0
16023.045839,506,1,104,rs:main Q:Reg,ip-10-100-1-186,1003,cap_capable,1,0,"[{'name': 'cap', 'type': 'int', 'value': 'CAP_SYS_RESOURCE'}]",0,0
16023.045873,506,1,104,rs:main Q:Reg,ip-10-100-1-186,1003,cap_capable,1,0,"[{'name': 'cap', 'type': 'int', 'value': 'CAP_SYS_RESOURCE'}]",0,0
16023.082076,159,1,0,systemd-journal,ip-10-100-1-186,3,close,1,0,"[{'name': 'fd', 'type': 'int', 'value': 34}]",0,0
16023.082201,159,1,0,systemd-journal,ip-10-100-1-186,21,access,2,0,"[{'name': 'pathname', 'type': 'const char*', 'value': '/run/systemd/journal/flushed'}, {'name': 'mode', 'type': 'int', 'value': 'F_OK'}]",0,0
16023.082255,159,1,0,systemd-journal,ip-10-100-1-186,1005,security_file_open,4,0,"[{'name': 'pathname', 'type': 'const char*', 'value': '/var/log/journal/cd4bbb49080545c3aed82cc00b5f152b/system.journal'}, {'name': 'flags', 'type': 'unsigned int', 'value': 'O_RDWR|O_CREAT|O_NONBLOCK|O_LARGEFILE'}, {'name': 'dev', 'type': 'dev_t', 'value': 211812353}, {'name': 'inode', 'type': 'unsigned long', 'value': 274142}]",0,0
16023.082288,159,1,0,systemd-journal,ip-10-100-1-186,257,openat,4,34,"[{'name': 'dirfd', 'type': 'int', 'value': -100}, {'name': 'pathname', 'type': 'const char*', 'value': '/var/log/journal/cd4bbb49080545c3aed82cc00b5f152b/system.journal'}, {'name': 'flags', 'type': 'unsigned int', 'value': 'O_RDWR|O_CREAT|O_NONBLOCK|O_CLOEXEC'}, {'name': 'mode', 'type': 'int', 'value': 154005284}]",0,0
16023.082327,159,1,0,systemd-journal,ip-10-100-1-186,5,fstat,2,0,"[{'name': 'fd', 'type': 'int', 'value': 34}, {'name': 'statbuf', 'type': 'struct stat*', 'value': '0x558C39ED0EA8'}]",0,0
16023.082394,159,1,0,systemd-journal,ip-10-100-1-186,257,openat,4,-2,"[{'name': 'dirfd', 'type': 'int', 'value': -100}, {'name': 'pathname', 'type': 'const char*', 'value': '/var/log/journal/cd4bbb49080545c3aed82cc00b5f152b/fss'}, {'name': 'flags', 'type': 'unsigned int', 'value': 'O_RDWR|O_NOCTTY|O_CLOEXEC'}, {'name': 'mode', 'type': 'int', 'value': 154005284}]",0,0
16023.100324,506,1,104,rs:main Q:Reg,ip-10-100-1-186,62,kill,2,0,"[{'name': 'pid', 'type': 'pid_t', 'value': 506}, {'name': 'sig', 'type': 'int', 'value': 22}]",0,0
16023.100607,506,1,104,rs:main Q:Reg,ip-10-100-1-186,62,kill,2,0,"[{'name': 'pid', 'type': 'pid_t', 'value': 506}, {'name': 'sig', 'type': 'int', 'value': 22}]",0,0
16023.101018,506,1,104,rs:main Q:Reg,ip-10-100-1-186,1003,cap_capable,1,0,"[{'name': 'cap', 'type': 'int', 'value': 'CAP_SYS_RESOURCE'}]",0,0
16023.129393,159,1,0,systemd-journal,ip-10-100-1-186,3,close,1,0,"[{'name': 'fd', 'type': 'int', 'value': 34}]",0,0
16023.129657,159,1,0,systemd-journal,ip-10-100-1-186,21,access,2,0,"[{'name': 'pathname', 'type': 'const char*', 'value': '/run/systemd/journal/flushed'}, {'name': 'mode', 'type': 'int', 'value': 'F_OK'}]",0,0
16023.129579,159,1,0,systemd-journal,ip-10-100-1-186,1003,cap_capable,1,0,"[{'name': 'cap', 'type': 'int', 'value': 'CAP_SYS_ADMIN'}]",0,0
16023.100981,506,1,104,rs:main Q:Reg,ip-10-100-1-186,1003,cap_capable,1,0,"[{'name': 'cap', 'type': 'int', 'value': 'CAP_SYS_RESOURCE'}]",0,0
16023.129703,159,1,0,systemd-journal,ip-10-100-1-186,1005,security_file_open,4,0,"[{'name': 'pathname', 'type': 'const char*', 'value': '/var/log/journal/cd4bbb49080545c3aed82cc00b5f152b/system.journal'}, {'name': 'flags', 'type': 'unsigned int', 'value': 'O_RDWR|O_CREAT|O_NONBLOCK|O_LARGEFILE'}, {'name': 'dev', 'type': 'dev_t', 'value': 211812353}, {'name': 'inode', 'type': 'unsigned long', 'value': 274142}]",0,0
16023.129737,159,1,0,systemd-journal,ip-10-100-1-186,257,openat,4,34,"[{'name': 'dirfd', 'type': 'int', 'value': -100}, {'name': 'pathname', 'type': 'const char*', 'value': '/var/log/journal/cd4bbb49080545c3aed82cc00b5f152b/system.journal'}, {'name': 'flags', 'type': 'unsigned int', 'value': 'O_RDWR|O_CREAT|O_NONBLOCK|O_CLOEXEC'}, {'name': 'mode', 'type': 'int', 'value': 154005284}]",0,0
16023.129776,159,1,0,systemd-journal,ip-10-100-1-186,5,fstat,2,0,"[{'name': 'fd', 'type': 'int', 'value': 34}, {'name': 'statbuf', 'type': 'struct stat*', 'value': '0x558C39ED0EA8'}]",0,0
16023.129858,159,1,0,systemd-journal,ip-10-100-1-186,257,openat,4,-2,"[{'name': 'dirfd', 'type': 'int', 'value': -100}, {'name': 'pathname', 'type': 'const char*', 'value': '/var/log/journal/cd4bbb49080545c3aed82cc00b5f152b/fss'}, {'name': 'flags', 'type': 'unsigned int', 'value': 'O_RDWR|O_NOCTTY|O_CLOEXEC'}, {'name': 'mode', 'type': 'int', 'value': 154005284}]",0,0
16023.148545,506,1,104,rs:main Q:Reg,ip-10-100-1-186,62,kill,2,0,"[{'name': 'pid', 'type': 'pid_t', 'value': 506}, {'name': 'sig', 'type': 'int', 'value': 22}]",0,0
16023.148865,506,1,104,rs:main Q:Reg,ip-10-100-1-186,62,kill,2,0,"[{'name': 'pid', 'type': 'pid_t', 'value': 506}, {'name': 'sig', 'type': 'int', 'value': 22}]",0,0
16023.149146,506,1,104,rs:main Q:Reg,ip-10-100-1-186,1003,cap_capable,1,0,"[{'name': 'cap', 'type': 'int', 'value': 'CAP_SYS_RESOURCE'}]",0,0
16023.168625,159,1,0,systemd-journal,ip-10-100-1-186,3,close,1,0,"[{'name': 'fd', 'type': 'int', 'value': 34}]",0,0
16023.149105,506,1,104,rs:main Q:Reg,ip-10-100-1-186,1003,cap_capable,1,0,"[{'name': 'cap', 'type': 'int', 'value': 'CAP_SYS_RESOURCE'}]",0,0
16023.168729,159,1,0,systemd-journal,ip-10-100-1-186,21,access,2,0,"[{'name': 'pathname', 'type': 'const char*', 'value': '/run/systemd/journal/flushed'}, {'name': 'mode', 'type': 'int', 'value': 'F_OK'}]",0,0
16023.177996,159,1,0,systemd-journal,ip-10-100-1-186,1005,security_file_open,4,0,"[{'name': 'pathname', 'type': 'const char*', 'value': '/var/log/journal/cd4bbb49080545c3aed82cc00b5f152b/system.journal'}, {'name': 'flags', 'type': 'unsigned int', 'value': 'O_RDWR|O_CREAT|O_NONBLOCK|O_LARGEFILE'}, {'name': 'dev', 'type': 'dev_t', 'value': 211812353}, {'name': 'inode', 'type': 'unsigned long', 'value': 274142}]",0,0
16023.17804,159,1,0,systemd-journal,ip-10-100-1-186,257,openat,4,34,"[{'name': 'dirfd', 'type': 'int', 'value': -100}, {'name': 'pathname', 'type': 'const char*', 'value': '/var/log/journal/cd4bbb49080545c3aed82cc00b5f152b/system.journal'}, {'name': 'flags', 'type': 'unsigned int', 'value': 'O_RDWR|O_CREAT|O_NONBLOCK|O_CLOEXEC'}, {'name': 'mode', 'type': 'int', 'value': 154005284}]",0,0
16023.178081,159,1,0,systemd-journal,ip-10-100-1-186,5,fstat,2,0,"[{'name': 'fd', 'type': 'int', 'value': 34}, {'name': 'statbuf', 'type': 'struct stat*', 'value': '0x558C39ED0EA8'}]",0,0
16023.178154,159,1,0,systemd-journal,ip-10-100-1-186,257,openat,4,-2,"[{'name': 'dirfd', 'type': 'int', 'value': -100}, {'name': 'pathname', 'type': 'const char*', 'value': '/var/log/journal/cd4bbb49080545c3aed82cc00b5f152b/fss'}, {'name': 'flags', 'type': 'unsigned int', 'value': 'O_RDWR|O_NOCTTY|O_CLOEXEC'}, {'name': 'mode', 'type': 'int', 'value': 154005284}]",0,0
16023.197117,506,1,104,rs:main Q:Reg,ip-10-100-1-186,62,kill,2,0,"[{'name': 'pid', 'type': 'pid_t', 'value': 506}, {'name': 'sig', 'type': 'int', 'value': 22}]",0,0
16023.197298,506,1,104,rs:main Q:Reg,ip-10-100-1-186,1003,cap_capable,1,0,"[{'name': 'cap', 'type': 'int', 'value': 'CAP_SYS_RESOURCE'}]",0,0
16023.196625,506,1,104,rs:main Q:Reg,ip-10-100-1-186,62,kill,2,0,"[{'name': 'pid', 'type': 'pid_t', 'value': 506}, {'name': 'sig', 'type': 'int', 'value': 22}]",0,0
16023.197334,506,1,104,rs:main Q:Reg,ip-10-100-1-186,1003,cap_capable,1,0,"[{'name': 'cap', 'type': 'int', 'value': 'CAP_SYS_RESOURCE'}]",0,0
16023.218959,159,1,0,systemd-journal,ip-10-100-1-186,3,close,1,0,"[{'name': 'fd', 'type': 'int', 'value': 34}]",0,0
16023.221966,159,1,0,systemd-journal,ip-10-100-1-186,21,access,2,0,"[{'name': 'pathname', 'type': 'const char*', 'value': '/run/systemd/journal/flushed'}, {'name': 'mode', 'type': 'int', 'value': 'F_OK'}]",0,0
16023.222019,159,1,0,systemd-journal,ip-10-100-1-186,1005,security_file_open,4,0,"[{'name': 'pathname', 'type': 'const char*', 'value': '/var/log/journal/cd4bbb49080545c3aed82cc00b5f152b/system.journal'}, {'name': 'flags', 'type': 'unsigned int', 'value': 'O_RDWR|O_CREAT|O_NONBLOCK|O_LARGEFILE'}, {'name': 'dev', 'type': 'dev_t', 'value': 211812353}, {'name': 'inode', 'type': 'unsigned long', 'value': 274142}]",0,0
16023.221277,159,1,0,systemd-journal,ip-10-100-1-186,1003,cap_capable,1,0,"[{'name': 'cap', 'type': 'int', 'value': 'CAP_SYS_ADMIN'}]",0,0
16023.222063,159,1,0,systemd-journal,ip-10-100-1-186,257,openat,4,34,"[{'name': 'dirfd', 'type': 'int', 'value': -100}, {'name': 'pathname', 'type': 'const char*', 'value': '/var/log/journal/cd4bbb49080545c3aed82cc00b5f152b/system.journal'}, {'name': 'flags', 'type': 'unsigned int', 'value': 'O_RDWR|O_CREAT|O_NONBLOCK|O_CLOEXEC'}, {'name': 'mode', 'type': 'int', 'value': 154005284}]",0,0
16023.222174,159,1,0,systemd-journal,ip-10-100-1-186,257,openat,4,-2,"[{'name': 'dirfd', 'type': 'int', 'value': -100}, {'name': 'pathname', 'type': 'const char*', 'value': '/var/log/journal/cd4bbb49080545c3aed82cc00b5f152b/fss'}, {'name': 'flags', 'type': 'unsigned int', 'value': 'O_RDWR|O_NOCTTY|O_CLOEXEC'}, {'name': 'mode', 'type': 'int', 'value': 154005284}]",0,0
16023.222105,159,1,0,systemd-journal,ip-10-100-1-186,5,fstat,2,0,"[{'name': 'fd', 'type': 'int', 'value': 34}, {'name': 'statbuf', 'type': 'struct stat*', 'value': '0x558C39ED0EA8'}]",0,0
16023.245639,506,1,104,rs:main Q:Reg,ip-10-100-1-186,62,kill,2,0,"[{'name': 'pid', 'type': 'pid_t', 'value': 506}, {'name': 'sig', 'type': 'int', 'value': 22}]",0,0
16023.245971,506,1,104,rs:main Q:Reg,ip-10-100-1-186,1003,cap_capable,1,0,"[{'name': 'cap', 'type': 'int', 'value': 'CAP_SYS_RESOURCE'}]",0,0
16023.246035,506,1,104,rs:main Q:Reg,ip-10-100-1-186,1003,cap_capable,1,0,"[{'name': 'cap', 'type': 'int', 'value': 'CAP_SYS_RESOURCE'}]",0,0
16023.26714,159,1,0,systemd-journal,ip-10-100-1-186,3,close,1,0,"[{'name': 'fd', 'type': 'int', 'value': 34}]",0,0
16023.245776,506,1,104,rs:main Q:Reg,ip-10-100-1-186,62,kill,2,0,"[{'name': 'pid', 'type': 'pid_t', 'value': 506}, {'name': 'sig', 'type': 'int', 'value': 22}]",0,0
16023.267272,159,1,0,systemd-journal,ip-10-100-1-186,21,access,2,0,"[{'name': 'pathname', 'type': 'const char*', 'value': '/run/systemd/journal/flushed'}, {'name': 'mode', 'type': 'int', 'value': 'F_OK'}]",0,0
16023.267355,159,1,0,systemd-journal,ip-10-100-1-186,1005,security_file_open,4,0,"[{'name': 'pathname', 'type': 'const char*', 'value': '/var/log/journal/cd4bbb49080545c3aed82cc00b5f152b/system.journal'}, {'name': 'flags', 'type': 'unsigned int', 'value': 'O_RDWR|O_CREAT|O_NONBLOCK|O_LARGEFILE'}, {'name': 'dev', 'type': 'dev_t', 'value': 211812353}, {'name': 'inode', 'type': 'unsigned long', 'value': 274142}]",0,0
16023.26739,159,1,0,systemd-journal,ip-10-100-1-186,257,openat,4,34,"[{'name': 'dirfd', 'type': 'int', 'value': -100}, {'name': 'pathname', 'type': 'const char*', 'value': '/var/log/journal/cd4bbb49080545c3aed82cc00b5f152b/system.journal'}, {'name': 'flags', 'type': 'unsigned int', 'value': 'O_RDWR|O_CREAT|O_NONBLOCK|O_CLOEXEC'}, {'name': 'mode', 'type': 'int', 'value': 154005284}]",0,0
16023.267429,159,1,0,systemd-journal,ip-10-100-1-186,5,fstat,2,0,"[{'name': 'fd', 'type': 'int', 'value': 34}, {'name': 'statbuf', 'type': 'struct stat*', 'value': '0x558C39ED0EA8'}]",0,0
16023.267495,159,1,0,systemd-journal,ip-10-100-1-186,257,openat,4,-2,"[{'name': 'dirfd', 'type': 'int', 'value': -100}, {'name': 'pathname', 'type': 'const char*', 'value': '/var/log/journal/cd4bbb49080545c3aed82cc00b5f152b/fss'}, {'name': 'flags', 'type': 'unsigned int', 'value': 'O_RDWR|O_NOCTTY|O_CLOEXEC'}, {'name': 'mode', 'type': 'int', 'value': 154005284}]",0,0
16023.29404,506,1,104,rs:main Q:Reg,ip-10-100-1-186,62,kill,2,0,"[{'name': 'pid', 'type': 'pid_t', 'value': 506}, {'name': 'sig', 'type': 'int', 'value': 22}]",0,0
16023.294836,506,1,104,rs:main Q:Reg,ip-10-100-1-186,62,kill,2,0,"[{'name': 'pid', 'type': 'pid_t', 'value': 506}, {'name': 'sig', 'type': 'int', 'value': 22}]",0,0
16023.295177,506,1,104,rs:main Q:Reg,ip-10-100-1-186,1003,cap_capable,1,0,"[{'name': 'cap', 'type': 'int', 'value': 'CAP_SYS_RESOURCE'}]",0,0
16023.295213,506,1,104,rs:main Q:Reg,ip-10-100-1-186,1003,cap_capable,1,0,"[{'name': 'cap', 'type': 'int', 'value': 'CAP_SYS_RESOURCE'}]",0,0
16023.316221,159,1,0,systemd-journal,ip-10-100-1-186,3,close,1,0,"[{'name': 'fd', 'type': 'int', 'value': 34}]",0,0
16023.316596,159,1,0,systemd-journal,ip-10-100-1-186,1003,cap_capable,1,0,"[{'name': 'cap', 'type': 'int', 'value': 'CAP_SYS_ADMIN'}]",0,0
16023.316676,159,1,0,systemd-journal,ip-10-100-1-186,21,access,2,0,"[{'name': 'pathname', 'type': 'const char*', 'value': '/run/systemd/journal/flushed'}, {'name': 'mode', 'type': 'int', 'value': 'F_OK'}]",0,0
16023.316859,159,1,0,systemd-journal,ip-10-100-1-186,1005,security_file_open,4,0,"[{'name': 'pathname', 'type': 'const char*', 'value': '/var/log/journal/cd4bbb49080545c3aed82cc00b5f152b/system.journal'}, {'name': 'flags', 'type': 'unsigned int', 'value': 'O_RDWR|O_CREAT|O_NONBLOCK|O_LARGEFILE'}, {'name': 'dev', 'type': 'dev_t', 'value': 211812353}, {'name': 'inode', 'type': 'unsigned long', 'value': 274142}]",0,0
16023.316899,159,1,0,systemd-journal,ip-10-100-1-186,257,openat,4,34,"[{'name': 'dirfd', 'type': 'int', 'value': -100}, {'name': 'pathname', 'type': 'const char*', 'value': '/var/log/journal/cd4bbb49080545c3aed82cc00b5f152b/system.journal'}, {'name': 'flags', 'type': 'unsigned int', 'value': 'O_RDWR|O_CREAT|O_NONBLOCK|O_CLOEXEC'}, {'name': 'mode', 'type': 'int', 'value': 154005284}]",0,0
16023.31694,159,1,0,systemd-journal,ip-10-100-1-186,5,fstat,2,0,"[{'name': 'fd', 'type': 'int', 'value': 34}, {'name': 'statbuf', 'type': 'struct stat*', 'value': '0x558C39ED0EA8'}]",0,0
16023.317011,159,1,0,systemd-journal,ip-10-100-1-186,257,openat,4,-2,"[{'name': 'dirfd', 'type': 'int', 'value': -100}, {'name': 'pathname', 'type': 'const char*', 'value': '/var/log/journal/cd4bbb49080545c3aed82cc00b5f152b/fss'}, {'name': 'flags', 'type': 'unsigned int', 'value': 'O_RDWR|O_NOCTTY|O_CLOEXEC'}, {'name': 'mode', 'type': 'int', 'value': 154005284}]",0,0
16023.329829,506,1,104,rs:main Q:Reg,ip-10-100-1-186,62,kill,2,0,"[{'name': 'pid', 'type': 'pid_t', 'value': 506}, {'name': 'sig', 'type': 'int', 'value': 22}]",0,0
16023.330699,506,1,104,rs:main Q:Reg,ip-10-100-1-186,62,kill,2,0,"[{'name': 'pid', 'type': 'pid_t', 'value': 506}, {'name': 'sig', 'type': 'int', 'value': 22}]",0,0
16023.332539,506,1,104,rs:main Q:Reg,ip-10-100-1-186,1003,cap_capable,1,0,"[{'name': 'cap', 'type': 'int', 'value': 'CAP_SYS_RESOURCE'}]",0,0
16023.332576,506,1,104,rs:main Q:Reg,ip-10-100-1-186,1003,cap_capable,1,0,"[{'name': 'cap', 'type': 'int', 'value': 'CAP_SYS_RESOURCE'}]",0,0
16023.364751,159,1,0,systemd-journal,ip-10-100-1-186,3,close,1,0,"[{'name': 'fd', 'type': 'int', 'value': 34}]",0,0
16023.364863,159,1,0,systemd-journal,ip-10-100-1-186,21,access,2,0,"[{'name': 'pathname', 'type': 'const char*', 'value': '/run/systemd/journal/flushed'}, {'name': 'mode', 'type': 'int', 'value': 'F_OK'}]",0,0
16023.364916,159,1,0,systemd-journal,ip-10-100-1-186,1005,security_file_open,4,0,"[{'name': 'pathname', 'type': 'const char*', 'value': '/var/log/journal/cd4bbb49080545c3aed82cc00b5f152b/system.journal'}, {'name': 'flags', 'type': 'unsigned int', 'value': 'O_RDWR|O_CREAT|O_NONBLOCK|O_LARGEFILE'}, {'name': 'dev', 'type': 'dev_t', 'value': 211812353}, {'name': 'inode', 'type': 'unsigned long', 'value': 274142}]",0,0
16023.364965,159,1,0,systemd-journal,ip-10-100-1-186,257,openat,4,34,"[{'name': 'dirfd', 'type': 'int', 'value': -100}, {'name': 'pathname', 'type': 'const char*', 'value': '/var/log/journal/cd4bbb49080545c3aed82cc00b5f152b/system.journal'}, {'name': 'flags', 'type': 'unsigned int', 'value': 'O_RDWR|O_CREAT|O_NONBLOCK|O_CLOEXEC'}, {'name': 'mode', 'type': 'int', 'value': 154005284}]",0,0
16023.365006,159,1,0,systemd-journal,ip-10-100-1-186,5,fstat,2,0,"[{'name': 'fd', 'type': 'int', 'value': 34}, {'name': 'statbuf', 'type': 'struct stat*', 'value': '0x558C39ED0EA8'}]",0,0
16023.365076,159,1,0,systemd-journal,ip-10-100-1-186,257,openat,4,-2,"[{'name': 'dirfd', 'type': 'int', 'value': -100}, {'name': 'pathname', 'type': 'const char*', 'value': '/var/log/journal/cd4bbb49080545c3aed82cc00b5f152b/fss'}, {'name': 'flags', 'type': 'unsigned int', 'value': 'O_RDWR|O_NOCTTY|O_CLOEXEC'}, {'name': 'mode', 'type': 'int', 'value': 154005284}]",0,0
16023.375913,506,1,104,rs:main Q:Reg,ip-10-100-1-186,62,kill,2,0,"[{'name': 'pid', 'type': 'pid_t', 'value': 506}, {'name': 'sig', 'type': 'int', 'value': 22}]",0,0
16023.376186,506,1,104,rs:main Q:Reg,ip-10-100-1-186,62,kill,2,0,"[{'name': 'pid', 'type': 'pid_t', 'value': 506}, {'name': 'sig', 'type': 'int', 'value': 22}]",0,0
16023.376472,506,1,104,rs:main Q:Reg,ip-10-100-1-186,1003,cap_capable,1,0,"[{'name': 'cap', 'type': 'int', 'value': 'CAP_SYS_RESOURCE'}]",0,0
16023.376508,506,1,104,rs:main Q:Reg,ip-10-100-1-186,1003,cap_capable,1,0,"[{'name': 'cap', 'type': 'int', 'value': 'CAP_SYS_RESOURCE'}]",0,0
16023.421484,159,1,0,systemd-journal,ip-10-100-1-186,3,close,1,0,"[{'name': 'fd', 'type': 'int', 'value': 34}]",0,0
16023.421679,159,1,0,systemd-journal,ip-10-100-1-186,1003,cap_capable,1,0,"[{'name': 'cap', 'type': 'int', 'value': 'CAP_SYS_ADMIN'}]",0,0
16023.422008,159,1,0,systemd-journal,ip-10-100-1-186,21,access,2,0,"[{'name': 'pathname', 'type': 'const char*', 'value': '/run/systemd/journal/flushed'}, {'name': 'mode', 'type': 'int', 'value': 'F_OK'}]",0,0
16023.42206,159,1,0,systemd-journal,ip-10-100-1-186,1005,security_file_open,4,0,"[{'name': 'pathname', 'type': 'const char*', 'value': '/var/log/journal/cd4bbb49080545c3aed82cc00b5f152b/system.journal'}, {'name': 'flags', 'type': 'unsigned int', 'value': 'O_RDWR|O_CREAT|O_NONBLOCK|O_LARGEFILE'}, {'name': 'dev', 'type': 'dev_t', 'value': 211812353}, {'name': 'inode', 'type': 'unsigned long', 'value': 274142}]",0,0
16023.422094,159,1,0,systemd-journal,ip-10-100-1-186,257,openat,4,34,"[{'name': 'dirfd', 'type': 'int', 'value': -100}, {'name': 'pathname', 'type': 'const char*', 'value': '/var/log/journal/cd4bbb49080545c3aed82cc00b5f152b/system.journal'}, {'name': 'flags', 'type': 'unsigned int', 'value': 'O_RDWR|O_CREAT|O_NONBLOCK|O_CLOEXEC'}, {'name': 'mode', 'type': 'int', 'value': 154005284}]",0,0
16023.422133,159,1,0,systemd-journal,ip-10-100-1-186,5,fstat,2,0,"[{'name': 'fd', 'type': 'int', 'value': 34}, {'name': 'statbuf', 'type': 'struct stat*', 'value': '0x558C39ED0EA8'}]",0,0
16023.422202,159,1,0,systemd-journal,ip-10-100-1-186,257,openat,4,-2,"[{'name': 'dirfd', 'type': 'int', 'value': -100}, {'name': 'pathname', 'type': 'const char*', 'value': '/var/log/journal/cd4bbb49080545c3aed82cc00b5f152b/fss'}, {'name': 'flags', 'type': 'unsigned int', 'value': 'O_RDWR|O_NOCTTY|O_CLOEXEC'}, {'name': 'mode', 'type': 'int', 'value': 154005284}]",0,0
16023.4325,506,1,104,rs:main Q:Reg,ip-10-100-1-186,62,kill,2,0,"[{'name': 'pid', 'type': 'pid_t', 'value': 506}, {'name': 'sig', 'type': 'int', 'value': 22}]",0,0
16023.432997,506,1,104,rs:main Q:Reg,ip-10-100-1-186,1003,cap_capable,1,0,"[{'name': 'cap', 'type': 'int', 'value': 'CAP_SYS_RESOURCE'}]",0,0
16023.433056,506,1,104,rs:main Q:Reg,ip-10-100-1-186,1003,cap_capable,1,0,"[{'name': 'cap', 'type': 'int', 'value': 'CAP_SYS_RESOURCE'}]",0,0
16023.432796,506,1,104,rs:main Q:Reg,ip-10-100-1-186,62,kill,2,0,"[{'name': 'pid', 'type': 'pid_t', 'value': 506}, {'name': 'sig', 'type': 'int', 'value': 22}]",0,0
16023.454233,159,1,0,systemd-journal,ip-10-100-1-186,3,close,1,0,"[{'name': 'fd', 'type': 'int', 'value': 34}]",0,0
16023.45455,159,1,0,systemd-journal,ip-10-100-1-186,21,access,2,0,"[{'name': 'pathname', 'type': 'const char*', 'value': '/run/systemd/journal/flushed'}, {'name': 'mode', 'type': 'int', 'value': 'F_OK'}]",0,0
16023.454611,159,1,0,systemd-journal,ip-10-100-1-186,1005,security_file_open,4,0,"[{'name': 'pathname', 'type': 'const char*', 'value': '/var/log/journal/cd4bbb49080545c3aed82cc00b5f152b/system.journal'}, {'name': 'flags', 'type': 'unsigned int', 'value': 'O_RDWR|O_CREAT|O_NONBLOCK|O_LARGEFILE'}, {'name': 'dev', 'type': 'dev_t', 'value': 211812353}, {'name': 'inode', 'type': 'unsigned long', 'value': 274142}]",0,0
16023.454645,159,1,0,systemd-journal,ip-10-100-1-186,257,openat,4,34,"[{'name': 'dirfd', 'type': 'int', 'value': -100}, {'name': 'pathname', 'type': 'const char*', 'value': '/var/log/journal/cd4bbb49080545c3aed82cc00b5f152b/system.journal'}, {'name': 'flags', 'type': 'unsigned int', 'value': 'O_RDWR|O_CREAT|O_NONBLOCK|O_CLOEXEC'}, {'name': 'mode', 'type': 'int', 'value': 154005284}]",0,0
16023.454684,159,1,0,systemd-journal,ip-10-100-1-186,5,fstat,2,0,"[{'name': 'fd', 'type': 'int', 'value': 34}, {'name': 'statbuf', 'type': 'struct stat*', 'value': '0x558C39ED0EA8'}]",0,0
16023.454753,159,1,0,systemd-journal,ip-10-100-1-186,257,openat,4,-2,"[{'name': 'dirfd', 'type': 'int', 'value': -100}, {'name': 'pathname', 'type': 'const char*', 'value': '/var/log/journal/cd4bbb49080545c3aed82cc00b5f152b/fss'}, {'name': 'flags', 'type': 'unsigned int', 'value': 'O_RDWR|O_NOCTTY|O_CLOEXEC'}, {'name': 'mode', 'type': 'int', 'value': 154005284}]",0,0
16023.465226,506,1,104,rs:main Q:Reg,ip-10-100-1-186,62,kill,2,0,"[{'name': 'pid', 'type': 'pid_t', 'value': 506}, {'name': 'sig', 'type': 'int', 'value': 22}]",0,0
16023.465469,506,1,104,rs:main Q:Reg,ip-10-100-1-186,62,kill,2,0,"[{'name': 'pid', 'type': 'pid_t', 'value': 506}, {'name': 'sig', 'type': 'int', 'value': 22}]",0,0
16023.46571,506,1,104,rs:main Q:Reg,ip-10-100-1-186,1003,cap_capable,1,0,"[{'name': 'cap', 'type': 'int', 'value': 'CAP_SYS_RESOURCE'}]",0,0
16023.465745,506,1,104,rs:main Q:Reg,ip-10-100-1-186,1003,cap_capable,1,0,"[{'name': 'cap', 'type': 'int', 'value': 'CAP_SYS_RESOURCE'}]",0,0
16023.509834,159,1,0,systemd-journal,ip-10-100-1-186,3,close,1,0,"[{'name': 'fd', 'type': 'int', 'value': 34}]",0,0
16023.510002,159,1,0,systemd-journal,ip-10-100-1-186,1003,cap_capable,1,0,"[{'name': 'cap', 'type': 'int', 'value': 'CAP_SYS_ADMIN'}]",0,0
16023.510079,159,1,0,systemd-journal,ip-10-100-1-186,21,access,2,0,"[{'name': 'pathname', 'type': 'const char*', 'value': '/run/systemd/journal/flushed'}, {'name': 'mode', 'type': 'int', 'value': 'F_OK'}]",0,0
16023.510125,159,1,0,systemd-journal,ip-10-100-1-186,1005,security_file_open,4,0,"[{'name': 'pathname', 'type': 'const char*', 'value': '/var/log/journal/cd4bbb49080545c3aed82cc00b5f152b/system.journal'}, {'name': 'flags', 'type': 'unsigned int', 'value': 'O_RDWR|O_CREAT|O_NONBLOCK|O_LARGEFILE'}, {'name': 'dev', 'type': 'dev_t', 'value': 211812353}, {'name': 'inode', 'type': 'unsigned long', 'value': 274142}]",0,0
16023.510157,159,1,0,systemd-journal,ip-10-100-1-186,257,openat,4,34,"[{'name': 'dirfd', 'type': 'int', 'value': -100}, {'name': 'pathname', 'type': 'const char*', 'value': '/var/log/journal/cd4bbb49080545c3aed82cc00b5f152b/system.journal'}, {'name': 'flags', 'type': 'unsigned int', 'value': 'O_RDWR|O_CREAT|O_NONBLOCK|O_CLOEXEC'}, {'name': 'mode', 'type': 'int', 'value': 154005284}]",0,0
16023.510196,159,1,0,systemd-journal,ip-10-100-1-186,5,fstat,2,0,"[{'name': 'fd', 'type': 'int', 'value': 34}, {'name': 'statbuf', 'type': 'struct stat*', 'value': '0x558C39ED0EA8'}]",0,0
16023.510301,159,1,0,systemd-journal,ip-10-100-1-186,257,openat,4,-2,"[{'name': 'dirfd', 'type': 'int', 'value': -100}, {'name': 'pathname', 'type': 'const char*', 'value': '/var/log/journal/cd4bbb49080545c3aed82cc00b5f152b/fss'}, {'name': 'flags', 'type': 'unsigned int', 'value': 'O_RDWR|O_NOCTTY|O_CLOEXEC'}, {'name': 'mode', 'type': 'int', 'value': 154005284}]",0,0
16023.521001,506,1,104,rs:main Q:Reg,ip-10-100-1-186,62,kill,2,0,"[{'name': 'pid', 'type': 'pid_t', 'value': 506}, {'name': 'sig', 'type': 'int', 'value': 22}]",0,0
16023.528563,506,1,104,rs:main Q:Reg,ip-10-100-1-186,62,kill,2,0,"[{'name': 'pid', 'type': 'pid_t', 'value': 506}, {'name': 'sig', 'type': 'int', 'value': 22}]",0,0
16023.528871,506,1,104,rs:main Q:Reg,ip-10-100-1-186,1003,cap_capable,1,0,"[{'name': 'cap', 'type': 'int', 'value': 'CAP_SYS_RESOURCE'}]",0,0
16023.528908,506,1,104,rs:main Q:Reg,ip-10-100-1-186,1003,cap_capable,1,0,"[{'name': 'cap', 'type': 'int', 'value': 'CAP_SYS_RESOURCE'}]",0,0
16023.543287,159,1,0,systemd-journal,ip-10-100-1-186,3,close,1,0,"[{'name': 'fd', 'type': 'int', 'value': 34}]",0,0
16023.54339,159,1,0,systemd-journal,ip-10-100-1-186,21,access,2,0,"[{'name': 'pathname', 'type': 'const char*', 'value': '/run/systemd/journal/flushed'}, {'name': 'mode', 'type': 'int', 'value': 'F_OK'}]",0,0
16023.54344,159,1,0,systemd-journal,ip-10-100-1-186,1005,security_file_open,4,0,"[{'name': 'pathname', 'type': 'const char*', 'value': '/var/log/journal/cd4bbb49080545c3aed82cc00b5f152b/system.journal'}, {'name': 'flags', 'type': 'unsigned int', 'value': 'O_RDWR|O_CREAT|O_NONBLOCK|O_LARGEFILE'}, {'name': 'dev', 'type': 'dev_t', 'value': 211812353}, {'name': 'inode', 'type': 'unsigned long', 'value': 274142}]",0,0
16023.543779,159,1,0,systemd-journal,ip-10-100-1-186,257,openat,4,34,"[{'name': 'dirfd', 'type': 'int', 'value': -100}, {'name': 'pathname', 'type': 'const char*', 'value': '/var/log/journal/cd4bbb49080545c3aed82cc00b5f152b/system.journal'}, {'name': 'flags', 'type': 'unsigned int', 'value': 'O_RDWR|O_CREAT|O_NONBLOCK|O_CLOEXEC'}, {'name': 'mode', 'type': 'int', 'value': 154005284}]",0,0
16023.543894,159,1,0,systemd-journal,ip-10-100-1-186,257,openat,4,-2,"[{'name': 'dirfd', 'type': 'int', 'value': -100}, {'name': 'pathname', 'type': 'const char*', 'value': '/var/log/journal/cd4bbb49080545c3aed82cc00b5f152b/fss'}, {'name': 'flags', 'type': 'unsigned int', 'value': 'O_RDWR|O_NOCTTY|O_CLOEXEC'}, {'name': 'mode', 'type': 'int', 'value': 154005284}]",0,0
16023.543826,159,1,0,systemd-journal,ip-10-100-1-186,5,fstat,2,0,"[{'name': 'fd', 'type': 'int', 'value': 34}, {'name': 'statbuf', 'type': 'struct stat*', 'value': '0x558C39ED0EA8'}]",0,0
16023.561286,506,1,104,rs:main Q:Reg,ip-10-100-1-186,62,kill,2,0,"[{'name': 'pid', 'type': 'pid_t', 'value': 506}, {'name': 'sig', 'type': 'int', 'value': 22}]",0,0
16023.561721,506,1,104,rs:main Q:Reg,ip-10-100-1-186,62,kill,2,0,"[{'name': 'pid', 'type': 'pid_t', 'value': 506}, {'name': 'sig', 'type': 'int', 'value': 22}]",0,0
16023.562064,506,1,104,rs:main Q:Reg,ip-10-100-1-186,1003,cap_capable,1,0,"[{'name': 'cap', 'type': 'int', 'value': 'CAP_SYS_RESOURCE'}]",0,0
16023.562102,506,1,104,rs:main Q:Reg,ip-10-100-1-186,1003,cap_capable,1,0,"[{'name': 'cap', 'type': 'int', 'value': 'CAP_SYS_RESOURCE'}]",0,0
16023.576192,159,1,0,systemd-journal,ip-10-100-1-186,3,close,1,0,"[{'name': 'fd', 'type': 'int', 'value': 34}]",0,0
16023.576395,159,1,0,systemd-journal,ip-10-100-1-186,1003,cap_capable,1,0,"[{'name': 'cap', 'type': 'int', 'value': 'CAP_SYS_ADMIN'}]",0,0
16023.576488,159,1,0,systemd-journal,ip-10-100-1-186,21,access,2,0,"[{'name': 'pathname', 'type': 'const char*', 'value': '/run/systemd/journal/flushed'}, {'name': 'mode', 'type': 'int', 'value': 'F_OK'}]",0,0
16023.576536,159,1,0,systemd-journal,ip-10-100-1-186,1005,security_file_open,4,0,"[{'name': 'pathname', 'type': 'const char*', 'value': '/var/log/journal/cd4bbb49080545c3aed82cc00b5f152b/system.journal'}, {'name': 'flags', 'type': 'unsigned int', 'value': 'O_RDWR|O_CREAT|O_NONBLOCK|O_LARGEFILE'}, {'name': 'dev', 'type': 'dev_t', 'value': 211812353}, {'name': 'inode', 'type': 'unsigned long', 'value': 274142}]",0,0
16023.57657,159,1,0,systemd-journal,ip-10-100-1-186,257,openat,4,34,"[{'name': 'dirfd', 'type': 'int', 'value': -100}, {'name': 'pathname', 'type': 'const char*', 'value': '/var/log/journal/cd4bbb49080545c3aed82cc00b5f152b/system.journal'}, {'name': 'flags', 'type': 'unsigned int', 'value': 'O_RDWR|O_CREAT|O_NONBLOCK|O_CLOEXEC'}, {'name': 'mode', 'type': 'int', 'value': 154005284}]",0,0
16023.57662,159,1,0,systemd-journal,ip-10-100-1-186,5,fstat,2,0,"[{'name': 'fd', 'type': 'int', 'value': 34}, {'name': 'statbuf', 'type': 'struct stat*', 'value': '0x558C39ED0EA8'}]",0,0
16023.576684,159,1,0,systemd-journal,ip-10-100-1-186,257,openat,4,-2,"[{'name': 'dirfd', 'type': 'int', 'value': -100}, {'name': 'pathname', 'type': 'const char*', 'value': '/var/log/journal/cd4bbb49080545c3aed82cc00b5f152b/fss'}, {'name': 'flags', 'type': 'unsigned int', 'value': 'O_RDWR|O_NOCTTY|O_CLOEXEC'}, {'name': 'mode', 'type': 'int', 'value': 154005284}]",0,0
16023.594889,506,1,104,rs:main Q:Reg,ip-10-100-1-186,62,kill,2,0,"[{'name': 'pid', 'type': 'pid_t', 'value': 506}, {'name': 'sig', 'type': 'int', 'value': 22}]",0,0
16023.595203,506,1,104,rs:main Q:Reg,ip-10-100-1-186,62,kill,2,0,"[{'name': 'pid', 'type': 'pid_t', 'value': 506}, {'name': 'sig', 'type': 'int', 'value': 22}]",0,0
16023.595419,506,1,104,rs:main Q:Reg,ip-10-100-1-186,1003,cap_capable,1,0,"[{'name': 'cap', 'type': 'int', 'value': 'CAP_SYS_RESOURCE'}]",0,0
16023.595457,506,1,104,rs:main Q:Reg,ip-10-100-1-186,1003,cap_capable,1,0,"[{'name': 'cap', 'type': 'int', 'value': 'CAP_SYS_RESOURCE'}]",0,0
16023.616587,159,1,0,systemd-journal,ip-10-100-1-186,3,close,1,0,"[{'name': 'fd', 'type': 'int', 'value': 34}]",0,0
16023.617027,159,1,0,systemd-journal,ip-10-100-1-186,21,access,2,0,"[{'name': 'pathname', 'type': 'const char*', 'value': '/run/systemd/journal/flushed'}, {'name': 'mode', 'type': 'int', 'value': 'F_OK'}]",0,0
16023.617282,159,1,0,systemd-journal,ip-10-100-1-186,1005,security_file_open,4,0,"[{'name': 'pathname', 'type': 'const char*', 'value': '/var/log/journal/cd4bbb49080545c3aed82cc00b5f152b/system.journal'}, {'name': 'flags', 'type': 'unsigned int', 'value': 'O_RDWR|O_CREAT|O_NONBLOCK|O_LARGEFILE'}, {'name': 'dev', 'type': 'dev_t', 'value': 211812353}, {'name': 'inode', 'type': 'unsigned long', 'value': 274142}]",0,0
16023.61732,159,1,0,systemd-journal,ip-10-100-1-186,257,openat,4,34,"[{'name': 'dirfd', 'type': 'int', 'value': -100}, {'name': 'pathname', 'type': 'const char*', 'value': '/var/log/journal/cd4bbb49080545c3aed82cc00b5f152b/system.journal'}, {'name': 'flags', 'type': 'unsigned int', 'value': 'O_RDWR|O_CREAT|O_NONBLOCK|O_CLOEXEC'}, {'name': 'mode', 'type': 'int', 'value': 154005284}]",0,0
16023.617361,159,1,0,systemd-journal,ip-10-100-1-186,5,fstat,2,0,"[{'name': 'fd', 'type': 'int', 'value': 34}, {'name': 'statbuf', 'type': 'struct stat*', 'value': '0x558C39ED0EA8'}]",0,0
16023.617428,159,1,0,systemd-journal,ip-10-100-1-186,257,openat,4,-2,"[{'name': 'dirfd', 'type': 'int', 'value': -100}, {'name': 'pathname', 'type': 'const char*', 'value': '/var/log/journal/cd4bbb49080545c3aed82cc00b5f152b/fss'}, {'name': 'flags', 'type': 'unsigned int', 'value': 'O_RDWR|O_NOCTTY|O_CLOEXEC'}, {'name': 'mode', 'type': 'int', 'value': 154005284}]",0,0
16023.627656,506,1,104,rs:main Q:Reg,ip-10-100-1-186,62,kill,2,0,"[{'name': 'pid', 'type': 'pid_t', 'value': 506}, {'name': 'sig', 'type': 'int', 'value': 22}]",0,0
16023.627906,506,1,104,rs:main Q:Reg,ip-10-100-1-186,62,kill,2,0,"[{'name': 'pid', 'type': 'pid_t', 'value': 506}, {'name': 'sig', 'type': 'int', 'value': 22}]",0,0
16023.628091,506,1,104,rs:main Q:Reg,ip-10-100-1-186,1003,cap_capable,1,0,"[{'name': 'cap', 'type': 'int', 'value': 'CAP_SYS_RESOURCE'}]",0,0
16023.628151,506,1,104,rs:main Q:Reg,ip-10-100-1-186,1003,cap_capable,1,0,"[{'name': 'cap', 'type': 'int', 'value': 'CAP_SYS_RESOURCE'}]",0,0
16023.649111,159,1,0,systemd-journal,ip-10-100-1-186,3,close,1,0,"[{'name': 'fd', 'type': 'int', 'value': 34}]",0,0
16023.64926,159,1,0,systemd-journal,ip-10-100-1-186,1003,cap_capable,1,0,"[{'name': 'cap', 'type': 'int', 'value': 'CAP_SYS_ADMIN'}]",0,0
16023.649356,159,1,0,systemd-journal,ip-10-100-1-186,21,access,2,0,"[{'name': 'pathname', 'type': 'const char*', 'value': '/run/systemd/journal/flushed'}, {'name': 'mode', 'type': 'int', 'value': 'F_OK'}]",0,0
16023.649426,159,1,0,systemd-journal,ip-10-100-1-186,1005,security_file_open,4,0,"[{'name': 'pathname', 'type': 'const char*', 'value': '/var/log/journal/cd4bbb49080545c3aed82cc00b5f152b/system.journal'}, {'name': 'flags', 'type': 'unsigned int', 'value': 'O_RDWR|O_CREAT|O_NONBLOCK|O_LARGEFILE'}, {'name': 'dev', 'type': 'dev_t', 'value': 211812353}, {'name': 'inode', 'type': 'unsigned long', 'value': 274142}]",0,0
16023.649459,159,1,0,systemd-journal,ip-10-100-1-186,257,openat,4,34,"[{'name': 'dirfd', 'type': 'int', 'value': -100}, {'name': 'pathname', 'type': 'const char*', 'value': '/var/log/journal/cd4bbb49080545c3aed82cc00b5f152b/system.journal'}, {'name': 'flags', 'type': 'unsigned int', 'value': 'O_RDWR|O_CREAT|O_NONBLOCK|O_CLOEXEC'}, {'name': 'mode', 'type': 'int', 'value': 154005284}]",0,0
16023.649499,159,1,0,systemd-journal,ip-10-100-1-186,5,fstat,2,0,"[{'name': 'fd', 'type': 'int', 'value': 34}, {'name': 'statbuf', 'type': 'struct stat*', 'value': '0x558C39ED0EA8'}]",0,0
16023.649567,159,1,0,systemd-journal,ip-10-100-1-186,257,openat,4,-2,"[{'name': 'dirfd', 'type': 'int', 'value': -100}, {'name': 'pathname', 'type': 'const char*', 'value': '/var/log/journal/cd4bbb49080545c3aed82cc00b5f152b/fss'}, {'name': 'flags', 'type': 'unsigned int', 'value': 'O_RDWR|O_NOCTTY|O_CLOEXEC'}, {'name': 'mode', 'type': 'int', 'value': 154005284}]",0,0
16023.660182,506,1,104,rs:main Q:Reg,ip-10-100-1-186,62,kill,2,0,"[{'name': 'pid', 'type': 'pid_t', 'value': 506}, {'name': 'sig', 'type': 'int', 'value': 22}]",0,0
16023.660425,506,1,104,rs:main Q:Reg,ip-10-100-1-186,62,kill,2,0,"[{'name': 'pid', 'type': 'pid_t', 'value': 506}, {'name': 'sig', 'type': 'int', 'value': 22}]",0,0
16023.660582,506,1,104,rs:main Q:Reg,ip-10-100-1-186,1003,cap_capable,1,0,"[{'name': 'cap', 'type': 'int', 'value': 'CAP_SYS_RESOURCE'}]",0,0
16023.660617,506,1,104,rs:main Q:Reg,ip-10-100-1-186,1003,cap_capable,1,0,"[{'name': 'cap', 'type': 'int', 'value': 'CAP_SYS_RESOURCE'}]",0,0
16023.681835,159,1,0,systemd-journal,ip-10-100-1-186,3,close,1,0,"[{'name': 'fd', 'type': 'int', 'value': 34}]",0,0
16023.68196,159,1,0,systemd-journal,ip-10-100-1-186,21,access,2,0,"[{'name': 'pathname', 'type': 'const char*', 'value': '/run/systemd/journal/flushed'}, {'name': 'mode', 'type': 'int', 'value': 'F_OK'}]",0,0
16023.682043,159,1,0,systemd-journal,ip-10-100-1-186,1005,security_file_open,4,0,"[{'name': 'pathname', 'type': 'const char*', 'value': '/var/log/journal/cd4bbb49080545c3aed82cc00b5f152b/system.journal'}, {'name': 'flags', 'type': 'unsigned int', 'value': 'O_RDWR|O_CREAT|O_NONBLOCK|O_LARGEFILE'}, {'name': 'dev', 'type': 'dev_t', 'value': 211812353}, {'name': 'inode', 'type': 'unsigned long', 'value': 274142}]",0,0
16023.682103,159,1,0,systemd-journal,ip-10-100-1-186,257,openat,4,34,"[{'name': 'dirfd', 'type': 'int', 'value': -100}, {'name': 'pathname', 'type': 'const char*', 'value': '/var/log/journal/cd4bbb49080545c3aed82cc00b5f152b/system.journal'}, {'name': 'flags', 'type': 'unsigned int', 'value': 'O_RDWR|O_CREAT|O_NONBLOCK|O_CLOEXEC'}, {'name': 'mode', 'type': 'int', 'value': 154005284}]",0,0
16023.682145,159,1,0,systemd-journal,ip-10-100-1-186,5,fstat,2,0,"[{'name': 'fd', 'type': 'int', 'value': 34}, {'name': 'statbuf', 'type': 'struct stat*', 'value': '0x558C39ED0EA8'}]",0,0
16023.682213,159,1,0,systemd-journal,ip-10-100-1-186,257,openat,4,-2,"[{'name': 'dirfd', 'type': 'int', 'value': -100}, {'name': 'pathname', 'type': 'const char*', 'value': '/var/log/journal/cd4bbb49080545c3aed82cc00b5f152b/fss'}, {'name': 'flags', 'type': 'unsigned int', 'value': 'O_RDWR|O_NOCTTY|O_CLOEXEC'}, {'name': 'mode', 'type': 'int', 'value': 154005284}]",0,0
16023.692191,506,1,104,rs:main Q:Reg,ip-10-100-1-186,62,kill,2,0,"[{'name': 'pid', 'type': 'pid_t', 'value': 506}, {'name': 'sig', 'type': 'int', 'value': 22}]",0,0
16023.69242,506,1,104,rs:main Q:Reg,ip-10-100-1-186,62,kill,2,0,"[{'name': 'pid', 'type': 'pid_t', 'value': 506}, {'name': 'sig', 'type': 'int', 'value': 22}]",0,0
16023.692538,506,1,104,rs:main Q:Reg,ip-10-100-1-186,1003,cap_capable,1,0,"[{'name': 'cap', 'type': 'int', 'value': 'CAP_SYS_RESOURCE'}]",0,0
16023.692597,506,1,104,rs:main Q:Reg,ip-10-100-1-186,1003,cap_capable,1,0,"[{'name': 'cap', 'type': 'int', 'value': 'CAP_SYS_RESOURCE'}]",0,0
16023.707678,159,1,0,systemd-journal,ip-10-100-1-186,3,close,1,0,"[{'name': 'fd', 'type': 'int', 'value': 34}]",0,0
16023.707864,159,1,0,systemd-journal,ip-10-100-1-186,1003,cap_capable,1,0,"[{'name': 'cap', 'type': 'int', 'value': 'CAP_SYS_ADMIN'}]",0,0
16023.707944,159,1,0,systemd-journal,ip-10-100-1-186,21,access,2,0,"[{'name': 'pathname', 'type': 'const char*', 'value': '/run/systemd/journal/flushed'}, {'name': 'mode', 'type': 'int', 'value': 'F_OK'}]",0,0
16023.707993,159,1,0,systemd-journal,ip-10-100-1-186,1005,security_file_open,4,0,"[{'name': 'pathname', 'type': 'const char*', 'value': '/var/log/journal/cd4bbb49080545c3aed82cc00b5f152b/system.journal'}, {'name': 'flags', 'type': 'unsigned int', 'value': 'O_RDWR|O_CREAT|O_NONBLOCK|O_LARGEFILE'}, {'name': 'dev', 'type': 'dev_t', 'value': 211812353}, {'name': 'inode', 'type': 'unsigned long', 'value': 274142}]",0,0
16023.708026,159,1,0,systemd-journal,ip-10-100-1-186,257,openat,4,34,"[{'name': 'dirfd', 'type': 'int', 'value': -100}, {'name': 'pathname', 'type': 'const char*', 'value': '/var/log/journal/cd4bbb49080545c3aed82cc00b5f152b/system.journal'}, {'name': 'flags', 'type': 'unsigned int', 'value': 'O_RDWR|O_CREAT|O_NONBLOCK|O_CLOEXEC'}, {'name': 'mode', 'type': 'int', 'value': 154005284}]",0,0
16023.708066,159,1,0,systemd-journal,ip-10-100-1-186,5,fstat,2,0,"[{'name': 'fd', 'type': 'int', 'value': 34}, {'name': 'statbuf', 'type': 'struct stat*', 'value': '0x558C39ED0EA8'}]",0,0
16023.708133,159,1,0,systemd-journal,ip-10-100-1-186,257,openat,4,-2,"[{'name': 'dirfd', 'type': 'int', 'value': -100}, {'name': 'pathname', 'type': 'const char*', 'value': '/var/log/journal/cd4bbb49080545c3aed82cc00b5f152b/fss'}, {'name': 'flags', 'type': 'unsigned int', 'value': 'O_RDWR|O_NOCTTY|O_CLOEXEC'}, {'name': 'mode', 'type': 'int', 'value': 154005284}]",0,0
16023.716122,506,1,104,rs:main Q:Reg,ip-10-100-1-186,62,kill,2,0,"[{'name': 'pid', 'type': 'pid_t', 'value': 506}, {'name': 'sig', 'type': 'int', 'value': 22}]",0,0
16023.71625,506,1,104,rs:main Q:Reg,ip-10-100-1-186,62,kill,2,0,"[{'name': 'pid', 'type': 'pid_t', 'value': 506}, {'name': 'sig', 'type': 'int', 'value': 22}]",0,0
16023.716378,506,1,104,rs:main Q:Reg,ip-10-100-1-186,1003,cap_capable,1,0,"[{'name': 'cap', 'type': 'int', 'value': 'CAP_SYS_RESOURCE'}]",0,0
16023.716481,506,1,104,rs:main Q:Reg,ip-10-100-1-186,1003,cap_capable,1,0,"[{'name': 'cap', 'type': 'int', 'value': 'CAP_SYS_RESOURCE'}]",0,0
16023.7316,159,1,0,systemd-journal,ip-10-100-1-186,3,close,1,0,"[{'name': 'fd', 'type': 'int', 'value': 34}]",0,0
16023.731709,159,1,0,systemd-journal,ip-10-100-1-186,21,access,2,0,"[{'name': 'pathname', 'type': 'const char*', 'value': '/run/systemd/journal/flushed'}, {'name': 'mode', 'type': 'int', 'value': 'F_OK'}]",0,0
16023.731787,159,1,0,systemd-journal,ip-10-100-1-186,1005,security_file_open,4,0,"[{'name': 'pathname', 'type': 'const char*', 'value': '/var/log/journal/cd4bbb49080545c3aed82cc00b5f152b/system.journal'}, {'name': 'flags', 'type': 'unsigned int', 'value': 'O_RDWR|O_CREAT|O_NONBLOCK|O_LARGEFILE'}, {'name': 'dev', 'type': 'dev_t', 'value': 211812353}, {'name': 'inode', 'type': 'unsigned long', 'value': 274142}]",0,0
16023.731822,159,1,0,systemd-journal,ip-10-100-1-186,257,openat,4,34,"[{'name': 'dirfd', 'type': 'int', 'value': -100}, {'name': 'pathname', 'type': 'const char*', 'value': '/var/log/journal/cd4bbb49080545c3aed82cc00b5f152b/system.journal'}, {'name': 'flags', 'type': 'unsigned int', 'value': 'O_RDWR|O_CREAT|O_NONBLOCK|O_CLOEXEC'}, {'name': 'mode', 'type': 'int', 'value': 154005284}]",0,0
16023.731861,159,1,0,systemd-journal,ip-10-100-1-186,5,fstat,2,0,"[{'name': 'fd', 'type': 'int', 'value': 34}, {'name': 'statbuf', 'type': 'struct stat*', 'value': '0x558C39ED0EA8'}]",0,0
16023.739828,506,1,104,rs:main Q:Reg,ip-10-100-1-186,62,kill,2,0,"[{'name': 'pid', 'type': 'pid_t', 'value': 506}, {'name': 'sig', 'type': 'int', 'value': 22}]",0,0
16023.731928,159,1,0,systemd-journal,ip-10-100-1-186,257,openat,4,-2,"[{'name': 'dirfd', 'type': 'int', 'value': -100}, {'name': 'pathname', 'type': 'const char*', 'value': '/var/log/journal/cd4bbb49080545c3aed82cc00b5f152b/fss'}, {'name': 'flags', 'type': 'unsigned int', 'value': 'O_RDWR|O_NOCTTY|O_CLOEXEC'}, {'name': 'mode', 'type': 'int', 'value': 154005284}]",0,0
16023.740021,506,1,104,rs:main Q:Reg,ip-10-100-1-186,62,kill,2,0,"[{'name': 'pid', 'type': 'pid_t', 'value': 506}, {'name': 'sig', 'type': 'int', 'value': 22}]",0,0
16023.740179,506,1,104,rs:main Q:Reg,ip-10-100-1-186,1003,cap_capable,1,0,"[{'name': 'cap', 'type': 'int', 'value': 'CAP_SYS_RESOURCE'}]",0,0
16023.740132,506,1,104,rs:main Q:Reg,ip-10-100-1-186,1003,cap_capable,1,0,"[{'name': 'cap', 'type': 'int', 'value': 'CAP_SYS_RESOURCE'}]",0,0
16023.75533,159,1,0,systemd-journal,ip-10-100-1-186,3,close,1,0,"[{'name': 'fd', 'type': 'int', 'value': 34}]",0,0
16023.755542,159,1,0,systemd-journal,ip-10-100-1-186,1003,cap_capable,1,0,"[{'name': 'cap', 'type': 'int', 'value': 'CAP_SYS_ADMIN'}]",0,0
16023.755615,159,1,0,systemd-journal,ip-10-100-1-186,21,access,2,0,"[{'name': 'pathname', 'type': 'const char*', 'value': '/run/systemd/journal/flushed'}, {'name': 'mode', 'type': 'int', 'value': 'F_OK'}]",0,0
16023.755724,159,1,0,systemd-journal,ip-10-100-1-186,1005,security_file_open,4,0,"[{'name': 'pathname', 'type': 'const char*', 'value': '/var/log/journal/cd4bbb49080545c3aed82cc00b5f152b/system.journal'}, {'name': 'flags', 'type': 'unsigned int', 'value': 'O_RDWR|O_CREAT|O_NONBLOCK|O_LARGEFILE'}, {'name': 'dev', 'type': 'dev_t', 'value': 211812353}, {'name': 'inode', 'type': 'unsigned long', 'value': 274142}]",0,0
16023.755757,159,1,0,systemd-journal,ip-10-100-1-186,257,openat,4,34,"[{'name': 'dirfd', 'type': 'int', 'value': -100}, {'name': 'pathname', 'type': 'const char*', 'value': '/var/log/journal/cd4bbb49080545c3aed82cc00b5f152b/system.journal'}, {'name': 'flags', 'type': 'unsigned int', 'value': 'O_RDWR|O_CREAT|O_NONBLOCK|O_CLOEXEC'}, {'name': 'mode', 'type': 'int', 'value': 154005284}]",0,0
16023.755806,159,1,0,systemd-journal,ip-10-100-1-186,5,fstat,2,0,"[{'name': 'fd', 'type': 'int', 'value': 34}, {'name': 'statbuf', 'type': 'struct stat*', 'value': '0x558C39ED0EA8'}]",0,0
16023.755896,159,1,0,systemd-journal,ip-10-100-1-186,257,openat,4,-2,"[{'name': 'dirfd', 'type': 'int', 'value': -100}, {'name': 'pathname', 'type': 'const char*', 'value': '/var/log/journal/cd4bbb49080545c3aed82cc00b5f152b/fss'}, {'name': 'flags', 'type': 'unsigned int', 'value': 'O_RDWR|O_NOCTTY|O_CLOEXEC'}, {'name': 'mode', 'type': 'int', 'value': 154005284}]",0,0
16023.763928,506,1,104,rs:main Q:Reg,ip-10-100-1-186,62,kill,2,0,"[{'name': 'pid', 'type': 'pid_t', 'value': 506}, {'name': 'sig', 'type': 'int', 'value': 22}]",0,0
16023.771277,506,1,104,rs:main Q:Reg,ip-10-100-1-186,62,kill,2,0,"[{'name': 'pid', 'type': 'pid_t', 'value': 506}, {'name': 'sig', 'type': 'int', 'value': 22}]",0,0
16023.771435,506,1,104,rs:main Q:Reg,ip-10-100-1-186,1003,cap_capable,1,0,"[{'name': 'cap', 'type': 'int', 'value': 'CAP_SYS_RESOURCE'}]",0,0
16023.771481,506,1,104,rs:main Q:Reg,ip-10-100-1-186,1003,cap_capable,1,0,"[{'name': 'cap', 'type': 'int', 'value': 'CAP_SYS_RESOURCE'}]",0,0
16023.779272,159,1,0,systemd-journal,ip-10-100-1-186,3,close,1,0,"[{'name': 'fd', 'type': 'int', 'value': 34}]",0,0
16023.779371,159,1,0,systemd-journal,ip-10-100-1-186,21,access,2,0,"[{'name': 'pathname', 'type': 'const char*', 'value': '/run/systemd/journal/flushed'}, {'name': 'mode', 'type': 'int', 'value': 'F_OK'}]",0,0
16023.78641,159,1,0,systemd-journal,ip-10-100-1-186,1005,security_file_open,4,0,"[{'name': 'pathname', 'type': 'const char*', 'value': '/var/log/journal/cd4bbb49080545c3aed82cc00b5f152b/system.journal'}, {'name': 'flags', 'type': 'unsigned int', 'value': 'O_RDWR|O_CREAT|O_NONBLOCK|O_LARGEFILE'}, {'name': 'dev', 'type': 'dev_t', 'value': 211812353}, {'name': 'inode', 'type': 'unsigned long', 'value': 274142}]",0,0
16023.786449,159,1,0,systemd-journal,ip-10-100-1-186,257,openat,4,34,"[{'name': 'dirfd', 'type': 'int', 'value': -100}, {'name': 'pathname', 'type': 'const char*', 'value': '/var/log/journal/cd4bbb49080545c3aed82cc00b5f152b/system.journal'}, {'name': 'flags', 'type': 'unsigned int', 'value': 'O_RDWR|O_CREAT|O_NONBLOCK|O_CLOEXEC'}, {'name': 'mode', 'type': 'int', 'value': 154005284}]",0,0
16023.786501,159,1,0,systemd-journal,ip-10-100-1-186,5,fstat,2,0,"[{'name': 'fd', 'type': 'int', 'value': 34}, {'name': 'statbuf', 'type': 'struct stat*', 'value': '0x558C39ED0EA8'}]",0,0
16023.7866,159,1,0,systemd-journal,ip-10-100-1-186,257,openat,4,-2,"[{'name': 'dirfd', 'type': 'int', 'value': -100}, {'name': 'pathname', 'type': 'const char*', 'value': '/var/log/journal/cd4bbb49080545c3aed82cc00b5f152b/fss'}, {'name': 'flags', 'type': 'unsigned int', 'value': 'O_RDWR|O_NOCTTY|O_CLOEXEC'}, {'name': 'mode', 'type': 'int', 'value': 154005284}]",0,0
16023.794584,506,1,104,rs:main Q:Reg,ip-10-100-1-186,62,kill,2,0,"[{'name': 'pid', 'type': 'pid_t', 'value': 506}, {'name': 'sig', 'type': 'int', 'value': 22}]",0,0
16023.794782,506,1,104,rs:main Q:Reg,ip-10-100-1-186,62,kill,2,0,"[{'name': 'pid', 'type': 'pid_t', 'value': 506}, {'name': 'sig', 'type': 'int', 'value': 22}]",0,0
16023.794962,506,1,104,rs:main Q:Reg,ip-10-100-1-186,1003,cap_capable,1,0,"[{'name': 'cap', 'type': 'int', 'value': 'CAP_SYS_RESOURCE'}]",0,0
16023.794996,506,1,104,rs:main Q:Reg,ip-10-100-1-186,1003,cap_capable,1,0,"[{'name': 'cap', 'type': 'int', 'value': 'CAP_SYS_RESOURCE'}]",0,0
16023.8099,159,1,0,systemd-journal,ip-10-100-1-186,3,close,1,0,"[{'name': 'fd', 'type': 'int', 'value': 34}]",0,0
16023.810282,159,1,0,systemd-journal,ip-10-100-1-186,21,access,2,0,"[{'name': 'pathname', 'type': 'const char*', 'value': '/run/systemd/journal/flushed'}, {'name': 'mode', 'type': 'int', 'value': 'F_OK'}]",0,0
16023.810203,159,1,0,systemd-journal,ip-10-100-1-186,1003,cap_capable,1,0,"[{'name': 'cap', 'type': 'int', 'value': 'CAP_SYS_ADMIN'}]",0,0
16023.810402,159,1,0,systemd-journal,ip-10-100-1-186,5,fstat,2,0,"[{'name': 'fd', 'type': 'int', 'value': 34}, {'name': 'statbuf', 'type': 'struct stat*', 'value': '0x558C39ED0EA8'}]",0,0
16023.810469,159,1,0,systemd-journal,ip-10-100-1-186,257,openat,4,-2,"[{'name': 'dirfd', 'type': 'int', 'value': -100}, {'name': 'pathname', 'type': 'const char*', 'value': '/var/log/journal/cd4bbb49080545c3aed82cc00b5f152b/fss'}, {'name': 'flags', 'type': 'unsigned int', 'value': 'O_RDWR|O_NOCTTY|O_CLOEXEC'}, {'name': 'mode', 'type': 'int', 'value': 154005284}]",0,0
16023.810327,159,1,0,systemd-journal,ip-10-100-1-186,1005,security_file_open,4,0,"[{'name': 'pathname', 'type': 'const char*', 'value': '/var/log/journal/cd4bbb49080545c3aed82cc00b5f152b/system.journal'}, {'name': 'flags', 'type': 'unsigned int', 'value': 'O_RDWR|O_CREAT|O_NONBLOCK|O_LARGEFILE'}, {'name': 'dev', 'type': 'dev_t', 'value': 211812353}, {'name': 'inode', 'type': 'unsigned long', 'value': 274142}]",0,0
16023.81036,159,1,0,systemd-journal,ip-10-100-1-186,257,openat,4,34,"[{'name': 'dirfd', 'type': 'int', 'value': -100}, {'name': 'pathname', 'type': 'const char*', 'value': '/var/log/journal/cd4bbb49080545c3aed82cc00b5f152b/system.journal'}, {'name': 'flags', 'type': 'unsigned int', 'value': 'O_RDWR|O_CREAT|O_NONBLOCK|O_CLOEXEC'}, {'name': 'mode', 'type': 'int', 'value': 154005284}]",0,0
16023.818397,506,1,104,rs:main Q:Reg,ip-10-100-1-186,62,kill,2,0,"[{'name': 'pid', 'type': 'pid_t', 'value': 506}, {'name': 'sig', 'type': 'int', 'value': 22}]",0,0
16023.818663,506,1,104,rs:main Q:Reg,ip-10-100-1-186,1003,cap_capable,1,0,"[{'name': 'cap', 'type': 'int', 'value': 'CAP_SYS_RESOURCE'}]",0,0
16023.818553,506,1,104,rs:main Q:Reg,ip-10-100-1-186,62,kill,2,0,"[{'name': 'pid', 'type': 'pid_t', 'value': 506}, {'name': 'sig', 'type': 'int', 'value': 22}]",0,0
16023.8187,506,1,104,rs:main Q:Reg,ip-10-100-1-186,1003,cap_capable,1,0,"[{'name': 'cap', 'type': 'int', 'value': 'CAP_SYS_RESOURCE'}]",0,0
16023.833828,159,1,0,systemd-journal,ip-10-100-1-186,3,close,1,0,"[{'name': 'fd', 'type': 'int', 'value': 34}]",0,0
16023.834059,159,1,0,systemd-journal,ip-10-100-1-186,257,openat,4,34,"[{'name': 'dirfd', 'type': 'int', 'value': -100}, {'name': 'pathname', 'type': 'const char*', 'value': '/var/log/journal/cd4bbb49080545c3aed82cc00b5f152b/system.journal'}, {'name': 'flags', 'type': 'unsigned int', 'value': 'O_RDWR|O_CREAT|O_NONBLOCK|O_CLOEXEC'}, {'name': 'mode', 'type': 'int', 'value': 154005284}]",0,0
16023.834108,159,1,0,systemd-journal,ip-10-100-1-186,5,fstat,2,0,"[{'name': 'fd', 'type': 'int', 'value': 34}, {'name': 'statbuf', 'type': 'struct stat*', 'value': '0x558C39ED0EA8'}]",0,0
16023.833966,159,1,0,systemd-journal,ip-10-100-1-186,21,access,2,0,"[{'name': 'pathname', 'type': 'const char*', 'value': '/run/systemd/journal/flushed'}, {'name': 'mode', 'type': 'int', 'value': 'F_OK'}]",0,0
16023.834015,159,1,0,systemd-journal,ip-10-100-1-186,1005,security_file_open,4,0,"[{'name': 'pathname', 'type': 'const char*', 'value': '/var/log/journal/cd4bbb49080545c3aed82cc00b5f152b/system.journal'}, {'name': 'flags', 'type': 'unsigned int', 'value': 'O_RDWR|O_CREAT|O_NONBLOCK|O_LARGEFILE'}, {'name': 'dev', 'type': 'dev_t', 'value': 211812353}, {'name': 'inode', 'type': 'unsigned long', 'value': 274142}]",0,0
16023.834239,159,1,0,systemd-journal,ip-10-100-1-186,257,openat,4,-2,"[{'name': 'dirfd', 'type': 'int', 'value': -100}, {'name': 'pathname', 'type': 'const char*', 'value': '/var/log/journal/cd4bbb49080545c3aed82cc00b5f152b/fss'}, {'name': 'flags', 'type': 'unsigned int', 'value': 'O_RDWR|O_NOCTTY|O_CLOEXEC'}, {'name': 'mode', 'type': 'int', 'value': 154005284}]",0,0
16023.842157,506,1,104,rs:main Q:Reg,ip-10-100-1-186,62,kill,2,0,"[{'name': 'pid', 'type': 'pid_t', 'value': 506}, {'name': 'sig', 'type': 'int', 'value': 22}]",0,0
16023.842401,506,1,104,rs:main Q:Reg,ip-10-100-1-186,1003,cap_capable,1,0,"[{'name': 'cap', 'type': 'int', 'value': 'CAP_SYS_RESOURCE'}]",0,0
16023.842302,506,1,104,rs:main Q:Reg,ip-10-100-1-186,62,kill,2,0,"[{'name': 'pid', 'type': 'pid_t', 'value': 506}, {'name': 'sig', 'type': 'int', 'value': 22}]",0,0
16023.842432,506,1,104,rs:main Q:Reg,ip-10-100-1-186,1003,cap_capable,1,0,"[{'name': 'cap', 'type': 'int', 'value': 'CAP_SYS_RESOURCE'}]",0,0
16023.857363,159,1,0,systemd-journal,ip-10-100-1-186,3,close,1,0,"[{'name': 'fd', 'type': 'int', 'value': 34}]",0,0
16023.857554,159,1,0,systemd-journal,ip-10-100-1-186,1005,security_file_open,4,0,"[{'name': 'pathname', 'type': 'const char*', 'value': '/proc/7145/status'}, {'name': 'flags', 'type': 'unsigned int', 'value': 'O_RDONLY|O_LARGEFILE'}, {'name': 'dev', 'type': 'dev_t', 'value': 5}, {'name': 'inode', 'type': 'unsigned long', 'value': 155700}]",0,0
16023.857595,159,1,0,systemd-journal,ip-10-100-1-186,257,openat,4,34,"[{'name': 'dirfd', 'type': 'int', 'value': -100}, {'name': 'pathname', 'type': 'const char*', 'value': '/proc/7145/status'}, {'name': 'flags', 'type': 'unsigned int', 'value': 'O_RDONLY|O_CLOEXEC'}, {'name': 'mode', 'type': 'int', 'value': 154005284}]",0,0
16023.857624,159,1,0,systemd-journal,ip-10-100-1-186,5,fstat,2,0,"[{'name': 'fd', 'type': 'int', 'value': 34}, {'name': 'statbuf', 'type': 'struct stat*', 'value': '0x7FFDB7C1DE20'}]",0,0
16023.857729,159,1,0,systemd-journal,ip-10-100-1-186,3,close,1,0,"[{'name': 'fd', 'type': 'int', 'value': 34}]",0,0
16023.857787,159,1,0,systemd-journal,ip-10-100-1-186,257,openat,4,34,"[{'name': 'dirfd', 'type': 'int', 'value': -100}, {'name': 'pathname', 'type': 'const char*', 'value': '/proc/7145/status'}, {'name': 'flags', 'type': 'unsigned int', 'value': 'O_RDONLY|O_CLOEXEC'}, {'name': 'mode', 'type': 'int', 'value': 154005284}]",0,0
16023.857759,159,1,0,systemd-journal,ip-10-100-1-186,1005,security_file_open,4,0,"[{'name': 'pathname', 'type': 'const char*', 'value': '/proc/7145/status'}, {'name': 'flags', 'type': 'unsigned int', 'value': 'O_RDONLY|O_LARGEFILE'}, {'name': 'dev', 'type': 'dev_t', 'value': 5}, {'name': 'inode', 'type': 'unsigned long', 'value': 155700}]",0,0
16023.858009,159,1,0,systemd-journal,ip-10-100-1-186,1005,security_file_open,4,0,"[{'name': 'pathname', 'type': 'const char*', 'value': '/proc/7145/comm'}, {'name': 'flags', 'type': 'unsigned int', 'value': 'O_RDONLY|O_LARGEFILE'}, {'name': 'dev', 'type': 'dev_t', 'value': 5}, {'name': 'inode', 'type': 'unsigned long', 'value': 155701}]",0,0
16023.857976,159,1,0,systemd-journal,ip-10-100-1-186,3,close,1,0,"[{'name': 'fd', 'type': 'int', 'value': 34}]",0,0
16023.85781,159,1,0,systemd-journal,ip-10-100-1-186,5,fstat,2,0,"[{'name': 'fd', 'type': 'int', 'value': 34}, {'name': 'statbuf', 'type': 'struct stat*', 'value': '0x7FFDB7C1DE20'}]",0,0
16023.858172,159,1,0,systemd-journal,ip-10-100-1-186,1003,cap_capable,1,0,"[{'name': 'cap', 'type': 'int', 'value': 'CAP_SYS_PTRACE'}]",0,0
16023.858037,159,1,0,systemd-journal,ip-10-100-1-186,257,openat,4,34,"[{'name': 'dirfd', 'type': 'int', 'value': -100}, {'name': 'pathname', 'type': 'const char*', 'value': '/proc/7145/comm'}, {'name': 'flags', 'type': 'unsigned int', 'value': 'O_RDONLY|O_CLOEXEC'}, {'name': 'mode', 'type': 'int', 'value': 154005284}]",0,0
16023.858128,159,1,0,systemd-journal,ip-10-100-1-186,3,close,1,0,"[{'name': 'fd', 'type': 'int', 'value': 34}]",0,0
16023.858061,159,1,0,systemd-journal,ip-10-100-1-186,5,fstat,2,0,"[{'name': 'fd', 'type': 'int', 'value': 34}, {'name': 'statbuf', 'type': 'struct stat*', 'value': '0x7FFDB7C1DE20'}]",0,0
16023.858216,159,1,0,systemd-journal,ip-10-100-1-186,1005,security_file_open,4,0,"[{'name': 'pathname', 'type': 'const char*', 'value': '/proc/7145/cmdline'}, {'name': 'flags', 'type': 'unsigned int', 'value': 'O_RDONLY|O_LARGEFILE'}, {'name': 'dev', 'type': 'dev_t', 'value': 5}, {'name': 'inode', 'type': 'unsigned long', 'value': 155703}]",0,0
16023.858244,159,1,0,systemd-journal,ip-10-100-1-186,257,openat,4,34,"[{'name': 'dirfd', 'type': 'int', 'value': -100}, {'name': 'pathname', 'type': 'const char*', 'value': '/proc/7145/cmdline'}, {'name': 'flags', 'type': 'unsigned int', 'value': 'O_RDONLY|O_CLOEXEC'}, {'name': 'mode', 'type': 'int', 'value': 154005284}]",0,0
16023.858268,159,1,0,systemd-journal,ip-10-100-1-186,5,fstat,2,0,"[{'name': 'fd', 'type': 'int', 'value': 34}, {'name': 'statbuf', 'type': 'struct stat*', 'value': '0x7FFDB7C1DEB0'}]",0,0
16023.858381,159,1,0,systemd-journal,ip-10-100-1-186,257,openat,4,34,"[{'name': 'dirfd', 'type': 'int', 'value': -100}, {'name': 'pathname', 'type': 'const char*', 'value': '/proc/7145/status'}, {'name': 'flags', 'type': 'unsigned int', 'value': 'O_RDONLY|O_CLOEXEC'}, {'name': 'mode', 'type': 'int', 'value': 154005284}]",0,0
16023.858404,159,1,0,systemd-journal,ip-10-100-1-186,5,fstat,2,0,"[{'name': 'fd', 'type': 'int', 'value': 34}, {'name': 'statbuf', 'type': 'struct stat*', 'value': '0x7FFDB7C1DF20'}]",0,0
16023.858473,159,1,0,systemd-journal,ip-10-100-1-186,3,close,1,0,"[{'name': 'fd', 'type': 'int', 'value': 34}]",0,0
16023.858326,159,1,0,systemd-journal,ip-10-100-1-186,3,close,1,0,"[{'name': 'fd', 'type': 'int', 'value': 34}]",0,0
16023.858509,159,1,0,systemd-journal,ip-10-100-1-186,1005,security_file_open,4,0,"[{'name': 'pathname', 'type': 'const char*', 'value': '/proc/7145/attr/current'}, {'name': 'flags', 'type': 'unsigned int', 'value': 'O_RDONLY|O_LARGEFILE'}, {'name': 'dev', 'type': 'dev_t', 'value': 5}, {'name': 'inode', 'type': 'unsigned long', 'value': 155705}]",0,0
16023.858354,159,1,0,systemd-journal,ip-10-100-1-186,1005,security_file_open,4,0,"[{'name': 'pathname', 'type': 'const char*', 'value': '/proc/7145/status'}, {'name': 'flags', 'type': 'unsigned int', 'value': 'O_RDONLY|O_LARGEFILE'}, {'name': 'dev', 'type': 'dev_t', 'value': 5}, {'name': 'inode', 'type': 'unsigned long', 'value': 155700}]",0,0
16023.858536,159,1,0,systemd-journal,ip-10-100-1-186,257,openat,4,34,"[{'name': 'dirfd', 'type': 'int', 'value': -100}, {'name': 'pathname', 'type': 'const char*', 'value': '/proc/7145/attr/current'}, {'name': 'flags', 'type': 'unsigned int', 'value': 'O_RDONLY|O_CLOEXEC'}, {'name': 'mode', 'type': 'int', 'value': 154005284}]",0,0
16023.858568,159,1,0,systemd-journal,ip-10-100-1-186,3,close,1,0,"[{'name': 'fd', 'type': 'int', 'value': 34}]",0,0
16023.858597,159,1,0,systemd-journal,ip-10-100-1-186,1005,security_file_open,4,0,"[{'name': 'pathname', 'type': 'const char*', 'value': '/proc/7145/sessionid'}, {'name': 'flags', 'type': 'unsigned int', 'value': 'O_RDONLY|O_LARGEFILE'}, {'name': 'dev', 'type': 'dev_t', 'value': 5}, {'name': 'inode', 'type': 'unsigned long', 'value': 155706}]",0,0
16023.858623,159,1,0,systemd-journal,ip-10-100-1-186,257,openat,4,34,"[{'name': 'dirfd', 'type': 'int', 'value': -100}, {'name': 'pathname', 'type': 'const char*', 'value': '/proc/7145/sessionid'}, {'name': 'flags', 'type': 'unsigned int', 'value': 'O_RDONLY|O_CLOEXEC'}, {'name': 'mode', 'type': 'int', 'value': 154005284}]",0,0
16023.858647,159,1,0,systemd-journal,ip-10-100-1-186,5,fstat,2,0,"[{'name': 'fd', 'type': 'int', 'value': 34}, {'name': 'statbuf', 'type': 'struct stat*', 'value': '0x7FFDB7C1DE10'}]",0,0
16023.858682,159,1,0,systemd-journal,ip-10-100-1-186,3,close,1,0,"[{'name': 'fd', 'type': 'int', 'value': 34}]",0,0
16023.85871,159,1,0,systemd-journal,ip-10-100-1-186,1005,security_file_open,4,0,"[{'name': 'pathname', 'type': 'const char*', 'value': '/proc/7145/loginuid'}, {'name': 'flags', 'type': 'unsigned int', 'value': 'O_RDONLY|O_LARGEFILE'}, {'name': 'dev', 'type': 'dev_t', 'value': 5}, {'name': 'inode', 'type': 'unsigned long', 'value': 155628}]",0,0
16023.858735,159,1,0,systemd-journal,ip-10-100-1-186,257,openat,4,34,"[{'name': 'dirfd', 'type': 'int', 'value': -100}, {'name': 'pathname', 'type': 'const char*', 'value': '/proc/7145/loginuid'}, {'name': 'flags', 'type': 'unsigned int', 'value': 'O_RDONLY|O_CLOEXEC'}, {'name': 'mode', 'type': 'int', 'value': 154005284}]",0,0
16023.858759,159,1,0,systemd-journal,ip-10-100-1-186,5,fstat,2,0,"[{'name': 'fd', 'type': 'int', 'value': 34}, {'name': 'statbuf', 'type': 'struct stat*', 'value': '0x7FFDB7C1DE10'}]",0,0
16023.858807,159,1,0,systemd-journal,ip-10-100-1-186,3,close,1,0,"[{'name': 'fd', 'type': 'int', 'value': 34}]",0,0
16023.858835,159,1,0,systemd-journal,ip-10-100-1-186,1005,security_file_open,4,0,"[{'name': 'pathname', 'type': 'const char*', 'value': '/proc/7145/cgroup'}, {'name': 'flags', 'type': 'unsigned int', 'value': 'O_RDONLY|O_LARGEFILE'}, {'name': 'dev', 'type': 'dev_t', 'value': 5}, {'name': 'inode', 'type': 'unsigned long', 'value': 155629}]",0,0
16023.858873,159,1,0,systemd-journal,ip-10-100-1-186,257,openat,4,34,"[{'name': 'dirfd', 'type': 'int', 'value': -100}, {'name': 'pathname', 'type': 'const char*', 'value': '/proc/7145/cgroup'}, {'name': 'flags', 'type': 'unsigned int', 'value': 'O_RDONLY|O_CLOEXEC'}, {'name': 'mode', 'type': 'int', 'value': 154005284}]",0,0
16023.858897,159,1,0,systemd-journal,ip-10-100-1-186,5,fstat,2,0,"[{'name': 'fd', 'type': 'int', 'value': 34}, {'name': 'statbuf', 'type': 'struct stat*', 'value': '0x7FFDB7C1DDB0'}]",0,0
16023.859022,159,1,0,systemd-journal,ip-10-100-1-186,3,close,1,0,"[{'name': 'fd', 'type': 'int', 'value': 34}]",0,0
16023.859075,159,1,0,systemd-journal,ip-10-100-1-186,257,openat,4,-2,"[{'name': 'dirfd', 'type': 'int', 'value': -100}, {'name': 'pathname', 'type': 'const char*', 'value': '/run/systemd/units/log-extra-fields:sensor.service'}, {'name': 'flags', 'type': 'unsigned int', 'value': 'O_RDONLY|O_CLOEXEC'}, {'name': 'mode', 'type': 'int', 'value': 154005284}]",0,0
16023.85913,159,1,0,systemd-journal,ip-10-100-1-186,1003,cap_capable,1,0,"[{'name': 'cap', 'type': 'int', 'value': 'CAP_SYS_ADMIN'}]",0,0
16023.859204,159,1,0,systemd-journal,ip-10-100-1-186,21,access,2,0,"[{'name': 'pathname', 'type': 'const char*', 'value': '/run/systemd/journal/flushed'}, {'name': 'mode', 'type': 'int', 'value': 'F_OK'}]",0,0
16023.859242,159,1,0,systemd-journal,ip-10-100-1-186,1005,security_file_open,4,0,"[{'name': 'pathname', 'type': 'const char*', 'value': '/var/log/journal/cd4bbb49080545c3aed82cc00b5f152b/system.journal'}, {'name': 'flags', 'type': 'unsigned int', 'value': 'O_RDWR|O_CREAT|O_NONBLOCK|O_LARGEFILE'}, {'name': 'dev', 'type': 'dev_t', 'value': 211812353}, {'name': 'inode', 'type': 'unsigned long', 'value': 274142}]",0,0
16023.859271,159,1,0,systemd-journal,ip-10-100-1-186,257,openat,4,34,"[{'name': 'dirfd', 'type': 'int', 'value': -100}, {'name': 'pathname', 'type': 'const char*', 'value': '/var/log/journal/cd4bbb49080545c3aed82cc00b5f152b/system.journal'}, {'name': 'flags', 'type': 'unsigned int', 'value': 'O_RDWR|O_CREAT|O_NONBLOCK|O_CLOEXEC'}, {'name': 'mode', 'type': 'int', 'value': 154005284}]",0,0
16023.859307,159,1,0,systemd-journal,ip-10-100-1-186,5,fstat,2,0,"[{'name': 'fd', 'type': 'int', 'value': 34}, {'name': 'statbuf', 'type': 'struct stat*', 'value': '0x558C39ED0EA8'}]",0,0
16023.859384,159,1,0,systemd-journal,ip-10-100-1-186,257,openat,4,-2,"[{'name': 'dirfd', 'type': 'int', 'value': -100}, {'name': 'pathname', 'type': 'const char*', 'value': '/var/log/journal/cd4bbb49080545c3aed82cc00b5f152b/fss'}, {'name': 'flags', 'type': 'unsigned int', 'value': 'O_RDWR|O_NOCTTY|O_CLOEXEC'}, {'name': 'mode', 'type': 'int', 'value': 154005284}]",0,0
16023.867352,506,1,104,rs:main Q:Reg,ip-10-100-1-186,62,kill,2,0,"[{'name': 'pid', 'type': 'pid_t', 'value': 506}, {'name': 'sig', 'type': 'int', 'value': 22}]",0,0
16023.867518,506,1,104,rs:main Q:Reg,ip-10-100-1-186,62,kill,2,0,"[{'name': 'pid', 'type': 'pid_t', 'value': 506}, {'name': 'sig', 'type': 'int', 'value': 22}]",0,0
16023.867651,506,1,104,rs:main Q:Reg,ip-10-100-1-186,1003,cap_capable,1,0,"[{'name': 'cap', 'type': 'int', 'value': 'CAP_SYS_RESOURCE'}]",0,0
16023.867685,506,1,104,rs:main Q:Reg,ip-10-100-1-186,1003,cap_capable,1,0,"[{'name': 'cap', 'type': 'int', 'value': 'CAP_SYS_RESOURCE'}]",0,0
16023.882434,506,1,104,rs:main Q:Reg,ip-10-100-1-186,62,kill,2,0,"[{'name': 'pid', 'type': 'pid_t', 'value': 506}, {'name': 'sig', 'type': 'int', 'value': 22}]",0,0
16023.882608,159,1,0,systemd-journal,ip-10-100-1-186,3,close,1,0,"[{'name': 'fd', 'type': 'int', 'value': 34}]",0,0
16023.882723,159,1,0,systemd-journal,ip-10-100-1-186,21,access,2,0,"[{'name': 'pathname', 'type': 'const char*', 'value': '/run/systemd/journal/flushed'}, {'name': 'mode', 'type': 'int', 'value': 'F_OK'}]",0,0
16023.88277,159,1,0,systemd-journal,ip-10-100-1-186,1005,security_file_open,4,0,"[{'name': 'pathname', 'type': 'const char*', 'value': '/var/log/journal/cd4bbb49080545c3aed82cc00b5f152b/system.journal'}, {'name': 'flags', 'type': 'unsigned int', 'value': 'O_RDWR|O_CREAT|O_NONBLOCK|O_LARGEFILE'}, {'name': 'dev', 'type': 'dev_t', 'value': 211812353}, {'name': 'inode', 'type': 'unsigned long', 'value': 274142}]",0,0
16023.88291,506,1,104,rs:main Q:Reg,ip-10-100-1-186,62,kill,2,0,"[{'name': 'pid', 'type': 'pid_t', 'value': 506}, {'name': 'sig', 'type': 'int', 'value': 22}]",0,0
16023.883056,159,1,0,systemd-journal,ip-10-100-1-186,257,openat,4,34,"[{'name': 'dirfd', 'type': 'int', 'value': -100}, {'name': 'pathname', 'type': 'const char*', 'value': '/var/log/journal/cd4bbb49080545c3aed82cc00b5f152b/system.journal'}, {'name': 'flags', 'type': 'unsigned int', 'value': 'O_RDWR|O_CREAT|O_NONBLOCK|O_CLOEXEC'}, {'name': 'mode', 'type': 'int', 'value': 154005284}]",0,0
16023.883099,159,1,0,systemd-journal,ip-10-100-1-186,5,fstat,2,0,"[{'name': 'fd', 'type': 'int', 'value': 34}, {'name': 'statbuf', 'type': 'struct stat*', 'value': '0x558C39ED0EA8'}]",0,0
16023.883164,159,1,0,systemd-journal,ip-10-100-1-186,257,openat,4,-2,"[{'name': 'dirfd', 'type': 'int', 'value': -100}, {'name': 'pathname', 'type': 'const char*', 'value': '/var/log/journal/cd4bbb49080545c3aed82cc00b5f152b/fss'}, {'name': 'flags', 'type': 'unsigned int', 'value': 'O_RDWR|O_NOCTTY|O_CLOEXEC'}, {'name': 'mode', 'type': 'int', 'value': 154005284}]",0,0
16023.891079,506,1,104,rs:main Q:Reg,ip-10-100-1-186,1003,cap_capable,1,0,"[{'name': 'cap', 'type': 'int', 'value': 'CAP_SYS_RESOURCE'}]",0,0
16023.891113,506,1,104,rs:main Q:Reg,ip-10-100-1-186,1003,cap_capable,1,0,"[{'name': 'cap', 'type': 'int', 'value': 'CAP_SYS_RESOURCE'}]",0,0
16023.9062,506,1,104,rs:main Q:Reg,ip-10-100-1-186,62,kill,2,0,"[{'name': 'pid', 'type': 'pid_t', 'value': 506}, {'name': 'sig', 'type': 'int', 'value': 22}]",0,0
16023.906392,506,1,104,rs:main Q:Reg,ip-10-100-1-186,62,kill,2,0,"[{'name': 'pid', 'type': 'pid_t', 'value': 506}, {'name': 'sig', 'type': 'int', 'value': 22}]",0,0
16023.906509,506,1,104,rs:main Q:Reg,ip-10-100-1-186,1003,cap_capable,1,0,"[{'name': 'cap', 'type': 'int', 'value': 'CAP_SYS_RESOURCE'}]",0,0
16023.906544,506,1,104,rs:main Q:Reg,ip-10-100-1-186,1003,cap_capable,1,0,"[{'name': 'cap', 'type': 'int', 'value': 'CAP_SYS_RESOURCE'}]",0,0
16023.914429,159,1,0,systemd-journal,ip-10-100-1-186,3,close,1,0,"[{'name': 'fd', 'type': 'int', 'value': 34}]",0,0
16023.914617,159,1,0,systemd-journal,ip-10-100-1-186,1003,cap_capable,1,0,"[{'name': 'cap', 'type': 'int', 'value': 'CAP_SYS_ADMIN'}]",0,0
16023.914702,159,1,0,systemd-journal,ip-10-100-1-186,21,access,2,0,"[{'name': 'pathname', 'type': 'const char*', 'value': '/run/systemd/journal/flushed'}, {'name': 'mode', 'type': 'int', 'value': 'F_OK'}]",0,0
16023.914806,159,1,0,systemd-journal,ip-10-100-1-186,1005,security_file_open,4,0,"[{'name': 'pathname', 'type': 'const char*', 'value': '/var/log/journal/cd4bbb49080545c3aed82cc00b5f152b/system.journal'}, {'name': 'flags', 'type': 'unsigned int', 'value': 'O_RDWR|O_CREAT|O_NONBLOCK|O_LARGEFILE'}, {'name': 'dev', 'type': 'dev_t', 'value': 211812353}, {'name': 'inode', 'type': 'unsigned long', 'value': 274142}]",0,0
16023.914838,159,1,0,systemd-journal,ip-10-100-1-186,257,openat,4,34,"[{'name': 'dirfd', 'type': 'int', 'value': -100}, {'name': 'pathname', 'type': 'const char*', 'value': '/var/log/journal/cd4bbb49080545c3aed82cc00b5f152b/system.journal'}, {'name': 'flags', 'type': 'unsigned int', 'value': 'O_RDWR|O_CREAT|O_NONBLOCK|O_CLOEXEC'}, {'name': 'mode', 'type': 'int', 'value': 154005284}]",0,0
16023.914875,159,1,0,systemd-journal,ip-10-100-1-186,5,fstat,2,0,"[{'name': 'fd', 'type': 'int', 'value': 34}, {'name': 'statbuf', 'type': 'struct stat*', 'value': '0x558C39ED0EA8'}]",0,0
16023.914936,159,1,0,systemd-journal,ip-10-100-1-186,257,openat,4,-2,"[{'name': 'dirfd', 'type': 'int', 'value': -100}, {'name': 'pathname', 'type': 'const char*', 'value': '/var/log/journal/cd4bbb49080545c3aed82cc00b5f152b/fss'}, {'name': 'flags', 'type': 'unsigned int', 'value': 'O_RDWR|O_NOCTTY|O_CLOEXEC'}, {'name': 'mode', 'type': 'int', 'value': 154005284}]",0,0
16023.937293,506,1,104,rs:main Q:Reg,ip-10-100-1-186,62,kill,2,0,"[{'name': 'pid', 'type': 'pid_t', 'value': 506}, {'name': 'sig', 'type': 'int', 'value': 22}]",0,0
16023.937127,506,1,104,rs:main Q:Reg,ip-10-100-1-186,62,kill,2,0,"[{'name': 'pid', 'type': 'pid_t', 'value': 506}, {'name': 'sig', 'type': 'int', 'value': 22}]",0,0
16023.937431,506,1,104,rs:main Q:Reg,ip-10-100-1-186,1003,cap_capable,1,0,"[{'name': 'cap', 'type': 'int', 'value': 'CAP_SYS_RESOURCE'}]",0,0
16023.945609,159,1,0,systemd-journal,ip-10-100-1-186,257,openat,4,-2,"[{'name': 'dirfd', 'type': 'int', 'value': -100}, {'name': 'pathname', 'type': 'const char*', 'value': '/var/log/journal/cd4bbb49080545c3aed82cc00b5f152b/fss'}, {'name': 'flags', 'type': 'unsigned int', 'value': 'O_RDWR|O_NOCTTY|O_CLOEXEC'}, {'name': 'mode', 'type': 'int', 'value': 154005284}]",0,0
16023.945272,159,1,0,systemd-journal,ip-10-100-1-186,3,close,1,0,"[{'name': 'fd', 'type': 'int', 'value': 34}]",0,0
16023.945379,159,1,0,systemd-journal,ip-10-100-1-186,21,access,2,0,"[{'name': 'pathname', 'type': 'const char*', 'value': '/run/systemd/journal/flushed'}, {'name': 'mode', 'type': 'int', 'value': 'F_OK'}]",0,0
16023.945457,159,1,0,systemd-journal,ip-10-100-1-186,1005,security_file_open,4,0,"[{'name': 'pathname', 'type': 'const char*', 'value': '/var/log/journal/cd4bbb49080545c3aed82cc00b5f152b/system.journal'}, {'name': 'flags', 'type': 'unsigned int', 'value': 'O_RDWR|O_CREAT|O_NONBLOCK|O_LARGEFILE'}, {'name': 'dev', 'type': 'dev_t', 'value': 211812353}, {'name': 'inode', 'type': 'unsigned long', 'value': 274142}]",0,0
16023.945492,159,1,0,systemd-journal,ip-10-100-1-186,257,openat,4,34,"[{'name': 'dirfd', 'type': 'int', 'value': -100}, {'name': 'pathname', 'type': 'const char*', 'value': '/var/log/journal/cd4bbb49080545c3aed82cc00b5f152b/system.journal'}, {'name': 'flags', 'type': 'unsigned int', 'value': 'O_RDWR|O_CREAT|O_NONBLOCK|O_CLOEXEC'}, {'name': 'mode', 'type': 'int', 'value': 154005284}]",0,0
16023.945531,159,1,0,systemd-journal,ip-10-100-1-186,5,fstat,2,0,"[{'name': 'fd', 'type': 'int', 'value': 34}, {'name': 'statbuf', 'type': 'struct stat*', 'value': '0x558C39ED0EA8'}]",0,0
16023.937468,506,1,104,rs:main Q:Reg,ip-10-100-1-186,1003,cap_capable,1,0,"[{'name': 'cap', 'type': 'int', 'value': 'CAP_SYS_RESOURCE'}]",0,0
16023.96072,506,1,104,rs:main Q:Reg,ip-10-100-1-186,62,kill,2,0,"[{'name': 'pid', 'type': 'pid_t', 'value': 506}, {'name': 'sig', 'type': 'int', 'value': 22}]",0,0
16023.960885,506,1,104,rs:main Q:Reg,ip-10-100-1-186,62,kill,2,0,"[{'name': 'pid', 'type': 'pid_t', 'value': 506}, {'name': 'sig', 'type': 'int', 'value': 22}]",0,0
16023.961001,506,1,104,rs:main Q:Reg,ip-10-100-1-186,1003,cap_capable,1,0,"[{'name': 'cap', 'type': 'int', 'value': 'CAP_SYS_RESOURCE'}]",0,0
16023.961039,506,1,104,rs:main Q:Reg,ip-10-100-1-186,1003,cap_capable,1,0,"[{'name': 'cap', 'type': 'int', 'value': 'CAP_SYS_RESOURCE'}]",0,0
16023.968788,159,1,0,systemd-journal,ip-10-100-1-186,3,close,1,0,"[{'name': 'fd', 'type': 'int', 'value': 34}]",0,0
16023.968959,159,1,0,systemd-journal,ip-10-100-1-186,1003,cap_capable,1,0,"[{'name': 'cap', 'type': 'int', 'value': 'CAP_SYS_ADMIN'}]",0,0
16023.969034,159,1,0,systemd-journal,ip-10-100-1-186,21,access,2,0,"[{'name': 'pathname', 'type': 'const char*', 'value': '/run/systemd/journal/flushed'}, {'name': 'mode', 'type': 'int', 'value': 'F_OK'}]",0,0
16023.96908,159,1,0,systemd-journal,ip-10-100-1-186,1005,security_file_open,4,0,"[{'name': 'pathname', 'type': 'const char*', 'value': '/var/log/journal/cd4bbb49080545c3aed82cc00b5f152b/system.journal'}, {'name': 'flags', 'type': 'unsigned int', 'value': 'O_RDWR|O_CREAT|O_NONBLOCK|O_LARGEFILE'}, {'name': 'dev', 'type': 'dev_t', 'value': 211812353}, {'name': 'inode', 'type': 'unsigned long', 'value': 274142}]",0,0
16023.969113,159,1,0,systemd-journal,ip-10-100-1-186,257,openat,4,34,"[{'name': 'dirfd', 'type': 'int', 'value': -100}, {'name': 'pathname', 'type': 'const char*', 'value': '/var/log/journal/cd4bbb49080545c3aed82cc00b5f152b/system.journal'}, {'name': 'flags', 'type': 'unsigned int', 'value': 'O_RDWR|O_CREAT|O_NONBLOCK|O_CLOEXEC'}, {'name': 'mode', 'type': 'int', 'value': 154005284}]",0,0
16023.969153,159,1,0,systemd-journal,ip-10-100-1-186,5,fstat,2,0,"[{'name': 'fd', 'type': 'int', 'value': 34}, {'name': 'statbuf', 'type': 'struct stat*', 'value': '0x558C39ED0EA8'}]",0,0
16023.969289,159,1,0,systemd-journal,ip-10-100-1-186,257,openat,4,-2,"[{'name': 'dirfd', 'type': 'int', 'value': -100}, {'name': 'pathname', 'type': 'const char*', 'value': '/var/log/journal/cd4bbb49080545c3aed82cc00b5f152b/fss'}, {'name': 'flags', 'type': 'unsigned int', 'value': 'O_RDWR|O_NOCTTY|O_CLOEXEC'}, {'name': 'mode', 'type': 'int', 'value': 154005284}]",0,0
16023.984306,506,1,104,rs:main Q:Reg,ip-10-100-1-186,62,kill,2,0,"[{'name': 'pid', 'type': 'pid_t', 'value': 506}, {'name': 'sig', 'type': 'int', 'value': 22}]",0,0
16023.984467,506,1,104,rs:main Q:Reg,ip-10-100-1-186,62,kill,2,0,"[{'name': 'pid', 'type': 'pid_t', 'value': 506}, {'name': 'sig', 'type': 'int', 'value': 22}]",0,0
16023.984596,506,1,104,rs:main Q:Reg,ip-10-100-1-186,1003,cap_capable,1,0,"[{'name': 'cap', 'type': 'int', 'value': 'CAP_SYS_RESOURCE'}]",0,0
16023.984632,506,1,104,rs:main Q:Reg,ip-10-100-1-186,1003,cap_capable,1,0,"[{'name': 'cap', 'type': 'int', 'value': 'CAP_SYS_RESOURCE'}]",0,0
16023.992708,159,1,0,systemd-journal,ip-10-100-1-186,3,close,1,0,"[{'name': 'fd', 'type': 'int', 'value': 34}]",0,0
16023.992893,159,1,0,systemd-journal,ip-10-100-1-186,21,access,2,0,"[{'name': 'pathname', 'type': 'const char*', 'value': '/run/systemd/journal/flushed'}, {'name': 'mode', 'type': 'int', 'value': 'F_OK'}]",0,0
16023.992941,159,1,0,systemd-journal,ip-10-100-1-186,1005,security_file_open,4,0,"[{'name': 'pathname', 'type': 'const char*', 'value': '/var/log/journal/cd4bbb49080545c3aed82cc00b5f152b/system.journal'}, {'name': 'flags', 'type': 'unsigned int', 'value': 'O_RDWR|O_CREAT|O_NONBLOCK|O_LARGEFILE'}, {'name': 'dev', 'type': 'dev_t', 'value': 211812353}, {'name': 'inode', 'type': 'unsigned long', 'value': 274142}]",0,0
16023.992974,159,1,0,systemd-journal,ip-10-100-1-186,257,openat,4,34,"[{'name': 'dirfd', 'type': 'int', 'value': -100}, {'name': 'pathname', 'type': 'const char*', 'value': '/var/log/journal/cd4bbb49080545c3aed82cc00b5f152b/system.journal'}, {'name': 'flags', 'type': 'unsigned int', 'value': 'O_RDWR|O_CREAT|O_NONBLOCK|O_CLOEXEC'}, {'name': 'mode', 'type': 'int', 'value': 154005284}]",0,0
16023.993013,159,1,0,systemd-journal,ip-10-100-1-186,5,fstat,2,0,"[{'name': 'fd', 'type': 'int', 'value': 34}, {'name': 'statbuf', 'type': 'struct stat*', 'value': '0x558C39ED0EA8'}]",0,0
16023.993105,159,1,0,systemd-journal,ip-10-100-1-186,257,openat,4,-2,"[{'name': 'dirfd', 'type': 'int', 'value': -100}, {'name': 'pathname', 'type': 'const char*', 'value': '/var/log/journal/cd4bbb49080545c3aed82cc00b5f152b/fss'}, {'name': 'flags', 'type': 'unsigned int', 'value': 'O_RDWR|O_NOCTTY|O_CLOEXEC'}, {'name': 'mode', 'type': 'int', 'value': 154005284}]",0,0
16024.008357,506,1,104,rs:main Q:Reg,ip-10-100-1-186,62,kill,2,0,"[{'name': 'pid', 'type': 'pid_t', 'value': 506}, {'name': 'sig', 'type': 'int', 'value': 22}]",0,0
16024.008546,506,1,104,rs:main Q:Reg,ip-10-100-1-186,62,kill,2,0,"[{'name': 'pid', 'type': 'pid_t', 'value': 506}, {'name': 'sig', 'type': 'int', 'value': 22}]",0,0
16024.008662,506,1,104,rs:main Q:Reg,ip-10-100-1-186,1003,cap_capable,1,0,"[{'name': 'cap', 'type': 'int', 'value': 'CAP_SYS_RESOURCE'}]",0,0
16024.008698,506,1,104,rs:main Q:Reg,ip-10-100-1-186,1003,cap_capable,1,0,"[{'name': 'cap', 'type': 'int', 'value': 'CAP_SYS_RESOURCE'}]",0,0
16024.016628,159,1,0,systemd-journal,ip-10-100-1-186,3,close,1,0,"[{'name': 'fd', 'type': 'int', 'value': 34}]",0,0
16024.016805,159,1,0,systemd-journal,ip-10-100-1-186,1003,cap_capable,1,0,"[{'name': 'cap', 'type': 'int', 'value': 'CAP_SYS_ADMIN'}]",0,0
16024.016888,159,1,0,systemd-journal,ip-10-100-1-186,21,access,2,0,"[{'name': 'pathname', 'type': 'const char*', 'value': '/run/systemd/journal/flushed'}, {'name': 'mode', 'type': 'int', 'value': 'F_OK'}]",0,0
16024.016933,159,1,0,systemd-journal,ip-10-100-1-186,1005,security_file_open,4,0,"[{'name': 'pathname', 'type': 'const char*', 'value': '/var/log/journal/cd4bbb49080545c3aed82cc00b5f152b/system.journal'}, {'name': 'flags', 'type': 'unsigned int', 'value': 'O_RDWR|O_CREAT|O_NONBLOCK|O_LARGEFILE'}, {'name': 'dev', 'type': 'dev_t', 'value': 211812353}, {'name': 'inode', 'type': 'unsigned long', 'value': 274142}]",0,0
16024.016964,159,1,0,systemd-journal,ip-10-100-1-186,257,openat,4,34,"[{'name': 'dirfd', 'type': 'int', 'value': -100}, {'name': 'pathname', 'type': 'const char*', 'value': '/var/log/journal/cd4bbb49080545c3aed82cc00b5f152b/system.journal'}, {'name': 'flags', 'type': 'unsigned int', 'value': 'O_RDWR|O_CREAT|O_NONBLOCK|O_CLOEXEC'}, {'name': 'mode', 'type': 'int', 'value': 154005284}]",0,0
16024.017003,159,1,0,systemd-journal,ip-10-100-1-186,5,fstat,2,0,"[{'name': 'fd', 'type': 'int', 'value': 34}, {'name': 'statbuf', 'type': 'struct stat*', 'value': '0x558C39ED0EA8'}]",0,0
16024.017145,159,1,0,systemd-journal,ip-10-100-1-186,257,openat,4,-2,"[{'name': 'dirfd', 'type': 'int', 'value': -100}, {'name': 'pathname', 'type': 'const char*', 'value': '/var/log/journal/cd4bbb49080545c3aed82cc00b5f152b/fss'}, {'name': 'flags', 'type': 'unsigned int', 'value': 'O_RDWR|O_NOCTTY|O_CLOEXEC'}, {'name': 'mode', 'type': 'int', 'value': 154005284}]",0,0
16024.032259,506,1,104,rs:main Q:Reg,ip-10-100-1-186,62,kill,2,0,"[{'name': 'pid', 'type': 'pid_t', 'value': 506}, {'name': 'sig', 'type': 'int', 'value': 22}]",0,0
16024.032423,506,1,104,rs:main Q:Reg,ip-10-100-1-186,62,kill,2,0,"[{'name': 'pid', 'type': 'pid_t', 'value': 506}, {'name': 'sig', 'type': 'int', 'value': 22}]",0,0
16024.032554,506,1,104,rs:main Q:Reg,ip-10-100-1-186,1003,cap_capable,1,0,"[{'name': 'cap', 'type': 'int', 'value': 'CAP_SYS_RESOURCE'}]",0,0
16024.03259,506,1,104,rs:main Q:Reg,ip-10-100-1-186,1003,cap_capable,1,0,"[{'name': 'cap', 'type': 'int', 'value': 'CAP_SYS_RESOURCE'}]",0,0
16024.040463,159,1,0,systemd-journal,ip-10-100-1-186,3,close,1,0,"[{'name': 'fd', 'type': 'int', 'value': 34}]",0,0
16024.040556,159,1,0,systemd-journal,ip-10-100-1-186,21,access,2,0,"[{'name': 'pathname', 'type': 'const char*', 'value': '/run/systemd/journal/flushed'}, {'name': 'mode', 'type': 'int', 'value': 'F_OK'}]",0,0
16024.040638,159,1,0,systemd-journal,ip-10-100-1-186,1005,security_file_open,4,0,"[{'name': 'pathname', 'type': 'const char*', 'value': '/var/log/journal/cd4bbb49080545c3aed82cc00b5f152b/system.journal'}, {'name': 'flags', 'type': 'unsigned int', 'value': 'O_RDWR|O_CREAT|O_NONBLOCK|O_LARGEFILE'}, {'name': 'dev', 'type': 'dev_t', 'value': 211812353}, {'name': 'inode', 'type': 'unsigned long', 'value': 274142}]",0,0
16024.040671,159,1,0,systemd-journal,ip-10-100-1-186,257,openat,4,34,"[{'name': 'dirfd', 'type': 'int', 'value': -100}, {'name': 'pathname', 'type': 'const char*', 'value': '/var/log/journal/cd4bbb49080545c3aed82cc00b5f152b/system.journal'}, {'name': 'flags', 'type': 'unsigned int', 'value': 'O_RDWR|O_CREAT|O_NONBLOCK|O_CLOEXEC'}, {'name': 'mode', 'type': 'int', 'value': 154005284}]",0,0
16024.040722,159,1,0,systemd-journal,ip-10-100-1-186,5,fstat,2,0,"[{'name': 'fd', 'type': 'int', 'value': 34}, {'name': 'statbuf', 'type': 'struct stat*', 'value': '0x558C39ED0EA8'}]",0,0
16024.040869,159,1,0,systemd-journal,ip-10-100-1-186,257,openat,4,-2,"[{'name': 'dirfd', 'type': 'int', 'value': -100}, {'name': 'pathname', 'type': 'const char*', 'value': '/var/log/journal/cd4bbb49080545c3aed82cc00b5f152b/fss'}, {'name': 'flags', 'type': 'unsigned int', 'value': 'O_RDWR|O_NOCTTY|O_CLOEXEC'}, {'name': 'mode', 'type': 'int', 'value': 154005284}]",0,0
16024.056145,506,1,104,rs:main Q:Reg,ip-10-100-1-186,62,kill,2,0,"[{'name': 'pid', 'type': 'pid_t', 'value': 506}, {'name': 'sig', 'type': 'int', 'value': 22}]",0,0
16024.056309,506,1,104,rs:main Q:Reg,ip-10-100-1-186,62,kill,2,0,"[{'name': 'pid', 'type': 'pid_t', 'value': 506}, {'name': 'sig', 'type': 'int', 'value': 22}]",0,0
16024.056435,506,1,104,rs:main Q:Reg,ip-10-100-1-186,1003,cap_capable,1,0,"[{'name': 'cap', 'type': 'int', 'value': 'CAP_SYS_RESOURCE'}]",0,0
16024.056482,506,1,104,rs:main Q:Reg,ip-10-100-1-186,1003,cap_capable,1,0,"[{'name': 'cap', 'type': 'int', 'value': 'CAP_SYS_RESOURCE'}]",0,0
16024.064325,159,1,0,systemd-journal,ip-10-100-1-186,3,close,1,0,"[{'name': 'fd', 'type': 'int', 'value': 34}]",0,0
16024.064492,159,1,0,systemd-journal,ip-10-100-1-186,1003,cap_capable,1,0,"[{'name': 'cap', 'type': 'int', 'value': 'CAP_SYS_ADMIN'}]",0,0
16024.064565,159,1,0,systemd-journal,ip-10-100-1-186,21,access,2,0,"[{'name': 'pathname', 'type': 'const char*', 'value': '/run/systemd/journal/flushed'}, {'name': 'mode', 'type': 'int', 'value': 'F_OK'}]",0,0
16024.06461,159,1,0,systemd-journal,ip-10-100-1-186,1005,security_file_open,4,0,"[{'name': 'pathname', 'type': 'const char*', 'value': '/var/log/journal/cd4bbb49080545c3aed82cc00b5f152b/system.journal'}, {'name': 'flags', 'type': 'unsigned int', 'value': 'O_RDWR|O_CREAT|O_NONBLOCK|O_LARGEFILE'}, {'name': 'dev', 'type': 'dev_t', 'value': 211812353}, {'name': 'inode', 'type': 'unsigned long', 'value': 274142}]",0,0
16024.064643,159,1,0,systemd-journal,ip-10-100-1-186,257,openat,4,34,"[{'name': 'dirfd', 'type': 'int', 'value': -100}, {'name': 'pathname', 'type': 'const char*', 'value': '/var/log/journal/cd4bbb49080545c3aed82cc00b5f152b/system.journal'}, {'name': 'flags', 'type': 'unsigned int', 'value': 'O_RDWR|O_CREAT|O_NONBLOCK|O_CLOEXEC'}, {'name': 'mode', 'type': 'int', 'value': 154005284}]",0,0
16024.064681,159,1,0,systemd-journal,ip-10-100-1-186,5,fstat,2,0,"[{'name': 'fd', 'type': 'int', 'value': 34}, {'name': 'statbuf', 'type': 'struct stat*', 'value': '0x558C39ED0EA8'}]",0,0
16024.064826,159,1,0,systemd-journal,ip-10-100-1-186,257,openat,4,-2,"[{'name': 'dirfd', 'type': 'int', 'value': -100}, {'name': 'pathname', 'type': 'const char*', 'value': '/var/log/journal/cd4bbb49080545c3aed82cc00b5f152b/fss'}, {'name': 'flags', 'type': 'unsigned int', 'value': 'O_RDWR|O_NOCTTY|O_CLOEXEC'}, {'name': 'mode', 'type': 'int', 'value': 154005284}]",0,0
16024.080158,506,1,104,rs:main Q:Reg,ip-10-100-1-186,62,kill,2,0,"[{'name': 'pid', 'type': 'pid_t', 'value': 506}, {'name': 'sig', 'type': 'int', 'value': 22}]",0,0
16024.087129,506,1,104,rs:main Q:Reg,ip-10-100-1-186,62,kill,2,0,"[{'name': 'pid', 'type': 'pid_t', 'value': 506}, {'name': 'sig', 'type': 'int', 'value': 22}]",0,0
16024.087261,506,1,104,rs:main Q:Reg,ip-10-100-1-186,1003,cap_capable,1,0,"[{'name': 'cap', 'type': 'int', 'value': 'CAP_SYS_RESOURCE'}]",0,0
16024.087294,506,1,104,rs:main Q:Reg,ip-10-100-1-186,1003,cap_capable,1,0,"[{'name': 'cap', 'type': 'int', 'value': 'CAP_SYS_RESOURCE'}]",0,0
16024.094859,159,1,0,systemd-journal,ip-10-100-1-186,21,access,2,0,"[{'name': 'pathname', 'type': 'const char*', 'value': '/run/systemd/journal/flushed'}, {'name': 'mode', 'type': 'int', 'value': 'F_OK'}]",0,0
16024.09476,159,1,0,systemd-journal,ip-10-100-1-186,3,close,1,0,"[{'name': 'fd', 'type': 'int', 'value': 34}]",0,0
16024.094936,159,1,0,systemd-journal,ip-10-100-1-186,1005,security_file_open,4,0,"[{'name': 'pathname', 'type': 'const char*', 'value': '/var/log/journal/cd4bbb49080545c3aed82cc00b5f152b/system.journal'}, {'name': 'flags', 'type': 'unsigned int', 'value': 'O_RDWR|O_CREAT|O_NONBLOCK|O_LARGEFILE'}, {'name': 'dev', 'type': 'dev_t', 'value': 211812353}, {'name': 'inode', 'type': 'unsigned long', 'value': 274142}]",0,0
16024.095019,159,1,0,systemd-journal,ip-10-100-1-186,5,fstat,2,0,"[{'name': 'fd', 'type': 'int', 'value': 34}, {'name': 'statbuf', 'type': 'struct stat*', 'value': '0x558C39ED0EA8'}]",0,0
16024.094968,159,1,0,systemd-journal,ip-10-100-1-186,257,openat,4,34,"[{'name': 'dirfd', 'type': 'int', 'value': -100}, {'name': 'pathname', 'type': 'const char*', 'value': '/var/log/journal/cd4bbb49080545c3aed82cc00b5f152b/system.journal'}, {'name': 'flags', 'type': 'unsigned int', 'value': 'O_RDWR|O_CREAT|O_NONBLOCK|O_CLOEXEC'}, {'name': 'mode', 'type': 'int', 'value': 154005284}]",0,0
16024.095158,159,1,0,systemd-journal,ip-10-100-1-186,257,openat,4,-2,"[{'name': 'dirfd', 'type': 'int', 'value': -100}, {'name': 'pathname', 'type': 'const char*', 'value': '/var/log/journal/cd4bbb49080545c3aed82cc00b5f152b/fss'}, {'name': 'flags', 'type': 'unsigned int', 'value': 'O_RDWR|O_NOCTTY|O_CLOEXEC'}, {'name': 'mode', 'type': 'int', 'value': 154005284}]",0,0
16024.109993,506,1,104,rs:main Q:Reg,ip-10-100-1-186,62,kill,2,0,"[{'name': 'pid', 'type': 'pid_t', 'value': 506}, {'name': 'sig', 'type': 'int', 'value': 22}]",0,0
16024.110167,506,1,104,rs:main Q:Reg,ip-10-100-1-186,62,kill,2,0,"[{'name': 'pid', 'type': 'pid_t', 'value': 506}, {'name': 'sig', 'type': 'int', 'value': 22}]",0,0
16024.110299,506,1,104,rs:main Q:Reg,ip-10-100-1-186,1003,cap_capable,1,0,"[{'name': 'cap', 'type': 'int', 'value': 'CAP_SYS_RESOURCE'}]",0,0
16024.110338,506,1,104,rs:main Q:Reg,ip-10-100-1-186,1003,cap_capable,1,0,"[{'name': 'cap', 'type': 'int', 'value': 'CAP_SYS_RESOURCE'}]",0,0
16024.118219,159,1,0,systemd-journal,ip-10-100-1-186,3,close,1,0,"[{'name': 'fd', 'type': 'int', 'value': 34}]",0,0
16024.120654,159,1,0,systemd-journal,ip-10-100-1-186,1005,security_file_open,4,0,"[{'name': 'pathname', 'type': 'const char*', 'value': '/proc/506/comm'}, {'name': 'flags', 'type': 'unsigned int', 'value': 'O_RDONLY|O_LARGEFILE'}, {'name': 'dev', 'type': 'dev_t', 'value': 5}, {'name': 'inode', 'type': 'unsigned long', 'value': 155641}]",0,0
16024.120718,159,1,0,systemd-journal,ip-10-100-1-186,257,openat,4,34,"[{'name': 'dirfd', 'type': 'int', 'value': -100}, {'name': 'pathname', 'type': 'const char*', 'value': '/proc/506/comm'}, {'name': 'flags', 'type': 'unsigned int', 'value': 'O_RDONLY|O_CLOEXEC'}, {'name': 'mode', 'type': 'int', 'value': 154005284}]",0,0
16024.120752,159,1,0,systemd-journal,ip-10-100-1-186,5,fstat,2,0,"[{'name': 'fd', 'type': 'int', 'value': 34}, {'name': 'statbuf', 'type': 'struct stat*', 'value': '0x7FFDB7C1DB40'}]",0,0
16024.120799,159,1,0,systemd-journal,ip-10-100-1-186,3,close,1,0,"[{'name': 'fd', 'type': 'int', 'value': 34}]",0,0
16024.120837,159,1,0,systemd-journal,ip-10-100-1-186,1003,cap_capable,1,0,"[{'name': 'cap', 'type': 'int', 'value': 'CAP_SYS_PTRACE'}]",0,0
16024.120858,159,1,0,systemd-journal,ip-10-100-1-186,1003,cap_capable,1,0,"[{'name': 'cap', 'type': 'int', 'value': 'CAP_SYS_PTRACE'}]",0,0
16024.120903,159,1,0,systemd-journal,ip-10-100-1-186,1005,security_file_open,4,0,"[{'name': 'pathname', 'type': 'const char*', 'value': '/proc/506/cmdline'}, {'name': 'flags', 'type': 'unsigned int', 'value': 'O_RDONLY|O_LARGEFILE'}, {'name': 'dev', 'type': 'dev_t', 'value': 5}, {'name': 'inode', 'type': 'unsigned long', 'value': 155643}]",0,0
16024.120931,159,1,0,systemd-journal,ip-10-100-1-186,257,openat,4,34,"[{'name': 'dirfd', 'type': 'int', 'value': -100}, {'name': 'pathname', 'type': 'const char*', 'value': '/proc/506/cmdline'}, {'name': 'flags', 'type': 'unsigned int', 'value': 'O_RDONLY|O_CLOEXEC'}, {'name': 'mode', 'type': 'int', 'value': 154005284}]",0,0
16024.120956,159,1,0,systemd-journal,ip-10-100-1-186,5,fstat,2,0,"[{'name': 'fd', 'type': 'int', 'value': 34}, {'name': 'statbuf', 'type': 'struct stat*', 'value': '0x7FFDB7C1DBD0'}]",0,0
16024.121,159,1,0,systemd-journal,ip-10-100-1-186,3,close,1,0,"[{'name': 'fd', 'type': 'int', 'value': 34}]",0,0
16024.121029,159,1,0,systemd-journal,ip-10-100-1-186,1005,security_file_open,4,0,"[{'name': 'pathname', 'type': 'const char*', 'value': '/proc/506/status'}, {'name': 'flags', 'type': 'unsigned int', 'value': 'O_RDONLY|O_LARGEFILE'}, {'name': 'dev', 'type': 'dev_t', 'value': 5}, {'name': 'inode', 'type': 'unsigned long', 'value': 155644}]",0,0
16024.121055,159,1,0,systemd-journal,ip-10-100-1-186,257,openat,4,34,"[{'name': 'dirfd', 'type': 'int', 'value': -100}, {'name': 'pathname', 'type': 'const char*', 'value': '/proc/506/status'}, {'name': 'flags', 'type': 'unsigned int', 'value': 'O_RDONLY|O_CLOEXEC'}, {'name': 'mode', 'type': 'int', 'value': 154005284}]",0,0
16024.121078,159,1,0,systemd-journal,ip-10-100-1-186,5,fstat,2,0,"[{'name': 'fd', 'type': 'int', 'value': 34}, {'name': 'statbuf', 'type': 'struct stat*', 'value': '0x7FFDB7C1DC40'}]",0,0
16024.121121,159,1,0,systemd-journal,ip-10-100-1-186,3,close,1,0,"[{'name': 'fd', 'type': 'int', 'value': 34}]",0,0
16024.121155,159,1,0,systemd-journal,ip-10-100-1-186,1005,security_file_open,4,0,"[{'name': 'pathname', 'type': 'const char*', 'value': '/proc/506/attr/current'}, {'name': 'flags', 'type': 'unsigned int', 'value': 'O_RDONLY|O_LARGEFILE'}, {'name': 'dev', 'type': 'dev_t', 'value': 5}, {'name': 'inode', 'type': 'unsigned long', 'value': 155646}]",0,0
16024.121182,159,1,0,systemd-journal,ip-10-100-1-186,257,openat,4,34,"[{'name': 'dirfd', 'type': 'int', 'value': -100}, {'name': 'pathname', 'type': 'const char*', 'value': '/proc/506/attr/current'}, {'name': 'flags', 'type': 'unsigned int', 'value': 'O_RDONLY|O_CLOEXEC'}, {'name': 'mode', 'type': 'int', 'value': 154005284}]",0,0
16024.121215,159,1,0,systemd-journal,ip-10-100-1-186,3,close,1,0,"[{'name': 'fd', 'type': 'int', 'value': 34}]",0,0
16024.121293,159,1,0,systemd-journal,ip-10-100-1-186,5,fstat,2,0,"[{'name': 'fd', 'type': 'int', 'value': 34}, {'name': 'statbuf', 'type': 'struct stat*', 'value': '0x7FFDB7C1DB30'}]",0,0
16024.121243,159,1,0,systemd-journal,ip-10-100-1-186,1005,security_file_open,4,0,"[{'name': 'pathname', 'type': 'const char*', 'value': '/proc/506/sessionid'}, {'name': 'flags', 'type': 'unsigned int', 'value': 'O_RDONLY|O_LARGEFILE'}, {'name': 'dev', 'type': 'dev_t', 'value': 5}, {'name': 'inode', 'type': 'unsigned long', 'value': 155647}]",0,0
16024.121269,159,1,0,systemd-journal,ip-10-100-1-186,257,openat,4,34,"[{'name': 'dirfd', 'type': 'int', 'value': -100}, {'name': 'pathname', 'type': 'const char*', 'value': '/proc/506/sessionid'}, {'name': 'flags', 'type': 'unsigned int', 'value': 'O_RDONLY|O_CLOEXEC'}, {'name': 'mode', 'type': 'int', 'value': 154005284}]",0,0
16024.121328,159,1,0,systemd-journal,ip-10-100-1-186,3,close,1,0,"[{'name': 'fd', 'type': 'int', 'value': 34}]",0,0
16024.121415,159,1,0,systemd-journal,ip-10-100-1-186,5,fstat,2,0,"[{'name': 'fd', 'type': 'int', 'value': 34}, {'name': 'statbuf', 'type': 'struct stat*', 'value': '0x7FFDB7C1DB30'}]",0,0
16024.121449,159,1,0,systemd-journal,ip-10-100-1-186,3,close,1,0,"[{'name': 'fd', 'type': 'int', 'value': 34}]",0,0
16024.1215,159,1,0,systemd-journal,ip-10-100-1-186,1005,security_file_open,4,0,"[{'name': 'pathname', 'type': 'const char*', 'value': '/proc/506/cgroup'}, {'name': 'flags', 'type': 'unsigned int', 'value': 'O_RDONLY|O_LARGEFILE'}, {'name': 'dev', 'type': 'dev_t', 'value': 5}, {'name': 'inode', 'type': 'unsigned long', 'value': 155649}]",0,0
16024.121355,159,1,0,systemd-journal,ip-10-100-1-186,1005,security_file_open,4,0,"[{'name': 'pathname', 'type': 'const char*', 'value': '/proc/506/loginuid'}, {'name': 'flags', 'type': 'unsigned int', 'value': 'O_RDONLY|O_LARGEFILE'}, {'name': 'dev', 'type': 'dev_t', 'value': 5}, {'name': 'inode', 'type': 'unsigned long', 'value': 155648}]",0,0
16024.121381,159,1,0,systemd-journal,ip-10-100-1-186,257,openat,4,34,"[{'name': 'dirfd', 'type': 'int', 'value': -100}, {'name': 'pathname', 'type': 'const char*', 'value': '/proc/506/loginuid'}, {'name': 'flags', 'type': 'unsigned int', 'value': 'O_RDONLY|O_CLOEXEC'}, {'name': 'mode', 'type': 'int', 'value': 154005284}]",0,0
16024.121583,159,1,0,systemd-journal,ip-10-100-1-186,257,openat,4,34,"[{'name': 'dirfd', 'type': 'int', 'value': -100}, {'name': 'pathname', 'type': 'const char*', 'value': '/proc/506/cgroup'}, {'name': 'flags', 'type': 'unsigned int', 'value': 'O_RDONLY|O_CLOEXEC'}, {'name': 'mode', 'type': 'int', 'value': 154005284}]",0,0
16024.12162,159,1,0,systemd-journal,ip-10-100-1-186,5,fstat,2,0,"[{'name': 'fd', 'type': 'int', 'value': 34}, {'name': 'statbuf', 'type': 'struct stat*', 'value': '0x7FFDB7C1DAD0'}]",0,0
16024.12184,159,1,0,systemd-journal,ip-10-100-1-186,257,openat,4,-2,"[{'name': 'dirfd', 'type': 'int', 'value': -100}, {'name': 'pathname', 'type': 'const char*', 'value': '/run/systemd/units/log-extra-fields:rsyslog.service'}, {'name': 'flags', 'type': 'unsigned int', 'value': 'O_RDONLY|O_CLOEXEC'}, {'name': 'mode', 'type': 'int', 'value': 154005284}]",0,0
16024.121784,159,1,0,systemd-journal,ip-10-100-1-186,3,close,1,0,"[{'name': 'fd', 'type': 'int', 'value': 34}]",0,0
16024.121885,159,1,0,systemd-journal,ip-10-100-1-186,1003,cap_capable,1,0,"[{'name': 'cap', 'type': 'int', 'value': 'CAP_SYS_ADMIN'}]",0,0
16024.121906,159,1,0,systemd-journal,ip-10-100-1-186,1003,cap_capable,1,0,"[{'name': 'cap', 'type': 'int', 'value': 'CAP_SETUID'}]",0,0
16024.121927,159,1,0,systemd-journal,ip-10-100-1-186,1003,cap_capable,1,0,"[{'name': 'cap', 'type': 'int', 'value': 'CAP_SETGID'}]",0,0
16024.121988,159,1,0,systemd-journal,ip-10-100-1-186,21,access,2,0,"[{'name': 'pathname', 'type': 'const char*', 'value': '/run/systemd/journal/flushed'}, {'name': 'mode', 'type': 'int', 'value': 'F_OK'}]",0,0
16024.122029,159,1,0,systemd-journal,ip-10-100-1-186,1005,security_file_open,4,0,"[{'name': 'pathname', 'type': 'const char*', 'value': '/var/log/journal/cd4bbb49080545c3aed82cc00b5f152b/system.journal'}, {'name': 'flags', 'type': 'unsigned int', 'value': 'O_RDWR|O_CREAT|O_NONBLOCK|O_LARGEFILE'}, {'name': 'dev', 'type': 'dev_t', 'value': 211812353}, {'name': 'inode', 'type': 'unsigned long', 'value': 274142}]",0,0
16024.122058,159,1,0,systemd-journal,ip-10-100-1-186,257,openat,4,34,"[{'name': 'dirfd', 'type': 'int', 'value': -100}, {'name': 'pathname', 'type': 'const char*', 'value': '/var/log/journal/cd4bbb49080545c3aed82cc00b5f152b/system.journal'}, {'name': 'flags', 'type': 'unsigned int', 'value': 'O_RDWR|O_CREAT|O_NONBLOCK|O_CLOEXEC'}, {'name': 'mode', 'type': 'int', 'value': 154005284}]",0,0
16024.122095,159,1,0,systemd-journal,ip-10-100-1-186,5,fstat,2,0,"[{'name': 'fd', 'type': 'int', 'value': 34}, {'name': 'statbuf', 'type': 'struct stat*', 'value': '0x558C39ED0EA8'}]",0,0
16024.137343,506,1,104,rs:main Q:Reg,ip-10-100-1-186,62,kill,2,0,"[{'name': 'pid', 'type': 'pid_t', 'value': 506}, {'name': 'sig', 'type': 'int', 'value': 22}]",0,0
16024.122158,159,1,0,systemd-journal,ip-10-100-1-186,257,openat,4,-2,"[{'name': 'dirfd', 'type': 'int', 'value': -100}, {'name': 'pathname', 'type': 'const char*', 'value': '/var/log/journal/cd4bbb49080545c3aed82cc00b5f152b/fss'}, {'name': 'flags', 'type': 'unsigned int', 'value': 'O_RDWR|O_NOCTTY|O_CLOEXEC'}, {'name': 'mode', 'type': 'int', 'value': 154005284}]",0,0
16024.137529,506,1,104,rs:main Q:Reg,ip-10-100-1-186,62,kill,2,0,"[{'name': 'pid', 'type': 'pid_t', 'value': 506}, {'name': 'sig', 'type': 'int', 'value': 22}]",0,0
16024.137644,506,1,104,rs:main Q:Reg,ip-10-100-1-186,1003,cap_capable,1,0,"[{'name': 'cap', 'type': 'int', 'value': 'CAP_SYS_RESOURCE'}]",0,0
16024.137681,506,1,104,rs:main Q:Reg,ip-10-100-1-186,1003,cap_capable,1,0,"[{'name': 'cap', 'type': 'int', 'value': 'CAP_SYS_RESOURCE'}]",0,0
16024.145491,159,1,0,systemd-journal,ip-10-100-1-186,3,close,1,0,"[{'name': 'fd', 'type': 'int', 'value': 34}]",0,0
16024.145921,159,1,0,systemd-journal,ip-10-100-1-186,21,access,2,0,"[{'name': 'pathname', 'type': 'const char*', 'value': '/run/systemd/journal/flushed'}, {'name': 'mode', 'type': 'int', 'value': 'F_OK'}]",0,0
16024.145986,159,1,0,systemd-journal,ip-10-100-1-186,1005,security_file_open,4,0,"[{'name': 'pathname', 'type': 'const char*', 'value': '/var/log/journal/cd4bbb49080545c3aed82cc00b5f152b/system.journal'}, {'name': 'flags', 'type': 'unsigned int', 'value': 'O_RDWR|O_CREAT|O_NONBLOCK|O_LARGEFILE'}, {'name': 'dev', 'type': 'dev_t', 'value': 211812353}, {'name': 'inode', 'type': 'unsigned long', 'value': 274142}]",0,0
16024.146019,159,1,0,systemd-journal,ip-10-100-1-186,257,openat,4,34,"[{'name': 'dirfd', 'type': 'int', 'value': -100}, {'name': 'pathname', 'type': 'const char*', 'value': '/var/log/journal/cd4bbb49080545c3aed82cc00b5f152b/system.journal'}, {'name': 'flags', 'type': 'unsigned int', 'value': 'O_RDWR|O_CREAT|O_NONBLOCK|O_CLOEXEC'}, {'name': 'mode', 'type': 'int', 'value': 154005284}]",0,0
16024.153113,159,1,0,systemd-journal,ip-10-100-1-186,5,fstat,2,0,"[{'name': 'fd', 'type': 'int', 'value': 34}, {'name': 'statbuf', 'type': 'struct stat*', 'value': '0x558C39ED0EA8'}]",0,0
16024.153196,159,1,0,systemd-journal,ip-10-100-1-186,257,openat,4,-2,"[{'name': 'dirfd', 'type': 'int', 'value': -100}, {'name': 'pathname', 'type': 'const char*', 'value': '/var/log/journal/cd4bbb49080545c3aed82cc00b5f152b/fss'}, {'name': 'flags', 'type': 'unsigned int', 'value': 'O_RDWR|O_NOCTTY|O_CLOEXEC'}, {'name': 'mode', 'type': 'int', 'value': 154005284}]",0,0
16024.161139,506,1,104,rs:main Q:Reg,ip-10-100-1-186,62,kill,2,0,"[{'name': 'pid', 'type': 'pid_t', 'value': 506}, {'name': 'sig', 'type': 'int', 'value': 22}]",0,0
16024.161301,506,1,104,rs:main Q:Reg,ip-10-100-1-186,62,kill,2,0,"[{'name': 'pid', 'type': 'pid_t', 'value': 506}, {'name': 'sig', 'type': 'int', 'value': 22}]",0,0
16024.161415,506,1,104,rs:main Q:Reg,ip-10-100-1-186,1003,cap_capable,1,0,"[{'name': 'cap', 'type': 'int', 'value': 'CAP_SYS_RESOURCE'}]",0,0
16024.161448,506,1,104,rs:main Q:Reg,ip-10-100-1-186,1003,cap_capable,1,0,"[{'name': 'cap', 'type': 'int', 'value': 'CAP_SYS_RESOURCE'}]",0,0
16024.176423,159,1,0,systemd-journal,ip-10-100-1-186,3,close,1,0,"[{'name': 'fd', 'type': 'int', 'value': 34}]",0,0
16024.177058,159,1,0,systemd-journal,ip-10-100-1-186,1005,security_file_open,4,0,"[{'name': 'pathname', 'type': 'const char*', 'value': '/proc/4170/status'}, {'name': 'flags', 'type': 'unsigned int', 'value': 'O_RDONLY|O_LARGEFILE'}, {'name': 'dev', 'type': 'dev_t', 'value': 5}, {'name': 'inode', 'type': 'unsigned long', 'value': 155631}]",0,0
16024.177094,159,1,0,systemd-journal,ip-10-100-1-186,257,openat,4,34,"[{'name': 'dirfd', 'type': 'int', 'value': -100}, {'name': 'pathname', 'type': 'const char*', 'value': '/proc/4170/status'}, {'name': 'flags', 'type': 'unsigned int', 'value': 'O_RDONLY|O_CLOEXEC'}, {'name': 'mode', 'type': 'int', 'value': 154005284}]",0,0
16024.177135,159,1,0,systemd-journal,ip-10-100-1-186,5,fstat,2,0,"[{'name': 'fd', 'type': 'int', 'value': 34}, {'name': 'statbuf', 'type': 'struct stat*', 'value': '0x7FFDB7C1DE20'}]",0,0
16024.177245,159,1,0,systemd-journal,ip-10-100-1-186,3,close,1,0,"[{'name': 'fd', 'type': 'int', 'value': 34}]",0,0
16024.177275,159,1,0,systemd-journal,ip-10-100-1-186,1005,security_file_open,4,0,"[{'name': 'pathname', 'type': 'const char*', 'value': '/proc/4170/status'}, {'name': 'flags', 'type': 'unsigned int', 'value': 'O_RDONLY|O_LARGEFILE'}, {'name': 'dev', 'type': 'dev_t', 'value': 5}, {'name': 'inode', 'type': 'unsigned long', 'value': 155631}]",0,0
16024.177301,159,1,0,systemd-journal,ip-10-100-1-186,257,openat,4,34,"[{'name': 'dirfd', 'type': 'int', 'value': -100}, {'name': 'pathname', 'type': 'const char*', 'value': '/proc/4170/status'}, {'name': 'flags', 'type': 'unsigned int', 'value': 'O_RDONLY|O_CLOEXEC'}, {'name': 'mode', 'type': 'int', 'value': 154005284}]",0,0
16024.177326,159,1,0,systemd-journal,ip-10-100-1-186,5,fstat,2,0,"[{'name': 'fd', 'type': 'int', 'value': 34}, {'name': 'statbuf', 'type': 'struct stat*', 'value': '0x7FFDB7C1DE20'}]",0,0
16024.177428,159,1,0,systemd-journal,ip-10-100-1-186,3,close,1,0,"[{'name': 'fd', 'type': 'int', 'value': 34}]",0,0
16024.177468,159,1,0,systemd-journal,ip-10-100-1-186,1005,security_file_open,4,0,"[{'name': 'pathname', 'type': 'const char*', 'value': '/proc/4170/comm'}, {'name': 'flags', 'type': 'unsigned int', 'value': 'O_RDONLY|O_LARGEFILE'}, {'name': 'dev', 'type': 'dev_t', 'value': 5}, {'name': 'inode', 'type': 'unsigned long', 'value': 155632}]",0,0
16024.177527,159,1,0,systemd-journal,ip-10-100-1-186,257,openat,4,34,"[{'name': 'dirfd', 'type': 'int', 'value': -100}, {'name': 'pathname', 'type': 'const char*', 'value': '/proc/4170/comm'}, {'name': 'flags', 'type': 'unsigned int', 'value': 'O_RDONLY|O_CLOEXEC'}, {'name': 'mode', 'type': 'int', 'value': 154005284}]",0,0
16024.177553,159,1,0,systemd-journal,ip-10-100-1-186,5,fstat,2,0,"[{'name': 'fd', 'type': 'int', 'value': 34}, {'name': 'statbuf', 'type': 'struct stat*', 'value': '0x7FFDB7C1DE20'}]",0,0
16024.177594,159,1,0,systemd-journal,ip-10-100-1-186,3,close,1,0,"[{'name': 'fd', 'type': 'int', 'value': 34}]",0,0
16024.177629,159,1,0,systemd-journal,ip-10-100-1-186,1003,cap_capable,1,0,"[{'name': 'cap', 'type': 'int', 'value': 'CAP_SYS_PTRACE'}]",0,0
16024.177684,159,1,0,systemd-journal,ip-10-100-1-186,1005,security_file_open,4,0,"[{'name': 'pathname', 'type': 'const char*', 'value': '/proc/4170/cmdline'}, {'name': 'flags', 'type': 'unsigned int', 'value': 'O_RDONLY|O_LARGEFILE'}, {'name': 'dev', 'type': 'dev_t', 'value': 5}, {'name': 'inode', 'type': 'unsigned long', 'value': 155634}]",0,0
16024.177711,159,1,0,systemd-journal,ip-10-100-1-186,257,openat,4,34,"[{'name': 'dirfd', 'type': 'int', 'value': -100}, {'name': 'pathname', 'type': 'const char*', 'value': '/proc/4170/cmdline'}, {'name': 'flags', 'type': 'unsigned int', 'value': 'O_RDONLY|O_CLOEXEC'}, {'name': 'mode', 'type': 'int', 'value': 154005284}]",0,0
16024.177736,159,1,0,systemd-journal,ip-10-100-1-186,5,fstat,2,0,"[{'name': 'fd', 'type': 'int', 'value': 34}, {'name': 'statbuf', 'type': 'struct stat*', 'value': '0x7FFDB7C1DEB0'}]",0,0
16024.177782,159,1,0,systemd-journal,ip-10-100-1-186,3,close,1,0,"[{'name': 'fd', 'type': 'int', 'value': 34}]",0,0
16024.17781,159,1,0,systemd-journal,ip-10-100-1-186,1005,security_file_open,4,0,"[{'name': 'pathname', 'type': 'const char*', 'value': '/proc/4170/status'}, {'name': 'flags', 'type': 'unsigned int', 'value': 'O_RDONLY|O_LARGEFILE'}, {'name': 'dev', 'type': 'dev_t', 'value': 5}, {'name': 'inode', 'type': 'unsigned long', 'value': 155631}]",0,0
16024.177836,159,1,0,systemd-journal,ip-10-100-1-186,257,openat,4,34,"[{'name': 'dirfd', 'type': 'int', 'value': -100}, {'name': 'pathname', 'type': 'const char*', 'value': '/proc/4170/status'}, {'name': 'flags', 'type': 'unsigned int', 'value': 'O_RDONLY|O_CLOEXEC'}, {'name': 'mode', 'type': 'int', 'value': 154005284}]",0,0
16024.177859,159,1,0,systemd-journal,ip-10-100-1-186,5,fstat,2,0,"[{'name': 'fd', 'type': 'int', 'value': 34}, {'name': 'statbuf', 'type': 'struct stat*', 'value': '0x7FFDB7C1DF20'}]",0,0
16024.177897,159,1,0,systemd-journal,ip-10-100-1-186,3,close,1,0,"[{'name': 'fd', 'type': 'int', 'value': 34}]",0,0
16024.17793,159,1,0,systemd-journal,ip-10-100-1-186,1005,security_file_open,4,0,"[{'name': 'pathname', 'type': 'const char*', 'value': '/proc/4170/attr/current'}, {'name': 'flags', 'type': 'unsigned int', 'value': 'O_RDONLY|O_LARGEFILE'}, {'name': 'dev', 'type': 'dev_t', 'value': 5}, {'name': 'inode', 'type': 'unsigned long', 'value': 155636}]",0,0
16024.177957,159,1,0,systemd-journal,ip-10-100-1-186,257,openat,4,34,"[{'name': 'dirfd', 'type': 'int', 'value': -100}, {'name': 'pathname', 'type': 'const char*', 'value': '/proc/4170/attr/current'}, {'name': 'flags', 'type': 'unsigned int', 'value': 'O_RDONLY|O_CLOEXEC'}, {'name': 'mode', 'type': 'int', 'value': 154005284}]",0,0
16024.17799,159,1,0,systemd-journal,ip-10-100-1-186,3,close,1,0,"[{'name': 'fd', 'type': 'int', 'value': 34}]",0,0
16024.17803,159,1,0,systemd-journal,ip-10-100-1-186,1005,security_file_open,4,0,"[{'name': 'pathname', 'type': 'const char*', 'value': '/proc/4170/sessionid'}, {'name': 'flags', 'type': 'unsigned int', 'value': 'O_RDONLY|O_LARGEFILE'}, {'name': 'dev', 'type': 'dev_t', 'value': 5}, {'name': 'inode', 'type': 'unsigned long', 'value': 155637}]",0,0
16024.178055,159,1,0,systemd-journal,ip-10-100-1-186,257,openat,4,34,"[{'name': 'dirfd', 'type': 'int', 'value': -100}, {'name': 'pathname', 'type': 'const char*', 'value': '/proc/4170/sessionid'}, {'name': 'flags', 'type': 'unsigned int', 'value': 'O_RDONLY|O_CLOEXEC'}, {'name': 'mode', 'type': 'int', 'value': 154005284}]",0,0
16024.178078,159,1,0,systemd-journal,ip-10-100-1-186,5,fstat,2,0,"[{'name': 'fd', 'type': 'int', 'value': 34}, {'name': 'statbuf', 'type': 'struct stat*', 'value': '0x7FFDB7C1DE10'}]",0,0
16024.178111,159,1,0,systemd-journal,ip-10-100-1-186,3,close,1,0,"[{'name': 'fd', 'type': 'int', 'value': 34}]",0,0
16024.178137,159,1,0,systemd-journal,ip-10-100-1-186,1005,security_file_open,4,0,"[{'name': 'pathname', 'type': 'const char*', 'value': '/proc/4170/loginuid'}, {'name': 'flags', 'type': 'unsigned int', 'value': 'O_RDONLY|O_LARGEFILE'}, {'name': 'dev', 'type': 'dev_t', 'value': 5}, {'name': 'inode', 'type': 'unsigned long', 'value': 155638}]",0,0
16024.178162,159,1,0,systemd-journal,ip-10-100-1-186,257,openat,4,34,"[{'name': 'dirfd', 'type': 'int', 'value': -100}, {'name': 'pathname', 'type': 'const char*', 'value': '/proc/4170/loginuid'}, {'name': 'flags', 'type': 'unsigned int', 'value': 'O_RDONLY|O_CLOEXEC'}, {'name': 'mode', 'type': 'int', 'value': 154005284}]",0,0
16024.178185,159,1,0,systemd-journal,ip-10-100-1-186,5,fstat,2,0,"[{'name': 'fd', 'type': 'int', 'value': 34}, {'name': 'statbuf', 'type': 'struct stat*', 'value': '0x7FFDB7C1DE10'}]",0,0
16024.178231,159,1,0,systemd-journal,ip-10-100-1-186,3,close,1,0,"[{'name': 'fd', 'type': 'int', 'value': 34}]",0,0
16024.178257,159,1,0,systemd-journal,ip-10-100-1-186,1005,security_file_open,4,0,"[{'name': 'pathname', 'type': 'const char*', 'value': '/proc/4170/cgroup'}, {'name': 'flags', 'type': 'unsigned int', 'value': 'O_RDONLY|O_LARGEFILE'}, {'name': 'dev', 'type': 'dev_t', 'value': 5}, {'name': 'inode', 'type': 'unsigned long', 'value': 155639}]",0,0
16024.17828,159,1,0,systemd-journal,ip-10-100-1-186,257,openat,4,34,"[{'name': 'dirfd', 'type': 'int', 'value': -100}, {'name': 'pathname', 'type': 'const char*', 'value': '/proc/4170/cgroup'}, {'name': 'flags', 'type': 'unsigned int', 'value': 'O_RDONLY|O_CLOEXEC'}, {'name': 'mode', 'type': 'int', 'value': 154005284}]",0,0
16024.178302,159,1,0,systemd-journal,ip-10-100-1-186,5,fstat,2,0,"[{'name': 'fd', 'type': 'int', 'value': 34}, {'name': 'statbuf', 'type': 'struct stat*', 'value': '0x7FFDB7C1DDB0'}]",0,0
16024.178433,159,1,0,systemd-journal,ip-10-100-1-186,3,close,1,0,"[{'name': 'fd', 'type': 'int', 'value': 34}]",0,0
16024.178484,159,1,0,systemd-journal,ip-10-100-1-186,257,openat,4,-2,"[{'name': 'dirfd', 'type': 'int', 'value': -100}, {'name': 'pathname', 'type': 'const char*', 'value': '/run/systemd/units/log-extra-fields:docker.service'}, {'name': 'flags', 'type': 'unsigned int', 'value': 'O_RDONLY|O_CLOEXEC'}, {'name': 'mode', 'type': 'int', 'value': 154005284}]",0,0
16024.178537,159,1,0,systemd-journal,ip-10-100-1-186,1003,cap_capable,1,0,"[{'name': 'cap', 'type': 'int', 'value': 'CAP_SYS_ADMIN'}]",0,0
16024.178601,159,1,0,systemd-journal,ip-10-100-1-186,21,access,2,0,"[{'name': 'pathname', 'type': 'const char*', 'value': '/run/systemd/journal/flushed'}, {'name': 'mode', 'type': 'int', 'value': 'F_OK'}]",0,0
16024.17869,159,1,0,systemd-journal,ip-10-100-1-186,1005,security_file_open,4,0,"[{'name': 'pathname', 'type': 'const char*', 'value': '/var/log/journal/cd4bbb49080545c3aed82cc00b5f152b/system.journal'}, {'name': 'flags', 'type': 'unsigned int', 'value': 'O_RDWR|O_CREAT|O_NONBLOCK|O_LARGEFILE'}, {'name': 'dev', 'type': 'dev_t', 'value': 211812353}, {'name': 'inode', 'type': 'unsigned long', 'value': 274142}]",0,0
16024.178723,159,1,0,systemd-journal,ip-10-100-1-186,257,openat,4,34,"[{'name': 'dirfd', 'type': 'int', 'value': -100}, {'name': 'pathname', 'type': 'const char*', 'value': '/var/log/journal/cd4bbb49080545c3aed82cc00b5f152b/system.journal'}, {'name': 'flags', 'type': 'unsigned int', 'value': 'O_RDWR|O_CREAT|O_NONBLOCK|O_CLOEXEC'}, {'name': 'mode', 'type': 'int', 'value': 154005284}]",0,0
16024.17876,159,1,0,systemd-journal,ip-10-100-1-186,5,fstat,2,0,"[{'name': 'fd', 'type': 'int', 'value': 34}, {'name': 'statbuf', 'type': 'struct stat*', 'value': '0x558C39ED0EA8'}]",0,0
16024.178838,159,1,0,systemd-journal,ip-10-100-1-186,257,openat,4,-2,"[{'name': 'dirfd', 'type': 'int', 'value': -100}, {'name': 'pathname', 'type': 'const char*', 'value': '/var/log/journal/cd4bbb49080545c3aed82cc00b5f152b/fss'}, {'name': 'flags', 'type': 'unsigned int', 'value': 'O_RDWR|O_NOCTTY|O_CLOEXEC'}, {'name': 'mode', 'type': 'int', 'value': 154005284}]",0,0
16024.18665,506,1,104,rs:main Q:Reg,ip-10-100-1-186,62,kill,2,0,"[{'name': 'pid', 'type': 'pid_t', 'value': 506}, {'name': 'sig', 'type': 'int', 'value': 22}]",0,0
16024.186819,506,1,104,rs:main Q:Reg,ip-10-100-1-186,62,kill,2,0,"[{'name': 'pid', 'type': 'pid_t', 'value': 506}, {'name': 'sig', 'type': 'int', 'value': 22}]",0,0
16024.186953,506,1,104,rs:main Q:Reg,ip-10-100-1-186,1003,cap_capable,1,0,"[{'name': 'cap', 'type': 'int', 'value': 'CAP_SYS_RESOURCE'}]",0,0
16024.186986,506,1,104,rs:main Q:Reg,ip-10-100-1-186,1003,cap_capable,1,0,"[{'name': 'cap', 'type': 'int', 'value': 'CAP_SYS_RESOURCE'}]",0,0
16024.20216,159,1,0,systemd-journal,ip-10-100-1-186,3,close,1,0,"[{'name': 'fd', 'type': 'int', 'value': 34}]",0,0
16024.202267,159,1,0,systemd-journal,ip-10-100-1-186,21,access,2,0,"[{'name': 'pathname', 'type': 'const char*', 'value': '/run/systemd/journal/flushed'}, {'name': 'mode', 'type': 'int', 'value': 'F_OK'}]",0,0
16024.202344,159,1,0,systemd-journal,ip-10-100-1-186,1005,security_file_open,4,0,"[{'name': 'pathname', 'type': 'const char*', 'value': '/var/log/journal/cd4bbb49080545c3aed82cc00b5f152b/system.journal'}, {'name': 'flags', 'type': 'unsigned int', 'value': 'O_RDWR|O_CREAT|O_NONBLOCK|O_LARGEFILE'}, {'name': 'dev', 'type': 'dev_t', 'value': 211812353}, {'name': 'inode', 'type': 'unsigned long', 'value': 274142}]",0,0
16024.202388,159,1,0,systemd-journal,ip-10-100-1-186,257,openat,4,34,"[{'name': 'dirfd', 'type': 'int', 'value': -100}, {'name': 'pathname', 'type': 'const char*', 'value': '/var/log/journal/cd4bbb49080545c3aed82cc00b5f152b/system.journal'}, {'name': 'flags', 'type': 'unsigned int', 'value': 'O_RDWR|O_CREAT|O_NONBLOCK|O_CLOEXEC'}, {'name': 'mode', 'type': 'int', 'value': 154005284}]",0,0
16024.202426,159,1,0,systemd-journal,ip-10-100-1-186,5,fstat,2,0,"[{'name': 'fd', 'type': 'int', 'value': 34}, {'name': 'statbuf', 'type': 'struct stat*', 'value': '0x558C39ED0EA8'}]",0,0
16024.202491,159,1,0,systemd-journal,ip-10-100-1-186,257,openat,4,-2,"[{'name': 'dirfd', 'type': 'int', 'value': -100}, {'name': 'pathname', 'type': 'const char*', 'value': '/var/log/journal/cd4bbb49080545c3aed82cc00b5f152b/fss'}, {'name': 'flags', 'type': 'unsigned int', 'value': 'O_RDWR|O_NOCTTY|O_CLOEXEC'}, {'name': 'mode', 'type': 'int', 'value': 154005284}]",0,0
16024.210557,506,1,104,rs:main Q:Reg,ip-10-100-1-186,62,kill,2,0,"[{'name': 'pid', 'type': 'pid_t', 'value': 506}, {'name': 'sig', 'type': 'int', 'value': 22}]",0,0
16024.210711,506,1,104,rs:main Q:Reg,ip-10-100-1-186,62,kill,2,0,"[{'name': 'pid', 'type': 'pid_t', 'value': 506}, {'name': 'sig', 'type': 'int', 'value': 22}]",0,0
16024.210831,506,1,104,rs:main Q:Reg,ip-10-100-1-186,1003,cap_capable,1,0,"[{'name': 'cap', 'type': 'int', 'value': 'CAP_SYS_RESOURCE'}]",0,0
16024.210937,506,1,104,rs:main Q:Reg,ip-10-100-1-186,1003,cap_capable,1,0,"[{'name': 'cap', 'type': 'int', 'value': 'CAP_SYS_RESOURCE'}]",0,0
16024.225926,159,1,0,systemd-journal,ip-10-100-1-186,3,close,1,0,"[{'name': 'fd', 'type': 'int', 'value': 34}]",0,0
16024.226168,159,1,0,systemd-journal,ip-10-100-1-186,1003,cap_capable,1,0,"[{'name': 'cap', 'type': 'int', 'value': 'CAP_SYS_ADMIN'}]",0,0
16024.226246,159,1,0,systemd-journal,ip-10-100-1-186,21,access,2,0,"[{'name': 'pathname', 'type': 'const char*', 'value': '/run/systemd/journal/flushed'}, {'name': 'mode', 'type': 'int', 'value': 'F_OK'}]",0,0
16024.226291,159,1,0,systemd-journal,ip-10-100-1-186,1005,security_file_open,4,0,"[{'name': 'pathname', 'type': 'const char*', 'value': '/var/log/journal/cd4bbb49080545c3aed82cc00b5f152b/system.journal'}, {'name': 'flags', 'type': 'unsigned int', 'value': 'O_RDWR|O_CREAT|O_NONBLOCK|O_LARGEFILE'}, {'name': 'dev', 'type': 'dev_t', 'value': 211812353}, {'name': 'inode', 'type': 'unsigned long', 'value': 274142}]",0,0
16024.226324,159,1,0,systemd-journal,ip-10-100-1-186,257,openat,4,34,"[{'name': 'dirfd', 'type': 'int', 'value': -100}, {'name': 'pathname', 'type': 'const char*', 'value': '/var/log/journal/cd4bbb49080545c3aed82cc00b5f152b/system.journal'}, {'name': 'flags', 'type': 'unsigned int', 'value': 'O_RDWR|O_CREAT|O_NONBLOCK|O_CLOEXEC'}, {'name': 'mode', 'type': 'int', 'value': 154005284}]",0,0
16024.226363,159,1,0,systemd-journal,ip-10-100-1-186,5,fstat,2,0,"[{'name': 'fd', 'type': 'int', 'value': 34}, {'name': 'statbuf', 'type': 'struct stat*', 'value': '0x558C39ED0EA8'}]",0,0
16024.226429,159,1,0,systemd-journal,ip-10-100-1-186,257,openat,4,-2,"[{'name': 'dirfd', 'type': 'int', 'value': -100}, {'name': 'pathname', 'type': 'const char*', 'value': '/var/log/journal/cd4bbb49080545c3aed82cc00b5f152b/fss'}, {'name': 'flags', 'type': 'unsigned int', 'value': 'O_RDWR|O_NOCTTY|O_CLOEXEC'}, {'name': 'mode', 'type': 'int', 'value': 154005284}]",0,0
16024.241518,506,1,104,rs:main Q:Reg,ip-10-100-1-186,62,kill,2,0,"[{'name': 'pid', 'type': 'pid_t', 'value': 506}, {'name': 'sig', 'type': 'int', 'value': 22}]",0,0
16024.241698,506,1,104,rs:main Q:Reg,ip-10-100-1-186,62,kill,2,0,"[{'name': 'pid', 'type': 'pid_t', 'value': 506}, {'name': 'sig', 'type': 'int', 'value': 22}]",0,0
16024.241896,506,1,104,rs:main Q:Reg,ip-10-100-1-186,1003,cap_capable,1,0,"[{'name': 'cap', 'type': 'int', 'value': 'CAP_SYS_RESOURCE'}]",0,0
16024.241931,506,1,104,rs:main Q:Reg,ip-10-100-1-186,1003,cap_capable,1,0,"[{'name': 'cap', 'type': 'int', 'value': 'CAP_SYS_RESOURCE'}]",0,0
16024.249843,159,1,0,systemd-journal,ip-10-100-1-186,3,close,1,0,"[{'name': 'fd', 'type': 'int', 'value': 34}]",0,0
16024.249951,159,1,0,systemd-journal,ip-10-100-1-186,21,access,2,0,"[{'name': 'pathname', 'type': 'const char*', 'value': '/run/systemd/journal/flushed'}, {'name': 'mode', 'type': 'int', 'value': 'F_OK'}]",0,0
16024.249999,159,1,0,systemd-journal,ip-10-100-1-186,1005,security_file_open,4,0,"[{'name': 'pathname', 'type': 'const char*', 'value': '/var/log/journal/cd4bbb49080545c3aed82cc00b5f152b/system.journal'}, {'name': 'flags', 'type': 'unsigned int', 'value': 'O_RDWR|O_CREAT|O_NONBLOCK|O_LARGEFILE'}, {'name': 'dev', 'type': 'dev_t', 'value': 211812353}, {'name': 'inode', 'type': 'unsigned long', 'value': 274142}]",0,0
16024.250042,159,1,0,systemd-journal,ip-10-100-1-186,257,openat,4,34,"[{'name': 'dirfd', 'type': 'int', 'value': -100}, {'name': 'pathname', 'type': 'const char*', 'value': '/var/log/journal/cd4bbb49080545c3aed82cc00b5f152b/system.journal'}, {'name': 'flags', 'type': 'unsigned int', 'value': 'O_RDWR|O_CREAT|O_NONBLOCK|O_CLOEXEC'}, {'name': 'mode', 'type': 'int', 'value': 154005284}]",0,0
16024.25008,159,1,0,systemd-journal,ip-10-100-1-186,5,fstat,2,0,"[{'name': 'fd', 'type': 'int', 'value': 34}, {'name': 'statbuf', 'type': 'struct stat*', 'value': '0x558C39ED0EA8'}]",0,0
16024.250156,159,1,0,systemd-journal,ip-10-100-1-186,257,openat,4,-2,"[{'name': 'dirfd', 'type': 'int', 'value': -100}, {'name': 'pathname', 'type': 'const char*', 'value': '/var/log/journal/cd4bbb49080545c3aed82cc00b5f152b/fss'}, {'name': 'flags', 'type': 'unsigned int', 'value': 'O_RDWR|O_NOCTTY|O_CLOEXEC'}, {'name': 'mode', 'type': 'int', 'value': 154005284}]",0,0
16024.265614,506,1,104,rs:main Q:Reg,ip-10-100-1-186,62,kill,2,0,"[{'name': 'pid', 'type': 'pid_t', 'value': 506}, {'name': 'sig', 'type': 'int', 'value': 22}]",0,0
16024.265796,506,1,104,rs:main Q:Reg,ip-10-100-1-186,62,kill,2,0,"[{'name': 'pid', 'type': 'pid_t', 'value': 506}, {'name': 'sig', 'type': 'int', 'value': 22}]",0,0
16024.265914,506,1,104,rs:main Q:Reg,ip-10-100-1-186,1003,cap_capable,1,0,"[{'name': 'cap', 'type': 'int', 'value': 'CAP_SYS_RESOURCE'}]",0,0
16024.26595,506,1,104,rs:main Q:Reg,ip-10-100-1-186,1003,cap_capable,1,0,"[{'name': 'cap', 'type': 'int', 'value': 'CAP_SYS_RESOURCE'}]",0,0
16024.281104,159,1,0,systemd-journal,ip-10-100-1-186,3,close,1,0,"[{'name': 'fd', 'type': 'int', 'value': 34}]",0,0
16024.281338,159,1,0,systemd-journal,ip-10-100-1-186,1003,cap_capable,1,0,"[{'name': 'cap', 'type': 'int', 'value': 'CAP_SYS_ADMIN'}]",0,0
16024.281417,159,1,0,systemd-journal,ip-10-100-1-186,21,access,2,0,"[{'name': 'pathname', 'type': 'const char*', 'value': '/run/systemd/journal/flushed'}, {'name': 'mode', 'type': 'int', 'value': 'F_OK'}]",0,0
16024.281463,159,1,0,systemd-journal,ip-10-100-1-186,1005,security_file_open,4,0,"[{'name': 'pathname', 'type': 'const char*', 'value': '/var/log/journal/cd4bbb49080545c3aed82cc00b5f152b/system.journal'}, {'name': 'flags', 'type': 'unsigned int', 'value': 'O_RDWR|O_CREAT|O_NONBLOCK|O_LARGEFILE'}, {'name': 'dev', 'type': 'dev_t', 'value': 211812353}, {'name': 'inode', 'type': 'unsigned long', 'value': 274142}]",0,0
16024.281495,159,1,0,systemd-journal,ip-10-100-1-186,257,openat,4,34,"[{'name': 'dirfd', 'type': 'int', 'value': -100}, {'name': 'pathname', 'type': 'const char*', 'value': '/var/log/journal/cd4bbb49080545c3aed82cc00b5f152b/system.journal'}, {'name': 'flags', 'type': 'unsigned int', 'value': 'O_RDWR|O_CREAT|O_NONBLOCK|O_CLOEXEC'}, {'name': 'mode', 'type': 'int', 'value': 154005284}]",0,0
16024.281534,159,1,0,systemd-journal,ip-10-100-1-186,5,fstat,2,0,"[{'name': 'fd', 'type': 'int', 'value': 34}, {'name': 'statbuf', 'type': 'struct stat*', 'value': '0x558C39ED0EA8'}]",0,0
16024.281603,159,1,0,systemd-journal,ip-10-100-1-186,257,openat,4,-2,"[{'name': 'dirfd', 'type': 'int', 'value': -100}, {'name': 'pathname', 'type': 'const char*', 'value': '/var/log/journal/cd4bbb49080545c3aed82cc00b5f152b/fss'}, {'name': 'flags', 'type': 'unsigned int', 'value': 'O_RDWR|O_NOCTTY|O_CLOEXEC'}, {'name': 'mode', 'type': 'int', 'value': 154005284}]",0,0
16024.289488,506,1,104,rs:main Q:Reg,ip-10-100-1-186,62,kill,2,0,"[{'name': 'pid', 'type': 'pid_t', 'value': 506}, {'name': 'sig', 'type': 'int', 'value': 22}]",0,0
16024.289655,506,1,104,rs:main Q:Reg,ip-10-100-1-186,62,kill,2,0,"[{'name': 'pid', 'type': 'pid_t', 'value': 506}, {'name': 'sig', 'type': 'int', 'value': 22}]",0,0
16024.289762,506,1,104,rs:main Q:Reg,ip-10-100-1-186,1003,cap_capable,1,0,"[{'name': 'cap', 'type': 'int', 'value': 'CAP_SYS_RESOURCE'}]",0,0
16024.289796,506,1,104,rs:main Q:Reg,ip-10-100-1-186,1003,cap_capable,1,0,"[{'name': 'cap', 'type': 'int', 'value': 'CAP_SYS_RESOURCE'}]",0,0
16024.304814,159,1,0,systemd-journal,ip-10-100-1-186,3,close,1,0,"[{'name': 'fd', 'type': 'int', 'value': 34}]",0,0
16024.304923,159,1,0,systemd-journal,ip-10-100-1-186,21,access,2,0,"[{'name': 'pathname', 'type': 'const char*', 'value': '/run/systemd/journal/flushed'}, {'name': 'mode', 'type': 'int', 'value': 'F_OK'}]",0,0
16024.305012,159,1,0,systemd-journal,ip-10-100-1-186,1005,security_file_open,4,0,"[{'name': 'pathname', 'type': 'const char*', 'value': '/var/log/journal/cd4bbb49080545c3aed82cc00b5f152b/system.journal'}, {'name': 'flags', 'type': 'unsigned int', 'value': 'O_RDWR|O_CREAT|O_NONBLOCK|O_LARGEFILE'}, {'name': 'dev', 'type': 'dev_t', 'value': 211812353}, {'name': 'inode', 'type': 'unsigned long', 'value': 274142}]",0,0
16024.305045,159,1,0,systemd-journal,ip-10-100-1-186,257,openat,4,34,"[{'name': 'dirfd', 'type': 'int', 'value': -100}, {'name': 'pathname', 'type': 'const char*', 'value': '/var/log/journal/cd4bbb49080545c3aed82cc00b5f152b/system.journal'}, {'name': 'flags', 'type': 'unsigned int', 'value': 'O_RDWR|O_CREAT|O_NONBLOCK|O_CLOEXEC'}, {'name': 'mode', 'type': 'int', 'value': 154005284}]",0,0
16024.305083,159,1,0,systemd-journal,ip-10-100-1-186,5,fstat,2,0,"[{'name': 'fd', 'type': 'int', 'value': 34}, {'name': 'statbuf', 'type': 'struct stat*', 'value': '0x558C39ED0EA8'}]",0,0
16024.305147,159,1,0,systemd-journal,ip-10-100-1-186,257,openat,4,-2,"[{'name': 'dirfd', 'type': 'int', 'value': -100}, {'name': 'pathname', 'type': 'const char*', 'value': '/var/log/journal/cd4bbb49080545c3aed82cc00b5f152b/fss'}, {'name': 'flags', 'type': 'unsigned int', 'value': 'O_RDWR|O_NOCTTY|O_CLOEXEC'}, {'name': 'mode', 'type': 'int', 'value': 154005284}]",0,0
16024.313026,506,1,104,rs:main Q:Reg,ip-10-100-1-186,62,kill,2,0,"[{'name': 'pid', 'type': 'pid_t', 'value': 506}, {'name': 'sig', 'type': 'int', 'value': 22}]",0,0
16024.313158,506,1,104,rs:main Q:Reg,ip-10-100-1-186,62,kill,2,0,"[{'name': 'pid', 'type': 'pid_t', 'value': 506}, {'name': 'sig', 'type': 'int', 'value': 22}]",0,0
16024.313265,506,1,104,rs:main Q:Reg,ip-10-100-1-186,1003,cap_capable,1,0,"[{'name': 'cap', 'type': 'int', 'value': 'CAP_SYS_RESOURCE'}]",0,0
16024.313299,506,1,104,rs:main Q:Reg,ip-10-100-1-186,1003,cap_capable,1,0,"[{'name': 'cap', 'type': 'int', 'value': 'CAP_SYS_RESOURCE'}]",0,0
16024.328502,159,1,0,systemd-journal,ip-10-100-1-186,3,close,1,0,"[{'name': 'fd', 'type': 'int', 'value': 34}]",0,0
16024.329165,159,1,0,systemd-journal,ip-10-100-1-186,1003,cap_capable,1,0,"[{'name': 'cap', 'type': 'int', 'value': 'CAP_SYS_ADMIN'}]",0,0
16024.329263,159,1,0,systemd-journal,ip-10-100-1-186,21,access,2,0,"[{'name': 'pathname', 'type': 'const char*', 'value': '/run/systemd/journal/flushed'}, {'name': 'mode', 'type': 'int', 'value': 'F_OK'}]",0,0
16024.329307,159,1,0,systemd-journal,ip-10-100-1-186,1005,security_file_open,4,0,"[{'name': 'pathname', 'type': 'const char*', 'value': '/var/log/journal/cd4bbb49080545c3aed82cc00b5f152b/system.journal'}, {'name': 'flags', 'type': 'unsigned int', 'value': 'O_RDWR|O_CREAT|O_NONBLOCK|O_LARGEFILE'}, {'name': 'dev', 'type': 'dev_t', 'value': 211812353}, {'name': 'inode', 'type': 'unsigned long', 'value': 274142}]",0,0
16024.329339,159,1,0,systemd-journal,ip-10-100-1-186,257,openat,4,34,"[{'name': 'dirfd', 'type': 'int', 'value': -100}, {'name': 'pathname', 'type': 'const char*', 'value': '/var/log/journal/cd4bbb49080545c3aed82cc00b5f152b/system.journal'}, {'name': 'flags', 'type': 'unsigned int', 'value': 'O_RDWR|O_CREAT|O_NONBLOCK|O_CLOEXEC'}, {'name': 'mode', 'type': 'int', 'value': 154005284}]",0,0
16024.329389,159,1,0,systemd-journal,ip-10-100-1-186,5,fstat,2,0,"[{'name': 'fd', 'type': 'int', 'value': 34}, {'name': 'statbuf', 'type': 'struct stat*', 'value': '0x558C39ED0EA8'}]",0,0
16024.329458,159,1,0,systemd-journal,ip-10-100-1-186,257,openat,4,-2,"[{'name': 'dirfd', 'type': 'int', 'value': -100}, {'name': 'pathname', 'type': 'const char*', 'value': '/var/log/journal/cd4bbb49080545c3aed82cc00b5f152b/fss'}, {'name': 'flags', 'type': 'unsigned int', 'value': 'O_RDWR|O_NOCTTY|O_CLOEXEC'}, {'name': 'mode', 'type': 'int', 'value': 154005284}]",0,0
16024.337547,506,1,104,rs:main Q:Reg,ip-10-100-1-186,62,kill,2,0,"[{'name': 'pid', 'type': 'pid_t', 'value': 506}, {'name': 'sig', 'type': 'int', 'value': 22}]",0,0
16024.337726,506,1,104,rs:main Q:Reg,ip-10-100-1-186,62,kill,2,0,"[{'name': 'pid', 'type': 'pid_t', 'value': 506}, {'name': 'sig', 'type': 'int', 'value': 22}]",0,0
16024.337846,506,1,104,rs:main Q:Reg,ip-10-100-1-186,1003,cap_capable,1,0,"[{'name': 'cap', 'type': 'int', 'value': 'CAP_SYS_RESOURCE'}]",0,0
16024.337882,506,1,104,rs:main Q:Reg,ip-10-100-1-186,1003,cap_capable,1,0,"[{'name': 'cap', 'type': 'int', 'value': 'CAP_SYS_RESOURCE'}]",0,0
16024.352814,159,1,0,systemd-journal,ip-10-100-1-186,3,close,1,0,"[{'name': 'fd', 'type': 'int', 'value': 34}]",0,0
16024.352922,159,1,0,systemd-journal,ip-10-100-1-186,21,access,2,0,"[{'name': 'pathname', 'type': 'const char*', 'value': '/run/systemd/journal/flushed'}, {'name': 'mode', 'type': 'int', 'value': 'F_OK'}]",0,0
16024.353001,159,1,0,systemd-journal,ip-10-100-1-186,1005,security_file_open,4,0,"[{'name': 'pathname', 'type': 'const char*', 'value': '/var/log/journal/cd4bbb49080545c3aed82cc00b5f152b/system.journal'}, {'name': 'flags', 'type': 'unsigned int', 'value': 'O_RDWR|O_CREAT|O_NONBLOCK|O_LARGEFILE'}, {'name': 'dev', 'type': 'dev_t', 'value': 211812353}, {'name': 'inode', 'type': 'unsigned long', 'value': 274142}]",0,0
16024.353035,159,1,0,systemd-journal,ip-10-100-1-186,257,openat,4,34,"[{'name': 'dirfd', 'type': 'int', 'value': -100}, {'name': 'pathname', 'type': 'const char*', 'value': '/var/log/journal/cd4bbb49080545c3aed82cc00b5f152b/system.journal'}, {'name': 'flags', 'type': 'unsigned int', 'value': 'O_RDWR|O_CREAT|O_NONBLOCK|O_CLOEXEC'}, {'name': 'mode', 'type': 'int', 'value': 154005284}]",0,0
16024.353075,159,1,0,systemd-journal,ip-10-100-1-186,5,fstat,2,0,"[{'name': 'fd', 'type': 'int', 'value': 34}, {'name': 'statbuf', 'type': 'struct stat*', 'value': '0x558C39ED0EA8'}]",0,0
16024.353145,159,1,0,systemd-journal,ip-10-100-1-186,257,openat,4,-2,"[{'name': 'dirfd', 'type': 'int', 'value': -100}, {'name': 'pathname', 'type': 'const char*', 'value': '/var/log/journal/cd4bbb49080545c3aed82cc00b5f152b/fss'}, {'name': 'flags', 'type': 'unsigned int', 'value': 'O_RDWR|O_NOCTTY|O_CLOEXEC'}, {'name': 'mode', 'type': 'int', 'value': 154005284}]",0,0
16024.361027,506,1,104,rs:main Q:Reg,ip-10-100-1-186,62,kill,2,0,"[{'name': 'pid', 'type': 'pid_t', 'value': 506}, {'name': 'sig', 'type': 'int', 'value': 22}]",0,0
16024.36121,506,1,104,rs:main Q:Reg,ip-10-100-1-186,62,kill,2,0,"[{'name': 'pid', 'type': 'pid_t', 'value': 506}, {'name': 'sig', 'type': 'int', 'value': 22}]",0,0
16024.361391,506,1,104,rs:main Q:Reg,ip-10-100-1-186,1003,cap_capable,1,0,"[{'name': 'cap', 'type': 'int', 'value': 'CAP_SYS_RESOURCE'}]",0,0
16024.361428,506,1,104,rs:main Q:Reg,ip-10-100-1-186,1003,cap_capable,1,0,"[{'name': 'cap', 'type': 'int', 'value': 'CAP_SYS_RESOURCE'}]",0,0
16024.376644,159,1,0,systemd-journal,ip-10-100-1-186,3,close,1,0,"[{'name': 'fd', 'type': 'int', 'value': 34}]",0,0
16024.376832,159,1,0,systemd-journal,ip-10-100-1-186,1003,cap_capable,1,0,"[{'name': 'cap', 'type': 'int', 'value': 'CAP_SYS_ADMIN'}]",0,0
16024.376901,159,1,0,systemd-journal,ip-10-100-1-186,21,access,2,0,"[{'name': 'pathname', 'type': 'const char*', 'value': '/run/systemd/journal/flushed'}, {'name': 'mode', 'type': 'int', 'value': 'F_OK'}]",0,0
16024.376942,159,1,0,systemd-journal,ip-10-100-1-186,1005,security_file_open,4,0,"[{'name': 'pathname', 'type': 'const char*', 'value': '/var/log/journal/cd4bbb49080545c3aed82cc00b5f152b/system.journal'}, {'name': 'flags', 'type': 'unsigned int', 'value': 'O_RDWR|O_CREAT|O_NONBLOCK|O_LARGEFILE'}, {'name': 'dev', 'type': 'dev_t', 'value': 211812353}, {'name': 'inode', 'type': 'unsigned long', 'value': 274142}]",0,0
16024.376973,159,1,0,systemd-journal,ip-10-100-1-186,257,openat,4,34,"[{'name': 'dirfd', 'type': 'int', 'value': -100}, {'name': 'pathname', 'type': 'const char*', 'value': '/var/log/journal/cd4bbb49080545c3aed82cc00b5f152b/system.journal'}, {'name': 'flags', 'type': 'unsigned int', 'value': 'O_RDWR|O_CREAT|O_NONBLOCK|O_CLOEXEC'}, {'name': 'mode', 'type': 'int', 'value': 154005284}]",0,0
16024.377008,159,1,0,systemd-journal,ip-10-100-1-186,5,fstat,2,0,"[{'name': 'fd', 'type': 'int', 'value': 34}, {'name': 'statbuf', 'type': 'struct stat*', 'value': '0x558C39ED0EA8'}]",0,0
16024.377069,159,1,0,systemd-journal,ip-10-100-1-186,257,openat,4,-2,"[{'name': 'dirfd', 'type': 'int', 'value': -100}, {'name': 'pathname', 'type': 'const char*', 'value': '/var/log/journal/cd4bbb49080545c3aed82cc00b5f152b/fss'}, {'name': 'flags', 'type': 'unsigned int', 'value': 'O_RDWR|O_NOCTTY|O_CLOEXEC'}, {'name': 'mode', 'type': 'int', 'value': 154005284}]",0,0
16024.384916,506,1,104,rs:main Q:Reg,ip-10-100-1-186,62,kill,2,0,"[{'name': 'pid', 'type': 'pid_t', 'value': 506}, {'name': 'sig', 'type': 'int', 'value': 22}]",0,0
16024.385079,506,1,104,rs:main Q:Reg,ip-10-100-1-186,62,kill,2,0,"[{'name': 'pid', 'type': 'pid_t', 'value': 506}, {'name': 'sig', 'type': 'int', 'value': 22}]",0,0
16024.385193,506,1,104,rs:main Q:Reg,ip-10-100-1-186,1003,cap_capable,1,0,"[{'name': 'cap', 'type': 'int', 'value': 'CAP_SYS_RESOURCE'}]",0,0
16024.385226,506,1,104,rs:main Q:Reg,ip-10-100-1-186,1003,cap_capable,1,0,"[{'name': 'cap', 'type': 'int', 'value': 'CAP_SYS_RESOURCE'}]",0,0
16024.400241,159,1,0,systemd-journal,ip-10-100-1-186,3,close,1,0,"[{'name': 'fd', 'type': 'int', 'value': 34}]",0,0
16024.400347,159,1,0,systemd-journal,ip-10-100-1-186,21,access,2,0,"[{'name': 'pathname', 'type': 'const char*', 'value': '/run/systemd/journal/flushed'}, {'name': 'mode', 'type': 'int', 'value': 'F_OK'}]",0,0
16024.400425,159,1,0,systemd-journal,ip-10-100-1-186,1005,security_file_open,4,0,"[{'name': 'pathname', 'type': 'const char*', 'value': '/var/log/journal/cd4bbb49080545c3aed82cc00b5f152b/system.journal'}, {'name': 'flags', 'type': 'unsigned int', 'value': 'O_RDWR|O_CREAT|O_NONBLOCK|O_LARGEFILE'}, {'name': 'dev', 'type': 'dev_t', 'value': 211812353}, {'name': 'inode', 'type': 'unsigned long', 'value': 274142}]",0,0
16024.400459,159,1,0,systemd-journal,ip-10-100-1-186,257,openat,4,34,"[{'name': 'dirfd', 'type': 'int', 'value': -100}, {'name': 'pathname', 'type': 'const char*', 'value': '/var/log/journal/cd4bbb49080545c3aed82cc00b5f152b/system.journal'}, {'name': 'flags', 'type': 'unsigned int', 'value': 'O_RDWR|O_CREAT|O_NONBLOCK|O_CLOEXEC'}, {'name': 'mode', 'type': 'int', 'value': 154005284}]",0,0
16024.400637,159,1,0,systemd-journal,ip-10-100-1-186,257,openat,4,-2,"[{'name': 'dirfd', 'type': 'int', 'value': -100}, {'name': 'pathname', 'type': 'const char*', 'value': '/var/log/journal/cd4bbb49080545c3aed82cc00b5f152b/fss'}, {'name': 'flags', 'type': 'unsigned int', 'value': 'O_RDWR|O_NOCTTY|O_CLOEXEC'}, {'name': 'mode', 'type': 'int', 'value': 154005284}]",0,0
16024.400498,159,1,0,systemd-journal,ip-10-100-1-186,5,fstat,2,0,"[{'name': 'fd', 'type': 'int', 'value': 34}, {'name': 'statbuf', 'type': 'struct stat*', 'value': '0x558C39ED0EA8'}]",0,0
16024.415597,506,1,104,rs:main Q:Reg,ip-10-100-1-186,62,kill,2,0,"[{'name': 'pid', 'type': 'pid_t', 'value': 506}, {'name': 'sig', 'type': 'int', 'value': 22}]",0,0
16024.415783,506,1,104,rs:main Q:Reg,ip-10-100-1-186,62,kill,2,0,"[{'name': 'pid', 'type': 'pid_t', 'value': 506}, {'name': 'sig', 'type': 'int', 'value': 22}]",0,0
16024.415906,506,1,104,rs:main Q:Reg,ip-10-100-1-186,1003,cap_capable,1,0,"[{'name': 'cap', 'type': 'int', 'value': 'CAP_SYS_RESOURCE'}]",0,0
16024.415939,506,1,104,rs:main Q:Reg,ip-10-100-1-186,1003,cap_capable,1,0,"[{'name': 'cap', 'type': 'int', 'value': 'CAP_SYS_RESOURCE'}]",0,0
16024.423697,159,1,0,systemd-journal,ip-10-100-1-186,3,close,1,0,"[{'name': 'fd', 'type': 'int', 'value': 34}]",0,0
16024.423873,159,1,0,systemd-journal,ip-10-100-1-186,1003,cap_capable,1,0,"[{'name': 'cap', 'type': 'int', 'value': 'CAP_SYS_ADMIN'}]",0,0
16024.423944,159,1,0,systemd-journal,ip-10-100-1-186,21,access,2,0,"[{'name': 'pathname', 'type': 'const char*', 'value': '/run/systemd/journal/flushed'}, {'name': 'mode', 'type': 'int', 'value': 'F_OK'}]",0,0
16024.423997,159,1,0,systemd-journal,ip-10-100-1-186,1005,security_file_open,4,0,"[{'name': 'pathname', 'type': 'const char*', 'value': '/var/log/journal/cd4bbb49080545c3aed82cc00b5f152b/system.journal'}, {'name': 'flags', 'type': 'unsigned int', 'value': 'O_RDWR|O_CREAT|O_NONBLOCK|O_LARGEFILE'}, {'name': 'dev', 'type': 'dev_t', 'value': 211812353}, {'name': 'inode', 'type': 'unsigned long', 'value': 274142}]",0,0
16024.424026,159,1,0,systemd-journal,ip-10-100-1-186,257,openat,4,34,"[{'name': 'dirfd', 'type': 'int', 'value': -100}, {'name': 'pathname', 'type': 'const char*', 'value': '/var/log/journal/cd4bbb49080545c3aed82cc00b5f152b/system.journal'}, {'name': 'flags', 'type': 'unsigned int', 'value': 'O_RDWR|O_CREAT|O_NONBLOCK|O_CLOEXEC'}, {'name': 'mode', 'type': 'int', 'value': 154005284}]",0,0
16024.42406,159,1,0,systemd-journal,ip-10-100-1-186,5,fstat,2,0,"[{'name': 'fd', 'type': 'int', 'value': 34}, {'name': 'statbuf', 'type': 'struct stat*', 'value': '0x558C39ED0EA8'}]",0,0
16024.424132,159,1,0,systemd-journal,ip-10-100-1-186,257,openat,4,-2,"[{'name': 'dirfd', 'type': 'int', 'value': -100}, {'name': 'pathname', 'type': 'const char*', 'value': '/var/log/journal/cd4bbb49080545c3aed82cc00b5f152b/fss'}, {'name': 'flags', 'type': 'unsigned int', 'value': 'O_RDWR|O_NOCTTY|O_CLOEXEC'}, {'name': 'mode', 'type': 'int', 'value': 154005284}]",0,0
16024.438991,506,1,104,rs:main Q:Reg,ip-10-100-1-186,62,kill,2,0,"[{'name': 'pid', 'type': 'pid_t', 'value': 506}, {'name': 'sig', 'type': 'int', 'value': 22}]",0,0
16024.439123,506,1,104,rs:main Q:Reg,ip-10-100-1-186,62,kill,2,0,"[{'name': 'pid', 'type': 'pid_t', 'value': 506}, {'name': 'sig', 'type': 'int', 'value': 22}]",0,0
16024.439255,506,1,104,rs:main Q:Reg,ip-10-100-1-186,1003,cap_capable,1,0,"[{'name': 'cap', 'type': 'int', 'value': 'CAP_SYS_RESOURCE'}]",0,0
16024.439288,506,1,104,rs:main Q:Reg,ip-10-100-1-186,1003,cap_capable,1,0,"[{'name': 'cap', 'type': 'int', 'value': 'CAP_SYS_RESOURCE'}]",0,0
16024.454219,159,1,0,systemd-journal,ip-10-100-1-186,3,close,1,0,"[{'name': 'fd', 'type': 'int', 'value': 34}]",0,0
16024.45434,159,1,0,systemd-journal,ip-10-100-1-186,21,access,2,0,"[{'name': 'pathname', 'type': 'const char*', 'value': '/run/systemd/journal/flushed'}, {'name': 'mode', 'type': 'int', 'value': 'F_OK'}]",0,0
16024.454404,159,1,0,systemd-journal,ip-10-100-1-186,1005,security_file_open,4,0,"[{'name': 'pathname', 'type': 'const char*', 'value': '/var/log/journal/cd4bbb49080545c3aed82cc00b5f152b/system.journal'}, {'name': 'flags', 'type': 'unsigned int', 'value': 'O_RDWR|O_CREAT|O_NONBLOCK|O_LARGEFILE'}, {'name': 'dev', 'type': 'dev_t', 'value': 211812353}, {'name': 'inode', 'type': 'unsigned long', 'value': 274142}]",0,0
16024.454436,159,1,0,systemd-journal,ip-10-100-1-186,257,openat,4,34,"[{'name': 'dirfd', 'type': 'int', 'value': -100}, {'name': 'pathname', 'type': 'const char*', 'value': '/var/log/journal/cd4bbb49080545c3aed82cc00b5f152b/system.journal'}, {'name': 'flags', 'type': 'unsigned int', 'value': 'O_RDWR|O_CREAT|O_NONBLOCK|O_CLOEXEC'}, {'name': 'mode', 'type': 'int', 'value': 154005284}]",0,0
16024.454477,159,1,0,systemd-journal,ip-10-100-1-186,5,fstat,2,0,"[{'name': 'fd', 'type': 'int', 'value': 34}, {'name': 'statbuf', 'type': 'struct stat*', 'value': '0x558C39ED0EA8'}]",0,0
16024.454544,159,1,0,systemd-journal,ip-10-100-1-186,257,openat,4,-2,"[{'name': 'dirfd', 'type': 'int', 'value': -100}, {'name': 'pathname', 'type': 'const char*', 'value': '/var/log/journal/cd4bbb49080545c3aed82cc00b5f152b/fss'}, {'name': 'flags', 'type': 'unsigned int', 'value': 'O_RDWR|O_NOCTTY|O_CLOEXEC'}, {'name': 'mode', 'type': 'int', 'value': 154005284}]",0,0
16024.462598,506,1,104,rs:main Q:Reg,ip-10-100-1-186,62,kill,2,0,"[{'name': 'pid', 'type': 'pid_t', 'value': 506}, {'name': 'sig', 'type': 'int', 'value': 22}]",0,0
16024.462807,506,1,104,rs:main Q:Reg,ip-10-100-1-186,62,kill,2,0,"[{'name': 'pid', 'type': 'pid_t', 'value': 506}, {'name': 'sig', 'type': 'int', 'value': 22}]",0,0
16024.462926,506,1,104,rs:main Q:Reg,ip-10-100-1-186,1003,cap_capable,1,0,"[{'name': 'cap', 'type': 'int', 'value': 'CAP_SYS_RESOURCE'}]",0,0
16024.462959,506,1,104,rs:main Q:Reg,ip-10-100-1-186,1003,cap_capable,1,0,"[{'name': 'cap', 'type': 'int', 'value': 'CAP_SYS_RESOURCE'}]",0,0
16024.47792,159,1,0,systemd-journal,ip-10-100-1-186,3,close,1,0,"[{'name': 'fd', 'type': 'int', 'value': 34}]",0,0
16024.478106,159,1,0,systemd-journal,ip-10-100-1-186,1003,cap_capable,1,0,"[{'name': 'cap', 'type': 'int', 'value': 'CAP_SYS_ADMIN'}]",0,0
16024.478185,159,1,0,systemd-journal,ip-10-100-1-186,21,access,2,0,"[{'name': 'pathname', 'type': 'const char*', 'value': '/run/systemd/journal/flushed'}, {'name': 'mode', 'type': 'int', 'value': 'F_OK'}]",0,0
16024.47823,159,1,0,systemd-journal,ip-10-100-1-186,1005,security_file_open,4,0,"[{'name': 'pathname', 'type': 'const char*', 'value': '/var/log/journal/cd4bbb49080545c3aed82cc00b5f152b/system.journal'}, {'name': 'flags', 'type': 'unsigned int', 'value': 'O_RDWR|O_CREAT|O_NONBLOCK|O_LARGEFILE'}, {'name': 'dev', 'type': 'dev_t', 'value': 211812353}, {'name': 'inode', 'type': 'unsigned long', 'value': 274142}]",0,0
16024.478263,159,1,0,systemd-journal,ip-10-100-1-186,257,openat,4,34,"[{'name': 'dirfd', 'type': 'int', 'value': -100}, {'name': 'pathname', 'type': 'const char*', 'value': '/var/log/journal/cd4bbb49080545c3aed82cc00b5f152b/system.journal'}, {'name': 'flags', 'type': 'unsigned int', 'value': 'O_RDWR|O_CREAT|O_NONBLOCK|O_CLOEXEC'}, {'name': 'mode', 'type': 'int', 'value': 154005284}]",0,0
16024.478302,159,1,0,systemd-journal,ip-10-100-1-186,5,fstat,2,0,"[{'name': 'fd', 'type': 'int', 'value': 34}, {'name': 'statbuf', 'type': 'struct stat*', 'value': '0x558C39ED0EA8'}]",0,0
16024.478369,159,1,0,systemd-journal,ip-10-100-1-186,257,openat,4,-2,"[{'name': 'dirfd', 'type': 'int', 'value': -100}, {'name': 'pathname', 'type': 'const char*', 'value': '/var/log/journal/cd4bbb49080545c3aed82cc00b5f152b/fss'}, {'name': 'flags', 'type': 'unsigned int', 'value': 'O_RDWR|O_NOCTTY|O_CLOEXEC'}, {'name': 'mode', 'type': 'int', 'value': 154005284}]",0,0
16024.48633,506,1,104,rs:main Q:Reg,ip-10-100-1-186,62,kill,2,0,"[{'name': 'pid', 'type': 'pid_t', 'value': 506}, {'name': 'sig', 'type': 'int', 'value': 22}]",0,0
16024.486491,506,1,104,rs:main Q:Reg,ip-10-100-1-186,62,kill,2,0,"[{'name': 'pid', 'type': 'pid_t', 'value': 506}, {'name': 'sig', 'type': 'int', 'value': 22}]",0,0
16024.4867,506,1,104,rs:main Q:Reg,ip-10-100-1-186,1003,cap_capable,1,0,"[{'name': 'cap', 'type': 'int', 'value': 'CAP_SYS_RESOURCE'}]",0,0
16024.486732,506,1,104,rs:main Q:Reg,ip-10-100-1-186,1003,cap_capable,1,0,"[{'name': 'cap', 'type': 'int', 'value': 'CAP_SYS_RESOURCE'}]",0,0
16024.501537,159,1,0,systemd-journal,ip-10-100-1-186,3,close,1,0,"[{'name': 'fd', 'type': 'int', 'value': 34}]",0,0
16024.50169,159,1,0,systemd-journal,ip-10-100-1-186,21,access,2,0,"[{'name': 'pathname', 'type': 'const char*', 'value': '/run/systemd/journal/flushed'}, {'name': 'mode', 'type': 'int', 'value': 'F_OK'}]",0,0
16024.501737,159,1,0,systemd-journal,ip-10-100-1-186,1005,security_file_open,4,0,"[{'name': 'pathname', 'type': 'const char*', 'value': '/var/log/journal/cd4bbb49080545c3aed82cc00b5f152b/system.journal'}, {'name': 'flags', 'type': 'unsigned int', 'value': 'O_RDWR|O_CREAT|O_NONBLOCK|O_LARGEFILE'}, {'name': 'dev', 'type': 'dev_t', 'value': 211812353}, {'name': 'inode', 'type': 'unsigned long', 'value': 274142}]",0,0
16024.501767,159,1,0,systemd-journal,ip-10-100-1-186,257,openat,4,34,"[{'name': 'dirfd', 'type': 'int', 'value': -100}, {'name': 'pathname', 'type': 'const char*', 'value': '/var/log/journal/cd4bbb49080545c3aed82cc00b5f152b/system.journal'}, {'name': 'flags', 'type': 'unsigned int', 'value': 'O_RDWR|O_CREAT|O_NONBLOCK|O_CLOEXEC'}, {'name': 'mode', 'type': 'int', 'value': 154005284}]",0,0
16024.501803,159,1,0,systemd-journal,ip-10-100-1-186,5,fstat,2,0,"[{'name': 'fd', 'type': 'int', 'value': 34}, {'name': 'statbuf', 'type': 'struct stat*', 'value': '0x558C39ED0EA8'}]",0,0
16024.501863,159,1,0,systemd-journal,ip-10-100-1-186,257,openat,4,-2,"[{'name': 'dirfd', 'type': 'int', 'value': -100}, {'name': 'pathname', 'type': 'const char*', 'value': '/var/log/journal/cd4bbb49080545c3aed82cc00b5f152b/fss'}, {'name': 'flags', 'type': 'unsigned int', 'value': 'O_RDWR|O_NOCTTY|O_CLOEXEC'}, {'name': 'mode', 'type': 'int', 'value': 154005284}]",0,0
16024.509853,506,1,104,rs:main Q:Reg,ip-10-100-1-186,62,kill,2,0,"[{'name': 'pid', 'type': 'pid_t', 'value': 506}, {'name': 'sig', 'type': 'int', 'value': 22}]",0,0
16024.51003,506,1,104,rs:main Q:Reg,ip-10-100-1-186,62,kill,2,0,"[{'name': 'pid', 'type': 'pid_t', 'value': 506}, {'name': 'sig', 'type': 'int', 'value': 22}]",0,0
16024.51014,506,1,104,rs:main Q:Reg,ip-10-100-1-186,1003,cap_capable,1,0,"[{'name': 'cap', 'type': 'int', 'value': 'CAP_SYS_RESOURCE'}]",0,0
16024.510174,506,1,104,rs:main Q:Reg,ip-10-100-1-186,1003,cap_capable,1,0,"[{'name': 'cap', 'type': 'int', 'value': 'CAP_SYS_RESOURCE'}]",0,0
16024.525337,159,1,0,systemd-journal,ip-10-100-1-186,3,close,1,0,"[{'name': 'fd', 'type': 'int', 'value': 34}]",0,0
16024.525529,159,1,0,systemd-journal,ip-10-100-1-186,1003,cap_capable,1,0,"[{'name': 'cap', 'type': 'int', 'value': 'CAP_SYS_ADMIN'}]",0,0
16024.525616,159,1,0,systemd-journal,ip-10-100-1-186,21,access,2,0,"[{'name': 'pathname', 'type': 'const char*', 'value': '/run/systemd/journal/flushed'}, {'name': 'mode', 'type': 'int', 'value': 'F_OK'}]",0,0
16024.525722,159,1,0,systemd-journal,ip-10-100-1-186,1005,security_file_open,4,0,"[{'name': 'pathname', 'type': 'const char*', 'value': '/var/log/journal/cd4bbb49080545c3aed82cc00b5f152b/system.journal'}, {'name': 'flags', 'type': 'unsigned int', 'value': 'O_RDWR|O_CREAT|O_NONBLOCK|O_LARGEFILE'}, {'name': 'dev', 'type': 'dev_t', 'value': 211812353}, {'name': 'inode', 'type': 'unsigned long', 'value': 274142}]",0,0
16024.525757,159,1,0,systemd-journal,ip-10-100-1-186,257,openat,4,34,"[{'name': 'dirfd', 'type': 'int', 'value': -100}, {'name': 'pathname', 'type': 'const char*', 'value': '/var/log/journal/cd4bbb49080545c3aed82cc00b5f152b/system.journal'}, {'name': 'flags', 'type': 'unsigned int', 'value': 'O_RDWR|O_CREAT|O_NONBLOCK|O_CLOEXEC'}, {'name': 'mode', 'type': 'int', 'value': 154005284}]",0,0
16024.525793,159,1,0,systemd-journal,ip-10-100-1-186,5,fstat,2,0,"[{'name': 'fd', 'type': 'int', 'value': 34}, {'name': 'statbuf', 'type': 'struct stat*', 'value': '0x558C39ED0EA8'}]",0,0
16024.525879,159,1,0,systemd-journal,ip-10-100-1-186,257,openat,4,-2,"[{'name': 'dirfd', 'type': 'int', 'value': -100}, {'name': 'pathname', 'type': 'const char*', 'value': '/var/log/journal/cd4bbb49080545c3aed82cc00b5f152b/fss'}, {'name': 'flags', 'type': 'unsigned int', 'value': 'O_RDWR|O_NOCTTY|O_CLOEXEC'}, {'name': 'mode', 'type': 'int', 'value': 154005284}]",0,0
16024.53415,506,1,104,rs:main Q:Reg,ip-10-100-1-186,62,kill,2,0,"[{'name': 'pid', 'type': 'pid_t', 'value': 506}, {'name': 'sig', 'type': 'int', 'value': 22}]",0,0
16024.534295,506,1,104,rs:main Q:Reg,ip-10-100-1-186,62,kill,2,0,"[{'name': 'pid', 'type': 'pid_t', 'value': 506}, {'name': 'sig', 'type': 'int', 'value': 22}]",0,0
16024.534402,506,1,104,rs:main Q:Reg,ip-10-100-1-186,1003,cap_capable,1,0,"[{'name': 'cap', 'type': 'int', 'value': 'CAP_SYS_RESOURCE'}]",0,0
16024.534436,506,1,104,rs:main Q:Reg,ip-10-100-1-186,1003,cap_capable,1,0,"[{'name': 'cap', 'type': 'int', 'value': 'CAP_SYS_RESOURCE'}]",0,0
16024.549484,159,1,0,systemd-journal,ip-10-100-1-186,3,close,1,0,"[{'name': 'fd', 'type': 'int', 'value': 34}]",0,0
16024.549648,159,1,0,systemd-journal,ip-10-100-1-186,21,access,2,0,"[{'name': 'pathname', 'type': 'const char*', 'value': '/run/systemd/journal/flushed'}, {'name': 'mode', 'type': 'int', 'value': 'F_OK'}]",0,0
16024.549737,159,1,0,systemd-journal,ip-10-100-1-186,257,openat,4,34,"[{'name': 'dirfd', 'type': 'int', 'value': -100}, {'name': 'pathname', 'type': 'const char*', 'value': '/var/log/journal/cd4bbb49080545c3aed82cc00b5f152b/system.journal'}, {'name': 'flags', 'type': 'unsigned int', 'value': 'O_RDWR|O_CREAT|O_NONBLOCK|O_CLOEXEC'}, {'name': 'mode', 'type': 'int', 'value': 154005284}]",0,0
16024.549703,159,1,0,systemd-journal,ip-10-100-1-186,1005,security_file_open,4,0,"[{'name': 'pathname', 'type': 'const char*', 'value': '/var/log/journal/cd4bbb49080545c3aed82cc00b5f152b/system.journal'}, {'name': 'flags', 'type': 'unsigned int', 'value': 'O_RDWR|O_CREAT|O_NONBLOCK|O_LARGEFILE'}, {'name': 'dev', 'type': 'dev_t', 'value': 211812353}, {'name': 'inode', 'type': 'unsigned long', 'value': 274142}]",0,0
16024.549777,159,1,0,systemd-journal,ip-10-100-1-186,5,fstat,2,0,"[{'name': 'fd', 'type': 'int', 'value': 34}, {'name': 'statbuf', 'type': 'struct stat*', 'value': '0x558C39ED0EA8'}]",0,0
16024.549846,159,1,0,systemd-journal,ip-10-100-1-186,257,openat,4,-2,"[{'name': 'dirfd', 'type': 'int', 'value': -100}, {'name': 'pathname', 'type': 'const char*', 'value': '/var/log/journal/cd4bbb49080545c3aed82cc00b5f152b/fss'}, {'name': 'flags', 'type': 'unsigned int', 'value': 'O_RDWR|O_NOCTTY|O_CLOEXEC'}, {'name': 'mode', 'type': 'int', 'value': 154005284}]",0,0
16024.564881,506,1,104,rs:main Q:Reg,ip-10-100-1-186,62,kill,2,0,"[{'name': 'pid', 'type': 'pid_t', 'value': 506}, {'name': 'sig', 'type': 'int', 'value': 22}]",0,0
16024.565054,506,1,104,rs:main Q:Reg,ip-10-100-1-186,62,kill,2,0,"[{'name': 'pid', 'type': 'pid_t', 'value': 506}, {'name': 'sig', 'type': 'int', 'value': 22}]",0,0
16024.565185,506,1,104,rs:main Q:Reg,ip-10-100-1-186,1003,cap_capable,1,0,"[{'name': 'cap', 'type': 'int', 'value': 'CAP_SYS_RESOURCE'}]",0,0
16024.565284,506,1,104,rs:main Q:Reg,ip-10-100-1-186,1003,cap_capable,1,0,"[{'name': 'cap', 'type': 'int', 'value': 'CAP_SYS_RESOURCE'}]",0,0
16024.580207,159,1,0,systemd-journal,ip-10-100-1-186,3,close,1,0,"[{'name': 'fd', 'type': 'int', 'value': 34}]",0,0
16024.580389,159,1,0,systemd-journal,ip-10-100-1-186,1003,cap_capable,1,0,"[{'name': 'cap', 'type': 'int', 'value': 'CAP_SYS_ADMIN'}]",0,0
16024.580465,159,1,0,systemd-journal,ip-10-100-1-186,21,access,2,0,"[{'name': 'pathname', 'type': 'const char*', 'value': '/run/systemd/journal/flushed'}, {'name': 'mode', 'type': 'int', 'value': 'F_OK'}]",0,0
16024.58051,159,1,0,systemd-journal,ip-10-100-1-186,1005,security_file_open,4,0,"[{'name': 'pathname', 'type': 'const char*', 'value': '/var/log/journal/cd4bbb49080545c3aed82cc00b5f152b/system.journal'}, {'name': 'flags', 'type': 'unsigned int', 'value': 'O_RDWR|O_CREAT|O_NONBLOCK|O_LARGEFILE'}, {'name': 'dev', 'type': 'dev_t', 'value': 211812353}, {'name': 'inode', 'type': 'unsigned long', 'value': 274142}]",0,0
16024.580543,159,1,0,systemd-journal,ip-10-100-1-186,257,openat,4,34,"[{'name': 'dirfd', 'type': 'int', 'value': -100}, {'name': 'pathname', 'type': 'const char*', 'value': '/var/log/journal/cd4bbb49080545c3aed82cc00b5f152b/system.journal'}, {'name': 'flags', 'type': 'unsigned int', 'value': 'O_RDWR|O_CREAT|O_NONBLOCK|O_CLOEXEC'}, {'name': 'mode', 'type': 'int', 'value': 154005284}]",0,0
16024.580581,159,1,0,systemd-journal,ip-10-100-1-186,5,fstat,2,0,"[{'name': 'fd', 'type': 'int', 'value': 34}, {'name': 'statbuf', 'type': 'struct stat*', 'value': '0x558C39ED0EA8'}]",0,0
16024.580658,159,1,0,systemd-journal,ip-10-100-1-186,257,openat,4,-2,"[{'name': 'dirfd', 'type': 'int', 'value': -100}, {'name': 'pathname', 'type': 'const char*', 'value': '/var/log/journal/cd4bbb49080545c3aed82cc00b5f152b/fss'}, {'name': 'flags', 'type': 'unsigned int', 'value': 'O_RDWR|O_NOCTTY|O_CLOEXEC'}, {'name': 'mode', 'type': 'int', 'value': 154005284}]",0,0
16024.588537,506,1,104,rs:main Q:Reg,ip-10-100-1-186,62,kill,2,0,"[{'name': 'pid', 'type': 'pid_t', 'value': 506}, {'name': 'sig', 'type': 'int', 'value': 22}]",0,0
16024.588854,506,1,104,rs:main Q:Reg,ip-10-100-1-186,1003,cap_capable,1,0,"[{'name': 'cap', 'type': 'int', 'value': 'CAP_SYS_RESOURCE'}]",0,0
16024.588731,506,1,104,rs:main Q:Reg,ip-10-100-1-186,62,kill,2,0,"[{'name': 'pid', 'type': 'pid_t', 'value': 506}, {'name': 'sig', 'type': 'int', 'value': 22}]",0,0
16024.588898,506,1,104,rs:main Q:Reg,ip-10-100-1-186,1003,cap_capable,1,0,"[{'name': 'cap', 'type': 'int', 'value': 'CAP_SYS_RESOURCE'}]",0,0
16024.60389,159,1,0,systemd-journal,ip-10-100-1-186,3,close,1,0,"[{'name': 'fd', 'type': 'int', 'value': 34}]",0,0
16024.603993,159,1,0,systemd-journal,ip-10-100-1-186,21,access,2,0,"[{'name': 'pathname', 'type': 'const char*', 'value': '/run/systemd/journal/flushed'}, {'name': 'mode', 'type': 'int', 'value': 'F_OK'}]",0,0
16024.60407,159,1,0,systemd-journal,ip-10-100-1-186,1005,security_file_open,4,0,"[{'name': 'pathname', 'type': 'const char*', 'value': '/var/log/journal/cd4bbb49080545c3aed82cc00b5f152b/system.journal'}, {'name': 'flags', 'type': 'unsigned int', 'value': 'O_RDWR|O_CREAT|O_NONBLOCK|O_LARGEFILE'}, {'name': 'dev', 'type': 'dev_t', 'value': 211812353}, {'name': 'inode', 'type': 'unsigned long', 'value': 274142}]",0,0
16024.604127,159,1,0,systemd-journal,ip-10-100-1-186,257,openat,4,34,"[{'name': 'dirfd', 'type': 'int', 'value': -100}, {'name': 'pathname', 'type': 'const char*', 'value': '/var/log/journal/cd4bbb49080545c3aed82cc00b5f152b/system.journal'}, {'name': 'flags', 'type': 'unsigned int', 'value': 'O_RDWR|O_CREAT|O_NONBLOCK|O_CLOEXEC'}, {'name': 'mode', 'type': 'int', 'value': 154005284}]",0,0
16024.604163,159,1,0,systemd-journal,ip-10-100-1-186,5,fstat,2,0,"[{'name': 'fd', 'type': 'int', 'value': 34}, {'name': 'statbuf', 'type': 'struct stat*', 'value': '0x558C39ED0EA8'}]",0,0
16024.604292,159,1,0,systemd-journal,ip-10-100-1-186,257,openat,4,-2,"[{'name': 'dirfd', 'type': 'int', 'value': -100}, {'name': 'pathname', 'type': 'const char*', 'value': '/var/log/journal/cd4bbb49080545c3aed82cc00b5f152b/fss'}, {'name': 'flags', 'type': 'unsigned int', 'value': 'O_RDWR|O_NOCTTY|O_CLOEXEC'}, {'name': 'mode', 'type': 'int', 'value': 154005284}]",0,0
16024.612303,506,1,104,rs:main Q:Reg,ip-10-100-1-186,62,kill,2,0,"[{'name': 'pid', 'type': 'pid_t', 'value': 506}, {'name': 'sig', 'type': 'int', 'value': 22}]",0,0
16024.61248,506,1,104,rs:main Q:Reg,ip-10-100-1-186,62,kill,2,0,"[{'name': 'pid', 'type': 'pid_t', 'value': 506}, {'name': 'sig', 'type': 'int', 'value': 22}]",0,0
16024.61259,506,1,104,rs:main Q:Reg,ip-10-100-1-186,1003,cap_capable,1,0,"[{'name': 'cap', 'type': 'int', 'value': 'CAP_SYS_RESOURCE'}]",0,0
16024.612623,506,1,104,rs:main Q:Reg,ip-10-100-1-186,1003,cap_capable,1,0,"[{'name': 'cap', 'type': 'int', 'value': 'CAP_SYS_RESOURCE'}]",0,0
16024.627269,159,1,0,systemd-journal,ip-10-100-1-186,3,close,1,0,"[{'name': 'fd', 'type': 'int', 'value': 34}]",0,0
16024.627444,159,1,0,systemd-journal,ip-10-100-1-186,1003,cap_capable,1,0,"[{'name': 'cap', 'type': 'int', 'value': 'CAP_SYS_ADMIN'}]",0,0
16024.627544,159,1,0,systemd-journal,ip-10-100-1-186,21,access,2,0,"[{'name': 'pathname', 'type': 'const char*', 'value': '/run/systemd/journal/flushed'}, {'name': 'mode', 'type': 'int', 'value': 'F_OK'}]",0,0
16024.627588,159,1,0,systemd-journal,ip-10-100-1-186,1005,security_file_open,4,0,"[{'name': 'pathname', 'type': 'const char*', 'value': '/var/log/journal/cd4bbb49080545c3aed82cc00b5f152b/system.journal'}, {'name': 'flags', 'type': 'unsigned int', 'value': 'O_RDWR|O_CREAT|O_NONBLOCK|O_LARGEFILE'}, {'name': 'dev', 'type': 'dev_t', 'value': 211812353}, {'name': 'inode', 'type': 'unsigned long', 'value': 274142}]",0,0
16024.627621,159,1,0,systemd-journal,ip-10-100-1-186,257,openat,4,34,"[{'name': 'dirfd', 'type': 'int', 'value': -100}, {'name': 'pathname', 'type': 'const char*', 'value': '/var/log/journal/cd4bbb49080545c3aed82cc00b5f152b/system.journal'}, {'name': 'flags', 'type': 'unsigned int', 'value': 'O_RDWR|O_CREAT|O_NONBLOCK|O_CLOEXEC'}, {'name': 'mode', 'type': 'int', 'value': 154005284}]",0,0
16024.62766,159,1,0,systemd-journal,ip-10-100-1-186,5,fstat,2,0,"[{'name': 'fd', 'type': 'int', 'value': 34}, {'name': 'statbuf', 'type': 'struct stat*', 'value': '0x558C39ED0EA8'}]",0,0
16024.627726,159,1,0,systemd-journal,ip-10-100-1-186,257,openat,4,-2,"[{'name': 'dirfd', 'type': 'int', 'value': -100}, {'name': 'pathname', 'type': 'const char*', 'value': '/var/log/journal/cd4bbb49080545c3aed82cc00b5f152b/fss'}, {'name': 'flags', 'type': 'unsigned int', 'value': 'O_RDWR|O_NOCTTY|O_CLOEXEC'}, {'name': 'mode', 'type': 'int', 'value': 154005284}]",0,0
16024.635821,506,1,104,rs:main Q:Reg,ip-10-100-1-186,62,kill,2,0,"[{'name': 'pid', 'type': 'pid_t', 'value': 506}, {'name': 'sig', 'type': 'int', 'value': 22}]",0,0
16024.635958,506,1,104,rs:main Q:Reg,ip-10-100-1-186,62,kill,2,0,"[{'name': 'pid', 'type': 'pid_t', 'value': 506}, {'name': 'sig', 'type': 'int', 'value': 22}]",0,0
16024.636072,506,1,104,rs:main Q:Reg,ip-10-100-1-186,1003,cap_capable,1,0,"[{'name': 'cap', 'type': 'int', 'value': 'CAP_SYS_RESOURCE'}]",0,0
16024.636118,506,1,104,rs:main Q:Reg,ip-10-100-1-186,1003,cap_capable,1,0,"[{'name': 'cap', 'type': 'int', 'value': 'CAP_SYS_RESOURCE'}]",0,0
16024.651405,159,1,0,systemd-journal,ip-10-100-1-186,3,close,1,0,"[{'name': 'fd', 'type': 'int', 'value': 34}]",0,0
16024.651507,159,1,0,systemd-journal,ip-10-100-1-186,21,access,2,0,"[{'name': 'pathname', 'type': 'const char*', 'value': '/run/systemd/journal/flushed'}, {'name': 'mode', 'type': 'int', 'value': 'F_OK'}]",0,0
16024.651594,159,1,0,systemd-journal,ip-10-100-1-186,1005,security_file_open,4,0,"[{'name': 'pathname', 'type': 'const char*', 'value': '/var/log/journal/cd4bbb49080545c3aed82cc00b5f152b/system.journal'}, {'name': 'flags', 'type': 'unsigned int', 'value': 'O_RDWR|O_CREAT|O_NONBLOCK|O_LARGEFILE'}, {'name': 'dev', 'type': 'dev_t', 'value': 211812353}, {'name': 'inode', 'type': 'unsigned long', 'value': 274142}]",0,0
16024.651628,159,1,0,systemd-journal,ip-10-100-1-186,257,openat,4,34,"[{'name': 'dirfd', 'type': 'int', 'value': -100}, {'name': 'pathname', 'type': 'const char*', 'value': '/var/log/journal/cd4bbb49080545c3aed82cc00b5f152b/system.journal'}, {'name': 'flags', 'type': 'unsigned int', 'value': 'O_RDWR|O_CREAT|O_NONBLOCK|O_CLOEXEC'}, {'name': 'mode', 'type': 'int', 'value': 154005284}]",0,0
16024.651678,159,1,0,systemd-journal,ip-10-100-1-186,5,fstat,2,0,"[{'name': 'fd', 'type': 'int', 'value': 34}, {'name': 'statbuf', 'type': 'struct stat*', 'value': '0x558C39ED0EA8'}]",0,0
16024.651768,159,1,0,systemd-journal,ip-10-100-1-186,257,openat,4,-2,"[{'name': 'dirfd', 'type': 'int', 'value': -100}, {'name': 'pathname', 'type': 'const char*', 'value': '/var/log/journal/cd4bbb49080545c3aed82cc00b5f152b/fss'}, {'name': 'flags', 'type': 'unsigned int', 'value': 'O_RDWR|O_NOCTTY|O_CLOEXEC'}, {'name': 'mode', 'type': 'int', 'value': 154005284}]",0,0
16024.659709,506,1,104,rs:main Q:Reg,ip-10-100-1-186,62,kill,2,0,"[{'name': 'pid', 'type': 'pid_t', 'value': 506}, {'name': 'sig', 'type': 'int', 'value': 22}]",0,0
16024.659831,506,1,104,rs:main Q:Reg,ip-10-100-1-186,62,kill,2,0,"[{'name': 'pid', 'type': 'pid_t', 'value': 506}, {'name': 'sig', 'type': 'int', 'value': 22}]",0,0
16024.659932,506,1,104,rs:main Q:Reg,ip-10-100-1-186,1003,cap_capable,1,0,"[{'name': 'cap', 'type': 'int', 'value': 'CAP_SYS_RESOURCE'}]",0,0
16024.67484,159,1,0,systemd-journal,ip-10-100-1-186,3,close,1,0,"[{'name': 'fd', 'type': 'int', 'value': 34}]",0,0
16024.659962,506,1,104,rs:main Q:Reg,ip-10-100-1-186,1003,cap_capable,1,0,"[{'name': 'cap', 'type': 'int', 'value': 'CAP_SYS_RESOURCE'}]",0,0
16024.67503,159,1,0,systemd-journal,ip-10-100-1-186,1003,cap_capable,1,0,"[{'name': 'cap', 'type': 'int', 'value': 'CAP_SYS_ADMIN'}]",0,0
16024.675108,159,1,0,systemd-journal,ip-10-100-1-186,21,access,2,0,"[{'name': 'pathname', 'type': 'const char*', 'value': '/run/systemd/journal/flushed'}, {'name': 'mode', 'type': 'int', 'value': 'F_OK'}]",0,0
16024.675152,159,1,0,systemd-journal,ip-10-100-1-186,1005,security_file_open,4,0,"[{'name': 'pathname', 'type': 'const char*', 'value': '/var/log/journal/cd4bbb49080545c3aed82cc00b5f152b/system.journal'}, {'name': 'flags', 'type': 'unsigned int', 'value': 'O_RDWR|O_CREAT|O_NONBLOCK|O_LARGEFILE'}, {'name': 'dev', 'type': 'dev_t', 'value': 211812353}, {'name': 'inode', 'type': 'unsigned long', 'value': 274142}]",0,0
16024.675223,159,1,0,systemd-journal,ip-10-100-1-186,5,fstat,2,0,"[{'name': 'fd', 'type': 'int', 'value': 34}, {'name': 'statbuf', 'type': 'struct stat*', 'value': '0x558C39ED0EA8'}]",0,0
16024.675366,159,1,0,systemd-journal,ip-10-100-1-186,257,openat,4,-2,"[{'name': 'dirfd', 'type': 'int', 'value': -100}, {'name': 'pathname', 'type': 'const char*', 'value': '/var/log/journal/cd4bbb49080545c3aed82cc00b5f152b/fss'}, {'name': 'flags', 'type': 'unsigned int', 'value': 'O_RDWR|O_NOCTTY|O_CLOEXEC'}, {'name': 'mode', 'type': 'int', 'value': 154005284}]",0,0
16024.683391,506,1,104,rs:main Q:Reg,ip-10-100-1-186,62,kill,2,0,"[{'name': 'pid', 'type': 'pid_t', 'value': 506}, {'name': 'sig', 'type': 'int', 'value': 22}]",0,0
16024.675185,159,1,0,systemd-journal,ip-10-100-1-186,257,openat,4,34,"[{'name': 'dirfd', 'type': 'int', 'value': -100}, {'name': 'pathname', 'type': 'const char*', 'value': '/var/log/journal/cd4bbb49080545c3aed82cc00b5f152b/system.journal'}, {'name': 'flags', 'type': 'unsigned int', 'value': 'O_RDWR|O_CREAT|O_NONBLOCK|O_CLOEXEC'}, {'name': 'mode', 'type': 'int', 'value': 154005284}]",0,0
16024.683522,506,1,104,rs:main Q:Reg,ip-10-100-1-186,62,kill,2,0,"[{'name': 'pid', 'type': 'pid_t', 'value': 506}, {'name': 'sig', 'type': 'int', 'value': 22}]",0,0
16024.683631,506,1,104,rs:main Q:Reg,ip-10-100-1-186,1003,cap_capable,1,0,"[{'name': 'cap', 'type': 'int', 'value': 'CAP_SYS_RESOURCE'}]",0,0
16024.683668,506,1,104,rs:main Q:Reg,ip-10-100-1-186,1003,cap_capable,1,0,"[{'name': 'cap', 'type': 'int', 'value': 'CAP_SYS_RESOURCE'}]",0,0
16024.698894,159,1,0,systemd-journal,ip-10-100-1-186,3,close,1,0,"[{'name': 'fd', 'type': 'int', 'value': 34}]",0,0
16024.69924,506,1,104,rs:main Q:Reg,ip-10-100-1-186,62,kill,2,0,"[{'name': 'pid', 'type': 'pid_t', 'value': 506}, {'name': 'sig', 'type': 'int', 'value': 22}]",0,0
16024.69907,506,1,104,rs:main Q:Reg,ip-10-100-1-186,62,kill,2,0,"[{'name': 'pid', 'type': 'pid_t', 'value': 506}, {'name': 'sig', 'type': 'int', 'value': 22}]",0,0
16024.699392,159,1,0,systemd-journal,ip-10-100-1-186,21,access,2,0,"[{'name': 'pathname', 'type': 'const char*', 'value': '/run/systemd/journal/flushed'}, {'name': 'mode', 'type': 'int', 'value': 'F_OK'}]",0,0
16024.699442,159,1,0,systemd-journal,ip-10-100-1-186,1005,security_file_open,4,0,"[{'name': 'pathname', 'type': 'const char*', 'value': '/var/log/journal/cd4bbb49080545c3aed82cc00b5f152b/system.journal'}, {'name': 'flags', 'type': 'unsigned int', 'value': 'O_RDWR|O_CREAT|O_NONBLOCK|O_LARGEFILE'}, {'name': 'dev', 'type': 'dev_t', 'value': 211812353}, {'name': 'inode', 'type': 'unsigned long', 'value': 274142}]",0,0
16024.699481,159,1,0,systemd-journal,ip-10-100-1-186,257,openat,4,34,"[{'name': 'dirfd', 'type': 'int', 'value': -100}, {'name': 'pathname', 'type': 'const char*', 'value': '/var/log/journal/cd4bbb49080545c3aed82cc00b5f152b/system.journal'}, {'name': 'flags', 'type': 'unsigned int', 'value': 'O_RDWR|O_CREAT|O_NONBLOCK|O_CLOEXEC'}, {'name': 'mode', 'type': 'int', 'value': 154005284}]",0,0
16024.699552,159,1,0,systemd-journal,ip-10-100-1-186,5,fstat,2,0,"[{'name': 'fd', 'type': 'int', 'value': 34}, {'name': 'statbuf', 'type': 'struct stat*', 'value': '0x558C39ED0EA8'}]",0,0
16024.699629,159,1,0,systemd-journal,ip-10-100-1-186,257,openat,4,-2,"[{'name': 'dirfd', 'type': 'int', 'value': -100}, {'name': 'pathname', 'type': 'const char*', 'value': '/var/log/journal/cd4bbb49080545c3aed82cc00b5f152b/fss'}, {'name': 'flags', 'type': 'unsigned int', 'value': 'O_RDWR|O_NOCTTY|O_CLOEXEC'}, {'name': 'mode', 'type': 'int', 'value': 154005284}]",0,0
16024.707656,506,1,104,rs:main Q:Reg,ip-10-100-1-186,1003,cap_capable,1,0,"[{'name': 'cap', 'type': 'int', 'value': 'CAP_SYS_RESOURCE'}]",0,0
16024.707687,506,1,104,rs:main Q:Reg,ip-10-100-1-186,1003,cap_capable,1,0,"[{'name': 'cap', 'type': 'int', 'value': 'CAP_SYS_RESOURCE'}]",0,0
16024.72956,506,1,104,rs:main Q:Reg,ip-10-100-1-186,62,kill,2,0,"[{'name': 'pid', 'type': 'pid_t', 'value': 506}, {'name': 'sig', 'type': 'int', 'value': 22}]",0,0
16024.729737,506,1,104,rs:main Q:Reg,ip-10-100-1-186,62,kill,2,0,"[{'name': 'pid', 'type': 'pid_t', 'value': 506}, {'name': 'sig', 'type': 'int', 'value': 22}]",0,0
16024.729854,506,1,104,rs:main Q:Reg,ip-10-100-1-186,1003,cap_capable,1,0,"[{'name': 'cap', 'type': 'int', 'value': 'CAP_SYS_RESOURCE'}]",0,0
16024.72989,506,1,104,rs:main Q:Reg,ip-10-100-1-186,1003,cap_capable,1,0,"[{'name': 'cap', 'type': 'int', 'value': 'CAP_SYS_RESOURCE'}]",0,0
16024.737748,159,1,0,systemd-journal,ip-10-100-1-186,3,close,1,0,"[{'name': 'fd', 'type': 'int', 'value': 34}]",0,0
16024.737928,159,1,0,systemd-journal,ip-10-100-1-186,1003,cap_capable,1,0,"[{'name': 'cap', 'type': 'int', 'value': 'CAP_SYS_ADMIN'}]",0,0
16024.738031,159,1,0,systemd-journal,ip-10-100-1-186,21,access,2,0,"[{'name': 'pathname', 'type': 'const char*', 'value': '/run/systemd/journal/flushed'}, {'name': 'mode', 'type': 'int', 'value': 'F_OK'}]",0,0
16024.738077,159,1,0,systemd-journal,ip-10-100-1-186,1005,security_file_open,4,0,"[{'name': 'pathname', 'type': 'const char*', 'value': '/var/log/journal/cd4bbb49080545c3aed82cc00b5f152b/system.journal'}, {'name': 'flags', 'type': 'unsigned int', 'value': 'O_RDWR|O_CREAT|O_NONBLOCK|O_LARGEFILE'}, {'name': 'dev', 'type': 'dev_t', 'value': 211812353}, {'name': 'inode', 'type': 'unsigned long', 'value': 274142}]",0,0
16024.73811,159,1,0,systemd-journal,ip-10-100-1-186,257,openat,4,34,"[{'name': 'dirfd', 'type': 'int', 'value': -100}, {'name': 'pathname', 'type': 'const char*', 'value': '/var/log/journal/cd4bbb49080545c3aed82cc00b5f152b/system.journal'}, {'name': 'flags', 'type': 'unsigned int', 'value': 'O_RDWR|O_CREAT|O_NONBLOCK|O_CLOEXEC'}, {'name': 'mode', 'type': 'int', 'value': 154005284}]",0,0
16024.73815,159,1,0,systemd-journal,ip-10-100-1-186,5,fstat,2,0,"[{'name': 'fd', 'type': 'int', 'value': 34}, {'name': 'statbuf', 'type': 'struct stat*', 'value': '0x558C39ED0EA8'}]",0,0
16024.738216,159,1,0,systemd-journal,ip-10-100-1-186,257,openat,4,-2,"[{'name': 'dirfd', 'type': 'int', 'value': -100}, {'name': 'pathname', 'type': 'const char*', 'value': '/var/log/journal/cd4bbb49080545c3aed82cc00b5f152b/fss'}, {'name': 'flags', 'type': 'unsigned int', 'value': 'O_RDWR|O_NOCTTY|O_CLOEXEC'}, {'name': 'mode', 'type': 'int', 'value': 154005284}]",0,0
16024.753317,506,1,104,rs:main Q:Reg,ip-10-100-1-186,62,kill,2,0,"[{'name': 'pid', 'type': 'pid_t', 'value': 506}, {'name': 'sig', 'type': 'int', 'value': 22}]",0,0
16024.75349,506,1,104,rs:main Q:Reg,ip-10-100-1-186,62,kill,2,0,"[{'name': 'pid', 'type': 'pid_t', 'value': 506}, {'name': 'sig', 'type': 'int', 'value': 22}]",0,0
16024.753611,506,1,104,rs:main Q:Reg,ip-10-100-1-186,1003,cap_capable,1,0,"[{'name': 'cap', 'type': 'int', 'value': 'CAP_SYS_RESOURCE'}]",0,0
16024.75365,506,1,104,rs:main Q:Reg,ip-10-100-1-186,1003,cap_capable,1,0,"[{'name': 'cap', 'type': 'int', 'value': 'CAP_SYS_RESOURCE'}]",0,0
16024.761621,159,1,0,systemd-journal,ip-10-100-1-186,3,close,1,0,"[{'name': 'fd', 'type': 'int', 'value': 34}]",0,0
16024.76172,159,1,0,systemd-journal,ip-10-100-1-186,21,access,2,0,"[{'name': 'pathname', 'type': 'const char*', 'value': '/run/systemd/journal/flushed'}, {'name': 'mode', 'type': 'int', 'value': 'F_OK'}]",0,0
16024.761796,159,1,0,systemd-journal,ip-10-100-1-186,1005,security_file_open,4,0,"[{'name': 'pathname', 'type': 'const char*', 'value': '/var/log/journal/cd4bbb49080545c3aed82cc00b5f152b/system.journal'}, {'name': 'flags', 'type': 'unsigned int', 'value': 'O_RDWR|O_CREAT|O_NONBLOCK|O_LARGEFILE'}, {'name': 'dev', 'type': 'dev_t', 'value': 211812353}, {'name': 'inode', 'type': 'unsigned long', 'value': 274142}]",0,0
16024.76184,159,1,0,systemd-journal,ip-10-100-1-186,257,openat,4,34,"[{'name': 'dirfd', 'type': 'int', 'value': -100}, {'name': 'pathname', 'type': 'const char*', 'value': '/var/log/journal/cd4bbb49080545c3aed82cc00b5f152b/system.journal'}, {'name': 'flags', 'type': 'unsigned int', 'value': 'O_RDWR|O_CREAT|O_NONBLOCK|O_CLOEXEC'}, {'name': 'mode', 'type': 'int', 'value': 154005284}]",0,0
16024.761877,159,1,0,systemd-journal,ip-10-100-1-186,5,fstat,2,0,"[{'name': 'fd', 'type': 'int', 'value': 34}, {'name': 'statbuf', 'type': 'struct stat*', 'value': '0x558C39ED0EA8'}]",0,0
16024.777112,159,1,0,systemd-journal,ip-10-100-1-186,3,close,1,0,"[{'name': 'fd', 'type': 'int', 'value': 34}]",0,0
16024.761937,159,1,0,systemd-journal,ip-10-100-1-186,257,openat,4,-2,"[{'name': 'dirfd', 'type': 'int', 'value': -100}, {'name': 'pathname', 'type': 'const char*', 'value': '/var/log/journal/cd4bbb49080545c3aed82cc00b5f152b/fss'}, {'name': 'flags', 'type': 'unsigned int', 'value': 'O_RDWR|O_NOCTTY|O_CLOEXEC'}, {'name': 'mode', 'type': 'int', 'value': 154005284}]",0,0
16024.777265,159,1,0,systemd-journal,ip-10-100-1-186,1003,cap_capable,1,0,"[{'name': 'cap', 'type': 'int', 'value': 'CAP_SYS_ADMIN'}]",0,0
16024.777345,159,1,0,systemd-journal,ip-10-100-1-186,21,access,2,0,"[{'name': 'pathname', 'type': 'const char*', 'value': '/run/systemd/journal/flushed'}, {'name': 'mode', 'type': 'int', 'value': 'F_OK'}]",0,0
16024.777389,159,1,0,systemd-journal,ip-10-100-1-186,1005,security_file_open,4,0,"[{'name': 'pathname', 'type': 'const char*', 'value': '/var/log/journal/cd4bbb49080545c3aed82cc00b5f152b/system.journal'}, {'name': 'flags', 'type': 'unsigned int', 'value': 'O_RDWR|O_CREAT|O_NONBLOCK|O_LARGEFILE'}, {'name': 'dev', 'type': 'dev_t', 'value': 211812353}, {'name': 'inode', 'type': 'unsigned long', 'value': 274142}]",0,0
16024.777421,159,1,0,systemd-journal,ip-10-100-1-186,257,openat,4,34,"[{'name': 'dirfd', 'type': 'int', 'value': -100}, {'name': 'pathname', 'type': 'const char*', 'value': '/var/log/journal/cd4bbb49080545c3aed82cc00b5f152b/system.journal'}, {'name': 'flags', 'type': 'unsigned int', 'value': 'O_RDWR|O_CREAT|O_NONBLOCK|O_CLOEXEC'}, {'name': 'mode', 'type': 'int', 'value': 154005284}]",0,0
16024.777471,159,1,0,systemd-journal,ip-10-100-1-186,5,fstat,2,0,"[{'name': 'fd', 'type': 'int', 'value': 34}, {'name': 'statbuf', 'type': 'struct stat*', 'value': '0x558C39ED0EA8'}]",0,0
16024.777546,159,1,0,systemd-journal,ip-10-100-1-186,257,openat,4,-2,"[{'name': 'dirfd', 'type': 'int', 'value': -100}, {'name': 'pathname', 'type': 'const char*', 'value': '/var/log/journal/cd4bbb49080545c3aed82cc00b5f152b/fss'}, {'name': 'flags', 'type': 'unsigned int', 'value': 'O_RDWR|O_NOCTTY|O_CLOEXEC'}, {'name': 'mode', 'type': 'int', 'value': 154005284}]",0,0
16024.785371,506,1,104,rs:main Q:Reg,ip-10-100-1-186,62,kill,2,0,"[{'name': 'pid', 'type': 'pid_t', 'value': 506}, {'name': 'sig', 'type': 'int', 'value': 22}]",0,0
16024.785538,506,1,104,rs:main Q:Reg,ip-10-100-1-186,62,kill,2,0,"[{'name': 'pid', 'type': 'pid_t', 'value': 506}, {'name': 'sig', 'type': 'int', 'value': 22}]",0,0
16024.785656,506,1,104,rs:main Q:Reg,ip-10-100-1-186,1003,cap_capable,1,0,"[{'name': 'cap', 'type': 'int', 'value': 'CAP_SYS_RESOURCE'}]",0,0
16024.785687,506,1,104,rs:main Q:Reg,ip-10-100-1-186,1003,cap_capable,1,0,"[{'name': 'cap', 'type': 'int', 'value': 'CAP_SYS_RESOURCE'}]",0,0
16024.800651,159,1,0,systemd-journal,ip-10-100-1-186,3,close,1,0,"[{'name': 'fd', 'type': 'int', 'value': 34}]",0,0
16024.800829,159,1,0,systemd-journal,ip-10-100-1-186,21,access,2,0,"[{'name': 'pathname', 'type': 'const char*', 'value': '/run/systemd/journal/flushed'}, {'name': 'mode', 'type': 'int', 'value': 'F_OK'}]",0,0
16024.800882,159,1,0,systemd-journal,ip-10-100-1-186,1005,security_file_open,4,0,"[{'name': 'pathname', 'type': 'const char*', 'value': '/var/log/journal/cd4bbb49080545c3aed82cc00b5f152b/system.journal'}, {'name': 'flags', 'type': 'unsigned int', 'value': 'O_RDWR|O_CREAT|O_NONBLOCK|O_LARGEFILE'}, {'name': 'dev', 'type': 'dev_t', 'value': 211812353}, {'name': 'inode', 'type': 'unsigned long', 'value': 274142}]",0,0
16024.800915,159,1,0,systemd-journal,ip-10-100-1-186,257,openat,4,34,"[{'name': 'dirfd', 'type': 'int', 'value': -100}, {'name': 'pathname', 'type': 'const char*', 'value': '/var/log/journal/cd4bbb49080545c3aed82cc00b5f152b/system.journal'}, {'name': 'flags', 'type': 'unsigned int', 'value': 'O_RDWR|O_CREAT|O_NONBLOCK|O_CLOEXEC'}, {'name': 'mode', 'type': 'int', 'value': 154005284}]",0,0
16024.800954,159,1,0,systemd-journal,ip-10-100-1-186,5,fstat,2,0,"[{'name': 'fd', 'type': 'int', 'value': 34}, {'name': 'statbuf', 'type': 'struct stat*', 'value': '0x558C39ED0EA8'}]",0,0
16024.801032,159,1,0,systemd-journal,ip-10-100-1-186,257,openat,4,-2,"[{'name': 'dirfd', 'type': 'int', 'value': -100}, {'name': 'pathname', 'type': 'const char*', 'value': '/var/log/journal/cd4bbb49080545c3aed82cc00b5f152b/fss'}, {'name': 'flags', 'type': 'unsigned int', 'value': 'O_RDWR|O_NOCTTY|O_CLOEXEC'}, {'name': 'mode', 'type': 'int', 'value': 154005284}]",0,0
16024.801188,506,1,104,rs:main Q:Reg,ip-10-100-1-186,62,kill,2,0,"[{'name': 'pid', 'type': 'pid_t', 'value': 506}, {'name': 'sig', 'type': 'int', 'value': 22}]",0,0
16024.801353,506,1,104,rs:main Q:Reg,ip-10-100-1-186,62,kill,2,0,"[{'name': 'pid', 'type': 'pid_t', 'value': 506}, {'name': 'sig', 'type': 'int', 'value': 22}]",0,0
16024.801476,506,1,104,rs:main Q:Reg,ip-10-100-1-186,1003,cap_capable,1,0,"[{'name': 'cap', 'type': 'int', 'value': 'CAP_SYS_RESOURCE'}]",0,0
16024.801512,506,1,104,rs:main Q:Reg,ip-10-100-1-186,1003,cap_capable,1,0,"[{'name': 'cap', 'type': 'int', 'value': 'CAP_SYS_RESOURCE'}]",0,0
16024.824106,159,1,0,systemd-journal,ip-10-100-1-186,3,close,1,0,"[{'name': 'fd', 'type': 'int', 'value': 34}]",0,0
16024.824305,159,1,0,systemd-journal,ip-10-100-1-186,1003,cap_capable,1,0,"[{'name': 'cap', 'type': 'int', 'value': 'CAP_SYS_ADMIN'}]",0,0
16024.824382,159,1,0,systemd-journal,ip-10-100-1-186,21,access,2,0,"[{'name': 'pathname', 'type': 'const char*', 'value': '/run/systemd/journal/flushed'}, {'name': 'mode', 'type': 'int', 'value': 'F_OK'}]",0,0
16024.824427,159,1,0,systemd-journal,ip-10-100-1-186,1005,security_file_open,4,0,"[{'name': 'pathname', 'type': 'const char*', 'value': '/var/log/journal/cd4bbb49080545c3aed82cc00b5f152b/system.journal'}, {'name': 'flags', 'type': 'unsigned int', 'value': 'O_RDWR|O_CREAT|O_NONBLOCK|O_LARGEFILE'}, {'name': 'dev', 'type': 'dev_t', 'value': 211812353}, {'name': 'inode', 'type': 'unsigned long', 'value': 274142}]",0,0
16024.824469,159,1,0,systemd-journal,ip-10-100-1-186,257,openat,4,34,"[{'name': 'dirfd', 'type': 'int', 'value': -100}, {'name': 'pathname', 'type': 'const char*', 'value': '/var/log/journal/cd4bbb49080545c3aed82cc00b5f152b/system.journal'}, {'name': 'flags', 'type': 'unsigned int', 'value': 'O_RDWR|O_CREAT|O_NONBLOCK|O_CLOEXEC'}, {'name': 'mode', 'type': 'int', 'value': 154005284}]",0,0
16024.824555,159,1,0,systemd-journal,ip-10-100-1-186,5,fstat,2,0,"[{'name': 'fd', 'type': 'int', 'value': 34}, {'name': 'statbuf', 'type': 'struct stat*', 'value': '0x558C39ED0EA8'}]",0,0
16024.824805,159,1,0,systemd-journal,ip-10-100-1-186,257,openat,4,-2,"[{'name': 'dirfd', 'type': 'int', 'value': -100}, {'name': 'pathname', 'type': 'const char*', 'value': '/var/log/journal/cd4bbb49080545c3aed82cc00b5f152b/fss'}, {'name': 'flags', 'type': 'unsigned int', 'value': 'O_RDWR|O_NOCTTY|O_CLOEXEC'}, {'name': 'mode', 'type': 'int', 'value': 154005284}]",0,0
16024.832746,506,1,104,rs:main Q:Reg,ip-10-100-1-186,62,kill,2,0,"[{'name': 'pid', 'type': 'pid_t', 'value': 506}, {'name': 'sig', 'type': 'int', 'value': 22}]",0,0
16024.832882,506,1,104,rs:main Q:Reg,ip-10-100-1-186,62,kill,2,0,"[{'name': 'pid', 'type': 'pid_t', 'value': 506}, {'name': 'sig', 'type': 'int', 'value': 22}]",0,0
16024.833017,506,1,104,rs:main Q:Reg,ip-10-100-1-186,1003,cap_capable,1,0,"[{'name': 'cap', 'type': 'int', 'value': 'CAP_SYS_RESOURCE'}]",0,0
16024.833048,506,1,104,rs:main Q:Reg,ip-10-100-1-186,1003,cap_capable,1,0,"[{'name': 'cap', 'type': 'int', 'value': 'CAP_SYS_RESOURCE'}]",0,0
16024.84803,159,1,0,systemd-journal,ip-10-100-1-186,3,close,1,0,"[{'name': 'fd', 'type': 'int', 'value': 34}]",0,0
16024.848136,159,1,0,systemd-journal,ip-10-100-1-186,21,access,2,0,"[{'name': 'pathname', 'type': 'const char*', 'value': '/run/systemd/journal/flushed'}, {'name': 'mode', 'type': 'int', 'value': 'F_OK'}]",0,0
16024.848185,159,1,0,systemd-journal,ip-10-100-1-186,1005,security_file_open,4,0,"[{'name': 'pathname', 'type': 'const char*', 'value': '/var/log/journal/cd4bbb49080545c3aed82cc00b5f152b/system.journal'}, {'name': 'flags', 'type': 'unsigned int', 'value': 'O_RDWR|O_CREAT|O_NONBLOCK|O_LARGEFILE'}, {'name': 'dev', 'type': 'dev_t', 'value': 211812353}, {'name': 'inode', 'type': 'unsigned long', 'value': 274142}]",0,0
16024.848218,159,1,0,systemd-journal,ip-10-100-1-186,257,openat,4,34,"[{'name': 'dirfd', 'type': 'int', 'value': -100}, {'name': 'pathname', 'type': 'const char*', 'value': '/var/log/journal/cd4bbb49080545c3aed82cc00b5f152b/system.journal'}, {'name': 'flags', 'type': 'unsigned int', 'value': 'O_RDWR|O_CREAT|O_NONBLOCK|O_CLOEXEC'}, {'name': 'mode', 'type': 'int', 'value': 154005284}]",0,0
16024.848257,159,1,0,systemd-journal,ip-10-100-1-186,5,fstat,2,0,"[{'name': 'fd', 'type': 'int', 'value': 34}, {'name': 'statbuf', 'type': 'struct stat*', 'value': '0x558C39ED0EA8'}]",0,0
16024.848406,506,1,104,rs:main Q:Reg,ip-10-100-1-186,62,kill,2,0,"[{'name': 'pid', 'type': 'pid_t', 'value': 506}, {'name': 'sig', 'type': 'int', 'value': 22}]",0,0
16024.848569,159,1,0,systemd-journal,ip-10-100-1-186,257,openat,4,-2,"[{'name': 'dirfd', 'type': 'int', 'value': -100}, {'name': 'pathname', 'type': 'const char*', 'value': '/var/log/journal/cd4bbb49080545c3aed82cc00b5f152b/fss'}, {'name': 'flags', 'type': 'unsigned int', 'value': 'O_RDWR|O_NOCTTY|O_CLOEXEC'}, {'name': 'mode', 'type': 'int', 'value': 154005284}]",0,0
16024.856353,506,1,104,rs:main Q:Reg,ip-10-100-1-186,62,kill,2,0,"[{'name': 'pid', 'type': 'pid_t', 'value': 506}, {'name': 'sig', 'type': 'int', 'value': 22}]",0,0
16024.856493,506,1,104,rs:main Q:Reg,ip-10-100-1-186,1003,cap_capable,1,0,"[{'name': 'cap', 'type': 'int', 'value': 'CAP_SYS_RESOURCE'}]",0,0
16024.856526,506,1,104,rs:main Q:Reg,ip-10-100-1-186,1003,cap_capable,1,0,"[{'name': 'cap', 'type': 'int', 'value': 'CAP_SYS_RESOURCE'}]",0,0
16024.878688,159,1,0,systemd-journal,ip-10-100-1-186,3,close,1,0,"[{'name': 'fd', 'type': 'int', 'value': 34}]",0,0
16024.878872,159,1,0,systemd-journal,ip-10-100-1-186,1005,security_file_open,4,0,"[{'name': 'pathname', 'type': 'const char*', 'value': '/proc/7145/status'}, {'name': 'flags', 'type': 'unsigned int', 'value': 'O_RDONLY|O_LARGEFILE'}, {'name': 'dev', 'type': 'dev_t', 'value': 5}, {'name': 'inode', 'type': 'unsigned long', 'value': 155700}]",0,0
16024.878924,159,1,0,systemd-journal,ip-10-100-1-186,257,openat,4,34,"[{'name': 'dirfd', 'type': 'int', 'value': -100}, {'name': 'pathname', 'type': 'const char*', 'value': '/proc/7145/status'}, {'name': 'flags', 'type': 'unsigned int', 'value': 'O_RDONLY|O_CLOEXEC'}, {'name': 'mode', 'type': 'int', 'value': 154005284}]",0,0
16024.878953,159,1,0,systemd-journal,ip-10-100-1-186,5,fstat,2,0,"[{'name': 'fd', 'type': 'int', 'value': 34}, {'name': 'statbuf', 'type': 'struct stat*', 'value': '0x7FFDB7C1DE20'}]",0,0
16024.879047,159,1,0,systemd-journal,ip-10-100-1-186,3,close,1,0,"[{'name': 'fd', 'type': 'int', 'value': 34}]",0,0
16024.879075,159,1,0,systemd-journal,ip-10-100-1-186,1005,security_file_open,4,0,"[{'name': 'pathname', 'type': 'const char*', 'value': '/proc/7145/status'}, {'name': 'flags', 'type': 'unsigned int', 'value': 'O_RDONLY|O_LARGEFILE'}, {'name': 'dev', 'type': 'dev_t', 'value': 5}, {'name': 'inode', 'type': 'unsigned long', 'value': 155700}]",0,0
16024.879099,159,1,0,systemd-journal,ip-10-100-1-186,257,openat,4,34,"[{'name': 'dirfd', 'type': 'int', 'value': -100}, {'name': 'pathname', 'type': 'const char*', 'value': '/proc/7145/status'}, {'name': 'flags', 'type': 'unsigned int', 'value': 'O_RDONLY|O_CLOEXEC'}, {'name': 'mode', 'type': 'int', 'value': 154005284}]",0,0
16024.879245,506,1,104,rs:main Q:Reg,ip-10-100-1-186,62,kill,2,0,"[{'name': 'pid', 'type': 'pid_t', 'value': 506}, {'name': 'sig', 'type': 'int', 'value': 22}]",0,0
16024.879392,506,1,104,rs:main Q:Reg,ip-10-100-1-186,62,kill,2,0,"[{'name': 'pid', 'type': 'pid_t', 'value': 506}, {'name': 'sig', 'type': 'int', 'value': 22}]",0,0
16024.879498,506,1,104,rs:main Q:Reg,ip-10-100-1-186,1003,cap_capable,1,0,"[{'name': 'cap', 'type': 'int', 'value': 'CAP_SYS_RESOURCE'}]",0,0
16024.879531,506,1,104,rs:main Q:Reg,ip-10-100-1-186,1003,cap_capable,1,0,"[{'name': 'cap', 'type': 'int', 'value': 'CAP_SYS_RESOURCE'}]",0,0
16024.887192,159,1,0,systemd-journal,ip-10-100-1-186,5,fstat,2,0,"[{'name': 'fd', 'type': 'int', 'value': 34}, {'name': 'statbuf', 'type': 'struct stat*', 'value': '0x7FFDB7C1DE20'}]",0,0
16024.887294,159,1,0,systemd-journal,ip-10-100-1-186,3,close,1,0,"[{'name': 'fd', 'type': 'int', 'value': 34}]",0,0
16024.887366,159,1,0,systemd-journal,ip-10-100-1-186,1005,security_file_open,4,0,"[{'name': 'pathname', 'type': 'const char*', 'value': '/proc/7145/comm'}, {'name': 'flags', 'type': 'unsigned int', 'value': 'O_RDONLY|O_LARGEFILE'}, {'name': 'dev', 'type': 'dev_t', 'value': 5}, {'name': 'inode', 'type': 'unsigned long', 'value': 155701}]",0,0
16024.887407,159,1,0,systemd-journal,ip-10-100-1-186,257,openat,4,34,"[{'name': 'dirfd', 'type': 'int', 'value': -100}, {'name': 'pathname', 'type': 'const char*', 'value': '/proc/7145/comm'}, {'name': 'flags', 'type': 'unsigned int', 'value': 'O_RDONLY|O_CLOEXEC'}, {'name': 'mode', 'type': 'int', 'value': 154005284}]",0,0
16024.887434,159,1,0,systemd-journal,ip-10-100-1-186,5,fstat,2,0,"[{'name': 'fd', 'type': 'int', 'value': 34}, {'name': 'statbuf', 'type': 'struct stat*', 'value': '0x7FFDB7C1DE20'}]",0,0
16024.887478,159,1,0,systemd-journal,ip-10-100-1-186,3,close,1,0,"[{'name': 'fd', 'type': 'int', 'value': 34}]",0,0
16024.887518,159,1,0,systemd-journal,ip-10-100-1-186,1003,cap_capable,1,0,"[{'name': 'cap', 'type': 'int', 'value': 'CAP_SYS_PTRACE'}]",0,0
16024.887562,159,1,0,systemd-journal,ip-10-100-1-186,1005,security_file_open,4,0,"[{'name': 'pathname', 'type': 'const char*', 'value': '/proc/7145/cmdline'}, {'name': 'flags', 'type': 'unsigned int', 'value': 'O_RDONLY|O_LARGEFILE'}, {'name': 'dev', 'type': 'dev_t', 'value': 5}, {'name': 'inode', 'type': 'unsigned long', 'value': 155703}]",0,0
16024.88759,159,1,0,systemd-journal,ip-10-100-1-186,257,openat,4,34,"[{'name': 'dirfd', 'type': 'int', 'value': -100}, {'name': 'pathname', 'type': 'const char*', 'value': '/proc/7145/cmdline'}, {'name': 'flags', 'type': 'unsigned int', 'value': 'O_RDONLY|O_CLOEXEC'}, {'name': 'mode', 'type': 'int', 'value': 154005284}]",0,0
16024.887614,159,1,0,systemd-journal,ip-10-100-1-186,5,fstat,2,0,"[{'name': 'fd', 'type': 'int', 'value': 34}, {'name': 'statbuf', 'type': 'struct stat*', 'value': '0x7FFDB7C1DEB0'}]",0,0
16024.887672,159,1,0,systemd-journal,ip-10-100-1-186,3,close,1,0,"[{'name': 'fd', 'type': 'int', 'value': 34}]",0,0
16024.887727,159,1,0,systemd-journal,ip-10-100-1-186,257,openat,4,34,"[{'name': 'dirfd', 'type': 'int', 'value': -100}, {'name': 'pathname', 'type': 'const char*', 'value': '/proc/7145/status'}, {'name': 'flags', 'type': 'unsigned int', 'value': 'O_RDONLY|O_CLOEXEC'}, {'name': 'mode', 'type': 'int', 'value': 154005284}]",0,0
16024.88775,159,1,0,systemd-journal,ip-10-100-1-186,5,fstat,2,0,"[{'name': 'fd', 'type': 'int', 'value': 34}, {'name': 'statbuf', 'type': 'struct stat*', 'value': '0x7FFDB7C1DF20'}]",0,0
16024.887701,159,1,0,systemd-journal,ip-10-100-1-186,1005,security_file_open,4,0,"[{'name': 'pathname', 'type': 'const char*', 'value': '/proc/7145/status'}, {'name': 'flags', 'type': 'unsigned int', 'value': 'O_RDONLY|O_LARGEFILE'}, {'name': 'dev', 'type': 'dev_t', 'value': 5}, {'name': 'inode', 'type': 'unsigned long', 'value': 155700}]",0,0
16024.887788,159,1,0,systemd-journal,ip-10-100-1-186,3,close,1,0,"[{'name': 'fd', 'type': 'int', 'value': 34}]",0,0
16024.887859,159,1,0,systemd-journal,ip-10-100-1-186,257,openat,4,34,"[{'name': 'dirfd', 'type': 'int', 'value': -100}, {'name': 'pathname', 'type': 'const char*', 'value': '/proc/7145/attr/current'}, {'name': 'flags', 'type': 'unsigned int', 'value': 'O_RDONLY|O_CLOEXEC'}, {'name': 'mode', 'type': 'int', 'value': 154005284}]",0,0
16024.887833,159,1,0,systemd-journal,ip-10-100-1-186,1005,security_file_open,4,0,"[{'name': 'pathname', 'type': 'const char*', 'value': '/proc/7145/attr/current'}, {'name': 'flags', 'type': 'unsigned int', 'value': 'O_RDONLY|O_LARGEFILE'}, {'name': 'dev', 'type': 'dev_t', 'value': 5}, {'name': 'inode', 'type': 'unsigned long', 'value': 155705}]",0,0
16024.887904,159,1,0,systemd-journal,ip-10-100-1-186,3,close,1,0,"[{'name': 'fd', 'type': 'int', 'value': 34}]",0,0
16024.887958,159,1,0,systemd-journal,ip-10-100-1-186,257,openat,4,34,"[{'name': 'dirfd', 'type': 'int', 'value': -100}, {'name': 'pathname', 'type': 'const char*', 'value': '/proc/7145/sessionid'}, {'name': 'flags', 'type': 'unsigned int', 'value': 'O_RDONLY|O_CLOEXEC'}, {'name': 'mode', 'type': 'int', 'value': 154005284}]",0,0
16024.887932,159,1,0,systemd-journal,ip-10-100-1-186,1005,security_file_open,4,0,"[{'name': 'pathname', 'type': 'const char*', 'value': '/proc/7145/sessionid'}, {'name': 'flags', 'type': 'unsigned int', 'value': 'O_RDONLY|O_LARGEFILE'}, {'name': 'dev', 'type': 'dev_t', 'value': 5}, {'name': 'inode', 'type': 'unsigned long', 'value': 155706}]",0,0
16024.887982,159,1,0,systemd-journal,ip-10-100-1-186,5,fstat,2,0,"[{'name': 'fd', 'type': 'int', 'value': 34}, {'name': 'statbuf', 'type': 'struct stat*', 'value': '0x7FFDB7C1DE10'}]",0,0
16024.888017,159,1,0,systemd-journal,ip-10-100-1-186,3,close,1,0,"[{'name': 'fd', 'type': 'int', 'value': 34}]",0,0
16024.888044,159,1,0,systemd-journal,ip-10-100-1-186,1005,security_file_open,4,0,"[{'name': 'pathname', 'type': 'const char*', 'value': '/proc/7145/loginuid'}, {'name': 'flags', 'type': 'unsigned int', 'value': 'O_RDONLY|O_LARGEFILE'}, {'name': 'dev', 'type': 'dev_t', 'value': 5}, {'name': 'inode', 'type': 'unsigned long', 'value': 155628}]",0,0
16024.88807,159,1,0,systemd-journal,ip-10-100-1-186,257,openat,4,34,"[{'name': 'dirfd', 'type': 'int', 'value': -100}, {'name': 'pathname', 'type': 'const char*', 'value': '/proc/7145/loginuid'}, {'name': 'flags', 'type': 'unsigned int', 'value': 'O_RDONLY|O_CLOEXEC'}, {'name': 'mode', 'type': 'int', 'value': 154005284}]",0,0
16024.888103,159,1,0,systemd-journal,ip-10-100-1-186,5,fstat,2,0,"[{'name': 'fd', 'type': 'int', 'value': 34}, {'name': 'statbuf', 'type': 'struct stat*', 'value': '0x7FFDB7C1DE10'}]",0,0
16024.888199,159,1,0,systemd-journal,ip-10-100-1-186,3,close,1,0,"[{'name': 'fd', 'type': 'int', 'value': 34}]",0,0
16024.888234,159,1,0,systemd-journal,ip-10-100-1-186,1005,security_file_open,4,0,"[{'name': 'pathname', 'type': 'const char*', 'value': '/proc/7145/cgroup'}, {'name': 'flags', 'type': 'unsigned int', 'value': 'O_RDONLY|O_LARGEFILE'}, {'name': 'dev', 'type': 'dev_t', 'value': 5}, {'name': 'inode', 'type': 'unsigned long', 'value': 155629}]",0,0
16024.888299,159,1,0,systemd-journal,ip-10-100-1-186,257,openat,4,34,"[{'name': 'dirfd', 'type': 'int', 'value': -100}, {'name': 'pathname', 'type': 'const char*', 'value': '/proc/7145/cgroup'}, {'name': 'flags', 'type': 'unsigned int', 'value': 'O_RDONLY|O_CLOEXEC'}, {'name': 'mode', 'type': 'int', 'value': 154005284}]",0,0
16024.888327,159,1,0,systemd-journal,ip-10-100-1-186,5,fstat,2,0,"[{'name': 'fd', 'type': 'int', 'value': 34}, {'name': 'statbuf', 'type': 'struct stat*', 'value': '0x7FFDB7C1DDB0'}]",0,0
16024.888453,159,1,0,systemd-journal,ip-10-100-1-186,3,close,1,0,"[{'name': 'fd', 'type': 'int', 'value': 34}]",0,0
16024.888508,159,1,0,systemd-journal,ip-10-100-1-186,257,openat,4,-2,"[{'name': 'dirfd', 'type': 'int', 'value': -100}, {'name': 'pathname', 'type': 'const char*', 'value': '/run/systemd/units/log-extra-fields:sensor.service'}, {'name': 'flags', 'type': 'unsigned int', 'value': 'O_RDONLY|O_CLOEXEC'}, {'name': 'mode', 'type': 'int', 'value': 154005284}]",0,0
16024.888565,159,1,0,systemd-journal,ip-10-100-1-186,1003,cap_capable,1,0,"[{'name': 'cap', 'type': 'int', 'value': 'CAP_SYS_ADMIN'}]",0,0
16024.888629,159,1,0,systemd-journal,ip-10-100-1-186,21,access,2,0,"[{'name': 'pathname', 'type': 'const char*', 'value': '/run/systemd/journal/flushed'}, {'name': 'mode', 'type': 'int', 'value': 'F_OK'}]",0,0
16024.888669,159,1,0,systemd-journal,ip-10-100-1-186,1005,security_file_open,4,0,"[{'name': 'pathname', 'type': 'const char*', 'value': '/var/log/journal/cd4bbb49080545c3aed82cc00b5f152b/system.journal'}, {'name': 'flags', 'type': 'unsigned int', 'value': 'O_RDWR|O_CREAT|O_NONBLOCK|O_LARGEFILE'}, {'name': 'dev', 'type': 'dev_t', 'value': 211812353}, {'name': 'inode', 'type': 'unsigned long', 'value': 274142}]",0,0
16024.888698,159,1,0,systemd-journal,ip-10-100-1-186,257,openat,4,34,"[{'name': 'dirfd', 'type': 'int', 'value': -100}, {'name': 'pathname', 'type': 'const char*', 'value': '/var/log/journal/cd4bbb49080545c3aed82cc00b5f152b/system.journal'}, {'name': 'flags', 'type': 'unsigned int', 'value': 'O_RDWR|O_CREAT|O_NONBLOCK|O_CLOEXEC'}, {'name': 'mode', 'type': 'int', 'value': 154005284}]",0,0
16024.888769,159,1,0,systemd-journal,ip-10-100-1-186,5,fstat,2,0,"[{'name': 'fd', 'type': 'int', 'value': 34}, {'name': 'statbuf', 'type': 'struct stat*', 'value': '0x558C39ED0EA8'}]",0,0
16024.888836,159,1,0,systemd-journal,ip-10-100-1-186,257,openat,4,-2,"[{'name': 'dirfd', 'type': 'int', 'value': -100}, {'name': 'pathname', 'type': 'const char*', 'value': '/var/log/journal/cd4bbb49080545c3aed82cc00b5f152b/fss'}, {'name': 'flags', 'type': 'unsigned int', 'value': 'O_RDWR|O_NOCTTY|O_CLOEXEC'}, {'name': 'mode', 'type': 'int', 'value': 154005284}]",0,0
16024.90404,506,1,104,rs:main Q:Reg,ip-10-100-1-186,62,kill,2,0,"[{'name': 'pid', 'type': 'pid_t', 'value': 506}, {'name': 'sig', 'type': 'int', 'value': 22}]",0,0
16024.904212,506,1,104,rs:main Q:Reg,ip-10-100-1-186,62,kill,2,0,"[{'name': 'pid', 'type': 'pid_t', 'value': 506}, {'name': 'sig', 'type': 'int', 'value': 22}]",0,0
16024.904328,506,1,104,rs:main Q:Reg,ip-10-100-1-186,1003,cap_capable,1,0,"[{'name': 'cap', 'type': 'int', 'value': 'CAP_SYS_RESOURCE'}]",0,0
16024.904365,506,1,104,rs:main Q:Reg,ip-10-100-1-186,1003,cap_capable,1,0,"[{'name': 'cap', 'type': 'int', 'value': 'CAP_SYS_RESOURCE'}]",0,0
16024.912219,159,1,0,systemd-journal,ip-10-100-1-186,3,close,1,0,"[{'name': 'fd', 'type': 'int', 'value': 34}]",0,0
16024.912314,159,1,0,systemd-journal,ip-10-100-1-186,21,access,2,0,"[{'name': 'pathname', 'type': 'const char*', 'value': '/run/systemd/journal/flushed'}, {'name': 'mode', 'type': 'int', 'value': 'F_OK'}]",0,0
16024.912387,159,1,0,systemd-journal,ip-10-100-1-186,1005,security_file_open,4,0,"[{'name': 'pathname', 'type': 'const char*', 'value': '/var/log/journal/cd4bbb49080545c3aed82cc00b5f152b/system.journal'}, {'name': 'flags', 'type': 'unsigned int', 'value': 'O_RDWR|O_CREAT|O_NONBLOCK|O_LARGEFILE'}, {'name': 'dev', 'type': 'dev_t', 'value': 211812353}, {'name': 'inode', 'type': 'unsigned long', 'value': 274142}]",0,0
16024.912423,159,1,0,systemd-journal,ip-10-100-1-186,257,openat,4,34,"[{'name': 'dirfd', 'type': 'int', 'value': -100}, {'name': 'pathname', 'type': 'const char*', 'value': '/var/log/journal/cd4bbb49080545c3aed82cc00b5f152b/system.journal'}, {'name': 'flags', 'type': 'unsigned int', 'value': 'O_RDWR|O_CREAT|O_NONBLOCK|O_CLOEXEC'}, {'name': 'mode', 'type': 'int', 'value': 154005284}]",0,0
16024.912473,159,1,0,systemd-journal,ip-10-100-1-186,5,fstat,2,0,"[{'name': 'fd', 'type': 'int', 'value': 34}, {'name': 'statbuf', 'type': 'struct stat*', 'value': '0x558C39ED0EA8'}]",0,0
16024.912533,159,1,0,systemd-journal,ip-10-100-1-186,257,openat,4,-2,"[{'name': 'dirfd', 'type': 'int', 'value': -100}, {'name': 'pathname', 'type': 'const char*', 'value': '/var/log/journal/cd4bbb49080545c3aed82cc00b5f152b/fss'}, {'name': 'flags', 'type': 'unsigned int', 'value': 'O_RDWR|O_NOCTTY|O_CLOEXEC'}, {'name': 'mode', 'type': 'int', 'value': 154005284}]",0,0
16024.927968,506,1,104,rs:main Q:Reg,ip-10-100-1-186,62,kill,2,0,"[{'name': 'pid', 'type': 'pid_t', 'value': 506}, {'name': 'sig', 'type': 'int', 'value': 22}]",0,0
16024.928195,506,1,104,rs:main Q:Reg,ip-10-100-1-186,62,kill,2,0,"[{'name': 'pid', 'type': 'pid_t', 'value': 506}, {'name': 'sig', 'type': 'int', 'value': 22}]",0,0
16024.928337,506,1,104,rs:main Q:Reg,ip-10-100-1-186,1003,cap_capable,1,0,"[{'name': 'cap', 'type': 'int', 'value': 'CAP_SYS_RESOURCE'}]",0,0
16024.928395,506,1,104,rs:main Q:Reg,ip-10-100-1-186,1003,cap_capable,1,0,"[{'name': 'cap', 'type': 'int', 'value': 'CAP_SYS_RESOURCE'}]",0,0
16024.936208,159,1,0,systemd-journal,ip-10-100-1-186,3,close,1,0,"[{'name': 'fd', 'type': 'int', 'value': 34}]",0,0
16024.936374,159,1,0,systemd-journal,ip-10-100-1-186,1003,cap_capable,1,0,"[{'name': 'cap', 'type': 'int', 'value': 'CAP_SYS_ADMIN'}]",0,0
16024.936448,159,1,0,systemd-journal,ip-10-100-1-186,21,access,2,0,"[{'name': 'pathname', 'type': 'const char*', 'value': '/run/systemd/journal/flushed'}, {'name': 'mode', 'type': 'int', 'value': 'F_OK'}]",0,0
16024.936492,159,1,0,systemd-journal,ip-10-100-1-186,1005,security_file_open,4,0,"[{'name': 'pathname', 'type': 'const char*', 'value': '/var/log/journal/cd4bbb49080545c3aed82cc00b5f152b/system.journal'}, {'name': 'flags', 'type': 'unsigned int', 'value': 'O_RDWR|O_CREAT|O_NONBLOCK|O_LARGEFILE'}, {'name': 'dev', 'type': 'dev_t', 'value': 211812353}, {'name': 'inode', 'type': 'unsigned long', 'value': 274142}]",0,0
16024.936524,159,1,0,systemd-journal,ip-10-100-1-186,257,openat,4,34,"[{'name': 'dirfd', 'type': 'int', 'value': -100}, {'name': 'pathname', 'type': 'const char*', 'value': '/var/log/journal/cd4bbb49080545c3aed82cc00b5f152b/system.journal'}, {'name': 'flags', 'type': 'unsigned int', 'value': 'O_RDWR|O_CREAT|O_NONBLOCK|O_CLOEXEC'}, {'name': 'mode', 'type': 'int', 'value': 154005284}]",0,0
16024.936563,159,1,0,systemd-journal,ip-10-100-1-186,5,fstat,2,0,"[{'name': 'fd', 'type': 'int', 'value': 34}, {'name': 'statbuf', 'type': 'struct stat*', 'value': '0x558C39ED0EA8'}]",0,0
16024.936628,159,1,0,systemd-journal,ip-10-100-1-186,257,openat,4,-2,"[{'name': 'dirfd', 'type': 'int', 'value': -100}, {'name': 'pathname', 'type': 'const char*', 'value': '/var/log/journal/cd4bbb49080545c3aed82cc00b5f152b/fss'}, {'name': 'flags', 'type': 'unsigned int', 'value': 'O_RDWR|O_NOCTTY|O_CLOEXEC'}, {'name': 'mode', 'type': 'int', 'value': 154005284}]",0,0
16024.951558,506,1,104,rs:main Q:Reg,ip-10-100-1-186,62,kill,2,0,"[{'name': 'pid', 'type': 'pid_t', 'value': 506}, {'name': 'sig', 'type': 'int', 'value': 22}]",0,0
16024.951725,506,1,104,rs:main Q:Reg,ip-10-100-1-186,62,kill,2,0,"[{'name': 'pid', 'type': 'pid_t', 'value': 506}, {'name': 'sig', 'type': 'int', 'value': 22}]",0,0
16024.951828,506,1,104,rs:main Q:Reg,ip-10-100-1-186,1003,cap_capable,1,0,"[{'name': 'cap', 'type': 'int', 'value': 'CAP_SYS_RESOURCE'}]",0,0
16024.951862,506,1,104,rs:main Q:Reg,ip-10-100-1-186,1003,cap_capable,1,0,"[{'name': 'cap', 'type': 'int', 'value': 'CAP_SYS_RESOURCE'}]",0,0
16024.959755,159,1,0,systemd-journal,ip-10-100-1-186,3,close,1,0,"[{'name': 'fd', 'type': 'int', 'value': 34}]",0,0
16024.95986,159,1,0,systemd-journal,ip-10-100-1-186,21,access,2,0,"[{'name': 'pathname', 'type': 'const char*', 'value': '/run/systemd/journal/flushed'}, {'name': 'mode', 'type': 'int', 'value': 'F_OK'}]",0,0
16024.959937,159,1,0,systemd-journal,ip-10-100-1-186,1005,security_file_open,4,0,"[{'name': 'pathname', 'type': 'const char*', 'value': '/var/log/journal/cd4bbb49080545c3aed82cc00b5f152b/system.journal'}, {'name': 'flags', 'type': 'unsigned int', 'value': 'O_RDWR|O_CREAT|O_NONBLOCK|O_LARGEFILE'}, {'name': 'dev', 'type': 'dev_t', 'value': 211812353}, {'name': 'inode', 'type': 'unsigned long', 'value': 274142}]",0,0
16024.960009,159,1,0,systemd-journal,ip-10-100-1-186,5,fstat,2,0,"[{'name': 'fd', 'type': 'int', 'value': 34}, {'name': 'statbuf', 'type': 'struct stat*', 'value': '0x558C39ED0EA8'}]",0,0
16024.95997,159,1,0,systemd-journal,ip-10-100-1-186,257,openat,4,34,"[{'name': 'dirfd', 'type': 'int', 'value': -100}, {'name': 'pathname', 'type': 'const char*', 'value': '/var/log/journal/cd4bbb49080545c3aed82cc00b5f152b/system.journal'}, {'name': 'flags', 'type': 'unsigned int', 'value': 'O_RDWR|O_CREAT|O_NONBLOCK|O_CLOEXEC'}, {'name': 'mode', 'type': 'int', 'value': 154005284}]",0,0
16024.960083,159,1,0,systemd-journal,ip-10-100-1-186,257,openat,4,-2,"[{'name': 'dirfd', 'type': 'int', 'value': -100}, {'name': 'pathname', 'type': 'const char*', 'value': '/var/log/journal/cd4bbb49080545c3aed82cc00b5f152b/fss'}, {'name': 'flags', 'type': 'unsigned int', 'value': 'O_RDWR|O_NOCTTY|O_CLOEXEC'}, {'name': 'mode', 'type': 'int', 'value': 154005284}]",0,0
16024.975159,506,1,104,rs:main Q:Reg,ip-10-100-1-186,62,kill,2,0,"[{'name': 'pid', 'type': 'pid_t', 'value': 506}, {'name': 'sig', 'type': 'int', 'value': 22}]",0,0
16024.975327,506,1,104,rs:main Q:Reg,ip-10-100-1-186,62,kill,2,0,"[{'name': 'pid', 'type': 'pid_t', 'value': 506}, {'name': 'sig', 'type': 'int', 'value': 22}]",0,0
16024.975442,506,1,104,rs:main Q:Reg,ip-10-100-1-186,1003,cap_capable,1,0,"[{'name': 'cap', 'type': 'int', 'value': 'CAP_SYS_RESOURCE'}]",0,0
16024.975479,506,1,104,rs:main Q:Reg,ip-10-100-1-186,1003,cap_capable,1,0,"[{'name': 'cap', 'type': 'int', 'value': 'CAP_SYS_RESOURCE'}]",0,0
16024.983275,159,1,0,systemd-journal,ip-10-100-1-186,3,close,1,0,"[{'name': 'fd', 'type': 'int', 'value': 34}]",0,0
16024.983445,159,1,0,systemd-journal,ip-10-100-1-186,1003,cap_capable,1,0,"[{'name': 'cap', 'type': 'int', 'value': 'CAP_SYS_ADMIN'}]",0,0
16024.98352,159,1,0,systemd-journal,ip-10-100-1-186,21,access,2,0,"[{'name': 'pathname', 'type': 'const char*', 'value': '/run/systemd/journal/flushed'}, {'name': 'mode', 'type': 'int', 'value': 'F_OK'}]",0,0
16024.983564,159,1,0,systemd-journal,ip-10-100-1-186,1005,security_file_open,4,0,"[{'name': 'pathname', 'type': 'const char*', 'value': '/var/log/journal/cd4bbb49080545c3aed82cc00b5f152b/system.journal'}, {'name': 'flags', 'type': 'unsigned int', 'value': 'O_RDWR|O_CREAT|O_NONBLOCK|O_LARGEFILE'}, {'name': 'dev', 'type': 'dev_t', 'value': 211812353}, {'name': 'inode', 'type': 'unsigned long', 'value': 274142}]",0,0
16024.983597,159,1,0,systemd-journal,ip-10-100-1-186,257,openat,4,34,"[{'name': 'dirfd', 'type': 'int', 'value': -100}, {'name': 'pathname', 'type': 'const char*', 'value': '/var/log/journal/cd4bbb49080545c3aed82cc00b5f152b/system.journal'}, {'name': 'flags', 'type': 'unsigned int', 'value': 'O_RDWR|O_CREAT|O_NONBLOCK|O_CLOEXEC'}, {'name': 'mode', 'type': 'int', 'value': 154005284}]",0,0
16024.983636,159,1,0,systemd-journal,ip-10-100-1-186,5,fstat,2,0,"[{'name': 'fd', 'type': 'int', 'value': 34}, {'name': 'statbuf', 'type': 'struct stat*', 'value': '0x558C39ED0EA8'}]",0,0
16024.983775,159,1,0,systemd-journal,ip-10-100-1-186,257,openat,4,-2,"[{'name': 'dirfd', 'type': 'int', 'value': -100}, {'name': 'pathname', 'type': 'const char*', 'value': '/var/log/journal/cd4bbb49080545c3aed82cc00b5f152b/fss'}, {'name': 'flags', 'type': 'unsigned int', 'value': 'O_RDWR|O_NOCTTY|O_CLOEXEC'}, {'name': 'mode', 'type': 'int', 'value': 154005284}]",0,0
16024.998637,506,1,104,rs:main Q:Reg,ip-10-100-1-186,62,kill,2,0,"[{'name': 'pid', 'type': 'pid_t', 'value': 506}, {'name': 'sig', 'type': 'int', 'value': 22}]",0,0
16024.998808,506,1,104,rs:main Q:Reg,ip-10-100-1-186,62,kill,2,0,"[{'name': 'pid', 'type': 'pid_t', 'value': 506}, {'name': 'sig', 'type': 'int', 'value': 22}]",0,0
16024.998916,506,1,104,rs:main Q:Reg,ip-10-100-1-186,1003,cap_capable,1,0,"[{'name': 'cap', 'type': 'int', 'value': 'CAP_SYS_RESOURCE'}]",0,0
16024.998953,506,1,104,rs:main Q:Reg,ip-10-100-1-186,1003,cap_capable,1,0,"[{'name': 'cap', 'type': 'int', 'value': 'CAP_SYS_RESOURCE'}]",0,0
16025.007047,159,1,0,systemd-journal,ip-10-100-1-186,3,close,1,0,"[{'name': 'fd', 'type': 'int', 'value': 34}]",0,0
16025.007145,159,1,0,systemd-journal,ip-10-100-1-186,21,access,2,0,"[{'name': 'pathname', 'type': 'const char*', 'value': '/run/systemd/journal/flushed'}, {'name': 'mode', 'type': 'int', 'value': 'F_OK'}]",0,0
16025.014474,159,1,0,systemd-journal,ip-10-100-1-186,1005,security_file_open,4,0,"[{'name': 'pathname', 'type': 'const char*', 'value': '/var/log/journal/cd4bbb49080545c3aed82cc00b5f152b/system.journal'}, {'name': 'flags', 'type': 'unsigned int', 'value': 'O_RDWR|O_CREAT|O_NONBLOCK|O_LARGEFILE'}, {'name': 'dev', 'type': 'dev_t', 'value': 211812353}, {'name': 'inode', 'type': 'unsigned long', 'value': 274142}]",0,0
16025.014517,159,1,0,systemd-journal,ip-10-100-1-186,257,openat,4,34,"[{'name': 'dirfd', 'type': 'int', 'value': -100}, {'name': 'pathname', 'type': 'const char*', 'value': '/var/log/journal/cd4bbb49080545c3aed82cc00b5f152b/system.journal'}, {'name': 'flags', 'type': 'unsigned int', 'value': 'O_RDWR|O_CREAT|O_NONBLOCK|O_CLOEXEC'}, {'name': 'mode', 'type': 'int', 'value': 154005284}]",0,0
16025.014559,159,1,0,systemd-journal,ip-10-100-1-186,5,fstat,2,0,"[{'name': 'fd', 'type': 'int', 'value': 34}, {'name': 'statbuf', 'type': 'struct stat*', 'value': '0x558C39ED0EA8'}]",0,0
16025.01467,159,1,0,systemd-journal,ip-10-100-1-186,257,openat,4,-2,"[{'name': 'dirfd', 'type': 'int', 'value': -100}, {'name': 'pathname', 'type': 'const char*', 'value': '/var/log/journal/cd4bbb49080545c3aed82cc00b5f152b/fss'}, {'name': 'flags', 'type': 'unsigned int', 'value': 'O_RDWR|O_NOCTTY|O_CLOEXEC'}, {'name': 'mode', 'type': 'int', 'value': 154005284}]",0,0
16025.02266,506,1,104,rs:main Q:Reg,ip-10-100-1-186,62,kill,2,0,"[{'name': 'pid', 'type': 'pid_t', 'value': 506}, {'name': 'sig', 'type': 'int', 'value': 22}]",0,0
16025.022702,506,1,104,rsyslogd,ip-10-100-1-186,3,close,1,0,"[{'name': 'fd', 'type': 'int', 'value': 6}]",0,0
16025.022764,506,1,104,rsyslogd,ip-10-100-1-186,41,socket,3,6,"[{'name': 'domain', 'type': 'int', 'value': 'AF_UNIX'}, {'name': 'type', 'type': 'const char*', 'value': 'SOCK_DGRAM|SOCK_CLOEXEC'}, {'name': 'protocol', 'type': 'int', 'value': 0}]",0,0
16025.022799,506,1,104,rsyslogd,ip-10-100-1-186,42,connect,3,0,"[{'name': 'sockfd', 'type': 'int', 'value': 6}, {'name': 'addr', 'type': 'struct sockaddr*', 'value': ""{'sun_path': '/dev/log','sa_family': 'AF_UNIX'}""}, {'name': 'addrlen', 'type': 'int*', 'value': 110}]",0,0
16025.022929,506,1,104,rs:main Q:Reg,ip-10-100-1-186,62,kill,2,0,"[{'name': 'pid', 'type': 'pid_t', 'value': 506}, {'name': 'sig', 'type': 'int', 'value': 22}]",0,0
16025.023045,506,1,104,rs:main Q:Reg,ip-10-100-1-186,1003,cap_capable,1,0,"[{'name': 'cap', 'type': 'int', 'value': 'CAP_SYS_RESOURCE'}]",0,0
16025.023078,506,1,104,rs:main Q:Reg,ip-10-100-1-186,1003,cap_capable,1,0,"[{'name': 'cap', 'type': 'int', 'value': 'CAP_SYS_RESOURCE'}]",0,0
16025.038224,159,1,0,systemd-journal,ip-10-100-1-186,3,close,1,0,"[{'name': 'fd', 'type': 'int', 'value': 34}]",0,0
16025.038411,159,1,0,systemd-journal,ip-10-100-1-186,1003,cap_capable,1,0,"[{'name': 'cap', 'type': 'int', 'value': 'CAP_SYS_ADMIN'}]",0,0
16025.038489,159,1,0,systemd-journal,ip-10-100-1-186,21,access,2,0,"[{'name': 'pathname', 'type': 'const char*', 'value': '/run/systemd/journal/flushed'}, {'name': 'mode', 'type': 'int', 'value': 'F_OK'}]",0,0
16025.038534,159,1,0,systemd-journal,ip-10-100-1-186,1005,security_file_open,4,0,"[{'name': 'pathname', 'type': 'const char*', 'value': '/var/log/journal/cd4bbb49080545c3aed82cc00b5f152b/system.journal'}, {'name': 'flags', 'type': 'unsigned int', 'value': 'O_RDWR|O_CREAT|O_NONBLOCK|O_LARGEFILE'}, {'name': 'dev', 'type': 'dev_t', 'value': 211812353}, {'name': 'inode', 'type': 'unsigned long', 'value': 274142}]",0,0
16025.038567,159,1,0,systemd-journal,ip-10-100-1-186,257,openat,4,34,"[{'name': 'dirfd', 'type': 'int', 'value': -100}, {'name': 'pathname', 'type': 'const char*', 'value': '/var/log/journal/cd4bbb49080545c3aed82cc00b5f152b/system.journal'}, {'name': 'flags', 'type': 'unsigned int', 'value': 'O_RDWR|O_CREAT|O_NONBLOCK|O_CLOEXEC'}, {'name': 'mode', 'type': 'int', 'value': 154005284}]",0,0
16025.038681,159,1,0,systemd-journal,ip-10-100-1-186,5,fstat,2,0,"[{'name': 'fd', 'type': 'int', 'value': 34}, {'name': 'statbuf', 'type': 'struct stat*', 'value': '0x558C39ED0EA8'}]",0,0
16025.038753,159,1,0,systemd-journal,ip-10-100-1-186,257,openat,4,-2,"[{'name': 'dirfd', 'type': 'int', 'value': -100}, {'name': 'pathname', 'type': 'const char*', 'value': '/var/log/journal/cd4bbb49080545c3aed82cc00b5f152b/fss'}, {'name': 'flags', 'type': 'unsigned int', 'value': 'O_RDWR|O_NOCTTY|O_CLOEXEC'}, {'name': 'mode', 'type': 'int', 'value': 154005284}]",0,0
16025.053892,506,1,104,rs:main Q:Reg,ip-10-100-1-186,62,kill,2,0,"[{'name': 'pid', 'type': 'pid_t', 'value': 506}, {'name': 'sig', 'type': 'int', 'value': 22}]",0,0
16025.054071,506,1,104,rs:main Q:Reg,ip-10-100-1-186,62,kill,2,0,"[{'name': 'pid', 'type': 'pid_t', 'value': 506}, {'name': 'sig', 'type': 'int', 'value': 22}]",0,0
16025.054196,506,1,104,rs:main Q:Reg,ip-10-100-1-186,1003,cap_capable,1,0,"[{'name': 'cap', 'type': 'int', 'value': 'CAP_SYS_RESOURCE'}]",0,0
16025.054232,506,1,104,rs:main Q:Reg,ip-10-100-1-186,1003,cap_capable,1,0,"[{'name': 'cap', 'type': 'int', 'value': 'CAP_SYS_RESOURCE'}]",0,0
16025.062167,159,1,0,systemd-journal,ip-10-100-1-186,3,close,1,0,"[{'name': 'fd', 'type': 'int', 'value': 34}]",0,0
16025.06226,159,1,0,systemd-journal,ip-10-100-1-186,21,access,2,0,"[{'name': 'pathname', 'type': 'const char*', 'value': '/run/systemd/journal/flushed'}, {'name': 'mode', 'type': 'int', 'value': 'F_OK'}]",0,0
16025.062346,159,1,0,systemd-journal,ip-10-100-1-186,1005,security_file_open,4,0,"[{'name': 'pathname', 'type': 'const char*', 'value': '/var/log/journal/cd4bbb49080545c3aed82cc00b5f152b/system.journal'}, {'name': 'flags', 'type': 'unsigned int', 'value': 'O_RDWR|O_CREAT|O_NONBLOCK|O_LARGEFILE'}, {'name': 'dev', 'type': 'dev_t', 'value': 211812353}, {'name': 'inode', 'type': 'unsigned long', 'value': 274142}]",0,0
16025.062379,159,1,0,systemd-journal,ip-10-100-1-186,257,openat,4,34,"[{'name': 'dirfd', 'type': 'int', 'value': -100}, {'name': 'pathname', 'type': 'const char*', 'value': '/var/log/journal/cd4bbb49080545c3aed82cc00b5f152b/system.journal'}, {'name': 'flags', 'type': 'unsigned int', 'value': 'O_RDWR|O_CREAT|O_NONBLOCK|O_CLOEXEC'}, {'name': 'mode', 'type': 'int', 'value': 154005284}]",0,0
16025.062419,159,1,0,systemd-journal,ip-10-100-1-186,5,fstat,2,0,"[{'name': 'fd', 'type': 'int', 'value': 34}, {'name': 'statbuf', 'type': 'struct stat*', 'value': '0x558C39ED0EA8'}]",0,0
16025.062483,159,1,0,systemd-journal,ip-10-100-1-186,257,openat,4,-2,"[{'name': 'dirfd', 'type': 'int', 'value': -100}, {'name': 'pathname', 'type': 'const char*', 'value': '/var/log/journal/cd4bbb49080545c3aed82cc00b5f152b/fss'}, {'name': 'flags', 'type': 'unsigned int', 'value': 'O_RDWR|O_NOCTTY|O_CLOEXEC'}, {'name': 'mode', 'type': 'int', 'value': 154005284}]",0,0
16025.077498,506,1,104,rs:main Q:Reg,ip-10-100-1-186,62,kill,2,0,"[{'name': 'pid', 'type': 'pid_t', 'value': 506}, {'name': 'sig', 'type': 'int', 'value': 22}]",0,0
16025.077668,506,1,104,rs:main Q:Reg,ip-10-100-1-186,62,kill,2,0,"[{'name': 'pid', 'type': 'pid_t', 'value': 506}, {'name': 'sig', 'type': 'int', 'value': 22}]",0,0
16025.077864,506,1,104,rs:main Q:Reg,ip-10-100-1-186,1003,cap_capable,1,0,"[{'name': 'cap', 'type': 'int', 'value': 'CAP_SYS_RESOURCE'}]",0,0
16025.077899,506,1,104,rs:main Q:Reg,ip-10-100-1-186,1003,cap_capable,1,0,"[{'name': 'cap', 'type': 'int', 'value': 'CAP_SYS_RESOURCE'}]",0,0
16025.085855,159,1,0,systemd-journal,ip-10-100-1-186,3,close,1,0,"[{'name': 'fd', 'type': 'int', 'value': 34}]",0,0
16025.086039,159,1,0,systemd-journal,ip-10-100-1-186,1003,cap_capable,1,0,"[{'name': 'cap', 'type': 'int', 'value': 'CAP_SYS_ADMIN'}]",0,0
16025.086115,159,1,0,systemd-journal,ip-10-100-1-186,21,access,2,0,"[{'name': 'pathname', 'type': 'const char*', 'value': '/run/systemd/journal/flushed'}, {'name': 'mode', 'type': 'int', 'value': 'F_OK'}]",0,0
16025.086159,159,1,0,systemd-journal,ip-10-100-1-186,1005,security_file_open,4,0,"[{'name': 'pathname', 'type': 'const char*', 'value': '/var/log/journal/cd4bbb49080545c3aed82cc00b5f152b/system.journal'}, {'name': 'flags', 'type': 'unsigned int', 'value': 'O_RDWR|O_CREAT|O_NONBLOCK|O_LARGEFILE'}, {'name': 'dev', 'type': 'dev_t', 'value': 211812353}, {'name': 'inode', 'type': 'unsigned long', 'value': 274142}]",0,0
16025.086192,159,1,0,systemd-journal,ip-10-100-1-186,257,openat,4,34,"[{'name': 'dirfd', 'type': 'int', 'value': -100}, {'name': 'pathname', 'type': 'const char*', 'value': '/var/log/journal/cd4bbb49080545c3aed82cc00b5f152b/system.journal'}, {'name': 'flags', 'type': 'unsigned int', 'value': 'O_RDWR|O_CREAT|O_NONBLOCK|O_CLOEXEC'}, {'name': 'mode', 'type': 'int', 'value': 154005284}]",0,0
16025.086297,159,1,0,systemd-journal,ip-10-100-1-186,257,openat,4,-2,"[{'name': 'dirfd', 'type': 'int', 'value': -100}, {'name': 'pathname', 'type': 'const char*', 'value': '/var/log/journal/cd4bbb49080545c3aed82cc00b5f152b/fss'}, {'name': 'flags', 'type': 'unsigned int', 'value': 'O_RDWR|O_NOCTTY|O_CLOEXEC'}, {'name': 'mode', 'type': 'int', 'value': 154005284}]",0,0
16025.086231,159,1,0,systemd-journal,ip-10-100-1-186,5,fstat,2,0,"[{'name': 'fd', 'type': 'int', 'value': 34}, {'name': 'statbuf', 'type': 'struct stat*', 'value': '0x558C39ED0EA8'}]",0,0
16025.101251,506,1,104,rs:main Q:Reg,ip-10-100-1-186,62,kill,2,0,"[{'name': 'pid', 'type': 'pid_t', 'value': 506}, {'name': 'sig', 'type': 'int', 'value': 22}]",0,0
16025.101402,506,1,104,rs:main Q:Reg,ip-10-100-1-186,62,kill,2,0,"[{'name': 'pid', 'type': 'pid_t', 'value': 506}, {'name': 'sig', 'type': 'int', 'value': 22}]",0,0
16025.101505,506,1,104,rs:main Q:Reg,ip-10-100-1-186,1003,cap_capable,1,0,"[{'name': 'cap', 'type': 'int', 'value': 'CAP_SYS_RESOURCE'}]",0,0
16025.101538,506,1,104,rs:main Q:Reg,ip-10-100-1-186,1003,cap_capable,1,0,"[{'name': 'cap', 'type': 'int', 'value': 'CAP_SYS_RESOURCE'}]",0,0
16025.109471,159,1,0,systemd-journal,ip-10-100-1-186,3,close,1,0,"[{'name': 'fd', 'type': 'int', 'value': 34}]",0,0
16025.109569,159,1,0,systemd-journal,ip-10-100-1-186,21,access,2,0,"[{'name': 'pathname', 'type': 'const char*', 'value': '/run/systemd/journal/flushed'}, {'name': 'mode', 'type': 'int', 'value': 'F_OK'}]",0,0
16025.109647,159,1,0,systemd-journal,ip-10-100-1-186,1005,security_file_open,4,0,"[{'name': 'pathname', 'type': 'const char*', 'value': '/var/log/journal/cd4bbb49080545c3aed82cc00b5f152b/system.journal'}, {'name': 'flags', 'type': 'unsigned int', 'value': 'O_RDWR|O_CREAT|O_NONBLOCK|O_LARGEFILE'}, {'name': 'dev', 'type': 'dev_t', 'value': 211812353}, {'name': 'inode', 'type': 'unsigned long', 'value': 274142}]",0,0
16025.10968,159,1,0,systemd-journal,ip-10-100-1-186,257,openat,4,34,"[{'name': 'dirfd', 'type': 'int', 'value': -100}, {'name': 'pathname', 'type': 'const char*', 'value': '/var/log/journal/cd4bbb49080545c3aed82cc00b5f152b/system.journal'}, {'name': 'flags', 'type': 'unsigned int', 'value': 'O_RDWR|O_CREAT|O_NONBLOCK|O_CLOEXEC'}, {'name': 'mode', 'type': 'int', 'value': 154005284}]",0,0
16025.109719,159,1,0,systemd-journal,ip-10-100-1-186,5,fstat,2,0,"[{'name': 'fd', 'type': 'int', 'value': 34}, {'name': 'statbuf', 'type': 'struct stat*', 'value': '0x558C39ED0EA8'}]",0,0
16025.109784,159,1,0,systemd-journal,ip-10-100-1-186,257,openat,4,-2,"[{'name': 'dirfd', 'type': 'int', 'value': -100}, {'name': 'pathname', 'type': 'const char*', 'value': '/var/log/journal/cd4bbb49080545c3aed82cc00b5f152b/fss'}, {'name': 'flags', 'type': 'unsigned int', 'value': 'O_RDWR|O_NOCTTY|O_CLOEXEC'}, {'name': 'mode', 'type': 'int', 'value': 154005284}]",0,0
16025.12465,506,1,104,rs:main Q:Reg,ip-10-100-1-186,62,kill,2,0,"[{'name': 'pid', 'type': 'pid_t', 'value': 506}, {'name': 'sig', 'type': 'int', 'value': 22}]",0,0
16025.124821,506,1,104,rs:main Q:Reg,ip-10-100-1-186,62,kill,2,0,"[{'name': 'pid', 'type': 'pid_t', 'value': 506}, {'name': 'sig', 'type': 'int', 'value': 22}]",0,0
16025.124935,506,1,104,rs:main Q:Reg,ip-10-100-1-186,1003,cap_capable,1,0,"[{'name': 'cap', 'type': 'int', 'value': 'CAP_SYS_RESOURCE'}]",0,0
16025.124971,506,1,104,rs:main Q:Reg,ip-10-100-1-186,1003,cap_capable,1,0,"[{'name': 'cap', 'type': 'int', 'value': 'CAP_SYS_RESOURCE'}]",0,0
16025.132776,159,1,0,systemd-journal,ip-10-100-1-186,3,close,1,0,"[{'name': 'fd', 'type': 'int', 'value': 34}]",0,0
16025.132994,159,1,0,systemd-journal,ip-10-100-1-186,1003,cap_capable,1,0,"[{'name': 'cap', 'type': 'int', 'value': 'CAP_SYS_ADMIN'}]",0,0
16025.133068,159,1,0,systemd-journal,ip-10-100-1-186,21,access,2,0,"[{'name': 'pathname', 'type': 'const char*', 'value': '/run/systemd/journal/flushed'}, {'name': 'mode', 'type': 'int', 'value': 'F_OK'}]",0,0
16025.133121,159,1,0,systemd-journal,ip-10-100-1-186,1005,security_file_open,4,0,"[{'name': 'pathname', 'type': 'const char*', 'value': '/var/log/journal/cd4bbb49080545c3aed82cc00b5f152b/system.journal'}, {'name': 'flags', 'type': 'unsigned int', 'value': 'O_RDWR|O_CREAT|O_NONBLOCK|O_LARGEFILE'}, {'name': 'dev', 'type': 'dev_t', 'value': 211812353}, {'name': 'inode', 'type': 'unsigned long', 'value': 274142}]",0,0
16025.133221,159,1,0,systemd-journal,ip-10-100-1-186,257,openat,4,34,"[{'name': 'dirfd', 'type': 'int', 'value': -100}, {'name': 'pathname', 'type': 'const char*', 'value': '/var/log/journal/cd4bbb49080545c3aed82cc00b5f152b/system.journal'}, {'name': 'flags', 'type': 'unsigned int', 'value': 'O_RDWR|O_CREAT|O_NONBLOCK|O_CLOEXEC'}, {'name': 'mode', 'type': 'int', 'value': 154005284}]",0,0
16025.133275,159,1,0,systemd-journal,ip-10-100-1-186,5,fstat,2,0,"[{'name': 'fd', 'type': 'int', 'value': 34}, {'name': 'statbuf', 'type': 'struct stat*', 'value': '0x558C39ED0EA8'}]",0,0
16025.133349,159,1,0,systemd-journal,ip-10-100-1-186,257,openat,4,-2,"[{'name': 'dirfd', 'type': 'int', 'value': -100}, {'name': 'pathname', 'type': 'const char*', 'value': '/var/log/journal/cd4bbb49080545c3aed82cc00b5f152b/fss'}, {'name': 'flags', 'type': 'unsigned int', 'value': 'O_RDWR|O_NOCTTY|O_CLOEXEC'}, {'name': 'mode', 'type': 'int', 'value': 154005284}]",0,0
16025.148397,506,1,104,rs:main Q:Reg,ip-10-100-1-186,62,kill,2,0,"[{'name': 'pid', 'type': 'pid_t', 'value': 506}, {'name': 'sig', 'type': 'int', 'value': 22}]",0,0
16025.148702,506,1,104,rs:main Q:Reg,ip-10-100-1-186,1003,cap_capable,1,0,"[{'name': 'cap', 'type': 'int', 'value': 'CAP_SYS_RESOURCE'}]",0,0
16025.148578,506,1,104,rs:main Q:Reg,ip-10-100-1-186,62,kill,2,0,"[{'name': 'pid', 'type': 'pid_t', 'value': 506}, {'name': 'sig', 'type': 'int', 'value': 22}]",0,0
16025.148756,506,1,104,rs:main Q:Reg,ip-10-100-1-186,1003,cap_capable,1,0,"[{'name': 'cap', 'type': 'int', 'value': 'CAP_SYS_RESOURCE'}]",0,0
16025.156677,159,1,0,systemd-journal,ip-10-100-1-186,3,close,1,0,"[{'name': 'fd', 'type': 'int', 'value': 34}]",0,0
16025.156823,159,1,0,systemd-journal,ip-10-100-1-186,21,access,2,0,"[{'name': 'pathname', 'type': 'const char*', 'value': '/run/systemd/journal/flushed'}, {'name': 'mode', 'type': 'int', 'value': 'F_OK'}]",0,0
16025.156906,159,1,0,systemd-journal,ip-10-100-1-186,257,openat,4,34,"[{'name': 'dirfd', 'type': 'int', 'value': -100}, {'name': 'pathname', 'type': 'const char*', 'value': '/var/log/journal/cd4bbb49080545c3aed82cc00b5f152b/system.journal'}, {'name': 'flags', 'type': 'unsigned int', 'value': 'O_RDWR|O_CREAT|O_NONBLOCK|O_CLOEXEC'}, {'name': 'mode', 'type': 'int', 'value': 154005284}]",0,0
16025.156873,159,1,0,systemd-journal,ip-10-100-1-186,1005,security_file_open,4,0,"[{'name': 'pathname', 'type': 'const char*', 'value': '/var/log/journal/cd4bbb49080545c3aed82cc00b5f152b/system.journal'}, {'name': 'flags', 'type': 'unsigned int', 'value': 'O_RDWR|O_CREAT|O_NONBLOCK|O_LARGEFILE'}, {'name': 'dev', 'type': 'dev_t', 'value': 211812353}, {'name': 'inode', 'type': 'unsigned long', 'value': 274142}]",0,0
16025.156946,159,1,0,systemd-journal,ip-10-100-1-186,5,fstat,2,0,"[{'name': 'fd', 'type': 'int', 'value': 34}, {'name': 'statbuf', 'type': 'struct stat*', 'value': '0x558C39ED0EA8'}]",0,0
16025.157011,159,1,0,systemd-journal,ip-10-100-1-186,257,openat,4,-2,"[{'name': 'dirfd', 'type': 'int', 'value': -100}, {'name': 'pathname', 'type': 'const char*', 'value': '/var/log/journal/cd4bbb49080545c3aed82cc00b5f152b/fss'}, {'name': 'flags', 'type': 'unsigned int', 'value': 'O_RDWR|O_NOCTTY|O_CLOEXEC'}, {'name': 'mode', 'type': 'int', 'value': 154005284}]",0,0
16025.172453,506,1,104,rs:main Q:Reg,ip-10-100-1-186,62,kill,2,0,"[{'name': 'pid', 'type': 'pid_t', 'value': 506}, {'name': 'sig', 'type': 'int', 'value': 22}]",0,0
16025.17263,506,1,104,rs:main Q:Reg,ip-10-100-1-186,62,kill,2,0,"[{'name': 'pid', 'type': 'pid_t', 'value': 506}, {'name': 'sig', 'type': 'int', 'value': 22}]",0,0
16025.172771,506,1,104,rs:main Q:Reg,ip-10-100-1-186,1003,cap_capable,1,0,"[{'name': 'cap', 'type': 'int', 'value': 'CAP_SYS_RESOURCE'}]",0,0
16025.172811,506,1,104,rs:main Q:Reg,ip-10-100-1-186,1003,cap_capable,1,0,"[{'name': 'cap', 'type': 'int', 'value': 'CAP_SYS_RESOURCE'}]",0,0
16025.187891,159,1,0,systemd-journal,ip-10-100-1-186,3,close,1,0,"[{'name': 'fd', 'type': 'int', 'value': 34}]",0,0
16025.188125,159,1,0,systemd-journal,ip-10-100-1-186,1003,cap_capable,1,0,"[{'name': 'cap', 'type': 'int', 'value': 'CAP_SYS_ADMIN'}]",0,0
16025.188206,159,1,0,systemd-journal,ip-10-100-1-186,21,access,2,0,"[{'name': 'pathname', 'type': 'const char*', 'value': '/run/systemd/journal/flushed'}, {'name': 'mode', 'type': 'int', 'value': 'F_OK'}]",0,0
16025.188252,159,1,0,systemd-journal,ip-10-100-1-186,1005,security_file_open,4,0,"[{'name': 'pathname', 'type': 'const char*', 'value': '/var/log/journal/cd4bbb49080545c3aed82cc00b5f152b/system.journal'}, {'name': 'flags', 'type': 'unsigned int', 'value': 'O_RDWR|O_CREAT|O_NONBLOCK|O_LARGEFILE'}, {'name': 'dev', 'type': 'dev_t', 'value': 211812353}, {'name': 'inode', 'type': 'unsigned long', 'value': 274142}]",0,0
16025.188285,159,1,0,systemd-journal,ip-10-100-1-186,257,openat,4,34,"[{'name': 'dirfd', 'type': 'int', 'value': -100}, {'name': 'pathname', 'type': 'const char*', 'value': '/var/log/journal/cd4bbb49080545c3aed82cc00b5f152b/system.journal'}, {'name': 'flags', 'type': 'unsigned int', 'value': 'O_RDWR|O_CREAT|O_NONBLOCK|O_CLOEXEC'}, {'name': 'mode', 'type': 'int', 'value': 154005284}]",0,0
16025.188472,159,1,0,systemd-journal,ip-10-100-1-186,257,openat,4,-2,"[{'name': 'dirfd', 'type': 'int', 'value': -100}, {'name': 'pathname', 'type': 'const char*', 'value': '/var/log/journal/cd4bbb49080545c3aed82cc00b5f152b/fss'}, {'name': 'flags', 'type': 'unsigned int', 'value': 'O_RDWR|O_NOCTTY|O_CLOEXEC'}, {'name': 'mode', 'type': 'int', 'value': 154005284}]",0,0
16025.188335,159,1,0,systemd-journal,ip-10-100-1-186,5,fstat,2,0,"[{'name': 'fd', 'type': 'int', 'value': 34}, {'name': 'statbuf', 'type': 'struct stat*', 'value': '0x558C39ED0EA8'}]",0,0
16025.203572,506,1,104,rs:main Q:Reg,ip-10-100-1-186,62,kill,2,0,"[{'name': 'pid', 'type': 'pid_t', 'value': 506}, {'name': 'sig', 'type': 'int', 'value': 22}]",0,0
16025.203743,506,1,104,rs:main Q:Reg,ip-10-100-1-186,62,kill,2,0,"[{'name': 'pid', 'type': 'pid_t', 'value': 506}, {'name': 'sig', 'type': 'int', 'value': 22}]",0,0
16025.203864,506,1,104,rs:main Q:Reg,ip-10-100-1-186,1003,cap_capable,1,0,"[{'name': 'cap', 'type': 'int', 'value': 'CAP_SYS_RESOURCE'}]",0,0
16025.203903,506,1,104,rs:main Q:Reg,ip-10-100-1-186,1003,cap_capable,1,0,"[{'name': 'cap', 'type': 'int', 'value': 'CAP_SYS_RESOURCE'}]",0,0
16025.21165,159,1,0,systemd-journal,ip-10-100-1-186,3,close,1,0,"[{'name': 'fd', 'type': 'int', 'value': 34}]",0,0
16025.211752,159,1,0,systemd-journal,ip-10-100-1-186,21,access,2,0,"[{'name': 'pathname', 'type': 'const char*', 'value': '/run/systemd/journal/flushed'}, {'name': 'mode', 'type': 'int', 'value': 'F_OK'}]",0,0
16025.211831,159,1,0,systemd-journal,ip-10-100-1-186,1005,security_file_open,4,0,"[{'name': 'pathname', 'type': 'const char*', 'value': '/var/log/journal/cd4bbb49080545c3aed82cc00b5f152b/system.journal'}, {'name': 'flags', 'type': 'unsigned int', 'value': 'O_RDWR|O_CREAT|O_NONBLOCK|O_LARGEFILE'}, {'name': 'dev', 'type': 'dev_t', 'value': 211812353}, {'name': 'inode', 'type': 'unsigned long', 'value': 274142}]",0,0
16025.211865,159,1,0,systemd-journal,ip-10-100-1-186,257,openat,4,34,"[{'name': 'dirfd', 'type': 'int', 'value': -100}, {'name': 'pathname', 'type': 'const char*', 'value': '/var/log/journal/cd4bbb49080545c3aed82cc00b5f152b/system.journal'}, {'name': 'flags', 'type': 'unsigned int', 'value': 'O_RDWR|O_CREAT|O_NONBLOCK|O_CLOEXEC'}, {'name': 'mode', 'type': 'int', 'value': 154005284}]",0,0
16025.211905,159,1,0,systemd-journal,ip-10-100-1-186,5,fstat,2,0,"[{'name': 'fd', 'type': 'int', 'value': 34}, {'name': 'statbuf', 'type': 'struct stat*', 'value': '0x558C39ED0EA8'}]",0,0
16025.211971,159,1,0,systemd-journal,ip-10-100-1-186,257,openat,4,-2,"[{'name': 'dirfd', 'type': 'int', 'value': -100}, {'name': 'pathname', 'type': 'const char*', 'value': '/var/log/journal/cd4bbb49080545c3aed82cc00b5f152b/fss'}, {'name': 'flags', 'type': 'unsigned int', 'value': 'O_RDWR|O_NOCTTY|O_CLOEXEC'}, {'name': 'mode', 'type': 'int', 'value': 154005284}]",0,0
16025.226912,506,1,104,rs:main Q:Reg,ip-10-100-1-186,62,kill,2,0,"[{'name': 'pid', 'type': 'pid_t', 'value': 506}, {'name': 'sig', 'type': 'int', 'value': 22}]",0,0
16025.227086,506,1,104,rs:main Q:Reg,ip-10-100-1-186,62,kill,2,0,"[{'name': 'pid', 'type': 'pid_t', 'value': 506}, {'name': 'sig', 'type': 'int', 'value': 22}]",0,0
16025.227278,506,1,104,rs:main Q:Reg,ip-10-100-1-186,1003,cap_capable,1,0,"[{'name': 'cap', 'type': 'int', 'value': 'CAP_SYS_RESOURCE'}]",0,0
16025.227316,506,1,104,rs:main Q:Reg,ip-10-100-1-186,1003,cap_capable,1,0,"[{'name': 'cap', 'type': 'int', 'value': 'CAP_SYS_RESOURCE'}]",0,0
16025.23505,159,1,0,systemd-journal,ip-10-100-1-186,3,close,1,0,"[{'name': 'fd', 'type': 'int', 'value': 34}]",0,0
16025.235206,159,1,0,systemd-journal,ip-10-100-1-186,1003,cap_capable,1,0,"[{'name': 'cap', 'type': 'int', 'value': 'CAP_SYS_ADMIN'}]",0,0
16025.235281,159,1,0,systemd-journal,ip-10-100-1-186,21,access,2,0,"[{'name': 'pathname', 'type': 'const char*', 'value': '/run/systemd/journal/flushed'}, {'name': 'mode', 'type': 'int', 'value': 'F_OK'}]",0,0
16025.235325,159,1,0,systemd-journal,ip-10-100-1-186,1005,security_file_open,4,0,"[{'name': 'pathname', 'type': 'const char*', 'value': '/var/log/journal/cd4bbb49080545c3aed82cc00b5f152b/system.journal'}, {'name': 'flags', 'type': 'unsigned int', 'value': 'O_RDWR|O_CREAT|O_NONBLOCK|O_LARGEFILE'}, {'name': 'dev', 'type': 'dev_t', 'value': 211812353}, {'name': 'inode', 'type': 'unsigned long', 'value': 274142}]",0,0
16025.235358,159,1,0,systemd-journal,ip-10-100-1-186,257,openat,4,34,"[{'name': 'dirfd', 'type': 'int', 'value': -100}, {'name': 'pathname', 'type': 'const char*', 'value': '/var/log/journal/cd4bbb49080545c3aed82cc00b5f152b/system.journal'}, {'name': 'flags', 'type': 'unsigned int', 'value': 'O_RDWR|O_CREAT|O_NONBLOCK|O_CLOEXEC'}, {'name': 'mode', 'type': 'int', 'value': 154005284}]",0,0
16025.235397,159,1,0,systemd-journal,ip-10-100-1-186,5,fstat,2,0,"[{'name': 'fd', 'type': 'int', 'value': 34}, {'name': 'statbuf', 'type': 'struct stat*', 'value': '0x558C39ED0EA8'}]",0,0
16025.235463,159,1,0,systemd-journal,ip-10-100-1-186,257,openat,4,-2,"[{'name': 'dirfd', 'type': 'int', 'value': -100}, {'name': 'pathname', 'type': 'const char*', 'value': '/var/log/journal/cd4bbb49080545c3aed82cc00b5f152b/fss'}, {'name': 'flags', 'type': 'unsigned int', 'value': 'O_RDWR|O_NOCTTY|O_CLOEXEC'}, {'name': 'mode', 'type': 'int', 'value': 154005284}]",0,0
16025.250728,506,1,104,rs:main Q:Reg,ip-10-100-1-186,62,kill,2,0,"[{'name': 'pid', 'type': 'pid_t', 'value': 506}, {'name': 'sig', 'type': 'int', 'value': 22}]",0,0
16025.250906,506,1,104,rs:main Q:Reg,ip-10-100-1-186,62,kill,2,0,"[{'name': 'pid', 'type': 'pid_t', 'value': 506}, {'name': 'sig', 'type': 'int', 'value': 22}]",0,0
16025.25103,506,1,104,rs:main Q:Reg,ip-10-100-1-186,1003,cap_capable,1,0,"[{'name': 'cap', 'type': 'int', 'value': 'CAP_SYS_RESOURCE'}]",0,0
16025.25107,506,1,104,rs:main Q:Reg,ip-10-100-1-186,1003,cap_capable,1,0,"[{'name': 'cap', 'type': 'int', 'value': 'CAP_SYS_RESOURCE'}]",0,0
16025.258832,159,1,0,systemd-journal,ip-10-100-1-186,3,close,1,0,"[{'name': 'fd', 'type': 'int', 'value': 34}]",0,0
16025.258946,159,1,0,systemd-journal,ip-10-100-1-186,21,access,2,0,"[{'name': 'pathname', 'type': 'const char*', 'value': '/run/systemd/journal/flushed'}, {'name': 'mode', 'type': 'int', 'value': 'F_OK'}]",0,0
16025.259016,159,1,0,systemd-journal,ip-10-100-1-186,1005,security_file_open,4,0,"[{'name': 'pathname', 'type': 'const char*', 'value': '/var/log/journal/cd4bbb49080545c3aed82cc00b5f152b/system.journal'}, {'name': 'flags', 'type': 'unsigned int', 'value': 'O_RDWR|O_CREAT|O_NONBLOCK|O_LARGEFILE'}, {'name': 'dev', 'type': 'dev_t', 'value': 211812353}, {'name': 'inode', 'type': 'unsigned long', 'value': 274142}]",0,0
16025.25905,159,1,0,systemd-journal,ip-10-100-1-186,257,openat,4,34,"[{'name': 'dirfd', 'type': 'int', 'value': -100}, {'name': 'pathname', 'type': 'const char*', 'value': '/var/log/journal/cd4bbb49080545c3aed82cc00b5f152b/system.journal'}, {'name': 'flags', 'type': 'unsigned int', 'value': 'O_RDWR|O_CREAT|O_NONBLOCK|O_CLOEXEC'}, {'name': 'mode', 'type': 'int', 'value': 154005284}]",0,0
16025.259089,159,1,0,systemd-journal,ip-10-100-1-186,5,fstat,2,0,"[{'name': 'fd', 'type': 'int', 'value': 34}, {'name': 'statbuf', 'type': 'struct stat*', 'value': '0x558C39ED0EA8'}]",0,0
16025.259155,159,1,0,systemd-journal,ip-10-100-1-186,257,openat,4,-2,"[{'name': 'dirfd', 'type': 'int', 'value': -100}, {'name': 'pathname', 'type': 'const char*', 'value': '/var/log/journal/cd4bbb49080545c3aed82cc00b5f152b/fss'}, {'name': 'flags', 'type': 'unsigned int', 'value': 'O_RDWR|O_NOCTTY|O_CLOEXEC'}, {'name': 'mode', 'type': 'int', 'value': 154005284}]",0,0
16025.274382,506,1,104,rs:main Q:Reg,ip-10-100-1-186,62,kill,2,0,"[{'name': 'pid', 'type': 'pid_t', 'value': 506}, {'name': 'sig', 'type': 'int', 'value': 22}]",0,0
16025.274556,506,1,104,rs:main Q:Reg,ip-10-100-1-186,62,kill,2,0,"[{'name': 'pid', 'type': 'pid_t', 'value': 506}, {'name': 'sig', 'type': 'int', 'value': 22}]",0,0
16025.274676,506,1,104,rs:main Q:Reg,ip-10-100-1-186,1003,cap_capable,1,0,"[{'name': 'cap', 'type': 'int', 'value': 'CAP_SYS_RESOURCE'}]",0,0
16025.274725,506,1,104,rs:main Q:Reg,ip-10-100-1-186,1003,cap_capable,1,0,"[{'name': 'cap', 'type': 'int', 'value': 'CAP_SYS_RESOURCE'}]",0,0
16025.282562,159,1,0,systemd-journal,ip-10-100-1-186,3,close,1,0,"[{'name': 'fd', 'type': 'int', 'value': 34}]",0,0
16025.282738,159,1,0,systemd-journal,ip-10-100-1-186,1003,cap_capable,1,0,"[{'name': 'cap', 'type': 'int', 'value': 'CAP_SYS_ADMIN'}]",0,0
16025.282812,159,1,0,systemd-journal,ip-10-100-1-186,21,access,2,0,"[{'name': 'pathname', 'type': 'const char*', 'value': '/run/systemd/journal/flushed'}, {'name': 'mode', 'type': 'int', 'value': 'F_OK'}]",0,0
16025.282857,159,1,0,systemd-journal,ip-10-100-1-186,1005,security_file_open,4,0,"[{'name': 'pathname', 'type': 'const char*', 'value': '/var/log/journal/cd4bbb49080545c3aed82cc00b5f152b/system.journal'}, {'name': 'flags', 'type': 'unsigned int', 'value': 'O_RDWR|O_CREAT|O_NONBLOCK|O_LARGEFILE'}, {'name': 'dev', 'type': 'dev_t', 'value': 211812353}, {'name': 'inode', 'type': 'unsigned long', 'value': 274142}]",0,0
16025.282889,159,1,0,systemd-journal,ip-10-100-1-186,257,openat,4,34,"[{'name': 'dirfd', 'type': 'int', 'value': -100}, {'name': 'pathname', 'type': 'const char*', 'value': '/var/log/journal/cd4bbb49080545c3aed82cc00b5f152b/system.journal'}, {'name': 'flags', 'type': 'unsigned int', 'value': 'O_RDWR|O_CREAT|O_NONBLOCK|O_CLOEXEC'}, {'name': 'mode', 'type': 'int', 'value': 154005284}]",0,0
16025.282928,159,1,0,systemd-journal,ip-10-100-1-186,5,fstat,2,0,"[{'name': 'fd', 'type': 'int', 'value': 34}, {'name': 'statbuf', 'type': 'struct stat*', 'value': '0x558C39ED0EA8'}]",0,0
16025.283067,159,1,0,systemd-journal,ip-10-100-1-186,257,openat,4,-2,"[{'name': 'dirfd', 'type': 'int', 'value': -100}, {'name': 'pathname', 'type': 'const char*', 'value': '/var/log/journal/cd4bbb49080545c3aed82cc00b5f152b/fss'}, {'name': 'flags', 'type': 'unsigned int', 'value': 'O_RDWR|O_NOCTTY|O_CLOEXEC'}, {'name': 'mode', 'type': 'int', 'value': 154005284}]",0,0
16025.298326,506,1,104,rs:main Q:Reg,ip-10-100-1-186,62,kill,2,0,"[{'name': 'pid', 'type': 'pid_t', 'value': 506}, {'name': 'sig', 'type': 'int', 'value': 22}]",0,0
16025.298494,506,1,104,rs:main Q:Reg,ip-10-100-1-186,62,kill,2,0,"[{'name': 'pid', 'type': 'pid_t', 'value': 506}, {'name': 'sig', 'type': 'int', 'value': 22}]",0,0
16025.298624,506,1,104,rs:main Q:Reg,ip-10-100-1-186,1003,cap_capable,1,0,"[{'name': 'cap', 'type': 'int', 'value': 'CAP_SYS_RESOURCE'}]",0,0
16025.298662,506,1,104,rs:main Q:Reg,ip-10-100-1-186,1003,cap_capable,1,0,"[{'name': 'cap', 'type': 'int', 'value': 'CAP_SYS_RESOURCE'}]",0,0
16025.306426,159,1,0,systemd-journal,ip-10-100-1-186,3,close,1,0,"[{'name': 'fd', 'type': 'int', 'value': 34}]",0,0
16025.306526,159,1,0,systemd-journal,ip-10-100-1-186,21,access,2,0,"[{'name': 'pathname', 'type': 'const char*', 'value': '/run/systemd/journal/flushed'}, {'name': 'mode', 'type': 'int', 'value': 'F_OK'}]",0,0
16025.306614,159,1,0,systemd-journal,ip-10-100-1-186,1005,security_file_open,4,0,"[{'name': 'pathname', 'type': 'const char*', 'value': '/var/log/journal/cd4bbb49080545c3aed82cc00b5f152b/system.journal'}, {'name': 'flags', 'type': 'unsigned int', 'value': 'O_RDWR|O_CREAT|O_NONBLOCK|O_LARGEFILE'}, {'name': 'dev', 'type': 'dev_t', 'value': 211812353}, {'name': 'inode', 'type': 'unsigned long', 'value': 274142}]",0,0
16025.306646,159,1,0,systemd-journal,ip-10-100-1-186,257,openat,4,34,"[{'name': 'dirfd', 'type': 'int', 'value': -100}, {'name': 'pathname', 'type': 'const char*', 'value': '/var/log/journal/cd4bbb49080545c3aed82cc00b5f152b/system.journal'}, {'name': 'flags', 'type': 'unsigned int', 'value': 'O_RDWR|O_CREAT|O_NONBLOCK|O_CLOEXEC'}, {'name': 'mode', 'type': 'int', 'value': 154005284}]",0,0
16025.306684,159,1,0,systemd-journal,ip-10-100-1-186,5,fstat,2,0,"[{'name': 'fd', 'type': 'int', 'value': 34}, {'name': 'statbuf', 'type': 'struct stat*', 'value': '0x558C39ED0EA8'}]",0,0
16025.306748,159,1,0,systemd-journal,ip-10-100-1-186,257,openat,4,-2,"[{'name': 'dirfd', 'type': 'int', 'value': -100}, {'name': 'pathname', 'type': 'const char*', 'value': '/var/log/journal/cd4bbb49080545c3aed82cc00b5f152b/fss'}, {'name': 'flags', 'type': 'unsigned int', 'value': 'O_RDWR|O_NOCTTY|O_CLOEXEC'}, {'name': 'mode', 'type': 'int', 'value': 154005284}]",0,0
16025.32223,506,1,104,rs:main Q:Reg,ip-10-100-1-186,62,kill,2,0,"[{'name': 'pid', 'type': 'pid_t', 'value': 506}, {'name': 'sig', 'type': 'int', 'value': 22}]",0,0
16025.322517,506,1,104,rs:main Q:Reg,ip-10-100-1-186,62,kill,2,0,"[{'name': 'pid', 'type': 'pid_t', 'value': 506}, {'name': 'sig', 'type': 'int', 'value': 22}]",0,0
16025.322651,506,1,104,rs:main Q:Reg,ip-10-100-1-186,1003,cap_capable,1,0,"[{'name': 'cap', 'type': 'int', 'value': 'CAP_SYS_RESOURCE'}]",0,0
16025.330519,159,1,0,systemd-journal,ip-10-100-1-186,3,close,1,0,"[{'name': 'fd', 'type': 'int', 'value': 34}]",0,0
16025.330776,159,1,0,systemd-journal,ip-10-100-1-186,1003,cap_capable,1,0,"[{'name': 'cap', 'type': 'int', 'value': 'CAP_SYS_ADMIN'}]",0,0
16025.330851,159,1,0,systemd-journal,ip-10-100-1-186,21,access,2,0,"[{'name': 'pathname', 'type': 'const char*', 'value': '/run/systemd/journal/flushed'}, {'name': 'mode', 'type': 'int', 'value': 'F_OK'}]",0,0
16025.322689,506,1,104,rs:main Q:Reg,ip-10-100-1-186,1003,cap_capable,1,0,"[{'name': 'cap', 'type': 'int', 'value': 'CAP_SYS_RESOURCE'}]",0,0
16025.330902,159,1,0,systemd-journal,ip-10-100-1-186,1005,security_file_open,4,0,"[{'name': 'pathname', 'type': 'const char*', 'value': '/var/log/journal/cd4bbb49080545c3aed82cc00b5f152b/system.journal'}, {'name': 'flags', 'type': 'unsigned int', 'value': 'O_RDWR|O_CREAT|O_NONBLOCK|O_LARGEFILE'}, {'name': 'dev', 'type': 'dev_t', 'value': 211812353}, {'name': 'inode', 'type': 'unsigned long', 'value': 274142}]",0,0
16025.330935,159,1,0,systemd-journal,ip-10-100-1-186,257,openat,4,34,"[{'name': 'dirfd', 'type': 'int', 'value': -100}, {'name': 'pathname', 'type': 'const char*', 'value': '/var/log/journal/cd4bbb49080545c3aed82cc00b5f152b/system.journal'}, {'name': 'flags', 'type': 'unsigned int', 'value': 'O_RDWR|O_CREAT|O_NONBLOCK|O_CLOEXEC'}, {'name': 'mode', 'type': 'int', 'value': 154005284}]",0,0
16025.330974,159,1,0,systemd-journal,ip-10-100-1-186,5,fstat,2,0,"[{'name': 'fd', 'type': 'int', 'value': 34}, {'name': 'statbuf', 'type': 'struct stat*', 'value': '0x558C39ED0EA8'}]",0,0
16025.331039,159,1,0,systemd-journal,ip-10-100-1-186,257,openat,4,-2,"[{'name': 'dirfd', 'type': 'int', 'value': -100}, {'name': 'pathname', 'type': 'const char*', 'value': '/var/log/journal/cd4bbb49080545c3aed82cc00b5f152b/fss'}, {'name': 'flags', 'type': 'unsigned int', 'value': 'O_RDWR|O_NOCTTY|O_CLOEXEC'}, {'name': 'mode', 'type': 'int', 'value': 154005284}]",0,0
16025.346302,506,1,104,rs:main Q:Reg,ip-10-100-1-186,62,kill,2,0,"[{'name': 'pid', 'type': 'pid_t', 'value': 506}, {'name': 'sig', 'type': 'int', 'value': 22}]",0,0
16025.346479,506,1,104,rs:main Q:Reg,ip-10-100-1-186,62,kill,2,0,"[{'name': 'pid', 'type': 'pid_t', 'value': 506}, {'name': 'sig', 'type': 'int', 'value': 22}]",0,0
16025.346594,506,1,104,rs:main Q:Reg,ip-10-100-1-186,1003,cap_capable,1,0,"[{'name': 'cap', 'type': 'int', 'value': 'CAP_SYS_RESOURCE'}]",0,0
16025.34663,506,1,104,rs:main Q:Reg,ip-10-100-1-186,1003,cap_capable,1,0,"[{'name': 'cap', 'type': 'int', 'value': 'CAP_SYS_RESOURCE'}]",0,0
16025.361181,159,1,0,systemd-journal,ip-10-100-1-186,3,close,1,0,"[{'name': 'fd', 'type': 'int', 'value': 34}]",0,0
16025.361285,159,1,0,systemd-journal,ip-10-100-1-186,21,access,2,0,"[{'name': 'pathname', 'type': 'const char*', 'value': '/run/systemd/journal/flushed'}, {'name': 'mode', 'type': 'int', 'value': 'F_OK'}]",0,0
16025.361374,159,1,0,systemd-journal,ip-10-100-1-186,1005,security_file_open,4,0,"[{'name': 'pathname', 'type': 'const char*', 'value': '/var/log/journal/cd4bbb49080545c3aed82cc00b5f152b/system.journal'}, {'name': 'flags', 'type': 'unsigned int', 'value': 'O_RDWR|O_CREAT|O_NONBLOCK|O_LARGEFILE'}, {'name': 'dev', 'type': 'dev_t', 'value': 211812353}, {'name': 'inode', 'type': 'unsigned long', 'value': 274142}]",0,0
16025.361405,159,1,0,systemd-journal,ip-10-100-1-186,257,openat,4,34,"[{'name': 'dirfd', 'type': 'int', 'value': -100}, {'name': 'pathname', 'type': 'const char*', 'value': '/var/log/journal/cd4bbb49080545c3aed82cc00b5f152b/system.journal'}, {'name': 'flags', 'type': 'unsigned int', 'value': 'O_RDWR|O_CREAT|O_NONBLOCK|O_CLOEXEC'}, {'name': 'mode', 'type': 'int', 'value': 154005284}]",0,0
16025.361441,159,1,0,systemd-journal,ip-10-100-1-186,5,fstat,2,0,"[{'name': 'fd', 'type': 'int', 'value': 34}, {'name': 'statbuf', 'type': 'struct stat*', 'value': '0x558C39ED0EA8'}]",0,0
16025.361571,159,1,0,systemd-journal,ip-10-100-1-186,257,openat,4,-2,"[{'name': 'dirfd', 'type': 'int', 'value': -100}, {'name': 'pathname', 'type': 'const char*', 'value': '/var/log/journal/cd4bbb49080545c3aed82cc00b5f152b/fss'}, {'name': 'flags', 'type': 'unsigned int', 'value': 'O_RDWR|O_NOCTTY|O_CLOEXEC'}, {'name': 'mode', 'type': 'int', 'value': 154005284}]",0,0
16025.369623,506,1,104,rs:main Q:Reg,ip-10-100-1-186,62,kill,2,0,"[{'name': 'pid', 'type': 'pid_t', 'value': 506}, {'name': 'sig', 'type': 'int', 'value': 22}]",0,0
16025.369748,506,1,104,rs:main Q:Reg,ip-10-100-1-186,62,kill,2,0,"[{'name': 'pid', 'type': 'pid_t', 'value': 506}, {'name': 'sig', 'type': 'int', 'value': 22}]",0,0
16025.369866,506,1,104,rs:main Q:Reg,ip-10-100-1-186,1003,cap_capable,1,0,"[{'name': 'cap', 'type': 'int', 'value': 'CAP_SYS_RESOURCE'}]",0,0
16025.3699,506,1,104,rs:main Q:Reg,ip-10-100-1-186,1003,cap_capable,1,0,"[{'name': 'cap', 'type': 'int', 'value': 'CAP_SYS_RESOURCE'}]",0,0
16025.384824,159,1,0,systemd-journal,ip-10-100-1-186,3,close,1,0,"[{'name': 'fd', 'type': 'int', 'value': 34}]",0,0
16025.385015,159,1,0,systemd-journal,ip-10-100-1-186,1003,cap_capable,1,0,"[{'name': 'cap', 'type': 'int', 'value': 'CAP_SYS_ADMIN'}]",0,0
16025.385091,159,1,0,systemd-journal,ip-10-100-1-186,21,access,2,0,"[{'name': 'pathname', 'type': 'const char*', 'value': '/run/systemd/journal/flushed'}, {'name': 'mode', 'type': 'int', 'value': 'F_OK'}]",0,0
16025.385135,159,1,0,systemd-journal,ip-10-100-1-186,1005,security_file_open,4,0,"[{'name': 'pathname', 'type': 'const char*', 'value': '/var/log/journal/cd4bbb49080545c3aed82cc00b5f152b/system.journal'}, {'name': 'flags', 'type': 'unsigned int', 'value': 'O_RDWR|O_CREAT|O_NONBLOCK|O_LARGEFILE'}, {'name': 'dev', 'type': 'dev_t', 'value': 211812353}, {'name': 'inode', 'type': 'unsigned long', 'value': 274142}]",0,0
16025.385167,159,1,0,systemd-journal,ip-10-100-1-186,257,openat,4,34,"[{'name': 'dirfd', 'type': 'int', 'value': -100}, {'name': 'pathname', 'type': 'const char*', 'value': '/var/log/journal/cd4bbb49080545c3aed82cc00b5f152b/system.journal'}, {'name': 'flags', 'type': 'unsigned int', 'value': 'O_RDWR|O_CREAT|O_NONBLOCK|O_CLOEXEC'}, {'name': 'mode', 'type': 'int', 'value': 154005284}]",0,0
16025.385279,159,1,0,systemd-journal,ip-10-100-1-186,5,fstat,2,0,"[{'name': 'fd', 'type': 'int', 'value': 34}, {'name': 'statbuf', 'type': 'struct stat*', 'value': '0x558C39ED0EA8'}]",0,0
16025.385362,159,1,0,systemd-journal,ip-10-100-1-186,257,openat,4,-2,"[{'name': 'dirfd', 'type': 'int', 'value': -100}, {'name': 'pathname', 'type': 'const char*', 'value': '/var/log/journal/cd4bbb49080545c3aed82cc00b5f152b/fss'}, {'name': 'flags', 'type': 'unsigned int', 'value': 'O_RDWR|O_NOCTTY|O_CLOEXEC'}, {'name': 'mode', 'type': 'int', 'value': 154005284}]",0,0
16025.400453,506,1,104,rs:main Q:Reg,ip-10-100-1-186,62,kill,2,0,"[{'name': 'pid', 'type': 'pid_t', 'value': 506}, {'name': 'sig', 'type': 'int', 'value': 22}]",0,0
16025.400607,506,1,104,rs:main Q:Reg,ip-10-100-1-186,62,kill,2,0,"[{'name': 'pid', 'type': 'pid_t', 'value': 506}, {'name': 'sig', 'type': 'int', 'value': 22}]",0,0
16025.400803,506,1,104,rs:main Q:Reg,ip-10-100-1-186,1003,cap_capable,1,0,"[{'name': 'cap', 'type': 'int', 'value': 'CAP_SYS_RESOURCE'}]",0,0
16025.400838,506,1,104,rs:main Q:Reg,ip-10-100-1-186,1003,cap_capable,1,0,"[{'name': 'cap', 'type': 'int', 'value': 'CAP_SYS_RESOURCE'}]",0,0
16025.408638,159,1,0,systemd-journal,ip-10-100-1-186,3,close,1,0,"[{'name': 'fd', 'type': 'int', 'value': 34}]",0,0
16025.408766,159,1,0,systemd-journal,ip-10-100-1-186,21,access,2,0,"[{'name': 'pathname', 'type': 'const char*', 'value': '/run/systemd/journal/flushed'}, {'name': 'mode', 'type': 'int', 'value': 'F_OK'}]",0,0
16025.408822,159,1,0,systemd-journal,ip-10-100-1-186,1005,security_file_open,4,0,"[{'name': 'pathname', 'type': 'const char*', 'value': '/var/log/journal/cd4bbb49080545c3aed82cc00b5f152b/system.journal'}, {'name': 'flags', 'type': 'unsigned int', 'value': 'O_RDWR|O_CREAT|O_NONBLOCK|O_LARGEFILE'}, {'name': 'dev', 'type': 'dev_t', 'value': 211812353}, {'name': 'inode', 'type': 'unsigned long', 'value': 274142}]",0,0
16025.408855,159,1,0,systemd-journal,ip-10-100-1-186,257,openat,4,34,"[{'name': 'dirfd', 'type': 'int', 'value': -100}, {'name': 'pathname', 'type': 'const char*', 'value': '/var/log/journal/cd4bbb49080545c3aed82cc00b5f152b/system.journal'}, {'name': 'flags', 'type': 'unsigned int', 'value': 'O_RDWR|O_CREAT|O_NONBLOCK|O_CLOEXEC'}, {'name': 'mode', 'type': 'int', 'value': 154005284}]",0,0
16025.408894,159,1,0,systemd-journal,ip-10-100-1-186,5,fstat,2,0,"[{'name': 'fd', 'type': 'int', 'value': 34}, {'name': 'statbuf', 'type': 'struct stat*', 'value': '0x558C39ED0EA8'}]",0,0
16025.408959,159,1,0,systemd-journal,ip-10-100-1-186,257,openat,4,-2,"[{'name': 'dirfd', 'type': 'int', 'value': -100}, {'name': 'pathname', 'type': 'const char*', 'value': '/var/log/journal/cd4bbb49080545c3aed82cc00b5f152b/fss'}, {'name': 'flags', 'type': 'unsigned int', 'value': 'O_RDWR|O_NOCTTY|O_CLOEXEC'}, {'name': 'mode', 'type': 'int', 'value': 154005284}]",0,0
16025.424173,506,1,104,rs:main Q:Reg,ip-10-100-1-186,62,kill,2,0,"[{'name': 'pid', 'type': 'pid_t', 'value': 506}, {'name': 'sig', 'type': 'int', 'value': 22}]",0,0
16025.424343,506,1,104,rs:main Q:Reg,ip-10-100-1-186,62,kill,2,0,"[{'name': 'pid', 'type': 'pid_t', 'value': 506}, {'name': 'sig', 'type': 'int', 'value': 22}]",0,0
16025.424454,506,1,104,rs:main Q:Reg,ip-10-100-1-186,1003,cap_capable,1,0,"[{'name': 'cap', 'type': 'int', 'value': 'CAP_SYS_RESOURCE'}]",0,0
16025.424569,506,1,104,rs:main Q:Reg,ip-10-100-1-186,1003,cap_capable,1,0,"[{'name': 'cap', 'type': 'int', 'value': 'CAP_SYS_RESOURCE'}]",0,0
16025.432324,159,1,0,systemd-journal,ip-10-100-1-186,3,close,1,0,"[{'name': 'fd', 'type': 'int', 'value': 34}]",0,0
16025.434728,159,1,0,systemd-journal,ip-10-100-1-186,1005,security_file_open,4,0,"[{'name': 'pathname', 'type': 'const char*', 'value': '/proc/506/comm'}, {'name': 'flags', 'type': 'unsigned int', 'value': 'O_RDONLY|O_LARGEFILE'}, {'name': 'dev', 'type': 'dev_t', 'value': 5}, {'name': 'inode', 'type': 'unsigned long', 'value': 155641}]",0,0
16025.434764,159,1,0,systemd-journal,ip-10-100-1-186,257,openat,4,34,"[{'name': 'dirfd', 'type': 'int', 'value': -100}, {'name': 'pathname', 'type': 'const char*', 'value': '/proc/506/comm'}, {'name': 'flags', 'type': 'unsigned int', 'value': 'O_RDONLY|O_CLOEXEC'}, {'name': 'mode', 'type': 'int', 'value': 154005284}]",0,0
16025.434792,159,1,0,systemd-journal,ip-10-100-1-186,5,fstat,2,0,"[{'name': 'fd', 'type': 'int', 'value': 34}, {'name': 'statbuf', 'type': 'struct stat*', 'value': '0x7FFDB7C1DB40'}]",0,0
16025.434836,159,1,0,systemd-journal,ip-10-100-1-186,3,close,1,0,"[{'name': 'fd', 'type': 'int', 'value': 34}]",0,0
16025.434874,159,1,0,systemd-journal,ip-10-100-1-186,1003,cap_capable,1,0,"[{'name': 'cap', 'type': 'int', 'value': 'CAP_SYS_PTRACE'}]",0,0
16025.434906,159,1,0,systemd-journal,ip-10-100-1-186,1003,cap_capable,1,0,"[{'name': 'cap', 'type': 'int', 'value': 'CAP_SYS_PTRACE'}]",0,0
16025.434948,159,1,0,systemd-journal,ip-10-100-1-186,1005,security_file_open,4,0,"[{'name': 'pathname', 'type': 'const char*', 'value': '/proc/506/cmdline'}, {'name': 'flags', 'type': 'unsigned int', 'value': 'O_RDONLY|O_LARGEFILE'}, {'name': 'dev', 'type': 'dev_t', 'value': 5}, {'name': 'inode', 'type': 'unsigned long', 'value': 155643}]",0,0
16025.434975,159,1,0,systemd-journal,ip-10-100-1-186,257,openat,4,34,"[{'name': 'dirfd', 'type': 'int', 'value': -100}, {'name': 'pathname', 'type': 'const char*', 'value': '/proc/506/cmdline'}, {'name': 'flags', 'type': 'unsigned int', 'value': 'O_RDONLY|O_CLOEXEC'}, {'name': 'mode', 'type': 'int', 'value': 154005284}]",0,0
16025.434999,159,1,0,systemd-journal,ip-10-100-1-186,5,fstat,2,0,"[{'name': 'fd', 'type': 'int', 'value': 34}, {'name': 'statbuf', 'type': 'struct stat*', 'value': '0x7FFDB7C1DBD0'}]",0,0
16025.435043,159,1,0,systemd-journal,ip-10-100-1-186,3,close,1,0,"[{'name': 'fd', 'type': 'int', 'value': 34}]",0,0
16025.435072,159,1,0,systemd-journal,ip-10-100-1-186,1005,security_file_open,4,0,"[{'name': 'pathname', 'type': 'const char*', 'value': '/proc/506/status'}, {'name': 'flags', 'type': 'unsigned int', 'value': 'O_RDONLY|O_LARGEFILE'}, {'name': 'dev', 'type': 'dev_t', 'value': 5}, {'name': 'inode', 'type': 'unsigned long', 'value': 155644}]",0,0
16025.435121,159,1,0,systemd-journal,ip-10-100-1-186,5,fstat,2,0,"[{'name': 'fd', 'type': 'int', 'value': 34}, {'name': 'statbuf', 'type': 'struct stat*', 'value': '0x7FFDB7C1DC40'}]",0,0
16025.435098,159,1,0,systemd-journal,ip-10-100-1-186,257,openat,4,34,"[{'name': 'dirfd', 'type': 'int', 'value': -100}, {'name': 'pathname', 'type': 'const char*', 'value': '/proc/506/status'}, {'name': 'flags', 'type': 'unsigned int', 'value': 'O_RDONLY|O_CLOEXEC'}, {'name': 'mode', 'type': 'int', 'value': 154005284}]",0,0
16025.435165,159,1,0,systemd-journal,ip-10-100-1-186,3,close,1,0,"[{'name': 'fd', 'type': 'int', 'value': 34}]",0,0
16025.435224,159,1,0,systemd-journal,ip-10-100-1-186,257,openat,4,34,"[{'name': 'dirfd', 'type': 'int', 'value': -100}, {'name': 'pathname', 'type': 'const char*', 'value': '/proc/506/attr/current'}, {'name': 'flags', 'type': 'unsigned int', 'value': 'O_RDONLY|O_CLOEXEC'}, {'name': 'mode', 'type': 'int', 'value': 154005284}]",0,0
16025.435257,159,1,0,systemd-journal,ip-10-100-1-186,3,close,1,0,"[{'name': 'fd', 'type': 'int', 'value': 34}]",0,0
16025.435285,159,1,0,systemd-journal,ip-10-100-1-186,1005,security_file_open,4,0,"[{'name': 'pathname', 'type': 'const char*', 'value': '/proc/506/sessionid'}, {'name': 'flags', 'type': 'unsigned int', 'value': 'O_RDONLY|O_LARGEFILE'}, {'name': 'dev', 'type': 'dev_t', 'value': 5}, {'name': 'inode', 'type': 'unsigned long', 'value': 155647}]",0,0
16025.435197,159,1,0,systemd-journal,ip-10-100-1-186,1005,security_file_open,4,0,"[{'name': 'pathname', 'type': 'const char*', 'value': '/proc/506/attr/current'}, {'name': 'flags', 'type': 'unsigned int', 'value': 'O_RDONLY|O_LARGEFILE'}, {'name': 'dev', 'type': 'dev_t', 'value': 5}, {'name': 'inode', 'type': 'unsigned long', 'value': 155646}]",0,0
16025.435311,159,1,0,systemd-journal,ip-10-100-1-186,257,openat,4,34,"[{'name': 'dirfd', 'type': 'int', 'value': -100}, {'name': 'pathname', 'type': 'const char*', 'value': '/proc/506/sessionid'}, {'name': 'flags', 'type': 'unsigned int', 'value': 'O_RDONLY|O_CLOEXEC'}, {'name': 'mode', 'type': 'int', 'value': 154005284}]",0,0
16025.435334,159,1,0,systemd-journal,ip-10-100-1-186,5,fstat,2,0,"[{'name': 'fd', 'type': 'int', 'value': 34}, {'name': 'statbuf', 'type': 'struct stat*', 'value': '0x7FFDB7C1DB30'}]",0,0
16025.435432,159,1,0,systemd-journal,ip-10-100-1-186,257,openat,4,34,"[{'name': 'dirfd', 'type': 'int', 'value': -100}, {'name': 'pathname', 'type': 'const char*', 'value': '/proc/506/loginuid'}, {'name': 'flags', 'type': 'unsigned int', 'value': 'O_RDONLY|O_CLOEXEC'}, {'name': 'mode', 'type': 'int', 'value': 154005284}]",0,0
16025.435488,159,1,0,systemd-journal,ip-10-100-1-186,3,close,1,0,"[{'name': 'fd', 'type': 'int', 'value': 34}]",0,0
16025.43538,159,1,0,systemd-journal,ip-10-100-1-186,3,close,1,0,"[{'name': 'fd', 'type': 'int', 'value': 34}]",0,0
16025.435454,159,1,0,systemd-journal,ip-10-100-1-186,5,fstat,2,0,"[{'name': 'fd', 'type': 'int', 'value': 34}, {'name': 'statbuf', 'type': 'struct stat*', 'value': '0x7FFDB7C1DB30'}]",0,0
16025.435407,159,1,0,systemd-journal,ip-10-100-1-186,1005,security_file_open,4,0,"[{'name': 'pathname', 'type': 'const char*', 'value': '/proc/506/loginuid'}, {'name': 'flags', 'type': 'unsigned int', 'value': 'O_RDONLY|O_LARGEFILE'}, {'name': 'dev', 'type': 'dev_t', 'value': 5}, {'name': 'inode', 'type': 'unsigned long', 'value': 155648}]",0,0
16025.435515,159,1,0,systemd-journal,ip-10-100-1-186,1005,security_file_open,4,0,"[{'name': 'pathname', 'type': 'const char*', 'value': '/proc/506/cgroup'}, {'name': 'flags', 'type': 'unsigned int', 'value': 'O_RDONLY|O_LARGEFILE'}, {'name': 'dev', 'type': 'dev_t', 'value': 5}, {'name': 'inode', 'type': 'unsigned long', 'value': 155649}]",0,0
16025.43554,159,1,0,systemd-journal,ip-10-100-1-186,257,openat,4,34,"[{'name': 'dirfd', 'type': 'int', 'value': -100}, {'name': 'pathname', 'type': 'const char*', 'value': '/proc/506/cgroup'}, {'name': 'flags', 'type': 'unsigned int', 'value': 'O_RDONLY|O_CLOEXEC'}, {'name': 'mode', 'type': 'int', 'value': 154005284}]",0,0
16025.442641,159,1,0,systemd-journal,ip-10-100-1-186,5,fstat,2,0,"[{'name': 'fd', 'type': 'int', 'value': 34}, {'name': 'statbuf', 'type': 'struct stat*', 'value': '0x7FFDB7C1DAD0'}]",0,0
16025.442853,159,1,0,systemd-journal,ip-10-100-1-186,257,openat,4,-2,"[{'name': 'dirfd', 'type': 'int', 'value': -100}, {'name': 'pathname', 'type': 'const char*', 'value': '/run/systemd/units/log-extra-fields:rsyslog.service'}, {'name': 'flags', 'type': 'unsigned int', 'value': 'O_RDONLY|O_CLOEXEC'}, {'name': 'mode', 'type': 'int', 'value': 154005284}]",0,0
16025.442909,159,1,0,systemd-journal,ip-10-100-1-186,1003,cap_capable,1,0,"[{'name': 'cap', 'type': 'int', 'value': 'CAP_SYS_ADMIN'}]",0,0
16025.442778,159,1,0,systemd-journal,ip-10-100-1-186,3,close,1,0,"[{'name': 'fd', 'type': 'int', 'value': 34}]",0,0
16025.442929,159,1,0,systemd-journal,ip-10-100-1-186,1003,cap_capable,1,0,"[{'name': 'cap', 'type': 'int', 'value': 'CAP_SETUID'}]",0,0
16025.443026,159,1,0,systemd-journal,ip-10-100-1-186,21,access,2,0,"[{'name': 'pathname', 'type': 'const char*', 'value': '/run/systemd/journal/flushed'}, {'name': 'mode', 'type': 'int', 'value': 'F_OK'}]",0,0
16025.44296,159,1,0,systemd-journal,ip-10-100-1-186,1003,cap_capable,1,0,"[{'name': 'cap', 'type': 'int', 'value': 'CAP_SETGID'}]",0,0
16025.443067,159,1,0,systemd-journal,ip-10-100-1-186,1005,security_file_open,4,0,"[{'name': 'pathname', 'type': 'const char*', 'value': '/var/log/journal/cd4bbb49080545c3aed82cc00b5f152b/system.journal'}, {'name': 'flags', 'type': 'unsigned int', 'value': 'O_RDWR|O_CREAT|O_NONBLOCK|O_LARGEFILE'}, {'name': 'dev', 'type': 'dev_t', 'value': 211812353}, {'name': 'inode', 'type': 'unsigned long', 'value': 274142}]",0,0
16025.443099,159,1,0,systemd-journal,ip-10-100-1-186,257,openat,4,34,"[{'name': 'dirfd', 'type': 'int', 'value': -100}, {'name': 'pathname', 'type': 'const char*', 'value': '/var/log/journal/cd4bbb49080545c3aed82cc00b5f152b/system.journal'}, {'name': 'flags', 'type': 'unsigned int', 'value': 'O_RDWR|O_CREAT|O_NONBLOCK|O_CLOEXEC'}, {'name': 'mode', 'type': 'int', 'value': 154005284}]",0,0
16025.443136,159,1,0,systemd-journal,ip-10-100-1-186,5,fstat,2,0,"[{'name': 'fd', 'type': 'int', 'value': 34}, {'name': 'statbuf', 'type': 'struct stat*', 'value': '0x558C39ED0EA8'}]",0,0
16025.443201,159,1,0,systemd-journal,ip-10-100-1-186,257,openat,4,-2,"[{'name': 'dirfd', 'type': 'int', 'value': -100}, {'name': 'pathname', 'type': 'const char*', 'value': '/var/log/journal/cd4bbb49080545c3aed82cc00b5f152b/fss'}, {'name': 'flags', 'type': 'unsigned int', 'value': 'O_RDWR|O_NOCTTY|O_CLOEXEC'}, {'name': 'mode', 'type': 'int', 'value': 154005284}]",0,0
16025.450944,506,1,104,rs:main Q:Reg,ip-10-100-1-186,62,kill,2,0,"[{'name': 'pid', 'type': 'pid_t', 'value': 506}, {'name': 'sig', 'type': 'int', 'value': 22}]",0,0
16025.451099,506,1,104,rs:main Q:Reg,ip-10-100-1-186,62,kill,2,0,"[{'name': 'pid', 'type': 'pid_t', 'value': 506}, {'name': 'sig', 'type': 'int', 'value': 22}]",0,0
16025.45123,506,1,104,rs:main Q:Reg,ip-10-100-1-186,1003,cap_capable,1,0,"[{'name': 'cap', 'type': 'int', 'value': 'CAP_SYS_RESOURCE'}]",0,0
16025.451263,506,1,104,rs:main Q:Reg,ip-10-100-1-186,1003,cap_capable,1,0,"[{'name': 'cap', 'type': 'int', 'value': 'CAP_SYS_RESOURCE'}]",0,0
16025.466287,159,1,0,systemd-journal,ip-10-100-1-186,3,close,1,0,"[{'name': 'fd', 'type': 'int', 'value': 34}]",0,0
16025.466397,159,1,0,systemd-journal,ip-10-100-1-186,21,access,2,0,"[{'name': 'pathname', 'type': 'const char*', 'value': '/run/systemd/journal/flushed'}, {'name': 'mode', 'type': 'int', 'value': 'F_OK'}]",0,0
16025.46651,159,1,0,systemd-journal,ip-10-100-1-186,257,openat,4,34,"[{'name': 'dirfd', 'type': 'int', 'value': -100}, {'name': 'pathname', 'type': 'const char*', 'value': '/var/log/journal/cd4bbb49080545c3aed82cc00b5f152b/system.journal'}, {'name': 'flags', 'type': 'unsigned int', 'value': 'O_RDWR|O_CREAT|O_NONBLOCK|O_CLOEXEC'}, {'name': 'mode', 'type': 'int', 'value': 154005284}]",0,0
16025.466476,159,1,0,systemd-journal,ip-10-100-1-186,1005,security_file_open,4,0,"[{'name': 'pathname', 'type': 'const char*', 'value': '/var/log/journal/cd4bbb49080545c3aed82cc00b5f152b/system.journal'}, {'name': 'flags', 'type': 'unsigned int', 'value': 'O_RDWR|O_CREAT|O_NONBLOCK|O_LARGEFILE'}, {'name': 'dev', 'type': 'dev_t', 'value': 211812353}, {'name': 'inode', 'type': 'unsigned long', 'value': 274142}]",0,0
16025.466549,159,1,0,systemd-journal,ip-10-100-1-186,5,fstat,2,0,"[{'name': 'fd', 'type': 'int', 'value': 34}, {'name': 'statbuf', 'type': 'struct stat*', 'value': '0x558C39ED0EA8'}]",0,0
16025.466698,159,1,0,systemd-journal,ip-10-100-1-186,257,openat,4,-2,"[{'name': 'dirfd', 'type': 'int', 'value': -100}, {'name': 'pathname', 'type': 'const char*', 'value': '/var/log/journal/cd4bbb49080545c3aed82cc00b5f152b/fss'}, {'name': 'flags', 'type': 'unsigned int', 'value': 'O_RDWR|O_NOCTTY|O_CLOEXEC'}, {'name': 'mode', 'type': 'int', 'value': 154005284}]",0,0
16025.474945,506,1,104,rs:main Q:Reg,ip-10-100-1-186,62,kill,2,0,"[{'name': 'pid', 'type': 'pid_t', 'value': 506}, {'name': 'sig', 'type': 'int', 'value': 22}]",0,0
16025.474764,506,1,104,rs:main Q:Reg,ip-10-100-1-186,62,kill,2,0,"[{'name': 'pid', 'type': 'pid_t', 'value': 506}, {'name': 'sig', 'type': 'int', 'value': 22}]",0,0
16025.475077,506,1,104,rs:main Q:Reg,ip-10-100-1-186,1003,cap_capable,1,0,"[{'name': 'cap', 'type': 'int', 'value': 'CAP_SYS_RESOURCE'}]",0,0
16025.475108,506,1,104,rs:main Q:Reg,ip-10-100-1-186,1003,cap_capable,1,0,"[{'name': 'cap', 'type': 'int', 'value': 'CAP_SYS_RESOURCE'}]",0,0
16025.489487,159,1,0,systemd-journal,ip-10-100-1-186,3,close,1,0,"[{'name': 'fd', 'type': 'int', 'value': 34}]",0,0
16025.489988,159,1,0,systemd-journal,ip-10-100-1-186,1005,security_file_open,4,0,"[{'name': 'pathname', 'type': 'const char*', 'value': '/proc/4170/status'}, {'name': 'flags', 'type': 'unsigned int', 'value': 'O_RDONLY|O_LARGEFILE'}, {'name': 'dev', 'type': 'dev_t', 'value': 5}, {'name': 'inode', 'type': 'unsigned long', 'value': 155631}]",0,0
16025.490027,159,1,0,systemd-journal,ip-10-100-1-186,257,openat,4,34,"[{'name': 'dirfd', 'type': 'int', 'value': -100}, {'name': 'pathname', 'type': 'const char*', 'value': '/proc/4170/status'}, {'name': 'flags', 'type': 'unsigned int', 'value': 'O_RDONLY|O_CLOEXEC'}, {'name': 'mode', 'type': 'int', 'value': 154005284}]",0,0
16025.490055,159,1,0,systemd-journal,ip-10-100-1-186,5,fstat,2,0,"[{'name': 'fd', 'type': 'int', 'value': 34}, {'name': 'statbuf', 'type': 'struct stat*', 'value': '0x7FFDB7C1DE20'}]",0,0
16025.490177,159,1,0,systemd-journal,ip-10-100-1-186,3,close,1,0,"[{'name': 'fd', 'type': 'int', 'value': 34}]",0,0
16025.490209,159,1,0,systemd-journal,ip-10-100-1-186,1005,security_file_open,4,0,"[{'name': 'pathname', 'type': 'const char*', 'value': '/proc/4170/status'}, {'name': 'flags', 'type': 'unsigned int', 'value': 'O_RDONLY|O_LARGEFILE'}, {'name': 'dev', 'type': 'dev_t', 'value': 5}, {'name': 'inode', 'type': 'unsigned long', 'value': 155631}]",0,0
16025.490236,159,1,0,systemd-journal,ip-10-100-1-186,257,openat,4,34,"[{'name': 'dirfd', 'type': 'int', 'value': -100}, {'name': 'pathname', 'type': 'const char*', 'value': '/proc/4170/status'}, {'name': 'flags', 'type': 'unsigned int', 'value': 'O_RDONLY|O_CLOEXEC'}, {'name': 'mode', 'type': 'int', 'value': 154005284}]",0,0
16025.490358,159,1,0,systemd-journal,ip-10-100-1-186,3,close,1,0,"[{'name': 'fd', 'type': 'int', 'value': 34}]",0,0
16025.490259,159,1,0,systemd-journal,ip-10-100-1-186,5,fstat,2,0,"[{'name': 'fd', 'type': 'int', 'value': 34}, {'name': 'statbuf', 'type': 'struct stat*', 'value': '0x7FFDB7C1DE20'}]",0,0
16025.490384,159,1,0,systemd-journal,ip-10-100-1-186,1005,security_file_open,4,0,"[{'name': 'pathname', 'type': 'const char*', 'value': '/proc/4170/comm'}, {'name': 'flags', 'type': 'unsigned int', 'value': 'O_RDONLY|O_LARGEFILE'}, {'name': 'dev', 'type': 'dev_t', 'value': 5}, {'name': 'inode', 'type': 'unsigned long', 'value': 155632}]",0,0
16025.490408,159,1,0,systemd-journal,ip-10-100-1-186,257,openat,4,34,"[{'name': 'dirfd', 'type': 'int', 'value': -100}, {'name': 'pathname', 'type': 'const char*', 'value': '/proc/4170/comm'}, {'name': 'flags', 'type': 'unsigned int', 'value': 'O_RDONLY|O_CLOEXEC'}, {'name': 'mode', 'type': 'int', 'value': 154005284}]",0,0
16025.490429,159,1,0,systemd-journal,ip-10-100-1-186,5,fstat,2,0,"[{'name': 'fd', 'type': 'int', 'value': 34}, {'name': 'statbuf', 'type': 'struct stat*', 'value': '0x7FFDB7C1DE20'}]",0,0
16025.490466,159,1,0,systemd-journal,ip-10-100-1-186,3,close,1,0,"[{'name': 'fd', 'type': 'int', 'value': 34}]",0,0
16025.490497,159,1,0,systemd-journal,ip-10-100-1-186,1003,cap_capable,1,0,"[{'name': 'cap', 'type': 'int', 'value': 'CAP_SYS_PTRACE'}]",0,0
16025.490535,159,1,0,systemd-journal,ip-10-100-1-186,1005,security_file_open,4,0,"[{'name': 'pathname', 'type': 'const char*', 'value': '/proc/4170/cmdline'}, {'name': 'flags', 'type': 'unsigned int', 'value': 'O_RDONLY|O_LARGEFILE'}, {'name': 'dev', 'type': 'dev_t', 'value': 5}, {'name': 'inode', 'type': 'unsigned long', 'value': 155634}]",0,0
16025.490586,159,1,0,systemd-journal,ip-10-100-1-186,257,openat,4,34,"[{'name': 'dirfd', 'type': 'int', 'value': -100}, {'name': 'pathname', 'type': 'const char*', 'value': '/proc/4170/cmdline'}, {'name': 'flags', 'type': 'unsigned int', 'value': 'O_RDONLY|O_CLOEXEC'}, {'name': 'mode', 'type': 'int', 'value': 154005284}]",0,0
16025.490693,159,1,0,systemd-journal,ip-10-100-1-186,1005,security_file_open,4,0,"[{'name': 'pathname', 'type': 'const char*', 'value': '/proc/4170/status'}, {'name': 'flags', 'type': 'unsigned int', 'value': 'O_RDONLY|O_LARGEFILE'}, {'name': 'dev', 'type': 'dev_t', 'value': 5}, {'name': 'inode', 'type': 'unsigned long', 'value': 155631}]",0,0
16025.490741,159,1,0,systemd-journal,ip-10-100-1-186,5,fstat,2,0,"[{'name': 'fd', 'type': 'int', 'value': 34}, {'name': 'statbuf', 'type': 'struct stat*', 'value': '0x7FFDB7C1DF20'}]",0,0
16025.490611,159,1,0,systemd-journal,ip-10-100-1-186,5,fstat,2,0,"[{'name': 'fd', 'type': 'int', 'value': 34}, {'name': 'statbuf', 'type': 'struct stat*', 'value': '0x7FFDB7C1DEB0'}]",0,0
16025.490654,159,1,0,systemd-journal,ip-10-100-1-186,3,close,1,0,"[{'name': 'fd', 'type': 'int', 'value': 34}]",0,0
16025.490719,159,1,0,systemd-journal,ip-10-100-1-186,257,openat,4,34,"[{'name': 'dirfd', 'type': 'int', 'value': -100}, {'name': 'pathname', 'type': 'const char*', 'value': '/proc/4170/status'}, {'name': 'flags', 'type': 'unsigned int', 'value': 'O_RDONLY|O_CLOEXEC'}, {'name': 'mode', 'type': 'int', 'value': 154005284}]",0,0
16025.49079,159,1,0,systemd-journal,ip-10-100-1-186,3,close,1,0,"[{'name': 'fd', 'type': 'int', 'value': 34}]",0,0
16025.490824,159,1,0,systemd-journal,ip-10-100-1-186,1005,security_file_open,4,0,"[{'name': 'pathname', 'type': 'const char*', 'value': '/proc/4170/attr/current'}, {'name': 'flags', 'type': 'unsigned int', 'value': 'O_RDONLY|O_LARGEFILE'}, {'name': 'dev', 'type': 'dev_t', 'value': 5}, {'name': 'inode', 'type': 'unsigned long', 'value': 155636}]",0,0
16025.490851,159,1,0,systemd-journal,ip-10-100-1-186,257,openat,4,34,"[{'name': 'dirfd', 'type': 'int', 'value': -100}, {'name': 'pathname', 'type': 'const char*', 'value': '/proc/4170/attr/current'}, {'name': 'flags', 'type': 'unsigned int', 'value': 'O_RDONLY|O_CLOEXEC'}, {'name': 'mode', 'type': 'int', 'value': 154005284}]",0,0
16025.490883,159,1,0,systemd-journal,ip-10-100-1-186,3,close,1,0,"[{'name': 'fd', 'type': 'int', 'value': 34}]",0,0
16025.490912,159,1,0,systemd-journal,ip-10-100-1-186,1005,security_file_open,4,0,"[{'name': 'pathname', 'type': 'const char*', 'value': '/proc/4170/sessionid'}, {'name': 'flags', 'type': 'unsigned int', 'value': 'O_RDONLY|O_LARGEFILE'}, {'name': 'dev', 'type': 'dev_t', 'value': 5}, {'name': 'inode', 'type': 'unsigned long', 'value': 155637}]",0,0
16025.49094,159,1,0,systemd-journal,ip-10-100-1-186,257,openat,4,34,"[{'name': 'dirfd', 'type': 'int', 'value': -100}, {'name': 'pathname', 'type': 'const char*', 'value': '/proc/4170/sessionid'}, {'name': 'flags', 'type': 'unsigned int', 'value': 'O_RDONLY|O_CLOEXEC'}, {'name': 'mode', 'type': 'int', 'value': 154005284}]",0,0
16025.490965,159,1,0,systemd-journal,ip-10-100-1-186,5,fstat,2,0,"[{'name': 'fd', 'type': 'int', 'value': 34}, {'name': 'statbuf', 'type': 'struct stat*', 'value': '0x7FFDB7C1DE10'}]",0,0
16025.491,159,1,0,systemd-journal,ip-10-100-1-186,3,close,1,0,"[{'name': 'fd', 'type': 'int', 'value': 34}]",0,0
16025.491027,159,1,0,systemd-journal,ip-10-100-1-186,1005,security_file_open,4,0,"[{'name': 'pathname', 'type': 'const char*', 'value': '/proc/4170/loginuid'}, {'name': 'flags', 'type': 'unsigned int', 'value': 'O_RDONLY|O_LARGEFILE'}, {'name': 'dev', 'type': 'dev_t', 'value': 5}, {'name': 'inode', 'type': 'unsigned long', 'value': 155638}]",0,0
16025.491064,159,1,0,systemd-journal,ip-10-100-1-186,257,openat,4,34,"[{'name': 'dirfd', 'type': 'int', 'value': -100}, {'name': 'pathname', 'type': 'const char*', 'value': '/proc/4170/loginuid'}, {'name': 'flags', 'type': 'unsigned int', 'value': 'O_RDONLY|O_CLOEXEC'}, {'name': 'mode', 'type': 'int', 'value': 154005284}]",0,0
16025.491087,159,1,0,systemd-journal,ip-10-100-1-186,5,fstat,2,0,"[{'name': 'fd', 'type': 'int', 'value': 34}, {'name': 'statbuf', 'type': 'struct stat*', 'value': '0x7FFDB7C1DE10'}]",0,0
16025.491121,159,1,0,systemd-journal,ip-10-100-1-186,3,close,1,0,"[{'name': 'fd', 'type': 'int', 'value': 34}]",0,0
16025.491148,159,1,0,systemd-journal,ip-10-100-1-186,1005,security_file_open,4,0,"[{'name': 'pathname', 'type': 'const char*', 'value': '/proc/4170/cgroup'}, {'name': 'flags', 'type': 'unsigned int', 'value': 'O_RDONLY|O_LARGEFILE'}, {'name': 'dev', 'type': 'dev_t', 'value': 5}, {'name': 'inode', 'type': 'unsigned long', 'value': 155639}]",0,0
16025.491174,159,1,0,systemd-journal,ip-10-100-1-186,257,openat,4,34,"[{'name': 'dirfd', 'type': 'int', 'value': -100}, {'name': 'pathname', 'type': 'const char*', 'value': '/proc/4170/cgroup'}, {'name': 'flags', 'type': 'unsigned int', 'value': 'O_RDONLY|O_CLOEXEC'}, {'name': 'mode', 'type': 'int', 'value': 154005284}]",0,0
16025.491208,159,1,0,systemd-journal,ip-10-100-1-186,5,fstat,2,0,"[{'name': 'fd', 'type': 'int', 'value': 34}, {'name': 'statbuf', 'type': 'struct stat*', 'value': '0x7FFDB7C1DDB0'}]",0,0
16025.491339,159,1,0,systemd-journal,ip-10-100-1-186,3,close,1,0,"[{'name': 'fd', 'type': 'int', 'value': 34}]",0,0
16025.491403,159,1,0,systemd-journal,ip-10-100-1-186,257,openat,4,-2,"[{'name': 'dirfd', 'type': 'int', 'value': -100}, {'name': 'pathname', 'type': 'const char*', 'value': '/run/systemd/units/log-extra-fields:docker.service'}, {'name': 'flags', 'type': 'unsigned int', 'value': 'O_RDONLY|O_CLOEXEC'}, {'name': 'mode', 'type': 'int', 'value': 154005284}]",0,0
16025.491464,159,1,0,systemd-journal,ip-10-100-1-186,1003,cap_capable,1,0,"[{'name': 'cap', 'type': 'int', 'value': 'CAP_SYS_ADMIN'}]",0,0
16025.491526,159,1,0,systemd-journal,ip-10-100-1-186,21,access,2,0,"[{'name': 'pathname', 'type': 'const char*', 'value': '/run/systemd/journal/flushed'}, {'name': 'mode', 'type': 'int', 'value': 'F_OK'}]",0,0
16025.491564,159,1,0,systemd-journal,ip-10-100-1-186,1005,security_file_open,4,0,"[{'name': 'pathname', 'type': 'const char*', 'value': '/var/log/journal/cd4bbb49080545c3aed82cc00b5f152b/system.journal'}, {'name': 'flags', 'type': 'unsigned int', 'value': 'O_RDWR|O_CREAT|O_NONBLOCK|O_LARGEFILE'}, {'name': 'dev', 'type': 'dev_t', 'value': 211812353}, {'name': 'inode', 'type': 'unsigned long', 'value': 274142}]",0,0
16025.491603,159,1,0,systemd-journal,ip-10-100-1-186,257,openat,4,34,"[{'name': 'dirfd', 'type': 'int', 'value': -100}, {'name': 'pathname', 'type': 'const char*', 'value': '/var/log/journal/cd4bbb49080545c3aed82cc00b5f152b/system.journal'}, {'name': 'flags', 'type': 'unsigned int', 'value': 'O_RDWR|O_CREAT|O_NONBLOCK|O_CLOEXEC'}, {'name': 'mode', 'type': 'int', 'value': 154005284}]",0,0
16025.491701,159,1,0,systemd-journal,ip-10-100-1-186,5,fstat,2,0,"[{'name': 'fd', 'type': 'int', 'value': 34}, {'name': 'statbuf', 'type': 'struct stat*', 'value': '0x558C39ED0EA8'}]",0,0
16025.499831,506,1,104,rs:main Q:Reg,ip-10-100-1-186,62,kill,2,0,"[{'name': 'pid', 'type': 'pid_t', 'value': 506}, {'name': 'sig', 'type': 'int', 'value': 22}]",0,0
16025.491789,159,1,0,systemd-journal,ip-10-100-1-186,257,openat,4,-2,"[{'name': 'dirfd', 'type': 'int', 'value': -100}, {'name': 'pathname', 'type': 'const char*', 'value': '/var/log/journal/cd4bbb49080545c3aed82cc00b5f152b/fss'}, {'name': 'flags', 'type': 'unsigned int', 'value': 'O_RDWR|O_NOCTTY|O_CLOEXEC'}, {'name': 'mode', 'type': 'int', 'value': 154005284}]",0,0
16025.499974,506,1,104,rs:main Q:Reg,ip-10-100-1-186,62,kill,2,0,"[{'name': 'pid', 'type': 'pid_t', 'value': 506}, {'name': 'sig', 'type': 'int', 'value': 22}]",0,0
16025.500074,506,1,104,rs:main Q:Reg,ip-10-100-1-186,1003,cap_capable,1,0,"[{'name': 'cap', 'type': 'int', 'value': 'CAP_SYS_RESOURCE'}]",0,0
16025.500117,506,1,104,rs:main Q:Reg,ip-10-100-1-186,1003,cap_capable,1,0,"[{'name': 'cap', 'type': 'int', 'value': 'CAP_SYS_RESOURCE'}]",0,0
16025.515046,159,1,0,systemd-journal,ip-10-100-1-186,3,close,1,0,"[{'name': 'fd', 'type': 'int', 'value': 34}]",0,0
16025.515205,159,1,0,systemd-journal,ip-10-100-1-186,21,access,2,0,"[{'name': 'pathname', 'type': 'const char*', 'value': '/run/systemd/journal/flushed'}, {'name': 'mode', 'type': 'int', 'value': 'F_OK'}]",0,0
16025.515257,159,1,0,systemd-journal,ip-10-100-1-186,1005,security_file_open,4,0,"[{'name': 'pathname', 'type': 'const char*', 'value': '/var/log/journal/cd4bbb49080545c3aed82cc00b5f152b/system.journal'}, {'name': 'flags', 'type': 'unsigned int', 'value': 'O_RDWR|O_CREAT|O_NONBLOCK|O_LARGEFILE'}, {'name': 'dev', 'type': 'dev_t', 'value': 211812353}, {'name': 'inode', 'type': 'unsigned long', 'value': 274142}]",0,0
16025.51529,159,1,0,systemd-journal,ip-10-100-1-186,257,openat,4,34,"[{'name': 'dirfd', 'type': 'int', 'value': -100}, {'name': 'pathname', 'type': 'const char*', 'value': '/var/log/journal/cd4bbb49080545c3aed82cc00b5f152b/system.journal'}, {'name': 'flags', 'type': 'unsigned int', 'value': 'O_RDWR|O_CREAT|O_NONBLOCK|O_CLOEXEC'}, {'name': 'mode', 'type': 'int', 'value': 154005284}]",0,0
16025.515329,159,1,0,systemd-journal,ip-10-100-1-186,5,fstat,2,0,"[{'name': 'fd', 'type': 'int', 'value': 34}, {'name': 'statbuf', 'type': 'struct stat*', 'value': '0x558C39ED0EA8'}]",0,0
16025.515397,159,1,0,systemd-journal,ip-10-100-1-186,257,openat,4,-2,"[{'name': 'dirfd', 'type': 'int', 'value': -100}, {'name': 'pathname', 'type': 'const char*', 'value': '/var/log/journal/cd4bbb49080545c3aed82cc00b5f152b/fss'}, {'name': 'flags', 'type': 'unsigned int', 'value': 'O_RDWR|O_NOCTTY|O_CLOEXEC'}, {'name': 'mode', 'type': 'int', 'value': 154005284}]",0,0
16025.515556,506,1,104,rs:main Q:Reg,ip-10-100-1-186,62,kill,2,0,"[{'name': 'pid', 'type': 'pid_t', 'value': 506}, {'name': 'sig', 'type': 'int', 'value': 22}]",0,0
16025.52349,506,1,104,rs:main Q:Reg,ip-10-100-1-186,62,kill,2,0,"[{'name': 'pid', 'type': 'pid_t', 'value': 506}, {'name': 'sig', 'type': 'int', 'value': 22}]",0,0
16025.523606,506,1,104,rs:main Q:Reg,ip-10-100-1-186,1003,cap_capable,1,0,"[{'name': 'cap', 'type': 'int', 'value': 'CAP_SYS_RESOURCE'}]",0,0
16025.523679,506,1,104,rs:main Q:Reg,ip-10-100-1-186,1003,cap_capable,1,0,"[{'name': 'cap', 'type': 'int', 'value': 'CAP_SYS_RESOURCE'}]",0,0
16025.545872,159,1,0,systemd-journal,ip-10-100-1-186,3,close,1,0,"[{'name': 'fd', 'type': 'int', 'value': 34}]",0,0
16025.546082,159,1,0,systemd-journal,ip-10-100-1-186,1003,cap_capable,1,0,"[{'name': 'cap', 'type': 'int', 'value': 'CAP_SYS_ADMIN'}]",0,0
16025.546184,159,1,0,systemd-journal,ip-10-100-1-186,21,access,2,0,"[{'name': 'pathname', 'type': 'const char*', 'value': '/run/systemd/journal/flushed'}, {'name': 'mode', 'type': 'int', 'value': 'F_OK'}]",0,0
16025.546233,159,1,0,systemd-journal,ip-10-100-1-186,1005,security_file_open,4,0,"[{'name': 'pathname', 'type': 'const char*', 'value': '/var/log/journal/cd4bbb49080545c3aed82cc00b5f152b/system.journal'}, {'name': 'flags', 'type': 'unsigned int', 'value': 'O_RDWR|O_CREAT|O_NONBLOCK|O_LARGEFILE'}, {'name': 'dev', 'type': 'dev_t', 'value': 211812353}, {'name': 'inode', 'type': 'unsigned long', 'value': 274142}]",0,0
16025.546267,159,1,0,systemd-journal,ip-10-100-1-186,257,openat,4,34,"[{'name': 'dirfd', 'type': 'int', 'value': -100}, {'name': 'pathname', 'type': 'const char*', 'value': '/var/log/journal/cd4bbb49080545c3aed82cc00b5f152b/system.journal'}, {'name': 'flags', 'type': 'unsigned int', 'value': 'O_RDWR|O_CREAT|O_NONBLOCK|O_CLOEXEC'}, {'name': 'mode', 'type': 'int', 'value': 154005284}]",0,0
16025.546495,506,1,104,rs:main Q:Reg,ip-10-100-1-186,62,kill,2,0,"[{'name': 'pid', 'type': 'pid_t', 'value': 506}, {'name': 'sig', 'type': 'int', 'value': 22}]",0,0
16025.546653,506,1,104,rs:main Q:Reg,ip-10-100-1-186,62,kill,2,0,"[{'name': 'pid', 'type': 'pid_t', 'value': 506}, {'name': 'sig', 'type': 'int', 'value': 22}]",0,0
16025.546768,506,1,104,rs:main Q:Reg,ip-10-100-1-186,1003,cap_capable,1,0,"[{'name': 'cap', 'type': 'int', 'value': 'CAP_SYS_RESOURCE'}]",0,0
16025.546805,506,1,104,rs:main Q:Reg,ip-10-100-1-186,1003,cap_capable,1,0,"[{'name': 'cap', 'type': 'int', 'value': 'CAP_SYS_RESOURCE'}]",0,0
16025.554834,159,1,0,systemd-journal,ip-10-100-1-186,5,fstat,2,0,"[{'name': 'fd', 'type': 'int', 'value': 34}, {'name': 'statbuf', 'type': 'struct stat*', 'value': '0x558C39ED0EA8'}]",0,0
16025.554908,159,1,0,systemd-journal,ip-10-100-1-186,257,openat,4,-2,"[{'name': 'dirfd', 'type': 'int', 'value': -100}, {'name': 'pathname', 'type': 'const char*', 'value': '/var/log/journal/cd4bbb49080545c3aed82cc00b5f152b/fss'}, {'name': 'flags', 'type': 'unsigned int', 'value': 'O_RDWR|O_NOCTTY|O_CLOEXEC'}, {'name': 'mode', 'type': 'int', 'value': 154005284}]",0,0
16025.570019,159,1,0,systemd-journal,ip-10-100-1-186,3,close,1,0,"[{'name': 'fd', 'type': 'int', 'value': 34}]",0,0
16025.57014,159,1,0,systemd-journal,ip-10-100-1-186,21,access,2,0,"[{'name': 'pathname', 'type': 'const char*', 'value': '/run/systemd/journal/flushed'}, {'name': 'mode', 'type': 'int', 'value': 'F_OK'}]",0,0
16025.570192,159,1,0,systemd-journal,ip-10-100-1-186,1005,security_file_open,4,0,"[{'name': 'pathname', 'type': 'const char*', 'value': '/var/log/journal/cd4bbb49080545c3aed82cc00b5f152b/system.journal'}, {'name': 'flags', 'type': 'unsigned int', 'value': 'O_RDWR|O_CREAT|O_NONBLOCK|O_LARGEFILE'}, {'name': 'dev', 'type': 'dev_t', 'value': 211812353}, {'name': 'inode', 'type': 'unsigned long', 'value': 274142}]",0,0
16025.570226,159,1,0,systemd-journal,ip-10-100-1-186,257,openat,4,34,"[{'name': 'dirfd', 'type': 'int', 'value': -100}, {'name': 'pathname', 'type': 'const char*', 'value': '/var/log/journal/cd4bbb49080545c3aed82cc00b5f152b/system.journal'}, {'name': 'flags', 'type': 'unsigned int', 'value': 'O_RDWR|O_CREAT|O_NONBLOCK|O_CLOEXEC'}, {'name': 'mode', 'type': 'int', 'value': 154005284}]",0,0
16025.570265,159,1,0,systemd-journal,ip-10-100-1-186,5,fstat,2,0,"[{'name': 'fd', 'type': 'int', 'value': 34}, {'name': 'statbuf', 'type': 'struct stat*', 'value': '0x558C39ED0EA8'}]",0,0
16025.570334,159,1,0,systemd-journal,ip-10-100-1-186,257,openat,4,-2,"[{'name': 'dirfd', 'type': 'int', 'value': -100}, {'name': 'pathname', 'type': 'const char*', 'value': '/var/log/journal/cd4bbb49080545c3aed82cc00b5f152b/fss'}, {'name': 'flags', 'type': 'unsigned int', 'value': 'O_RDWR|O_NOCTTY|O_CLOEXEC'}, {'name': 'mode', 'type': 'int', 'value': 154005284}]",0,0
16025.578141,506,1,104,rs:main Q:Reg,ip-10-100-1-186,62,kill,2,0,"[{'name': 'pid', 'type': 'pid_t', 'value': 506}, {'name': 'sig', 'type': 'int', 'value': 22}]",0,0
16025.578279,506,1,104,rs:main Q:Reg,ip-10-100-1-186,62,kill,2,0,"[{'name': 'pid', 'type': 'pid_t', 'value': 506}, {'name': 'sig', 'type': 'int', 'value': 22}]",0,0
16025.578388,506,1,104,rs:main Q:Reg,ip-10-100-1-186,1003,cap_capable,1,0,"[{'name': 'cap', 'type': 'int', 'value': 'CAP_SYS_RESOURCE'}]",0,0
16025.578422,506,1,104,rs:main Q:Reg,ip-10-100-1-186,1003,cap_capable,1,0,"[{'name': 'cap', 'type': 'int', 'value': 'CAP_SYS_RESOURCE'}]",0,0
16025.593407,159,1,0,systemd-journal,ip-10-100-1-186,3,close,1,0,"[{'name': 'fd', 'type': 'int', 'value': 34}]",0,0
16025.593586,159,1,0,systemd-journal,ip-10-100-1-186,1003,cap_capable,1,0,"[{'name': 'cap', 'type': 'int', 'value': 'CAP_SYS_ADMIN'}]",0,0
16025.593718,159,1,0,systemd-journal,ip-10-100-1-186,1005,security_file_open,4,0,"[{'name': 'pathname', 'type': 'const char*', 'value': '/var/log/journal/cd4bbb49080545c3aed82cc00b5f152b/system.journal'}, {'name': 'flags', 'type': 'unsigned int', 'value': 'O_RDWR|O_CREAT|O_NONBLOCK|O_LARGEFILE'}, {'name': 'dev', 'type': 'dev_t', 'value': 211812353}, {'name': 'inode', 'type': 'unsigned long', 'value': 274142}]",0,0
16025.593662,159,1,0,systemd-journal,ip-10-100-1-186,21,access,2,0,"[{'name': 'pathname', 'type': 'const char*', 'value': '/run/systemd/journal/flushed'}, {'name': 'mode', 'type': 'int', 'value': 'F_OK'}]",0,0
16025.593751,159,1,0,systemd-journal,ip-10-100-1-186,257,openat,4,34,"[{'name': 'dirfd', 'type': 'int', 'value': -100}, {'name': 'pathname', 'type': 'const char*', 'value': '/var/log/journal/cd4bbb49080545c3aed82cc00b5f152b/system.journal'}, {'name': 'flags', 'type': 'unsigned int', 'value': 'O_RDWR|O_CREAT|O_NONBLOCK|O_CLOEXEC'}, {'name': 'mode', 'type': 'int', 'value': 154005284}]",0,0
16025.59379,159,1,0,systemd-journal,ip-10-100-1-186,5,fstat,2,0,"[{'name': 'fd', 'type': 'int', 'value': 34}, {'name': 'statbuf', 'type': 'struct stat*', 'value': '0x558C39ED0EA8'}]",0,0
16025.593856,159,1,0,systemd-journal,ip-10-100-1-186,257,openat,4,-2,"[{'name': 'dirfd', 'type': 'int', 'value': -100}, {'name': 'pathname', 'type': 'const char*', 'value': '/var/log/journal/cd4bbb49080545c3aed82cc00b5f152b/fss'}, {'name': 'flags', 'type': 'unsigned int', 'value': 'O_RDWR|O_NOCTTY|O_CLOEXEC'}, {'name': 'mode', 'type': 'int', 'value': 154005284}]",0,0
16025.601667,506,1,104,rs:main Q:Reg,ip-10-100-1-186,62,kill,2,0,"[{'name': 'pid', 'type': 'pid_t', 'value': 506}, {'name': 'sig', 'type': 'int', 'value': 22}]",0,0
16025.601788,506,1,104,rs:main Q:Reg,ip-10-100-1-186,62,kill,2,0,"[{'name': 'pid', 'type': 'pid_t', 'value': 506}, {'name': 'sig', 'type': 'int', 'value': 22}]",0,0
16025.601898,506,1,104,rs:main Q:Reg,ip-10-100-1-186,1003,cap_capable,1,0,"[{'name': 'cap', 'type': 'int', 'value': 'CAP_SYS_RESOURCE'}]",0,0
16025.601931,506,1,104,rs:main Q:Reg,ip-10-100-1-186,1003,cap_capable,1,0,"[{'name': 'cap', 'type': 'int', 'value': 'CAP_SYS_RESOURCE'}]",0,0
16025.616473,506,1,104,rs:main Q:Reg,ip-10-100-1-186,62,kill,2,0,"[{'name': 'pid', 'type': 'pid_t', 'value': 506}, {'name': 'sig', 'type': 'int', 'value': 22}]",0,0
16025.616604,506,1,104,rs:main Q:Reg,ip-10-100-1-186,62,kill,2,0,"[{'name': 'pid', 'type': 'pid_t', 'value': 506}, {'name': 'sig', 'type': 'int', 'value': 22}]",0,0
16025.616727,506,1,104,rs:main Q:Reg,ip-10-100-1-186,1003,cap_capable,1,0,"[{'name': 'cap', 'type': 'int', 'value': 'CAP_SYS_RESOURCE'}]",0,0
16025.616759,506,1,104,rs:main Q:Reg,ip-10-100-1-186,1003,cap_capable,1,0,"[{'name': 'cap', 'type': 'int', 'value': 'CAP_SYS_RESOURCE'}]",0,0
16025.625919,159,1,0,systemd-journal,ip-10-100-1-186,3,close,1,0,"[{'name': 'fd', 'type': 'int', 'value': 34}]",0,0
16025.62601,159,1,0,systemd-journal,ip-10-100-1-186,21,access,2,0,"[{'name': 'pathname', 'type': 'const char*', 'value': '/run/systemd/journal/flushed'}, {'name': 'mode', 'type': 'int', 'value': 'F_OK'}]",0,0
16025.626055,159,1,0,systemd-journal,ip-10-100-1-186,1005,security_file_open,4,0,"[{'name': 'pathname', 'type': 'const char*', 'value': '/var/log/journal/cd4bbb49080545c3aed82cc00b5f152b/system.journal'}, {'name': 'flags', 'type': 'unsigned int', 'value': 'O_RDWR|O_CREAT|O_NONBLOCK|O_LARGEFILE'}, {'name': 'dev', 'type': 'dev_t', 'value': 211812353}, {'name': 'inode', 'type': 'unsigned long', 'value': 274142}]",0,0
16025.626085,159,1,0,systemd-journal,ip-10-100-1-186,257,openat,4,34,"[{'name': 'dirfd', 'type': 'int', 'value': -100}, {'name': 'pathname', 'type': 'const char*', 'value': '/var/log/journal/cd4bbb49080545c3aed82cc00b5f152b/system.journal'}, {'name': 'flags', 'type': 'unsigned int', 'value': 'O_RDWR|O_CREAT|O_NONBLOCK|O_CLOEXEC'}, {'name': 'mode', 'type': 'int', 'value': 154005284}]",0,0
16025.626122,159,1,0,systemd-journal,ip-10-100-1-186,5,fstat,2,0,"[{'name': 'fd', 'type': 'int', 'value': 34}, {'name': 'statbuf', 'type': 'struct stat*', 'value': '0x558C39ED0EA8'}]",0,0
16025.626185,159,1,0,systemd-journal,ip-10-100-1-186,257,openat,4,-2,"[{'name': 'dirfd', 'type': 'int', 'value': -100}, {'name': 'pathname', 'type': 'const char*', 'value': '/var/log/journal/cd4bbb49080545c3aed82cc00b5f152b/fss'}, {'name': 'flags', 'type': 'unsigned int', 'value': 'O_RDWR|O_NOCTTY|O_CLOEXEC'}, {'name': 'mode', 'type': 'int', 'value': 154005284}]",0,0
16025.641407,506,1,104,rs:main Q:Reg,ip-10-100-1-186,62,kill,2,0,"[{'name': 'pid', 'type': 'pid_t', 'value': 506}, {'name': 'sig', 'type': 'int', 'value': 22}]",0,0
16025.641691,506,1,104,rs:main Q:Reg,ip-10-100-1-186,1003,cap_capable,1,0,"[{'name': 'cap', 'type': 'int', 'value': 'CAP_SYS_RESOURCE'}]",0,0
16025.641571,506,1,104,rs:main Q:Reg,ip-10-100-1-186,62,kill,2,0,"[{'name': 'pid', 'type': 'pid_t', 'value': 506}, {'name': 'sig', 'type': 'int', 'value': 22}]",0,0
16025.641729,506,1,104,rs:main Q:Reg,ip-10-100-1-186,1003,cap_capable,1,0,"[{'name': 'cap', 'type': 'int', 'value': 'CAP_SYS_RESOURCE'}]",0,0
16025.649469,159,1,0,systemd-journal,ip-10-100-1-186,3,close,1,0,"[{'name': 'fd', 'type': 'int', 'value': 34}]",0,0
16025.649966,159,1,0,systemd-journal,ip-10-100-1-186,1003,cap_capable,1,0,"[{'name': 'cap', 'type': 'int', 'value': 'CAP_SYS_ADMIN'}]",0,0
16025.650036,159,1,0,systemd-journal,ip-10-100-1-186,21,access,2,0,"[{'name': 'pathname', 'type': 'const char*', 'value': '/run/systemd/journal/flushed'}, {'name': 'mode', 'type': 'int', 'value': 'F_OK'}]",0,0
16025.650077,159,1,0,systemd-journal,ip-10-100-1-186,1005,security_file_open,4,0,"[{'name': 'pathname', 'type': 'const char*', 'value': '/var/log/journal/cd4bbb49080545c3aed82cc00b5f152b/system.journal'}, {'name': 'flags', 'type': 'unsigned int', 'value': 'O_RDWR|O_CREAT|O_NONBLOCK|O_LARGEFILE'}, {'name': 'dev', 'type': 'dev_t', 'value': 211812353}, {'name': 'inode', 'type': 'unsigned long', 'value': 274142}]",0,0
16025.650107,159,1,0,systemd-journal,ip-10-100-1-186,257,openat,4,34,"[{'name': 'dirfd', 'type': 'int', 'value': -100}, {'name': 'pathname', 'type': 'const char*', 'value': '/var/log/journal/cd4bbb49080545c3aed82cc00b5f152b/system.journal'}, {'name': 'flags', 'type': 'unsigned int', 'value': 'O_RDWR|O_CREAT|O_NONBLOCK|O_CLOEXEC'}, {'name': 'mode', 'type': 'int', 'value': 154005284}]",0,0
16025.650142,159,1,0,systemd-journal,ip-10-100-1-186,5,fstat,2,0,"[{'name': 'fd', 'type': 'int', 'value': 34}, {'name': 'statbuf', 'type': 'struct stat*', 'value': '0x558C39ED0EA8'}]",0,0
16025.650204,159,1,0,systemd-journal,ip-10-100-1-186,257,openat,4,-2,"[{'name': 'dirfd', 'type': 'int', 'value': -100}, {'name': 'pathname', 'type': 'const char*', 'value': '/var/log/journal/cd4bbb49080545c3aed82cc00b5f152b/fss'}, {'name': 'flags', 'type': 'unsigned int', 'value': 'O_RDWR|O_NOCTTY|O_CLOEXEC'}, {'name': 'mode', 'type': 'int', 'value': 154005284}]",0,0
16025.665397,506,1,104,rs:main Q:Reg,ip-10-100-1-186,62,kill,2,0,"[{'name': 'pid', 'type': 'pid_t', 'value': 506}, {'name': 'sig', 'type': 'int', 'value': 22}]",0,0
16025.66554,506,1,104,rs:main Q:Reg,ip-10-100-1-186,62,kill,2,0,"[{'name': 'pid', 'type': 'pid_t', 'value': 506}, {'name': 'sig', 'type': 'int', 'value': 22}]",0,0
16025.665676,506,1,104,rs:main Q:Reg,ip-10-100-1-186,1003,cap_capable,1,0,"[{'name': 'cap', 'type': 'int', 'value': 'CAP_SYS_RESOURCE'}]",0,0
16025.673443,159,1,0,systemd-journal,ip-10-100-1-186,3,close,1,0,"[{'name': 'fd', 'type': 'int', 'value': 34}]",0,0
16025.665716,506,1,104,rs:main Q:Reg,ip-10-100-1-186,1003,cap_capable,1,0,"[{'name': 'cap', 'type': 'int', 'value': 'CAP_SYS_RESOURCE'}]",0,0
16025.67354,159,1,0,systemd-journal,ip-10-100-1-186,21,access,2,0,"[{'name': 'pathname', 'type': 'const char*', 'value': '/run/systemd/journal/flushed'}, {'name': 'mode', 'type': 'int', 'value': 'F_OK'}]",0,0
16025.673589,159,1,0,systemd-journal,ip-10-100-1-186,1005,security_file_open,4,0,"[{'name': 'pathname', 'type': 'const char*', 'value': '/var/log/journal/cd4bbb49080545c3aed82cc00b5f152b/system.journal'}, {'name': 'flags', 'type': 'unsigned int', 'value': 'O_RDWR|O_CREAT|O_NONBLOCK|O_LARGEFILE'}, {'name': 'dev', 'type': 'dev_t', 'value': 211812353}, {'name': 'inode', 'type': 'unsigned long', 'value': 274142}]",0,0
16025.673622,159,1,0,systemd-journal,ip-10-100-1-186,257,openat,4,34,"[{'name': 'dirfd', 'type': 'int', 'value': -100}, {'name': 'pathname', 'type': 'const char*', 'value': '/var/log/journal/cd4bbb49080545c3aed82cc00b5f152b/system.journal'}, {'name': 'flags', 'type': 'unsigned int', 'value': 'O_RDWR|O_CREAT|O_NONBLOCK|O_CLOEXEC'}, {'name': 'mode', 'type': 'int', 'value': 154005284}]",0,0
16025.673661,159,1,0,systemd-journal,ip-10-100-1-186,5,fstat,2,0,"[{'name': 'fd', 'type': 'int', 'value': 34}, {'name': 'statbuf', 'type': 'struct stat*', 'value': '0x558C39ED0EA8'}]",0,0
16025.673726,159,1,0,systemd-journal,ip-10-100-1-186,257,openat,4,-2,"[{'name': 'dirfd', 'type': 'int', 'value': -100}, {'name': 'pathname', 'type': 'const char*', 'value': '/var/log/journal/cd4bbb49080545c3aed82cc00b5f152b/fss'}, {'name': 'flags', 'type': 'unsigned int', 'value': 'O_RDWR|O_NOCTTY|O_CLOEXEC'}, {'name': 'mode', 'type': 'int', 'value': 154005284}]",0,0
16025.688491,506,1,104,rs:main Q:Reg,ip-10-100-1-186,62,kill,2,0,"[{'name': 'pid', 'type': 'pid_t', 'value': 506}, {'name': 'sig', 'type': 'int', 'value': 22}]",0,0
16025.688639,506,1,104,rs:main Q:Reg,ip-10-100-1-186,62,kill,2,0,"[{'name': 'pid', 'type': 'pid_t', 'value': 506}, {'name': 'sig', 'type': 'int', 'value': 22}]",0,0
16025.695358,506,1,104,rs:main Q:Reg,ip-10-100-1-186,1003,cap_capable,1,0,"[{'name': 'cap', 'type': 'int', 'value': 'CAP_SYS_RESOURCE'}]",0,0
16025.695394,506,1,104,rs:main Q:Reg,ip-10-100-1-186,1003,cap_capable,1,0,"[{'name': 'cap', 'type': 'int', 'value': 'CAP_SYS_RESOURCE'}]",0,0
16025.703186,159,1,0,systemd-journal,ip-10-100-1-186,3,close,1,0,"[{'name': 'fd', 'type': 'int', 'value': 34}]",0,0
16025.703336,159,1,0,systemd-journal,ip-10-100-1-186,1003,cap_capable,1,0,"[{'name': 'cap', 'type': 'int', 'value': 'CAP_SYS_ADMIN'}]",0,0
16025.703412,159,1,0,systemd-journal,ip-10-100-1-186,21,access,2,0,"[{'name': 'pathname', 'type': 'const char*', 'value': '/run/systemd/journal/flushed'}, {'name': 'mode', 'type': 'int', 'value': 'F_OK'}]",0,0
16025.703458,159,1,0,systemd-journal,ip-10-100-1-186,1005,security_file_open,4,0,"[{'name': 'pathname', 'type': 'const char*', 'value': '/var/log/journal/cd4bbb49080545c3aed82cc00b5f152b/system.journal'}, {'name': 'flags', 'type': 'unsigned int', 'value': 'O_RDWR|O_CREAT|O_NONBLOCK|O_LARGEFILE'}, {'name': 'dev', 'type': 'dev_t', 'value': 211812353}, {'name': 'inode', 'type': 'unsigned long', 'value': 274142}]",0,0
16025.703491,159,1,0,systemd-journal,ip-10-100-1-186,257,openat,4,34,"[{'name': 'dirfd', 'type': 'int', 'value': -100}, {'name': 'pathname', 'type': 'const char*', 'value': '/var/log/journal/cd4bbb49080545c3aed82cc00b5f152b/system.journal'}, {'name': 'flags', 'type': 'unsigned int', 'value': 'O_RDWR|O_CREAT|O_NONBLOCK|O_CLOEXEC'}, {'name': 'mode', 'type': 'int', 'value': 154005284}]",0,0
16025.70353,159,1,0,systemd-journal,ip-10-100-1-186,5,fstat,2,0,"[{'name': 'fd', 'type': 'int', 'value': 34}, {'name': 'statbuf', 'type': 'struct stat*', 'value': '0x558C39ED0EA8'}]",0,0
16025.703607,159,1,0,systemd-journal,ip-10-100-1-186,257,openat,4,-2,"[{'name': 'dirfd', 'type': 'int', 'value': -100}, {'name': 'pathname', 'type': 'const char*', 'value': '/var/log/journal/cd4bbb49080545c3aed82cc00b5f152b/fss'}, {'name': 'flags', 'type': 'unsigned int', 'value': 'O_RDWR|O_NOCTTY|O_CLOEXEC'}, {'name': 'mode', 'type': 'int', 'value': 154005284}]",0,0
16025.718819,506,1,104,rs:main Q:Reg,ip-10-100-1-186,62,kill,2,0,"[{'name': 'pid', 'type': 'pid_t', 'value': 506}, {'name': 'sig', 'type': 'int', 'value': 22}]",0,0
16025.718664,506,1,104,rs:main Q:Reg,ip-10-100-1-186,62,kill,2,0,"[{'name': 'pid', 'type': 'pid_t', 'value': 506}, {'name': 'sig', 'type': 'int', 'value': 22}]",0,0
16025.71895,506,1,104,rs:main Q:Reg,ip-10-100-1-186,1003,cap_capable,1,0,"[{'name': 'cap', 'type': 'int', 'value': 'CAP_SYS_RESOURCE'}]",0,0
16025.718985,506,1,104,rs:main Q:Reg,ip-10-100-1-186,1003,cap_capable,1,0,"[{'name': 'cap', 'type': 'int', 'value': 'CAP_SYS_RESOURCE'}]",0,0
16025.726709,159,1,0,systemd-journal,ip-10-100-1-186,3,close,1,0,"[{'name': 'fd', 'type': 'int', 'value': 34}]",0,0
16025.726799,159,1,0,systemd-journal,ip-10-100-1-186,21,access,2,0,"[{'name': 'pathname', 'type': 'const char*', 'value': '/run/systemd/journal/flushed'}, {'name': 'mode', 'type': 'int', 'value': 'F_OK'}]",0,0
16025.726844,159,1,0,systemd-journal,ip-10-100-1-186,1005,security_file_open,4,0,"[{'name': 'pathname', 'type': 'const char*', 'value': '/var/log/journal/cd4bbb49080545c3aed82cc00b5f152b/system.journal'}, {'name': 'flags', 'type': 'unsigned int', 'value': 'O_RDWR|O_CREAT|O_NONBLOCK|O_LARGEFILE'}, {'name': 'dev', 'type': 'dev_t', 'value': 211812353}, {'name': 'inode', 'type': 'unsigned long', 'value': 274142}]",0,0
16025.726874,159,1,0,systemd-journal,ip-10-100-1-186,257,openat,4,34,"[{'name': 'dirfd', 'type': 'int', 'value': -100}, {'name': 'pathname', 'type': 'const char*', 'value': '/var/log/journal/cd4bbb49080545c3aed82cc00b5f152b/system.journal'}, {'name': 'flags', 'type': 'unsigned int', 'value': 'O_RDWR|O_CREAT|O_NONBLOCK|O_CLOEXEC'}, {'name': 'mode', 'type': 'int', 'value': 154005284}]",0,0
16025.726922,159,1,0,systemd-journal,ip-10-100-1-186,5,fstat,2,0,"[{'name': 'fd', 'type': 'int', 'value': 34}, {'name': 'statbuf', 'type': 'struct stat*', 'value': '0x558C39ED0EA8'}]",0,0
16025.727001,159,1,0,systemd-journal,ip-10-100-1-186,257,openat,4,-2,"[{'name': 'dirfd', 'type': 'int', 'value': -100}, {'name': 'pathname', 'type': 'const char*', 'value': '/var/log/journal/cd4bbb49080545c3aed82cc00b5f152b/fss'}, {'name': 'flags', 'type': 'unsigned int', 'value': 'O_RDWR|O_NOCTTY|O_CLOEXEC'}, {'name': 'mode', 'type': 'int', 'value': 154005284}]",0,0
16025.741671,506,1,104,rs:main Q:Reg,ip-10-100-1-186,62,kill,2,0,"[{'name': 'pid', 'type': 'pid_t', 'value': 506}, {'name': 'sig', 'type': 'int', 'value': 22}]",0,0
16025.741813,506,1,104,rs:main Q:Reg,ip-10-100-1-186,62,kill,2,0,"[{'name': 'pid', 'type': 'pid_t', 'value': 506}, {'name': 'sig', 'type': 'int', 'value': 22}]",0,0
16025.741928,506,1,104,rs:main Q:Reg,ip-10-100-1-186,1003,cap_capable,1,0,"[{'name': 'cap', 'type': 'int', 'value': 'CAP_SYS_RESOURCE'}]",0,0
16025.749676,159,1,0,systemd-journal,ip-10-100-1-186,3,close,1,0,"[{'name': 'fd', 'type': 'int', 'value': 34}]",0,0
16025.741962,506,1,104,rs:main Q:Reg,ip-10-100-1-186,1003,cap_capable,1,0,"[{'name': 'cap', 'type': 'int', 'value': 'CAP_SYS_RESOURCE'}]",0,0
16025.749817,159,1,0,systemd-journal,ip-10-100-1-186,1003,cap_capable,1,0,"[{'name': 'cap', 'type': 'int', 'value': 'CAP_SYS_ADMIN'}]",0,0
16025.74989,159,1,0,systemd-journal,ip-10-100-1-186,21,access,2,0,"[{'name': 'pathname', 'type': 'const char*', 'value': '/run/systemd/journal/flushed'}, {'name': 'mode', 'type': 'int', 'value': 'F_OK'}]",0,0
16025.749937,159,1,0,systemd-journal,ip-10-100-1-186,1005,security_file_open,4,0,"[{'name': 'pathname', 'type': 'const char*', 'value': '/var/log/journal/cd4bbb49080545c3aed82cc00b5f152b/system.journal'}, {'name': 'flags', 'type': 'unsigned int', 'value': 'O_RDWR|O_CREAT|O_NONBLOCK|O_LARGEFILE'}, {'name': 'dev', 'type': 'dev_t', 'value': 211812353}, {'name': 'inode', 'type': 'unsigned long', 'value': 274142}]",0,0
16025.74997,159,1,0,systemd-journal,ip-10-100-1-186,257,openat,4,34,"[{'name': 'dirfd', 'type': 'int', 'value': -100}, {'name': 'pathname', 'type': 'const char*', 'value': '/var/log/journal/cd4bbb49080545c3aed82cc00b5f152b/system.journal'}, {'name': 'flags', 'type': 'unsigned int', 'value': 'O_RDWR|O_CREAT|O_NONBLOCK|O_CLOEXEC'}, {'name': 'mode', 'type': 'int', 'value': 154005284}]",0,0
16025.750009,159,1,0,systemd-journal,ip-10-100-1-186,5,fstat,2,0,"[{'name': 'fd', 'type': 'int', 'value': 34}, {'name': 'statbuf', 'type': 'struct stat*', 'value': '0x558C39ED0EA8'}]",0,0
16025.750073,159,1,0,systemd-journal,ip-10-100-1-186,257,openat,4,-2,"[{'name': 'dirfd', 'type': 'int', 'value': -100}, {'name': 'pathname', 'type': 'const char*', 'value': '/var/log/journal/cd4bbb49080545c3aed82cc00b5f152b/fss'}, {'name': 'flags', 'type': 'unsigned int', 'value': 'O_RDWR|O_NOCTTY|O_CLOEXEC'}, {'name': 'mode', 'type': 'int', 'value': 154005284}]",0,0
16025.765017,506,1,104,rs:main Q:Reg,ip-10-100-1-186,62,kill,2,0,"[{'name': 'pid', 'type': 'pid_t', 'value': 506}, {'name': 'sig', 'type': 'int', 'value': 22}]",0,0
16025.765166,506,1,104,rs:main Q:Reg,ip-10-100-1-186,62,kill,2,0,"[{'name': 'pid', 'type': 'pid_t', 'value': 506}, {'name': 'sig', 'type': 'int', 'value': 22}]",0,0
16025.765284,506,1,104,rs:main Q:Reg,ip-10-100-1-186,1003,cap_capable,1,0,"[{'name': 'cap', 'type': 'int', 'value': 'CAP_SYS_RESOURCE'}]",0,0
16025.765321,506,1,104,rs:main Q:Reg,ip-10-100-1-186,1003,cap_capable,1,0,"[{'name': 'cap', 'type': 'int', 'value': 'CAP_SYS_RESOURCE'}]",0,0
16025.773155,159,1,0,systemd-journal,ip-10-100-1-186,3,close,1,0,"[{'name': 'fd', 'type': 'int', 'value': 34}]",0,0
16025.773278,159,1,0,systemd-journal,ip-10-100-1-186,21,access,2,0,"[{'name': 'pathname', 'type': 'const char*', 'value': '/run/systemd/journal/flushed'}, {'name': 'mode', 'type': 'int', 'value': 'F_OK'}]",0,0
16025.773351,159,1,0,systemd-journal,ip-10-100-1-186,1005,security_file_open,4,0,"[{'name': 'pathname', 'type': 'const char*', 'value': '/var/log/journal/cd4bbb49080545c3aed82cc00b5f152b/system.journal'}, {'name': 'flags', 'type': 'unsigned int', 'value': 'O_RDWR|O_CREAT|O_NONBLOCK|O_LARGEFILE'}, {'name': 'dev', 'type': 'dev_t', 'value': 211812353}, {'name': 'inode', 'type': 'unsigned long', 'value': 274142}]",0,0
16025.773394,159,1,0,systemd-journal,ip-10-100-1-186,257,openat,4,34,"[{'name': 'dirfd', 'type': 'int', 'value': -100}, {'name': 'pathname', 'type': 'const char*', 'value': '/var/log/journal/cd4bbb49080545c3aed82cc00b5f152b/system.journal'}, {'name': 'flags', 'type': 'unsigned int', 'value': 'O_RDWR|O_CREAT|O_NONBLOCK|O_CLOEXEC'}, {'name': 'mode', 'type': 'int', 'value': 154005284}]",0,0
16025.773432,159,1,0,systemd-journal,ip-10-100-1-186,5,fstat,2,0,"[{'name': 'fd', 'type': 'int', 'value': 34}, {'name': 'statbuf', 'type': 'struct stat*', 'value': '0x558C39ED0EA8'}]",0,0
16025.773499,159,1,0,systemd-journal,ip-10-100-1-186,257,openat,4,-2,"[{'name': 'dirfd', 'type': 'int', 'value': -100}, {'name': 'pathname', 'type': 'const char*', 'value': '/var/log/journal/cd4bbb49080545c3aed82cc00b5f152b/fss'}, {'name': 'flags', 'type': 'unsigned int', 'value': 'O_RDWR|O_NOCTTY|O_CLOEXEC'}, {'name': 'mode', 'type': 'int', 'value': 154005284}]",0,0
16025.788618,506,1,104,rs:main Q:Reg,ip-10-100-1-186,62,kill,2,0,"[{'name': 'pid', 'type': 'pid_t', 'value': 506}, {'name': 'sig', 'type': 'int', 'value': 22}]",0,0
16025.78879,506,1,104,rs:main Q:Reg,ip-10-100-1-186,62,kill,2,0,"[{'name': 'pid', 'type': 'pid_t', 'value': 506}, {'name': 'sig', 'type': 'int', 'value': 22}]",0,0
16025.788907,506,1,104,rs:main Q:Reg,ip-10-100-1-186,1003,cap_capable,1,0,"[{'name': 'cap', 'type': 'int', 'value': 'CAP_SYS_RESOURCE'}]",0,0
16025.788943,506,1,104,rs:main Q:Reg,ip-10-100-1-186,1003,cap_capable,1,0,"[{'name': 'cap', 'type': 'int', 'value': 'CAP_SYS_RESOURCE'}]",0,0
16025.796608,159,1,0,systemd-journal,ip-10-100-1-186,3,close,1,0,"[{'name': 'fd', 'type': 'int', 'value': 34}]",0,0
16025.796778,159,1,0,systemd-journal,ip-10-100-1-186,1003,cap_capable,1,0,"[{'name': 'cap', 'type': 'int', 'value': 'CAP_SYS_ADMIN'}]",0,0
16025.796849,159,1,0,systemd-journal,ip-10-100-1-186,21,access,2,0,"[{'name': 'pathname', 'type': 'const char*', 'value': '/run/systemd/journal/flushed'}, {'name': 'mode', 'type': 'int', 'value': 'F_OK'}]",0,0
16025.796894,159,1,0,systemd-journal,ip-10-100-1-186,1005,security_file_open,4,0,"[{'name': 'pathname', 'type': 'const char*', 'value': '/var/log/journal/cd4bbb49080545c3aed82cc00b5f152b/system.journal'}, {'name': 'flags', 'type': 'unsigned int', 'value': 'O_RDWR|O_CREAT|O_NONBLOCK|O_LARGEFILE'}, {'name': 'dev', 'type': 'dev_t', 'value': 211812353}, {'name': 'inode', 'type': 'unsigned long', 'value': 274142}]",0,0
16025.796926,159,1,0,systemd-journal,ip-10-100-1-186,257,openat,4,34,"[{'name': 'dirfd', 'type': 'int', 'value': -100}, {'name': 'pathname', 'type': 'const char*', 'value': '/var/log/journal/cd4bbb49080545c3aed82cc00b5f152b/system.journal'}, {'name': 'flags', 'type': 'unsigned int', 'value': 'O_RDWR|O_CREAT|O_NONBLOCK|O_CLOEXEC'}, {'name': 'mode', 'type': 'int', 'value': 154005284}]",0,0
16025.796965,159,1,0,systemd-journal,ip-10-100-1-186,5,fstat,2,0,"[{'name': 'fd', 'type': 'int', 'value': 34}, {'name': 'statbuf', 'type': 'struct stat*', 'value': '0x558C39ED0EA8'}]",0,0
16025.797034,159,1,0,systemd-journal,ip-10-100-1-186,257,openat,4,-2,"[{'name': 'dirfd', 'type': 'int', 'value': -100}, {'name': 'pathname', 'type': 'const char*', 'value': '/var/log/journal/cd4bbb49080545c3aed82cc00b5f152b/fss'}, {'name': 'flags', 'type': 'unsigned int', 'value': 'O_RDWR|O_NOCTTY|O_CLOEXEC'}, {'name': 'mode', 'type': 'int', 'value': 154005284}]",0,0
16025.811893,506,1,104,rs:main Q:Reg,ip-10-100-1-186,62,kill,2,0,"[{'name': 'pid', 'type': 'pid_t', 'value': 506}, {'name': 'sig', 'type': 'int', 'value': 22}]",0,0
16025.812038,506,1,104,rs:main Q:Reg,ip-10-100-1-186,62,kill,2,0,"[{'name': 'pid', 'type': 'pid_t', 'value': 506}, {'name': 'sig', 'type': 'int', 'value': 22}]",0,0
16025.812155,506,1,104,rs:main Q:Reg,ip-10-100-1-186,1003,cap_capable,1,0,"[{'name': 'cap', 'type': 'int', 'value': 'CAP_SYS_RESOURCE'}]",0,0
16025.812192,506,1,104,rs:main Q:Reg,ip-10-100-1-186,1003,cap_capable,1,0,"[{'name': 'cap', 'type': 'int', 'value': 'CAP_SYS_RESOURCE'}]",0,0
16025.819917,159,1,0,systemd-journal,ip-10-100-1-186,3,close,1,0,"[{'name': 'fd', 'type': 'int', 'value': 34}]",0,0
16025.82001,159,1,0,systemd-journal,ip-10-100-1-186,21,access,2,0,"[{'name': 'pathname', 'type': 'const char*', 'value': '/run/systemd/journal/flushed'}, {'name': 'mode', 'type': 'int', 'value': 'F_OK'}]",0,0
16025.820056,159,1,0,systemd-journal,ip-10-100-1-186,1005,security_file_open,4,0,"[{'name': 'pathname', 'type': 'const char*', 'value': '/var/log/journal/cd4bbb49080545c3aed82cc00b5f152b/system.journal'}, {'name': 'flags', 'type': 'unsigned int', 'value': 'O_RDWR|O_CREAT|O_NONBLOCK|O_LARGEFILE'}, {'name': 'dev', 'type': 'dev_t', 'value': 211812353}, {'name': 'inode', 'type': 'unsigned long', 'value': 274142}]",0,0
16025.820087,159,1,0,systemd-journal,ip-10-100-1-186,257,openat,4,34,"[{'name': 'dirfd', 'type': 'int', 'value': -100}, {'name': 'pathname', 'type': 'const char*', 'value': '/var/log/journal/cd4bbb49080545c3aed82cc00b5f152b/system.journal'}, {'name': 'flags', 'type': 'unsigned int', 'value': 'O_RDWR|O_CREAT|O_NONBLOCK|O_CLOEXEC'}, {'name': 'mode', 'type': 'int', 'value': 154005284}]",0,0
16025.820199,159,1,0,systemd-journal,ip-10-100-1-186,257,openat,4,-2,"[{'name': 'dirfd', 'type': 'int', 'value': -100}, {'name': 'pathname', 'type': 'const char*', 'value': '/var/log/journal/cd4bbb49080545c3aed82cc00b5f152b/fss'}, {'name': 'flags', 'type': 'unsigned int', 'value': 'O_RDWR|O_NOCTTY|O_CLOEXEC'}, {'name': 'mode', 'type': 'int', 'value': 154005284}]",0,0
16025.820134,159,1,0,systemd-journal,ip-10-100-1-186,5,fstat,2,0,"[{'name': 'fd', 'type': 'int', 'value': 34}, {'name': 'statbuf', 'type': 'struct stat*', 'value': '0x558C39ED0EA8'}]",0,0
16025.835299,506,1,104,rs:main Q:Reg,ip-10-100-1-186,62,kill,2,0,"[{'name': 'pid', 'type': 'pid_t', 'value': 506}, {'name': 'sig', 'type': 'int', 'value': 22}]",0,0
16025.83544,506,1,104,rs:main Q:Reg,ip-10-100-1-186,62,kill,2,0,"[{'name': 'pid', 'type': 'pid_t', 'value': 506}, {'name': 'sig', 'type': 'int', 'value': 22}]",0,0
16025.835556,506,1,104,rs:main Q:Reg,ip-10-100-1-186,1003,cap_capable,1,0,"[{'name': 'cap', 'type': 'int', 'value': 'CAP_SYS_RESOURCE'}]",0,0
16025.835592,506,1,104,rs:main Q:Reg,ip-10-100-1-186,1003,cap_capable,1,0,"[{'name': 'cap', 'type': 'int', 'value': 'CAP_SYS_RESOURCE'}]",0,0
16025.85034,159,1,0,systemd-journal,ip-10-100-1-186,3,close,1,0,"[{'name': 'fd', 'type': 'int', 'value': 34}]",0,0
16025.850519,159,1,0,systemd-journal,ip-10-100-1-186,1003,cap_capable,1,0,"[{'name': 'cap', 'type': 'int', 'value': 'CAP_SYS_ADMIN'}]",0,0
16025.850595,159,1,0,systemd-journal,ip-10-100-1-186,21,access,2,0,"[{'name': 'pathname', 'type': 'const char*', 'value': '/run/systemd/journal/flushed'}, {'name': 'mode', 'type': 'int', 'value': 'F_OK'}]",0,0
16025.850636,159,1,0,systemd-journal,ip-10-100-1-186,1005,security_file_open,4,0,"[{'name': 'pathname', 'type': 'const char*', 'value': '/var/log/journal/cd4bbb49080545c3aed82cc00b5f152b/system.journal'}, {'name': 'flags', 'type': 'unsigned int', 'value': 'O_RDWR|O_CREAT|O_NONBLOCK|O_LARGEFILE'}, {'name': 'dev', 'type': 'dev_t', 'value': 211812353}, {'name': 'inode', 'type': 'unsigned long', 'value': 274142}]",0,0
16025.850679,159,1,0,systemd-journal,ip-10-100-1-186,257,openat,4,34,"[{'name': 'dirfd', 'type': 'int', 'value': -100}, {'name': 'pathname', 'type': 'const char*', 'value': '/var/log/journal/cd4bbb49080545c3aed82cc00b5f152b/system.journal'}, {'name': 'flags', 'type': 'unsigned int', 'value': 'O_RDWR|O_CREAT|O_NONBLOCK|O_CLOEXEC'}, {'name': 'mode', 'type': 'int', 'value': 154005284}]",0,0
16025.85073,159,1,0,systemd-journal,ip-10-100-1-186,5,fstat,2,0,"[{'name': 'fd', 'type': 'int', 'value': 34}, {'name': 'statbuf', 'type': 'struct stat*', 'value': '0x558C39ED0EA8'}]",0,0
16025.8508,159,1,0,systemd-journal,ip-10-100-1-186,257,openat,4,-2,"[{'name': 'dirfd', 'type': 'int', 'value': -100}, {'name': 'pathname', 'type': 'const char*', 'value': '/var/log/journal/cd4bbb49080545c3aed82cc00b5f152b/fss'}, {'name': 'flags', 'type': 'unsigned int', 'value': 'O_RDWR|O_NOCTTY|O_CLOEXEC'}, {'name': 'mode', 'type': 'int', 'value': 154005284}]",0,0
16025.858564,506,1,104,rs:main Q:Reg,ip-10-100-1-186,62,kill,2,0,"[{'name': 'pid', 'type': 'pid_t', 'value': 506}, {'name': 'sig', 'type': 'int', 'value': 22}]",0,0
16025.858683,506,1,104,rs:main Q:Reg,ip-10-100-1-186,62,kill,2,0,"[{'name': 'pid', 'type': 'pid_t', 'value': 506}, {'name': 'sig', 'type': 'int', 'value': 22}]",0,0
16025.858813,506,1,104,rs:main Q:Reg,ip-10-100-1-186,1003,cap_capable,1,0,"[{'name': 'cap', 'type': 'int', 'value': 'CAP_SYS_RESOURCE'}]",0,0
16025.858782,506,1,104,rs:main Q:Reg,ip-10-100-1-186,1003,cap_capable,1,0,"[{'name': 'cap', 'type': 'int', 'value': 'CAP_SYS_RESOURCE'}]",0,0
16025.873595,159,1,0,systemd-journal,ip-10-100-1-186,21,access,2,0,"[{'name': 'pathname', 'type': 'const char*', 'value': '/run/systemd/journal/flushed'}, {'name': 'mode', 'type': 'int', 'value': 'F_OK'}]",0,0
16025.873653,159,1,0,systemd-journal,ip-10-100-1-186,1005,security_file_open,4,0,"[{'name': 'pathname', 'type': 'const char*', 'value': '/var/log/journal/cd4bbb49080545c3aed82cc00b5f152b/system.journal'}, {'name': 'flags', 'type': 'unsigned int', 'value': 'O_RDWR|O_CREAT|O_NONBLOCK|O_LARGEFILE'}, {'name': 'dev', 'type': 'dev_t', 'value': 211812353}, {'name': 'inode', 'type': 'unsigned long', 'value': 274142}]",0,0
16025.873483,159,1,0,systemd-journal,ip-10-100-1-186,3,close,1,0,"[{'name': 'fd', 'type': 'int', 'value': 34}]",0,0
16025.873684,159,1,0,systemd-journal,ip-10-100-1-186,257,openat,4,34,"[{'name': 'dirfd', 'type': 'int', 'value': -100}, {'name': 'pathname', 'type': 'const char*', 'value': '/var/log/journal/cd4bbb49080545c3aed82cc00b5f152b/system.journal'}, {'name': 'flags', 'type': 'unsigned int', 'value': 'O_RDWR|O_CREAT|O_NONBLOCK|O_CLOEXEC'}, {'name': 'mode', 'type': 'int', 'value': 154005284}]",0,0
16025.873723,159,1,0,systemd-journal,ip-10-100-1-186,5,fstat,2,0,"[{'name': 'fd', 'type': 'int', 'value': 34}, {'name': 'statbuf', 'type': 'struct stat*', 'value': '0x558C39ED0EA8'}]",0,0
16025.873799,159,1,0,systemd-journal,ip-10-100-1-186,257,openat,4,-2,"[{'name': 'dirfd', 'type': 'int', 'value': -100}, {'name': 'pathname', 'type': 'const char*', 'value': '/var/log/journal/cd4bbb49080545c3aed82cc00b5f152b/fss'}, {'name': 'flags', 'type': 'unsigned int', 'value': 'O_RDWR|O_NOCTTY|O_CLOEXEC'}, {'name': 'mode', 'type': 'int', 'value': 154005284}]",0,0
16025.888399,506,1,104,rs:main Q:Reg,ip-10-100-1-186,62,kill,2,0,"[{'name': 'pid', 'type': 'pid_t', 'value': 506}, {'name': 'sig', 'type': 'int', 'value': 22}]",0,0
16025.888541,506,1,104,rs:main Q:Reg,ip-10-100-1-186,62,kill,2,0,"[{'name': 'pid', 'type': 'pid_t', 'value': 506}, {'name': 'sig', 'type': 'int', 'value': 22}]",0,0
16025.888654,506,1,104,rs:main Q:Reg,ip-10-100-1-186,1003,cap_capable,1,0,"[{'name': 'cap', 'type': 'int', 'value': 'CAP_SYS_RESOURCE'}]",0,0
16025.888688,506,1,104,rs:main Q:Reg,ip-10-100-1-186,1003,cap_capable,1,0,"[{'name': 'cap', 'type': 'int', 'value': 'CAP_SYS_RESOURCE'}]",0,0
16025.896421,159,1,0,systemd-journal,ip-10-100-1-186,3,close,1,0,"[{'name': 'fd', 'type': 'int', 'value': 34}]",0,0
16025.896562,159,1,0,systemd-journal,ip-10-100-1-186,1005,security_file_open,4,0,"[{'name': 'pathname', 'type': 'const char*', 'value': '/proc/7145/status'}, {'name': 'flags', 'type': 'unsigned int', 'value': 'O_RDONLY|O_LARGEFILE'}, {'name': 'dev', 'type': 'dev_t', 'value': 5}, {'name': 'inode', 'type': 'unsigned long', 'value': 155700}]",0,0
16025.896752,159,1,0,systemd-journal,ip-10-100-1-186,3,close,1,0,"[{'name': 'fd', 'type': 'int', 'value': 34}]",0,0
16025.896631,159,1,0,systemd-journal,ip-10-100-1-186,5,fstat,2,0,"[{'name': 'fd', 'type': 'int', 'value': 34}, {'name': 'statbuf', 'type': 'struct stat*', 'value': '0x7FFDB7C1DE20'}]",0,0
16025.896602,159,1,0,systemd-journal,ip-10-100-1-186,257,openat,4,34,"[{'name': 'dirfd', 'type': 'int', 'value': -100}, {'name': 'pathname', 'type': 'const char*', 'value': '/proc/7145/status'}, {'name': 'flags', 'type': 'unsigned int', 'value': 'O_RDONLY|O_CLOEXEC'}, {'name': 'mode', 'type': 'int', 'value': 154005284}]",0,0
16025.896785,159,1,0,systemd-journal,ip-10-100-1-186,1005,security_file_open,4,0,"[{'name': 'pathname', 'type': 'const char*', 'value': '/proc/7145/status'}, {'name': 'flags', 'type': 'unsigned int', 'value': 'O_RDONLY|O_LARGEFILE'}, {'name': 'dev', 'type': 'dev_t', 'value': 5}, {'name': 'inode', 'type': 'unsigned long', 'value': 155700}]",0,0
16025.896813,159,1,0,systemd-journal,ip-10-100-1-186,257,openat,4,34,"[{'name': 'dirfd', 'type': 'int', 'value': -100}, {'name': 'pathname', 'type': 'const char*', 'value': '/proc/7145/status'}, {'name': 'flags', 'type': 'unsigned int', 'value': 'O_RDONLY|O_CLOEXEC'}, {'name': 'mode', 'type': 'int', 'value': 154005284}]",0,0
16025.896837,159,1,0,systemd-journal,ip-10-100-1-186,5,fstat,2,0,"[{'name': 'fd', 'type': 'int', 'value': 34}, {'name': 'statbuf', 'type': 'struct stat*', 'value': '0x7FFDB7C1DE20'}]",0,0
16025.89693,159,1,0,systemd-journal,ip-10-100-1-186,3,close,1,0,"[{'name': 'fd', 'type': 'int', 'value': 34}]",0,0
16025.896959,159,1,0,systemd-journal,ip-10-100-1-186,1005,security_file_open,4,0,"[{'name': 'pathname', 'type': 'const char*', 'value': '/proc/7145/comm'}, {'name': 'flags', 'type': 'unsigned int', 'value': 'O_RDONLY|O_LARGEFILE'}, {'name': 'dev', 'type': 'dev_t', 'value': 5}, {'name': 'inode', 'type': 'unsigned long', 'value': 155701}]",0,0
16025.896986,159,1,0,systemd-journal,ip-10-100-1-186,257,openat,4,34,"[{'name': 'dirfd', 'type': 'int', 'value': -100}, {'name': 'pathname', 'type': 'const char*', 'value': '/proc/7145/comm'}, {'name': 'flags', 'type': 'unsigned int', 'value': 'O_RDONLY|O_CLOEXEC'}, {'name': 'mode', 'type': 'int', 'value': 154005284}]",0,0
16025.897009,159,1,0,systemd-journal,ip-10-100-1-186,5,fstat,2,0,"[{'name': 'fd', 'type': 'int', 'value': 34}, {'name': 'statbuf', 'type': 'struct stat*', 'value': '0x7FFDB7C1DE20'}]",0,0
16025.89705,159,1,0,systemd-journal,ip-10-100-1-186,3,close,1,0,"[{'name': 'fd', 'type': 'int', 'value': 34}]",0,0
16025.897097,159,1,0,systemd-journal,ip-10-100-1-186,1003,cap_capable,1,0,"[{'name': 'cap', 'type': 'int', 'value': 'CAP_SYS_PTRACE'}]",0,0
16025.897139,159,1,0,systemd-journal,ip-10-100-1-186,1005,security_file_open,4,0,"[{'name': 'pathname', 'type': 'const char*', 'value': '/proc/7145/cmdline'}, {'name': 'flags', 'type': 'unsigned int', 'value': 'O_RDONLY|O_LARGEFILE'}, {'name': 'dev', 'type': 'dev_t', 'value': 5}, {'name': 'inode', 'type': 'unsigned long', 'value': 155703}]",0,0
16025.897188,159,1,0,systemd-journal,ip-10-100-1-186,5,fstat,2,0,"[{'name': 'fd', 'type': 'int', 'value': 34}, {'name': 'statbuf', 'type': 'struct stat*', 'value': '0x7FFDB7C1DEB0'}]",0,0
16025.897165,159,1,0,systemd-journal,ip-10-100-1-186,257,openat,4,34,"[{'name': 'dirfd', 'type': 'int', 'value': -100}, {'name': 'pathname', 'type': 'const char*', 'value': '/proc/7145/cmdline'}, {'name': 'flags', 'type': 'unsigned int', 'value': 'O_RDONLY|O_CLOEXEC'}, {'name': 'mode', 'type': 'int', 'value': 154005284}]",0,0
16025.897244,159,1,0,systemd-journal,ip-10-100-1-186,3,close,1,0,"[{'name': 'fd', 'type': 'int', 'value': 34}]",0,0
16025.897271,159,1,0,systemd-journal,ip-10-100-1-186,1005,security_file_open,4,0,"[{'name': 'pathname', 'type': 'const char*', 'value': '/proc/7145/status'}, {'name': 'flags', 'type': 'unsigned int', 'value': 'O_RDONLY|O_LARGEFILE'}, {'name': 'dev', 'type': 'dev_t', 'value': 5}, {'name': 'inode', 'type': 'unsigned long', 'value': 155700}]",0,0
16025.897296,159,1,0,systemd-journal,ip-10-100-1-186,257,openat,4,34,"[{'name': 'dirfd', 'type': 'int', 'value': -100}, {'name': 'pathname', 'type': 'const char*', 'value': '/proc/7145/status'}, {'name': 'flags', 'type': 'unsigned int', 'value': 'O_RDONLY|O_CLOEXEC'}, {'name': 'mode', 'type': 'int', 'value': 154005284}]",0,0
16025.897318,159,1,0,systemd-journal,ip-10-100-1-186,5,fstat,2,0,"[{'name': 'fd', 'type': 'int', 'value': 34}, {'name': 'statbuf', 'type': 'struct stat*', 'value': '0x7FFDB7C1DF20'}]",0,0
16025.897354,159,1,0,systemd-journal,ip-10-100-1-186,3,close,1,0,"[{'name': 'fd', 'type': 'int', 'value': 34}]",0,0
16025.897385,159,1,0,systemd-journal,ip-10-100-1-186,1005,security_file_open,4,0,"[{'name': 'pathname', 'type': 'const char*', 'value': '/proc/7145/attr/current'}, {'name': 'flags', 'type': 'unsigned int', 'value': 'O_RDONLY|O_LARGEFILE'}, {'name': 'dev', 'type': 'dev_t', 'value': 5}, {'name': 'inode', 'type': 'unsigned long', 'value': 155705}]",0,0
16025.897458,159,1,0,systemd-journal,ip-10-100-1-186,3,close,1,0,"[{'name': 'fd', 'type': 'int', 'value': 34}]",0,0
16025.897486,159,1,0,systemd-journal,ip-10-100-1-186,1005,security_file_open,4,0,"[{'name': 'pathname', 'type': 'const char*', 'value': '/proc/7145/sessionid'}, {'name': 'flags', 'type': 'unsigned int', 'value': 'O_RDONLY|O_LARGEFILE'}, {'name': 'dev', 'type': 'dev_t', 'value': 5}, {'name': 'inode', 'type': 'unsigned long', 'value': 155706}]",0,0
16025.897424,159,1,0,systemd-journal,ip-10-100-1-186,257,openat,4,34,"[{'name': 'dirfd', 'type': 'int', 'value': -100}, {'name': 'pathname', 'type': 'const char*', 'value': '/proc/7145/attr/current'}, {'name': 'flags', 'type': 'unsigned int', 'value': 'O_RDONLY|O_CLOEXEC'}, {'name': 'mode', 'type': 'int', 'value': 154005284}]",0,0
16025.897512,159,1,0,systemd-journal,ip-10-100-1-186,257,openat,4,34,"[{'name': 'dirfd', 'type': 'int', 'value': -100}, {'name': 'pathname', 'type': 'const char*', 'value': '/proc/7145/sessionid'}, {'name': 'flags', 'type': 'unsigned int', 'value': 'O_RDONLY|O_CLOEXEC'}, {'name': 'mode', 'type': 'int', 'value': 154005284}]",0,0
16025.897536,159,1,0,systemd-journal,ip-10-100-1-186,5,fstat,2,0,"[{'name': 'fd', 'type': 'int', 'value': 34}, {'name': 'statbuf', 'type': 'struct stat*', 'value': '0x7FFDB7C1DE10'}]",0,0
16025.897571,159,1,0,systemd-journal,ip-10-100-1-186,3,close,1,0,"[{'name': 'fd', 'type': 'int', 'value': 34}]",0,0
16025.897598,159,1,0,systemd-journal,ip-10-100-1-186,1005,security_file_open,4,0,"[{'name': 'pathname', 'type': 'const char*', 'value': '/proc/7145/loginuid'}, {'name': 'flags', 'type': 'unsigned int', 'value': 'O_RDONLY|O_LARGEFILE'}, {'name': 'dev', 'type': 'dev_t', 'value': 5}, {'name': 'inode', 'type': 'unsigned long', 'value': 155628}]",0,0
16025.897624,159,1,0,systemd-journal,ip-10-100-1-186,257,openat,4,34,"[{'name': 'dirfd', 'type': 'int', 'value': -100}, {'name': 'pathname', 'type': 'const char*', 'value': '/proc/7145/loginuid'}, {'name': 'flags', 'type': 'unsigned int', 'value': 'O_RDONLY|O_CLOEXEC'}, {'name': 'mode', 'type': 'int', 'value': 154005284}]",0,0
16025.897647,159,1,0,systemd-journal,ip-10-100-1-186,5,fstat,2,0,"[{'name': 'fd', 'type': 'int', 'value': 34}, {'name': 'statbuf', 'type': 'struct stat*', 'value': '0x7FFDB7C1DE10'}]",0,0
16025.897682,159,1,0,systemd-journal,ip-10-100-1-186,3,close,1,0,"[{'name': 'fd', 'type': 'int', 'value': 34}]",0,0
16025.89771,159,1,0,systemd-journal,ip-10-100-1-186,1005,security_file_open,4,0,"[{'name': 'pathname', 'type': 'const char*', 'value': '/proc/7145/cgroup'}, {'name': 'flags', 'type': 'unsigned int', 'value': 'O_RDONLY|O_LARGEFILE'}, {'name': 'dev', 'type': 'dev_t', 'value': 5}, {'name': 'inode', 'type': 'unsigned long', 'value': 155629}]",0,0
16025.897736,159,1,0,systemd-journal,ip-10-100-1-186,257,openat,4,34,"[{'name': 'dirfd', 'type': 'int', 'value': -100}, {'name': 'pathname', 'type': 'const char*', 'value': '/proc/7145/cgroup'}, {'name': 'flags', 'type': 'unsigned int', 'value': 'O_RDONLY|O_CLOEXEC'}, {'name': 'mode', 'type': 'int', 'value': 154005284}]",0,0
16025.897759,159,1,0,systemd-journal,ip-10-100-1-186,5,fstat,2,0,"[{'name': 'fd', 'type': 'int', 'value': 34}, {'name': 'statbuf', 'type': 'struct stat*', 'value': '0x7FFDB7C1DDB0'}]",0,0
16025.897895,159,1,0,systemd-journal,ip-10-100-1-186,3,close,1,0,"[{'name': 'fd', 'type': 'int', 'value': 34}]",0,0
16025.897958,159,1,0,systemd-journal,ip-10-100-1-186,257,openat,4,-2,"[{'name': 'dirfd', 'type': 'int', 'value': -100}, {'name': 'pathname', 'type': 'const char*', 'value': '/run/systemd/units/log-extra-fields:sensor.service'}, {'name': 'flags', 'type': 'unsigned int', 'value': 'O_RDONLY|O_CLOEXEC'}, {'name': 'mode', 'type': 'int', 'value': 154005284}]",0,0
16025.898012,159,1,0,systemd-journal,ip-10-100-1-186,1003,cap_capable,1,0,"[{'name': 'cap', 'type': 'int', 'value': 'CAP_SYS_ADMIN'}]",0,0
16025.898074,159,1,0,systemd-journal,ip-10-100-1-186,21,access,2,0,"[{'name': 'pathname', 'type': 'const char*', 'value': '/run/systemd/journal/flushed'}, {'name': 'mode', 'type': 'int', 'value': 'F_OK'}]",0,0
16025.898116,159,1,0,systemd-journal,ip-10-100-1-186,1005,security_file_open,4,0,"[{'name': 'pathname', 'type': 'const char*', 'value': '/var/log/journal/cd4bbb49080545c3aed82cc00b5f152b/system.journal'}, {'name': 'flags', 'type': 'unsigned int', 'value': 'O_RDWR|O_CREAT|O_NONBLOCK|O_LARGEFILE'}, {'name': 'dev', 'type': 'dev_t', 'value': 211812353}, {'name': 'inode', 'type': 'unsigned long', 'value': 274142}]",0,0
16025.898146,159,1,0,systemd-journal,ip-10-100-1-186,257,openat,4,34,"[{'name': 'dirfd', 'type': 'int', 'value': -100}, {'name': 'pathname', 'type': 'const char*', 'value': '/var/log/journal/cd4bbb49080545c3aed82cc00b5f152b/system.journal'}, {'name': 'flags', 'type': 'unsigned int', 'value': 'O_RDWR|O_CREAT|O_NONBLOCK|O_CLOEXEC'}, {'name': 'mode', 'type': 'int', 'value': 154005284}]",0,0
16025.898182,159,1,0,systemd-journal,ip-10-100-1-186,5,fstat,2,0,"[{'name': 'fd', 'type': 'int', 'value': 34}, {'name': 'statbuf', 'type': 'struct stat*', 'value': '0x558C39ED0EA8'}]",0,0
16025.898256,159,1,0,systemd-journal,ip-10-100-1-186,257,openat,4,-2,"[{'name': 'dirfd', 'type': 'int', 'value': -100}, {'name': 'pathname', 'type': 'const char*', 'value': '/var/log/journal/cd4bbb49080545c3aed82cc00b5f152b/fss'}, {'name': 'flags', 'type': 'unsigned int', 'value': 'O_RDWR|O_NOCTTY|O_CLOEXEC'}, {'name': 'mode', 'type': 'int', 'value': 154005284}]",0,0
16025.913117,506,1,104,rs:main Q:Reg,ip-10-100-1-186,62,kill,2,0,"[{'name': 'pid', 'type': 'pid_t', 'value': 506}, {'name': 'sig', 'type': 'int', 'value': 22}]",0,0
16025.913258,506,1,104,rs:main Q:Reg,ip-10-100-1-186,62,kill,2,0,"[{'name': 'pid', 'type': 'pid_t', 'value': 506}, {'name': 'sig', 'type': 'int', 'value': 22}]",0,0
16025.913377,506,1,104,rs:main Q:Reg,ip-10-100-1-186,1003,cap_capable,1,0,"[{'name': 'cap', 'type': 'int', 'value': 'CAP_SYS_RESOURCE'}]",0,0
16025.913411,506,1,104,rs:main Q:Reg,ip-10-100-1-186,1003,cap_capable,1,0,"[{'name': 'cap', 'type': 'int', 'value': 'CAP_SYS_RESOURCE'}]",0,0
16025.921233,159,1,0,systemd-journal,ip-10-100-1-186,3,close,1,0,"[{'name': 'fd', 'type': 'int', 'value': 34}]",0,0
16025.921381,159,1,0,systemd-journal,ip-10-100-1-186,1005,security_file_open,4,0,"[{'name': 'pathname', 'type': 'const char*', 'value': '/var/log/journal/cd4bbb49080545c3aed82cc00b5f152b/system.journal'}, {'name': 'flags', 'type': 'unsigned int', 'value': 'O_RDWR|O_CREAT|O_NONBLOCK|O_LARGEFILE'}, {'name': 'dev', 'type': 'dev_t', 'value': 211812353}, {'name': 'inode', 'type': 'unsigned long', 'value': 274142}]",0,0
16025.921332,159,1,0,systemd-journal,ip-10-100-1-186,21,access,2,0,"[{'name': 'pathname', 'type': 'const char*', 'value': '/run/systemd/journal/flushed'}, {'name': 'mode', 'type': 'int', 'value': 'F_OK'}]",0,0
16025.921414,159,1,0,systemd-journal,ip-10-100-1-186,257,openat,4,34,"[{'name': 'dirfd', 'type': 'int', 'value': -100}, {'name': 'pathname', 'type': 'const char*', 'value': '/var/log/journal/cd4bbb49080545c3aed82cc00b5f152b/system.journal'}, {'name': 'flags', 'type': 'unsigned int', 'value': 'O_RDWR|O_CREAT|O_NONBLOCK|O_CLOEXEC'}, {'name': 'mode', 'type': 'int', 'value': 154005284}]",0,0
16025.921516,159,1,0,systemd-journal,ip-10-100-1-186,257,openat,4,-2,"[{'name': 'dirfd', 'type': 'int', 'value': -100}, {'name': 'pathname', 'type': 'const char*', 'value': '/var/log/journal/cd4bbb49080545c3aed82cc00b5f152b/fss'}, {'name': 'flags', 'type': 'unsigned int', 'value': 'O_RDWR|O_NOCTTY|O_CLOEXEC'}, {'name': 'mode', 'type': 'int', 'value': 154005284}]",0,0
16025.921452,159,1,0,systemd-journal,ip-10-100-1-186,5,fstat,2,0,"[{'name': 'fd', 'type': 'int', 'value': 34}, {'name': 'statbuf', 'type': 'struct stat*', 'value': '0x558C39ED0EA8'}]",0,0
16025.936424,506,1,104,rs:main Q:Reg,ip-10-100-1-186,62,kill,2,0,"[{'name': 'pid', 'type': 'pid_t', 'value': 506}, {'name': 'sig', 'type': 'int', 'value': 22}]",0,0
16025.936573,506,1,104,rs:main Q:Reg,ip-10-100-1-186,62,kill,2,0,"[{'name': 'pid', 'type': 'pid_t', 'value': 506}, {'name': 'sig', 'type': 'int', 'value': 22}]",0,0
16025.936678,506,1,104,rs:main Q:Reg,ip-10-100-1-186,1003,cap_capable,1,0,"[{'name': 'cap', 'type': 'int', 'value': 'CAP_SYS_RESOURCE'}]",0,0
16025.936729,506,1,104,rs:main Q:Reg,ip-10-100-1-186,1003,cap_capable,1,0,"[{'name': 'cap', 'type': 'int', 'value': 'CAP_SYS_RESOURCE'}]",0,0
16025.944723,159,1,0,systemd-journal,ip-10-100-1-186,3,close,1,0,"[{'name': 'fd', 'type': 'int', 'value': 34}]",0,0
16025.944901,159,1,0,systemd-journal,ip-10-100-1-186,1003,cap_capable,1,0,"[{'name': 'cap', 'type': 'int', 'value': 'CAP_SYS_ADMIN'}]",0,0
16025.944987,159,1,0,systemd-journal,ip-10-100-1-186,21,access,2,0,"[{'name': 'pathname', 'type': 'const char*', 'value': '/run/systemd/journal/flushed'}, {'name': 'mode', 'type': 'int', 'value': 'F_OK'}]",0,0
16025.94503,159,1,0,systemd-journal,ip-10-100-1-186,1005,security_file_open,4,0,"[{'name': 'pathname', 'type': 'const char*', 'value': '/var/log/journal/cd4bbb49080545c3aed82cc00b5f152b/system.journal'}, {'name': 'flags', 'type': 'unsigned int', 'value': 'O_RDWR|O_CREAT|O_NONBLOCK|O_LARGEFILE'}, {'name': 'dev', 'type': 'dev_t', 'value': 211812353}, {'name': 'inode', 'type': 'unsigned long', 'value': 274142}]",0,0
16025.945062,159,1,0,systemd-journal,ip-10-100-1-186,257,openat,4,34,"[{'name': 'dirfd', 'type': 'int', 'value': -100}, {'name': 'pathname', 'type': 'const char*', 'value': '/var/log/journal/cd4bbb49080545c3aed82cc00b5f152b/system.journal'}, {'name': 'flags', 'type': 'unsigned int', 'value': 'O_RDWR|O_CREAT|O_NONBLOCK|O_CLOEXEC'}, {'name': 'mode', 'type': 'int', 'value': 154005284}]",0,0
16025.9451,159,1,0,systemd-journal,ip-10-100-1-186,5,fstat,2,0,"[{'name': 'fd', 'type': 'int', 'value': 34}, {'name': 'statbuf', 'type': 'struct stat*', 'value': '0x558C39ED0EA8'}]",0,0
16025.945177,159,1,0,systemd-journal,ip-10-100-1-186,257,openat,4,-2,"[{'name': 'dirfd', 'type': 'int', 'value': -100}, {'name': 'pathname', 'type': 'const char*', 'value': '/var/log/journal/cd4bbb49080545c3aed82cc00b5f152b/fss'}, {'name': 'flags', 'type': 'unsigned int', 'value': 'O_RDWR|O_NOCTTY|O_CLOEXEC'}, {'name': 'mode', 'type': 'int', 'value': 154005284}]",0,0
16025.960137,506,1,104,rs:main Q:Reg,ip-10-100-1-186,62,kill,2,0,"[{'name': 'pid', 'type': 'pid_t', 'value': 506}, {'name': 'sig', 'type': 'int', 'value': 22}]",0,0
16025.960277,506,1,104,rs:main Q:Reg,ip-10-100-1-186,62,kill,2,0,"[{'name': 'pid', 'type': 'pid_t', 'value': 506}, {'name': 'sig', 'type': 'int', 'value': 22}]",0,0
16025.960394,506,1,104,rs:main Q:Reg,ip-10-100-1-186,1003,cap_capable,1,0,"[{'name': 'cap', 'type': 'int', 'value': 'CAP_SYS_RESOURCE'}]",0,0
16025.960432,506,1,104,rs:main Q:Reg,ip-10-100-1-186,1003,cap_capable,1,0,"[{'name': 'cap', 'type': 'int', 'value': 'CAP_SYS_RESOURCE'}]",0,0
16025.975289,159,1,0,systemd-journal,ip-10-100-1-186,3,close,1,0,"[{'name': 'fd', 'type': 'int', 'value': 34}]",0,0
16025.975423,159,1,0,systemd-journal,ip-10-100-1-186,21,access,2,0,"[{'name': 'pathname', 'type': 'const char*', 'value': '/run/systemd/journal/flushed'}, {'name': 'mode', 'type': 'int', 'value': 'F_OK'}]",0,0
16025.975476,159,1,0,systemd-journal,ip-10-100-1-186,1005,security_file_open,4,0,"[{'name': 'pathname', 'type': 'const char*', 'value': '/var/log/journal/cd4bbb49080545c3aed82cc00b5f152b/system.journal'}, {'name': 'flags', 'type': 'unsigned int', 'value': 'O_RDWR|O_CREAT|O_NONBLOCK|O_LARGEFILE'}, {'name': 'dev', 'type': 'dev_t', 'value': 211812353}, {'name': 'inode', 'type': 'unsigned long', 'value': 274142}]",0,0
16025.975509,159,1,0,systemd-journal,ip-10-100-1-186,257,openat,4,34,"[{'name': 'dirfd', 'type': 'int', 'value': -100}, {'name': 'pathname', 'type': 'const char*', 'value': '/var/log/journal/cd4bbb49080545c3aed82cc00b5f152b/system.journal'}, {'name': 'flags', 'type': 'unsigned int', 'value': 'O_RDWR|O_CREAT|O_NONBLOCK|O_CLOEXEC'}, {'name': 'mode', 'type': 'int', 'value': 154005284}]",0,0
16025.975549,159,1,0,systemd-journal,ip-10-100-1-186,5,fstat,2,0,"[{'name': 'fd', 'type': 'int', 'value': 34}, {'name': 'statbuf', 'type': 'struct stat*', 'value': '0x558C39ED0EA8'}]",0,0
16025.975619,159,1,0,systemd-journal,ip-10-100-1-186,257,openat,4,-2,"[{'name': 'dirfd', 'type': 'int', 'value': -100}, {'name': 'pathname', 'type': 'const char*', 'value': '/var/log/journal/cd4bbb49080545c3aed82cc00b5f152b/fss'}, {'name': 'flags', 'type': 'unsigned int', 'value': 'O_RDWR|O_NOCTTY|O_CLOEXEC'}, {'name': 'mode', 'type': 'int', 'value': 154005284}]",0,0
16025.983512,506,1,104,rs:main Q:Reg,ip-10-100-1-186,62,kill,2,0,"[{'name': 'pid', 'type': 'pid_t', 'value': 506}, {'name': 'sig', 'type': 'int', 'value': 22}]",0,0
16025.983656,506,1,104,rs:main Q:Reg,ip-10-100-1-186,62,kill,2,0,"[{'name': 'pid', 'type': 'pid_t', 'value': 506}, {'name': 'sig', 'type': 'int', 'value': 22}]",0,0
16025.983765,506,1,104,rs:main Q:Reg,ip-10-100-1-186,1003,cap_capable,1,0,"[{'name': 'cap', 'type': 'int', 'value': 'CAP_SYS_RESOURCE'}]",0,0
16025.998694,159,1,0,systemd-journal,ip-10-100-1-186,1003,cap_capable,1,0,"[{'name': 'cap', 'type': 'int', 'value': 'CAP_SYS_ADMIN'}]",0,0
16025.998547,159,1,0,systemd-journal,ip-10-100-1-186,3,close,1,0,"[{'name': 'fd', 'type': 'int', 'value': 34}]",0,0
16025.983798,506,1,104,rs:main Q:Reg,ip-10-100-1-186,1003,cap_capable,1,0,"[{'name': 'cap', 'type': 'int', 'value': 'CAP_SYS_RESOURCE'}]",0,0
16025.998765,159,1,0,systemd-journal,ip-10-100-1-186,21,access,2,0,"[{'name': 'pathname', 'type': 'const char*', 'value': '/run/systemd/journal/flushed'}, {'name': 'mode', 'type': 'int', 'value': 'F_OK'}]",0,0
16025.998817,159,1,0,systemd-journal,ip-10-100-1-186,1005,security_file_open,4,0,"[{'name': 'pathname', 'type': 'const char*', 'value': '/var/log/journal/cd4bbb49080545c3aed82cc00b5f152b/system.journal'}, {'name': 'flags', 'type': 'unsigned int', 'value': 'O_RDWR|O_CREAT|O_NONBLOCK|O_LARGEFILE'}, {'name': 'dev', 'type': 'dev_t', 'value': 211812353}, {'name': 'inode', 'type': 'unsigned long', 'value': 274142}]",0,0
16025.998861,159,1,0,systemd-journal,ip-10-100-1-186,257,openat,4,34,"[{'name': 'dirfd', 'type': 'int', 'value': -100}, {'name': 'pathname', 'type': 'const char*', 'value': '/var/log/journal/cd4bbb49080545c3aed82cc00b5f152b/system.journal'}, {'name': 'flags', 'type': 'unsigned int', 'value': 'O_RDWR|O_CREAT|O_NONBLOCK|O_CLOEXEC'}, {'name': 'mode', 'type': 'int', 'value': 154005284}]",0,0
16025.998901,159,1,0,systemd-journal,ip-10-100-1-186,5,fstat,2,0,"[{'name': 'fd', 'type': 'int', 'value': 34}, {'name': 'statbuf', 'type': 'struct stat*', 'value': '0x558C39ED0EA8'}]",0,0
16025.998967,159,1,0,systemd-journal,ip-10-100-1-186,257,openat,4,-2,"[{'name': 'dirfd', 'type': 'int', 'value': -100}, {'name': 'pathname', 'type': 'const char*', 'value': '/var/log/journal/cd4bbb49080545c3aed82cc00b5f152b/fss'}, {'name': 'flags', 'type': 'unsigned int', 'value': 'O_RDWR|O_NOCTTY|O_CLOEXEC'}, {'name': 'mode', 'type': 'int', 'value': 154005284}]",0,0
16026.006899,506,1,104,rs:main Q:Reg,ip-10-100-1-186,62,kill,2,0,"[{'name': 'pid', 'type': 'pid_t', 'value': 506}, {'name': 'sig', 'type': 'int', 'value': 22}]",0,0
16026.007027,506,1,104,rs:main Q:Reg,ip-10-100-1-186,62,kill,2,0,"[{'name': 'pid', 'type': 'pid_t', 'value': 506}, {'name': 'sig', 'type': 'int', 'value': 22}]",0,0
16026.007135,506,1,104,rs:main Q:Reg,ip-10-100-1-186,1003,cap_capable,1,0,"[{'name': 'cap', 'type': 'int', 'value': 'CAP_SYS_RESOURCE'}]",0,0
16026.007168,506,1,104,rs:main Q:Reg,ip-10-100-1-186,1003,cap_capable,1,0,"[{'name': 'cap', 'type': 'int', 'value': 'CAP_SYS_RESOURCE'}]",0,0
16026.022109,159,1,0,systemd-journal,ip-10-100-1-186,3,close,1,0,"[{'name': 'fd', 'type': 'int', 'value': 34}]",0,0
16026.022236,159,1,0,systemd-journal,ip-10-100-1-186,21,access,2,0,"[{'name': 'pathname', 'type': 'const char*', 'value': '/run/systemd/journal/flushed'}, {'name': 'mode', 'type': 'int', 'value': 'F_OK'}]",0,0
16026.022284,159,1,0,systemd-journal,ip-10-100-1-186,1005,security_file_open,4,0,"[{'name': 'pathname', 'type': 'const char*', 'value': '/var/log/journal/cd4bbb49080545c3aed82cc00b5f152b/system.journal'}, {'name': 'flags', 'type': 'unsigned int', 'value': 'O_RDWR|O_CREAT|O_NONBLOCK|O_LARGEFILE'}, {'name': 'dev', 'type': 'dev_t', 'value': 211812353}, {'name': 'inode', 'type': 'unsigned long', 'value': 274142}]",0,0
16026.022314,159,1,0,systemd-journal,ip-10-100-1-186,257,openat,4,34,"[{'name': 'dirfd', 'type': 'int', 'value': -100}, {'name': 'pathname', 'type': 'const char*', 'value': '/var/log/journal/cd4bbb49080545c3aed82cc00b5f152b/system.journal'}, {'name': 'flags', 'type': 'unsigned int', 'value': 'O_RDWR|O_CREAT|O_NONBLOCK|O_CLOEXEC'}, {'name': 'mode', 'type': 'int', 'value': 154005284}]",0,0
16026.02235,159,1,0,systemd-journal,ip-10-100-1-186,5,fstat,2,0,"[{'name': 'fd', 'type': 'int', 'value': 34}, {'name': 'statbuf', 'type': 'struct stat*', 'value': '0x558C39ED0EA8'}]",0,0
16026.022412,159,1,0,systemd-journal,ip-10-100-1-186,257,openat,4,-2,"[{'name': 'dirfd', 'type': 'int', 'value': -100}, {'name': 'pathname', 'type': 'const char*', 'value': '/var/log/journal/cd4bbb49080545c3aed82cc00b5f152b/fss'}, {'name': 'flags', 'type': 'unsigned int', 'value': 'O_RDWR|O_NOCTTY|O_CLOEXEC'}, {'name': 'mode', 'type': 'int', 'value': 154005284}]",0,0
16026.036984,506,1,104,rs:main Q:Reg,ip-10-100-1-186,62,kill,2,0,"[{'name': 'pid', 'type': 'pid_t', 'value': 506}, {'name': 'sig', 'type': 'int', 'value': 22}]",0,0
16026.037124,506,1,104,rs:main Q:Reg,ip-10-100-1-186,62,kill,2,0,"[{'name': 'pid', 'type': 'pid_t', 'value': 506}, {'name': 'sig', 'type': 'int', 'value': 22}]",0,0
16026.037236,506,1,104,rs:main Q:Reg,ip-10-100-1-186,1003,cap_capable,1,0,"[{'name': 'cap', 'type': 'int', 'value': 'CAP_SYS_RESOURCE'}]",0,0
16026.03727,506,1,104,rs:main Q:Reg,ip-10-100-1-186,1003,cap_capable,1,0,"[{'name': 'cap', 'type': 'int', 'value': 'CAP_SYS_RESOURCE'}]",0,0
16026.044943,159,1,0,systemd-journal,ip-10-100-1-186,3,close,1,0,"[{'name': 'fd', 'type': 'int', 'value': 34}]",0,0
16026.045088,159,1,0,systemd-journal,ip-10-100-1-186,1003,cap_capable,1,0,"[{'name': 'cap', 'type': 'int', 'value': 'CAP_SYS_ADMIN'}]",0,0
16026.045163,159,1,0,systemd-journal,ip-10-100-1-186,21,access,2,0,"[{'name': 'pathname', 'type': 'const char*', 'value': '/run/systemd/journal/flushed'}, {'name': 'mode', 'type': 'int', 'value': 'F_OK'}]",0,0
16026.045207,159,1,0,systemd-journal,ip-10-100-1-186,1005,security_file_open,4,0,"[{'name': 'pathname', 'type': 'const char*', 'value': '/var/log/journal/cd4bbb49080545c3aed82cc00b5f152b/system.journal'}, {'name': 'flags', 'type': 'unsigned int', 'value': 'O_RDWR|O_CREAT|O_NONBLOCK|O_LARGEFILE'}, {'name': 'dev', 'type': 'dev_t', 'value': 211812353}, {'name': 'inode', 'type': 'unsigned long', 'value': 274142}]",0,0
16026.045241,159,1,0,systemd-journal,ip-10-100-1-186,257,openat,4,34,"[{'name': 'dirfd', 'type': 'int', 'value': -100}, {'name': 'pathname', 'type': 'const char*', 'value': '/var/log/journal/cd4bbb49080545c3aed82cc00b5f152b/system.journal'}, {'name': 'flags', 'type': 'unsigned int', 'value': 'O_RDWR|O_CREAT|O_NONBLOCK|O_CLOEXEC'}, {'name': 'mode', 'type': 'int', 'value': 154005284}]",0,0
16026.04528,159,1,0,systemd-journal,ip-10-100-1-186,5,fstat,2,0,"[{'name': 'fd', 'type': 'int', 'value': 34}, {'name': 'statbuf', 'type': 'struct stat*', 'value': '0x558C39ED0EA8'}]",0,0
16026.045346,159,1,0,systemd-journal,ip-10-100-1-186,257,openat,4,-2,"[{'name': 'dirfd', 'type': 'int', 'value': -100}, {'name': 'pathname', 'type': 'const char*', 'value': '/var/log/journal/cd4bbb49080545c3aed82cc00b5f152b/fss'}, {'name': 'flags', 'type': 'unsigned int', 'value': 'O_RDWR|O_NOCTTY|O_CLOEXEC'}, {'name': 'mode', 'type': 'int', 'value': 154005284}]",0,0
16026.060338,506,1,104,rs:main Q:Reg,ip-10-100-1-186,62,kill,2,0,"[{'name': 'pid', 'type': 'pid_t', 'value': 506}, {'name': 'sig', 'type': 'int', 'value': 22}]",0,0
16026.060521,506,1,104,rs:main Q:Reg,ip-10-100-1-186,62,kill,2,0,"[{'name': 'pid', 'type': 'pid_t', 'value': 506}, {'name': 'sig', 'type': 'int', 'value': 22}]",0,0
16026.060637,506,1,104,rs:main Q:Reg,ip-10-100-1-186,1003,cap_capable,1,0,"[{'name': 'cap', 'type': 'int', 'value': 'CAP_SYS_RESOURCE'}]",0,0
16026.060672,506,1,104,rs:main Q:Reg,ip-10-100-1-186,1003,cap_capable,1,0,"[{'name': 'cap', 'type': 'int', 'value': 'CAP_SYS_RESOURCE'}]",0,0
16026.068537,159,1,0,systemd-journal,ip-10-100-1-186,3,close,1,0,"[{'name': 'fd', 'type': 'int', 'value': 34}]",0,0
16026.068645,159,1,0,systemd-journal,ip-10-100-1-186,21,access,2,0,"[{'name': 'pathname', 'type': 'const char*', 'value': '/run/systemd/journal/flushed'}, {'name': 'mode', 'type': 'int', 'value': 'F_OK'}]",0,0
16026.068703,159,1,0,systemd-journal,ip-10-100-1-186,1005,security_file_open,4,0,"[{'name': 'pathname', 'type': 'const char*', 'value': '/var/log/journal/cd4bbb49080545c3aed82cc00b5f152b/system.journal'}, {'name': 'flags', 'type': 'unsigned int', 'value': 'O_RDWR|O_CREAT|O_NONBLOCK|O_LARGEFILE'}, {'name': 'dev', 'type': 'dev_t', 'value': 211812353}, {'name': 'inode', 'type': 'unsigned long', 'value': 274142}]",0,0
16026.068764,159,1,0,systemd-journal,ip-10-100-1-186,257,openat,4,34,"[{'name': 'dirfd', 'type': 'int', 'value': -100}, {'name': 'pathname', 'type': 'const char*', 'value': '/var/log/journal/cd4bbb49080545c3aed82cc00b5f152b/system.journal'}, {'name': 'flags', 'type': 'unsigned int', 'value': 'O_RDWR|O_CREAT|O_NONBLOCK|O_CLOEXEC'}, {'name': 'mode', 'type': 'int', 'value': 154005284}]",0,0
16026.068805,159,1,0,systemd-journal,ip-10-100-1-186,5,fstat,2,0,"[{'name': 'fd', 'type': 'int', 'value': 34}, {'name': 'statbuf', 'type': 'struct stat*', 'value': '0x558C39ED0EA8'}]",0,0
16026.06887,159,1,0,systemd-journal,ip-10-100-1-186,257,openat,4,-2,"[{'name': 'dirfd', 'type': 'int', 'value': -100}, {'name': 'pathname', 'type': 'const char*', 'value': '/var/log/journal/cd4bbb49080545c3aed82cc00b5f152b/fss'}, {'name': 'flags', 'type': 'unsigned int', 'value': 'O_RDWR|O_NOCTTY|O_CLOEXEC'}, {'name': 'mode', 'type': 'int', 'value': 154005284}]",0,0
16026.083678,506,1,104,rs:main Q:Reg,ip-10-100-1-186,62,kill,2,0,"[{'name': 'pid', 'type': 'pid_t', 'value': 506}, {'name': 'sig', 'type': 'int', 'value': 22}]",0,0
16026.083822,506,1,104,rs:main Q:Reg,ip-10-100-1-186,62,kill,2,0,"[{'name': 'pid', 'type': 'pid_t', 'value': 506}, {'name': 'sig', 'type': 'int', 'value': 22}]",0,0
16026.083939,506,1,104,rs:main Q:Reg,ip-10-100-1-186,1003,cap_capable,1,0,"[{'name': 'cap', 'type': 'int', 'value': 'CAP_SYS_RESOURCE'}]",0,0
16026.083976,506,1,104,rs:main Q:Reg,ip-10-100-1-186,1003,cap_capable,1,0,"[{'name': 'cap', 'type': 'int', 'value': 'CAP_SYS_RESOURCE'}]",0,0
16026.091694,159,1,0,systemd-journal,ip-10-100-1-186,3,close,1,0,"[{'name': 'fd', 'type': 'int', 'value': 34}]",0,0
16026.091844,159,1,0,systemd-journal,ip-10-100-1-186,1003,cap_capable,1,0,"[{'name': 'cap', 'type': 'int', 'value': 'CAP_SYS_ADMIN'}]",0,0
16026.09192,159,1,0,systemd-journal,ip-10-100-1-186,21,access,2,0,"[{'name': 'pathname', 'type': 'const char*', 'value': '/run/systemd/journal/flushed'}, {'name': 'mode', 'type': 'int', 'value': 'F_OK'}]",0,0
16026.091967,159,1,0,systemd-journal,ip-10-100-1-186,1005,security_file_open,4,0,"[{'name': 'pathname', 'type': 'const char*', 'value': '/var/log/journal/cd4bbb49080545c3aed82cc00b5f152b/system.journal'}, {'name': 'flags', 'type': 'unsigned int', 'value': 'O_RDWR|O_CREAT|O_NONBLOCK|O_LARGEFILE'}, {'name': 'dev', 'type': 'dev_t', 'value': 211812353}, {'name': 'inode', 'type': 'unsigned long', 'value': 274142}]",0,0
16026.092,159,1,0,systemd-journal,ip-10-100-1-186,257,openat,4,34,"[{'name': 'dirfd', 'type': 'int', 'value': -100}, {'name': 'pathname', 'type': 'const char*', 'value': '/var/log/journal/cd4bbb49080545c3aed82cc00b5f152b/system.journal'}, {'name': 'flags', 'type': 'unsigned int', 'value': 'O_RDWR|O_CREAT|O_NONBLOCK|O_CLOEXEC'}, {'name': 'mode', 'type': 'int', 'value': 154005284}]",0,0
16026.092039,159,1,0,systemd-journal,ip-10-100-1-186,5,fstat,2,0,"[{'name': 'fd', 'type': 'int', 'value': 34}, {'name': 'statbuf', 'type': 'struct stat*', 'value': '0x558C39ED0EA8'}]",0,0
16026.092105,159,1,0,systemd-journal,ip-10-100-1-186,257,openat,4,-2,"[{'name': 'dirfd', 'type': 'int', 'value': -100}, {'name': 'pathname', 'type': 'const char*', 'value': '/var/log/journal/cd4bbb49080545c3aed82cc00b5f152b/fss'}, {'name': 'flags', 'type': 'unsigned int', 'value': 'O_RDWR|O_NOCTTY|O_CLOEXEC'}, {'name': 'mode', 'type': 'int', 'value': 154005284}]",0,0
16026.107415,506,1,104,rs:main Q:Reg,ip-10-100-1-186,62,kill,2,0,"[{'name': 'pid', 'type': 'pid_t', 'value': 506}, {'name': 'sig', 'type': 'int', 'value': 22}]",0,0
16026.107565,506,1,104,rs:main Q:Reg,ip-10-100-1-186,62,kill,2,0,"[{'name': 'pid', 'type': 'pid_t', 'value': 506}, {'name': 'sig', 'type': 'int', 'value': 22}]",0,0
16026.107697,506,1,104,rs:main Q:Reg,ip-10-100-1-186,1003,cap_capable,1,0,"[{'name': 'cap', 'type': 'int', 'value': 'CAP_SYS_RESOURCE'}]",0,0
16026.107734,506,1,104,rs:main Q:Reg,ip-10-100-1-186,1003,cap_capable,1,0,"[{'name': 'cap', 'type': 'int', 'value': 'CAP_SYS_RESOURCE'}]",0,0
16026.122648,159,1,0,systemd-journal,ip-10-100-1-186,3,close,1,0,"[{'name': 'fd', 'type': 'int', 'value': 34}]",0,0
16026.122763,159,1,0,systemd-journal,ip-10-100-1-186,21,access,2,0,"[{'name': 'pathname', 'type': 'const char*', 'value': '/run/systemd/journal/flushed'}, {'name': 'mode', 'type': 'int', 'value': 'F_OK'}]",0,0
16026.122816,159,1,0,systemd-journal,ip-10-100-1-186,1005,security_file_open,4,0,"[{'name': 'pathname', 'type': 'const char*', 'value': '/var/log/journal/cd4bbb49080545c3aed82cc00b5f152b/system.journal'}, {'name': 'flags', 'type': 'unsigned int', 'value': 'O_RDWR|O_CREAT|O_NONBLOCK|O_LARGEFILE'}, {'name': 'dev', 'type': 'dev_t', 'value': 211812353}, {'name': 'inode', 'type': 'unsigned long', 'value': 274142}]",0,0
16026.122849,159,1,0,systemd-journal,ip-10-100-1-186,257,openat,4,34,"[{'name': 'dirfd', 'type': 'int', 'value': -100}, {'name': 'pathname', 'type': 'const char*', 'value': '/var/log/journal/cd4bbb49080545c3aed82cc00b5f152b/system.journal'}, {'name': 'flags', 'type': 'unsigned int', 'value': 'O_RDWR|O_CREAT|O_NONBLOCK|O_CLOEXEC'}, {'name': 'mode', 'type': 'int', 'value': 154005284}]",0,0
16026.122889,159,1,0,systemd-journal,ip-10-100-1-186,5,fstat,2,0,"[{'name': 'fd', 'type': 'int', 'value': 34}, {'name': 'statbuf', 'type': 'struct stat*', 'value': '0x558C39ED0EA8'}]",0,0
16026.122957,159,1,0,systemd-journal,ip-10-100-1-186,257,openat,4,-2,"[{'name': 'dirfd', 'type': 'int', 'value': -100}, {'name': 'pathname', 'type': 'const char*', 'value': '/var/log/journal/cd4bbb49080545c3aed82cc00b5f152b/fss'}, {'name': 'flags', 'type': 'unsigned int', 'value': 'O_RDWR|O_NOCTTY|O_CLOEXEC'}, {'name': 'mode', 'type': 'int', 'value': 154005284}]",0,0
16026.130728,506,1,104,rs:main Q:Reg,ip-10-100-1-186,62,kill,2,0,"[{'name': 'pid', 'type': 'pid_t', 'value': 506}, {'name': 'sig', 'type': 'int', 'value': 22}]",0,0
16026.130862,506,1,104,rs:main Q:Reg,ip-10-100-1-186,62,kill,2,0,"[{'name': 'pid', 'type': 'pid_t', 'value': 506}, {'name': 'sig', 'type': 'int', 'value': 22}]",0,0
16026.130972,506,1,104,rs:main Q:Reg,ip-10-100-1-186,1003,cap_capable,1,0,"[{'name': 'cap', 'type': 'int', 'value': 'CAP_SYS_RESOURCE'}]",0,0
16026.131016,506,1,104,rs:main Q:Reg,ip-10-100-1-186,1003,cap_capable,1,0,"[{'name': 'cap', 'type': 'int', 'value': 'CAP_SYS_RESOURCE'}]",0,0
16026.145813,159,1,0,systemd-journal,ip-10-100-1-186,3,close,1,0,"[{'name': 'fd', 'type': 'int', 'value': 34}]",0,0
16026.14599,159,1,0,systemd-journal,ip-10-100-1-186,1003,cap_capable,1,0,"[{'name': 'cap', 'type': 'int', 'value': 'CAP_SYS_ADMIN'}]",0,0
16026.14607,159,1,0,systemd-journal,ip-10-100-1-186,21,access,2,0,"[{'name': 'pathname', 'type': 'const char*', 'value': '/run/systemd/journal/flushed'}, {'name': 'mode', 'type': 'int', 'value': 'F_OK'}]",0,0
16026.146115,159,1,0,systemd-journal,ip-10-100-1-186,1005,security_file_open,4,0,"[{'name': 'pathname', 'type': 'const char*', 'value': '/var/log/journal/cd4bbb49080545c3aed82cc00b5f152b/system.journal'}, {'name': 'flags', 'type': 'unsigned int', 'value': 'O_RDWR|O_CREAT|O_NONBLOCK|O_LARGEFILE'}, {'name': 'dev', 'type': 'dev_t', 'value': 211812353}, {'name': 'inode', 'type': 'unsigned long', 'value': 274142}]",0,0
16026.146148,159,1,0,systemd-journal,ip-10-100-1-186,257,openat,4,34,"[{'name': 'dirfd', 'type': 'int', 'value': -100}, {'name': 'pathname', 'type': 'const char*', 'value': '/var/log/journal/cd4bbb49080545c3aed82cc00b5f152b/system.journal'}, {'name': 'flags', 'type': 'unsigned int', 'value': 'O_RDWR|O_CREAT|O_NONBLOCK|O_CLOEXEC'}, {'name': 'mode', 'type': 'int', 'value': 154005284}]",0,0
16026.146189,159,1,0,systemd-journal,ip-10-100-1-186,5,fstat,2,0,"[{'name': 'fd', 'type': 'int', 'value': 34}, {'name': 'statbuf', 'type': 'struct stat*', 'value': '0x558C39ED0EA8'}]",0,0
16026.146257,159,1,0,systemd-journal,ip-10-100-1-186,257,openat,4,-2,"[{'name': 'dirfd', 'type': 'int', 'value': -100}, {'name': 'pathname', 'type': 'const char*', 'value': '/var/log/journal/cd4bbb49080545c3aed82cc00b5f152b/fss'}, {'name': 'flags', 'type': 'unsigned int', 'value': 'O_RDWR|O_NOCTTY|O_CLOEXEC'}, {'name': 'mode', 'type': 'int', 'value': 154005284}]",0,0
16026.154056,506,1,104,rs:main Q:Reg,ip-10-100-1-186,62,kill,2,0,"[{'name': 'pid', 'type': 'pid_t', 'value': 506}, {'name': 'sig', 'type': 'int', 'value': 22}]",0,0
16026.154188,506,1,104,rs:main Q:Reg,ip-10-100-1-186,62,kill,2,0,"[{'name': 'pid', 'type': 'pid_t', 'value': 506}, {'name': 'sig', 'type': 'int', 'value': 22}]",0,0
16026.1543,506,1,104,rs:main Q:Reg,ip-10-100-1-186,1003,cap_capable,1,0,"[{'name': 'cap', 'type': 'int', 'value': 'CAP_SYS_RESOURCE'}]",0,0
16026.154333,506,1,104,rs:main Q:Reg,ip-10-100-1-186,1003,cap_capable,1,0,"[{'name': 'cap', 'type': 'int', 'value': 'CAP_SYS_RESOURCE'}]",0,0
16026.169167,159,1,0,systemd-journal,ip-10-100-1-186,3,close,1,0,"[{'name': 'fd', 'type': 'int', 'value': 34}]",0,0
16026.169285,159,1,0,systemd-journal,ip-10-100-1-186,21,access,2,0,"[{'name': 'pathname', 'type': 'const char*', 'value': '/run/systemd/journal/flushed'}, {'name': 'mode', 'type': 'int', 'value': 'F_OK'}]",0,0
16026.169337,159,1,0,systemd-journal,ip-10-100-1-186,1005,security_file_open,4,0,"[{'name': 'pathname', 'type': 'const char*', 'value': '/var/log/journal/cd4bbb49080545c3aed82cc00b5f152b/system.journal'}, {'name': 'flags', 'type': 'unsigned int', 'value': 'O_RDWR|O_CREAT|O_NONBLOCK|O_LARGEFILE'}, {'name': 'dev', 'type': 'dev_t', 'value': 211812353}, {'name': 'inode', 'type': 'unsigned long', 'value': 274142}]",0,0
16026.16937,159,1,0,systemd-journal,ip-10-100-1-186,257,openat,4,34,"[{'name': 'dirfd', 'type': 'int', 'value': -100}, {'name': 'pathname', 'type': 'const char*', 'value': '/var/log/journal/cd4bbb49080545c3aed82cc00b5f152b/system.journal'}, {'name': 'flags', 'type': 'unsigned int', 'value': 'O_RDWR|O_CREAT|O_NONBLOCK|O_CLOEXEC'}, {'name': 'mode', 'type': 'int', 'value': 154005284}]",0,0
16026.169409,159,1,0,systemd-journal,ip-10-100-1-186,5,fstat,2,0,"[{'name': 'fd', 'type': 'int', 'value': 34}, {'name': 'statbuf', 'type': 'struct stat*', 'value': '0x558C39ED0EA8'}]",0,0
16026.169482,159,1,0,systemd-journal,ip-10-100-1-186,257,openat,4,-2,"[{'name': 'dirfd', 'type': 'int', 'value': -100}, {'name': 'pathname', 'type': 'const char*', 'value': '/var/log/journal/cd4bbb49080545c3aed82cc00b5f152b/fss'}, {'name': 'flags', 'type': 'unsigned int', 'value': 'O_RDWR|O_NOCTTY|O_CLOEXEC'}, {'name': 'mode', 'type': 'int', 'value': 154005284}]",0,0
16026.184386,506,1,104,rs:main Q:Reg,ip-10-100-1-186,62,kill,2,0,"[{'name': 'pid', 'type': 'pid_t', 'value': 506}, {'name': 'sig', 'type': 'int', 'value': 22}]",0,0
16026.184535,506,1,104,rs:main Q:Reg,ip-10-100-1-186,62,kill,2,0,"[{'name': 'pid', 'type': 'pid_t', 'value': 506}, {'name': 'sig', 'type': 'int', 'value': 22}]",0,0
16026.184653,506,1,104,rs:main Q:Reg,ip-10-100-1-186,1003,cap_capable,1,0,"[{'name': 'cap', 'type': 'int', 'value': 'CAP_SYS_RESOURCE'}]",0,0
16026.184711,506,1,104,rs:main Q:Reg,ip-10-100-1-186,1003,cap_capable,1,0,"[{'name': 'cap', 'type': 'int', 'value': 'CAP_SYS_RESOURCE'}]",0,0
16026.192436,159,1,0,systemd-journal,ip-10-100-1-186,3,close,1,0,"[{'name': 'fd', 'type': 'int', 'value': 34}]",0,0
16026.192586,159,1,0,systemd-journal,ip-10-100-1-186,1003,cap_capable,1,0,"[{'name': 'cap', 'type': 'int', 'value': 'CAP_SYS_ADMIN'}]",0,0
16026.192661,159,1,0,systemd-journal,ip-10-100-1-186,21,access,2,0,"[{'name': 'pathname', 'type': 'const char*', 'value': '/run/systemd/journal/flushed'}, {'name': 'mode', 'type': 'int', 'value': 'F_OK'}]",0,0
16026.19272,159,1,0,systemd-journal,ip-10-100-1-186,1005,security_file_open,4,0,"[{'name': 'pathname', 'type': 'const char*', 'value': '/var/log/journal/cd4bbb49080545c3aed82cc00b5f152b/system.journal'}, {'name': 'flags', 'type': 'unsigned int', 'value': 'O_RDWR|O_CREAT|O_NONBLOCK|O_LARGEFILE'}, {'name': 'dev', 'type': 'dev_t', 'value': 211812353}, {'name': 'inode', 'type': 'unsigned long', 'value': 274142}]",0,0
16026.192758,159,1,0,systemd-journal,ip-10-100-1-186,257,openat,4,34,"[{'name': 'dirfd', 'type': 'int', 'value': -100}, {'name': 'pathname', 'type': 'const char*', 'value': '/var/log/journal/cd4bbb49080545c3aed82cc00b5f152b/system.journal'}, {'name': 'flags', 'type': 'unsigned int', 'value': 'O_RDWR|O_CREAT|O_NONBLOCK|O_CLOEXEC'}, {'name': 'mode', 'type': 'int', 'value': 154005284}]",0,0
16026.192799,159,1,0,systemd-journal,ip-10-100-1-186,5,fstat,2,0,"[{'name': 'fd', 'type': 'int', 'value': 34}, {'name': 'statbuf', 'type': 'struct stat*', 'value': '0x558C39ED0EA8'}]",0,0
16026.207882,506,1,104,rs:main Q:Reg,ip-10-100-1-186,62,kill,2,0,"[{'name': 'pid', 'type': 'pid_t', 'value': 506}, {'name': 'sig', 'type': 'int', 'value': 22}]",0,0
16026.207741,506,1,104,rs:main Q:Reg,ip-10-100-1-186,62,kill,2,0,"[{'name': 'pid', 'type': 'pid_t', 'value': 506}, {'name': 'sig', 'type': 'int', 'value': 22}]",0,0
16026.192864,159,1,0,systemd-journal,ip-10-100-1-186,257,openat,4,-2,"[{'name': 'dirfd', 'type': 'int', 'value': -100}, {'name': 'pathname', 'type': 'const char*', 'value': '/var/log/journal/cd4bbb49080545c3aed82cc00b5f152b/fss'}, {'name': 'flags', 'type': 'unsigned int', 'value': 'O_RDWR|O_NOCTTY|O_CLOEXEC'}, {'name': 'mode', 'type': 'int', 'value': 154005284}]",0,0
16026.207995,506,1,104,rs:main Q:Reg,ip-10-100-1-186,1003,cap_capable,1,0,"[{'name': 'cap', 'type': 'int', 'value': 'CAP_SYS_RESOURCE'}]",0,0
16026.208043,506,1,104,rs:main Q:Reg,ip-10-100-1-186,1003,cap_capable,1,0,"[{'name': 'cap', 'type': 'int', 'value': 'CAP_SYS_RESOURCE'}]",0,0
16026.215739,159,1,0,systemd-journal,ip-10-100-1-186,3,close,1,0,"[{'name': 'fd', 'type': 'int', 'value': 34}]",0,0
16026.21584,159,1,0,systemd-journal,ip-10-100-1-186,21,access,2,0,"[{'name': 'pathname', 'type': 'const char*', 'value': '/run/systemd/journal/flushed'}, {'name': 'mode', 'type': 'int', 'value': 'F_OK'}]",0,0
16026.215891,159,1,0,systemd-journal,ip-10-100-1-186,1005,security_file_open,4,0,"[{'name': 'pathname', 'type': 'const char*', 'value': '/var/log/journal/cd4bbb49080545c3aed82cc00b5f152b/system.journal'}, {'name': 'flags', 'type': 'unsigned int', 'value': 'O_RDWR|O_CREAT|O_NONBLOCK|O_LARGEFILE'}, {'name': 'dev', 'type': 'dev_t', 'value': 211812353}, {'name': 'inode', 'type': 'unsigned long', 'value': 274142}]",0,0
16026.215924,159,1,0,systemd-journal,ip-10-100-1-186,257,openat,4,34,"[{'name': 'dirfd', 'type': 'int', 'value': -100}, {'name': 'pathname', 'type': 'const char*', 'value': '/var/log/journal/cd4bbb49080545c3aed82cc00b5f152b/system.journal'}, {'name': 'flags', 'type': 'unsigned int', 'value': 'O_RDWR|O_CREAT|O_NONBLOCK|O_CLOEXEC'}, {'name': 'mode', 'type': 'int', 'value': 154005284}]",0,0
16026.216028,159,1,0,systemd-journal,ip-10-100-1-186,257,openat,4,-2,"[{'name': 'dirfd', 'type': 'int', 'value': -100}, {'name': 'pathname', 'type': 'const char*', 'value': '/var/log/journal/cd4bbb49080545c3aed82cc00b5f152b/fss'}, {'name': 'flags', 'type': 'unsigned int', 'value': 'O_RDWR|O_NOCTTY|O_CLOEXEC'}, {'name': 'mode', 'type': 'int', 'value': 154005284}]",0,0
16026.231164,506,1,104,rs:main Q:Reg,ip-10-100-1-186,62,kill,2,0,"[{'name': 'pid', 'type': 'pid_t', 'value': 506}, {'name': 'sig', 'type': 'int', 'value': 22}]",0,0
16026.215962,159,1,0,systemd-journal,ip-10-100-1-186,5,fstat,2,0,"[{'name': 'fd', 'type': 'int', 'value': 34}, {'name': 'statbuf', 'type': 'struct stat*', 'value': '0x558C39ED0EA8'}]",0,0
16026.231282,506,1,104,rs:main Q:Reg,ip-10-100-1-186,1003,cap_capable,1,0,"[{'name': 'cap', 'type': 'int', 'value': 'CAP_SYS_RESOURCE'}]",0,0
16026.231017,506,1,104,rs:main Q:Reg,ip-10-100-1-186,62,kill,2,0,"[{'name': 'pid', 'type': 'pid_t', 'value': 506}, {'name': 'sig', 'type': 'int', 'value': 22}]",0,0
16026.231321,506,1,104,rs:main Q:Reg,ip-10-100-1-186,1003,cap_capable,1,0,"[{'name': 'cap', 'type': 'int', 'value': 'CAP_SYS_RESOURCE'}]",0,0
16026.239111,159,1,0,systemd-journal,ip-10-100-1-186,3,close,1,0,"[{'name': 'fd', 'type': 'int', 'value': 34}]",0,0
16026.239253,159,1,0,systemd-journal,ip-10-100-1-186,1003,cap_capable,1,0,"[{'name': 'cap', 'type': 'int', 'value': 'CAP_SYS_ADMIN'}]",0,0
16026.239329,159,1,0,systemd-journal,ip-10-100-1-186,21,access,2,0,"[{'name': 'pathname', 'type': 'const char*', 'value': '/run/systemd/journal/flushed'}, {'name': 'mode', 'type': 'int', 'value': 'F_OK'}]",0,0
16026.239374,159,1,0,systemd-journal,ip-10-100-1-186,1005,security_file_open,4,0,"[{'name': 'pathname', 'type': 'const char*', 'value': '/var/log/journal/cd4bbb49080545c3aed82cc00b5f152b/system.journal'}, {'name': 'flags', 'type': 'unsigned int', 'value': 'O_RDWR|O_CREAT|O_NONBLOCK|O_LARGEFILE'}, {'name': 'dev', 'type': 'dev_t', 'value': 211812353}, {'name': 'inode', 'type': 'unsigned long', 'value': 274142}]",0,0
16026.239407,159,1,0,systemd-journal,ip-10-100-1-186,257,openat,4,34,"[{'name': 'dirfd', 'type': 'int', 'value': -100}, {'name': 'pathname', 'type': 'const char*', 'value': '/var/log/journal/cd4bbb49080545c3aed82cc00b5f152b/system.journal'}, {'name': 'flags', 'type': 'unsigned int', 'value': 'O_RDWR|O_CREAT|O_NONBLOCK|O_CLOEXEC'}, {'name': 'mode', 'type': 'int', 'value': 154005284}]",0,0
16026.239446,159,1,0,systemd-journal,ip-10-100-1-186,5,fstat,2,0,"[{'name': 'fd', 'type': 'int', 'value': 34}, {'name': 'statbuf', 'type': 'struct stat*', 'value': '0x558C39ED0EA8'}]",0,0
16026.239511,159,1,0,systemd-journal,ip-10-100-1-186,257,openat,4,-2,"[{'name': 'dirfd', 'type': 'int', 'value': -100}, {'name': 'pathname', 'type': 'const char*', 'value': '/var/log/journal/cd4bbb49080545c3aed82cc00b5f152b/fss'}, {'name': 'flags', 'type': 'unsigned int', 'value': 'O_RDWR|O_NOCTTY|O_CLOEXEC'}, {'name': 'mode', 'type': 'int', 'value': 154005284}]",0,0
16026.254697,506,1,104,rs:main Q:Reg,ip-10-100-1-186,62,kill,2,0,"[{'name': 'pid', 'type': 'pid_t', 'value': 506}, {'name': 'sig', 'type': 'int', 'value': 22}]",0,0
16026.254841,506,1,104,rs:main Q:Reg,ip-10-100-1-186,62,kill,2,0,"[{'name': 'pid', 'type': 'pid_t', 'value': 506}, {'name': 'sig', 'type': 'int', 'value': 22}]",0,0
16026.254959,506,1,104,rs:main Q:Reg,ip-10-100-1-186,1003,cap_capable,1,0,"[{'name': 'cap', 'type': 'int', 'value': 'CAP_SYS_RESOURCE'}]",0,0
16026.254996,506,1,104,rs:main Q:Reg,ip-10-100-1-186,1003,cap_capable,1,0,"[{'name': 'cap', 'type': 'int', 'value': 'CAP_SYS_RESOURCE'}]",0,0
16026.262708,159,1,0,systemd-journal,ip-10-100-1-186,3,close,1,0,"[{'name': 'fd', 'type': 'int', 'value': 34}]",0,0
16026.26281,159,1,0,systemd-journal,ip-10-100-1-186,21,access,2,0,"[{'name': 'pathname', 'type': 'const char*', 'value': '/run/systemd/journal/flushed'}, {'name': 'mode', 'type': 'int', 'value': 'F_OK'}]",0,0
16026.262861,159,1,0,systemd-journal,ip-10-100-1-186,1005,security_file_open,4,0,"[{'name': 'pathname', 'type': 'const char*', 'value': '/var/log/journal/cd4bbb49080545c3aed82cc00b5f152b/system.journal'}, {'name': 'flags', 'type': 'unsigned int', 'value': 'O_RDWR|O_CREAT|O_NONBLOCK|O_LARGEFILE'}, {'name': 'dev', 'type': 'dev_t', 'value': 211812353}, {'name': 'inode', 'type': 'unsigned long', 'value': 274142}]",0,0
16026.262896,159,1,0,systemd-journal,ip-10-100-1-186,257,openat,4,34,"[{'name': 'dirfd', 'type': 'int', 'value': -100}, {'name': 'pathname', 'type': 'const char*', 'value': '/var/log/journal/cd4bbb49080545c3aed82cc00b5f152b/system.journal'}, {'name': 'flags', 'type': 'unsigned int', 'value': 'O_RDWR|O_CREAT|O_NONBLOCK|O_CLOEXEC'}, {'name': 'mode', 'type': 'int', 'value': 154005284}]",0,0
16026.262935,159,1,0,systemd-journal,ip-10-100-1-186,5,fstat,2,0,"[{'name': 'fd', 'type': 'int', 'value': 34}, {'name': 'statbuf', 'type': 'struct stat*', 'value': '0x558C39ED0EA8'}]",0,0
16026.263,159,1,0,systemd-journal,ip-10-100-1-186,257,openat,4,-2,"[{'name': 'dirfd', 'type': 'int', 'value': -100}, {'name': 'pathname', 'type': 'const char*', 'value': '/var/log/journal/cd4bbb49080545c3aed82cc00b5f152b/fss'}, {'name': 'flags', 'type': 'unsigned int', 'value': 'O_RDWR|O_NOCTTY|O_CLOEXEC'}, {'name': 'mode', 'type': 'int', 'value': 154005284}]",0,0
16026.278013,506,1,104,rs:main Q:Reg,ip-10-100-1-186,62,kill,2,0,"[{'name': 'pid', 'type': 'pid_t', 'value': 506}, {'name': 'sig', 'type': 'int', 'value': 22}]",0,0
16026.278175,506,1,104,rs:main Q:Reg,ip-10-100-1-186,62,kill,2,0,"[{'name': 'pid', 'type': 'pid_t', 'value': 506}, {'name': 'sig', 'type': 'int', 'value': 22}]",0,0
16026.278289,506,1,104,rs:main Q:Reg,ip-10-100-1-186,1003,cap_capable,1,0,"[{'name': 'cap', 'type': 'int', 'value': 'CAP_SYS_RESOURCE'}]",0,0
16026.278323,506,1,104,rs:main Q:Reg,ip-10-100-1-186,1003,cap_capable,1,0,"[{'name': 'cap', 'type': 'int', 'value': 'CAP_SYS_RESOURCE'}]",0,0
16026.292914,159,1,0,systemd-journal,ip-10-100-1-186,3,close,1,0,"[{'name': 'fd', 'type': 'int', 'value': 34}]",0,0
16026.293079,159,1,0,systemd-journal,ip-10-100-1-186,1003,cap_capable,1,0,"[{'name': 'cap', 'type': 'int', 'value': 'CAP_SYS_ADMIN'}]",0,0
16026.293155,159,1,0,systemd-journal,ip-10-100-1-186,21,access,2,0,"[{'name': 'pathname', 'type': 'const char*', 'value': '/run/systemd/journal/flushed'}, {'name': 'mode', 'type': 'int', 'value': 'F_OK'}]",0,0
16026.293199,159,1,0,systemd-journal,ip-10-100-1-186,1005,security_file_open,4,0,"[{'name': 'pathname', 'type': 'const char*', 'value': '/var/log/journal/cd4bbb49080545c3aed82cc00b5f152b/system.journal'}, {'name': 'flags', 'type': 'unsigned int', 'value': 'O_RDWR|O_CREAT|O_NONBLOCK|O_LARGEFILE'}, {'name': 'dev', 'type': 'dev_t', 'value': 211812353}, {'name': 'inode', 'type': 'unsigned long', 'value': 274142}]",0,0
16026.293231,159,1,0,systemd-journal,ip-10-100-1-186,257,openat,4,34,"[{'name': 'dirfd', 'type': 'int', 'value': -100}, {'name': 'pathname', 'type': 'const char*', 'value': '/var/log/journal/cd4bbb49080545c3aed82cc00b5f152b/system.journal'}, {'name': 'flags', 'type': 'unsigned int', 'value': 'O_RDWR|O_CREAT|O_NONBLOCK|O_CLOEXEC'}, {'name': 'mode', 'type': 'int', 'value': 154005284}]",0,0
16026.293269,159,1,0,systemd-journal,ip-10-100-1-186,5,fstat,2,0,"[{'name': 'fd', 'type': 'int', 'value': 34}, {'name': 'statbuf', 'type': 'struct stat*', 'value': '0x558C39ED0EA8'}]",0,0
16026.301305,506,1,104,rs:main Q:Reg,ip-10-100-1-186,62,kill,2,0,"[{'name': 'pid', 'type': 'pid_t', 'value': 506}, {'name': 'sig', 'type': 'int', 'value': 22}]",0,0
16026.293335,159,1,0,systemd-journal,ip-10-100-1-186,257,openat,4,-2,"[{'name': 'dirfd', 'type': 'int', 'value': -100}, {'name': 'pathname', 'type': 'const char*', 'value': '/var/log/journal/cd4bbb49080545c3aed82cc00b5f152b/fss'}, {'name': 'flags', 'type': 'unsigned int', 'value': 'O_RDWR|O_NOCTTY|O_CLOEXEC'}, {'name': 'mode', 'type': 'int', 'value': 154005284}]",0,0
16026.301433,506,1,104,rs:main Q:Reg,ip-10-100-1-186,62,kill,2,0,"[{'name': 'pid', 'type': 'pid_t', 'value': 506}, {'name': 'sig', 'type': 'int', 'value': 22}]",0,0
16026.301541,506,1,104,rs:main Q:Reg,ip-10-100-1-186,1003,cap_capable,1,0,"[{'name': 'cap', 'type': 'int', 'value': 'CAP_SYS_RESOURCE'}]",0,0
16026.301574,506,1,104,rs:main Q:Reg,ip-10-100-1-186,1003,cap_capable,1,0,"[{'name': 'cap', 'type': 'int', 'value': 'CAP_SYS_RESOURCE'}]",0,0
16026.316295,159,1,0,systemd-journal,ip-10-100-1-186,3,close,1,0,"[{'name': 'fd', 'type': 'int', 'value': 34}]",0,0
16026.316394,159,1,0,systemd-journal,ip-10-100-1-186,21,access,2,0,"[{'name': 'pathname', 'type': 'const char*', 'value': '/run/systemd/journal/flushed'}, {'name': 'mode', 'type': 'int', 'value': 'F_OK'}]",0,0
16026.31644,159,1,0,systemd-journal,ip-10-100-1-186,1005,security_file_open,4,0,"[{'name': 'pathname', 'type': 'const char*', 'value': '/var/log/journal/cd4bbb49080545c3aed82cc00b5f152b/system.journal'}, {'name': 'flags', 'type': 'unsigned int', 'value': 'O_RDWR|O_CREAT|O_NONBLOCK|O_LARGEFILE'}, {'name': 'dev', 'type': 'dev_t', 'value': 211812353}, {'name': 'inode', 'type': 'unsigned long', 'value': 274142}]",0,0
16026.316469,159,1,0,systemd-journal,ip-10-100-1-186,257,openat,4,34,"[{'name': 'dirfd', 'type': 'int', 'value': -100}, {'name': 'pathname', 'type': 'const char*', 'value': '/var/log/journal/cd4bbb49080545c3aed82cc00b5f152b/system.journal'}, {'name': 'flags', 'type': 'unsigned int', 'value': 'O_RDWR|O_CREAT|O_NONBLOCK|O_CLOEXEC'}, {'name': 'mode', 'type': 'int', 'value': 154005284}]",0,0
16026.316505,159,1,0,systemd-journal,ip-10-100-1-186,5,fstat,2,0,"[{'name': 'fd', 'type': 'int', 'value': 34}, {'name': 'statbuf', 'type': 'struct stat*', 'value': '0x558C39ED0EA8'}]",0,0
16026.316566,159,1,0,systemd-journal,ip-10-100-1-186,257,openat,4,-2,"[{'name': 'dirfd', 'type': 'int', 'value': -100}, {'name': 'pathname', 'type': 'const char*', 'value': '/var/log/journal/cd4bbb49080545c3aed82cc00b5f152b/fss'}, {'name': 'flags', 'type': 'unsigned int', 'value': 'O_RDWR|O_NOCTTY|O_CLOEXEC'}, {'name': 'mode', 'type': 'int', 'value': 154005284}]",0,0
16026.324227,506,1,104,rs:main Q:Reg,ip-10-100-1-186,62,kill,2,0,"[{'name': 'pid', 'type': 'pid_t', 'value': 506}, {'name': 'sig', 'type': 'int', 'value': 22}]",0,0
16026.324368,506,1,104,rs:main Q:Reg,ip-10-100-1-186,62,kill,2,0,"[{'name': 'pid', 'type': 'pid_t', 'value': 506}, {'name': 'sig', 'type': 'int', 'value': 22}]",0,0
16026.324489,506,1,104,rs:main Q:Reg,ip-10-100-1-186,1003,cap_capable,1,0,"[{'name': 'cap', 'type': 'int', 'value': 'CAP_SYS_RESOURCE'}]",0,0
16026.324522,506,1,104,rs:main Q:Reg,ip-10-100-1-186,1003,cap_capable,1,0,"[{'name': 'cap', 'type': 'int', 'value': 'CAP_SYS_RESOURCE'}]",0,0
16026.339488,159,1,0,systemd-journal,ip-10-100-1-186,3,close,1,0,"[{'name': 'fd', 'type': 'int', 'value': 34}]",0,0
16026.339661,159,1,0,systemd-journal,ip-10-100-1-186,1003,cap_capable,1,0,"[{'name': 'cap', 'type': 'int', 'value': 'CAP_SYS_ADMIN'}]",0,0
16026.33974,159,1,0,systemd-journal,ip-10-100-1-186,21,access,2,0,"[{'name': 'pathname', 'type': 'const char*', 'value': '/run/systemd/journal/flushed'}, {'name': 'mode', 'type': 'int', 'value': 'F_OK'}]",0,0
16026.339783,159,1,0,systemd-journal,ip-10-100-1-186,1005,security_file_open,4,0,"[{'name': 'pathname', 'type': 'const char*', 'value': '/var/log/journal/cd4bbb49080545c3aed82cc00b5f152b/system.journal'}, {'name': 'flags', 'type': 'unsigned int', 'value': 'O_RDWR|O_CREAT|O_NONBLOCK|O_LARGEFILE'}, {'name': 'dev', 'type': 'dev_t', 'value': 211812353}, {'name': 'inode', 'type': 'unsigned long', 'value': 274142}]",0,0
16026.339829,159,1,0,systemd-journal,ip-10-100-1-186,257,openat,4,34,"[{'name': 'dirfd', 'type': 'int', 'value': -100}, {'name': 'pathname', 'type': 'const char*', 'value': '/var/log/journal/cd4bbb49080545c3aed82cc00b5f152b/system.journal'}, {'name': 'flags', 'type': 'unsigned int', 'value': 'O_RDWR|O_CREAT|O_NONBLOCK|O_CLOEXEC'}, {'name': 'mode', 'type': 'int', 'value': 154005284}]",0,0
16026.339883,159,1,0,systemd-journal,ip-10-100-1-186,5,fstat,2,0,"[{'name': 'fd', 'type': 'int', 'value': 34}, {'name': 'statbuf', 'type': 'struct stat*', 'value': '0x558C39ED0EA8'}]",0,0
16026.339945,159,1,0,systemd-journal,ip-10-100-1-186,257,openat,4,-2,"[{'name': 'dirfd', 'type': 'int', 'value': -100}, {'name': 'pathname', 'type': 'const char*', 'value': '/var/log/journal/cd4bbb49080545c3aed82cc00b5f152b/fss'}, {'name': 'flags', 'type': 'unsigned int', 'value': 'O_RDWR|O_NOCTTY|O_CLOEXEC'}, {'name': 'mode', 'type': 'int', 'value': 154005284}]",0,0
16026.354758,506,1,104,rs:main Q:Reg,ip-10-100-1-186,62,kill,2,0,"[{'name': 'pid', 'type': 'pid_t', 'value': 506}, {'name': 'sig', 'type': 'int', 'value': 22}]",0,0
16026.354906,506,1,104,rs:main Q:Reg,ip-10-100-1-186,62,kill,2,0,"[{'name': 'pid', 'type': 'pid_t', 'value': 506}, {'name': 'sig', 'type': 'int', 'value': 22}]",0,0
16026.355032,506,1,104,rs:main Q:Reg,ip-10-100-1-186,1003,cap_capable,1,0,"[{'name': 'cap', 'type': 'int', 'value': 'CAP_SYS_RESOURCE'}]",0,0
16026.355066,506,1,104,rs:main Q:Reg,ip-10-100-1-186,1003,cap_capable,1,0,"[{'name': 'cap', 'type': 'int', 'value': 'CAP_SYS_RESOURCE'}]",0,0
16026.362844,159,1,0,systemd-journal,ip-10-100-1-186,3,close,1,0,"[{'name': 'fd', 'type': 'int', 'value': 34}]",0,0
16026.362933,159,1,0,systemd-journal,ip-10-100-1-186,21,access,2,0,"[{'name': 'pathname', 'type': 'const char*', 'value': '/run/systemd/journal/flushed'}, {'name': 'mode', 'type': 'int', 'value': 'F_OK'}]",0,0
16026.362989,159,1,0,systemd-journal,ip-10-100-1-186,1005,security_file_open,4,0,"[{'name': 'pathname', 'type': 'const char*', 'value': '/var/log/journal/cd4bbb49080545c3aed82cc00b5f152b/system.journal'}, {'name': 'flags', 'type': 'unsigned int', 'value': 'O_RDWR|O_CREAT|O_NONBLOCK|O_LARGEFILE'}, {'name': 'dev', 'type': 'dev_t', 'value': 211812353}, {'name': 'inode', 'type': 'unsigned long', 'value': 274142}]",0,0
16026.36302,159,1,0,systemd-journal,ip-10-100-1-186,257,openat,4,34,"[{'name': 'dirfd', 'type': 'int', 'value': -100}, {'name': 'pathname', 'type': 'const char*', 'value': '/var/log/journal/cd4bbb49080545c3aed82cc00b5f152b/system.journal'}, {'name': 'flags', 'type': 'unsigned int', 'value': 'O_RDWR|O_CREAT|O_NONBLOCK|O_CLOEXEC'}, {'name': 'mode', 'type': 'int', 'value': 154005284}]",0,0
16026.363058,159,1,0,systemd-journal,ip-10-100-1-186,5,fstat,2,0,"[{'name': 'fd', 'type': 'int', 'value': 34}, {'name': 'statbuf', 'type': 'struct stat*', 'value': '0x558C39ED0EA8'}]",0,0
16026.36312,159,1,0,systemd-journal,ip-10-100-1-186,257,openat,4,-2,"[{'name': 'dirfd', 'type': 'int', 'value': -100}, {'name': 'pathname', 'type': 'const char*', 'value': '/var/log/journal/cd4bbb49080545c3aed82cc00b5f152b/fss'}, {'name': 'flags', 'type': 'unsigned int', 'value': 'O_RDWR|O_NOCTTY|O_CLOEXEC'}, {'name': 'mode', 'type': 'int', 'value': 154005284}]",0,0
16026.378035,506,1,104,rs:main Q:Reg,ip-10-100-1-186,62,kill,2,0,"[{'name': 'pid', 'type': 'pid_t', 'value': 506}, {'name': 'sig', 'type': 'int', 'value': 22}]",0,0
16026.378172,506,1,104,rs:main Q:Reg,ip-10-100-1-186,62,kill,2,0,"[{'name': 'pid', 'type': 'pid_t', 'value': 506}, {'name': 'sig', 'type': 'int', 'value': 22}]",0,0
16026.378284,506,1,104,rs:main Q:Reg,ip-10-100-1-186,1003,cap_capable,1,0,"[{'name': 'cap', 'type': 'int', 'value': 'CAP_SYS_RESOURCE'}]",0,0
16026.378319,506,1,104,rs:main Q:Reg,ip-10-100-1-186,1003,cap_capable,1,0,"[{'name': 'cap', 'type': 'int', 'value': 'CAP_SYS_RESOURCE'}]",0,0
16026.38623,159,1,0,systemd-journal,ip-10-100-1-186,3,close,1,0,"[{'name': 'fd', 'type': 'int', 'value': 34}]",0,0
16026.386375,159,1,0,systemd-journal,ip-10-100-1-186,1003,cap_capable,1,0,"[{'name': 'cap', 'type': 'int', 'value': 'CAP_SYS_ADMIN'}]",0,0
16026.386446,159,1,0,systemd-journal,ip-10-100-1-186,21,access,2,0,"[{'name': 'pathname', 'type': 'const char*', 'value': '/run/systemd/journal/flushed'}, {'name': 'mode', 'type': 'int', 'value': 'F_OK'}]",0,0
16026.386488,159,1,0,systemd-journal,ip-10-100-1-186,1005,security_file_open,4,0,"[{'name': 'pathname', 'type': 'const char*', 'value': '/var/log/journal/cd4bbb49080545c3aed82cc00b5f152b/system.journal'}, {'name': 'flags', 'type': 'unsigned int', 'value': 'O_RDWR|O_CREAT|O_NONBLOCK|O_LARGEFILE'}, {'name': 'dev', 'type': 'dev_t', 'value': 211812353}, {'name': 'inode', 'type': 'unsigned long', 'value': 274142}]",0,0
16026.386519,159,1,0,systemd-journal,ip-10-100-1-186,257,openat,4,34,"[{'name': 'dirfd', 'type': 'int', 'value': -100}, {'name': 'pathname', 'type': 'const char*', 'value': '/var/log/journal/cd4bbb49080545c3aed82cc00b5f152b/system.journal'}, {'name': 'flags', 'type': 'unsigned int', 'value': 'O_RDWR|O_CREAT|O_NONBLOCK|O_CLOEXEC'}, {'name': 'mode', 'type': 'int', 'value': 154005284}]",0,0
16026.386556,159,1,0,systemd-journal,ip-10-100-1-186,5,fstat,2,0,"[{'name': 'fd', 'type': 'int', 'value': 34}, {'name': 'statbuf', 'type': 'struct stat*', 'value': '0x558C39ED0EA8'}]",0,0
16026.386618,159,1,0,systemd-journal,ip-10-100-1-186,257,openat,4,-2,"[{'name': 'dirfd', 'type': 'int', 'value': -100}, {'name': 'pathname', 'type': 'const char*', 'value': '/var/log/journal/cd4bbb49080545c3aed82cc00b5f152b/fss'}, {'name': 'flags', 'type': 'unsigned int', 'value': 'O_RDWR|O_NOCTTY|O_CLOEXEC'}, {'name': 'mode', 'type': 'int', 'value': 154005284}]",0,0
16026.401878,506,1,104,rs:main Q:Reg,ip-10-100-1-186,62,kill,2,0,"[{'name': 'pid', 'type': 'pid_t', 'value': 506}, {'name': 'sig', 'type': 'int', 'value': 22}]",0,0
16026.402022,506,1,104,rs:main Q:Reg,ip-10-100-1-186,62,kill,2,0,"[{'name': 'pid', 'type': 'pid_t', 'value': 506}, {'name': 'sig', 'type': 'int', 'value': 22}]",0,0
16026.402143,506,1,104,rs:main Q:Reg,ip-10-100-1-186,1003,cap_capable,1,0,"[{'name': 'cap', 'type': 'int', 'value': 'CAP_SYS_RESOURCE'}]",0,0
16026.402181,506,1,104,rs:main Q:Reg,ip-10-100-1-186,1003,cap_capable,1,0,"[{'name': 'cap', 'type': 'int', 'value': 'CAP_SYS_RESOURCE'}]",0,0
16026.410144,159,1,0,systemd-journal,ip-10-100-1-186,3,close,1,0,"[{'name': 'fd', 'type': 'int', 'value': 34}]",0,0
16026.41029,159,1,0,systemd-journal,ip-10-100-1-186,21,access,2,0,"[{'name': 'pathname', 'type': 'const char*', 'value': '/run/systemd/journal/flushed'}, {'name': 'mode', 'type': 'int', 'value': 'F_OK'}]",0,0
16026.410338,159,1,0,systemd-journal,ip-10-100-1-186,1005,security_file_open,4,0,"[{'name': 'pathname', 'type': 'const char*', 'value': '/var/log/journal/cd4bbb49080545c3aed82cc00b5f152b/system.journal'}, {'name': 'flags', 'type': 'unsigned int', 'value': 'O_RDWR|O_CREAT|O_NONBLOCK|O_LARGEFILE'}, {'name': 'dev', 'type': 'dev_t', 'value': 211812353}, {'name': 'inode', 'type': 'unsigned long', 'value': 274142}]",0,0
16026.410407,159,1,0,systemd-journal,ip-10-100-1-186,5,fstat,2,0,"[{'name': 'fd', 'type': 'int', 'value': 34}, {'name': 'statbuf', 'type': 'struct stat*', 'value': '0x558C39ED0EA8'}]",0,0
16026.410368,159,1,0,systemd-journal,ip-10-100-1-186,257,openat,4,34,"[{'name': 'dirfd', 'type': 'int', 'value': -100}, {'name': 'pathname', 'type': 'const char*', 'value': '/var/log/journal/cd4bbb49080545c3aed82cc00b5f152b/system.journal'}, {'name': 'flags', 'type': 'unsigned int', 'value': 'O_RDWR|O_CREAT|O_NONBLOCK|O_CLOEXEC'}, {'name': 'mode', 'type': 'int', 'value': 154005284}]",0,0
16026.410467,159,1,0,systemd-journal,ip-10-100-1-186,257,openat,4,-2,"[{'name': 'dirfd', 'type': 'int', 'value': -100}, {'name': 'pathname', 'type': 'const char*', 'value': '/var/log/journal/cd4bbb49080545c3aed82cc00b5f152b/fss'}, {'name': 'flags', 'type': 'unsigned int', 'value': 'O_RDWR|O_NOCTTY|O_CLOEXEC'}, {'name': 'mode', 'type': 'int', 'value': 154005284}]",0,0
16026.425383,506,1,104,rs:main Q:Reg,ip-10-100-1-186,62,kill,2,0,"[{'name': 'pid', 'type': 'pid_t', 'value': 506}, {'name': 'sig', 'type': 'int', 'value': 22}]",0,0
16026.425532,506,1,104,rs:main Q:Reg,ip-10-100-1-186,62,kill,2,0,"[{'name': 'pid', 'type': 'pid_t', 'value': 506}, {'name': 'sig', 'type': 'int', 'value': 22}]",0,0
16026.425654,506,1,104,rs:main Q:Reg,ip-10-100-1-186,1003,cap_capable,1,0,"[{'name': 'cap', 'type': 'int', 'value': 'CAP_SYS_RESOURCE'}]",0,0
16026.425689,506,1,104,rs:main Q:Reg,ip-10-100-1-186,1003,cap_capable,1,0,"[{'name': 'cap', 'type': 'int', 'value': 'CAP_SYS_RESOURCE'}]",0,0
16026.433402,159,1,0,systemd-journal,ip-10-100-1-186,3,close,1,0,"[{'name': 'fd', 'type': 'int', 'value': 34}]",0,0
16026.433613,159,1,0,systemd-journal,ip-10-100-1-186,21,access,2,0,"[{'name': 'pathname', 'type': 'const char*', 'value': '/run/systemd/journal/flushed'}, {'name': 'mode', 'type': 'int', 'value': 'F_OK'}]",0,0
16026.43354,159,1,0,systemd-journal,ip-10-100-1-186,1003,cap_capable,1,0,"[{'name': 'cap', 'type': 'int', 'value': 'CAP_SYS_ADMIN'}]",0,0
16026.433656,159,1,0,systemd-journal,ip-10-100-1-186,1005,security_file_open,4,0,"[{'name': 'pathname', 'type': 'const char*', 'value': '/var/log/journal/cd4bbb49080545c3aed82cc00b5f152b/system.journal'}, {'name': 'flags', 'type': 'unsigned int', 'value': 'O_RDWR|O_CREAT|O_NONBLOCK|O_LARGEFILE'}, {'name': 'dev', 'type': 'dev_t', 'value': 211812353}, {'name': 'inode', 'type': 'unsigned long', 'value': 274142}]",0,0
16026.433689,159,1,0,systemd-journal,ip-10-100-1-186,257,openat,4,34,"[{'name': 'dirfd', 'type': 'int', 'value': -100}, {'name': 'pathname', 'type': 'const char*', 'value': '/var/log/journal/cd4bbb49080545c3aed82cc00b5f152b/system.journal'}, {'name': 'flags', 'type': 'unsigned int', 'value': 'O_RDWR|O_CREAT|O_NONBLOCK|O_CLOEXEC'}, {'name': 'mode', 'type': 'int', 'value': 154005284}]",0,0
16026.433727,159,1,0,systemd-journal,ip-10-100-1-186,5,fstat,2,0,"[{'name': 'fd', 'type': 'int', 'value': 34}, {'name': 'statbuf', 'type': 'struct stat*', 'value': '0x558C39ED0EA8'}]",0,0
16026.433791,159,1,0,systemd-journal,ip-10-100-1-186,257,openat,4,-2,"[{'name': 'dirfd', 'type': 'int', 'value': -100}, {'name': 'pathname', 'type': 'const char*', 'value': '/var/log/journal/cd4bbb49080545c3aed82cc00b5f152b/fss'}, {'name': 'flags', 'type': 'unsigned int', 'value': 'O_RDWR|O_NOCTTY|O_CLOEXEC'}, {'name': 'mode', 'type': 'int', 'value': 154005284}]",0,0
16026.44852,506,1,104,rs:main Q:Reg,ip-10-100-1-186,62,kill,2,0,"[{'name': 'pid', 'type': 'pid_t', 'value': 506}, {'name': 'sig', 'type': 'int', 'value': 22}]",0,0
16026.448647,506,1,104,rs:main Q:Reg,ip-10-100-1-186,62,kill,2,0,"[{'name': 'pid', 'type': 'pid_t', 'value': 506}, {'name': 'sig', 'type': 'int', 'value': 22}]",0,0
16026.448767,506,1,104,rs:main Q:Reg,ip-10-100-1-186,1003,cap_capable,1,0,"[{'name': 'cap', 'type': 'int', 'value': 'CAP_SYS_RESOURCE'}]",0,0
16026.448799,506,1,104,rs:main Q:Reg,ip-10-100-1-186,1003,cap_capable,1,0,"[{'name': 'cap', 'type': 'int', 'value': 'CAP_SYS_RESOURCE'}]",0,0
16026.456555,159,1,0,systemd-journal,ip-10-100-1-186,3,close,1,0,"[{'name': 'fd', 'type': 'int', 'value': 34}]",0,0
16026.456643,159,1,0,systemd-journal,ip-10-100-1-186,21,access,2,0,"[{'name': 'pathname', 'type': 'const char*', 'value': '/run/systemd/journal/flushed'}, {'name': 'mode', 'type': 'int', 'value': 'F_OK'}]",0,0
16026.456686,159,1,0,systemd-journal,ip-10-100-1-186,1005,security_file_open,4,0,"[{'name': 'pathname', 'type': 'const char*', 'value': '/var/log/journal/cd4bbb49080545c3aed82cc00b5f152b/system.journal'}, {'name': 'flags', 'type': 'unsigned int', 'value': 'O_RDWR|O_CREAT|O_NONBLOCK|O_LARGEFILE'}, {'name': 'dev', 'type': 'dev_t', 'value': 211812353}, {'name': 'inode', 'type': 'unsigned long', 'value': 274142}]",0,0
16026.463757,159,1,0,systemd-journal,ip-10-100-1-186,257,openat,4,34,"[{'name': 'dirfd', 'type': 'int', 'value': -100}, {'name': 'pathname', 'type': 'const char*', 'value': '/var/log/journal/cd4bbb49080545c3aed82cc00b5f152b/system.journal'}, {'name': 'flags', 'type': 'unsigned int', 'value': 'O_RDWR|O_CREAT|O_NONBLOCK|O_CLOEXEC'}, {'name': 'mode', 'type': 'int', 'value': 154005284}]",0,0
16026.463812,159,1,0,systemd-journal,ip-10-100-1-186,5,fstat,2,0,"[{'name': 'fd', 'type': 'int', 'value': 34}, {'name': 'statbuf', 'type': 'struct stat*', 'value': '0x558C39ED0EA8'}]",0,0
16026.463896,159,1,0,systemd-journal,ip-10-100-1-186,257,openat,4,-2,"[{'name': 'dirfd', 'type': 'int', 'value': -100}, {'name': 'pathname', 'type': 'const char*', 'value': '/var/log/journal/cd4bbb49080545c3aed82cc00b5f152b/fss'}, {'name': 'flags', 'type': 'unsigned int', 'value': 'O_RDWR|O_NOCTTY|O_CLOEXEC'}, {'name': 'mode', 'type': 'int', 'value': 154005284}]",0,0
16026.47171,506,1,104,rs:main Q:Reg,ip-10-100-1-186,62,kill,2,0,"[{'name': 'pid', 'type': 'pid_t', 'value': 506}, {'name': 'sig', 'type': 'int', 'value': 22}]",0,0
16026.471843,506,1,104,rs:main Q:Reg,ip-10-100-1-186,62,kill,2,0,"[{'name': 'pid', 'type': 'pid_t', 'value': 506}, {'name': 'sig', 'type': 'int', 'value': 22}]",0,0
16026.471952,506,1,104,rs:main Q:Reg,ip-10-100-1-186,1003,cap_capable,1,0,"[{'name': 'cap', 'type': 'int', 'value': 'CAP_SYS_RESOURCE'}]",0,0
16026.471985,506,1,104,rs:main Q:Reg,ip-10-100-1-186,1003,cap_capable,1,0,"[{'name': 'cap', 'type': 'int', 'value': 'CAP_SYS_RESOURCE'}]",0,0
16026.486968,159,1,0,systemd-journal,ip-10-100-1-186,3,close,1,0,"[{'name': 'fd', 'type': 'int', 'value': 34}]",0,0
16026.48716,159,1,0,systemd-journal,ip-10-100-1-186,1003,cap_capable,1,0,"[{'name': 'cap', 'type': 'int', 'value': 'CAP_SYS_ADMIN'}]",0,0
16026.48724,159,1,0,systemd-journal,ip-10-100-1-186,21,access,2,0,"[{'name': 'pathname', 'type': 'const char*', 'value': '/run/systemd/journal/flushed'}, {'name': 'mode', 'type': 'int', 'value': 'F_OK'}]",0,0
16026.487286,159,1,0,systemd-journal,ip-10-100-1-186,1005,security_file_open,4,0,"[{'name': 'pathname', 'type': 'const char*', 'value': '/var/log/journal/cd4bbb49080545c3aed82cc00b5f152b/system.journal'}, {'name': 'flags', 'type': 'unsigned int', 'value': 'O_RDWR|O_CREAT|O_NONBLOCK|O_LARGEFILE'}, {'name': 'dev', 'type': 'dev_t', 'value': 211812353}, {'name': 'inode', 'type': 'unsigned long', 'value': 274142}]",0,0
16026.487319,159,1,0,systemd-journal,ip-10-100-1-186,257,openat,4,34,"[{'name': 'dirfd', 'type': 'int', 'value': -100}, {'name': 'pathname', 'type': 'const char*', 'value': '/var/log/journal/cd4bbb49080545c3aed82cc00b5f152b/system.journal'}, {'name': 'flags', 'type': 'unsigned int', 'value': 'O_RDWR|O_CREAT|O_NONBLOCK|O_CLOEXEC'}, {'name': 'mode', 'type': 'int', 'value': 154005284}]",0,0
16026.487358,159,1,0,systemd-journal,ip-10-100-1-186,5,fstat,2,0,"[{'name': 'fd', 'type': 'int', 'value': 34}, {'name': 'statbuf', 'type': 'struct stat*', 'value': '0x558C39ED0EA8'}]",0,0
16026.487446,159,1,0,systemd-journal,ip-10-100-1-186,257,openat,4,-2,"[{'name': 'dirfd', 'type': 'int', 'value': -100}, {'name': 'pathname', 'type': 'const char*', 'value': '/var/log/journal/cd4bbb49080545c3aed82cc00b5f152b/fss'}, {'name': 'flags', 'type': 'unsigned int', 'value': 'O_RDWR|O_NOCTTY|O_CLOEXEC'}, {'name': 'mode', 'type': 'int', 'value': 154005284}]",0,0
16026.495178,506,1,104,rs:main Q:Reg,ip-10-100-1-186,62,kill,2,0,"[{'name': 'pid', 'type': 'pid_t', 'value': 506}, {'name': 'sig', 'type': 'int', 'value': 22}]",0,0
16026.495306,506,1,104,rs:main Q:Reg,ip-10-100-1-186,62,kill,2,0,"[{'name': 'pid', 'type': 'pid_t', 'value': 506}, {'name': 'sig', 'type': 'int', 'value': 22}]",0,0
16026.495429,506,1,104,rs:main Q:Reg,ip-10-100-1-186,1003,cap_capable,1,0,"[{'name': 'cap', 'type': 'int', 'value': 'CAP_SYS_RESOURCE'}]",0,0
16026.495462,506,1,104,rs:main Q:Reg,ip-10-100-1-186,1003,cap_capable,1,0,"[{'name': 'cap', 'type': 'int', 'value': 'CAP_SYS_RESOURCE'}]",0,0
16026.510287,159,1,0,systemd-journal,ip-10-100-1-186,3,close,1,0,"[{'name': 'fd', 'type': 'int', 'value': 34}]",0,0
16026.51039,159,1,0,systemd-journal,ip-10-100-1-186,21,access,2,0,"[{'name': 'pathname', 'type': 'const char*', 'value': '/run/systemd/journal/flushed'}, {'name': 'mode', 'type': 'int', 'value': 'F_OK'}]",0,0
16026.510438,159,1,0,systemd-journal,ip-10-100-1-186,1005,security_file_open,4,0,"[{'name': 'pathname', 'type': 'const char*', 'value': '/var/log/journal/cd4bbb49080545c3aed82cc00b5f152b/system.journal'}, {'name': 'flags', 'type': 'unsigned int', 'value': 'O_RDWR|O_CREAT|O_NONBLOCK|O_LARGEFILE'}, {'name': 'dev', 'type': 'dev_t', 'value': 211812353}, {'name': 'inode', 'type': 'unsigned long', 'value': 274142}]",0,0
16026.51047,159,1,0,systemd-journal,ip-10-100-1-186,257,openat,4,34,"[{'name': 'dirfd', 'type': 'int', 'value': -100}, {'name': 'pathname', 'type': 'const char*', 'value': '/var/log/journal/cd4bbb49080545c3aed82cc00b5f152b/system.journal'}, {'name': 'flags', 'type': 'unsigned int', 'value': 'O_RDWR|O_CREAT|O_NONBLOCK|O_CLOEXEC'}, {'name': 'mode', 'type': 'int', 'value': 154005284}]",0,0
16026.510508,159,1,0,systemd-journal,ip-10-100-1-186,5,fstat,2,0,"[{'name': 'fd', 'type': 'int', 'value': 34}, {'name': 'statbuf', 'type': 'struct stat*', 'value': '0x558C39ED0EA8'}]",0,0
16026.510573,159,1,0,systemd-journal,ip-10-100-1-186,257,openat,4,-2,"[{'name': 'dirfd', 'type': 'int', 'value': -100}, {'name': 'pathname', 'type': 'const char*', 'value': '/var/log/journal/cd4bbb49080545c3aed82cc00b5f152b/fss'}, {'name': 'flags', 'type': 'unsigned int', 'value': 'O_RDWR|O_NOCTTY|O_CLOEXEC'}, {'name': 'mode', 'type': 'int', 'value': 154005284}]",0,0
16026.525572,506,1,104,rs:main Q:Reg,ip-10-100-1-186,62,kill,2,0,"[{'name': 'pid', 'type': 'pid_t', 'value': 506}, {'name': 'sig', 'type': 'int', 'value': 22}]",0,0
16026.525724,506,1,104,rs:main Q:Reg,ip-10-100-1-186,62,kill,2,0,"[{'name': 'pid', 'type': 'pid_t', 'value': 506}, {'name': 'sig', 'type': 'int', 'value': 22}]",0,0
16026.525874,506,1,104,rs:main Q:Reg,ip-10-100-1-186,1003,cap_capable,1,0,"[{'name': 'cap', 'type': 'int', 'value': 'CAP_SYS_RESOURCE'}]",0,0
16026.525838,506,1,104,rs:main Q:Reg,ip-10-100-1-186,1003,cap_capable,1,0,"[{'name': 'cap', 'type': 'int', 'value': 'CAP_SYS_RESOURCE'}]",0,0
16026.533826,159,1,0,systemd-journal,ip-10-100-1-186,3,close,1,0,"[{'name': 'fd', 'type': 'int', 'value': 34}]",0,0
16026.534038,159,1,0,systemd-journal,ip-10-100-1-186,21,access,2,0,"[{'name': 'pathname', 'type': 'const char*', 'value': '/run/systemd/journal/flushed'}, {'name': 'mode', 'type': 'int', 'value': 'F_OK'}]",0,0
16026.534083,159,1,0,systemd-journal,ip-10-100-1-186,1005,security_file_open,4,0,"[{'name': 'pathname', 'type': 'const char*', 'value': '/var/log/journal/cd4bbb49080545c3aed82cc00b5f152b/system.journal'}, {'name': 'flags', 'type': 'unsigned int', 'value': 'O_RDWR|O_CREAT|O_NONBLOCK|O_LARGEFILE'}, {'name': 'dev', 'type': 'dev_t', 'value': 211812353}, {'name': 'inode', 'type': 'unsigned long', 'value': 274142}]",0,0
16026.534116,159,1,0,systemd-journal,ip-10-100-1-186,257,openat,4,34,"[{'name': 'dirfd', 'type': 'int', 'value': -100}, {'name': 'pathname', 'type': 'const char*', 'value': '/var/log/journal/cd4bbb49080545c3aed82cc00b5f152b/system.journal'}, {'name': 'flags', 'type': 'unsigned int', 'value': 'O_RDWR|O_CREAT|O_NONBLOCK|O_CLOEXEC'}, {'name': 'mode', 'type': 'int', 'value': 154005284}]",0,0
16026.533964,159,1,0,systemd-journal,ip-10-100-1-186,1003,cap_capable,1,0,"[{'name': 'cap', 'type': 'int', 'value': 'CAP_SYS_ADMIN'}]",0,0
16026.534154,159,1,0,systemd-journal,ip-10-100-1-186,5,fstat,2,0,"[{'name': 'fd', 'type': 'int', 'value': 34}, {'name': 'statbuf', 'type': 'struct stat*', 'value': '0x558C39ED0EA8'}]",0,0
16026.534219,159,1,0,systemd-journal,ip-10-100-1-186,257,openat,4,-2,"[{'name': 'dirfd', 'type': 'int', 'value': -100}, {'name': 'pathname', 'type': 'const char*', 'value': '/var/log/journal/cd4bbb49080545c3aed82cc00b5f152b/fss'}, {'name': 'flags', 'type': 'unsigned int', 'value': 'O_RDWR|O_NOCTTY|O_CLOEXEC'}, {'name': 'mode', 'type': 'int', 'value': 154005284}]",0,0
16026.549122,506,1,104,rs:main Q:Reg,ip-10-100-1-186,62,kill,2,0,"[{'name': 'pid', 'type': 'pid_t', 'value': 506}, {'name': 'sig', 'type': 'int', 'value': 22}]",0,0
16026.549386,506,1,104,rs:main Q:Reg,ip-10-100-1-186,1003,cap_capable,1,0,"[{'name': 'cap', 'type': 'int', 'value': 'CAP_SYS_RESOURCE'}]",0,0
16026.549268,506,1,104,rs:main Q:Reg,ip-10-100-1-186,62,kill,2,0,"[{'name': 'pid', 'type': 'pid_t', 'value': 506}, {'name': 'sig', 'type': 'int', 'value': 22}]",0,0
16026.549424,506,1,104,rs:main Q:Reg,ip-10-100-1-186,1003,cap_capable,1,0,"[{'name': 'cap', 'type': 'int', 'value': 'CAP_SYS_RESOURCE'}]",0,0
16026.557134,159,1,0,systemd-journal,ip-10-100-1-186,3,close,1,0,"[{'name': 'fd', 'type': 'int', 'value': 34}]",0,0
16026.55723,159,1,0,systemd-journal,ip-10-100-1-186,21,access,2,0,"[{'name': 'pathname', 'type': 'const char*', 'value': '/run/systemd/journal/flushed'}, {'name': 'mode', 'type': 'int', 'value': 'F_OK'}]",0,0
16026.557278,159,1,0,systemd-journal,ip-10-100-1-186,1005,security_file_open,4,0,"[{'name': 'pathname', 'type': 'const char*', 'value': '/var/log/journal/cd4bbb49080545c3aed82cc00b5f152b/system.journal'}, {'name': 'flags', 'type': 'unsigned int', 'value': 'O_RDWR|O_CREAT|O_NONBLOCK|O_LARGEFILE'}, {'name': 'dev', 'type': 'dev_t', 'value': 211812353}, {'name': 'inode', 'type': 'unsigned long', 'value': 274142}]",0,0
16026.557309,159,1,0,systemd-journal,ip-10-100-1-186,257,openat,4,34,"[{'name': 'dirfd', 'type': 'int', 'value': -100}, {'name': 'pathname', 'type': 'const char*', 'value': '/var/log/journal/cd4bbb49080545c3aed82cc00b5f152b/system.journal'}, {'name': 'flags', 'type': 'unsigned int', 'value': 'O_RDWR|O_CREAT|O_NONBLOCK|O_CLOEXEC'}, {'name': 'mode', 'type': 'int', 'value': 154005284}]",0,0
16026.55741,159,1,0,systemd-journal,ip-10-100-1-186,257,openat,4,-2,"[{'name': 'dirfd', 'type': 'int', 'value': -100}, {'name': 'pathname', 'type': 'const char*', 'value': '/var/log/journal/cd4bbb49080545c3aed82cc00b5f152b/fss'}, {'name': 'flags', 'type': 'unsigned int', 'value': 'O_RDWR|O_NOCTTY|O_CLOEXEC'}, {'name': 'mode', 'type': 'int', 'value': 154005284}]",0,0
16026.557347,159,1,0,systemd-journal,ip-10-100-1-186,5,fstat,2,0,"[{'name': 'fd', 'type': 'int', 'value': 34}, {'name': 'statbuf', 'type': 'struct stat*', 'value': '0x558C39ED0EA8'}]",0,0
16026.572424,506,1,104,rs:main Q:Reg,ip-10-100-1-186,62,kill,2,0,"[{'name': 'pid', 'type': 'pid_t', 'value': 506}, {'name': 'sig', 'type': 'int', 'value': 22}]",0,0
16026.572568,506,1,104,rs:main Q:Reg,ip-10-100-1-186,62,kill,2,0,"[{'name': 'pid', 'type': 'pid_t', 'value': 506}, {'name': 'sig', 'type': 'int', 'value': 22}]",0,0
16026.572683,506,1,104,rs:main Q:Reg,ip-10-100-1-186,1003,cap_capable,1,0,"[{'name': 'cap', 'type': 'int', 'value': 'CAP_SYS_RESOURCE'}]",0,0
16026.572737,506,1,104,rs:main Q:Reg,ip-10-100-1-186,1003,cap_capable,1,0,"[{'name': 'cap', 'type': 'int', 'value': 'CAP_SYS_RESOURCE'}]",0,0
16026.580741,159,1,0,systemd-journal,ip-10-100-1-186,1003,cap_capable,1,0,"[{'name': 'cap', 'type': 'int', 'value': 'CAP_SYS_ADMIN'}]",0,0
16026.580569,159,1,0,systemd-journal,ip-10-100-1-186,3,close,1,0,"[{'name': 'fd', 'type': 'int', 'value': 34}]",0,0
16026.580812,159,1,0,systemd-journal,ip-10-100-1-186,21,access,2,0,"[{'name': 'pathname', 'type': 'const char*', 'value': '/run/systemd/journal/flushed'}, {'name': 'mode', 'type': 'int', 'value': 'F_OK'}]",0,0
16026.580858,159,1,0,systemd-journal,ip-10-100-1-186,1005,security_file_open,4,0,"[{'name': 'pathname', 'type': 'const char*', 'value': '/var/log/journal/cd4bbb49080545c3aed82cc00b5f152b/system.journal'}, {'name': 'flags', 'type': 'unsigned int', 'value': 'O_RDWR|O_CREAT|O_NONBLOCK|O_LARGEFILE'}, {'name': 'dev', 'type': 'dev_t', 'value': 211812353}, {'name': 'inode', 'type': 'unsigned long', 'value': 274142}]",0,0
16026.580891,159,1,0,systemd-journal,ip-10-100-1-186,257,openat,4,34,"[{'name': 'dirfd', 'type': 'int', 'value': -100}, {'name': 'pathname', 'type': 'const char*', 'value': '/var/log/journal/cd4bbb49080545c3aed82cc00b5f152b/system.journal'}, {'name': 'flags', 'type': 'unsigned int', 'value': 'O_RDWR|O_CREAT|O_NONBLOCK|O_CLOEXEC'}, {'name': 'mode', 'type': 'int', 'value': 154005284}]",0,0
16026.580929,159,1,0,systemd-journal,ip-10-100-1-186,5,fstat,2,0,"[{'name': 'fd', 'type': 'int', 'value': 34}, {'name': 'statbuf', 'type': 'struct stat*', 'value': '0x558C39ED0EA8'}]",0,0
16026.580994,159,1,0,systemd-journal,ip-10-100-1-186,257,openat,4,-2,"[{'name': 'dirfd', 'type': 'int', 'value': -100}, {'name': 'pathname', 'type': 'const char*', 'value': '/var/log/journal/cd4bbb49080545c3aed82cc00b5f152b/fss'}, {'name': 'flags', 'type': 'unsigned int', 'value': 'O_RDWR|O_NOCTTY|O_CLOEXEC'}, {'name': 'mode', 'type': 'int', 'value': 154005284}]",0,0
16026.596075,506,1,104,rs:main Q:Reg,ip-10-100-1-186,62,kill,2,0,"[{'name': 'pid', 'type': 'pid_t', 'value': 506}, {'name': 'sig', 'type': 'int', 'value': 22}]",0,0
16026.596245,506,1,104,rs:main Q:Reg,ip-10-100-1-186,62,kill,2,0,"[{'name': 'pid', 'type': 'pid_t', 'value': 506}, {'name': 'sig', 'type': 'int', 'value': 22}]",0,0
16026.596363,506,1,104,rs:main Q:Reg,ip-10-100-1-186,1003,cap_capable,1,0,"[{'name': 'cap', 'type': 'int', 'value': 'CAP_SYS_RESOURCE'}]",0,0
16026.5964,506,1,104,rs:main Q:Reg,ip-10-100-1-186,1003,cap_capable,1,0,"[{'name': 'cap', 'type': 'int', 'value': 'CAP_SYS_RESOURCE'}]",0,0
16026.611279,159,1,0,systemd-journal,ip-10-100-1-186,3,close,1,0,"[{'name': 'fd', 'type': 'int', 'value': 34}]",0,0
16026.611391,159,1,0,systemd-journal,ip-10-100-1-186,21,access,2,0,"[{'name': 'pathname', 'type': 'const char*', 'value': '/run/systemd/journal/flushed'}, {'name': 'mode', 'type': 'int', 'value': 'F_OK'}]",0,0
16026.611442,159,1,0,systemd-journal,ip-10-100-1-186,1005,security_file_open,4,0,"[{'name': 'pathname', 'type': 'const char*', 'value': '/var/log/journal/cd4bbb49080545c3aed82cc00b5f152b/system.journal'}, {'name': 'flags', 'type': 'unsigned int', 'value': 'O_RDWR|O_CREAT|O_NONBLOCK|O_LARGEFILE'}, {'name': 'dev', 'type': 'dev_t', 'value': 211812353}, {'name': 'inode', 'type': 'unsigned long', 'value': 274142}]",0,0
16026.611475,159,1,0,systemd-journal,ip-10-100-1-186,257,openat,4,34,"[{'name': 'dirfd', 'type': 'int', 'value': -100}, {'name': 'pathname', 'type': 'const char*', 'value': '/var/log/journal/cd4bbb49080545c3aed82cc00b5f152b/system.journal'}, {'name': 'flags', 'type': 'unsigned int', 'value': 'O_RDWR|O_CREAT|O_NONBLOCK|O_CLOEXEC'}, {'name': 'mode', 'type': 'int', 'value': 154005284}]",0,0
16026.611515,159,1,0,systemd-journal,ip-10-100-1-186,5,fstat,2,0,"[{'name': 'fd', 'type': 'int', 'value': 34}, {'name': 'statbuf', 'type': 'struct stat*', 'value': '0x558C39ED0EA8'}]",0,0
16026.611582,159,1,0,systemd-journal,ip-10-100-1-186,257,openat,4,-2,"[{'name': 'dirfd', 'type': 'int', 'value': -100}, {'name': 'pathname', 'type': 'const char*', 'value': '/var/log/journal/cd4bbb49080545c3aed82cc00b5f152b/fss'}, {'name': 'flags', 'type': 'unsigned int', 'value': 'O_RDWR|O_NOCTTY|O_CLOEXEC'}, {'name': 'mode', 'type': 'int', 'value': 154005284}]",0,0
16026.619387,506,1,104,rs:main Q:Reg,ip-10-100-1-186,62,kill,2,0,"[{'name': 'pid', 'type': 'pid_t', 'value': 506}, {'name': 'sig', 'type': 'int', 'value': 22}]",0,0
