timestamp,processId,parentProcessId,userId,processName,hostName,eventId,eventName,argsNum,returnValue,args,sus,evil
16329.149507,8263,191,0,systemd-udevd,ubuntu,87,unlink,1,-2,"[{'name': 'pathname', 'type': 'const char*', 'value': '/run/udev/data/+cgroup:kmalloc-2k(1705:sensor.service)'}]",0,0
16329.149547,8263,191,0,systemd-udevd,ubuntu,1003,cap_capable,1,0,"[{'name': 'cap', 'type': 'int', 'value': 'CAP_NET_ADMIN'}]",0,0
16329.177859,191,1,0,systemd-udevd,ubuntu,1006,security_inode_unlink,1,0,"[{'name': 'pathname', 'type': 'const char*', 'value': '/udev/queue'}]",0,0
16329.177907,191,1,0,systemd-udevd,ubuntu,87,unlink,1,0,"[{'name': 'pathname', 'type': 'const char*', 'value': '/run/udev/queue'}]",0,0
16329.259903,191,1,0,systemd-udevd,ubuntu,257,openat,4,-2,"[{'name': 'dirfd', 'type': 'int', 'value': -100}, {'name': 'pathname', 'type': 'const char*', 'value': '/run/udev/queue'}, {'name': 'flags', 'type': 'unsigned int', 'value': 'O_RDONLY|O_NOFOLLOW|O_CLOEXEC|O_PATH'}, {'name': 'mode', 'type': 'int', 'value': 294502059}]",0,0
16329.259948,191,1,0,systemd-udevd,ubuntu,1005,security_file_open,4,0,"[{'name': 'pathname', 'type': 'const char*', 'value': '/run/udev/queue'}, {'name': 'flags', 'type': 'unsigned int', 'value': 'O_WRONLY|O_CREAT|O_EXCL|O_LARGEFILE'}, {'name': 'dev', 'type': 'dev_t', 'value': 25}, {'name': 'inode', 'type': 'unsigned long', 'value': 397}]",0,0
16329.259979,191,1,0,systemd-udevd,ubuntu,257,openat,4,14,"[{'name': 'dirfd', 'type': 'int', 'value': -100}, {'name': 'pathname', 'type': 'const char*', 'value': '/run/udev/queue'}, {'name': 'flags', 'type': 'unsigned int', 'value': 'O_WRONLY|O_CREAT|O_EXCL|O_CLOEXEC'}, {'name': 'mode', 'type': 'int', 'value': 294502059}]",0,0
16329.260006,191,1,0,systemd-udevd,ubuntu,5,fstat,2,0,"[{'name': 'fd', 'type': 'int', 'value': 14}, {'name': 'statbuf', 'type': 'struct stat*', 'value': '0x7FFF4F009180'}]",0,0
16329.260054,191,1,0,systemd-udevd,ubuntu,3,close,1,0,"[{'name': 'fd', 'type': 'int', 'value': 14}]",0,0
16329.26011,191,1,0,systemd-udevd,ubuntu,1003,cap_capable,1,0,"[{'name': 'cap', 'type': 'int', 'value': 'CAP_NET_ADMIN'}]",0,0
16329.260319,8263,191,0,systemd-udevd,ubuntu,257,openat,4,-2,"[{'name': 'dirfd', 'type': 'int', 'value': -100}, {'name': 'pathname', 'type': 'const char*', 'value': '/sys/kernel/slab/kmalloc-1k/cgroup/kmalloc-1k(815:rsyslog.service)/uevent'}, {'name': 'flags', 'type': 'unsigned int', 'value': 'O_RDONLY|O_CLOEXEC'}, {'name': 'mode', 'type': 'int', 'value': 294502059}]",0,0
16329.260354,8263,191,0,systemd-udevd,ubuntu,257,openat,4,-2,"[{'name': 'dirfd', 'type': 'int', 'value': -100}, {'name': 'pathname', 'type': 'const char*', 'value': '/sys/kernel/slab/kmalloc-1k/cgroup/kmalloc-1k(815:rsyslog.service)/uevent'}, {'name': 'flags', 'type': 'unsigned int', 'value': 'O_RDONLY|O_CLOEXEC'}, {'name': 'mode', 'type': 'int', 'value': 294502059}]",0,0
16329.260387,8263,191,0,systemd-udevd,ubuntu,257,openat,4,-2,"[{'name': 'dirfd', 'type': 'int', 'value': -100}, {'name': 'pathname', 'type': 'const char*', 'value': '/run/udev/data/+cgroup:kmalloc-1k(815:rsyslog.service)'}, {'name': 'flags', 'type': 'unsigned int', 'value': 'O_RDONLY|O_CLOEXEC'}, {'name': 'mode', 'type': 'int', 'value': 294502059}]",0,0
16329.260425,8263,191,0,systemd-udevd,ubuntu,21,access,2,-2,"[{'name': 'pathname', 'type': 'const char*', 'value': '/sys/subsystem/dmi/devices/id'}, {'name': 'mode', 'type': 'int', 'value': 'F_OK'}]",0,0
16329.260454,8263,191,0,systemd-udevd,ubuntu,21,access,2,-2,"[{'name': 'pathname', 'type': 'const char*', 'value': '/sys/bus/dmi/devices/id'}, {'name': 'mode', 'type': 'int', 'value': 'F_OK'}]",0,0
16329.260489,8263,191,0,systemd-udevd,ubuntu,21,access,2,0,"[{'name': 'pathname', 'type': 'const char*', 'value': '/sys/class/dmi/id'}, {'name': 'mode', 'type': 'int', 'value': 'F_OK'}]",0,0
16329.260518,8263,191,0,systemd-udevd,ubuntu,257,openat,4,6,"[{'name': 'dirfd', 'type': 'int', 'value': -100}, {'name': 'pathname', 'type': 'const char*', 'value': '/'}, {'name': 'flags', 'type': 'unsigned int', 'value': 'O_RDONLY|O_DIRECTORY|O_CLOEXEC|O_PATH'}, {'name': 'mode', 'type': 'int', 'value': 294502059}]",0,0
16329.260543,8263,191,0,systemd-udevd,ubuntu,257,openat,4,15,"[{'name': 'dirfd', 'type': 'int', 'value': 6}, {'name': 'pathname', 'type': 'const char*', 'value': 'sys'}, {'name': 'flags', 'type': 'unsigned int', 'value': 'O_RDONLY|O_NOFOLLOW|O_CLOEXEC|O_PATH'}, {'name': 'mode', 'type': 'int', 'value': 294502438}]",0,0
16329.260568,8263,191,0,systemd-udevd,ubuntu,5,fstat,2,0,"[{'name': 'fd', 'type': 'int', 'value': 15}, {'name': 'statbuf', 'type': 'struct stat*', 'value': '0x7FFF4F003300'}]",0,0
16329.260591,8263,191,0,systemd-udevd,ubuntu,3,close,1,0,"[{'name': 'fd', 'type': 'int', 'value': 6}]",0,0
16329.260618,8263,191,0,systemd-udevd,ubuntu,257,openat,4,6,"[{'name': 'dirfd', 'type': 'int', 'value': 15}, {'name': 'pathname', 'type': 'const char*', 'value': 'class'}, {'name': 'flags', 'type': 'unsigned int', 'value': 'O_RDONLY|O_NOFOLLOW|O_CLOEXEC|O_PATH'}, {'name': 'mode', 'type': 'int', 'value': 294502438}]",0,0
16329.260641,8263,191,0,systemd-udevd,ubuntu,5,fstat,2,0,"[{'name': 'fd', 'type': 'int', 'value': 6}, {'name': 'statbuf', 'type': 'struct stat*', 'value': '0x7FFF4F003300'}]",0,0
16329.260665,8263,191,0,systemd-udevd,ubuntu,3,close,1,0,"[{'name': 'fd', 'type': 'int', 'value': 15}]",0,0
16329.26069,8263,191,0,systemd-udevd,ubuntu,257,openat,4,15,"[{'name': 'dirfd', 'type': 'int', 'value': 6}, {'name': 'pathname', 'type': 'const char*', 'value': 'dmi'}, {'name': 'flags', 'type': 'unsigned int', 'value': 'O_RDONLY|O_NOFOLLOW|O_CLOEXEC|O_PATH'}, {'name': 'mode', 'type': 'int', 'value': 294502438}]",0,0
16329.260713,8263,191,0,systemd-udevd,ubuntu,5,fstat,2,0,"[{'name': 'fd', 'type': 'int', 'value': 15}, {'name': 'statbuf', 'type': 'struct stat*', 'value': '0x7FFF4F003300'}]",0,0
16329.260736,8263,191,0,systemd-udevd,ubuntu,3,close,1,0,"[{'name': 'fd', 'type': 'int', 'value': 6}]",0,0
16329.260761,8263,191,0,systemd-udevd,ubuntu,257,openat,4,6,"[{'name': 'dirfd', 'type': 'int', 'value': 15}, {'name': 'pathname', 'type': 'const char*', 'value': 'id'}, {'name': 'flags', 'type': 'unsigned int', 'value': 'O_RDONLY|O_NOFOLLOW|O_CLOEXEC|O_PATH'}, {'name': 'mode', 'type': 'int', 'value': 294502438}]",0,0
16329.260784,8263,191,0,systemd-udevd,ubuntu,5,fstat,2,0,"[{'name': 'fd', 'type': 'int', 'value': 6}, {'name': 'statbuf', 'type': 'struct stat*', 'value': '0x7FFF4F003300'}]",0,0
16329.260817,8263,191,0,systemd-udevd,ubuntu,3,close,1,0,"[{'name': 'fd', 'type': 'int', 'value': 6}]",0,0
16329.260844,8263,191,0,systemd-udevd,ubuntu,257,openat,4,6,"[{'name': 'dirfd', 'type': 'int', 'value': 15}, {'name': 'pathname', 'type': 'const char*', 'value': '..'}, {'name': 'flags', 'type': 'unsigned int', 'value': 'O_RDONLY|O_NOFOLLOW|O_CLOEXEC|O_PATH'}, {'name': 'mode', 'type': 'int', 'value': 294502438}]",0,0
16329.260867,8263,191,0,systemd-udevd,ubuntu,3,close,1,0,"[{'name': 'fd', 'type': 'int', 'value': 15}]",0,0
16329.260892,8263,191,0,systemd-udevd,ubuntu,257,openat,4,15,"[{'name': 'dirfd', 'type': 'int', 'value': 6}, {'name': 'pathname', 'type': 'const char*', 'value': '..'}, {'name': 'flags', 'type': 'unsigned int', 'value': 'O_RDONLY|O_NOFOLLOW|O_CLOEXEC|O_PATH'}, {'name': 'mode', 'type': 'int', 'value': 294502438}]",0,0
16329.260918,8263,191,0,systemd-udevd,ubuntu,3,close,1,0,"[{'name': 'fd', 'type': 'int', 'value': 6}]",0,0
16329.260943,8263,191,0,systemd-udevd,ubuntu,257,openat,4,6,"[{'name': 'dirfd', 'type': 'int', 'value': 15}, {'name': 'pathname', 'type': 'const char*', 'value': 'devices'}, {'name': 'flags', 'type': 'unsigned int', 'value': 'O_RDONLY|O_NOFOLLOW|O_CLOEXEC|O_PATH'}, {'name': 'mode', 'type': 'int', 'value': 294502438}]",0,0
16329.260965,8263,191,0,systemd-udevd,ubuntu,5,fstat,2,0,"[{'name': 'fd', 'type': 'int', 'value': 6}, {'name': 'statbuf', 'type': 'struct stat*', 'value': '0x7FFF4F003300'}]",0,0
16329.260988,8263,191,0,systemd-udevd,ubuntu,3,close,1,0,"[{'name': 'fd', 'type': 'int', 'value': 15}]",0,0
16329.261013,8263,191,0,systemd-udevd,ubuntu,257,openat,4,15,"[{'name': 'dirfd', 'type': 'int', 'value': 6}, {'name': 'pathname', 'type': 'const char*', 'value': 'virtual'}, {'name': 'flags', 'type': 'unsigned int', 'value': 'O_RDONLY|O_NOFOLLOW|O_CLOEXEC|O_PATH'}, {'name': 'mode', 'type': 'int', 'value': 294502438}]",0,0
16329.261035,8263,191,0,systemd-udevd,ubuntu,5,fstat,2,0,"[{'name': 'fd', 'type': 'int', 'value': 15}, {'name': 'statbuf', 'type': 'struct stat*', 'value': '0x7FFF4F003300'}]",0,0
16329.261057,8263,191,0,systemd-udevd,ubuntu,3,close,1,0,"[{'name': 'fd', 'type': 'int', 'value': 6}]",0,0
16329.261083,8263,191,0,systemd-udevd,ubuntu,257,openat,4,6,"[{'name': 'dirfd', 'type': 'int', 'value': 15}, {'name': 'pathname', 'type': 'const char*', 'value': 'dmi'}, {'name': 'flags', 'type': 'unsigned int', 'value': 'O_RDONLY|O_NOFOLLOW|O_CLOEXEC|O_PATH'}, {'name': 'mode', 'type': 'int', 'value': 294502438}]",0,0
16329.261106,8263,191,0,systemd-udevd,ubuntu,5,fstat,2,0,"[{'name': 'fd', 'type': 'int', 'value': 6}, {'name': 'statbuf', 'type': 'struct stat*', 'value': '0x7FFF4F003300'}]",0,0
16329.26113,8263,191,0,systemd-udevd,ubuntu,3,close,1,0,"[{'name': 'fd', 'type': 'int', 'value': 15}]",0,0
16329.261155,8263,191,0,systemd-udevd,ubuntu,257,openat,4,15,"[{'name': 'dirfd', 'type': 'int', 'value': 6}, {'name': 'pathname', 'type': 'const char*', 'value': 'id'}, {'name': 'flags', 'type': 'unsigned int', 'value': 'O_RDONLY|O_NOFOLLOW|O_CLOEXEC|O_PATH'}, {'name': 'mode', 'type': 'int', 'value': 294502438}]",0,0
16329.261178,8263,191,0,systemd-udevd,ubuntu,5,fstat,2,0,"[{'name': 'fd', 'type': 'int', 'value': 15}, {'name': 'statbuf', 'type': 'struct stat*', 'value': '0x7FFF4F003300'}]",0,0
16329.261201,8263,191,0,systemd-udevd,ubuntu,3,close,1,0,"[{'name': 'fd', 'type': 'int', 'value': 6}]",0,0
16329.261224,8263,191,0,systemd-udevd,ubuntu,3,close,1,0,"[{'name': 'fd', 'type': 'int', 'value': 15}]",0,0
16329.261252,8263,191,0,systemd-udevd,ubuntu,21,access,2,0,"[{'name': 'pathname', 'type': 'const char*', 'value': '/sys/devices/virtual/dmi/id/uevent'}, {'name': 'mode', 'type': 'int', 'value': 'F_OK'}]",0,0
16329.26128,8263,191,0,systemd-udevd,ubuntu,6,lstat,2,0,"[{'name': 'pathname', 'type': 'const char*', 'value': '/sys/devices/virtual/dmi/id/sys_vendor'}, {'name': 'statbuf', 'type': 'struct stat*', 'value': '0x7FFF4F004410'}]",0,0
16329.261307,8263,191,0,systemd-udevd,ubuntu,1005,security_file_open,4,0,"[{'name': 'pathname', 'type': 'const char*', 'value': '/sys/devices/virtual/dmi/id/sys_vendor'}, {'name': 'flags', 'type': 'unsigned int', 'value': 'O_RDONLY|O_LARGEFILE'}, {'name': 'dev', 'type': 'dev_t', 'value': 22}, {'name': 'inode', 'type': 'unsigned long', 'value': 713}]",0,0
16329.261337,8263,191,0,systemd-udevd,ubuntu,257,openat,4,6,"[{'name': 'dirfd', 'type': 'int', 'value': -100}, {'name': 'pathname', 'type': 'const char*', 'value': '/sys/devices/virtual/dmi/id/sys_vendor'}, {'name': 'flags', 'type': 'unsigned int', 'value': 'O_RDONLY|O_CLOEXEC'}, {'name': 'mode', 'type': 'int', 'value': 294502059}]",0,0
16329.26136,8263,191,0,systemd-udevd,ubuntu,5,fstat,2,0,"[{'name': 'fd', 'type': 'int', 'value': 6}, {'name': 'statbuf', 'type': 'struct stat*', 'value': '0x7FFF4F0044A0'}]",0,0
16329.261397,8263,191,0,systemd-udevd,ubuntu,3,close,1,0,"[{'name': 'fd', 'type': 'int', 'value': 6}]",0,0
16329.261432,8263,191,0,systemd-udevd,ubuntu,21,access,2,-2,"[{'name': 'pathname', 'type': 'const char*', 'value': '/sys/subsystem/dmi/devices/id'}, {'name': 'mode', 'type': 'int', 'value': 'F_OK'}]",0,0
16329.261459,8263,191,0,systemd-udevd,ubuntu,21,access,2,-2,"[{'name': 'pathname', 'type': 'const char*', 'value': '/sys/bus/dmi/devices/id'}, {'name': 'mode', 'type': 'int', 'value': 'F_OK'}]",0,0
16329.261486,8263,191,0,systemd-udevd,ubuntu,21,access,2,0,"[{'name': 'pathname', 'type': 'const char*', 'value': '/sys/class/dmi/id'}, {'name': 'mode', 'type': 'int', 'value': 'F_OK'}]",0,0
16329.261512,8263,191,0,systemd-udevd,ubuntu,257,openat,4,6,"[{'name': 'dirfd', 'type': 'int', 'value': -100}, {'name': 'pathname', 'type': 'const char*', 'value': '/'}, {'name': 'flags', 'type': 'unsigned int', 'value': 'O_RDONLY|O_DIRECTORY|O_CLOEXEC|O_PATH'}, {'name': 'mode', 'type': 'int', 'value': 294502059}]",0,0
16329.261536,8263,191,0,systemd-udevd,ubuntu,257,openat,4,15,"[{'name': 'dirfd', 'type': 'int', 'value': 6}, {'name': 'pathname', 'type': 'const char*', 'value': 'sys'}, {'name': 'flags', 'type': 'unsigned int', 'value': 'O_RDONLY|O_NOFOLLOW|O_CLOEXEC|O_PATH'}, {'name': 'mode', 'type': 'int', 'value': 294502438}]",0,0
16329.261559,8263,191,0,systemd-udevd,ubuntu,5,fstat,2,0,"[{'name': 'fd', 'type': 'int', 'value': 15}, {'name': 'statbuf', 'type': 'struct stat*', 'value': '0x7FFF4F003300'}]",0,0
16329.261582,8263,191,0,systemd-udevd,ubuntu,3,close,1,0,"[{'name': 'fd', 'type': 'int', 'value': 6}]",0,0
16329.261607,8263,191,0,systemd-udevd,ubuntu,257,openat,4,6,"[{'name': 'dirfd', 'type': 'int', 'value': 15}, {'name': 'pathname', 'type': 'const char*', 'value': 'class'}, {'name': 'flags', 'type': 'unsigned int', 'value': 'O_RDONLY|O_NOFOLLOW|O_CLOEXEC|O_PATH'}, {'name': 'mode', 'type': 'int', 'value': 294502438}]",0,0
16329.26163,8263,191,0,systemd-udevd,ubuntu,5,fstat,2,0,"[{'name': 'fd', 'type': 'int', 'value': 6}, {'name': 'statbuf', 'type': 'struct stat*', 'value': '0x7FFF4F003300'}]",0,0
16329.261653,8263,191,0,systemd-udevd,ubuntu,3,close,1,0,"[{'name': 'fd', 'type': 'int', 'value': 15}]",0,0
16329.261678,8263,191,0,systemd-udevd,ubuntu,257,openat,4,15,"[{'name': 'dirfd', 'type': 'int', 'value': 6}, {'name': 'pathname', 'type': 'const char*', 'value': 'dmi'}, {'name': 'flags', 'type': 'unsigned int', 'value': 'O_RDONLY|O_NOFOLLOW|O_CLOEXEC|O_PATH'}, {'name': 'mode', 'type': 'int', 'value': 294502438}]",0,0
16329.261701,8263,191,0,systemd-udevd,ubuntu,5,fstat,2,0,"[{'name': 'fd', 'type': 'int', 'value': 15}, {'name': 'statbuf', 'type': 'struct stat*', 'value': '0x7FFF4F003300'}]",0,0
16329.261724,8263,191,0,systemd-udevd,ubuntu,3,close,1,0,"[{'name': 'fd', 'type': 'int', 'value': 6}]",0,0
16329.261749,8263,191,0,systemd-udevd,ubuntu,257,openat,4,6,"[{'name': 'dirfd', 'type': 'int', 'value': 15}, {'name': 'pathname', 'type': 'const char*', 'value': 'id'}, {'name': 'flags', 'type': 'unsigned int', 'value': 'O_RDONLY|O_NOFOLLOW|O_CLOEXEC|O_PATH'}, {'name': 'mode', 'type': 'int', 'value': 294502438}]",0,0
16329.261772,8263,191,0,systemd-udevd,ubuntu,5,fstat,2,0,"[{'name': 'fd', 'type': 'int', 'value': 6}, {'name': 'statbuf', 'type': 'struct stat*', 'value': '0x7FFF4F003300'}]",0,0
16329.261803,8263,191,0,systemd-udevd,ubuntu,3,close,1,0,"[{'name': 'fd', 'type': 'int', 'value': 6}]",0,0
16329.261898,8263,191,0,systemd-udevd,ubuntu,257,openat,4,6,"[{'name': 'dirfd', 'type': 'int', 'value': 15}, {'name': 'pathname', 'type': 'const char*', 'value': '..'}, {'name': 'flags', 'type': 'unsigned int', 'value': 'O_RDONLY|O_NOFOLLOW|O_CLOEXEC|O_PATH'}, {'name': 'mode', 'type': 'int', 'value': 294502438}]",0,0
16329.261927,8263,191,0,systemd-udevd,ubuntu,3,close,1,0,"[{'name': 'fd', 'type': 'int', 'value': 15}]",0,0
16329.261955,8263,191,0,systemd-udevd,ubuntu,257,openat,4,15,"[{'name': 'dirfd', 'type': 'int', 'value': 6}, {'name': 'pathname', 'type': 'const char*', 'value': '..'}, {'name': 'flags', 'type': 'unsigned int', 'value': 'O_RDONLY|O_NOFOLLOW|O_CLOEXEC|O_PATH'}, {'name': 'mode', 'type': 'int', 'value': 294502438}]",0,0
16329.261978,8263,191,0,systemd-udevd,ubuntu,3,close,1,0,"[{'name': 'fd', 'type': 'int', 'value': 6}]",0,0
16329.262003,8263,191,0,systemd-udevd,ubuntu,257,openat,4,6,"[{'name': 'dirfd', 'type': 'int', 'value': 15}, {'name': 'pathname', 'type': 'const char*', 'value': 'devices'}, {'name': 'flags', 'type': 'unsigned int', 'value': 'O_RDONLY|O_NOFOLLOW|O_CLOEXEC|O_PATH'}, {'name': 'mode', 'type': 'int', 'value': 294502438}]",0,0
16329.262027,8263,191,0,systemd-udevd,ubuntu,5,fstat,2,0,"[{'name': 'fd', 'type': 'int', 'value': 6}, {'name': 'statbuf', 'type': 'struct stat*', 'value': '0x7FFF4F003300'}]",0,0
16329.26206,8263,191,0,systemd-udevd,ubuntu,3,close,1,0,"[{'name': 'fd', 'type': 'int', 'value': 15}]",0,0
16329.262087,8263,191,0,systemd-udevd,ubuntu,257,openat,4,15,"[{'name': 'dirfd', 'type': 'int', 'value': 6}, {'name': 'pathname', 'type': 'const char*', 'value': 'virtual'}, {'name': 'flags', 'type': 'unsigned int', 'value': 'O_RDONLY|O_NOFOLLOW|O_CLOEXEC|O_PATH'}, {'name': 'mode', 'type': 'int', 'value': 294502438}]",0,0
16329.262109,8263,191,0,systemd-udevd,ubuntu,5,fstat,2,0,"[{'name': 'fd', 'type': 'int', 'value': 15}, {'name': 'statbuf', 'type': 'struct stat*', 'value': '0x7FFF4F003300'}]",0,0
16329.262132,8263,191,0,systemd-udevd,ubuntu,3,close,1,0,"[{'name': 'fd', 'type': 'int', 'value': 6}]",0,0
16329.262157,8263,191,0,systemd-udevd,ubuntu,257,openat,4,6,"[{'name': 'dirfd', 'type': 'int', 'value': 15}, {'name': 'pathname', 'type': 'const char*', 'value': 'dmi'}, {'name': 'flags', 'type': 'unsigned int', 'value': 'O_RDONLY|O_NOFOLLOW|O_CLOEXEC|O_PATH'}, {'name': 'mode', 'type': 'int', 'value': 294502438}]",0,0
16329.26218,8263,191,0,systemd-udevd,ubuntu,5,fstat,2,0,"[{'name': 'fd', 'type': 'int', 'value': 6}, {'name': 'statbuf', 'type': 'struct stat*', 'value': '0x7FFF4F003300'}]",0,0
16329.262204,8263,191,0,systemd-udevd,ubuntu,3,close,1,0,"[{'name': 'fd', 'type': 'int', 'value': 15}]",0,0
16329.262229,8263,191,0,systemd-udevd,ubuntu,257,openat,4,15,"[{'name': 'dirfd', 'type': 'int', 'value': 6}, {'name': 'pathname', 'type': 'const char*', 'value': 'id'}, {'name': 'flags', 'type': 'unsigned int', 'value': 'O_RDONLY|O_NOFOLLOW|O_CLOEXEC|O_PATH'}, {'name': 'mode', 'type': 'int', 'value': 294502438}]",0,0
16329.262252,8263,191,0,systemd-udevd,ubuntu,5,fstat,2,0,"[{'name': 'fd', 'type': 'int', 'value': 15}, {'name': 'statbuf', 'type': 'struct stat*', 'value': '0x7FFF4F003300'}]",0,0
16329.262279,8263,191,0,systemd-udevd,ubuntu,3,close,1,0,"[{'name': 'fd', 'type': 'int', 'value': 6}]",0,0
16329.262302,8263,191,0,systemd-udevd,ubuntu,3,close,1,0,"[{'name': 'fd', 'type': 'int', 'value': 15}]",0,0
16329.26233,8263,191,0,systemd-udevd,ubuntu,21,access,2,0,"[{'name': 'pathname', 'type': 'const char*', 'value': '/sys/devices/virtual/dmi/id/uevent'}, {'name': 'mode', 'type': 'int', 'value': 'F_OK'}]",0,0
16329.262358,8263,191,0,systemd-udevd,ubuntu,6,lstat,2,0,"[{'name': 'pathname', 'type': 'const char*', 'value': '/sys/devices/virtual/dmi/id/sys_vendor'}, {'name': 'statbuf', 'type': 'struct stat*', 'value': '0x7FFF4F004410'}]",0,0
16329.262384,8263,191,0,systemd-udevd,ubuntu,1005,security_file_open,4,0,"[{'name': 'pathname', 'type': 'const char*', 'value': '/sys/devices/virtual/dmi/id/sys_vendor'}, {'name': 'flags', 'type': 'unsigned int', 'value': 'O_RDONLY|O_LARGEFILE'}, {'name': 'dev', 'type': 'dev_t', 'value': 22}, {'name': 'inode', 'type': 'unsigned long', 'value': 713}]",0,0
16329.262413,8263,191,0,systemd-udevd,ubuntu,257,openat,4,6,"[{'name': 'dirfd', 'type': 'int', 'value': -100}, {'name': 'pathname', 'type': 'const char*', 'value': '/sys/devices/virtual/dmi/id/sys_vendor'}, {'name': 'flags', 'type': 'unsigned int', 'value': 'O_RDONLY|O_CLOEXEC'}, {'name': 'mode', 'type': 'int', 'value': 294502059}]",0,0
16329.262436,8263,191,0,systemd-udevd,ubuntu,5,fstat,2,0,"[{'name': 'fd', 'type': 'int', 'value': 6}, {'name': 'statbuf', 'type': 'struct stat*', 'value': '0x7FFF4F0044A0'}]",0,0
16329.262468,8263,191,0,systemd-udevd,ubuntu,3,close,1,0,"[{'name': 'fd', 'type': 'int', 'value': 6}]",0,0
16329.262553,8263,191,0,systemd-udevd,ubuntu,257,openat,4,6,"[{'name': 'dirfd', 'type': 'int', 'value': -100}, {'name': 'pathname', 'type': 'const char*', 'value': '/'}, {'name': 'flags', 'type': 'unsigned int', 'value': 'O_RDONLY|O_DIRECTORY|O_CLOEXEC|O_PATH'}, {'name': 'mode', 'type': 'int', 'value': 294502059}]",0,0
16329.262579,8263,191,0,systemd-udevd,ubuntu,257,openat,4,15,"[{'name': 'dirfd', 'type': 'int', 'value': 6}, {'name': 'pathname', 'type': 'const char*', 'value': 'sys'}, {'name': 'flags', 'type': 'unsigned int', 'value': 'O_RDONLY|O_NOFOLLOW|O_CLOEXEC|O_PATH'}, {'name': 'mode', 'type': 'int', 'value': 294502438}]",0,0
16329.262603,8263,191,0,systemd-udevd,ubuntu,5,fstat,2,0,"[{'name': 'fd', 'type': 'int', 'value': 15}, {'name': 'statbuf', 'type': 'struct stat*', 'value': '0x7FFF4F008CD0'}]",0,0
16329.262625,8263,191,0,systemd-udevd,ubuntu,3,close,1,0,"[{'name': 'fd', 'type': 'int', 'value': 6}]",0,0
16329.262651,8263,191,0,systemd-udevd,ubuntu,257,openat,4,6,"[{'name': 'dirfd', 'type': 'int', 'value': 15}, {'name': 'pathname', 'type': 'const char*', 'value': 'kernel'}, {'name': 'flags', 'type': 'unsigned int', 'value': 'O_RDONLY|O_NOFOLLOW|O_CLOEXEC|O_PATH'}, {'name': 'mode', 'type': 'int', 'value': 294502438}]",0,0
16329.262674,8263,191,0,systemd-udevd,ubuntu,5,fstat,2,0,"[{'name': 'fd', 'type': 'int', 'value': 6}, {'name': 'statbuf', 'type': 'struct stat*', 'value': '0x7FFF4F008CD0'}]",0,0
16329.262696,8263,191,0,systemd-udevd,ubuntu,3,close,1,0,"[{'name': 'fd', 'type': 'int', 'value': 15}]",0,0
16329.262722,8263,191,0,systemd-udevd,ubuntu,257,openat,4,15,"[{'name': 'dirfd', 'type': 'int', 'value': 6}, {'name': 'pathname', 'type': 'const char*', 'value': 'slab'}, {'name': 'flags', 'type': 'unsigned int', 'value': 'O_RDONLY|O_NOFOLLOW|O_CLOEXEC|O_PATH'}, {'name': 'mode', 'type': 'int', 'value': 294502438}]",0,0
16329.262746,8263,191,0,systemd-udevd,ubuntu,5,fstat,2,0,"[{'name': 'fd', 'type': 'int', 'value': 15}, {'name': 'statbuf', 'type': 'struct stat*', 'value': '0x7FFF4F008CD0'}]",0,0
16329.262769,8263,191,0,systemd-udevd,ubuntu,3,close,1,0,"[{'name': 'fd', 'type': 'int', 'value': 6}]",0,0
16329.262794,8263,191,0,systemd-udevd,ubuntu,257,openat,4,6,"[{'name': 'dirfd', 'type': 'int', 'value': 15}, {'name': 'pathname', 'type': 'const char*', 'value': 'kmalloc-1k'}, {'name': 'flags', 'type': 'unsigned int', 'value': 'O_RDONLY|O_NOFOLLOW|O_CLOEXEC|O_PATH'}, {'name': 'mode', 'type': 'int', 'value': 294502438}]",0,0
16329.262817,8263,191,0,systemd-udevd,ubuntu,5,fstat,2,0,"[{'name': 'fd', 'type': 'int', 'value': 6}, {'name': 'statbuf', 'type': 'struct stat*', 'value': '0x7FFF4F008CD0'}]",0,0
16329.26284,8263,191,0,systemd-udevd,ubuntu,3,close,1,0,"[{'name': 'fd', 'type': 'int', 'value': 15}]",0,0
16329.262865,8263,191,0,systemd-udevd,ubuntu,257,openat,4,15,"[{'name': 'dirfd', 'type': 'int', 'value': 6}, {'name': 'pathname', 'type': 'const char*', 'value': 'cgroup'}, {'name': 'flags', 'type': 'unsigned int', 'value': 'O_RDONLY|O_NOFOLLOW|O_CLOEXEC|O_PATH'}, {'name': 'mode', 'type': 'int', 'value': 294502438}]",0,0
16329.262888,8263,191,0,systemd-udevd,ubuntu,5,fstat,2,0,"[{'name': 'fd', 'type': 'int', 'value': 15}, {'name': 'statbuf', 'type': 'struct stat*', 'value': '0x7FFF4F008CD0'}]",0,0
16329.26291,8263,191,0,systemd-udevd,ubuntu,3,close,1,0,"[{'name': 'fd', 'type': 'int', 'value': 6}]",0,0
16329.262933,8263,191,0,systemd-udevd,ubuntu,3,close,1,0,"[{'name': 'fd', 'type': 'int', 'value': 15}]",0,0
16329.262959,8263,191,0,systemd-udevd,ubuntu,6,lstat,2,0,"[{'name': 'pathname', 'type': 'const char*', 'value': '/sys/kernel/slab/kmalloc-1k/cgroup'}, {'name': 'statbuf', 'type': 'struct stat*', 'value': '0x7FFF4F008D00'}]",0,0
16329.262998,8263,191,0,systemd-udevd,ubuntu,257,openat,4,6,"[{'name': 'dirfd', 'type': 'int', 'value': -100}, {'name': 'pathname', 'type': 'const char*', 'value': '/'}, {'name': 'flags', 'type': 'unsigned int', 'value': 'O_RDONLY|O_DIRECTORY|O_CLOEXEC|O_PATH'}, {'name': 'mode', 'type': 'int', 'value': 294502059}]",0,0
16329.263022,8263,191,0,systemd-udevd,ubuntu,257,openat,4,15,"[{'name': 'dirfd', 'type': 'int', 'value': 6}, {'name': 'pathname', 'type': 'const char*', 'value': 'sys'}, {'name': 'flags', 'type': 'unsigned int', 'value': 'O_RDONLY|O_NOFOLLOW|O_CLOEXEC|O_PATH'}, {'name': 'mode', 'type': 'int', 'value': 294502438}]",0,0
16329.263046,8263,191,0,systemd-udevd,ubuntu,5,fstat,2,0,"[{'name': 'fd', 'type': 'int', 'value': 15}, {'name': 'statbuf', 'type': 'struct stat*', 'value': '0x7FFF4F008CD0'}]",0,0
16329.263068,8263,191,0,systemd-udevd,ubuntu,3,close,1,0,"[{'name': 'fd', 'type': 'int', 'value': 6}]",0,0
16329.263094,8263,191,0,systemd-udevd,ubuntu,257,openat,4,6,"[{'name': 'dirfd', 'type': 'int', 'value': 15}, {'name': 'pathname', 'type': 'const char*', 'value': 'kernel'}, {'name': 'flags', 'type': 'unsigned int', 'value': 'O_RDONLY|O_NOFOLLOW|O_CLOEXEC|O_PATH'}, {'name': 'mode', 'type': 'int', 'value': 294502438}]",0,0
16329.263116,8263,191,0,systemd-udevd,ubuntu,5,fstat,2,0,"[{'name': 'fd', 'type': 'int', 'value': 6}, {'name': 'statbuf', 'type': 'struct stat*', 'value': '0x7FFF4F008CD0'}]",0,0
16329.263138,8263,191,0,systemd-udevd,ubuntu,3,close,1,0,"[{'name': 'fd', 'type': 'int', 'value': 15}]",0,0
16329.263163,8263,191,0,systemd-udevd,ubuntu,257,openat,4,15,"[{'name': 'dirfd', 'type': 'int', 'value': 6}, {'name': 'pathname', 'type': 'const char*', 'value': 'slab'}, {'name': 'flags', 'type': 'unsigned int', 'value': 'O_RDONLY|O_NOFOLLOW|O_CLOEXEC|O_PATH'}, {'name': 'mode', 'type': 'int', 'value': 294502438}]",0,0
16329.263186,8263,191,0,systemd-udevd,ubuntu,5,fstat,2,0,"[{'name': 'fd', 'type': 'int', 'value': 15}, {'name': 'statbuf', 'type': 'struct stat*', 'value': '0x7FFF4F008CD0'}]",0,0
16329.263209,8263,191,0,systemd-udevd,ubuntu,3,close,1,0,"[{'name': 'fd', 'type': 'int', 'value': 6}]",0,0
16329.263234,8263,191,0,systemd-udevd,ubuntu,257,openat,4,6,"[{'name': 'dirfd', 'type': 'int', 'value': 15}, {'name': 'pathname', 'type': 'const char*', 'value': 'kmalloc-1k'}, {'name': 'flags', 'type': 'unsigned int', 'value': 'O_RDONLY|O_NOFOLLOW|O_CLOEXEC|O_PATH'}, {'name': 'mode', 'type': 'int', 'value': 294502438}]",0,0
16329.263257,8263,191,0,systemd-udevd,ubuntu,5,fstat,2,0,"[{'name': 'fd', 'type': 'int', 'value': 6}, {'name': 'statbuf', 'type': 'struct stat*', 'value': '0x7FFF4F008CD0'}]",0,0
16329.263292,8263,191,0,systemd-udevd,ubuntu,3,close,1,0,"[{'name': 'fd', 'type': 'int', 'value': 15}]",0,0
16329.263318,8263,191,0,systemd-udevd,ubuntu,3,close,1,0,"[{'name': 'fd', 'type': 'int', 'value': 6}]",0,0
16329.263345,8263,191,0,systemd-udevd,ubuntu,6,lstat,2,0,"[{'name': 'pathname', 'type': 'const char*', 'value': '/sys/kernel/slab/kmalloc-1k'}, {'name': 'statbuf', 'type': 'struct stat*', 'value': '0x7FFF4F008D00'}]",0,0
16329.263382,8263,191,0,systemd-udevd,ubuntu,257,openat,4,6,"[{'name': 'dirfd', 'type': 'int', 'value': -100}, {'name': 'pathname', 'type': 'const char*', 'value': '/'}, {'name': 'flags', 'type': 'unsigned int', 'value': 'O_RDONLY|O_DIRECTORY|O_CLOEXEC|O_PATH'}, {'name': 'mode', 'type': 'int', 'value': 294502059}]",0,0
16329.263407,8263,191,0,systemd-udevd,ubuntu,257,openat,4,15,"[{'name': 'dirfd', 'type': 'int', 'value': 6}, {'name': 'pathname', 'type': 'const char*', 'value': 'sys'}, {'name': 'flags', 'type': 'unsigned int', 'value': 'O_RDONLY|O_NOFOLLOW|O_CLOEXEC|O_PATH'}, {'name': 'mode', 'type': 'int', 'value': 294502438}]",0,0
16329.263453,8263,191,0,systemd-udevd,ubuntu,3,close,1,0,"[{'name': 'fd', 'type': 'int', 'value': 6}]",0,0
16329.263431,8263,191,0,systemd-udevd,ubuntu,5,fstat,2,0,"[{'name': 'fd', 'type': 'int', 'value': 15}, {'name': 'statbuf', 'type': 'struct stat*', 'value': '0x7FFF4F008CD0'}]",0,0
16329.263479,8263,191,0,systemd-udevd,ubuntu,257,openat,4,6,"[{'name': 'dirfd', 'type': 'int', 'value': 15}, {'name': 'pathname', 'type': 'const char*', 'value': 'kernel'}, {'name': 'flags', 'type': 'unsigned int', 'value': 'O_RDONLY|O_NOFOLLOW|O_CLOEXEC|O_PATH'}, {'name': 'mode', 'type': 'int', 'value': 294502438}]",0,0
16329.263502,8263,191,0,systemd-udevd,ubuntu,5,fstat,2,0,"[{'name': 'fd', 'type': 'int', 'value': 6}, {'name': 'statbuf', 'type': 'struct stat*', 'value': '0x7FFF4F008CD0'}]",0,0
16329.263524,8263,191,0,systemd-udevd,ubuntu,3,close,1,0,"[{'name': 'fd', 'type': 'int', 'value': 15}]",0,0
16329.26356,8263,191,0,systemd-udevd,ubuntu,257,openat,4,15,"[{'name': 'dirfd', 'type': 'int', 'value': 6}, {'name': 'pathname', 'type': 'const char*', 'value': 'slab'}, {'name': 'flags', 'type': 'unsigned int', 'value': 'O_RDONLY|O_NOFOLLOW|O_CLOEXEC|O_PATH'}, {'name': 'mode', 'type': 'int', 'value': 294502438}]",0,0
16329.263585,8263,191,0,systemd-udevd,ubuntu,5,fstat,2,0,"[{'name': 'fd', 'type': 'int', 'value': 15}, {'name': 'statbuf', 'type': 'struct stat*', 'value': '0x7FFF4F008CD0'}]",0,0
16329.263608,8263,191,0,systemd-udevd,ubuntu,3,close,1,0,"[{'name': 'fd', 'type': 'int', 'value': 6}]",0,0
16329.263632,8263,191,0,systemd-udevd,ubuntu,3,close,1,0,"[{'name': 'fd', 'type': 'int', 'value': 15}]",0,0
16329.26366,8263,191,0,systemd-udevd,ubuntu,6,lstat,2,0,"[{'name': 'pathname', 'type': 'const char*', 'value': '/sys/kernel/slab'}, {'name': 'statbuf', 'type': 'struct stat*', 'value': '0x7FFF4F008D00'}]",0,0
16329.263697,8263,191,0,systemd-udevd,ubuntu,257,openat,4,6,"[{'name': 'dirfd', 'type': 'int', 'value': -100}, {'name': 'pathname', 'type': 'const char*', 'value': '/'}, {'name': 'flags', 'type': 'unsigned int', 'value': 'O_RDONLY|O_DIRECTORY|O_CLOEXEC|O_PATH'}, {'name': 'mode', 'type': 'int', 'value': 294502059}]",0,0
16329.263722,8263,191,0,systemd-udevd,ubuntu,257,openat,4,15,"[{'name': 'dirfd', 'type': 'int', 'value': 6}, {'name': 'pathname', 'type': 'const char*', 'value': 'sys'}, {'name': 'flags', 'type': 'unsigned int', 'value': 'O_RDONLY|O_NOFOLLOW|O_CLOEXEC|O_PATH'}, {'name': 'mode', 'type': 'int', 'value': 294502438}]",0,0
16329.263746,8263,191,0,systemd-udevd,ubuntu,5,fstat,2,0,"[{'name': 'fd', 'type': 'int', 'value': 15}, {'name': 'statbuf', 'type': 'struct stat*', 'value': '0x7FFF4F008CD0'}]",0,0
16329.263769,8263,191,0,systemd-udevd,ubuntu,3,close,1,0,"[{'name': 'fd', 'type': 'int', 'value': 6}]",0,0
16329.263794,8263,191,0,systemd-udevd,ubuntu,257,openat,4,6,"[{'name': 'dirfd', 'type': 'int', 'value': 15}, {'name': 'pathname', 'type': 'const char*', 'value': 'kernel'}, {'name': 'flags', 'type': 'unsigned int', 'value': 'O_RDONLY|O_NOFOLLOW|O_CLOEXEC|O_PATH'}, {'name': 'mode', 'type': 'int', 'value': 294502438}]",0,0
16329.263817,8263,191,0,systemd-udevd,ubuntu,5,fstat,2,0,"[{'name': 'fd', 'type': 'int', 'value': 6}, {'name': 'statbuf', 'type': 'struct stat*', 'value': '0x7FFF4F008CD0'}]",0,0
16329.263839,8263,191,0,systemd-udevd,ubuntu,3,close,1,0,"[{'name': 'fd', 'type': 'int', 'value': 15}]",0,0
16329.263862,8263,191,0,systemd-udevd,ubuntu,3,close,1,0,"[{'name': 'fd', 'type': 'int', 'value': 6}]",0,0
16329.263886,8263,191,0,systemd-udevd,ubuntu,6,lstat,2,0,"[{'name': 'pathname', 'type': 'const char*', 'value': '/sys/kernel'}, {'name': 'statbuf', 'type': 'struct stat*', 'value': '0x7FFF4F008D00'}]",0,0
16329.263956,8263,191,0,systemd-udevd,ubuntu,257,openat,4,-2,"[{'name': 'dirfd', 'type': 'int', 'value': -100}, {'name': 'pathname', 'type': 'const char*', 'value': '/sys/kernel/slab/kmalloc-1k/cgroup/uevent'}, {'name': 'flags', 'type': 'unsigned int', 'value': 'O_RDONLY|O_CLOEXEC'}, {'name': 'mode', 'type': 'int', 'value': 294502059}]",0,0
16329.264032,8263,191,0,systemd-udevd,ubuntu,87,unlink,1,-2,"[{'name': 'pathname', 'type': 'const char*', 'value': '/run/udev/data/+cgroup:kmalloc-1k(815:rsyslog.service)'}]",0,0
16329.264078,8263,191,0,systemd-udevd,ubuntu,1003,cap_capable,1,0,"[{'name': 'cap', 'type': 'int', 'value': 'CAP_NET_ADMIN'}]",0,0
16329.282076,191,1,0,systemd-udevd,ubuntu,1006,security_inode_unlink,1,0,"[{'name': 'pathname', 'type': 'const char*', 'value': '/udev/queue'}]",0,0
16329.28212,191,1,0,systemd-udevd,ubuntu,87,unlink,1,0,"[{'name': 'pathname', 'type': 'const char*', 'value': '/run/udev/queue'}]",0,0
16336.195102,307,1,102,systemd-timesyn,ubuntu,41,socket,3,16,"[{'name': 'domain', 'type': 'int', 'value': 'AF_UNIX'}, {'name': 'type', 'type': 'int', 'value': 'SOCK_DGRAM|SOCK_CLOEXEC'}, {'name': 'protocol', 'type': 'int', 'value': 0}]",0,0
16336.195178,307,1,102,systemd-timesyn,ubuntu,3,close,1,0,"[{'name': 'fd', 'type': 'int', 'value': 16}]",0,0
16336.195277,191,1,0,systemd-udevd,ubuntu,41,socket,3,14,"[{'name': 'domain', 'type': 'int', 'value': 'AF_UNIX'}, {'name': 'type', 'type': 'int', 'value': 'SOCK_DGRAM|SOCK_CLOEXEC'}, {'name': 'protocol', 'type': 'int', 'value': 0}]",0,0
16336.195347,191,1,0,systemd-udevd,ubuntu,3,close,1,0,"[{'name': 'fd', 'type': 'int', 'value': 14}]",0,0
16361.746013,191,1,0,systemd-udevd,ubuntu,41,socket,3,14,"[{'name': 'domain', 'type': 'int', 'value': 'AF_UNIX'}, {'name': 'type', 'type': 'int', 'value': 'SOCK_DGRAM|SOCK_CLOEXEC'}, {'name': 'protocol', 'type': 'int', 'value': 0}]",0,0
16361.747466,191,1,0,systemd-udevd,ubuntu,3,close,1,0,"[{'name': 'fd', 'type': 'int', 'value': 14}]",0,0
16395.302185,308,1,102,systemd-timesyn,ubuntu,41,socket,3,16,"[{'name': 'domain', 'type': 'int', 'value': 'AF_UNIX'}, {'name': 'type', 'type': 'int', 'value': 'SOCK_DGRAM|SOCK_CLOEXEC'}, {'name': 'protocol', 'type': 'int', 'value': 0}]",0,0
16395.30301,308,1,102,systemd-timesyn,ubuntu,3,close,1,0,"[{'name': 'fd', 'type': 'int', 'value': 16}]",0,0
16395.303089,308,1,102,systemd-timesyn,ubuntu,41,socket,3,16,"[{'name': 'domain', 'type': 'int', 'value': 'AF_INET'}, {'name': 'type', 'type': 'int', 'value': 'SOCK_DGRAM|SOCK_CLOEXEC'}, {'name': 'protocol', 'type': 'int', 'value': 0}]",0,0
16395.303137,308,1,102,systemd-timesyn,ubuntu,49,bind,3,0,"[{'name': 'sockfd', 'type': 'int', 'value': 16}, {'name': 'addr', 'type': 'const void*', 'value': ""{'sa_family': 'AF_INET','sin_port': '0','sin_addr': '0.0.0.0'}""}, {'name': 'addrlen', 'type': 'int*', 'value': 16}]",0,0
16395.388877,308,1,102,systemd-timesyn,ubuntu,3,close,1,0,"[{'name': 'fd', 'type': 'int', 'value': 16}]",0,0
16395.389096,308,1,102,systemd-timesyn,ubuntu,1003,cap_capable,1,0,"[{'name': 'cap', 'type': 'int', 'value': 'CAP_SYS_TIME'}]",0,0
16395.389161,308,1,102,systemd-timesyn,ubuntu,257,openat,4,16,"[{'name': 'dirfd', 'type': 'int', 'value': -100}, {'name': 'pathname', 'type': 'const char*', 'value': '/var/lib/systemd/timesync/clock'}, {'name': 'flags', 'type': 'int', 'value': 'O_RDONLY|O_NOFOLLOW|O_CLOEXEC|O_PATH'}, {'name': 'mode', 'type': 'mode_t', 'value': 467279652}]",0,0
16395.389334,308,1,102,systemd-timesyn,ubuntu,5,fstat,2,0,"[{'name': 'fd', 'type': 'int', 'value': 16}, {'name': 'statbuf', 'type': 'struct stat*', 'value': '0x7FFFEC5ABB60'}]",0,0
16395.389416,308,1,102,systemd-timesyn,ubuntu,3,close,1,0,"[{'name': 'fd', 'type': 'int', 'value': 16}]",0,0
16395.38953,308,1,102,systemd-timesyn,ubuntu,5,fstat,2,0,"[{'name': 'fd', 'type': 'int', 'value': 16}, {'name': 'statbuf', 'type': 'struct stat*', 'value': '0x7FFFEC5ABB60'}]",0,0
16395.38958,308,1,102,systemd-timesyn,ubuntu,3,close,1,0,"[{'name': 'fd', 'type': 'int', 'value': 16}]",0,0
16395.38949,308,1,102,systemd-timesyn,ubuntu,257,openat,4,16,"[{'name': 'dirfd', 'type': 'int', 'value': -100}, {'name': 'pathname', 'type': 'const char*', 'value': '/run/systemd/timesync/synchronized'}, {'name': 'flags', 'type': 'int', 'value': 'O_RDONLY|O_NOFOLLOW|O_CLOEXEC|O_PATH'}, {'name': 'mode', 'type': 'mode_t', 'value': 467279652}]",0,0
16394.745992,309,1,102,systemd-timesyn,ubuntu,41,socket,3,16,"[{'name': 'domain', 'type': 'int', 'value': 'AF_UNIX'}, {'name': 'type', 'type': 'int', 'value': 'SOCK_DGRAM|SOCK_CLOEXEC'}, {'name': 'protocol', 'type': 'int', 'value': 0}]",0,0
16394.746856,309,1,102,systemd-timesyn,ubuntu,3,close,1,0,"[{'name': 'fd', 'type': 'int', 'value': 16}]",0,0
16394.746929,309,1,102,systemd-timesyn,ubuntu,41,socket,3,16,"[{'name': 'domain', 'type': 'int', 'value': 'AF_INET'}, {'name': 'type', 'type': 'int', 'value': 'SOCK_DGRAM|SOCK_CLOEXEC'}, {'name': 'protocol', 'type': 'int', 'value': 0}]",0,0
16394.746975,309,1,102,systemd-timesyn,ubuntu,49,bind,3,0,"[{'name': 'sockfd', 'type': 'int', 'value': 16}, {'name': 'addr', 'type': 'const void*', 'value': ""{'sa_family': 'AF_INET','sin_port': '0','sin_addr': '0.0.0.0'}""}, {'name': 'addrlen', 'type': 'int*', 'value': 16}]",0,0
16394.830245,309,1,102,systemd-timesyn,ubuntu,3,close,1,0,"[{'name': 'fd', 'type': 'int', 'value': 16}]",0,0
16394.830486,309,1,102,systemd-timesyn,ubuntu,1003,cap_capable,1,0,"[{'name': 'cap', 'type': 'int', 'value': 'CAP_SYS_TIME'}]",0,0
16394.830549,309,1,102,systemd-timesyn,ubuntu,257,openat,4,16,"[{'name': 'dirfd', 'type': 'int', 'value': -100}, {'name': 'pathname', 'type': 'const char*', 'value': '/var/lib/systemd/timesync/clock'}, {'name': 'flags', 'type': 'int', 'value': 'O_RDONLY|O_NOFOLLOW|O_CLOEXEC|O_PATH'}, {'name': 'mode', 'type': 'int', 'value': 460013348}]",0,0
16394.830593,309,1,102,systemd-timesyn,ubuntu,5,fstat,2,0,"[{'name': 'fd', 'type': 'int', 'value': 16}, {'name': 'statbuf', 'type': 'struct stat*', 'value': '0x7FFC479C0B50'}]",0,0
16394.830815,309,1,102,systemd-timesyn,ubuntu,3,close,1,0,"[{'name': 'fd', 'type': 'int', 'value': 16}]",0,0
16394.830867,309,1,102,systemd-timesyn,ubuntu,257,openat,4,16,"[{'name': 'dirfd', 'type': 'int', 'value': -100}, {'name': 'pathname', 'type': 'const char*', 'value': '/run/systemd/timesync/synchronized'}, {'name': 'flags', 'type': 'int', 'value': 'O_RDONLY|O_NOFOLLOW|O_CLOEXEC|O_PATH'}, {'name': 'mode', 'type': 'int', 'value': 460013348}]",0,0
16394.830906,309,1,102,systemd-timesyn,ubuntu,5,fstat,2,0,"[{'name': 'fd', 'type': 'int', 'value': 16}, {'name': 'statbuf', 'type': 'struct stat*', 'value': '0x7FFC479C0B50'}]",0,0
16394.830975,309,1,102,systemd-timesyn,ubuntu,3,close,1,0,"[{'name': 'fd', 'type': 'int', 'value': 16}]",0,0
16431.052155,191,1,0,systemd-udevd,ubuntu,41,socket,3,14,"[{'name': 'domain', 'type': 'int', 'value': 'AF_UNIX'}, {'name': 'type', 'type': 'int', 'value': 'SOCK_DGRAM|SOCK_CLOEXEC'}, {'name': 'protocol', 'type': 'int', 'value': 0}]",0,0
16431.053572,191,1,0,systemd-udevd,ubuntu,3,close,1,0,"[{'name': 'fd', 'type': 'int', 'value': 14}]",0,0
16456.195098,307,1,102,systemd-timesyn,ubuntu,41,socket,3,16,"[{'name': 'domain', 'type': 'int', 'value': 'AF_UNIX'}, {'name': 'type', 'type': 'int', 'value': 'SOCK_DGRAM|SOCK_CLOEXEC'}, {'name': 'protocol', 'type': 'int', 'value': 0}]",0,0
16456.195171,307,1,102,systemd-timesyn,ubuntu,3,close,1,0,"[{'name': 'fd', 'type': 'int', 'value': 16}]",0,0
16456.195271,191,1,0,systemd-udevd,ubuntu,41,socket,3,14,"[{'name': 'domain', 'type': 'int', 'value': 'AF_UNIX'}, {'name': 'type', 'type': 'int', 'value': 'SOCK_DGRAM|SOCK_CLOEXEC'}, {'name': 'protocol', 'type': 'int', 'value': 0}]",0,0
16456.195351,191,1,0,systemd-udevd,ubuntu,3,close,1,0,"[{'name': 'fd', 'type': 'int', 'value': 14}]",0,0
16459.44541,307,1,102,systemd-timesyn,ubuntu,41,socket,3,16,"[{'name': 'domain', 'type': 'int', 'value': 'AF_INET'}, {'name': 'type', 'type': 'int', 'value': 'SOCK_DGRAM|SOCK_CLOEXEC'}, {'name': 'protocol', 'type': 'int', 'value': 0}]",0,0
16459.445459,307,1,102,systemd-timesyn,ubuntu,49,bind,3,0,"[{'name': 'sockfd', 'type': 'int', 'value': 16}, {'name': 'addr', 'type': 'void*', 'value': ""{'sa_family': 'AF_INET','sin_port': '0','sin_addr': '0.0.0.0'}""}, {'name': 'addrlen', 'type': 'int', 'value': 16}]",0,0
16459.468819,307,1,102,systemd-timesyn,ubuntu,3,close,1,0,"[{'name': 'fd', 'type': 'int', 'value': 16}]",0,0
16459.468876,307,1,102,systemd-timesyn,ubuntu,1003,cap_capable,1,0,"[{'name': 'cap', 'type': 'int', 'value': 'CAP_SYS_TIME'}]",0,0
16459.46892,307,1,102,systemd-timesyn,ubuntu,257,openat,4,16,"[{'name': 'dirfd', 'type': 'int', 'value': -100}, {'name': 'pathname', 'type': 'const char*', 'value': '/var/lib/systemd/timesync/clock'}, {'name': 'flags', 'type': 'unsigned long', 'value': 'O_RDONLY|O_NOFOLLOW|O_CLOEXEC|O_PATH'}, {'name': 'mode', 'type': 'int*', 'value': 64155428}]",0,0
16459.468965,307,1,102,systemd-timesyn,ubuntu,5,fstat,2,0,"[{'name': 'fd', 'type': 'int', 'value': 16}, {'name': 'statbuf', 'type': 'struct stat*', 'value': '0x7FFD86F67A80'}]",0,0
16459.469027,307,1,102,systemd-timesyn,ubuntu,3,close,1,0,"[{'name': 'fd', 'type': 'int', 'value': 16}]",0,0
16459.469074,307,1,102,systemd-timesyn,ubuntu,257,openat,4,16,"[{'name': 'dirfd', 'type': 'int', 'value': -100}, {'name': 'pathname', 'type': 'const char*', 'value': '/run/systemd/timesync/synchronized'}, {'name': 'flags', 'type': 'unsigned long', 'value': 'O_RDONLY|O_NOFOLLOW|O_CLOEXEC|O_PATH'}, {'name': 'mode', 'type': 'int*', 'value': 64155428}]",0,0
16459.469112,307,1,102,systemd-timesyn,ubuntu,5,fstat,2,0,"[{'name': 'fd', 'type': 'int', 'value': 16}, {'name': 'statbuf', 'type': 'struct stat*', 'value': '0x7FFD86F67A80'}]",0,0
16459.469146,307,1,102,systemd-timesyn,ubuntu,3,close,1,0,"[{'name': 'fd', 'type': 'int', 'value': 16}]",0,0
16481.746306,191,1,0,systemd-udevd,ubuntu,41,socket,3,14,"[{'name': 'domain', 'type': 'int', 'value': 'AF_UNIX'}, {'name': 'type', 'type': 'int', 'value': 'SOCK_DGRAM|SOCK_CLOEXEC'}, {'name': 'protocol', 'type': 'int', 'value': 0}]",0,0
16481.74702,191,1,0,systemd-udevd,ubuntu,3,close,1,0,"[{'name': 'fd', 'type': 'int', 'value': 14}]",0,0
16511.052275,308,1,102,systemd-timesyn,ubuntu,41,socket,3,16,"[{'name': 'domain', 'type': 'int', 'value': 'AF_UNIX'}, {'name': 'type', 'type': 'int', 'value': 'SOCK_DGRAM|SOCK_CLOEXEC'}, {'name': 'protocol', 'type': 'int', 'value': 0}]",0,0
16511.053149,308,1,102,systemd-timesyn,ubuntu,3,close,1,0,"[{'name': 'fd', 'type': 'int', 'value': 16}]",0,0
16521.746031,309,1,102,systemd-timesyn,ubuntu,41,socket,3,16,"[{'name': 'domain', 'type': 'int', 'value': 'AF_UNIX'}, {'name': 'type', 'type': 'int', 'value': 'SOCK_DGRAM|SOCK_CLOEXEC'}, {'name': 'protocol', 'type': 'int', 'value': 0}]",0,0
16521.746877,309,1,102,systemd-timesyn,ubuntu,3,close,1,0,"[{'name': 'fd', 'type': 'int', 'value': 16}]",0,0
16561.052467,191,1,0,systemd-udevd,ubuntu,41,socket,3,14,"[{'name': 'domain', 'type': 'int', 'value': 'AF_UNIX'}, {'name': 'type', 'type': 'int', 'value': 'SOCK_DGRAM|SOCK_CLOEXEC'}, {'name': 'protocol', 'type': 'int', 'value': 0}]",0,0
16561.053571,191,1,0,systemd-udevd,ubuntu,3,close,1,0,"[{'name': 'fd', 'type': 'int', 'value': 14}]",0,0
16576.194858,307,1,102,systemd-timesyn,ubuntu,41,socket,3,16,"[{'name': 'domain', 'type': 'int', 'value': 'AF_UNIX'}, {'name': 'type', 'type': 'int', 'value': 'SOCK_DGRAM|SOCK_CLOEXEC'}, {'name': 'protocol', 'type': 'int', 'value': 0}]",0,0
16576.195201,191,1,0,systemd-udevd,ubuntu,3,close,1,0,"[{'name': 'fd', 'type': 'int', 'value': 14}]",0,0
16576.195121,191,1,0,systemd-udevd,ubuntu,41,socket,3,14,"[{'name': 'domain', 'type': 'int', 'value': 'AF_UNIX'}, {'name': 'type', 'type': 'int', 'value': 'SOCK_DGRAM|SOCK_CLOEXEC'}, {'name': 'protocol', 'type': 'int', 'value': 0}]",0,0
16576.19501,307,1,102,systemd-timesyn,ubuntu,3,close,1,0,"[{'name': 'fd', 'type': 'int', 'value': 16}]",0,0
16583.046738,191,1,0,systemd-udevd,ubuntu,257,openat,4,-2,"[{'name': 'dirfd', 'type': 'int', 'value': -100}, {'name': 'pathname', 'type': 'const char*', 'value': '/run/udev/queue'}, {'name': 'flags', 'type': 'int', 'value': 'O_RDONLY|O_NOFOLLOW|O_CLOEXEC|O_PATH'}, {'name': 'mode', 'type': 'mode_t', 'value': 915717803}]",0,0
16583.046778,191,1,0,systemd-udevd,ubuntu,1005,security_file_open,4,0,"[{'name': 'pathname', 'type': 'const char*', 'value': '/run/udev/queue'}, {'name': 'flags', 'type': 'int', 'value': 'O_WRONLY|O_CREAT|O_EXCL|O_LARGEFILE'}, {'name': 'dev', 'type': 'dev_t', 'value': 25}, {'name': 'inode', 'type': 'unsigned long', 'value': 397}]",0,0
16583.046809,191,1,0,systemd-udevd,ubuntu,257,openat,4,14,"[{'name': 'dirfd', 'type': 'int', 'value': -100}, {'name': 'pathname', 'type': 'const char*', 'value': '/run/udev/queue'}, {'name': 'flags', 'type': 'int', 'value': 'O_WRONLY|O_CREAT|O_EXCL|O_CLOEXEC'}, {'name': 'mode', 'type': 'mode_t', 'value': 915717803}]",0,0
16583.046834,191,1,0,systemd-udevd,ubuntu,5,fstat,2,0,"[{'name': 'fd', 'type': 'int', 'value': 14}, {'name': 'statbuf', 'type': 'struct stat*', 'value': '0x7FFFB85BF590'}]",0,0
16583.046879,191,1,0,systemd-udevd,ubuntu,3,close,1,0,"[{'name': 'fd', 'type': 'int', 'value': 14}]",0,0
16583.04691,191,1,0,systemd-udevd,ubuntu,4,stat,2,0,"[{'name': 'pathname', 'type': 'const char*', 'value': '/etc/udev/rules.d'}, {'name': 'statbuf', 'type': 'struct stat*', 'value': '0x7FFFB85BF4D0'}]",0,0
16583.046935,191,1,0,systemd-udevd,ubuntu,4,stat,2,0,"[{'name': 'pathname', 'type': 'const char*', 'value': '/run/udev/rules.d'}, {'name': 'statbuf', 'type': 'struct stat*', 'value': '0x7FFFB85BF4D0'}]",0,0
16583.046959,191,1,0,systemd-udevd,ubuntu,4,stat,2,-2,"[{'name': 'pathname', 'type': 'const char*', 'value': '/usr/local/lib/udev/rules.d'}, {'name': 'statbuf', 'type': 'struct stat*', 'value': '0x7FFFB85BF4D0'}]",0,0
16583.046983,191,1,0,systemd-udevd,ubuntu,4,stat,2,0,"[{'name': 'pathname', 'type': 'const char*', 'value': '/usr/lib/udev/rules.d'}, {'name': 'statbuf', 'type': 'struct stat*', 'value': '0x7FFFB85BF4D0'}]",0,0
16583.047007,191,1,0,systemd-udevd,ubuntu,4,stat,2,0,"[{'name': 'pathname', 'type': 'const char*', 'value': '/lib/udev/rules.d'}, {'name': 'statbuf', 'type': 'struct stat*', 'value': '0x7FFFB85BF4D0'}]",0,0
16583.047031,191,1,0,systemd-udevd,ubuntu,4,stat,2,-2,"[{'name': 'pathname', 'type': 'const char*', 'value': '/etc/systemd/hwdb/hwdb.bin'}, {'name': 'statbuf', 'type': 'struct stat*', 'value': '0x7FFFB85BF540'}]",0,0
16583.047055,191,1,0,systemd-udevd,ubuntu,4,stat,2,-2,"[{'name': 'pathname', 'type': 'const char*', 'value': '/etc/udev/hwdb.bin'}, {'name': 'statbuf', 'type': 'struct stat*', 'value': '0x7FFFB85BF540'}]",0,0
16583.047079,191,1,0,systemd-udevd,ubuntu,4,stat,2,-2,"[{'name': 'pathname', 'type': 'const char*', 'value': '/usr/lib/systemd/hwdb/hwdb.bin'}, {'name': 'statbuf', 'type': 'struct stat*', 'value': '0x7FFFB85BF540'}]",0,0
16583.047103,191,1,0,systemd-udevd,ubuntu,4,stat,2,-2,"[{'name': 'pathname', 'type': 'const char*', 'value': '/lib/systemd/hwdb/hwdb.bin'}, {'name': 'statbuf', 'type': 'struct stat*', 'value': '0x7FFFB85BF540'}]",0,0
16583.047128,191,1,0,systemd-udevd,ubuntu,4,stat,2,0,"[{'name': 'pathname', 'type': 'const char*', 'value': '/lib/udev/hwdb.bin'}, {'name': 'statbuf', 'type': 'struct stat*', 'value': '0x7FFFB85BF540'}]",0,0
16583.047154,191,1,0,systemd-udevd,ubuntu,4,stat,2,0,"[{'name': 'pathname', 'type': 'const char*', 'value': '/etc/modprobe.d'}, {'name': 'statbuf', 'type': 'struct stat*', 'value': '0x7FFFB85BE4F0'}]",0,0
16583.047179,191,1,0,systemd-udevd,ubuntu,4,stat,2,0,"[{'name': 'pathname', 'type': 'const char*', 'value': '/lib/modprobe.d'}, {'name': 'statbuf', 'type': 'struct stat*', 'value': '0x7FFFB85BE4F0'}]",0,0
16583.047205,191,1,0,systemd-udevd,ubuntu,4,stat,2,0,"[{'name': 'pathname', 'type': 'const char*', 'value': '/lib/modules/5.4.0-1048-aws/modules.dep.bin'}, {'name': 'statbuf', 'type': 'struct stat*', 'value': '0x7FFFB85BE4E0'}]",0,0
16583.047231,191,1,0,systemd-udevd,ubuntu,4,stat,2,0,"[{'name': 'pathname', 'type': 'const char*', 'value': '/lib/modules/5.4.0-1048-aws/modules.alias.bin'}, {'name': 'statbuf', 'type': 'struct stat*', 'value': '0x7FFFB85BE4E0'}]",0,0
16583.047259,191,1,0,systemd-udevd,ubuntu,4,stat,2,0,"[{'name': 'pathname', 'type': 'const char*', 'value': '/lib/modules/5.4.0-1048-aws/modules.symbols.bin'}, {'name': 'statbuf', 'type': 'struct stat*', 'value': '0x7FFFB85BE4E0'}]",0,0
16583.047284,191,1,0,systemd-udevd,ubuntu,4,stat,2,0,"[{'name': 'pathname', 'type': 'const char*', 'value': '/lib/modules/5.4.0-1048-aws/modules.builtin.alias.bin'}, {'name': 'statbuf', 'type': 'struct stat*', 'value': '0x7FFFB85BE4E0'}]",0,0
16583.047309,191,1,0,systemd-udevd,ubuntu,4,stat,2,0,"[{'name': 'pathname', 'type': 'const char*', 'value': '/lib/modules/5.4.0-1048-aws/modules.builtin.bin'}, {'name': 'statbuf', 'type': 'struct stat*', 'value': '0x7FFFB85BE4E0'}]",0,0
16583.047359,191,1,0,systemd-udevd,ubuntu,4,stat,2,0,"[{'name': 'pathname', 'type': 'const char*', 'value': '/run/systemd/network'}, {'name': 'statbuf', 'type': 'struct stat*', 'value': '0x7FFFB85BF4D0'}]",0,0
16583.047335,191,1,0,systemd-udevd,ubuntu,4,stat,2,0,"[{'name': 'pathname', 'type': 'const char*', 'value': '/etc/systemd/network'}, {'name': 'statbuf', 'type': 'struct stat*', 'value': '0x7FFFB85BF4D0'}]",0,0
16583.047382,191,1,0,systemd-udevd,ubuntu,4,stat,2,-2,"[{'name': 'pathname', 'type': 'const char*', 'value': '/usr/local/lib/systemd/network'}, {'name': 'statbuf', 'type': 'struct stat*', 'value': '0x7FFFB85BF4D0'}]",0,0
16583.047406,191,1,0,systemd-udevd,ubuntu,4,stat,2,0,"[{'name': 'pathname', 'type': 'const char*', 'value': '/usr/lib/systemd/network'}, {'name': 'statbuf', 'type': 'struct stat*', 'value': '0x7FFFB85BF4D0'}]",0,0
16583.047462,191,1,0,systemd-udevd,ubuntu,41,socket,3,14,"[{'name': 'domain', 'type': 'int', 'value': 'AF_NETLINK'}, {'name': 'type', 'type': 'int', 'value': 'SOCK_RAW|SOCK_NONBLOCK|SOCK_CLOEXEC'}, {'name': 'protocol', 'type': 'int', 'value': 15}]",0,0
16583.047429,191,1,0,systemd-udevd,ubuntu,4,stat,2,0,"[{'name': 'pathname', 'type': 'const char*', 'value': '/lib/systemd/network'}, {'name': 'statbuf', 'type': 'struct stat*', 'value': '0x7FFFB85BF4D0'}]",0,0
16583.047497,191,1,0,systemd-udevd,ubuntu,49,bind,3,0,"[{'name': 'sockfd', 'type': 'int', 'value': 14}, {'name': 'addr', 'type': 'const void*', 'value': ""{'sa_family': 'AF_NETLINK'}""}, {'name': 'addrlen', 'type': 'int*', 'value': 12}]",0,0
16583.047523,191,1,0,systemd-udevd,ubuntu,51,getsockname,3,0,"[{'name': 'sockfd', 'type': 'int', 'value': 14}, {'name': 'addr', 'type': 'const void*', 'value': ""{'sa_family': 'AF_NETLINK'}""}, {'name': 'addrlen', 'type': 'int*', 'value': '0x7FFFB85BF53C'}]",0,0
16583.047812,191,1,0,systemd-udevd,ubuntu,56,clone,5,8538,"[{'name': 'flags', 'type': 'unsigned int', 'value': 'CLONE_CHILD_CLEARTID|CLONE_CHILD_SETTID'}, {'name': 'stack', 'type': 'void*', 'value': '0x0'}, {'name': 'parent_tid', 'type': 'int*', 'value': '0x0'}, {'name': 'child_tid', 'type': 'int*', 'value': '0x7FAC369210BF'}, {'name': 'tls', 'type': 'unsigned long', 'value': 0}]",0,0
16583.047853,191,1,0,systemd-udevd,ubuntu,3,close,1,0,"[{'name': 'fd', 'type': 'int', 'value': 14}]",0,0
16583.048103,191,1,0,systemd-udevd,ubuntu,41,socket,3,14,"[{'name': 'domain', 'type': 'int', 'value': 'AF_NETLINK'}, {'name': 'type', 'type': 'int', 'value': 'SOCK_RAW|SOCK_NONBLOCK|SOCK_CLOEXEC'}, {'name': 'protocol', 'type': 'int', 'value': 15}]",0,0
16583.048138,191,1,0,systemd-udevd,ubuntu,49,bind,3,0,"[{'name': 'sockfd', 'type': 'int', 'value': 14}, {'name': 'addr', 'type': 'const void*', 'value': ""{'sa_family': 'AF_NETLINK'}""}, {'name': 'addrlen', 'type': 'int*', 'value': 12}]",0,0
16583.048162,191,1,0,systemd-udevd,ubuntu,51,getsockname,3,0,"[{'name': 'sockfd', 'type': 'int', 'value': 14}, {'name': 'addr', 'type': 'const void*', 'value': ""{'sa_family': 'AF_NETLINK'}""}, {'name': 'addrlen', 'type': 'int*', 'value': '0x7FFFB85BF53C'}]",0,0
16583.048414,191,1,0,systemd-udevd,ubuntu,56,clone,5,8539,"[{'name': 'flags', 'type': 'unsigned int', 'value': 'CLONE_CHILD_CLEARTID|CLONE_CHILD_SETTID'}, {'name': 'stack', 'type': 'void*', 'value': '0x0'}, {'name': 'parent_tid', 'type': 'int*', 'value': '0x0'}, {'name': 'child_tid', 'type': 'int*', 'value': '0x7FAC369210BF'}, {'name': 'tls', 'type': 'unsigned long', 'value': 0}]",0,0
16583.048453,191,1,0,systemd-udevd,ubuntu,3,close,1,0,"[{'name': 'fd', 'type': 'int', 'value': 14}]",0,0
16583.048689,191,1,0,systemd-udevd,ubuntu,41,socket,3,14,"[{'name': 'domain', 'type': 'int', 'value': 'AF_NETLINK'}, {'name': 'type', 'type': 'int', 'value': 'SOCK_RAW|SOCK_NONBLOCK|SOCK_CLOEXEC'}, {'name': 'protocol', 'type': 'int', 'value': 15}]",0,0
16583.048723,191,1,0,systemd-udevd,ubuntu,49,bind,3,0,"[{'name': 'sockfd', 'type': 'int', 'value': 14}, {'name': 'addr', 'type': 'const void*', 'value': ""{'sa_family': 'AF_NETLINK'}""}, {'name': 'addrlen', 'type': 'int*', 'value': 12}]",0,0
16583.048747,191,1,0,systemd-udevd,ubuntu,51,getsockname,3,0,"[{'name': 'sockfd', 'type': 'int', 'value': 14}, {'name': 'addr', 'type': 'const void*', 'value': ""{'sa_family': 'AF_NETLINK'}""}, {'name': 'addrlen', 'type': 'int*', 'value': '0x7FFFB85BF53C'}]",0,0
16583.048999,191,1,0,systemd-udevd,ubuntu,56,clone,5,8540,"[{'name': 'flags', 'type': 'unsigned int', 'value': 'CLONE_CHILD_CLEARTID|CLONE_CHILD_SETTID'}, {'name': 'stack', 'type': 'void*', 'value': '0x0'}, {'name': 'parent_tid', 'type': 'int*', 'value': '0x0'}, {'name': 'child_tid', 'type': 'int*', 'value': '0x7FAC369210BF'}, {'name': 'tls', 'type': 'unsigned long', 'value': 0}]",0,0
16583.049039,191,1,0,systemd-udevd,ubuntu,3,close,1,0,"[{'name': 'fd', 'type': 'int', 'value': 14}]",0,0
16583.04925,191,1,0,systemd-udevd,ubuntu,41,socket,3,14,"[{'name': 'domain', 'type': 'int', 'value': 'AF_NETLINK'}, {'name': 'type', 'type': 'int', 'value': 'SOCK_RAW|SOCK_NONBLOCK|SOCK_CLOEXEC'}, {'name': 'protocol', 'type': 'int', 'value': 15}]",0,0
16583.049288,191,1,0,systemd-udevd,ubuntu,49,bind,3,0,"[{'name': 'sockfd', 'type': 'int', 'value': 14}, {'name': 'addr', 'type': 'const void*', 'value': ""{'sa_family': 'AF_NETLINK'}""}, {'name': 'addrlen', 'type': 'int*', 'value': 12}]",0,0
16583.049312,191,1,0,systemd-udevd,ubuntu,51,getsockname,3,0,"[{'name': 'sockfd', 'type': 'int', 'value': 14}, {'name': 'addr', 'type': 'const void*', 'value': ""{'sa_family': 'AF_NETLINK'}""}, {'name': 'addrlen', 'type': 'int*', 'value': '0x7FFFB85BF53C'}]",0,0
16583.049571,191,1,0,systemd-udevd,ubuntu,56,clone,5,8541,"[{'name': 'flags', 'type': 'unsigned int', 'value': 'CLONE_CHILD_CLEARTID|CLONE_CHILD_SETTID'}, {'name': 'stack', 'type': 'void*', 'value': '0x0'}, {'name': 'parent_tid', 'type': 'int*', 'value': '0x0'}, {'name': 'child_tid', 'type': 'int*', 'value': '0x7FAC369210BF'}, {'name': 'tls', 'type': 'unsigned long', 'value': 0}]",0,0
16583.04961,191,1,0,systemd-udevd,ubuntu,3,close,1,0,"[{'name': 'fd', 'type': 'int', 'value': 14}]",0,0
16583.049819,191,1,0,systemd-udevd,ubuntu,41,socket,3,14,"[{'name': 'domain', 'type': 'int', 'value': 'AF_NETLINK'}, {'name': 'type', 'type': 'int', 'value': 'SOCK_RAW|SOCK_NONBLOCK|SOCK_CLOEXEC'}, {'name': 'protocol', 'type': 'int', 'value': 15}]",0,0
16583.049858,191,1,0,systemd-udevd,ubuntu,49,bind,3,0,"[{'name': 'sockfd', 'type': 'int', 'value': 14}, {'name': 'addr', 'type': 'const void*', 'value': ""{'sa_family': 'AF_NETLINK'}""}, {'name': 'addrlen', 'type': 'int*', 'value': 12}]",0,0
16583.049882,191,1,0,systemd-udevd,ubuntu,51,getsockname,3,0,"[{'name': 'sockfd', 'type': 'int', 'value': 14}, {'name': 'addr', 'type': 'const void*', 'value': ""{'sa_family': 'AF_NETLINK'}""}, {'name': 'addrlen', 'type': 'int*', 'value': '0x7FFFB85BF53C'}]",0,0
16583.050146,191,1,0,systemd-udevd,ubuntu,56,clone,5,8542,"[{'name': 'flags', 'type': 'unsigned int', 'value': 'CLONE_CHILD_CLEARTID|CLONE_CHILD_SETTID'}, {'name': 'stack', 'type': 'void*', 'value': '0x0'}, {'name': 'parent_tid', 'type': 'int*', 'value': '0x0'}, {'name': 'child_tid', 'type': 'int*', 'value': '0x7FAC369210BF'}, {'name': 'tls', 'type': 'unsigned long', 'value': 0}]",0,0
16583.050184,191,1,0,systemd-udevd,ubuntu,3,close,1,0,"[{'name': 'fd', 'type': 'int', 'value': 14}]",0,0
16583.050481,8539,191,0,systemd-udevd,ubuntu,157,prctl,5,0,"[{'name': 'option', 'type': 'int', 'value': 'PR_SET_PDEATHSIG'}, {'name': 'arg2', 'type': 'unsigned long', 'value': 15}, {'name': 'arg3', 'type': 'unsigned long', 'value': 1}, {'name': 'arg4', 'type': 'unsigned long', 'value': 140377626893982}, {'name': 'arg5', 'type': 'unsigned long', 'value': 0}]",0,0
16583.050623,8539,191,0,systemd-udevd,ubuntu,1005,security_file_open,4,0,"[{'name': 'pathname', 'type': 'const char*', 'value': '/proc/8539/oom_score_adj'}, {'name': 'flags', 'type': 'int', 'value': 'O_WRONLY|O_NOCTTY|O_LARGEFILE'}, {'name': 'dev', 'type': 'dev_t', 'value': 5}, {'name': 'inode', 'type': 'unsigned long', 'value': 118914}]",0,0
16583.05071,8538,191,0,systemd-udevd,ubuntu,157,prctl,5,0,"[{'name': 'option', 'type': 'int', 'value': 'PR_SET_PDEATHSIG'}, {'name': 'arg2', 'type': 'unsigned long', 'value': 15}, {'name': 'arg3', 'type': 'unsigned long', 'value': 1}, {'name': 'arg4', 'type': 'unsigned long', 'value': 140377626893982}, {'name': 'arg5', 'type': 'unsigned long', 'value': 0}]",0,0
16583.051014,8540,191,0,systemd-udevd,ubuntu,157,prctl,5,0,"[{'name': 'option', 'type': 'int', 'value': 'PR_SET_PDEATHSIG'}, {'name': 'arg2', 'type': 'unsigned long', 'value': 15}, {'name': 'arg3', 'type': 'unsigned long', 'value': 1}, {'name': 'arg4', 'type': 'unsigned long', 'value': 140377626893982}, {'name': 'arg5', 'type': 'unsigned long', 'value': 0}]",0,0
16583.051258,8539,191,0,systemd-udevd,ubuntu,257,openat,4,15,"[{'name': 'dirfd', 'type': 'int', 'value': -100}, {'name': 'pathname', 'type': 'const char*', 'value': '/proc/self/oom_score_adj'}, {'name': 'flags', 'type': 'int', 'value': 'O_WRONLY|O_NOCTTY|O_CLOEXEC'}, {'name': 'mode', 'type': 'mode_t', 'value': 915717803}]",0,0
16583.056311,8538,191,0,systemd-udevd,ubuntu,1005,security_file_open,4,0,"[{'name': 'pathname', 'type': 'const char*', 'value': '/proc/8538/oom_score_adj'}, {'name': 'flags', 'type': 'int', 'value': 'O_WRONLY|O_NOCTTY|O_LARGEFILE'}, {'name': 'dev', 'type': 'dev_t', 'value': 5}, {'name': 'inode', 'type': 'unsigned long', 'value': 118916}]",0,0
16583.056349,8538,191,0,systemd-udevd,ubuntu,257,openat,4,15,"[{'name': 'dirfd', 'type': 'int', 'value': -100}, {'name': 'pathname', 'type': 'const char*', 'value': '/proc/self/oom_score_adj'}, {'name': 'flags', 'type': 'int', 'value': 'O_WRONLY|O_NOCTTY|O_CLOEXEC'}, {'name': 'mode', 'type': 'mode_t', 'value': 915717803}]",0,0
16583.056445,8538,191,0,systemd-udevd,ubuntu,3,close,1,0,"[{'name': 'fd', 'type': 'int', 'value': 15}]",0,0
16583.056523,8538,191,0,systemd-udevd,ubuntu,3,close,1,0,"[{'name': 'fd', 'type': 'int', 'value': 4}]",0,0
16583.056549,8538,191,0,systemd-udevd,ubuntu,3,close,1,0,"[{'name': 'fd', 'type': 'int', 'value': 3}]",0,0
16583.056572,8538,191,0,systemd-udevd,ubuntu,3,close,1,0,"[{'name': 'fd', 'type': 'int', 'value': 6}]",0,0
16583.056684,8538,191,0,systemd-udevd,ubuntu,257,openat,4,-2,"[{'name': 'dirfd', 'type': 'int', 'value': -100}, {'name': 'pathname', 'type': 'const char*', 'value': '/run/udev/data/+cgroup:PING(1842:packagekit.service)'}, {'name': 'flags', 'type': 'int', 'value': 'O_RDONLY|O_CLOEXEC'}, {'name': 'mode', 'type': 'mode_t', 'value': 915717803}]",0,0
16583.056714,8538,191,0,systemd-udevd,ubuntu,87,unlink,1,-2,"[{'name': 'pathname', 'type': 'const char*', 'value': '/run/udev/data/+cgroup:PING(1842:packagekit.service)'}]",0,0
16583.056775,8538,191,0,systemd-udevd,ubuntu,21,access,2,-2,"[{'name': 'pathname', 'type': 'const char*', 'value': '/sys/subsystem/dmi/devices/id'}, {'name': 'mode', 'type': 'mode_t', 'value': 'F_OK'}]",0,0
16583.056807,8538,191,0,systemd-udevd,ubuntu,21,access,2,-2,"[{'name': 'pathname', 'type': 'const char*', 'value': '/sys/bus/dmi/devices/id'}, {'name': 'mode', 'type': 'mode_t', 'value': 'F_OK'}]",0,0
16583.056846,8538,191,0,systemd-udevd,ubuntu,21,access,2,0,"[{'name': 'pathname', 'type': 'const char*', 'value': '/sys/class/dmi/id'}, {'name': 'mode', 'type': 'mode_t', 'value': 'F_OK'}]",0,0
16583.056873,8538,191,0,systemd-udevd,ubuntu,257,openat,4,6,"[{'name': 'dirfd', 'type': 'int', 'value': -100}, {'name': 'pathname', 'type': 'const char*', 'value': '/'}, {'name': 'flags', 'type': 'int', 'value': 'O_RDONLY|O_DIRECTORY|O_CLOEXEC|O_PATH'}, {'name': 'mode', 'type': 'mode_t', 'value': 915717803}]",0,0
16583.0569,8538,191,0,systemd-udevd,ubuntu,257,openat,4,15,"[{'name': 'dirfd', 'type': 'int', 'value': 6}, {'name': 'pathname', 'type': 'const char*', 'value': 'sys'}, {'name': 'flags', 'type': 'int', 'value': 'O_RDONLY|O_NOFOLLOW|O_CLOEXEC|O_PATH'}, {'name': 'mode', 'type': 'mode_t', 'value': 915718182}]",0,0
16583.056925,8538,191,0,systemd-udevd,ubuntu,5,fstat,2,0,"[{'name': 'fd', 'type': 'int', 'value': 15}, {'name': 'statbuf', 'type': 'struct stat*', 'value': '0x7FFFB85B9800'}]",0,0
16583.056951,8538,191,0,systemd-udevd,ubuntu,3,close,1,0,"[{'name': 'fd', 'type': 'int', 'value': 6}]",0,0
16583.056977,8538,191,0,systemd-udevd,ubuntu,257,openat,4,6,"[{'name': 'dirfd', 'type': 'int', 'value': 15}, {'name': 'pathname', 'type': 'const char*', 'value': 'class'}, {'name': 'flags', 'type': 'int', 'value': 'O_RDONLY|O_NOFOLLOW|O_CLOEXEC|O_PATH'}, {'name': 'mode', 'type': 'mode_t', 'value': 915718182}]",0,0
16583.057001,8538,191,0,systemd-udevd,ubuntu,5,fstat,2,0,"[{'name': 'fd', 'type': 'int', 'value': 6}, {'name': 'statbuf', 'type': 'struct stat*', 'value': '0x7FFFB85B9800'}]",0,0
16583.057024,8538,191,0,systemd-udevd,ubuntu,3,close,1,0,"[{'name': 'fd', 'type': 'int', 'value': 15}]",0,0
16583.05705,8538,191,0,systemd-udevd,ubuntu,257,openat,4,15,"[{'name': 'dirfd', 'type': 'int', 'value': 6}, {'name': 'pathname', 'type': 'const char*', 'value': 'dmi'}, {'name': 'flags', 'type': 'int', 'value': 'O_RDONLY|O_NOFOLLOW|O_CLOEXEC|O_PATH'}, {'name': 'mode', 'type': 'mode_t', 'value': 915718182}]",0,0
16583.057073,8538,191,0,systemd-udevd,ubuntu,5,fstat,2,0,"[{'name': 'fd', 'type': 'int', 'value': 15}, {'name': 'statbuf', 'type': 'struct stat*', 'value': '0x7FFFB85B9800'}]",0,0
16583.057096,8538,191,0,systemd-udevd,ubuntu,3,close,1,0,"[{'name': 'fd', 'type': 'int', 'value': 6}]",0,0
16583.057121,8538,191,0,systemd-udevd,ubuntu,257,openat,4,6,"[{'name': 'dirfd', 'type': 'int', 'value': 15}, {'name': 'pathname', 'type': 'const char*', 'value': 'id'}, {'name': 'flags', 'type': 'int', 'value': 'O_RDONLY|O_NOFOLLOW|O_CLOEXEC|O_PATH'}, {'name': 'mode', 'type': 'mode_t', 'value': 915718182}]",0,0
16583.057145,8538,191,0,systemd-udevd,ubuntu,5,fstat,2,0,"[{'name': 'fd', 'type': 'int', 'value': 6}, {'name': 'statbuf', 'type': 'struct stat*', 'value': '0x7FFFB85B9800'}]",0,0
16583.057179,8538,191,0,systemd-udevd,ubuntu,3,close,1,0,"[{'name': 'fd', 'type': 'int', 'value': 6}]",0,0
16583.057206,8538,191,0,systemd-udevd,ubuntu,257,openat,4,6,"[{'name': 'dirfd', 'type': 'int', 'value': 15}, {'name': 'pathname', 'type': 'const char*', 'value': '..'}, {'name': 'flags', 'type': 'int', 'value': 'O_RDONLY|O_NOFOLLOW|O_CLOEXEC|O_PATH'}, {'name': 'mode', 'type': 'mode_t', 'value': 915718182}]",0,0
16583.05723,8538,191,0,systemd-udevd,ubuntu,3,close,1,0,"[{'name': 'fd', 'type': 'int', 'value': 15}]",0,0
16583.057255,8538,191,0,systemd-udevd,ubuntu,257,openat,4,15,"[{'name': 'dirfd', 'type': 'int', 'value': 6}, {'name': 'pathname', 'type': 'const char*', 'value': '..'}, {'name': 'flags', 'type': 'int', 'value': 'O_RDONLY|O_NOFOLLOW|O_CLOEXEC|O_PATH'}, {'name': 'mode', 'type': 'mode_t', 'value': 915718182}]",0,0
16583.057278,8538,191,0,systemd-udevd,ubuntu,3,close,1,0,"[{'name': 'fd', 'type': 'int', 'value': 6}]",0,0
16583.057303,8538,191,0,systemd-udevd,ubuntu,257,openat,4,6,"[{'name': 'dirfd', 'type': 'int', 'value': 15}, {'name': 'pathname', 'type': 'const char*', 'value': 'devices'}, {'name': 'flags', 'type': 'int', 'value': 'O_RDONLY|O_NOFOLLOW|O_CLOEXEC|O_PATH'}, {'name': 'mode', 'type': 'mode_t', 'value': 915718182}]",0,0
16583.057326,8538,191,0,systemd-udevd,ubuntu,5,fstat,2,0,"[{'name': 'fd', 'type': 'int', 'value': 6}, {'name': 'statbuf', 'type': 'struct stat*', 'value': '0x7FFFB85B9800'}]",0,0
16583.057348,8538,191,0,systemd-udevd,ubuntu,3,close,1,0,"[{'name': 'fd', 'type': 'int', 'value': 15}]",0,0
16583.057373,8538,191,0,systemd-udevd,ubuntu,257,openat,4,15,"[{'name': 'dirfd', 'type': 'int', 'value': 6}, {'name': 'pathname', 'type': 'const char*', 'value': 'virtual'}, {'name': 'flags', 'type': 'int', 'value': 'O_RDONLY|O_NOFOLLOW|O_CLOEXEC|O_PATH'}, {'name': 'mode', 'type': 'mode_t', 'value': 915718182}]",0,0
16583.057396,8538,191,0,systemd-udevd,ubuntu,5,fstat,2,0,"[{'name': 'fd', 'type': 'int', 'value': 15}, {'name': 'statbuf', 'type': 'struct stat*', 'value': '0x7FFFB85B9800'}]",0,0
16583.057418,8538,191,0,systemd-udevd,ubuntu,3,close,1,0,"[{'name': 'fd', 'type': 'int', 'value': 6}]",0,0
16583.057443,8538,191,0,systemd-udevd,ubuntu,257,openat,4,6,"[{'name': 'dirfd', 'type': 'int', 'value': 15}, {'name': 'pathname', 'type': 'const char*', 'value': 'dmi'}, {'name': 'flags', 'type': 'int', 'value': 'O_RDONLY|O_NOFOLLOW|O_CLOEXEC|O_PATH'}, {'name': 'mode', 'type': 'mode_t', 'value': 915718182}]",0,0
16583.057467,8538,191,0,systemd-udevd,ubuntu,5,fstat,2,0,"[{'name': 'fd', 'type': 'int', 'value': 6}, {'name': 'statbuf', 'type': 'struct stat*', 'value': '0x7FFFB85B9800'}]",0,0
16583.05749,8538,191,0,systemd-udevd,ubuntu,3,close,1,0,"[{'name': 'fd', 'type': 'int', 'value': 15}]",0,0
16583.057515,8538,191,0,systemd-udevd,ubuntu,257,openat,4,15,"[{'name': 'dirfd', 'type': 'int', 'value': 6}, {'name': 'pathname', 'type': 'const char*', 'value': 'id'}, {'name': 'flags', 'type': 'int', 'value': 'O_RDONLY|O_NOFOLLOW|O_CLOEXEC|O_PATH'}, {'name': 'mode', 'type': 'mode_t', 'value': 915718182}]",0,0
16583.057538,8538,191,0,systemd-udevd,ubuntu,5,fstat,2,0,"[{'name': 'fd', 'type': 'int', 'value': 15}, {'name': 'statbuf', 'type': 'struct stat*', 'value': '0x7FFFB85B9800'}]",0,0
16583.057585,8538,191,0,systemd-udevd,ubuntu,3,close,1,0,"[{'name': 'fd', 'type': 'int', 'value': 15}]",0,0
16583.057613,8538,191,0,systemd-udevd,ubuntu,21,access,2,0,"[{'name': 'pathname', 'type': 'const char*', 'value': '/sys/devices/virtual/dmi/id/uevent'}, {'name': 'mode', 'type': 'mode_t', 'value': 'F_OK'}]",0,0
16583.057644,8538,191,0,systemd-udevd,ubuntu,6,lstat,2,0,"[{'name': 'pathname', 'type': 'const char*', 'value': '/sys/devices/virtual/dmi/id/sys_vendor'}, {'name': 'statbuf', 'type': 'struct stat*', 'value': '0x7FFFB85BA910'}]",0,0
16583.057561,8538,191,0,systemd-udevd,ubuntu,3,close,1,0,"[{'name': 'fd', 'type': 'int', 'value': 6}]",0,0
16583.05767,8538,191,0,systemd-udevd,ubuntu,1005,security_file_open,4,0,"[{'name': 'pathname', 'type': 'const char*', 'value': '/sys/devices/virtual/dmi/id/sys_vendor'}, {'name': 'flags', 'type': 'int', 'value': 'O_RDONLY|O_LARGEFILE'}, {'name': 'dev', 'type': 'dev_t', 'value': 22}, {'name': 'inode', 'type': 'unsigned long', 'value': 713}]",0,0
16583.0577,8538,191,0,systemd-udevd,ubuntu,257,openat,4,6,"[{'name': 'dirfd', 'type': 'int', 'value': -100}, {'name': 'pathname', 'type': 'const char*', 'value': '/sys/devices/virtual/dmi/id/sys_vendor'}, {'name': 'flags', 'type': 'int', 'value': 'O_RDONLY|O_CLOEXEC'}, {'name': 'mode', 'type': 'mode_t', 'value': 915717803}]",0,0
16583.057724,8538,191,0,systemd-udevd,ubuntu,5,fstat,2,0,"[{'name': 'fd', 'type': 'int', 'value': 6}, {'name': 'statbuf', 'type': 'struct stat*', 'value': '0x7FFFB85BA9A0'}]",0,0
16583.057757,8538,191,0,systemd-udevd,ubuntu,3,close,1,0,"[{'name': 'fd', 'type': 'int', 'value': 6}]",0,0
16583.05779,8538,191,0,systemd-udevd,ubuntu,21,access,2,-2,"[{'name': 'pathname', 'type': 'const char*', 'value': '/sys/subsystem/dmi/devices/id'}, {'name': 'mode', 'type': 'mode_t', 'value': 'F_OK'}]",0,0
16583.057817,8538,191,0,systemd-udevd,ubuntu,21,access,2,-2,"[{'name': 'pathname', 'type': 'const char*', 'value': '/sys/bus/dmi/devices/id'}, {'name': 'mode', 'type': 'mode_t', 'value': 'F_OK'}]",0,0
16583.057844,8538,191,0,systemd-udevd,ubuntu,21,access,2,0,"[{'name': 'pathname', 'type': 'const char*', 'value': '/sys/class/dmi/id'}, {'name': 'mode', 'type': 'mode_t', 'value': 'F_OK'}]",0,0
16583.05787,8538,191,0,systemd-udevd,ubuntu,257,openat,4,6,"[{'name': 'dirfd', 'type': 'int', 'value': -100}, {'name': 'pathname', 'type': 'const char*', 'value': '/'}, {'name': 'flags', 'type': 'int', 'value': 'O_RDONLY|O_DIRECTORY|O_CLOEXEC|O_PATH'}, {'name': 'mode', 'type': 'mode_t', 'value': 915717803}]",0,0
16583.057894,8538,191,0,systemd-udevd,ubuntu,257,openat,4,15,"[{'name': 'dirfd', 'type': 'int', 'value': 6}, {'name': 'pathname', 'type': 'const char*', 'value': 'sys'}, {'name': 'flags', 'type': 'int', 'value': 'O_RDONLY|O_NOFOLLOW|O_CLOEXEC|O_PATH'}, {'name': 'mode', 'type': 'mode_t', 'value': 915718182}]",0,0
16583.057918,8538,191,0,systemd-udevd,ubuntu,5,fstat,2,0,"[{'name': 'fd', 'type': 'int', 'value': 15}, {'name': 'statbuf', 'type': 'struct stat*', 'value': '0x7FFFB85B9800'}]",0,0
16583.057941,8538,191,0,systemd-udevd,ubuntu,3,close,1,0,"[{'name': 'fd', 'type': 'int', 'value': 6}]",0,0
16583.057966,8538,191,0,systemd-udevd,ubuntu,257,openat,4,6,"[{'name': 'dirfd', 'type': 'int', 'value': 15}, {'name': 'pathname', 'type': 'const char*', 'value': 'class'}, {'name': 'flags', 'type': 'int', 'value': 'O_RDONLY|O_NOFOLLOW|O_CLOEXEC|O_PATH'}, {'name': 'mode', 'type': 'mode_t', 'value': 915718182}]",0,0
16583.057989,8538,191,0,systemd-udevd,ubuntu,5,fstat,2,0,"[{'name': 'fd', 'type': 'int', 'value': 6}, {'name': 'statbuf', 'type': 'struct stat*', 'value': '0x7FFFB85B9800'}]",0,0
16583.058012,8538,191,0,systemd-udevd,ubuntu,3,close,1,0,"[{'name': 'fd', 'type': 'int', 'value': 15}]",0,0
16583.058037,8538,191,0,systemd-udevd,ubuntu,257,openat,4,15,"[{'name': 'dirfd', 'type': 'int', 'value': 6}, {'name': 'pathname', 'type': 'const char*', 'value': 'dmi'}, {'name': 'flags', 'type': 'int', 'value': 'O_RDONLY|O_NOFOLLOW|O_CLOEXEC|O_PATH'}, {'name': 'mode', 'type': 'mode_t', 'value': 915718182}]",0,0
16583.058061,8538,191,0,systemd-udevd,ubuntu,5,fstat,2,0,"[{'name': 'fd', 'type': 'int', 'value': 15}, {'name': 'statbuf', 'type': 'struct stat*', 'value': '0x7FFFB85B9800'}]",0,0
16583.058109,8538,191,0,systemd-udevd,ubuntu,257,openat,4,6,"[{'name': 'dirfd', 'type': 'int', 'value': 15}, {'name': 'pathname', 'type': 'const char*', 'value': 'id'}, {'name': 'flags', 'type': 'int', 'value': 'O_RDONLY|O_NOFOLLOW|O_CLOEXEC|O_PATH'}, {'name': 'mode', 'type': 'mode_t', 'value': 915718182}]",0,0
16583.058084,8538,191,0,systemd-udevd,ubuntu,3,close,1,0,"[{'name': 'fd', 'type': 'int', 'value': 6}]",0,0
16583.058132,8538,191,0,systemd-udevd,ubuntu,5,fstat,2,0,"[{'name': 'fd', 'type': 'int', 'value': 6}, {'name': 'statbuf', 'type': 'struct stat*', 'value': '0x7FFFB85B9800'}]",0,0
16583.058188,8538,191,0,systemd-udevd,ubuntu,257,openat,4,6,"[{'name': 'dirfd', 'type': 'int', 'value': 15}, {'name': 'pathname', 'type': 'const char*', 'value': '..'}, {'name': 'flags', 'type': 'int', 'value': 'O_RDONLY|O_NOFOLLOW|O_CLOEXEC|O_PATH'}, {'name': 'mode', 'type': 'mode_t', 'value': 915718182}]",0,0
16583.058162,8538,191,0,systemd-udevd,ubuntu,3,close,1,0,"[{'name': 'fd', 'type': 'int', 'value': 6}]",0,0
16583.058211,8538,191,0,systemd-udevd,ubuntu,3,close,1,0,"[{'name': 'fd', 'type': 'int', 'value': 15}]",0,0
16583.058236,8538,191,0,systemd-udevd,ubuntu,257,openat,4,15,"[{'name': 'dirfd', 'type': 'int', 'value': 6}, {'name': 'pathname', 'type': 'const char*', 'value': '..'}, {'name': 'flags', 'type': 'int', 'value': 'O_RDONLY|O_NOFOLLOW|O_CLOEXEC|O_PATH'}, {'name': 'mode', 'type': 'mode_t', 'value': 915718182}]",0,0
16583.058259,8538,191,0,systemd-udevd,ubuntu,3,close,1,0,"[{'name': 'fd', 'type': 'int', 'value': 6}]",0,0
16583.072973,8540,191,0,systemd-udevd,ubuntu,1005,security_file_open,4,0,"[{'name': 'pathname', 'type': 'const char*', 'value': '/proc/8540/oom_score_adj'}, {'name': 'flags', 'type': 'int', 'value': 'O_WRONLY|O_NOCTTY|O_LARGEFILE'}, {'name': 'dev', 'type': 'dev_t', 'value': 5}, {'name': 'inode', 'type': 'unsigned long', 'value': 118918}]",0,0
16583.058284,8538,191,0,systemd-udevd,ubuntu,257,openat,4,6,"[{'name': 'dirfd', 'type': 'int', 'value': 15}, {'name': 'pathname', 'type': 'const char*', 'value': 'devices'}, {'name': 'flags', 'type': 'int', 'value': 'O_RDONLY|O_NOFOLLOW|O_CLOEXEC|O_PATH'}, {'name': 'mode', 'type': 'mode_t', 'value': 915718182}]",0,0
16583.073009,8540,191,0,systemd-udevd,ubuntu,257,openat,4,15,"[{'name': 'dirfd', 'type': 'int', 'value': -100}, {'name': 'pathname', 'type': 'const char*', 'value': '/proc/self/oom_score_adj'}, {'name': 'flags', 'type': 'int', 'value': 'O_WRONLY|O_NOCTTY|O_CLOEXEC'}, {'name': 'mode', 'type': 'mode_t', 'value': 915717803}]",0,0
16583.073104,8540,191,0,systemd-udevd,ubuntu,3,close,1,0,"[{'name': 'fd', 'type': 'int', 'value': 15}]",0,0
16583.073274,8540,191,0,systemd-udevd,ubuntu,3,close,1,0,"[{'name': 'fd', 'type': 'int', 'value': 4}]",0,0
16583.073301,8540,191,0,systemd-udevd,ubuntu,3,close,1,0,"[{'name': 'fd', 'type': 'int', 'value': 3}]",0,0
16583.073324,8540,191,0,systemd-udevd,ubuntu,3,close,1,0,"[{'name': 'fd', 'type': 'int', 'value': 6}]",0,0
16583.073422,8540,191,0,systemd-udevd,ubuntu,257,openat,4,-2,"[{'name': 'dirfd', 'type': 'int', 'value': -100}, {'name': 'pathname', 'type': 'const char*', 'value': '/run/udev/data/+cgroup:skbuff_head_cache(1842:packagekit.service)'}, {'name': 'flags', 'type': 'int', 'value': 'O_RDONLY|O_CLOEXEC'}, {'name': 'mode', 'type': 'mode_t', 'value': 915717803}]",0,0
16583.073452,8540,191,0,systemd-udevd,ubuntu,87,unlink,1,-2,"[{'name': 'pathname', 'type': 'const char*', 'value': '/run/udev/data/+cgroup:skbuff_head_cache(1842:packagekit.service)'}]",0,0
16583.073509,8540,191,0,systemd-udevd,ubuntu,21,access,2,-2,"[{'name': 'pathname', 'type': 'const char*', 'value': '/sys/subsystem/dmi/devices/id'}, {'name': 'mode', 'type': 'mode_t', 'value': 'F_OK'}]",0,0
16583.073537,8540,191,0,systemd-udevd,ubuntu,21,access,2,-2,"[{'name': 'pathname', 'type': 'const char*', 'value': '/sys/bus/dmi/devices/id'}, {'name': 'mode', 'type': 'mode_t', 'value': 'F_OK'}]",0,0
16583.073567,8540,191,0,systemd-udevd,ubuntu,21,access,2,0,"[{'name': 'pathname', 'type': 'const char*', 'value': '/sys/class/dmi/id'}, {'name': 'mode', 'type': 'mode_t', 'value': 'F_OK'}]",0,0
16583.073593,8540,191,0,systemd-udevd,ubuntu,257,openat,4,6,"[{'name': 'dirfd', 'type': 'int', 'value': -100}, {'name': 'pathname', 'type': 'const char*', 'value': '/'}, {'name': 'flags', 'type': 'int', 'value': 'O_RDONLY|O_DIRECTORY|O_CLOEXEC|O_PATH'}, {'name': 'mode', 'type': 'mode_t', 'value': 915717803}]",0,0
16583.073618,8540,191,0,systemd-udevd,ubuntu,257,openat,4,15,"[{'name': 'dirfd', 'type': 'int', 'value': 6}, {'name': 'pathname', 'type': 'const char*', 'value': 'sys'}, {'name': 'flags', 'type': 'int', 'value': 'O_RDONLY|O_NOFOLLOW|O_CLOEXEC|O_PATH'}, {'name': 'mode', 'type': 'mode_t', 'value': 915718182}]",0,0
16583.073642,8540,191,0,systemd-udevd,ubuntu,5,fstat,2,0,"[{'name': 'fd', 'type': 'int', 'value': 15}, {'name': 'statbuf', 'type': 'struct stat*', 'value': '0x7FFFB85B9800'}]",0,0
16583.073683,8540,191,0,systemd-udevd,ubuntu,3,close,1,0,"[{'name': 'fd', 'type': 'int', 'value': 6}]",0,0
16583.073712,8540,191,0,systemd-udevd,ubuntu,257,openat,4,6,"[{'name': 'dirfd', 'type': 'int', 'value': 15}, {'name': 'pathname', 'type': 'const char*', 'value': 'class'}, {'name': 'flags', 'type': 'int', 'value': 'O_RDONLY|O_NOFOLLOW|O_CLOEXEC|O_PATH'}, {'name': 'mode', 'type': 'mode_t', 'value': 915718182}]",0,0
16583.073736,8540,191,0,systemd-udevd,ubuntu,5,fstat,2,0,"[{'name': 'fd', 'type': 'int', 'value': 6}, {'name': 'statbuf', 'type': 'struct stat*', 'value': '0x7FFFB85B9800'}]",0,0
16583.073759,8540,191,0,systemd-udevd,ubuntu,3,close,1,0,"[{'name': 'fd', 'type': 'int', 'value': 15}]",0,0
16583.073784,8540,191,0,systemd-udevd,ubuntu,257,openat,4,15,"[{'name': 'dirfd', 'type': 'int', 'value': 6}, {'name': 'pathname', 'type': 'const char*', 'value': 'dmi'}, {'name': 'flags', 'type': 'int', 'value': 'O_RDONLY|O_NOFOLLOW|O_CLOEXEC|O_PATH'}, {'name': 'mode', 'type': 'mode_t', 'value': 915718182}]",0,0
16583.073808,8540,191,0,systemd-udevd,ubuntu,5,fstat,2,0,"[{'name': 'fd', 'type': 'int', 'value': 15}, {'name': 'statbuf', 'type': 'struct stat*', 'value': '0x7FFFB85B9800'}]",0,0
16583.073831,8540,191,0,systemd-udevd,ubuntu,3,close,1,0,"[{'name': 'fd', 'type': 'int', 'value': 6}]",0,0
16583.073856,8540,191,0,systemd-udevd,ubuntu,257,openat,4,6,"[{'name': 'dirfd', 'type': 'int', 'value': 15}, {'name': 'pathname', 'type': 'const char*', 'value': 'id'}, {'name': 'flags', 'type': 'int', 'value': 'O_RDONLY|O_NOFOLLOW|O_CLOEXEC|O_PATH'}, {'name': 'mode', 'type': 'mode_t', 'value': 915718182}]",0,0
16583.07388,8540,191,0,systemd-udevd,ubuntu,5,fstat,2,0,"[{'name': 'fd', 'type': 'int', 'value': 6}, {'name': 'statbuf', 'type': 'struct stat*', 'value': '0x7FFFB85B9800'}]",0,0
16583.07392,8540,191,0,systemd-udevd,ubuntu,3,close,1,0,"[{'name': 'fd', 'type': 'int', 'value': 6}]",0,0
16583.073948,8540,191,0,systemd-udevd,ubuntu,257,openat,4,6,"[{'name': 'dirfd', 'type': 'int', 'value': 15}, {'name': 'pathname', 'type': 'const char*', 'value': '..'}, {'name': 'flags', 'type': 'int', 'value': 'O_RDONLY|O_NOFOLLOW|O_CLOEXEC|O_PATH'}, {'name': 'mode', 'type': 'mode_t', 'value': 915718182}]",0,0
16583.073971,8540,191,0,systemd-udevd,ubuntu,3,close,1,0,"[{'name': 'fd', 'type': 'int', 'value': 15}]",0,0
16583.073996,8540,191,0,systemd-udevd,ubuntu,257,openat,4,15,"[{'name': 'dirfd', 'type': 'int', 'value': 6}, {'name': 'pathname', 'type': 'const char*', 'value': '..'}, {'name': 'flags', 'type': 'int', 'value': 'O_RDONLY|O_NOFOLLOW|O_CLOEXEC|O_PATH'}, {'name': 'mode', 'type': 'mode_t', 'value': 915718182}]",0,0
16583.07402,8540,191,0,systemd-udevd,ubuntu,3,close,1,0,"[{'name': 'fd', 'type': 'int', 'value': 6}]",0,0
16583.074045,8540,191,0,systemd-udevd,ubuntu,257,openat,4,6,"[{'name': 'dirfd', 'type': 'int', 'value': 15}, {'name': 'pathname', 'type': 'const char*', 'value': 'devices'}, {'name': 'flags', 'type': 'int', 'value': 'O_RDONLY|O_NOFOLLOW|O_CLOEXEC|O_PATH'}, {'name': 'mode', 'type': 'mode_t', 'value': 915718182}]",0,0
16583.074067,8540,191,0,systemd-udevd,ubuntu,5,fstat,2,0,"[{'name': 'fd', 'type': 'int', 'value': 6}, {'name': 'statbuf', 'type': 'struct stat*', 'value': '0x7FFFB85B9800'}]",0,0
16583.07409,8540,191,0,systemd-udevd,ubuntu,3,close,1,0,"[{'name': 'fd', 'type': 'int', 'value': 15}]",0,0
16583.074115,8540,191,0,systemd-udevd,ubuntu,257,openat,4,15,"[{'name': 'dirfd', 'type': 'int', 'value': 6}, {'name': 'pathname', 'type': 'const char*', 'value': 'virtual'}, {'name': 'flags', 'type': 'int', 'value': 'O_RDONLY|O_NOFOLLOW|O_CLOEXEC|O_PATH'}, {'name': 'mode', 'type': 'mode_t', 'value': 915718182}]",0,0
16583.074137,8540,191,0,systemd-udevd,ubuntu,5,fstat,2,0,"[{'name': 'fd', 'type': 'int', 'value': 15}, {'name': 'statbuf', 'type': 'struct stat*', 'value': '0x7FFFB85B9800'}]",0,0
16583.07416,8540,191,0,systemd-udevd,ubuntu,3,close,1,0,"[{'name': 'fd', 'type': 'int', 'value': 6}]",0,0
16583.074185,8540,191,0,systemd-udevd,ubuntu,257,openat,4,6,"[{'name': 'dirfd', 'type': 'int', 'value': 15}, {'name': 'pathname', 'type': 'const char*', 'value': 'dmi'}, {'name': 'flags', 'type': 'int', 'value': 'O_RDONLY|O_NOFOLLOW|O_CLOEXEC|O_PATH'}, {'name': 'mode', 'type': 'mode_t', 'value': 915718182}]",0,0
16583.074208,8540,191,0,systemd-udevd,ubuntu,5,fstat,2,0,"[{'name': 'fd', 'type': 'int', 'value': 6}, {'name': 'statbuf', 'type': 'struct stat*', 'value': '0x7FFFB85B9800'}]",0,0
16583.074231,8540,191,0,systemd-udevd,ubuntu,3,close,1,0,"[{'name': 'fd', 'type': 'int', 'value': 15}]",0,0
16583.074256,8540,191,0,systemd-udevd,ubuntu,257,openat,4,15,"[{'name': 'dirfd', 'type': 'int', 'value': 6}, {'name': 'pathname', 'type': 'const char*', 'value': 'id'}, {'name': 'flags', 'type': 'int', 'value': 'O_RDONLY|O_NOFOLLOW|O_CLOEXEC|O_PATH'}, {'name': 'mode', 'type': 'mode_t', 'value': 915718182}]",0,0
16583.07428,8540,191,0,systemd-udevd,ubuntu,5,fstat,2,0,"[{'name': 'fd', 'type': 'int', 'value': 15}, {'name': 'statbuf', 'type': 'struct stat*', 'value': '0x7FFFB85B9800'}]",0,0
16583.08422,8539,191,0,systemd-udevd,ubuntu,3,close,1,0,"[{'name': 'fd', 'type': 'int', 'value': 15}]",0,0
16583.084352,8539,191,0,systemd-udevd,ubuntu,3,close,1,0,"[{'name': 'fd', 'type': 'int', 'value': 4}]",0,0
16583.084379,8539,191,0,systemd-udevd,ubuntu,3,close,1,0,"[{'name': 'fd', 'type': 'int', 'value': 3}]",0,0
16583.084402,8539,191,0,systemd-udevd,ubuntu,3,close,1,0,"[{'name': 'fd', 'type': 'int', 'value': 6}]",0,0
16583.084506,8539,191,0,systemd-udevd,ubuntu,257,openat,4,-2,"[{'name': 'dirfd', 'type': 'int', 'value': -100}, {'name': 'pathname', 'type': 'const char*', 'value': '/run/udev/data/+cgroup:sock_inode_cache(1842:packagekit.service)'}, {'name': 'flags', 'type': 'int', 'value': 'O_RDONLY|O_CLOEXEC'}, {'name': 'mode', 'type': 'mode_t', 'value': 915717803}]",0,0
16583.084536,8539,191,0,systemd-udevd,ubuntu,87,unlink,1,-2,"[{'name': 'pathname', 'type': 'const char*', 'value': '/run/udev/data/+cgroup:sock_inode_cache(1842:packagekit.service)'}]",0,0
16583.084589,8539,191,0,systemd-udevd,ubuntu,21,access,2,-2,"[{'name': 'pathname', 'type': 'const char*', 'value': '/sys/subsystem/dmi/devices/id'}, {'name': 'mode', 'type': 'mode_t', 'value': 'F_OK'}]",0,0
16583.084618,8539,191,0,systemd-udevd,ubuntu,21,access,2,-2,"[{'name': 'pathname', 'type': 'const char*', 'value': '/sys/bus/dmi/devices/id'}, {'name': 'mode', 'type': 'mode_t', 'value': 'F_OK'}]",0,0
16583.084646,8539,191,0,systemd-udevd,ubuntu,21,access,2,0,"[{'name': 'pathname', 'type': 'const char*', 'value': '/sys/class/dmi/id'}, {'name': 'mode', 'type': 'mode_t', 'value': 'F_OK'}]",0,0
16583.084673,8539,191,0,systemd-udevd,ubuntu,257,openat,4,6,"[{'name': 'dirfd', 'type': 'int', 'value': -100}, {'name': 'pathname', 'type': 'const char*', 'value': '/'}, {'name': 'flags', 'type': 'int', 'value': 'O_RDONLY|O_DIRECTORY|O_CLOEXEC|O_PATH'}, {'name': 'mode', 'type': 'mode_t', 'value': 915717803}]",0,0
16583.084698,8539,191,0,systemd-udevd,ubuntu,257,openat,4,15,"[{'name': 'dirfd', 'type': 'int', 'value': 6}, {'name': 'pathname', 'type': 'const char*', 'value': 'sys'}, {'name': 'flags', 'type': 'int', 'value': 'O_RDONLY|O_NOFOLLOW|O_CLOEXEC|O_PATH'}, {'name': 'mode', 'type': 'mode_t', 'value': 915718182}]",0,0
16583.084723,8539,191,0,systemd-udevd,ubuntu,5,fstat,2,0,"[{'name': 'fd', 'type': 'int', 'value': 15}, {'name': 'statbuf', 'type': 'struct stat*', 'value': '0x7FFFB85B9800'}]",0,0
16583.084746,8539,191,0,systemd-udevd,ubuntu,3,close,1,0,"[{'name': 'fd', 'type': 'int', 'value': 6}]",0,0
16583.084771,8539,191,0,systemd-udevd,ubuntu,257,openat,4,6,"[{'name': 'dirfd', 'type': 'int', 'value': 15}, {'name': 'pathname', 'type': 'const char*', 'value': 'class'}, {'name': 'flags', 'type': 'int', 'value': 'O_RDONLY|O_NOFOLLOW|O_CLOEXEC|O_PATH'}, {'name': 'mode', 'type': 'mode_t', 'value': 915718182}]",0,0
16583.084795,8539,191,0,systemd-udevd,ubuntu,5,fstat,2,0,"[{'name': 'fd', 'type': 'int', 'value': 6}, {'name': 'statbuf', 'type': 'struct stat*', 'value': '0x7FFFB85B9800'}]",0,0
16583.084818,8539,191,0,systemd-udevd,ubuntu,3,close,1,0,"[{'name': 'fd', 'type': 'int', 'value': 15}]",0,0
16583.084843,8539,191,0,systemd-udevd,ubuntu,257,openat,4,15,"[{'name': 'dirfd', 'type': 'int', 'value': 6}, {'name': 'pathname', 'type': 'const char*', 'value': 'dmi'}, {'name': 'flags', 'type': 'int', 'value': 'O_RDONLY|O_NOFOLLOW|O_CLOEXEC|O_PATH'}, {'name': 'mode', 'type': 'mode_t', 'value': 915718182}]",0,0
16583.084867,8539,191,0,systemd-udevd,ubuntu,5,fstat,2,0,"[{'name': 'fd', 'type': 'int', 'value': 15}, {'name': 'statbuf', 'type': 'struct stat*', 'value': '0x7FFFB85B9800'}]",0,0
16583.08489,8539,191,0,systemd-udevd,ubuntu,3,close,1,0,"[{'name': 'fd', 'type': 'int', 'value': 6}]",0,0
16583.084915,8539,191,0,systemd-udevd,ubuntu,257,openat,4,6,"[{'name': 'dirfd', 'type': 'int', 'value': 15}, {'name': 'pathname', 'type': 'const char*', 'value': 'id'}, {'name': 'flags', 'type': 'int', 'value': 'O_RDONLY|O_NOFOLLOW|O_CLOEXEC|O_PATH'}, {'name': 'mode', 'type': 'mode_t', 'value': 915718182}]",0,0
16583.084938,8539,191,0,systemd-udevd,ubuntu,5,fstat,2,0,"[{'name': 'fd', 'type': 'int', 'value': 6}, {'name': 'statbuf', 'type': 'struct stat*', 'value': '0x7FFFB85B9800'}]",0,0
16583.084982,8539,191,0,systemd-udevd,ubuntu,3,close,1,0,"[{'name': 'fd', 'type': 'int', 'value': 6}]",0,0
16583.08501,8539,191,0,systemd-udevd,ubuntu,257,openat,4,6,"[{'name': 'dirfd', 'type': 'int', 'value': 15}, {'name': 'pathname', 'type': 'const char*', 'value': '..'}, {'name': 'flags', 'type': 'int', 'value': 'O_RDONLY|O_NOFOLLOW|O_CLOEXEC|O_PATH'}, {'name': 'mode', 'type': 'mode_t', 'value': 915718182}]",0,0
16583.085033,8539,191,0,systemd-udevd,ubuntu,3,close,1,0,"[{'name': 'fd', 'type': 'int', 'value': 15}]",0,0
16583.085058,8539,191,0,systemd-udevd,ubuntu,257,openat,4,15,"[{'name': 'dirfd', 'type': 'int', 'value': 6}, {'name': 'pathname', 'type': 'const char*', 'value': '..'}, {'name': 'flags', 'type': 'int', 'value': 'O_RDONLY|O_NOFOLLOW|O_CLOEXEC|O_PATH'}, {'name': 'mode', 'type': 'mode_t', 'value': 915718182}]",0,0
16583.085081,8539,191,0,systemd-udevd,ubuntu,3,close,1,0,"[{'name': 'fd', 'type': 'int', 'value': 6}]",0,0
16583.085106,8539,191,0,systemd-udevd,ubuntu,257,openat,4,6,"[{'name': 'dirfd', 'type': 'int', 'value': 15}, {'name': 'pathname', 'type': 'const char*', 'value': 'devices'}, {'name': 'flags', 'type': 'int', 'value': 'O_RDONLY|O_NOFOLLOW|O_CLOEXEC|O_PATH'}, {'name': 'mode', 'type': 'mode_t', 'value': 915718182}]",0,0
16583.08527,8539,191,0,systemd-udevd,ubuntu,5,fstat,2,0,"[{'name': 'fd', 'type': 'int', 'value': 6}, {'name': 'statbuf', 'type': 'struct stat*', 'value': '0x7FFFB85B9800'}]",0,0
16583.085129,8539,191,0,systemd-udevd,ubuntu,5,fstat,2,0,"[{'name': 'fd', 'type': 'int', 'value': 6}, {'name': 'statbuf', 'type': 'struct stat*', 'value': '0x7FFFB85B9800'}]",0,0
16583.085318,8539,191,0,systemd-udevd,ubuntu,257,openat,4,15,"[{'name': 'dirfd', 'type': 'int', 'value': 6}, {'name': 'pathname', 'type': 'const char*', 'value': 'id'}, {'name': 'flags', 'type': 'int', 'value': 'O_RDONLY|O_NOFOLLOW|O_CLOEXEC|O_PATH'}, {'name': 'mode', 'type': 'mode_t', 'value': 915718182}]",0,0
16583.085353,8539,191,0,systemd-udevd,ubuntu,5,fstat,2,0,"[{'name': 'fd', 'type': 'int', 'value': 15}, {'name': 'statbuf', 'type': 'struct stat*', 'value': '0x7FFFB85B9800'}]",0,0
16583.085199,8539,191,0,systemd-udevd,ubuntu,5,fstat,2,0,"[{'name': 'fd', 'type': 'int', 'value': 15}, {'name': 'statbuf', 'type': 'struct stat*', 'value': '0x7FFFB85B9800'}]",0,0
16583.085221,8539,191,0,systemd-udevd,ubuntu,3,close,1,0,"[{'name': 'fd', 'type': 'int', 'value': 6}]",0,0
16583.085246,8539,191,0,systemd-udevd,ubuntu,257,openat,4,6,"[{'name': 'dirfd', 'type': 'int', 'value': 15}, {'name': 'pathname', 'type': 'const char*', 'value': 'dmi'}, {'name': 'flags', 'type': 'int', 'value': 'O_RDONLY|O_NOFOLLOW|O_CLOEXEC|O_PATH'}, {'name': 'mode', 'type': 'mode_t', 'value': 915718182}]",0,0
16583.085293,8539,191,0,systemd-udevd,ubuntu,3,close,1,0,"[{'name': 'fd', 'type': 'int', 'value': 15}]",0,0
16583.085151,8539,191,0,systemd-udevd,ubuntu,3,close,1,0,"[{'name': 'fd', 'type': 'int', 'value': 15}]",0,0
16583.085176,8539,191,0,systemd-udevd,ubuntu,257,openat,4,15,"[{'name': 'dirfd', 'type': 'int', 'value': 6}, {'name': 'pathname', 'type': 'const char*', 'value': 'virtual'}, {'name': 'flags', 'type': 'int', 'value': 'O_RDONLY|O_NOFOLLOW|O_CLOEXEC|O_PATH'}, {'name': 'mode', 'type': 'mode_t', 'value': 915718182}]",0,0
16583.085376,8539,191,0,systemd-udevd,ubuntu,3,close,1,0,"[{'name': 'fd', 'type': 'int', 'value': 6}]",0,0
16583.085412,8539,191,0,systemd-udevd,ubuntu,3,close,1,0,"[{'name': 'fd', 'type': 'int', 'value': 15}]",0,0
16583.085439,8539,191,0,systemd-udevd,ubuntu,21,access,2,0,"[{'name': 'pathname', 'type': 'const char*', 'value': '/sys/devices/virtual/dmi/id/uevent'}, {'name': 'mode', 'type': 'mode_t', 'value': 'F_OK'}]",0,0
16583.085467,8539,191,0,systemd-udevd,ubuntu,6,lstat,2,0,"[{'name': 'pathname', 'type': 'const char*', 'value': '/sys/devices/virtual/dmi/id/sys_vendor'}, {'name': 'statbuf', 'type': 'struct stat*', 'value': '0x7FFFB85BA910'}]",0,0
16583.085494,8539,191,0,systemd-udevd,ubuntu,1005,security_file_open,4,0,"[{'name': 'pathname', 'type': 'const char*', 'value': '/sys/devices/virtual/dmi/id/sys_vendor'}, {'name': 'flags', 'type': 'int', 'value': 'O_RDONLY|O_LARGEFILE'}, {'name': 'dev', 'type': 'dev_t', 'value': 22}, {'name': 'inode', 'type': 'unsigned long', 'value': 713}]",0,0
16583.085525,8539,191,0,systemd-udevd,ubuntu,257,openat,4,6,"[{'name': 'dirfd', 'type': 'int', 'value': -100}, {'name': 'pathname', 'type': 'const char*', 'value': '/sys/devices/virtual/dmi/id/sys_vendor'}, {'name': 'flags', 'type': 'int', 'value': 'O_RDONLY|O_CLOEXEC'}, {'name': 'mode', 'type': 'mode_t', 'value': 915717803}]",0,0
16583.085548,8539,191,0,systemd-udevd,ubuntu,5,fstat,2,0,"[{'name': 'fd', 'type': 'int', 'value': 6}, {'name': 'statbuf', 'type': 'struct stat*', 'value': '0x7FFFB85BA9A0'}]",0,0
16583.085581,8539,191,0,systemd-udevd,ubuntu,3,close,1,0,"[{'name': 'fd', 'type': 'int', 'value': 6}]",0,0
16583.085614,8539,191,0,systemd-udevd,ubuntu,21,access,2,-2,"[{'name': 'pathname', 'type': 'const char*', 'value': '/sys/subsystem/dmi/devices/id'}, {'name': 'mode', 'type': 'mode_t', 'value': 'F_OK'}]",0,0
16583.08564,8539,191,0,systemd-udevd,ubuntu,21,access,2,-2,"[{'name': 'pathname', 'type': 'const char*', 'value': '/sys/bus/dmi/devices/id'}, {'name': 'mode', 'type': 'mode_t', 'value': 'F_OK'}]",0,0
16583.085667,8539,191,0,systemd-udevd,ubuntu,21,access,2,0,"[{'name': 'pathname', 'type': 'const char*', 'value': '/sys/class/dmi/id'}, {'name': 'mode', 'type': 'mode_t', 'value': 'F_OK'}]",0,0
16583.085693,8539,191,0,systemd-udevd,ubuntu,257,openat,4,6,"[{'name': 'dirfd', 'type': 'int', 'value': -100}, {'name': 'pathname', 'type': 'const char*', 'value': '/'}, {'name': 'flags', 'type': 'int', 'value': 'O_RDONLY|O_DIRECTORY|O_CLOEXEC|O_PATH'}, {'name': 'mode', 'type': 'mode_t', 'value': 915717803}]",0,0
16583.085718,8539,191,0,systemd-udevd,ubuntu,257,openat,4,15,"[{'name': 'dirfd', 'type': 'int', 'value': 6}, {'name': 'pathname', 'type': 'const char*', 'value': 'sys'}, {'name': 'flags', 'type': 'int', 'value': 'O_RDONLY|O_NOFOLLOW|O_CLOEXEC|O_PATH'}, {'name': 'mode', 'type': 'mode_t', 'value': 915718182}]",0,0
16583.085741,8539,191,0,systemd-udevd,ubuntu,5,fstat,2,0,"[{'name': 'fd', 'type': 'int', 'value': 15}, {'name': 'statbuf', 'type': 'struct stat*', 'value': '0x7FFFB85B9800'}]",0,0
16583.085764,8539,191,0,systemd-udevd,ubuntu,3,close,1,0,"[{'name': 'fd', 'type': 'int', 'value': 6}]",0,0
16583.085813,8539,191,0,systemd-udevd,ubuntu,5,fstat,2,0,"[{'name': 'fd', 'type': 'int', 'value': 6}, {'name': 'statbuf', 'type': 'struct stat*', 'value': '0x7FFFB85B9800'}]",0,0
16583.085911,8539,191,0,systemd-udevd,ubuntu,3,close,1,0,"[{'name': 'fd', 'type': 'int', 'value': 6}]",0,0
16583.08579,8539,191,0,systemd-udevd,ubuntu,257,openat,4,6,"[{'name': 'dirfd', 'type': 'int', 'value': 15}, {'name': 'pathname', 'type': 'const char*', 'value': 'class'}, {'name': 'flags', 'type': 'int', 'value': 'O_RDONLY|O_NOFOLLOW|O_CLOEXEC|O_PATH'}, {'name': 'mode', 'type': 'mode_t', 'value': 915718182}]",0,0
16583.085865,8539,191,0,systemd-udevd,ubuntu,257,openat,4,15,"[{'name': 'dirfd', 'type': 'int', 'value': 6}, {'name': 'pathname', 'type': 'const char*', 'value': 'dmi'}, {'name': 'flags', 'type': 'int', 'value': 'O_RDONLY|O_NOFOLLOW|O_CLOEXEC|O_PATH'}, {'name': 'mode', 'type': 'mode_t', 'value': 915718182}]",0,0
16583.085888,8539,191,0,systemd-udevd,ubuntu,5,fstat,2,0,"[{'name': 'fd', 'type': 'int', 'value': 15}, {'name': 'statbuf', 'type': 'struct stat*', 'value': '0x7FFFB85B9800'}]",0,0
16583.085839,8539,191,0,systemd-udevd,ubuntu,3,close,1,0,"[{'name': 'fd', 'type': 'int', 'value': 15}]",0,0
16583.085937,8539,191,0,systemd-udevd,ubuntu,257,openat,4,6,"[{'name': 'dirfd', 'type': 'int', 'value': 15}, {'name': 'pathname', 'type': 'const char*', 'value': 'id'}, {'name': 'flags', 'type': 'int', 'value': 'O_RDONLY|O_NOFOLLOW|O_CLOEXEC|O_PATH'}, {'name': 'mode', 'type': 'mode_t', 'value': 915718182}]",0,0
16583.08596,8539,191,0,systemd-udevd,ubuntu,5,fstat,2,0,"[{'name': 'fd', 'type': 'int', 'value': 6}, {'name': 'statbuf', 'type': 'struct stat*', 'value': '0x7FFFB85B9800'}]",0,0
16583.085991,8539,191,0,systemd-udevd,ubuntu,3,close,1,0,"[{'name': 'fd', 'type': 'int', 'value': 6}]",0,0
16583.086017,8539,191,0,systemd-udevd,ubuntu,257,openat,4,6,"[{'name': 'dirfd', 'type': 'int', 'value': 15}, {'name': 'pathname', 'type': 'const char*', 'value': '..'}, {'name': 'flags', 'type': 'int', 'value': 'O_RDONLY|O_NOFOLLOW|O_CLOEXEC|O_PATH'}, {'name': 'mode', 'type': 'mode_t', 'value': 915718182}]",0,0
16583.08604,8539,191,0,systemd-udevd,ubuntu,3,close,1,0,"[{'name': 'fd', 'type': 'int', 'value': 15}]",0,0
16583.086065,8539,191,0,systemd-udevd,ubuntu,257,openat,4,15,"[{'name': 'dirfd', 'type': 'int', 'value': 6}, {'name': 'pathname', 'type': 'const char*', 'value': '..'}, {'name': 'flags', 'type': 'int', 'value': 'O_RDONLY|O_NOFOLLOW|O_CLOEXEC|O_PATH'}, {'name': 'mode', 'type': 'mode_t', 'value': 915718182}]",0,0
16583.086088,8539,191,0,systemd-udevd,ubuntu,3,close,1,0,"[{'name': 'fd', 'type': 'int', 'value': 6}]",0,0
16583.086113,8539,191,0,systemd-udevd,ubuntu,257,openat,4,6,"[{'name': 'dirfd', 'type': 'int', 'value': 15}, {'name': 'pathname', 'type': 'const char*', 'value': 'devices'}, {'name': 'flags', 'type': 'int', 'value': 'O_RDONLY|O_NOFOLLOW|O_CLOEXEC|O_PATH'}, {'name': 'mode', 'type': 'mode_t', 'value': 915718182}]",0,0
16583.086136,8539,191,0,systemd-udevd,ubuntu,5,fstat,2,0,"[{'name': 'fd', 'type': 'int', 'value': 6}, {'name': 'statbuf', 'type': 'struct stat*', 'value': '0x7FFFB85B9800'}]",0,0
16583.086159,8539,191,0,systemd-udevd,ubuntu,3,close,1,0,"[{'name': 'fd', 'type': 'int', 'value': 15}]",0,0
16583.086184,8539,191,0,systemd-udevd,ubuntu,257,openat,4,15,"[{'name': 'dirfd', 'type': 'int', 'value': 6}, {'name': 'pathname', 'type': 'const char*', 'value': 'virtual'}, {'name': 'flags', 'type': 'int', 'value': 'O_RDONLY|O_NOFOLLOW|O_CLOEXEC|O_PATH'}, {'name': 'mode', 'type': 'mode_t', 'value': 915718182}]",0,0
16583.086207,8539,191,0,systemd-udevd,ubuntu,5,fstat,2,0,"[{'name': 'fd', 'type': 'int', 'value': 15}, {'name': 'statbuf', 'type': 'struct stat*', 'value': '0x7FFFB85B9800'}]",0,0
16583.086229,8539,191,0,systemd-udevd,ubuntu,3,close,1,0,"[{'name': 'fd', 'type': 'int', 'value': 6}]",0,0
16583.086254,8539,191,0,systemd-udevd,ubuntu,257,openat,4,6,"[{'name': 'dirfd', 'type': 'int', 'value': 15}, {'name': 'pathname', 'type': 'const char*', 'value': 'dmi'}, {'name': 'flags', 'type': 'int', 'value': 'O_RDONLY|O_NOFOLLOW|O_CLOEXEC|O_PATH'}, {'name': 'mode', 'type': 'mode_t', 'value': 915718182}]",0,0
16583.086277,8539,191,0,systemd-udevd,ubuntu,5,fstat,2,0,"[{'name': 'fd', 'type': 'int', 'value': 6}, {'name': 'statbuf', 'type': 'struct stat*', 'value': '0x7FFFB85B9800'}]",0,0
16583.099854,8541,191,0,systemd-udevd,ubuntu,157,prctl,5,0,"[{'name': 'option', 'type': 'int', 'value': 'PR_SET_PDEATHSIG'}, {'name': 'arg2', 'type': 'unsigned long', 'value': 15}, {'name': 'arg3', 'type': 'unsigned long', 'value': 1}, {'name': 'arg4', 'type': 'unsigned long', 'value': 140377626893982}, {'name': 'arg5', 'type': 'unsigned long', 'value': 0}]",0,0
16583.099963,8541,191,0,systemd-udevd,ubuntu,1005,security_file_open,4,0,"[{'name': 'pathname', 'type': 'const char*', 'value': '/proc/8541/oom_score_adj'}, {'name': 'flags', 'type': 'int', 'value': 'O_WRONLY|O_NOCTTY|O_LARGEFILE'}, {'name': 'dev', 'type': 'dev_t', 'value': 5}, {'name': 'inode', 'type': 'unsigned long', 'value': 118920}]",0,0
16583.099996,8541,191,0,systemd-udevd,ubuntu,257,openat,4,15,"[{'name': 'dirfd', 'type': 'int', 'value': -100}, {'name': 'pathname', 'type': 'const char*', 'value': '/proc/self/oom_score_adj'}, {'name': 'flags', 'type': 'int', 'value': 'O_WRONLY|O_NOCTTY|O_CLOEXEC'}, {'name': 'mode', 'type': 'mode_t', 'value': 915717803}]",0,0
16583.100123,8541,191,0,systemd-udevd,ubuntu,3,close,1,0,"[{'name': 'fd', 'type': 'int', 'value': 15}]",0,0
16583.100312,8541,191,0,systemd-udevd,ubuntu,3,close,1,0,"[{'name': 'fd', 'type': 'int', 'value': 4}]",0,0
16583.100339,8541,191,0,systemd-udevd,ubuntu,3,close,1,0,"[{'name': 'fd', 'type': 'int', 'value': 3}]",0,0
16583.100362,8541,191,0,systemd-udevd,ubuntu,3,close,1,0,"[{'name': 'fd', 'type': 'int', 'value': 6}]",0,0
16583.100456,8541,191,0,systemd-udevd,ubuntu,257,openat,4,-2,"[{'name': 'dirfd', 'type': 'int', 'value': -100}, {'name': 'pathname', 'type': 'const char*', 'value': '/run/udev/data/+cgroup:task_delay_info(1842:packagekit.service)'}, {'name': 'flags', 'type': 'int', 'value': 'O_RDONLY|O_CLOEXEC'}, {'name': 'mode', 'type': 'mode_t', 'value': 915717803}]",0,0
16583.100486,8541,191,0,systemd-udevd,ubuntu,87,unlink,1,-2,"[{'name': 'pathname', 'type': 'const char*', 'value': '/run/udev/data/+cgroup:task_delay_info(1842:packagekit.service)'}]",0,0
16583.100545,8541,191,0,systemd-udevd,ubuntu,21,access,2,-2,"[{'name': 'pathname', 'type': 'const char*', 'value': '/sys/subsystem/dmi/devices/id'}, {'name': 'mode', 'type': 'mode_t', 'value': 'F_OK'}]",0,0
16583.100574,8541,191,0,systemd-udevd,ubuntu,21,access,2,-2,"[{'name': 'pathname', 'type': 'const char*', 'value': '/sys/bus/dmi/devices/id'}, {'name': 'mode', 'type': 'mode_t', 'value': 'F_OK'}]",0,0
16583.100603,8541,191,0,systemd-udevd,ubuntu,21,access,2,0,"[{'name': 'pathname', 'type': 'const char*', 'value': '/sys/class/dmi/id'}, {'name': 'mode', 'type': 'mode_t', 'value': 'F_OK'}]",0,0
16583.100629,8541,191,0,systemd-udevd,ubuntu,257,openat,4,6,"[{'name': 'dirfd', 'type': 'int', 'value': -100}, {'name': 'pathname', 'type': 'const char*', 'value': '/'}, {'name': 'flags', 'type': 'int', 'value': 'O_RDONLY|O_DIRECTORY|O_CLOEXEC|O_PATH'}, {'name': 'mode', 'type': 'mode_t', 'value': 915717803}]",0,0
16583.100654,8541,191,0,systemd-udevd,ubuntu,257,openat,4,15,"[{'name': 'dirfd', 'type': 'int', 'value': 6}, {'name': 'pathname', 'type': 'const char*', 'value': 'sys'}, {'name': 'flags', 'type': 'int', 'value': 'O_RDONLY|O_NOFOLLOW|O_CLOEXEC|O_PATH'}, {'name': 'mode', 'type': 'mode_t', 'value': 915718182}]",0,0
16583.100679,8541,191,0,systemd-udevd,ubuntu,5,fstat,2,0,"[{'name': 'fd', 'type': 'int', 'value': 15}, {'name': 'statbuf', 'type': 'struct stat*', 'value': '0x7FFFB85B9800'}]",0,0
16583.100702,8541,191,0,systemd-udevd,ubuntu,3,close,1,0,"[{'name': 'fd', 'type': 'int', 'value': 6}]",0,0
16583.100728,8541,191,0,systemd-udevd,ubuntu,257,openat,4,6,"[{'name': 'dirfd', 'type': 'int', 'value': 15}, {'name': 'pathname', 'type': 'const char*', 'value': 'class'}, {'name': 'flags', 'type': 'int', 'value': 'O_RDONLY|O_NOFOLLOW|O_CLOEXEC|O_PATH'}, {'name': 'mode', 'type': 'mode_t', 'value': 915718182}]",0,0
16583.100751,8541,191,0,systemd-udevd,ubuntu,5,fstat,2,0,"[{'name': 'fd', 'type': 'int', 'value': 6}, {'name': 'statbuf', 'type': 'struct stat*', 'value': '0x7FFFB85B9800'}]",0,0
16583.100774,8541,191,0,systemd-udevd,ubuntu,3,close,1,0,"[{'name': 'fd', 'type': 'int', 'value': 15}]",0,0
16583.1008,8541,191,0,systemd-udevd,ubuntu,257,openat,4,15,"[{'name': 'dirfd', 'type': 'int', 'value': 6}, {'name': 'pathname', 'type': 'const char*', 'value': 'dmi'}, {'name': 'flags', 'type': 'int', 'value': 'O_RDONLY|O_NOFOLLOW|O_CLOEXEC|O_PATH'}, {'name': 'mode', 'type': 'mode_t', 'value': 915718182}]",0,0
16583.100823,8541,191,0,systemd-udevd,ubuntu,5,fstat,2,0,"[{'name': 'fd', 'type': 'int', 'value': 15}, {'name': 'statbuf', 'type': 'struct stat*', 'value': '0x7FFFB85B9800'}]",0,0
16583.100864,8541,191,0,systemd-udevd,ubuntu,3,close,1,0,"[{'name': 'fd', 'type': 'int', 'value': 6}]",0,0
16583.100891,8541,191,0,systemd-udevd,ubuntu,257,openat,4,6,"[{'name': 'dirfd', 'type': 'int', 'value': 15}, {'name': 'pathname', 'type': 'const char*', 'value': 'id'}, {'name': 'flags', 'type': 'int', 'value': 'O_RDONLY|O_NOFOLLOW|O_CLOEXEC|O_PATH'}, {'name': 'mode', 'type': 'mode_t', 'value': 915718182}]",0,0
16583.100916,8541,191,0,systemd-udevd,ubuntu,5,fstat,2,0,"[{'name': 'fd', 'type': 'int', 'value': 6}, {'name': 'statbuf', 'type': 'struct stat*', 'value': '0x7FFFB85B9800'}]",0,0
16583.10095,8541,191,0,systemd-udevd,ubuntu,3,close,1,0,"[{'name': 'fd', 'type': 'int', 'value': 6}]",0,0
16583.100977,8541,191,0,systemd-udevd,ubuntu,257,openat,4,6,"[{'name': 'dirfd', 'type': 'int', 'value': 15}, {'name': 'pathname', 'type': 'const char*', 'value': '..'}, {'name': 'flags', 'type': 'int', 'value': 'O_RDONLY|O_NOFOLLOW|O_CLOEXEC|O_PATH'}, {'name': 'mode', 'type': 'mode_t', 'value': 915718182}]",0,0
16583.101003,8541,191,0,systemd-udevd,ubuntu,3,close,1,0,"[{'name': 'fd', 'type': 'int', 'value': 15}]",0,0
16583.101029,8541,191,0,systemd-udevd,ubuntu,257,openat,4,15,"[{'name': 'dirfd', 'type': 'int', 'value': 6}, {'name': 'pathname', 'type': 'const char*', 'value': '..'}, {'name': 'flags', 'type': 'int', 'value': 'O_RDONLY|O_NOFOLLOW|O_CLOEXEC|O_PATH'}, {'name': 'mode', 'type': 'mode_t', 'value': 915718182}]",0,0
16583.101052,8541,191,0,systemd-udevd,ubuntu,3,close,1,0,"[{'name': 'fd', 'type': 'int', 'value': 6}]",0,0
16583.101078,8541,191,0,systemd-udevd,ubuntu,257,openat,4,6,"[{'name': 'dirfd', 'type': 'int', 'value': 15}, {'name': 'pathname', 'type': 'const char*', 'value': 'devices'}, {'name': 'flags', 'type': 'int', 'value': 'O_RDONLY|O_NOFOLLOW|O_CLOEXEC|O_PATH'}, {'name': 'mode', 'type': 'mode_t', 'value': 915718182}]",0,0
16583.1011,8541,191,0,systemd-udevd,ubuntu,5,fstat,2,0,"[{'name': 'fd', 'type': 'int', 'value': 6}, {'name': 'statbuf', 'type': 'struct stat*', 'value': '0x7FFFB85B9800'}]",0,0
16583.101123,8541,191,0,systemd-udevd,ubuntu,3,close,1,0,"[{'name': 'fd', 'type': 'int', 'value': 15}]",0,0
16583.101148,8541,191,0,systemd-udevd,ubuntu,257,openat,4,15,"[{'name': 'dirfd', 'type': 'int', 'value': 6}, {'name': 'pathname', 'type': 'const char*', 'value': 'virtual'}, {'name': 'flags', 'type': 'int', 'value': 'O_RDONLY|O_NOFOLLOW|O_CLOEXEC|O_PATH'}, {'name': 'mode', 'type': 'mode_t', 'value': 915718182}]",0,0
16583.101192,8541,191,0,systemd-udevd,ubuntu,3,close,1,0,"[{'name': 'fd', 'type': 'int', 'value': 6}]",0,0
16583.10117,8541,191,0,systemd-udevd,ubuntu,5,fstat,2,0,"[{'name': 'fd', 'type': 'int', 'value': 15}, {'name': 'statbuf', 'type': 'struct stat*', 'value': '0x7FFFB85B9800'}]",0,0
16583.101218,8541,191,0,systemd-udevd,ubuntu,257,openat,4,6,"[{'name': 'dirfd', 'type': 'int', 'value': 15}, {'name': 'pathname', 'type': 'const char*', 'value': 'dmi'}, {'name': 'flags', 'type': 'int', 'value': 'O_RDONLY|O_NOFOLLOW|O_CLOEXEC|O_PATH'}, {'name': 'mode', 'type': 'mode_t', 'value': 915718182}]",0,0
16583.101241,8541,191,0,systemd-udevd,ubuntu,5,fstat,2,0,"[{'name': 'fd', 'type': 'int', 'value': 6}, {'name': 'statbuf', 'type': 'struct stat*', 'value': '0x7FFFB85B9800'}]",0,0
16583.101264,8541,191,0,systemd-udevd,ubuntu,3,close,1,0,"[{'name': 'fd', 'type': 'int', 'value': 15}]",0,0
16583.101289,8541,191,0,systemd-udevd,ubuntu,257,openat,4,15,"[{'name': 'dirfd', 'type': 'int', 'value': 6}, {'name': 'pathname', 'type': 'const char*', 'value': 'id'}, {'name': 'flags', 'type': 'int', 'value': 'O_RDONLY|O_NOFOLLOW|O_CLOEXEC|O_PATH'}, {'name': 'mode', 'type': 'mode_t', 'value': 915718182}]",0,0
16583.101312,8541,191,0,systemd-udevd,ubuntu,5,fstat,2,0,"[{'name': 'fd', 'type': 'int', 'value': 15}, {'name': 'statbuf', 'type': 'struct stat*', 'value': '0x7FFFB85B9800'}]",0,0
16583.101335,8541,191,0,systemd-udevd,ubuntu,3,close,1,0,"[{'name': 'fd', 'type': 'int', 'value': 6}]",0,0
16583.101359,8541,191,0,systemd-udevd,ubuntu,3,close,1,0,"[{'name': 'fd', 'type': 'int', 'value': 15}]",0,0
16583.101386,8541,191,0,systemd-udevd,ubuntu,21,access,2,0,"[{'name': 'pathname', 'type': 'const char*', 'value': '/sys/devices/virtual/dmi/id/uevent'}, {'name': 'mode', 'type': 'mode_t', 'value': 'F_OK'}]",0,0
16583.101414,8541,191,0,systemd-udevd,ubuntu,6,lstat,2,0,"[{'name': 'pathname', 'type': 'const char*', 'value': '/sys/devices/virtual/dmi/id/sys_vendor'}, {'name': 'statbuf', 'type': 'struct stat*', 'value': '0x7FFFB85BA910'}]",0,0
16583.101441,8541,191,0,systemd-udevd,ubuntu,1005,security_file_open,4,0,"[{'name': 'pathname', 'type': 'const char*', 'value': '/sys/devices/virtual/dmi/id/sys_vendor'}, {'name': 'flags', 'type': 'int', 'value': 'O_RDONLY|O_LARGEFILE'}, {'name': 'dev', 'type': 'dev_t', 'value': 22}, {'name': 'inode', 'type': 'unsigned long', 'value': 713}]",0,0
16583.101471,8541,191,0,systemd-udevd,ubuntu,257,openat,4,6,"[{'name': 'dirfd', 'type': 'int', 'value': -100}, {'name': 'pathname', 'type': 'const char*', 'value': '/sys/devices/virtual/dmi/id/sys_vendor'}, {'name': 'flags', 'type': 'int', 'value': 'O_RDONLY|O_CLOEXEC'}, {'name': 'mode', 'type': 'mode_t', 'value': 915717803}]",0,0
16583.101494,8541,191,0,systemd-udevd,ubuntu,5,fstat,2,0,"[{'name': 'fd', 'type': 'int', 'value': 6}, {'name': 'statbuf', 'type': 'struct stat*', 'value': '0x7FFFB85BA9A0'}]",0,0
16583.101526,8541,191,0,systemd-udevd,ubuntu,3,close,1,0,"[{'name': 'fd', 'type': 'int', 'value': 6}]",0,0
16583.101559,8541,191,0,systemd-udevd,ubuntu,21,access,2,-2,"[{'name': 'pathname', 'type': 'const char*', 'value': '/sys/subsystem/dmi/devices/id'}, {'name': 'mode', 'type': 'mode_t', 'value': 'F_OK'}]",0,0
16583.101585,8541,191,0,systemd-udevd,ubuntu,21,access,2,-2,"[{'name': 'pathname', 'type': 'const char*', 'value': '/sys/bus/dmi/devices/id'}, {'name': 'mode', 'type': 'mode_t', 'value': 'F_OK'}]",0,0
16583.101612,8541,191,0,systemd-udevd,ubuntu,21,access,2,0,"[{'name': 'pathname', 'type': 'const char*', 'value': '/sys/class/dmi/id'}, {'name': 'mode', 'type': 'mode_t', 'value': 'F_OK'}]",0,0
16583.101638,8541,191,0,systemd-udevd,ubuntu,257,openat,4,6,"[{'name': 'dirfd', 'type': 'int', 'value': -100}, {'name': 'pathname', 'type': 'const char*', 'value': '/'}, {'name': 'flags', 'type': 'int', 'value': 'O_RDONLY|O_DIRECTORY|O_CLOEXEC|O_PATH'}, {'name': 'mode', 'type': 'mode_t', 'value': 915717803}]",0,0
16583.101662,8541,191,0,systemd-udevd,ubuntu,257,openat,4,15,"[{'name': 'dirfd', 'type': 'int', 'value': 6}, {'name': 'pathname', 'type': 'const char*', 'value': 'sys'}, {'name': 'flags', 'type': 'int', 'value': 'O_RDONLY|O_NOFOLLOW|O_CLOEXEC|O_PATH'}, {'name': 'mode', 'type': 'mode_t', 'value': 915718182}]",0,0
16583.101686,8541,191,0,systemd-udevd,ubuntu,5,fstat,2,0,"[{'name': 'fd', 'type': 'int', 'value': 15}, {'name': 'statbuf', 'type': 'struct stat*', 'value': '0x7FFFB85B9800'}]",0,0
16583.101734,8541,191,0,systemd-udevd,ubuntu,257,openat,4,6,"[{'name': 'dirfd', 'type': 'int', 'value': 15}, {'name': 'pathname', 'type': 'const char*', 'value': 'class'}, {'name': 'flags', 'type': 'int', 'value': 'O_RDONLY|O_NOFOLLOW|O_CLOEXEC|O_PATH'}, {'name': 'mode', 'type': 'mode_t', 'value': 915718182}]",0,0
16583.101709,8541,191,0,systemd-udevd,ubuntu,3,close,1,0,"[{'name': 'fd', 'type': 'int', 'value': 6}]",0,0
16583.101757,8541,191,0,systemd-udevd,ubuntu,5,fstat,2,0,"[{'name': 'fd', 'type': 'int', 'value': 6}, {'name': 'statbuf', 'type': 'struct stat*', 'value': '0x7FFFB85B9800'}]",0,0
16583.10178,8541,191,0,systemd-udevd,ubuntu,3,close,1,0,"[{'name': 'fd', 'type': 'int', 'value': 15}]",0,0
16583.101805,8541,191,0,systemd-udevd,ubuntu,257,openat,4,15,"[{'name': 'dirfd', 'type': 'int', 'value': 6}, {'name': 'pathname', 'type': 'const char*', 'value': 'dmi'}, {'name': 'flags', 'type': 'int', 'value': 'O_RDONLY|O_NOFOLLOW|O_CLOEXEC|O_PATH'}, {'name': 'mode', 'type': 'mode_t', 'value': 915718182}]",0,0
16583.101828,8541,191,0,systemd-udevd,ubuntu,5,fstat,2,0,"[{'name': 'fd', 'type': 'int', 'value': 15}, {'name': 'statbuf', 'type': 'struct stat*', 'value': '0x7FFFB85B9800'}]",0,0
16583.101851,8541,191,0,systemd-udevd,ubuntu,3,close,1,0,"[{'name': 'fd', 'type': 'int', 'value': 6}]",0,0
16583.101876,8541,191,0,systemd-udevd,ubuntu,257,openat,4,6,"[{'name': 'dirfd', 'type': 'int', 'value': 15}, {'name': 'pathname', 'type': 'const char*', 'value': 'id'}, {'name': 'flags', 'type': 'int', 'value': 'O_RDONLY|O_NOFOLLOW|O_CLOEXEC|O_PATH'}, {'name': 'mode', 'type': 'mode_t', 'value': 915718182}]",0,0
16583.101899,8541,191,0,systemd-udevd,ubuntu,5,fstat,2,0,"[{'name': 'fd', 'type': 'int', 'value': 6}, {'name': 'statbuf', 'type': 'struct stat*', 'value': '0x7FFFB85B9800'}]",0,0
16583.10193,8541,191,0,systemd-udevd,ubuntu,3,close,1,0,"[{'name': 'fd', 'type': 'int', 'value': 6}]",0,0
16583.101955,8541,191,0,systemd-udevd,ubuntu,257,openat,4,6,"[{'name': 'dirfd', 'type': 'int', 'value': 15}, {'name': 'pathname', 'type': 'const char*', 'value': '..'}, {'name': 'flags', 'type': 'int', 'value': 'O_RDONLY|O_NOFOLLOW|O_CLOEXEC|O_PATH'}, {'name': 'mode', 'type': 'mode_t', 'value': 915718182}]",0,0
16583.101979,8541,191,0,systemd-udevd,ubuntu,3,close,1,0,"[{'name': 'fd', 'type': 'int', 'value': 15}]",0,0
16583.102003,8541,191,0,systemd-udevd,ubuntu,257,openat,4,15,"[{'name': 'dirfd', 'type': 'int', 'value': 6}, {'name': 'pathname', 'type': 'const char*', 'value': '..'}, {'name': 'flags', 'type': 'int', 'value': 'O_RDONLY|O_NOFOLLOW|O_CLOEXEC|O_PATH'}, {'name': 'mode', 'type': 'mode_t', 'value': 915718182}]",0,0
16583.102026,8541,191,0,systemd-udevd,ubuntu,3,close,1,0,"[{'name': 'fd', 'type': 'int', 'value': 6}]",0,0
16583.102051,8541,191,0,systemd-udevd,ubuntu,257,openat,4,6,"[{'name': 'dirfd', 'type': 'int', 'value': 15}, {'name': 'pathname', 'type': 'const char*', 'value': 'devices'}, {'name': 'flags', 'type': 'int', 'value': 'O_RDONLY|O_NOFOLLOW|O_CLOEXEC|O_PATH'}, {'name': 'mode', 'type': 'mode_t', 'value': 915718182}]",0,0
16583.102074,8541,191,0,systemd-udevd,ubuntu,5,fstat,2,0,"[{'name': 'fd', 'type': 'int', 'value': 6}, {'name': 'statbuf', 'type': 'struct stat*', 'value': '0x7FFFB85B9800'}]",0,0
16583.102096,8541,191,0,systemd-udevd,ubuntu,3,close,1,0,"[{'name': 'fd', 'type': 'int', 'value': 15}]",0,0
16583.102121,8541,191,0,systemd-udevd,ubuntu,257,openat,4,15,"[{'name': 'dirfd', 'type': 'int', 'value': 6}, {'name': 'pathname', 'type': 'const char*', 'value': 'virtual'}, {'name': 'flags', 'type': 'int', 'value': 'O_RDONLY|O_NOFOLLOW|O_CLOEXEC|O_PATH'}, {'name': 'mode', 'type': 'mode_t', 'value': 915718182}]",0,0
16583.102143,8541,191,0,systemd-udevd,ubuntu,5,fstat,2,0,"[{'name': 'fd', 'type': 'int', 'value': 15}, {'name': 'statbuf', 'type': 'struct stat*', 'value': '0x7FFFB85B9800'}]",0,0
16583.102166,8541,191,0,systemd-udevd,ubuntu,3,close,1,0,"[{'name': 'fd', 'type': 'int', 'value': 6}]",0,0
16583.102191,8541,191,0,systemd-udevd,ubuntu,257,openat,4,6,"[{'name': 'dirfd', 'type': 'int', 'value': 15}, {'name': 'pathname', 'type': 'const char*', 'value': 'dmi'}, {'name': 'flags', 'type': 'int', 'value': 'O_RDONLY|O_NOFOLLOW|O_CLOEXEC|O_PATH'}, {'name': 'mode', 'type': 'mode_t', 'value': 915718182}]",0,0
16583.102214,8541,191,0,systemd-udevd,ubuntu,5,fstat,2,0,"[{'name': 'fd', 'type': 'int', 'value': 6}, {'name': 'statbuf', 'type': 'struct stat*', 'value': '0x7FFFB85B9800'}]",0,0
16583.102237,8541,191,0,systemd-udevd,ubuntu,3,close,1,0,"[{'name': 'fd', 'type': 'int', 'value': 15}]",0,0
16583.102262,8541,191,0,systemd-udevd,ubuntu,257,openat,4,15,"[{'name': 'dirfd', 'type': 'int', 'value': 6}, {'name': 'pathname', 'type': 'const char*', 'value': 'id'}, {'name': 'flags', 'type': 'int', 'value': 'O_RDONLY|O_NOFOLLOW|O_CLOEXEC|O_PATH'}, {'name': 'mode', 'type': 'mode_t', 'value': 915718182}]",0,0
16583.102285,8541,191,0,systemd-udevd,ubuntu,5,fstat,2,0,"[{'name': 'fd', 'type': 'int', 'value': 15}, {'name': 'statbuf', 'type': 'struct stat*', 'value': '0x7FFFB85B9800'}]",0,0
16583.118406,8542,191,0,systemd-udevd,ubuntu,157,prctl,5,0,"[{'name': 'option', 'type': 'int', 'value': 'PR_SET_PDEATHSIG'}, {'name': 'arg2', 'type': 'unsigned long', 'value': 15}, {'name': 'arg3', 'type': 'unsigned long', 'value': 1}, {'name': 'arg4', 'type': 'unsigned long', 'value': 140377626893982}, {'name': 'arg5', 'type': 'unsigned long', 'value': 0}]",0,0
16583.11852,8542,191,0,systemd-udevd,ubuntu,1005,security_file_open,4,0,"[{'name': 'pathname', 'type': 'const char*', 'value': '/proc/8542/oom_score_adj'}, {'name': 'flags', 'type': 'int', 'value': 'O_WRONLY|O_NOCTTY|O_LARGEFILE'}, {'name': 'dev', 'type': 'dev_t', 'value': 5}, {'name': 'inode', 'type': 'unsigned long', 'value': 118922}]",0,0
16583.118554,8542,191,0,systemd-udevd,ubuntu,257,openat,4,15,"[{'name': 'dirfd', 'type': 'int', 'value': -100}, {'name': 'pathname', 'type': 'const char*', 'value': '/proc/self/oom_score_adj'}, {'name': 'flags', 'type': 'int', 'value': 'O_WRONLY|O_NOCTTY|O_CLOEXEC'}, {'name': 'mode', 'type': 'mode_t', 'value': 915717803}]",0,0
16583.11865,8542,191,0,systemd-udevd,ubuntu,3,close,1,0,"[{'name': 'fd', 'type': 'int', 'value': 15}]",0,0
16583.118877,8542,191,0,systemd-udevd,ubuntu,3,close,1,0,"[{'name': 'fd', 'type': 'int', 'value': 4}]",0,0
16583.118903,8542,191,0,systemd-udevd,ubuntu,3,close,1,0,"[{'name': 'fd', 'type': 'int', 'value': 3}]",0,0
16583.118926,8542,191,0,systemd-udevd,ubuntu,3,close,1,0,"[{'name': 'fd', 'type': 'int', 'value': 6}]",0,0
16583.119022,8542,191,0,systemd-udevd,ubuntu,257,openat,4,-2,"[{'name': 'dirfd', 'type': 'int', 'value': -100}, {'name': 'pathname', 'type': 'const char*', 'value': '/run/udev/data/+cgroup:pde_opener(1842:packagekit.service)'}, {'name': 'flags', 'type': 'int', 'value': 'O_RDONLY|O_CLOEXEC'}, {'name': 'mode', 'type': 'mode_t', 'value': 915717803}]",0,0
16583.119052,8542,191,0,systemd-udevd,ubuntu,87,unlink,1,-2,"[{'name': 'pathname', 'type': 'const char*', 'value': '/run/udev/data/+cgroup:pde_opener(1842:packagekit.service)'}]",0,0
16583.119124,8542,191,0,systemd-udevd,ubuntu,21,access,2,-2,"[{'name': 'pathname', 'type': 'const char*', 'value': '/sys/subsystem/dmi/devices/id'}, {'name': 'mode', 'type': 'mode_t', 'value': 'F_OK'}]",0,0
16583.119154,8542,191,0,systemd-udevd,ubuntu,21,access,2,-2,"[{'name': 'pathname', 'type': 'const char*', 'value': '/sys/bus/dmi/devices/id'}, {'name': 'mode', 'type': 'mode_t', 'value': 'F_OK'}]",0,0
16583.119189,8542,191,0,systemd-udevd,ubuntu,21,access,2,0,"[{'name': 'pathname', 'type': 'const char*', 'value': '/sys/class/dmi/id'}, {'name': 'mode', 'type': 'mode_t', 'value': 'F_OK'}]",0,0
16583.119216,8542,191,0,systemd-udevd,ubuntu,257,openat,4,6,"[{'name': 'dirfd', 'type': 'int', 'value': -100}, {'name': 'pathname', 'type': 'const char*', 'value': '/'}, {'name': 'flags', 'type': 'int', 'value': 'O_RDONLY|O_DIRECTORY|O_CLOEXEC|O_PATH'}, {'name': 'mode', 'type': 'mode_t', 'value': 915717803}]",0,0
16583.119241,8542,191,0,systemd-udevd,ubuntu,257,openat,4,15,"[{'name': 'dirfd', 'type': 'int', 'value': 6}, {'name': 'pathname', 'type': 'const char*', 'value': 'sys'}, {'name': 'flags', 'type': 'int', 'value': 'O_RDONLY|O_NOFOLLOW|O_CLOEXEC|O_PATH'}, {'name': 'mode', 'type': 'mode_t', 'value': 915718182}]",0,0
16583.119266,8542,191,0,systemd-udevd,ubuntu,5,fstat,2,0,"[{'name': 'fd', 'type': 'int', 'value': 15}, {'name': 'statbuf', 'type': 'struct stat*', 'value': '0x7FFFB85B9800'}]",0,0
16583.119289,8542,191,0,systemd-udevd,ubuntu,3,close,1,0,"[{'name': 'fd', 'type': 'int', 'value': 6}]",0,0
16583.119315,8542,191,0,systemd-udevd,ubuntu,257,openat,4,6,"[{'name': 'dirfd', 'type': 'int', 'value': 15}, {'name': 'pathname', 'type': 'const char*', 'value': 'class'}, {'name': 'flags', 'type': 'int', 'value': 'O_RDONLY|O_NOFOLLOW|O_CLOEXEC|O_PATH'}, {'name': 'mode', 'type': 'mode_t', 'value': 915718182}]",0,0
16583.119338,8542,191,0,systemd-udevd,ubuntu,5,fstat,2,0,"[{'name': 'fd', 'type': 'int', 'value': 6}, {'name': 'statbuf', 'type': 'struct stat*', 'value': '0x7FFFB85B9800'}]",0,0
16583.119361,8542,191,0,systemd-udevd,ubuntu,3,close,1,0,"[{'name': 'fd', 'type': 'int', 'value': 15}]",0,0
16583.119386,8542,191,0,systemd-udevd,ubuntu,257,openat,4,15,"[{'name': 'dirfd', 'type': 'int', 'value': 6}, {'name': 'pathname', 'type': 'const char*', 'value': 'dmi'}, {'name': 'flags', 'type': 'int', 'value': 'O_RDONLY|O_NOFOLLOW|O_CLOEXEC|O_PATH'}, {'name': 'mode', 'type': 'mode_t', 'value': 915718182}]",0,0
16583.11941,8542,191,0,systemd-udevd,ubuntu,5,fstat,2,0,"[{'name': 'fd', 'type': 'int', 'value': 15}, {'name': 'statbuf', 'type': 'struct stat*', 'value': '0x7FFFB85B9800'}]",0,0
16583.119433,8542,191,0,systemd-udevd,ubuntu,3,close,1,0,"[{'name': 'fd', 'type': 'int', 'value': 6}]",0,0
16583.119458,8542,191,0,systemd-udevd,ubuntu,257,openat,4,6,"[{'name': 'dirfd', 'type': 'int', 'value': 15}, {'name': 'pathname', 'type': 'const char*', 'value': 'id'}, {'name': 'flags', 'type': 'int', 'value': 'O_RDONLY|O_NOFOLLOW|O_CLOEXEC|O_PATH'}, {'name': 'mode', 'type': 'mode_t', 'value': 915718182}]",0,0
16583.119481,8542,191,0,systemd-udevd,ubuntu,5,fstat,2,0,"[{'name': 'fd', 'type': 'int', 'value': 6}, {'name': 'statbuf', 'type': 'struct stat*', 'value': '0x7FFFB85B9800'}]",0,0
16583.119521,8542,191,0,systemd-udevd,ubuntu,3,close,1,0,"[{'name': 'fd', 'type': 'int', 'value': 6}]",0,0
16583.119549,8542,191,0,systemd-udevd,ubuntu,257,openat,4,6,"[{'name': 'dirfd', 'type': 'int', 'value': 15}, {'name': 'pathname', 'type': 'const char*', 'value': '..'}, {'name': 'flags', 'type': 'int', 'value': 'O_RDONLY|O_NOFOLLOW|O_CLOEXEC|O_PATH'}, {'name': 'mode', 'type': 'mode_t', 'value': 915718182}]",0,0
16583.119572,8542,191,0,systemd-udevd,ubuntu,3,close,1,0,"[{'name': 'fd', 'type': 'int', 'value': 15}]",0,0
16583.119597,8542,191,0,systemd-udevd,ubuntu,257,openat,4,15,"[{'name': 'dirfd', 'type': 'int', 'value': 6}, {'name': 'pathname', 'type': 'const char*', 'value': '..'}, {'name': 'flags', 'type': 'int', 'value': 'O_RDONLY|O_NOFOLLOW|O_CLOEXEC|O_PATH'}, {'name': 'mode', 'type': 'mode_t', 'value': 915718182}]",0,0
16583.119621,8542,191,0,systemd-udevd,ubuntu,3,close,1,0,"[{'name': 'fd', 'type': 'int', 'value': 6}]",0,0
16583.119645,8542,191,0,systemd-udevd,ubuntu,257,openat,4,6,"[{'name': 'dirfd', 'type': 'int', 'value': 15}, {'name': 'pathname', 'type': 'const char*', 'value': 'devices'}, {'name': 'flags', 'type': 'int', 'value': 'O_RDONLY|O_NOFOLLOW|O_CLOEXEC|O_PATH'}, {'name': 'mode', 'type': 'mode_t', 'value': 915718182}]",0,0
16583.119668,8542,191,0,systemd-udevd,ubuntu,5,fstat,2,0,"[{'name': 'fd', 'type': 'int', 'value': 6}, {'name': 'statbuf', 'type': 'struct stat*', 'value': '0x7FFFB85B9800'}]",0,0
16583.119691,8542,191,0,systemd-udevd,ubuntu,3,close,1,0,"[{'name': 'fd', 'type': 'int', 'value': 15}]",0,0
16583.119716,8542,191,0,systemd-udevd,ubuntu,257,openat,4,15,"[{'name': 'dirfd', 'type': 'int', 'value': 6}, {'name': 'pathname', 'type': 'const char*', 'value': 'virtual'}, {'name': 'flags', 'type': 'int', 'value': 'O_RDONLY|O_NOFOLLOW|O_CLOEXEC|O_PATH'}, {'name': 'mode', 'type': 'mode_t', 'value': 915718182}]",0,0
16583.119739,8542,191,0,systemd-udevd,ubuntu,5,fstat,2,0,"[{'name': 'fd', 'type': 'int', 'value': 15}, {'name': 'statbuf', 'type': 'struct stat*', 'value': '0x7FFFB85B9800'}]",0,0
16583.119761,8542,191,0,systemd-udevd,ubuntu,3,close,1,0,"[{'name': 'fd', 'type': 'int', 'value': 6}]",0,0
16583.119786,8542,191,0,systemd-udevd,ubuntu,257,openat,4,6,"[{'name': 'dirfd', 'type': 'int', 'value': 15}, {'name': 'pathname', 'type': 'const char*', 'value': 'dmi'}, {'name': 'flags', 'type': 'int', 'value': 'O_RDONLY|O_NOFOLLOW|O_CLOEXEC|O_PATH'}, {'name': 'mode', 'type': 'mode_t', 'value': 915718182}]",0,0
16583.119809,8542,191,0,systemd-udevd,ubuntu,5,fstat,2,0,"[{'name': 'fd', 'type': 'int', 'value': 6}, {'name': 'statbuf', 'type': 'struct stat*', 'value': '0x7FFFB85B9800'}]",0,0
16583.119832,8542,191,0,systemd-udevd,ubuntu,3,close,1,0,"[{'name': 'fd', 'type': 'int', 'value': 15}]",0,0
16583.119857,8542,191,0,systemd-udevd,ubuntu,257,openat,4,15,"[{'name': 'dirfd', 'type': 'int', 'value': 6}, {'name': 'pathname', 'type': 'const char*', 'value': 'id'}, {'name': 'flags', 'type': 'int', 'value': 'O_RDONLY|O_NOFOLLOW|O_CLOEXEC|O_PATH'}, {'name': 'mode', 'type': 'mode_t', 'value': 915718182}]",0,0
16583.119881,8542,191,0,systemd-udevd,ubuntu,5,fstat,2,0,"[{'name': 'fd', 'type': 'int', 'value': 15}, {'name': 'statbuf', 'type': 'struct stat*', 'value': '0x7FFFB85B9800'}]",0,0
16583.119904,8542,191,0,systemd-udevd,ubuntu,3,close,1,0,"[{'name': 'fd', 'type': 'int', 'value': 6}]",0,0
16583.119927,8542,191,0,systemd-udevd,ubuntu,3,close,1,0,"[{'name': 'fd', 'type': 'int', 'value': 15}]",0,0
16583.119954,8542,191,0,systemd-udevd,ubuntu,21,access,2,0,"[{'name': 'pathname', 'type': 'const char*', 'value': '/sys/devices/virtual/dmi/id/uevent'}, {'name': 'mode', 'type': 'mode_t', 'value': 'F_OK'}]",0,0
16583.119983,8542,191,0,systemd-udevd,ubuntu,6,lstat,2,0,"[{'name': 'pathname', 'type': 'const char*', 'value': '/sys/devices/virtual/dmi/id/sys_vendor'}, {'name': 'statbuf', 'type': 'struct stat*', 'value': '0x7FFFB85BA910'}]",0,0
16583.120009,8542,191,0,systemd-udevd,ubuntu,1005,security_file_open,4,0,"[{'name': 'pathname', 'type': 'const char*', 'value': '/sys/devices/virtual/dmi/id/sys_vendor'}, {'name': 'flags', 'type': 'int', 'value': 'O_RDONLY|O_LARGEFILE'}, {'name': 'dev', 'type': 'dev_t', 'value': 22}, {'name': 'inode', 'type': 'unsigned long', 'value': 713}]",0,0
16583.120039,8542,191,0,systemd-udevd,ubuntu,257,openat,4,6,"[{'name': 'dirfd', 'type': 'int', 'value': -100}, {'name': 'pathname', 'type': 'const char*', 'value': '/sys/devices/virtual/dmi/id/sys_vendor'}, {'name': 'flags', 'type': 'int', 'value': 'O_RDONLY|O_CLOEXEC'}, {'name': 'mode', 'type': 'mode_t', 'value': 915717803}]",0,0
16583.120062,8542,191,0,systemd-udevd,ubuntu,5,fstat,2,0,"[{'name': 'fd', 'type': 'int', 'value': 6}, {'name': 'statbuf', 'type': 'struct stat*', 'value': '0x7FFFB85BA9A0'}]",0,0
16583.120096,8542,191,0,systemd-udevd,ubuntu,3,close,1,0,"[{'name': 'fd', 'type': 'int', 'value': 6}]",0,0
16583.120128,8542,191,0,systemd-udevd,ubuntu,21,access,2,-2,"[{'name': 'pathname', 'type': 'const char*', 'value': '/sys/subsystem/dmi/devices/id'}, {'name': 'mode', 'type': 'mode_t', 'value': 'F_OK'}]",0,0
16583.120155,8542,191,0,systemd-udevd,ubuntu,21,access,2,-2,"[{'name': 'pathname', 'type': 'const char*', 'value': '/sys/bus/dmi/devices/id'}, {'name': 'mode', 'type': 'mode_t', 'value': 'F_OK'}]",0,0
16583.120182,8542,191,0,systemd-udevd,ubuntu,21,access,2,0,"[{'name': 'pathname', 'type': 'const char*', 'value': '/sys/class/dmi/id'}, {'name': 'mode', 'type': 'mode_t', 'value': 'F_OK'}]",0,0
16583.120208,8542,191,0,systemd-udevd,ubuntu,257,openat,4,6,"[{'name': 'dirfd', 'type': 'int', 'value': -100}, {'name': 'pathname', 'type': 'const char*', 'value': '/'}, {'name': 'flags', 'type': 'int', 'value': 'O_RDONLY|O_DIRECTORY|O_CLOEXEC|O_PATH'}, {'name': 'mode', 'type': 'mode_t', 'value': 915717803}]",0,0
16583.120234,8542,191,0,systemd-udevd,ubuntu,257,openat,4,15,"[{'name': 'dirfd', 'type': 'int', 'value': 6}, {'name': 'pathname', 'type': 'const char*', 'value': 'sys'}, {'name': 'flags', 'type': 'int', 'value': 'O_RDONLY|O_NOFOLLOW|O_CLOEXEC|O_PATH'}, {'name': 'mode', 'type': 'mode_t', 'value': 915718182}]",0,0
16583.120258,8542,191,0,systemd-udevd,ubuntu,5,fstat,2,0,"[{'name': 'fd', 'type': 'int', 'value': 15}, {'name': 'statbuf', 'type': 'struct stat*', 'value': '0x7FFFB85B9800'}]",0,0
16583.120281,8542,191,0,systemd-udevd,ubuntu,3,close,1,0,"[{'name': 'fd', 'type': 'int', 'value': 6}]",0,0
16583.120306,8542,191,0,systemd-udevd,ubuntu,257,openat,4,6,"[{'name': 'dirfd', 'type': 'int', 'value': 15}, {'name': 'pathname', 'type': 'const char*', 'value': 'class'}, {'name': 'flags', 'type': 'int', 'value': 'O_RDONLY|O_NOFOLLOW|O_CLOEXEC|O_PATH'}, {'name': 'mode', 'type': 'mode_t', 'value': 915718182}]",0,0
16583.120329,8542,191,0,systemd-udevd,ubuntu,5,fstat,2,0,"[{'name': 'fd', 'type': 'int', 'value': 6}, {'name': 'statbuf', 'type': 'struct stat*', 'value': '0x7FFFB85B9800'}]",0,0
16583.120352,8542,191,0,systemd-udevd,ubuntu,3,close,1,0,"[{'name': 'fd', 'type': 'int', 'value': 15}]",0,0
16583.120377,8542,191,0,systemd-udevd,ubuntu,257,openat,4,15,"[{'name': 'dirfd', 'type': 'int', 'value': 6}, {'name': 'pathname', 'type': 'const char*', 'value': 'dmi'}, {'name': 'flags', 'type': 'int', 'value': 'O_RDONLY|O_NOFOLLOW|O_CLOEXEC|O_PATH'}, {'name': 'mode', 'type': 'mode_t', 'value': 915718182}]",0,0
16583.120401,8542,191,0,systemd-udevd,ubuntu,5,fstat,2,0,"[{'name': 'fd', 'type': 'int', 'value': 15}, {'name': 'statbuf', 'type': 'struct stat*', 'value': '0x7FFFB85B9800'}]",0,0
16583.120423,8542,191,0,systemd-udevd,ubuntu,3,close,1,0,"[{'name': 'fd', 'type': 'int', 'value': 6}]",0,0
16583.120448,8542,191,0,systemd-udevd,ubuntu,257,openat,4,6,"[{'name': 'dirfd', 'type': 'int', 'value': 15}, {'name': 'pathname', 'type': 'const char*', 'value': 'id'}, {'name': 'flags', 'type': 'int', 'value': 'O_RDONLY|O_NOFOLLOW|O_CLOEXEC|O_PATH'}, {'name': 'mode', 'type': 'mode_t', 'value': 915718182}]",0,0
16583.120472,8542,191,0,systemd-udevd,ubuntu,5,fstat,2,0,"[{'name': 'fd', 'type': 'int', 'value': 6}, {'name': 'statbuf', 'type': 'struct stat*', 'value': '0x7FFFB85B9800'}]",0,0
16583.120502,8542,191,0,systemd-udevd,ubuntu,3,close,1,0,"[{'name': 'fd', 'type': 'int', 'value': 6}]",0,0
16583.120528,8542,191,0,systemd-udevd,ubuntu,257,openat,4,6,"[{'name': 'dirfd', 'type': 'int', 'value': 15}, {'name': 'pathname', 'type': 'const char*', 'value': '..'}, {'name': 'flags', 'type': 'int', 'value': 'O_RDONLY|O_NOFOLLOW|O_CLOEXEC|O_PATH'}, {'name': 'mode', 'type': 'mode_t', 'value': 915718182}]",0,0
16583.120551,8542,191,0,systemd-udevd,ubuntu,3,close,1,0,"[{'name': 'fd', 'type': 'int', 'value': 15}]",0,0
16583.120576,8542,191,0,systemd-udevd,ubuntu,257,openat,4,15,"[{'name': 'dirfd', 'type': 'int', 'value': 6}, {'name': 'pathname', 'type': 'const char*', 'value': '..'}, {'name': 'flags', 'type': 'int', 'value': 'O_RDONLY|O_NOFOLLOW|O_CLOEXEC|O_PATH'}, {'name': 'mode', 'type': 'mode_t', 'value': 915718182}]",0,0
16583.120599,8542,191,0,systemd-udevd,ubuntu,3,close,1,0,"[{'name': 'fd', 'type': 'int', 'value': 6}]",0,0
16583.120624,8542,191,0,systemd-udevd,ubuntu,257,openat,4,6,"[{'name': 'dirfd', 'type': 'int', 'value': 15}, {'name': 'pathname', 'type': 'const char*', 'value': 'devices'}, {'name': 'flags', 'type': 'int', 'value': 'O_RDONLY|O_NOFOLLOW|O_CLOEXEC|O_PATH'}, {'name': 'mode', 'type': 'mode_t', 'value': 915718182}]",0,0
16583.120646,8542,191,0,systemd-udevd,ubuntu,5,fstat,2,0,"[{'name': 'fd', 'type': 'int', 'value': 6}, {'name': 'statbuf', 'type': 'struct stat*', 'value': '0x7FFFB85B9800'}]",0,0
16583.120669,8542,191,0,systemd-udevd,ubuntu,3,close,1,0,"[{'name': 'fd', 'type': 'int', 'value': 15}]",0,0
16583.120694,8542,191,0,systemd-udevd,ubuntu,257,openat,4,15,"[{'name': 'dirfd', 'type': 'int', 'value': 6}, {'name': 'pathname', 'type': 'const char*', 'value': 'virtual'}, {'name': 'flags', 'type': 'int', 'value': 'O_RDONLY|O_NOFOLLOW|O_CLOEXEC|O_PATH'}, {'name': 'mode', 'type': 'mode_t', 'value': 915718182}]",0,0
16583.120739,8542,191,0,systemd-udevd,ubuntu,3,close,1,0,"[{'name': 'fd', 'type': 'int', 'value': 6}]",0,0
16583.120716,8542,191,0,systemd-udevd,ubuntu,5,fstat,2,0,"[{'name': 'fd', 'type': 'int', 'value': 15}, {'name': 'statbuf', 'type': 'struct stat*', 'value': '0x7FFFB85B9800'}]",0,0
16583.120764,8542,191,0,systemd-udevd,ubuntu,257,openat,4,6,"[{'name': 'dirfd', 'type': 'int', 'value': 15}, {'name': 'pathname', 'type': 'const char*', 'value': 'dmi'}, {'name': 'flags', 'type': 'int', 'value': 'O_RDONLY|O_NOFOLLOW|O_CLOEXEC|O_PATH'}, {'name': 'mode', 'type': 'mode_t', 'value': 915718182}]",0,0
16583.120788,8542,191,0,systemd-udevd,ubuntu,5,fstat,2,0,"[{'name': 'fd', 'type': 'int', 'value': 6}, {'name': 'statbuf', 'type': 'struct stat*', 'value': '0x7FFFB85B9800'}]",0,0
16583.120811,8542,191,0,systemd-udevd,ubuntu,3,close,1,0,"[{'name': 'fd', 'type': 'int', 'value': 15}]",0,0
16583.136807,191,1,0,systemd-udevd,ubuntu,41,socket,3,14,"[{'name': 'domain', 'type': 'int', 'value': 'AF_NETLINK'}, {'name': 'type', 'type': 'int', 'value': 'SOCK_RAW|SOCK_NONBLOCK|SOCK_CLOEXEC'}, {'name': 'protocol', 'type': 'int', 'value': 15}]",0,0
16583.136854,191,1,0,systemd-udevd,ubuntu,49,bind,3,0,"[{'name': 'sockfd', 'type': 'int', 'value': 14}, {'name': 'addr', 'type': 'const void*', 'value': ""{'sa_family': 'AF_NETLINK'}""}, {'name': 'addrlen', 'type': 'int*', 'value': 12}]",0,0
16583.136879,191,1,0,systemd-udevd,ubuntu,51,getsockname,3,0,"[{'name': 'sockfd', 'type': 'int', 'value': 14}, {'name': 'addr', 'type': 'const void*', 'value': ""{'sa_family': 'AF_NETLINK'}""}, {'name': 'addrlen', 'type': 'int*', 'value': '0x7FFFB85BF53C'}]",0,0
16583.137221,191,1,0,systemd-udevd,ubuntu,56,clone,5,8543,"[{'name': 'flags', 'type': 'unsigned int', 'value': 'CLONE_CHILD_CLEARTID|CLONE_CHILD_SETTID'}, {'name': 'stack', 'type': 'void*', 'value': '0x0'}, {'name': 'parent_tid', 'type': 'int*', 'value': '0x0'}, {'name': 'child_tid', 'type': 'int*', 'value': '0x7FAC369210BF'}, {'name': 'tls', 'type': 'unsigned long', 'value': 0}]",0,0
16583.137263,191,1,0,systemd-udevd,ubuntu,3,close,1,0,"[{'name': 'fd', 'type': 'int', 'value': 14}]",0,0
16583.137475,191,1,0,systemd-udevd,ubuntu,41,socket,3,14,"[{'name': 'domain', 'type': 'int', 'value': 'AF_NETLINK'}, {'name': 'type', 'type': 'int', 'value': 'SOCK_RAW|SOCK_NONBLOCK|SOCK_CLOEXEC'}, {'name': 'protocol', 'type': 'int', 'value': 15}]",0,0
16583.137513,191,1,0,systemd-udevd,ubuntu,49,bind,3,0,"[{'name': 'sockfd', 'type': 'int', 'value': 14}, {'name': 'addr', 'type': 'const void*', 'value': ""{'sa_family': 'AF_NETLINK'}""}, {'name': 'addrlen', 'type': 'int*', 'value': 12}]",0,0
16583.137538,191,1,0,systemd-udevd,ubuntu,51,getsockname,3,0,"[{'name': 'sockfd', 'type': 'int', 'value': 14}, {'name': 'addr', 'type': 'const void*', 'value': ""{'sa_family': 'AF_NETLINK'}""}, {'name': 'addrlen', 'type': 'int*', 'value': '0x7FFFB85BF53C'}]",0,0
16583.137802,191,1,0,systemd-udevd,ubuntu,56,clone,5,8544,"[{'name': 'flags', 'type': 'unsigned int', 'value': 'CLONE_CHILD_CLEARTID|CLONE_CHILD_SETTID'}, {'name': 'stack', 'type': 'void*', 'value': '0x0'}, {'name': 'parent_tid', 'type': 'int*', 'value': '0x0'}, {'name': 'child_tid', 'type': 'int*', 'value': '0x7FAC369210BF'}, {'name': 'tls', 'type': 'unsigned long', 'value': 0}]",0,0
16583.137841,191,1,0,systemd-udevd,ubuntu,3,close,1,0,"[{'name': 'fd', 'type': 'int', 'value': 14}]",0,0
16583.13803,191,1,0,systemd-udevd,ubuntu,41,socket,3,14,"[{'name': 'domain', 'type': 'int', 'value': 'AF_NETLINK'}, {'name': 'type', 'type': 'int', 'value': 'SOCK_RAW|SOCK_NONBLOCK|SOCK_CLOEXEC'}, {'name': 'protocol', 'type': 'int', 'value': 15}]",0,0
16583.138068,191,1,0,systemd-udevd,ubuntu,49,bind,3,0,"[{'name': 'sockfd', 'type': 'int', 'value': 14}, {'name': 'addr', 'type': 'const void*', 'value': ""{'sa_family': 'AF_NETLINK'}""}, {'name': 'addrlen', 'type': 'int*', 'value': 12}]",0,0
16583.138092,191,1,0,systemd-udevd,ubuntu,51,getsockname,3,0,"[{'name': 'sockfd', 'type': 'int', 'value': 14}, {'name': 'addr', 'type': 'const void*', 'value': ""{'sa_family': 'AF_NETLINK'}""}, {'name': 'addrlen', 'type': 'int*', 'value': '0x7FFFB85BF53C'}]",0,0
16583.145347,8540,191,0,systemd-udevd,ubuntu,3,close,1,0,"[{'name': 'fd', 'type': 'int', 'value': 6}]",0,0
16583.145393,8540,191,0,systemd-udevd,ubuntu,3,close,1,0,"[{'name': 'fd', 'type': 'int', 'value': 15}]",0,0
16583.145428,8540,191,0,systemd-udevd,ubuntu,21,access,2,0,"[{'name': 'pathname', 'type': 'const char*', 'value': '/sys/devices/virtual/dmi/id/uevent'}, {'name': 'mode', 'type': 'mode_t', 'value': 'F_OK'}]",0,0
16583.145458,8540,191,0,systemd-udevd,ubuntu,6,lstat,2,0,"[{'name': 'pathname', 'type': 'const char*', 'value': '/sys/devices/virtual/dmi/id/sys_vendor'}, {'name': 'statbuf', 'type': 'struct stat*', 'value': '0x7FFFB85BA910'}]",0,0
16583.145498,8540,191,0,systemd-udevd,ubuntu,1005,security_file_open,4,0,"[{'name': 'pathname', 'type': 'const char*', 'value': '/sys/devices/virtual/dmi/id/sys_vendor'}, {'name': 'flags', 'type': 'int', 'value': 'O_RDONLY|O_LARGEFILE'}, {'name': 'dev', 'type': 'dev_t', 'value': 22}, {'name': 'inode', 'type': 'unsigned long', 'value': 713}]",0,0
16583.145529,8540,191,0,systemd-udevd,ubuntu,257,openat,4,6,"[{'name': 'dirfd', 'type': 'int', 'value': -100}, {'name': 'pathname', 'type': 'const char*', 'value': '/sys/devices/virtual/dmi/id/sys_vendor'}, {'name': 'flags', 'type': 'int', 'value': 'O_RDONLY|O_CLOEXEC'}, {'name': 'mode', 'type': 'mode_t', 'value': 915717803}]",0,0
16583.145553,8540,191,0,systemd-udevd,ubuntu,5,fstat,2,0,"[{'name': 'fd', 'type': 'int', 'value': 6}, {'name': 'statbuf', 'type': 'struct stat*', 'value': '0x7FFFB85BA9A0'}]",0,0
16583.145587,8540,191,0,systemd-udevd,ubuntu,3,close,1,0,"[{'name': 'fd', 'type': 'int', 'value': 6}]",0,0
16583.145623,8540,191,0,systemd-udevd,ubuntu,21,access,2,-2,"[{'name': 'pathname', 'type': 'const char*', 'value': '/sys/subsystem/dmi/devices/id'}, {'name': 'mode', 'type': 'mode_t', 'value': 'F_OK'}]",0,0
16583.14565,8540,191,0,systemd-udevd,ubuntu,21,access,2,-2,"[{'name': 'pathname', 'type': 'const char*', 'value': '/sys/bus/dmi/devices/id'}, {'name': 'mode', 'type': 'mode_t', 'value': 'F_OK'}]",0,0
16583.145678,8540,191,0,systemd-udevd,ubuntu,21,access,2,0,"[{'name': 'pathname', 'type': 'const char*', 'value': '/sys/class/dmi/id'}, {'name': 'mode', 'type': 'mode_t', 'value': 'F_OK'}]",0,0
16583.145705,8540,191,0,systemd-udevd,ubuntu,257,openat,4,6,"[{'name': 'dirfd', 'type': 'int', 'value': -100}, {'name': 'pathname', 'type': 'const char*', 'value': '/'}, {'name': 'flags', 'type': 'int', 'value': 'O_RDONLY|O_DIRECTORY|O_CLOEXEC|O_PATH'}, {'name': 'mode', 'type': 'mode_t', 'value': 915717803}]",0,0
16583.14573,8540,191,0,systemd-udevd,ubuntu,257,openat,4,15,"[{'name': 'dirfd', 'type': 'int', 'value': 6}, {'name': 'pathname', 'type': 'const char*', 'value': 'sys'}, {'name': 'flags', 'type': 'int', 'value': 'O_RDONLY|O_NOFOLLOW|O_CLOEXEC|O_PATH'}, {'name': 'mode', 'type': 'mode_t', 'value': 915718182}]",0,0
16583.145754,8540,191,0,systemd-udevd,ubuntu,5,fstat,2,0,"[{'name': 'fd', 'type': 'int', 'value': 15}, {'name': 'statbuf', 'type': 'struct stat*', 'value': '0x7FFFB85B9800'}]",0,0
16583.145777,8540,191,0,systemd-udevd,ubuntu,3,close,1,0,"[{'name': 'fd', 'type': 'int', 'value': 6}]",0,0
16583.145803,8540,191,0,systemd-udevd,ubuntu,257,openat,4,6,"[{'name': 'dirfd', 'type': 'int', 'value': 15}, {'name': 'pathname', 'type': 'const char*', 'value': 'class'}, {'name': 'flags', 'type': 'int', 'value': 'O_RDONLY|O_NOFOLLOW|O_CLOEXEC|O_PATH'}, {'name': 'mode', 'type': 'mode_t', 'value': 915718182}]",0,0
16583.145826,8540,191,0,systemd-udevd,ubuntu,5,fstat,2,0,"[{'name': 'fd', 'type': 'int', 'value': 6}, {'name': 'statbuf', 'type': 'struct stat*', 'value': '0x7FFFB85B9800'}]",0,0
16583.145849,8540,191,0,systemd-udevd,ubuntu,3,close,1,0,"[{'name': 'fd', 'type': 'int', 'value': 15}]",0,0
16583.145874,8540,191,0,systemd-udevd,ubuntu,257,openat,4,15,"[{'name': 'dirfd', 'type': 'int', 'value': 6}, {'name': 'pathname', 'type': 'const char*', 'value': 'dmi'}, {'name': 'flags', 'type': 'int', 'value': 'O_RDONLY|O_NOFOLLOW|O_CLOEXEC|O_PATH'}, {'name': 'mode', 'type': 'mode_t', 'value': 915718182}]",0,0
16583.145897,8540,191,0,systemd-udevd,ubuntu,5,fstat,2,0,"[{'name': 'fd', 'type': 'int', 'value': 15}, {'name': 'statbuf', 'type': 'struct stat*', 'value': '0x7FFFB85B9800'}]",0,0
16583.14592,8540,191,0,systemd-udevd,ubuntu,3,close,1,0,"[{'name': 'fd', 'type': 'int', 'value': 6}]",0,0
16583.145945,8540,191,0,systemd-udevd,ubuntu,257,openat,4,6,"[{'name': 'dirfd', 'type': 'int', 'value': 15}, {'name': 'pathname', 'type': 'const char*', 'value': 'id'}, {'name': 'flags', 'type': 'int', 'value': 'O_RDONLY|O_NOFOLLOW|O_CLOEXEC|O_PATH'}, {'name': 'mode', 'type': 'mode_t', 'value': 915718182}]",0,0
16583.145969,8540,191,0,systemd-udevd,ubuntu,5,fstat,2,0,"[{'name': 'fd', 'type': 'int', 'value': 6}, {'name': 'statbuf', 'type': 'struct stat*', 'value': '0x7FFFB85B9800'}]",0,0
16583.146011,8540,191,0,systemd-udevd,ubuntu,3,close,1,0,"[{'name': 'fd', 'type': 'int', 'value': 6}]",0,0
16583.146039,8540,191,0,systemd-udevd,ubuntu,257,openat,4,6,"[{'name': 'dirfd', 'type': 'int', 'value': 15}, {'name': 'pathname', 'type': 'const char*', 'value': '..'}, {'name': 'flags', 'type': 'int', 'value': 'O_RDONLY|O_NOFOLLOW|O_CLOEXEC|O_PATH'}, {'name': 'mode', 'type': 'mode_t', 'value': 915718182}]",0,0
16583.146063,8540,191,0,systemd-udevd,ubuntu,3,close,1,0,"[{'name': 'fd', 'type': 'int', 'value': 15}]",0,0
16583.151038,8543,191,0,systemd-udevd,ubuntu,157,prctl,5,0,"[{'name': 'option', 'type': 'int', 'value': 'PR_SET_PDEATHSIG'}, {'name': 'arg2', 'type': 'unsigned long', 'value': 15}, {'name': 'arg3', 'type': 'unsigned long', 'value': 1}, {'name': 'arg4', 'type': 'unsigned long', 'value': 140377626893982}, {'name': 'arg5', 'type': 'unsigned long', 'value': 0}]",0,0
16583.146088,8540,191,0,systemd-udevd,ubuntu,257,openat,4,15,"[{'name': 'dirfd', 'type': 'int', 'value': 6}, {'name': 'pathname', 'type': 'const char*', 'value': '..'}, {'name': 'flags', 'type': 'int', 'value': 'O_RDONLY|O_NOFOLLOW|O_CLOEXEC|O_PATH'}, {'name': 'mode', 'type': 'mode_t', 'value': 915718182}]",0,0
16583.152113,8543,191,0,systemd-udevd,ubuntu,1005,security_file_open,4,0,"[{'name': 'pathname', 'type': 'const char*', 'value': '/proc/8543/oom_score_adj'}, {'name': 'flags', 'type': 'int', 'value': 'O_WRONLY|O_NOCTTY|O_LARGEFILE'}, {'name': 'dev', 'type': 'dev_t', 'value': 5}, {'name': 'inode', 'type': 'unsigned long', 'value': 118927}]",0,0
16583.152314,8543,191,0,systemd-udevd,ubuntu,257,openat,4,15,"[{'name': 'dirfd', 'type': 'int', 'value': -100}, {'name': 'pathname', 'type': 'const char*', 'value': '/proc/self/oom_score_adj'}, {'name': 'flags', 'type': 'int', 'value': 'O_WRONLY|O_NOCTTY|O_CLOEXEC'}, {'name': 'mode', 'type': 'mode_t', 'value': 915717803}]",0,0
16583.152786,8543,191,0,systemd-udevd,ubuntu,3,close,1,0,"[{'name': 'fd', 'type': 'int', 'value': 15}]",0,0
16583.153213,8544,191,0,systemd-udevd,ubuntu,157,prctl,5,0,"[{'name': 'option', 'type': 'int', 'value': 'PR_SET_PDEATHSIG'}, {'name': 'arg2', 'type': 'unsigned long', 'value': 15}, {'name': 'arg3', 'type': 'unsigned long', 'value': 1}, {'name': 'arg4', 'type': 'unsigned long', 'value': 140377626893982}, {'name': 'arg5', 'type': 'unsigned long', 'value': 0}]",0,0
16583.155481,8538,191,0,systemd-udevd,ubuntu,5,fstat,2,0,"[{'name': 'fd', 'type': 'int', 'value': 6}, {'name': 'statbuf', 'type': 'struct stat*', 'value': '0x7FFFB85B9800'}]",0,0
16583.155037,8543,191,0,systemd-udevd,ubuntu,3,close,1,0,"[{'name': 'fd', 'type': 'int', 'value': 4}]",0,0
16583.157103,8538,191,0,systemd-udevd,ubuntu,3,close,1,0,"[{'name': 'fd', 'type': 'int', 'value': 15}]",0,0
16583.157261,8544,191,0,systemd-udevd,ubuntu,1005,security_file_open,4,0,"[{'name': 'pathname', 'type': 'const char*', 'value': '/proc/8544/oom_score_adj'}, {'name': 'flags', 'type': 'int', 'value': 'O_WRONLY|O_NOCTTY|O_LARGEFILE'}, {'name': 'dev', 'type': 'dev_t', 'value': 5}, {'name': 'inode', 'type': 'unsigned long', 'value': 118929}]",0,0
16583.157318,8538,191,0,systemd-udevd,ubuntu,257,openat,4,15,"[{'name': 'dirfd', 'type': 'int', 'value': 6}, {'name': 'pathname', 'type': 'const char*', 'value': 'virtual'}, {'name': 'flags', 'type': 'int', 'value': 'O_RDONLY|O_NOFOLLOW|O_CLOEXEC|O_PATH'}, {'name': 'mode', 'type': 'mode_t', 'value': 915718182}]",0,0
16583.157427,8544,191,0,systemd-udevd,ubuntu,257,openat,4,15,"[{'name': 'dirfd', 'type': 'int', 'value': -100}, {'name': 'pathname', 'type': 'const char*', 'value': '/proc/self/oom_score_adj'}, {'name': 'flags', 'type': 'int', 'value': 'O_WRONLY|O_NOCTTY|O_CLOEXEC'}, {'name': 'mode', 'type': 'mode_t', 'value': 915717803}]",0,0
16583.157472,8538,191,0,systemd-udevd,ubuntu,5,fstat,2,0,"[{'name': 'fd', 'type': 'int', 'value': 15}, {'name': 'statbuf', 'type': 'struct stat*', 'value': '0x7FFFB85B9800'}]",0,0
16583.157761,8539,191,0,systemd-udevd,ubuntu,3,close,1,0,"[{'name': 'fd', 'type': 'int', 'value': 15}]",0,0
16583.158767,8538,191,0,systemd-udevd,ubuntu,3,close,1,0,"[{'name': 'fd', 'type': 'int', 'value': 6}]",0,0
16583.158877,8543,191,0,systemd-udevd,ubuntu,3,close,1,0,"[{'name': 'fd', 'type': 'int', 'value': 3}]",0,0
16583.15902,8543,191,0,systemd-udevd,ubuntu,3,close,1,0,"[{'name': 'fd', 'type': 'int', 'value': 6}]",0,0
16583.159102,8540,191,0,systemd-udevd,ubuntu,3,close,1,0,"[{'name': 'fd', 'type': 'int', 'value': 6}]",0,0
16583.159215,8539,191,0,systemd-udevd,ubuntu,257,openat,4,15,"[{'name': 'dirfd', 'type': 'int', 'value': 6}, {'name': 'pathname', 'type': 'const char*', 'value': 'id'}, {'name': 'flags', 'type': 'int', 'value': 'O_RDONLY|O_NOFOLLOW|O_CLOEXEC|O_PATH'}, {'name': 'mode', 'type': 'mode_t', 'value': 915718182}]",0,0
16583.159458,8538,191,0,systemd-udevd,ubuntu,257,openat,4,6,"[{'name': 'dirfd', 'type': 'int', 'value': 15}, {'name': 'pathname', 'type': 'const char*', 'value': 'dmi'}, {'name': 'flags', 'type': 'int', 'value': 'O_RDONLY|O_NOFOLLOW|O_CLOEXEC|O_PATH'}, {'name': 'mode', 'type': 'mode_t', 'value': 915718182}]",0,0
16583.159689,8544,191,0,systemd-udevd,ubuntu,3,close,1,0,"[{'name': 'fd', 'type': 'int', 'value': 15}]",0,0
16583.159743,8538,191,0,systemd-udevd,ubuntu,5,fstat,2,0,"[{'name': 'fd', 'type': 'int', 'value': 6}, {'name': 'statbuf', 'type': 'struct stat*', 'value': '0x7FFFB85B9800'}]",0,0
16583.159827,8540,191,0,systemd-udevd,ubuntu,257,openat,4,6,"[{'name': 'dirfd', 'type': 'int', 'value': 15}, {'name': 'pathname', 'type': 'const char*', 'value': 'devices'}, {'name': 'flags', 'type': 'int', 'value': 'O_RDONLY|O_NOFOLLOW|O_CLOEXEC|O_PATH'}, {'name': 'mode', 'type': 'mode_t', 'value': 915718182}]",0,0
16583.16012,8539,191,0,systemd-udevd,ubuntu,5,fstat,2,0,"[{'name': 'fd', 'type': 'int', 'value': 15}, {'name': 'statbuf', 'type': 'struct stat*', 'value': '0x7FFFB85B9800'}]",0,0
16583.162248,8538,191,0,systemd-udevd,ubuntu,3,close,1,0,"[{'name': 'fd', 'type': 'int', 'value': 15}]",0,0
16583.162456,8539,191,0,systemd-udevd,ubuntu,3,close,1,0,"[{'name': 'fd', 'type': 'int', 'value': 6}]",0,0
16583.162518,8540,191,0,systemd-udevd,ubuntu,5,fstat,2,0,"[{'name': 'fd', 'type': 'int', 'value': 6}, {'name': 'statbuf', 'type': 'struct stat*', 'value': '0x7FFFB85B9800'}]",0,0
16583.162575,8539,191,0,systemd-udevd,ubuntu,3,close,1,0,"[{'name': 'fd', 'type': 'int', 'value': 15}]",0,0
16583.163287,8540,191,0,systemd-udevd,ubuntu,3,close,1,0,"[{'name': 'fd', 'type': 'int', 'value': 15}]",0,0
16583.163376,8538,191,0,systemd-udevd,ubuntu,257,openat,4,15,"[{'name': 'dirfd', 'type': 'int', 'value': 6}, {'name': 'pathname', 'type': 'const char*', 'value': 'id'}, {'name': 'flags', 'type': 'int', 'value': 'O_RDONLY|O_NOFOLLOW|O_CLOEXEC|O_PATH'}, {'name': 'mode', 'type': 'mode_t', 'value': 915718182}]",0,0
16583.16355,8543,191,0,systemd-udevd,ubuntu,257,openat,4,-2,"[{'name': 'dirfd', 'type': 'int', 'value': -100}, {'name': 'pathname', 'type': 'const char*', 'value': '/run/udev/data/+cgroup:proc_inode_cache(1842:packagekit.service)'}, {'name': 'flags', 'type': 'int', 'value': 'O_RDONLY|O_CLOEXEC'}, {'name': 'mode', 'type': 'mode_t', 'value': 915717803}]",0,0
16583.16376,8539,191,0,systemd-udevd,ubuntu,21,access,2,0,"[{'name': 'pathname', 'type': 'const char*', 'value': '/sys/devices/virtual/dmi/id/uevent'}, {'name': 'mode', 'type': 'mode_t', 'value': 'F_OK'}]",0,0
16583.163939,8538,191,0,systemd-udevd,ubuntu,5,fstat,2,0,"[{'name': 'fd', 'type': 'int', 'value': 15}, {'name': 'statbuf', 'type': 'struct stat*', 'value': '0x7FFFB85B9800'}]",0,0
16583.164004,8540,191,0,systemd-udevd,ubuntu,257,openat,4,15,"[{'name': 'dirfd', 'type': 'int', 'value': 6}, {'name': 'pathname', 'type': 'const char*', 'value': 'virtual'}, {'name': 'flags', 'type': 'int', 'value': 'O_RDONLY|O_NOFOLLOW|O_CLOEXEC|O_PATH'}, {'name': 'mode', 'type': 'mode_t', 'value': 915718182}]",0,0
16583.165338,8538,191,0,systemd-udevd,ubuntu,3,close,1,0,"[{'name': 'fd', 'type': 'int', 'value': 6}]",0,0
16583.165524,8539,191,0,systemd-udevd,ubuntu,6,lstat,2,0,"[{'name': 'pathname', 'type': 'const char*', 'value': '/sys/devices/virtual/dmi/id/sys_vendor'}, {'name': 'statbuf', 'type': 'struct stat*', 'value': '0x7FFFB85BA910'}]",0,0
16583.165764,8543,191,0,systemd-udevd,ubuntu,87,unlink,1,-2,"[{'name': 'pathname', 'type': 'const char*', 'value': '/run/udev/data/+cgroup:proc_inode_cache(1842:packagekit.service)'}]",0,0
16583.165801,8540,191,0,systemd-udevd,ubuntu,5,fstat,2,0,"[{'name': 'fd', 'type': 'int', 'value': 15}, {'name': 'statbuf', 'type': 'struct stat*', 'value': '0x7FFFB85B9800'}]",0,0
16583.166733,8538,191,0,systemd-udevd,ubuntu,3,close,1,0,"[{'name': 'fd', 'type': 'int', 'value': 15}]",0,0
16583.166988,8540,191,0,systemd-udevd,ubuntu,3,close,1,0,"[{'name': 'fd', 'type': 'int', 'value': 6}]",0,0
16583.167269,8539,191,0,systemd-udevd,ubuntu,1005,security_file_open,4,0,"[{'name': 'pathname', 'type': 'const char*', 'value': '/sys/devices/virtual/dmi/id/sys_vendor'}, {'name': 'flags', 'type': 'int', 'value': 'O_RDONLY|O_LARGEFILE'}, {'name': 'dev', 'type': 'dev_t', 'value': 22}, {'name': 'inode', 'type': 'unsigned long', 'value': 713}]",0,0
16583.167352,8540,191,0,systemd-udevd,ubuntu,257,openat,4,6,"[{'name': 'dirfd', 'type': 'int', 'value': 15}, {'name': 'pathname', 'type': 'const char*', 'value': 'dmi'}, {'name': 'flags', 'type': 'int', 'value': 'O_RDONLY|O_NOFOLLOW|O_CLOEXEC|O_PATH'}, {'name': 'mode', 'type': 'mode_t', 'value': 915718182}]",0,0
16583.167439,8543,191,0,systemd-udevd,ubuntu,21,access,2,-2,"[{'name': 'pathname', 'type': 'const char*', 'value': '/sys/subsystem/dmi/devices/id'}, {'name': 'mode', 'type': 'mode_t', 'value': 'F_OK'}]",0,0
16583.167753,8538,191,0,systemd-udevd,ubuntu,21,access,2,0,"[{'name': 'pathname', 'type': 'const char*', 'value': '/sys/devices/virtual/dmi/id/uevent'}, {'name': 'mode', 'type': 'mode_t', 'value': 'F_OK'}]",0,0
16583.167802,8539,191,0,systemd-udevd,ubuntu,257,openat,4,6,"[{'name': 'dirfd', 'type': 'int', 'value': -100}, {'name': 'pathname', 'type': 'const char*', 'value': '/sys/devices/virtual/dmi/id/sys_vendor'}, {'name': 'flags', 'type': 'int', 'value': 'O_RDONLY|O_CLOEXEC'}, {'name': 'mode', 'type': 'mode_t', 'value': 915717803}]",0,0
16583.16796,8540,191,0,systemd-udevd,ubuntu,5,fstat,2,0,"[{'name': 'fd', 'type': 'int', 'value': 6}, {'name': 'statbuf', 'type': 'struct stat*', 'value': '0x7FFFB85B9800'}]",0,0
16583.168091,8544,191,0,systemd-udevd,ubuntu,3,close,1,0,"[{'name': 'fd', 'type': 'int', 'value': 4}]",0,0
16583.168379,8543,191,0,systemd-udevd,ubuntu,21,access,2,-2,"[{'name': 'pathname', 'type': 'const char*', 'value': '/sys/bus/dmi/devices/id'}, {'name': 'mode', 'type': 'mode_t', 'value': 'F_OK'}]",0,0
16583.168465,8538,191,0,systemd-udevd,ubuntu,6,lstat,2,0,"[{'name': 'pathname', 'type': 'const char*', 'value': '/sys/devices/virtual/dmi/id/sys_vendor'}, {'name': 'statbuf', 'type': 'struct stat*', 'value': '0x7FFFB85BA910'}]",0,0
16583.16874,8539,191,0,systemd-udevd,ubuntu,5,fstat,2,0,"[{'name': 'fd', 'type': 'int', 'value': 6}, {'name': 'statbuf', 'type': 'struct stat*', 'value': '0x7FFFB85BA9A0'}]",0,0
16583.168807,8540,191,0,systemd-udevd,ubuntu,3,close,1,0,"[{'name': 'fd', 'type': 'int', 'value': 15}]",0,0
16583.169008,8538,191,0,systemd-udevd,ubuntu,1005,security_file_open,4,0,"[{'name': 'pathname', 'type': 'const char*', 'value': '/sys/devices/virtual/dmi/id/sys_vendor'}, {'name': 'flags', 'type': 'int', 'value': 'O_RDONLY|O_LARGEFILE'}, {'name': 'dev', 'type': 'dev_t', 'value': 22}, {'name': 'inode', 'type': 'unsigned long', 'value': 713}]",0,0
16583.169187,8543,191,0,systemd-udevd,ubuntu,21,access,2,0,"[{'name': 'pathname', 'type': 'const char*', 'value': '/sys/class/dmi/id'}, {'name': 'mode', 'type': 'mode_t', 'value': 'F_OK'}]",0,0
16583.169238,8540,191,0,systemd-udevd,ubuntu,257,openat,4,15,"[{'name': 'dirfd', 'type': 'int', 'value': 6}, {'name': 'pathname', 'type': 'const char*', 'value': 'id'}, {'name': 'flags', 'type': 'int', 'value': 'O_RDONLY|O_NOFOLLOW|O_CLOEXEC|O_PATH'}, {'name': 'mode', 'type': 'mode_t', 'value': 915718182}]",0,0
16583.169373,8539,191,0,systemd-udevd,ubuntu,3,close,1,0,"[{'name': 'fd', 'type': 'int', 'value': 6}]",0,0
16583.171585,8544,191,0,systemd-udevd,ubuntu,3,close,1,0,"[{'name': 'fd', 'type': 'int', 'value': 3}]",0,0
16583.171663,8538,191,0,systemd-udevd,ubuntu,257,openat,4,6,"[{'name': 'dirfd', 'type': 'int', 'value': -100}, {'name': 'pathname', 'type': 'const char*', 'value': '/sys/devices/virtual/dmi/id/sys_vendor'}, {'name': 'flags', 'type': 'int', 'value': 'O_RDONLY|O_CLOEXEC'}, {'name': 'mode', 'type': 'mode_t', 'value': 915717803}]",0,0
16583.171749,8540,191,0,systemd-udevd,ubuntu,5,fstat,2,0,"[{'name': 'fd', 'type': 'int', 'value': 15}, {'name': 'statbuf', 'type': 'struct stat*', 'value': '0x7FFFB85B9800'}]",0,0
16583.171912,8543,191,0,systemd-udevd,ubuntu,257,openat,4,6,"[{'name': 'dirfd', 'type': 'int', 'value': -100}, {'name': 'pathname', 'type': 'const char*', 'value': '/'}, {'name': 'flags', 'type': 'int', 'value': 'O_RDONLY|O_DIRECTORY|O_CLOEXEC|O_PATH'}, {'name': 'mode', 'type': 'mode_t', 'value': 915717803}]",0,0
16583.1721,8538,191,0,systemd-udevd,ubuntu,5,fstat,2,0,"[{'name': 'fd', 'type': 'int', 'value': 6}, {'name': 'statbuf', 'type': 'struct stat*', 'value': '0x7FFFB85BA9A0'}]",0,0
16583.172172,8544,191,0,systemd-udevd,ubuntu,3,close,1,0,"[{'name': 'fd', 'type': 'int', 'value': 6}]",0,0
16583.172577,8543,191,0,systemd-udevd,ubuntu,257,openat,4,15,"[{'name': 'dirfd', 'type': 'int', 'value': 6}, {'name': 'pathname', 'type': 'const char*', 'value': 'sys'}, {'name': 'flags', 'type': 'int', 'value': 'O_RDONLY|O_NOFOLLOW|O_CLOEXEC|O_PATH'}, {'name': 'mode', 'type': 'mode_t', 'value': 915718182}]",0,0
16583.172662,8540,191,0,systemd-udevd,ubuntu,3,close,1,0,"[{'name': 'fd', 'type': 'int', 'value': 6}]",0,0
16583.172922,8544,191,0,systemd-udevd,ubuntu,257,openat,4,-2,"[{'name': 'dirfd', 'type': 'int', 'value': -100}, {'name': 'pathname', 'type': 'const char*', 'value': '/run/udev/data/+cgroup:filp(1842:packagekit.service)'}, {'name': 'flags', 'type': 'int', 'value': 'O_RDONLY|O_CLOEXEC'}, {'name': 'mode', 'type': 'mode_t', 'value': 915717803}]",0,0
16583.173225,8541,191,0,systemd-udevd,ubuntu,3,close,1,0,"[{'name': 'fd', 'type': 'int', 'value': 6}]",0,0
16583.173285,8538,191,0,systemd-udevd,ubuntu,3,close,1,0,"[{'name': 'fd', 'type': 'int', 'value': 6}]",0,0
16583.173456,8540,191,0,systemd-udevd,ubuntu,3,close,1,0,"[{'name': 'fd', 'type': 'int', 'value': 15}]",0,0
16583.173565,8543,191,0,systemd-udevd,ubuntu,5,fstat,2,0,"[{'name': 'fd', 'type': 'int', 'value': 15}, {'name': 'statbuf', 'type': 'struct stat*', 'value': '0x7FFFB85B9800'}]",0,0
16583.173798,8541,191,0,systemd-udevd,ubuntu,3,close,1,0,"[{'name': 'fd', 'type': 'int', 'value': 15}]",0,0
16583.174092,8540,191,0,systemd-udevd,ubuntu,21,access,2,0,"[{'name': 'pathname', 'type': 'const char*', 'value': '/sys/devices/virtual/dmi/id/uevent'}, {'name': 'mode', 'type': 'mode_t', 'value': 'F_OK'}]",0,0
16583.174341,8543,191,0,systemd-udevd,ubuntu,3,close,1,0,"[{'name': 'fd', 'type': 'int', 'value': 6}]",0,0
16583.17457,191,1,0,systemd-udevd,ubuntu,56,clone,5,8545,"[{'name': 'flags', 'type': 'unsigned int', 'value': 'CLONE_CHILD_CLEARTID|CLONE_CHILD_SETTID'}, {'name': 'stack', 'type': 'void*', 'value': '0x0'}, {'name': 'parent_tid', 'type': 'int*', 'value': '0x0'}, {'name': 'child_tid', 'type': 'int*', 'value': '0x7FAC369210BF'}, {'name': 'tls', 'type': 'unsigned long', 'value': 0}]",0,0
16583.175076,8541,191,0,systemd-udevd,ubuntu,21,access,2,0,"[{'name': 'pathname', 'type': 'const char*', 'value': '/sys/devices/virtual/dmi/id/uevent'}, {'name': 'mode', 'type': 'mode_t', 'value': 'F_OK'}]",0,0
16583.178686,8544,191,0,systemd-udevd,ubuntu,87,unlink,1,-2,"[{'name': 'pathname', 'type': 'const char*', 'value': '/run/udev/data/+cgroup:filp(1842:packagekit.service)'}]",0,0
16583.178783,8543,191,0,systemd-udevd,ubuntu,257,openat,4,6,"[{'name': 'dirfd', 'type': 'int', 'value': 15}, {'name': 'pathname', 'type': 'const char*', 'value': 'class'}, {'name': 'flags', 'type': 'int', 'value': 'O_RDONLY|O_NOFOLLOW|O_CLOEXEC|O_PATH'}, {'name': 'mode', 'type': 'mode_t', 'value': 915718182}]",0,0
16583.179054,8541,191,0,systemd-udevd,ubuntu,6,lstat,2,0,"[{'name': 'pathname', 'type': 'const char*', 'value': '/sys/devices/virtual/dmi/id/sys_vendor'}, {'name': 'statbuf', 'type': 'struct stat*', 'value': '0x7FFFB85BA910'}]",0,0
16583.179223,8540,191,0,systemd-udevd,ubuntu,6,lstat,2,0,"[{'name': 'pathname', 'type': 'const char*', 'value': '/sys/devices/virtual/dmi/id/sys_vendor'}, {'name': 'statbuf', 'type': 'struct stat*', 'value': '0x7FFFB85BA910'}]",0,0
16583.179411,8544,191,0,systemd-udevd,ubuntu,21,access,2,-2,"[{'name': 'pathname', 'type': 'const char*', 'value': '/sys/subsystem/dmi/devices/id'}, {'name': 'mode', 'type': 'mode_t', 'value': 'F_OK'}]",0,0
16583.17973,8541,191,0,systemd-udevd,ubuntu,1005,security_file_open,4,0,"[{'name': 'pathname', 'type': 'const char*', 'value': '/sys/devices/virtual/dmi/id/sys_vendor'}, {'name': 'flags', 'type': 'int', 'value': 'O_RDONLY|O_LARGEFILE'}, {'name': 'dev', 'type': 'dev_t', 'value': 22}, {'name': 'inode', 'type': 'unsigned long', 'value': 713}]",0,0
16583.179933,8540,191,0,systemd-udevd,ubuntu,1005,security_file_open,4,0,"[{'name': 'pathname', 'type': 'const char*', 'value': '/sys/devices/virtual/dmi/id/sys_vendor'}, {'name': 'flags', 'type': 'int', 'value': 'O_RDONLY|O_LARGEFILE'}, {'name': 'dev', 'type': 'dev_t', 'value': 22}, {'name': 'inode', 'type': 'unsigned long', 'value': 713}]",0,0
16583.180218,8539,191,0,systemd-udevd,ubuntu,1003,cap_capable,1,0,"[{'name': 'cap', 'type': 'int', 'value': 'CAP_NET_ADMIN'}]",0,0
16583.180527,8543,191,0,systemd-udevd,ubuntu,5,fstat,2,0,"[{'name': 'fd', 'type': 'int', 'value': 6}, {'name': 'statbuf', 'type': 'struct stat*', 'value': '0x7FFFB85B9800'}]",0,0
16583.180593,8541,191,0,systemd-udevd,ubuntu,257,openat,4,6,"[{'name': 'dirfd', 'type': 'int', 'value': -100}, {'name': 'pathname', 'type': 'const char*', 'value': '/sys/devices/virtual/dmi/id/sys_vendor'}, {'name': 'flags', 'type': 'int', 'value': 'O_RDONLY|O_CLOEXEC'}, {'name': 'mode', 'type': 'mode_t', 'value': 915717803}]",0,0
16583.180919,8540,191,0,systemd-udevd,ubuntu,257,openat,4,6,"[{'name': 'dirfd', 'type': 'int', 'value': -100}, {'name': 'pathname', 'type': 'const char*', 'value': '/sys/devices/virtual/dmi/id/sys_vendor'}, {'name': 'flags', 'type': 'int', 'value': 'O_RDONLY|O_CLOEXEC'}, {'name': 'mode', 'type': 'mode_t', 'value': 915717803}]",0,0
16583.181022,8544,191,0,systemd-udevd,ubuntu,21,access,2,-2,"[{'name': 'pathname', 'type': 'const char*', 'value': '/sys/bus/dmi/devices/id'}, {'name': 'mode', 'type': 'mode_t', 'value': 'F_OK'}]",0,0
16583.181194,8543,191,0,systemd-udevd,ubuntu,3,close,1,0,"[{'name': 'fd', 'type': 'int', 'value': 15}]",0,0
16583.181239,8541,191,0,systemd-udevd,ubuntu,5,fstat,2,0,"[{'name': 'fd', 'type': 'int', 'value': 6}, {'name': 'statbuf', 'type': 'struct stat*', 'value': '0x7FFFB85BA9A0'}]",0,0
16583.181277,8540,191,0,systemd-udevd,ubuntu,5,fstat,2,0,"[{'name': 'fd', 'type': 'int', 'value': 6}, {'name': 'statbuf', 'type': 'struct stat*', 'value': '0x7FFFB85BA9A0'}]",0,0
16583.181462,8544,191,0,systemd-udevd,ubuntu,21,access,2,0,"[{'name': 'pathname', 'type': 'const char*', 'value': '/sys/class/dmi/id'}, {'name': 'mode', 'type': 'mode_t', 'value': 'F_OK'}]",0,0
16583.181618,8540,191,0,systemd-udevd,ubuntu,3,close,1,0,"[{'name': 'fd', 'type': 'int', 'value': 6}]",0,0
16583.181882,8541,191,0,systemd-udevd,ubuntu,3,close,1,0,"[{'name': 'fd', 'type': 'int', 'value': 6}]",0,0
16583.18205,191,1,0,systemd-udevd,ubuntu,3,close,1,0,"[{'name': 'fd', 'type': 'int', 'value': 14}]",0,0
16583.182125,8543,191,0,systemd-udevd,ubuntu,257,openat,4,15,"[{'name': 'dirfd', 'type': 'int', 'value': 6}, {'name': 'pathname', 'type': 'const char*', 'value': 'dmi'}, {'name': 'flags', 'type': 'int', 'value': 'O_RDONLY|O_NOFOLLOW|O_CLOEXEC|O_PATH'}, {'name': 'mode', 'type': 'mode_t', 'value': 915718182}]",0,0
16583.182287,8544,191,0,systemd-udevd,ubuntu,257,openat,4,6,"[{'name': 'dirfd', 'type': 'int', 'value': -100}, {'name': 'pathname', 'type': 'const char*', 'value': '/'}, {'name': 'flags', 'type': 'int', 'value': 'O_RDONLY|O_DIRECTORY|O_CLOEXEC|O_PATH'}, {'name': 'mode', 'type': 'mode_t', 'value': 915717803}]",0,0
16583.186564,8538,191,0,systemd-udevd,ubuntu,1003,cap_capable,1,0,"[{'name': 'cap', 'type': 'int', 'value': 'CAP_NET_ADMIN'}]",0,0
16583.187625,8543,191,0,systemd-udevd,ubuntu,5,fstat,2,0,"[{'name': 'fd', 'type': 'int', 'value': 15}, {'name': 'statbuf', 'type': 'struct stat*', 'value': '0x7FFFB85B9800'}]",0,0
16583.187804,8544,191,0,systemd-udevd,ubuntu,257,openat,4,15,"[{'name': 'dirfd', 'type': 'int', 'value': 6}, {'name': 'pathname', 'type': 'const char*', 'value': 'sys'}, {'name': 'flags', 'type': 'int', 'value': 'O_RDONLY|O_NOFOLLOW|O_CLOEXEC|O_PATH'}, {'name': 'mode', 'type': 'mode_t', 'value': 915718182}]",0,0
16583.187977,8543,191,0,systemd-udevd,ubuntu,3,close,1,0,"[{'name': 'fd', 'type': 'int', 'value': 6}]",0,0
16583.188037,8543,191,0,systemd-udevd,ubuntu,257,openat,4,6,"[{'name': 'dirfd', 'type': 'int', 'value': 15}, {'name': 'pathname', 'type': 'const char*', 'value': 'id'}, {'name': 'flags', 'type': 'int', 'value': 'O_RDONLY|O_NOFOLLOW|O_CLOEXEC|O_PATH'}, {'name': 'mode', 'type': 'mode_t', 'value': 915718182}]",0,0
16583.188353,8544,191,0,systemd-udevd,ubuntu,5,fstat,2,0,"[{'name': 'fd', 'type': 'int', 'value': 15}, {'name': 'statbuf', 'type': 'struct stat*', 'value': '0x7FFFB85B9800'}]",0,0
16583.190011,8544,191,0,systemd-udevd,ubuntu,3,close,1,0,"[{'name': 'fd', 'type': 'int', 'value': 6}]",0,0
16583.190187,8543,191,0,systemd-udevd,ubuntu,5,fstat,2,0,"[{'name': 'fd', 'type': 'int', 'value': 6}, {'name': 'statbuf', 'type': 'struct stat*', 'value': '0x7FFFB85B9800'}]",0,0
16583.190994,8540,191,0,systemd-udevd,ubuntu,1003,cap_capable,1,0,"[{'name': 'cap', 'type': 'int', 'value': 'CAP_NET_ADMIN'}]",0,0
16583.191441,8544,191,0,systemd-udevd,ubuntu,257,openat,4,6,"[{'name': 'dirfd', 'type': 'int', 'value': 15}, {'name': 'pathname', 'type': 'const char*', 'value': 'class'}, {'name': 'flags', 'type': 'int', 'value': 'O_RDONLY|O_NOFOLLOW|O_CLOEXEC|O_PATH'}, {'name': 'mode', 'type': 'mode_t', 'value': 915718182}]",0,0
16583.19151,8543,191,0,systemd-udevd,ubuntu,3,close,1,0,"[{'name': 'fd', 'type': 'int', 'value': 6}]",0,0
16583.192953,8544,191,0,systemd-udevd,ubuntu,5,fstat,2,0,"[{'name': 'fd', 'type': 'int', 'value': 6}, {'name': 'statbuf', 'type': 'struct stat*', 'value': '0x7FFFB85B9800'}]",0,0
16583.193176,8541,191,0,systemd-udevd,ubuntu,1003,cap_capable,1,0,"[{'name': 'cap', 'type': 'int', 'value': 'CAP_NET_ADMIN'}]",0,0
16583.193694,8544,191,0,systemd-udevd,ubuntu,3,close,1,0,"[{'name': 'fd', 'type': 'int', 'value': 15}]",0,0
16583.193499,8543,191,0,systemd-udevd,ubuntu,257,openat,4,6,"[{'name': 'dirfd', 'type': 'int', 'value': 15}, {'name': 'pathname', 'type': 'const char*', 'value': '..'}, {'name': 'flags', 'type': 'int', 'value': 'O_RDONLY|O_NOFOLLOW|O_CLOEXEC|O_PATH'}, {'name': 'mode', 'type': 'mode_t', 'value': 915718182}]",0,0
16583.193921,8543,191,0,systemd-udevd,ubuntu,3,close,1,0,"[{'name': 'fd', 'type': 'int', 'value': 15}]",0,0
16583.194251,8544,191,0,systemd-udevd,ubuntu,257,openat,4,15,"[{'name': 'dirfd', 'type': 'int', 'value': 6}, {'name': 'pathname', 'type': 'const char*', 'value': 'dmi'}, {'name': 'flags', 'type': 'int', 'value': 'O_RDONLY|O_NOFOLLOW|O_CLOEXEC|O_PATH'}, {'name': 'mode', 'type': 'mode_t', 'value': 915718182}]",0,0
16583.195902,8543,191,0,systemd-udevd,ubuntu,257,openat,4,15,"[{'name': 'dirfd', 'type': 'int', 'value': 6}, {'name': 'pathname', 'type': 'const char*', 'value': '..'}, {'name': 'flags', 'type': 'int', 'value': 'O_RDONLY|O_NOFOLLOW|O_CLOEXEC|O_PATH'}, {'name': 'mode', 'type': 'mode_t', 'value': 915718182}]",0,0
16583.196071,8544,191,0,systemd-udevd,ubuntu,5,fstat,2,0,"[{'name': 'fd', 'type': 'int', 'value': 15}, {'name': 'statbuf', 'type': 'struct stat*', 'value': '0x7FFFB85B9800'}]",0,0
16583.209823,8542,191,0,systemd-udevd,ubuntu,257,openat,4,15,"[{'name': 'dirfd', 'type': 'int', 'value': 6}, {'name': 'pathname', 'type': 'const char*', 'value': 'id'}, {'name': 'flags', 'type': 'int', 'value': 'O_RDONLY|O_NOFOLLOW|O_CLOEXEC|O_PATH'}, {'name': 'mode', 'type': 'mode_t', 'value': 915718182}]",0,0
16583.209856,8542,191,0,systemd-udevd,ubuntu,5,fstat,2,0,"[{'name': 'fd', 'type': 'int', 'value': 15}, {'name': 'statbuf', 'type': 'struct stat*', 'value': '0x7FFFB85B9800'}]",0,0
16583.209906,8542,191,0,systemd-udevd,ubuntu,3,close,1,0,"[{'name': 'fd', 'type': 'int', 'value': 15}]",0,0
16583.209881,8542,191,0,systemd-udevd,ubuntu,3,close,1,0,"[{'name': 'fd', 'type': 'int', 'value': 6}]",0,0
16583.209941,8542,191,0,systemd-udevd,ubuntu,21,access,2,0,"[{'name': 'pathname', 'type': 'const char*', 'value': '/sys/devices/virtual/dmi/id/uevent'}, {'name': 'mode', 'type': 'mode_t', 'value': 'F_OK'}]",0,0
16583.209976,8542,191,0,systemd-udevd,ubuntu,6,lstat,2,0,"[{'name': 'pathname', 'type': 'const char*', 'value': '/sys/devices/virtual/dmi/id/sys_vendor'}, {'name': 'statbuf', 'type': 'struct stat*', 'value': '0x7FFFB85BA910'}]",0,0
16583.210004,8542,191,0,systemd-udevd,ubuntu,1005,security_file_open,4,0,"[{'name': 'pathname', 'type': 'const char*', 'value': '/sys/devices/virtual/dmi/id/sys_vendor'}, {'name': 'flags', 'type': 'int', 'value': 'O_RDONLY|O_LARGEFILE'}, {'name': 'dev', 'type': 'dev_t', 'value': 22}, {'name': 'inode', 'type': 'unsigned long', 'value': 713}]",0,0
16583.210037,8542,191,0,systemd-udevd,ubuntu,257,openat,4,6,"[{'name': 'dirfd', 'type': 'int', 'value': -100}, {'name': 'pathname', 'type': 'const char*', 'value': '/sys/devices/virtual/dmi/id/sys_vendor'}, {'name': 'flags', 'type': 'int', 'value': 'O_RDONLY|O_CLOEXEC'}, {'name': 'mode', 'type': 'mode_t', 'value': 915717803}]",0,0
16583.210061,8542,191,0,systemd-udevd,ubuntu,5,fstat,2,0,"[{'name': 'fd', 'type': 'int', 'value': 6}, {'name': 'statbuf', 'type': 'struct stat*', 'value': '0x7FFFB85BA9A0'}]",0,0
16583.210097,8542,191,0,systemd-udevd,ubuntu,3,close,1,0,"[{'name': 'fd', 'type': 'int', 'value': 6}]",0,0
16583.212083,8543,191,0,systemd-udevd,ubuntu,3,close,1,0,"[{'name': 'fd', 'type': 'int', 'value': 6}]",0,0
16583.21212,8543,191,0,systemd-udevd,ubuntu,257,openat,4,6,"[{'name': 'dirfd', 'type': 'int', 'value': 15}, {'name': 'pathname', 'type': 'const char*', 'value': 'devices'}, {'name': 'flags', 'type': 'int', 'value': 'O_RDONLY|O_NOFOLLOW|O_CLOEXEC|O_PATH'}, {'name': 'mode', 'type': 'mode_t', 'value': 915718182}]",0,0
16583.212145,8543,191,0,systemd-udevd,ubuntu,5,fstat,2,0,"[{'name': 'fd', 'type': 'int', 'value': 6}, {'name': 'statbuf', 'type': 'struct stat*', 'value': '0x7FFFB85B9800'}]",0,0
16583.212169,8543,191,0,systemd-udevd,ubuntu,3,close,1,0,"[{'name': 'fd', 'type': 'int', 'value': 15}]",0,0
16583.212194,8543,191,0,systemd-udevd,ubuntu,257,openat,4,15,"[{'name': 'dirfd', 'type': 'int', 'value': 6}, {'name': 'pathname', 'type': 'const char*', 'value': 'virtual'}, {'name': 'flags', 'type': 'int', 'value': 'O_RDONLY|O_NOFOLLOW|O_CLOEXEC|O_PATH'}, {'name': 'mode', 'type': 'mode_t', 'value': 915718182}]",0,0
16583.212219,8543,191,0,systemd-udevd,ubuntu,5,fstat,2,0,"[{'name': 'fd', 'type': 'int', 'value': 15}, {'name': 'statbuf', 'type': 'struct stat*', 'value': '0x7FFFB85B9800'}]",0,0
16583.212242,8543,191,0,systemd-udevd,ubuntu,3,close,1,0,"[{'name': 'fd', 'type': 'int', 'value': 6}]",0,0
16583.212291,8543,191,0,systemd-udevd,ubuntu,5,fstat,2,0,"[{'name': 'fd', 'type': 'int', 'value': 6}, {'name': 'statbuf', 'type': 'struct stat*', 'value': '0x7FFFB85B9800'}]",0,0
16583.212267,8543,191,0,systemd-udevd,ubuntu,257,openat,4,6,"[{'name': 'dirfd', 'type': 'int', 'value': 15}, {'name': 'pathname', 'type': 'const char*', 'value': 'dmi'}, {'name': 'flags', 'type': 'int', 'value': 'O_RDONLY|O_NOFOLLOW|O_CLOEXEC|O_PATH'}, {'name': 'mode', 'type': 'mode_t', 'value': 915718182}]",0,0
16583.212315,8543,191,0,systemd-udevd,ubuntu,3,close,1,0,"[{'name': 'fd', 'type': 'int', 'value': 15}]",0,0
16583.21234,8543,191,0,systemd-udevd,ubuntu,257,openat,4,15,"[{'name': 'dirfd', 'type': 'int', 'value': 6}, {'name': 'pathname', 'type': 'const char*', 'value': 'id'}, {'name': 'flags', 'type': 'int', 'value': 'O_RDONLY|O_NOFOLLOW|O_CLOEXEC|O_PATH'}, {'name': 'mode', 'type': 'mode_t', 'value': 915718182}]",0,0
16583.212386,8543,191,0,systemd-udevd,ubuntu,3,close,1,0,"[{'name': 'fd', 'type': 'int', 'value': 6}]",0,0
16583.212363,8543,191,0,systemd-udevd,ubuntu,5,fstat,2,0,"[{'name': 'fd', 'type': 'int', 'value': 15}, {'name': 'statbuf', 'type': 'struct stat*', 'value': '0x7FFFB85B9800'}]",0,0
16583.21241,8543,191,0,systemd-udevd,ubuntu,3,close,1,0,"[{'name': 'fd', 'type': 'int', 'value': 15}]",0,0
16583.212439,8543,191,0,systemd-udevd,ubuntu,21,access,2,0,"[{'name': 'pathname', 'type': 'const char*', 'value': '/sys/devices/virtual/dmi/id/uevent'}, {'name': 'mode', 'type': 'mode_t', 'value': 'F_OK'}]",0,0
16583.212479,8543,191,0,systemd-udevd,ubuntu,6,lstat,2,0,"[{'name': 'pathname', 'type': 'const char*', 'value': '/sys/devices/virtual/dmi/id/sys_vendor'}, {'name': 'statbuf', 'type': 'struct stat*', 'value': '0x7FFFB85BA910'}]",0,0
16583.212505,8543,191,0,systemd-udevd,ubuntu,1005,security_file_open,4,0,"[{'name': 'pathname', 'type': 'const char*', 'value': '/sys/devices/virtual/dmi/id/sys_vendor'}, {'name': 'flags', 'type': 'int', 'value': 'O_RDONLY|O_LARGEFILE'}, {'name': 'dev', 'type': 'dev_t', 'value': 22}, {'name': 'inode', 'type': 'unsigned long', 'value': 713}]",0,0
16583.212534,8543,191,0,systemd-udevd,ubuntu,257,openat,4,6,"[{'name': 'dirfd', 'type': 'int', 'value': -100}, {'name': 'pathname', 'type': 'const char*', 'value': '/sys/devices/virtual/dmi/id/sys_vendor'}, {'name': 'flags', 'type': 'int', 'value': 'O_RDONLY|O_CLOEXEC'}, {'name': 'mode', 'type': 'mode_t', 'value': 915717803}]",0,0
16583.212557,8543,191,0,systemd-udevd,ubuntu,5,fstat,2,0,"[{'name': 'fd', 'type': 'int', 'value': 6}, {'name': 'statbuf', 'type': 'struct stat*', 'value': '0x7FFFB85BA9A0'}]",0,0
16583.212601,8543,191,0,systemd-udevd,ubuntu,3,close,1,0,"[{'name': 'fd', 'type': 'int', 'value': 6}]",0,0
16583.212637,8543,191,0,systemd-udevd,ubuntu,21,access,2,-2,"[{'name': 'pathname', 'type': 'const char*', 'value': '/sys/subsystem/dmi/devices/id'}, {'name': 'mode', 'type': 'mode_t', 'value': 'F_OK'}]",0,0
16583.212665,8543,191,0,systemd-udevd,ubuntu,21,access,2,-2,"[{'name': 'pathname', 'type': 'const char*', 'value': '/sys/bus/dmi/devices/id'}, {'name': 'mode', 'type': 'mode_t', 'value': 'F_OK'}]",0,0
16583.212695,8543,191,0,systemd-udevd,ubuntu,21,access,2,0,"[{'name': 'pathname', 'type': 'const char*', 'value': '/sys/class/dmi/id'}, {'name': 'mode', 'type': 'mode_t', 'value': 'F_OK'}]",0,0
16583.212721,8543,191,0,systemd-udevd,ubuntu,257,openat,4,6,"[{'name': 'dirfd', 'type': 'int', 'value': -100}, {'name': 'pathname', 'type': 'const char*', 'value': '/'}, {'name': 'flags', 'type': 'int', 'value': 'O_RDONLY|O_DIRECTORY|O_CLOEXEC|O_PATH'}, {'name': 'mode', 'type': 'mode_t', 'value': 915717803}]",0,0
16583.212749,8543,191,0,systemd-udevd,ubuntu,257,openat,4,15,"[{'name': 'dirfd', 'type': 'int', 'value': 6}, {'name': 'pathname', 'type': 'const char*', 'value': 'sys'}, {'name': 'flags', 'type': 'int', 'value': 'O_RDONLY|O_NOFOLLOW|O_CLOEXEC|O_PATH'}, {'name': 'mode', 'type': 'mode_t', 'value': 915718182}]",0,0
16583.212773,8543,191,0,systemd-udevd,ubuntu,5,fstat,2,0,"[{'name': 'fd', 'type': 'int', 'value': 15}, {'name': 'statbuf', 'type': 'struct stat*', 'value': '0x7FFFB85B9800'}]",0,0
16583.212796,8543,191,0,systemd-udevd,ubuntu,3,close,1,0,"[{'name': 'fd', 'type': 'int', 'value': 6}]",0,0
16583.212822,8543,191,0,systemd-udevd,ubuntu,257,openat,4,6,"[{'name': 'dirfd', 'type': 'int', 'value': 15}, {'name': 'pathname', 'type': 'const char*', 'value': 'class'}, {'name': 'flags', 'type': 'int', 'value': 'O_RDONLY|O_NOFOLLOW|O_CLOEXEC|O_PATH'}, {'name': 'mode', 'type': 'mode_t', 'value': 915718182}]",0,0
16583.212864,8543,191,0,systemd-udevd,ubuntu,5,fstat,2,0,"[{'name': 'fd', 'type': 'int', 'value': 6}, {'name': 'statbuf', 'type': 'struct stat*', 'value': '0x7FFFB85B9800'}]",0,0
16583.212888,8543,191,0,systemd-udevd,ubuntu,3,close,1,0,"[{'name': 'fd', 'type': 'int', 'value': 15}]",0,0
16583.212915,8543,191,0,systemd-udevd,ubuntu,257,openat,4,15,"[{'name': 'dirfd', 'type': 'int', 'value': 6}, {'name': 'pathname', 'type': 'const char*', 'value': 'dmi'}, {'name': 'flags', 'type': 'int', 'value': 'O_RDONLY|O_NOFOLLOW|O_CLOEXEC|O_PATH'}, {'name': 'mode', 'type': 'mode_t', 'value': 915718182}]",0,0
16583.212939,8543,191,0,systemd-udevd,ubuntu,5,fstat,2,0,"[{'name': 'fd', 'type': 'int', 'value': 15}, {'name': 'statbuf', 'type': 'struct stat*', 'value': '0x7FFFB85B9800'}]",0,0
16583.212962,8543,191,0,systemd-udevd,ubuntu,3,close,1,0,"[{'name': 'fd', 'type': 'int', 'value': 6}]",0,0
16583.212987,8543,191,0,systemd-udevd,ubuntu,257,openat,4,6,"[{'name': 'dirfd', 'type': 'int', 'value': 15}, {'name': 'pathname', 'type': 'const char*', 'value': 'id'}, {'name': 'flags', 'type': 'int', 'value': 'O_RDONLY|O_NOFOLLOW|O_CLOEXEC|O_PATH'}, {'name': 'mode', 'type': 'mode_t', 'value': 915718182}]",0,0
16583.213011,8543,191,0,systemd-udevd,ubuntu,5,fstat,2,0,"[{'name': 'fd', 'type': 'int', 'value': 6}, {'name': 'statbuf', 'type': 'struct stat*', 'value': '0x7FFFB85B9800'}]",0,0
16583.213043,8543,191,0,systemd-udevd,ubuntu,3,close,1,0,"[{'name': 'fd', 'type': 'int', 'value': 6}]",0,0
16583.21307,8543,191,0,systemd-udevd,ubuntu,257,openat,4,6,"[{'name': 'dirfd', 'type': 'int', 'value': 15}, {'name': 'pathname', 'type': 'const char*', 'value': '..'}, {'name': 'flags', 'type': 'int', 'value': 'O_RDONLY|O_NOFOLLOW|O_CLOEXEC|O_PATH'}, {'name': 'mode', 'type': 'mode_t', 'value': 915718182}]",0,0
16583.213093,8543,191,0,systemd-udevd,ubuntu,3,close,1,0,"[{'name': 'fd', 'type': 'int', 'value': 15}]",0,0
16583.213118,8543,191,0,systemd-udevd,ubuntu,257,openat,4,15,"[{'name': 'dirfd', 'type': 'int', 'value': 6}, {'name': 'pathname', 'type': 'const char*', 'value': '..'}, {'name': 'flags', 'type': 'int', 'value': 'O_RDONLY|O_NOFOLLOW|O_CLOEXEC|O_PATH'}, {'name': 'mode', 'type': 'mode_t', 'value': 915718182}]",0,0
16583.213142,8543,191,0,systemd-udevd,ubuntu,3,close,1,0,"[{'name': 'fd', 'type': 'int', 'value': 6}]",0,0
16583.213167,8543,191,0,systemd-udevd,ubuntu,257,openat,4,6,"[{'name': 'dirfd', 'type': 'int', 'value': 15}, {'name': 'pathname', 'type': 'const char*', 'value': 'devices'}, {'name': 'flags', 'type': 'int', 'value': 'O_RDONLY|O_NOFOLLOW|O_CLOEXEC|O_PATH'}, {'name': 'mode', 'type': 'mode_t', 'value': 915718182}]",0,0
16583.213189,8543,191,0,systemd-udevd,ubuntu,5,fstat,2,0,"[{'name': 'fd', 'type': 'int', 'value': 6}, {'name': 'statbuf', 'type': 'struct stat*', 'value': '0x7FFFB85B9800'}]",0,0
16583.213212,8543,191,0,systemd-udevd,ubuntu,3,close,1,0,"[{'name': 'fd', 'type': 'int', 'value': 15}]",0,0
16583.213237,8543,191,0,systemd-udevd,ubuntu,257,openat,4,15,"[{'name': 'dirfd', 'type': 'int', 'value': 6}, {'name': 'pathname', 'type': 'const char*', 'value': 'virtual'}, {'name': 'flags', 'type': 'int', 'value': 'O_RDONLY|O_NOFOLLOW|O_CLOEXEC|O_PATH'}, {'name': 'mode', 'type': 'mode_t', 'value': 915718182}]",0,0
16583.21326,8543,191,0,systemd-udevd,ubuntu,5,fstat,2,0,"[{'name': 'fd', 'type': 'int', 'value': 15}, {'name': 'statbuf', 'type': 'struct stat*', 'value': '0x7FFFB85B9800'}]",0,0
16583.213282,8543,191,0,systemd-udevd,ubuntu,3,close,1,0,"[{'name': 'fd', 'type': 'int', 'value': 6}]",0,0
16583.213307,8543,191,0,systemd-udevd,ubuntu,257,openat,4,6,"[{'name': 'dirfd', 'type': 'int', 'value': 15}, {'name': 'pathname', 'type': 'const char*', 'value': 'dmi'}, {'name': 'flags', 'type': 'int', 'value': 'O_RDONLY|O_NOFOLLOW|O_CLOEXEC|O_PATH'}, {'name': 'mode', 'type': 'mode_t', 'value': 915718182}]",0,0
16583.213331,8543,191,0,systemd-udevd,ubuntu,5,fstat,2,0,"[{'name': 'fd', 'type': 'int', 'value': 6}, {'name': 'statbuf', 'type': 'struct stat*', 'value': '0x7FFFB85B9800'}]",0,0
16583.213354,8543,191,0,systemd-udevd,ubuntu,3,close,1,0,"[{'name': 'fd', 'type': 'int', 'value': 15}]",0,0
16583.213379,8543,191,0,systemd-udevd,ubuntu,257,openat,4,15,"[{'name': 'dirfd', 'type': 'int', 'value': 6}, {'name': 'pathname', 'type': 'const char*', 'value': 'id'}, {'name': 'flags', 'type': 'int', 'value': 'O_RDONLY|O_NOFOLLOW|O_CLOEXEC|O_PATH'}, {'name': 'mode', 'type': 'mode_t', 'value': 915718182}]",0,0
16583.213402,8543,191,0,systemd-udevd,ubuntu,5,fstat,2,0,"[{'name': 'fd', 'type': 'int', 'value': 15}, {'name': 'statbuf', 'type': 'struct stat*', 'value': '0x7FFFB85B9800'}]",0,0
16583.213425,8543,191,0,systemd-udevd,ubuntu,3,close,1,0,"[{'name': 'fd', 'type': 'int', 'value': 6}]",0,0
16583.213448,8543,191,0,systemd-udevd,ubuntu,3,close,1,0,"[{'name': 'fd', 'type': 'int', 'value': 15}]",0,0
16583.213475,8543,191,0,systemd-udevd,ubuntu,21,access,2,0,"[{'name': 'pathname', 'type': 'const char*', 'value': '/sys/devices/virtual/dmi/id/uevent'}, {'name': 'mode', 'type': 'mode_t', 'value': 'F_OK'}]",0,0
16583.213503,8543,191,0,systemd-udevd,ubuntu,6,lstat,2,0,"[{'name': 'pathname', 'type': 'const char*', 'value': '/sys/devices/virtual/dmi/id/sys_vendor'}, {'name': 'statbuf', 'type': 'struct stat*', 'value': '0x7FFFB85BA910'}]",0,0
16583.213551,8543,191,0,systemd-udevd,ubuntu,1005,security_file_open,4,0,"[{'name': 'pathname', 'type': 'const char*', 'value': '/sys/devices/virtual/dmi/id/sys_vendor'}, {'name': 'flags', 'type': 'int', 'value': 'O_RDONLY|O_LARGEFILE'}, {'name': 'dev', 'type': 'dev_t', 'value': 22}, {'name': 'inode', 'type': 'unsigned long', 'value': 713}]",0,0
16583.21358,8543,191,0,systemd-udevd,ubuntu,257,openat,4,6,"[{'name': 'dirfd', 'type': 'int', 'value': -100}, {'name': 'pathname', 'type': 'const char*', 'value': '/sys/devices/virtual/dmi/id/sys_vendor'}, {'name': 'flags', 'type': 'int', 'value': 'O_RDONLY|O_CLOEXEC'}, {'name': 'mode', 'type': 'mode_t', 'value': 915717803}]",0,0
16583.213603,8543,191,0,systemd-udevd,ubuntu,5,fstat,2,0,"[{'name': 'fd', 'type': 'int', 'value': 6}, {'name': 'statbuf', 'type': 'struct stat*', 'value': '0x7FFFB85BA9A0'}]",0,0
16583.213633,8543,191,0,systemd-udevd,ubuntu,3,close,1,0,"[{'name': 'fd', 'type': 'int', 'value': 6}]",0,0
16583.213839,8543,191,0,systemd-udevd,ubuntu,1003,cap_capable,1,0,"[{'name': 'cap', 'type': 'int', 'value': 'CAP_NET_ADMIN'}]",0,0
16583.219659,8544,191,0,systemd-udevd,ubuntu,3,close,1,0,"[{'name': 'fd', 'type': 'int', 'value': 6}]",0,0
16583.219726,8544,191,0,systemd-udevd,ubuntu,257,openat,4,6,"[{'name': 'dirfd', 'type': 'int', 'value': 15}, {'name': 'pathname', 'type': 'const char*', 'value': 'id'}, {'name': 'flags', 'type': 'int', 'value': 'O_RDONLY|O_NOFOLLOW|O_CLOEXEC|O_PATH'}, {'name': 'mode', 'type': 'mode_t', 'value': 915718182}]",0,0
16583.219757,8544,191,0,systemd-udevd,ubuntu,5,fstat,2,0,"[{'name': 'fd', 'type': 'int', 'value': 6}, {'name': 'statbuf', 'type': 'struct stat*', 'value': '0x7FFFB85B9800'}]",0,0
16583.219807,8544,191,0,systemd-udevd,ubuntu,3,close,1,0,"[{'name': 'fd', 'type': 'int', 'value': 6}]",0,0
16583.219835,8544,191,0,systemd-udevd,ubuntu,257,openat,4,6,"[{'name': 'dirfd', 'type': 'int', 'value': 15}, {'name': 'pathname', 'type': 'const char*', 'value': '..'}, {'name': 'flags', 'type': 'int', 'value': 'O_RDONLY|O_NOFOLLOW|O_CLOEXEC|O_PATH'}, {'name': 'mode', 'type': 'mode_t', 'value': 915718182}]",0,0
16583.219859,8544,191,0,systemd-udevd,ubuntu,3,close,1,0,"[{'name': 'fd', 'type': 'int', 'value': 15}]",0,0
16583.219885,8544,191,0,systemd-udevd,ubuntu,257,openat,4,15,"[{'name': 'dirfd', 'type': 'int', 'value': 6}, {'name': 'pathname', 'type': 'const char*', 'value': '..'}, {'name': 'flags', 'type': 'int', 'value': 'O_RDONLY|O_NOFOLLOW|O_CLOEXEC|O_PATH'}, {'name': 'mode', 'type': 'mode_t', 'value': 915718182}]",0,0
16583.219908,8544,191,0,systemd-udevd,ubuntu,3,close,1,0,"[{'name': 'fd', 'type': 'int', 'value': 6}]",0,0
16583.219933,8544,191,0,systemd-udevd,ubuntu,257,openat,4,6,"[{'name': 'dirfd', 'type': 'int', 'value': 15}, {'name': 'pathname', 'type': 'const char*', 'value': 'devices'}, {'name': 'flags', 'type': 'int', 'value': 'O_RDONLY|O_NOFOLLOW|O_CLOEXEC|O_PATH'}, {'name': 'mode', 'type': 'mode_t', 'value': 915718182}]",0,0
16583.219956,8544,191,0,systemd-udevd,ubuntu,5,fstat,2,0,"[{'name': 'fd', 'type': 'int', 'value': 6}, {'name': 'statbuf', 'type': 'struct stat*', 'value': '0x7FFFB85B9800'}]",0,0
16583.219979,8544,191,0,systemd-udevd,ubuntu,3,close,1,0,"[{'name': 'fd', 'type': 'int', 'value': 15}]",0,0
16583.220029,8544,191,0,systemd-udevd,ubuntu,257,openat,4,15,"[{'name': 'dirfd', 'type': 'int', 'value': 6}, {'name': 'pathname', 'type': 'const char*', 'value': 'virtual'}, {'name': 'flags', 'type': 'int', 'value': 'O_RDONLY|O_NOFOLLOW|O_CLOEXEC|O_PATH'}, {'name': 'mode', 'type': 'mode_t', 'value': 915718182}]",0,0
16583.220051,8544,191,0,systemd-udevd,ubuntu,5,fstat,2,0,"[{'name': 'fd', 'type': 'int', 'value': 15}, {'name': 'statbuf', 'type': 'struct stat*', 'value': '0x7FFFB85B9800'}]",0,0
16583.220073,8544,191,0,systemd-udevd,ubuntu,3,close,1,0,"[{'name': 'fd', 'type': 'int', 'value': 6}]",0,0
16583.220097,8544,191,0,systemd-udevd,ubuntu,257,openat,4,6,"[{'name': 'dirfd', 'type': 'int', 'value': 15}, {'name': 'pathname', 'type': 'const char*', 'value': 'dmi'}, {'name': 'flags', 'type': 'int', 'value': 'O_RDONLY|O_NOFOLLOW|O_CLOEXEC|O_PATH'}, {'name': 'mode', 'type': 'mode_t', 'value': 915718182}]",0,0
16583.22012,8544,191,0,systemd-udevd,ubuntu,5,fstat,2,0,"[{'name': 'fd', 'type': 'int', 'value': 6}, {'name': 'statbuf', 'type': 'struct stat*', 'value': '0x7FFFB85B9800'}]",0,0
16583.220143,8544,191,0,systemd-udevd,ubuntu,3,close,1,0,"[{'name': 'fd', 'type': 'int', 'value': 15}]",0,0
16583.220167,8544,191,0,systemd-udevd,ubuntu,257,openat,4,15,"[{'name': 'dirfd', 'type': 'int', 'value': 6}, {'name': 'pathname', 'type': 'const char*', 'value': 'id'}, {'name': 'flags', 'type': 'int', 'value': 'O_RDONLY|O_NOFOLLOW|O_CLOEXEC|O_PATH'}, {'name': 'mode', 'type': 'mode_t', 'value': 915718182}]",0,0
16583.220202,8544,191,0,systemd-udevd,ubuntu,5,fstat,2,0,"[{'name': 'fd', 'type': 'int', 'value': 15}, {'name': 'statbuf', 'type': 'struct stat*', 'value': '0x7FFFB85B9800'}]",0,0
16583.220225,8544,191,0,systemd-udevd,ubuntu,3,close,1,0,"[{'name': 'fd', 'type': 'int', 'value': 6}]",0,0
16583.220249,8544,191,0,systemd-udevd,ubuntu,3,close,1,0,"[{'name': 'fd', 'type': 'int', 'value': 15}]",0,0
16583.220278,8544,191,0,systemd-udevd,ubuntu,21,access,2,0,"[{'name': 'pathname', 'type': 'const char*', 'value': '/sys/devices/virtual/dmi/id/uevent'}, {'name': 'mode', 'type': 'mode_t', 'value': 'F_OK'}]",0,0
16583.220311,8544,191,0,systemd-udevd,ubuntu,6,lstat,2,0,"[{'name': 'pathname', 'type': 'const char*', 'value': '/sys/devices/virtual/dmi/id/sys_vendor'}, {'name': 'statbuf', 'type': 'struct stat*', 'value': '0x7FFFB85BA910'}]",0,0
16583.220338,8544,191,0,systemd-udevd,ubuntu,1005,security_file_open,4,0,"[{'name': 'pathname', 'type': 'const char*', 'value': '/sys/devices/virtual/dmi/id/sys_vendor'}, {'name': 'flags', 'type': 'int', 'value': 'O_RDONLY|O_LARGEFILE'}, {'name': 'dev', 'type': 'dev_t', 'value': 22}, {'name': 'inode', 'type': 'unsigned long', 'value': 713}]",0,0
16583.220368,8544,191,0,systemd-udevd,ubuntu,257,openat,4,6,"[{'name': 'dirfd', 'type': 'int', 'value': -100}, {'name': 'pathname', 'type': 'const char*', 'value': '/sys/devices/virtual/dmi/id/sys_vendor'}, {'name': 'flags', 'type': 'int', 'value': 'O_RDONLY|O_CLOEXEC'}, {'name': 'mode', 'type': 'mode_t', 'value': 915717803}]",0,0
16583.220392,8544,191,0,systemd-udevd,ubuntu,5,fstat,2,0,"[{'name': 'fd', 'type': 'int', 'value': 6}, {'name': 'statbuf', 'type': 'struct stat*', 'value': '0x7FFFB85BA9A0'}]",0,0
16583.220424,8544,191,0,systemd-udevd,ubuntu,3,close,1,0,"[{'name': 'fd', 'type': 'int', 'value': 6}]",0,0
16583.220458,8544,191,0,systemd-udevd,ubuntu,21,access,2,-2,"[{'name': 'pathname', 'type': 'const char*', 'value': '/sys/subsystem/dmi/devices/id'}, {'name': 'mode', 'type': 'mode_t', 'value': 'F_OK'}]",0,0
16583.220484,8544,191,0,systemd-udevd,ubuntu,21,access,2,-2,"[{'name': 'pathname', 'type': 'const char*', 'value': '/sys/bus/dmi/devices/id'}, {'name': 'mode', 'type': 'mode_t', 'value': 'F_OK'}]",0,0
16583.220538,8544,191,0,systemd-udevd,ubuntu,257,openat,4,6,"[{'name': 'dirfd', 'type': 'int', 'value': -100}, {'name': 'pathname', 'type': 'const char*', 'value': '/'}, {'name': 'flags', 'type': 'int', 'value': 'O_RDONLY|O_DIRECTORY|O_CLOEXEC|O_PATH'}, {'name': 'mode', 'type': 'mode_t', 'value': 915717803}]",0,0
16583.220512,8544,191,0,systemd-udevd,ubuntu,21,access,2,0,"[{'name': 'pathname', 'type': 'const char*', 'value': '/sys/class/dmi/id'}, {'name': 'mode', 'type': 'mode_t', 'value': 'F_OK'}]",0,0
16583.220563,8544,191,0,systemd-udevd,ubuntu,257,openat,4,15,"[{'name': 'dirfd', 'type': 'int', 'value': 6}, {'name': 'pathname', 'type': 'const char*', 'value': 'sys'}, {'name': 'flags', 'type': 'int', 'value': 'O_RDONLY|O_NOFOLLOW|O_CLOEXEC|O_PATH'}, {'name': 'mode', 'type': 'mode_t', 'value': 915718182}]",0,0
16583.220587,8544,191,0,systemd-udevd,ubuntu,5,fstat,2,0,"[{'name': 'fd', 'type': 'int', 'value': 15}, {'name': 'statbuf', 'type': 'struct stat*', 'value': '0x7FFFB85B9800'}]",0,0
16583.22061,8544,191,0,systemd-udevd,ubuntu,3,close,1,0,"[{'name': 'fd', 'type': 'int', 'value': 6}]",0,0
16583.220635,8544,191,0,systemd-udevd,ubuntu,257,openat,4,6,"[{'name': 'dirfd', 'type': 'int', 'value': 15}, {'name': 'pathname', 'type': 'const char*', 'value': 'class'}, {'name': 'flags', 'type': 'int', 'value': 'O_RDONLY|O_NOFOLLOW|O_CLOEXEC|O_PATH'}, {'name': 'mode', 'type': 'mode_t', 'value': 915718182}]",0,0
16583.220658,8544,191,0,systemd-udevd,ubuntu,5,fstat,2,0,"[{'name': 'fd', 'type': 'int', 'value': 6}, {'name': 'statbuf', 'type': 'struct stat*', 'value': '0x7FFFB85B9800'}]",0,0
16583.220682,8544,191,0,systemd-udevd,ubuntu,3,close,1,0,"[{'name': 'fd', 'type': 'int', 'value': 15}]",0,0
16583.220707,8544,191,0,systemd-udevd,ubuntu,257,openat,4,15,"[{'name': 'dirfd', 'type': 'int', 'value': 6}, {'name': 'pathname', 'type': 'const char*', 'value': 'dmi'}, {'name': 'flags', 'type': 'int', 'value': 'O_RDONLY|O_NOFOLLOW|O_CLOEXEC|O_PATH'}, {'name': 'mode', 'type': 'mode_t', 'value': 915718182}]",0,0
16583.22073,8544,191,0,systemd-udevd,ubuntu,5,fstat,2,0,"[{'name': 'fd', 'type': 'int', 'value': 15}, {'name': 'statbuf', 'type': 'struct stat*', 'value': '0x7FFFB85B9800'}]",0,0
16583.220753,8544,191,0,systemd-udevd,ubuntu,3,close,1,0,"[{'name': 'fd', 'type': 'int', 'value': 6}]",0,0
16583.220778,8544,191,0,systemd-udevd,ubuntu,257,openat,4,6,"[{'name': 'dirfd', 'type': 'int', 'value': 15}, {'name': 'pathname', 'type': 'const char*', 'value': 'id'}, {'name': 'flags', 'type': 'int', 'value': 'O_RDONLY|O_NOFOLLOW|O_CLOEXEC|O_PATH'}, {'name': 'mode', 'type': 'mode_t', 'value': 915718182}]",0,0
16583.220802,8544,191,0,systemd-udevd,ubuntu,5,fstat,2,0,"[{'name': 'fd', 'type': 'int', 'value': 6}, {'name': 'statbuf', 'type': 'struct stat*', 'value': '0x7FFFB85B9800'}]",0,0
16583.220832,8544,191,0,systemd-udevd,ubuntu,3,close,1,0,"[{'name': 'fd', 'type': 'int', 'value': 6}]",0,0
16583.220858,8544,191,0,systemd-udevd,ubuntu,257,openat,4,6,"[{'name': 'dirfd', 'type': 'int', 'value': 15}, {'name': 'pathname', 'type': 'const char*', 'value': '..'}, {'name': 'flags', 'type': 'int', 'value': 'O_RDONLY|O_NOFOLLOW|O_CLOEXEC|O_PATH'}, {'name': 'mode', 'type': 'mode_t', 'value': 915718182}]",0,0
16583.220881,8544,191,0,systemd-udevd,ubuntu,3,close,1,0,"[{'name': 'fd', 'type': 'int', 'value': 15}]",0,0
16583.220907,8544,191,0,systemd-udevd,ubuntu,257,openat,4,15,"[{'name': 'dirfd', 'type': 'int', 'value': 6}, {'name': 'pathname', 'type': 'const char*', 'value': '..'}, {'name': 'flags', 'type': 'int', 'value': 'O_RDONLY|O_NOFOLLOW|O_CLOEXEC|O_PATH'}, {'name': 'mode', 'type': 'mode_t', 'value': 915718182}]",0,0
16583.22093,8544,191,0,systemd-udevd,ubuntu,3,close,1,0,"[{'name': 'fd', 'type': 'int', 'value': 6}]",0,0
16583.220955,8544,191,0,systemd-udevd,ubuntu,257,openat,4,6,"[{'name': 'dirfd', 'type': 'int', 'value': 15}, {'name': 'pathname', 'type': 'const char*', 'value': 'devices'}, {'name': 'flags', 'type': 'int', 'value': 'O_RDONLY|O_NOFOLLOW|O_CLOEXEC|O_PATH'}, {'name': 'mode', 'type': 'mode_t', 'value': 915718182}]",0,0
16583.220978,8544,191,0,systemd-udevd,ubuntu,5,fstat,2,0,"[{'name': 'fd', 'type': 'int', 'value': 6}, {'name': 'statbuf', 'type': 'struct stat*', 'value': '0x7FFFB85B9800'}]",0,0
16583.221,8544,191,0,systemd-udevd,ubuntu,3,close,1,0,"[{'name': 'fd', 'type': 'int', 'value': 15}]",0,0
16583.221028,8544,191,0,systemd-udevd,ubuntu,257,openat,4,15,"[{'name': 'dirfd', 'type': 'int', 'value': 6}, {'name': 'pathname', 'type': 'const char*', 'value': 'virtual'}, {'name': 'flags', 'type': 'int', 'value': 'O_RDONLY|O_NOFOLLOW|O_CLOEXEC|O_PATH'}, {'name': 'mode', 'type': 'mode_t', 'value': 915718182}]",0,0
16583.221051,8544,191,0,systemd-udevd,ubuntu,5,fstat,2,0,"[{'name': 'fd', 'type': 'int', 'value': 15}, {'name': 'statbuf', 'type': 'struct stat*', 'value': '0x7FFFB85B9800'}]",0,0
16583.221098,8544,191,0,systemd-udevd,ubuntu,257,openat,4,6,"[{'name': 'dirfd', 'type': 'int', 'value': 15}, {'name': 'pathname', 'type': 'const char*', 'value': 'dmi'}, {'name': 'flags', 'type': 'int', 'value': 'O_RDONLY|O_NOFOLLOW|O_CLOEXEC|O_PATH'}, {'name': 'mode', 'type': 'mode_t', 'value': 915718182}]",0,0
16583.221073,8544,191,0,systemd-udevd,ubuntu,3,close,1,0,"[{'name': 'fd', 'type': 'int', 'value': 6}]",0,0
16583.221145,8544,191,0,systemd-udevd,ubuntu,3,close,1,0,"[{'name': 'fd', 'type': 'int', 'value': 15}]",0,0
16583.221122,8544,191,0,systemd-udevd,ubuntu,5,fstat,2,0,"[{'name': 'fd', 'type': 'int', 'value': 6}, {'name': 'statbuf', 'type': 'struct stat*', 'value': '0x7FFFB85B9800'}]",0,0
16583.22117,8544,191,0,systemd-udevd,ubuntu,257,openat,4,15,"[{'name': 'dirfd', 'type': 'int', 'value': 6}, {'name': 'pathname', 'type': 'const char*', 'value': 'id'}, {'name': 'flags', 'type': 'int', 'value': 'O_RDONLY|O_NOFOLLOW|O_CLOEXEC|O_PATH'}, {'name': 'mode', 'type': 'mode_t', 'value': 915718182}]",0,0
16583.221193,8544,191,0,systemd-udevd,ubuntu,5,fstat,2,0,"[{'name': 'fd', 'type': 'int', 'value': 15}, {'name': 'statbuf', 'type': 'struct stat*', 'value': '0x7FFFB85B9800'}]",0,0
16583.221216,8544,191,0,systemd-udevd,ubuntu,3,close,1,0,"[{'name': 'fd', 'type': 'int', 'value': 6}]",0,0
16583.22124,8544,191,0,systemd-udevd,ubuntu,3,close,1,0,"[{'name': 'fd', 'type': 'int', 'value': 15}]",0,0
16583.221266,8544,191,0,systemd-udevd,ubuntu,21,access,2,0,"[{'name': 'pathname', 'type': 'const char*', 'value': '/sys/devices/virtual/dmi/id/uevent'}, {'name': 'mode', 'type': 'mode_t', 'value': 'F_OK'}]",0,0
16583.221292,8544,191,0,systemd-udevd,ubuntu,6,lstat,2,0,"[{'name': 'pathname', 'type': 'const char*', 'value': '/sys/devices/virtual/dmi/id/sys_vendor'}, {'name': 'statbuf', 'type': 'struct stat*', 'value': '0x7FFFB85BA910'}]",0,0
16583.221318,8544,191,0,systemd-udevd,ubuntu,1005,security_file_open,4,0,"[{'name': 'pathname', 'type': 'const char*', 'value': '/sys/devices/virtual/dmi/id/sys_vendor'}, {'name': 'flags', 'type': 'int', 'value': 'O_RDONLY|O_LARGEFILE'}, {'name': 'dev', 'type': 'dev_t', 'value': 22}, {'name': 'inode', 'type': 'unsigned long', 'value': 713}]",0,0
16583.221346,8544,191,0,systemd-udevd,ubuntu,257,openat,4,6,"[{'name': 'dirfd', 'type': 'int', 'value': -100}, {'name': 'pathname', 'type': 'const char*', 'value': '/sys/devices/virtual/dmi/id/sys_vendor'}, {'name': 'flags', 'type': 'int', 'value': 'O_RDONLY|O_CLOEXEC'}, {'name': 'mode', 'type': 'mode_t', 'value': 915717803}]",0,0
16583.221369,8544,191,0,systemd-udevd,ubuntu,5,fstat,2,0,"[{'name': 'fd', 'type': 'int', 'value': 6}, {'name': 'statbuf', 'type': 'struct stat*', 'value': '0x7FFFB85BA9A0'}]",0,0
16583.221399,8544,191,0,systemd-udevd,ubuntu,3,close,1,0,"[{'name': 'fd', 'type': 'int', 'value': 6}]",0,0
16583.221606,8544,191,0,systemd-udevd,ubuntu,1003,cap_capable,1,0,"[{'name': 'cap', 'type': 'int', 'value': 'CAP_NET_ADMIN'}]",0,0
16583.228631,191,1,0,systemd-udevd,ubuntu,1003,cap_capable,1,0,"[{'name': 'cap', 'type': 'int', 'value': 'CAP_NET_ADMIN'}]",0,0
16583.229005,191,1,0,systemd-udevd,ubuntu,1003,cap_capable,1,0,"[{'name': 'cap', 'type': 'int', 'value': 'CAP_NET_ADMIN'}]",0,0
16583.228771,191,1,0,systemd-udevd,ubuntu,1003,cap_capable,1,0,"[{'name': 'cap', 'type': 'int', 'value': 'CAP_NET_ADMIN'}]",0,0
16583.228884,191,1,0,systemd-udevd,ubuntu,1003,cap_capable,1,0,"[{'name': 'cap', 'type': 'int', 'value': 'CAP_NET_ADMIN'}]",0,0
16583.229129,191,1,0,systemd-udevd,ubuntu,41,socket,3,14,"[{'name': 'domain', 'type': 'int', 'value': 'AF_NETLINK'}, {'name': 'type', 'type': 'int', 'value': 'SOCK_RAW|SOCK_NONBLOCK|SOCK_CLOEXEC'}, {'name': 'protocol', 'type': 'int', 'value': 15}]",0,0
16583.229168,191,1,0,systemd-udevd,ubuntu,49,bind,3,0,"[{'name': 'sockfd', 'type': 'int', 'value': 14}, {'name': 'addr', 'type': 'const void*', 'value': ""{'sa_family': 'AF_NETLINK'}""}, {'name': 'addrlen', 'type': 'int*', 'value': 12}]",0,0
16583.229192,191,1,0,systemd-udevd,ubuntu,51,getsockname,3,0,"[{'name': 'sockfd', 'type': 'int', 'value': 14}, {'name': 'addr', 'type': 'const void*', 'value': ""{'sa_family': 'AF_NETLINK'}""}, {'name': 'addrlen', 'type': 'int*', 'value': '0x7FFFB85BF53C'}]",0,0
16583.229541,191,1,0,systemd-udevd,ubuntu,56,clone,5,8546,"[{'name': 'flags', 'type': 'unsigned int', 'value': 'CLONE_CHILD_CLEARTID|CLONE_CHILD_SETTID'}, {'name': 'stack', 'type': 'void*', 'value': '0x0'}, {'name': 'parent_tid', 'type': 'int*', 'value': '0x0'}, {'name': 'child_tid', 'type': 'int*', 'value': '0x7FAC369210BF'}, {'name': 'tls', 'type': 'unsigned long', 'value': 0}]",0,0
16583.229581,191,1,0,systemd-udevd,ubuntu,3,close,1,0,"[{'name': 'fd', 'type': 'int', 'value': 14}]",0,0
16583.229787,191,1,0,systemd-udevd,ubuntu,41,socket,3,14,"[{'name': 'domain', 'type': 'int', 'value': 'AF_NETLINK'}, {'name': 'type', 'type': 'int', 'value': 'SOCK_RAW|SOCK_NONBLOCK|SOCK_CLOEXEC'}, {'name': 'protocol', 'type': 'int', 'value': 15}]",0,0
16583.229822,191,1,0,systemd-udevd,ubuntu,49,bind,3,0,"[{'name': 'sockfd', 'type': 'int', 'value': 14}, {'name': 'addr', 'type': 'const void*', 'value': ""{'sa_family': 'AF_NETLINK'}""}, {'name': 'addrlen', 'type': 'int*', 'value': 12}]",0,0
16583.229846,191,1,0,systemd-udevd,ubuntu,51,getsockname,3,0,"[{'name': 'sockfd', 'type': 'int', 'value': 14}, {'name': 'addr', 'type': 'const void*', 'value': ""{'sa_family': 'AF_NETLINK'}""}, {'name': 'addrlen', 'type': 'int*', 'value': '0x7FFFB85BF53C'}]",0,0
16583.230114,191,1,0,systemd-udevd,ubuntu,56,clone,5,8547,"[{'name': 'flags', 'type': 'unsigned int', 'value': 'CLONE_CHILD_CLEARTID|CLONE_CHILD_SETTID'}, {'name': 'stack', 'type': 'void*', 'value': '0x0'}, {'name': 'parent_tid', 'type': 'int*', 'value': '0x0'}, {'name': 'child_tid', 'type': 'int*', 'value': '0x7FAC369210BF'}, {'name': 'tls', 'type': 'unsigned long', 'value': 0}]",0,0
16583.230153,191,1,0,systemd-udevd,ubuntu,3,close,1,0,"[{'name': 'fd', 'type': 'int', 'value': 14}]",0,0
16583.249329,8539,191,0,systemd-udevd,ubuntu,257,openat,4,-2,"[{'name': 'dirfd', 'type': 'int', 'value': -100}, {'name': 'pathname', 'type': 'const char*', 'value': '/run/udev/data/+cgroup:vm_area_struct(1842:packagekit.service)'}, {'name': 'flags', 'type': 'int', 'value': 'O_RDONLY|O_CLOEXEC'}, {'name': 'mode', 'type': 'mode_t', 'value': 915717803}]",0,0
16583.249585,8538,191,0,systemd-udevd,ubuntu,257,openat,4,-2,"[{'name': 'dirfd', 'type': 'int', 'value': -100}, {'name': 'pathname', 'type': 'const char*', 'value': '/run/udev/data/+cgroup:mm_struct(1842:packagekit.service)'}, {'name': 'flags', 'type': 'int', 'value': 'O_RDONLY|O_CLOEXEC'}, {'name': 'mode', 'type': 'mode_t', 'value': 915717803}]",0,0
16583.249733,8539,191,0,systemd-udevd,ubuntu,87,unlink,1,-2,"[{'name': 'pathname', 'type': 'const char*', 'value': '/run/udev/data/+cgroup:vm_area_struct(1842:packagekit.service)'}]",0,0
16583.250012,8539,191,0,systemd-udevd,ubuntu,21,access,2,-2,"[{'name': 'pathname', 'type': 'const char*', 'value': '/sys/subsystem/dmi/devices/id'}, {'name': 'mode', 'type': 'mode_t', 'value': 'F_OK'}]",0,0
16583.249854,8538,191,0,systemd-udevd,ubuntu,87,unlink,1,-2,"[{'name': 'pathname', 'type': 'const char*', 'value': '/run/udev/data/+cgroup:mm_struct(1842:packagekit.service)'}]",0,0
16583.250109,8538,191,0,systemd-udevd,ubuntu,21,access,2,-2,"[{'name': 'pathname', 'type': 'const char*', 'value': '/sys/subsystem/dmi/devices/id'}, {'name': 'mode', 'type': 'mode_t', 'value': 'F_OK'}]",0,0
16583.250248,8539,191,0,systemd-udevd,ubuntu,21,access,2,-2,"[{'name': 'pathname', 'type': 'const char*', 'value': '/sys/bus/dmi/devices/id'}, {'name': 'mode', 'type': 'mode_t', 'value': 'F_OK'}]",0,0
16583.250503,8541,191,0,systemd-udevd,ubuntu,257,openat,4,-2,"[{'name': 'dirfd', 'type': 'int', 'value': -100}, {'name': 'pathname', 'type': 'const char*', 'value': '/run/udev/data/+cgroup:files_cache(1842:packagekit.service)'}, {'name': 'flags', 'type': 'int', 'value': 'O_RDONLY|O_CLOEXEC'}, {'name': 'mode', 'type': 'mode_t', 'value': 915717803}]",0,0
16583.254384,8540,191,0,systemd-udevd,ubuntu,257,openat,4,-2,"[{'name': 'dirfd', 'type': 'int', 'value': -100}, {'name': 'pathname', 'type': 'const char*', 'value': '/run/udev/data/+cgroup:signal_cache(1842:packagekit.service)'}, {'name': 'flags', 'type': 'int', 'value': 'O_RDONLY|O_CLOEXEC'}, {'name': 'mode', 'type': 'mode_t', 'value': 915717803}]",0,0
16583.254421,8540,191,0,systemd-udevd,ubuntu,87,unlink,1,-2,"[{'name': 'pathname', 'type': 'const char*', 'value': '/run/udev/data/+cgroup:signal_cache(1842:packagekit.service)'}]",0,0
16583.254454,8540,191,0,systemd-udevd,ubuntu,21,access,2,-2,"[{'name': 'pathname', 'type': 'const char*', 'value': '/sys/subsystem/dmi/devices/id'}, {'name': 'mode', 'type': 'mode_t', 'value': 'F_OK'}]",0,0
16583.254482,8540,191,0,systemd-udevd,ubuntu,21,access,2,-2,"[{'name': 'pathname', 'type': 'const char*', 'value': '/sys/bus/dmi/devices/id'}, {'name': 'mode', 'type': 'mode_t', 'value': 'F_OK'}]",0,0
16583.254514,8540,191,0,systemd-udevd,ubuntu,21,access,2,0,"[{'name': 'pathname', 'type': 'const char*', 'value': '/sys/class/dmi/id'}, {'name': 'mode', 'type': 'mode_t', 'value': 'F_OK'}]",0,0
16583.254541,8540,191,0,systemd-udevd,ubuntu,257,openat,4,6,"[{'name': 'dirfd', 'type': 'int', 'value': -100}, {'name': 'pathname', 'type': 'const char*', 'value': '/'}, {'name': 'flags', 'type': 'int', 'value': 'O_RDONLY|O_DIRECTORY|O_CLOEXEC|O_PATH'}, {'name': 'mode', 'type': 'mode_t', 'value': 915717803}]",0,0
16583.254566,8540,191,0,systemd-udevd,ubuntu,257,openat,4,15,"[{'name': 'dirfd', 'type': 'int', 'value': 6}, {'name': 'pathname', 'type': 'const char*', 'value': 'sys'}, {'name': 'flags', 'type': 'int', 'value': 'O_RDONLY|O_NOFOLLOW|O_CLOEXEC|O_PATH'}, {'name': 'mode', 'type': 'mode_t', 'value': 915718182}]",0,0
16583.254591,8540,191,0,systemd-udevd,ubuntu,5,fstat,2,0,"[{'name': 'fd', 'type': 'int', 'value': 15}, {'name': 'statbuf', 'type': 'struct stat*', 'value': '0x7FFFB85B9710'}]",0,0
16583.254614,8540,191,0,systemd-udevd,ubuntu,3,close,1,0,"[{'name': 'fd', 'type': 'int', 'value': 6}]",0,0
16583.254641,8540,191,0,systemd-udevd,ubuntu,257,openat,4,6,"[{'name': 'dirfd', 'type': 'int', 'value': 15}, {'name': 'pathname', 'type': 'const char*', 'value': 'class'}, {'name': 'flags', 'type': 'int', 'value': 'O_RDONLY|O_NOFOLLOW|O_CLOEXEC|O_PATH'}, {'name': 'mode', 'type': 'mode_t', 'value': 915718182}]",0,0
16583.254664,8540,191,0,systemd-udevd,ubuntu,5,fstat,2,0,"[{'name': 'fd', 'type': 'int', 'value': 6}, {'name': 'statbuf', 'type': 'struct stat*', 'value': '0x7FFFB85B9710'}]",0,0
16583.254688,8540,191,0,systemd-udevd,ubuntu,3,close,1,0,"[{'name': 'fd', 'type': 'int', 'value': 15}]",0,0
16583.254713,8540,191,0,systemd-udevd,ubuntu,257,openat,4,15,"[{'name': 'dirfd', 'type': 'int', 'value': 6}, {'name': 'pathname', 'type': 'const char*', 'value': 'dmi'}, {'name': 'flags', 'type': 'int', 'value': 'O_RDONLY|O_NOFOLLOW|O_CLOEXEC|O_PATH'}, {'name': 'mode', 'type': 'mode_t', 'value': 915718182}]",0,0
16583.254737,8540,191,0,systemd-udevd,ubuntu,5,fstat,2,0,"[{'name': 'fd', 'type': 'int', 'value': 15}, {'name': 'statbuf', 'type': 'struct stat*', 'value': '0x7FFFB85B9710'}]",0,0
16583.254759,8540,191,0,systemd-udevd,ubuntu,3,close,1,0,"[{'name': 'fd', 'type': 'int', 'value': 6}]",0,0
16583.254784,8540,191,0,systemd-udevd,ubuntu,257,openat,4,6,"[{'name': 'dirfd', 'type': 'int', 'value': 15}, {'name': 'pathname', 'type': 'const char*', 'value': 'id'}, {'name': 'flags', 'type': 'int', 'value': 'O_RDONLY|O_NOFOLLOW|O_CLOEXEC|O_PATH'}, {'name': 'mode', 'type': 'mode_t', 'value': 915718182}]",0,0
16583.254808,8540,191,0,systemd-udevd,ubuntu,5,fstat,2,0,"[{'name': 'fd', 'type': 'int', 'value': 6}, {'name': 'statbuf', 'type': 'struct stat*', 'value': '0x7FFFB85B9710'}]",0,0
16583.254843,8540,191,0,systemd-udevd,ubuntu,3,close,1,0,"[{'name': 'fd', 'type': 'int', 'value': 6}]",0,0
16583.25487,8540,191,0,systemd-udevd,ubuntu,257,openat,4,6,"[{'name': 'dirfd', 'type': 'int', 'value': 15}, {'name': 'pathname', 'type': 'const char*', 'value': '..'}, {'name': 'flags', 'type': 'int', 'value': 'O_RDONLY|O_NOFOLLOW|O_CLOEXEC|O_PATH'}, {'name': 'mode', 'type': 'mode_t', 'value': 915718182}]",0,0
16583.254893,8540,191,0,systemd-udevd,ubuntu,3,close,1,0,"[{'name': 'fd', 'type': 'int', 'value': 15}]",0,0
16583.254918,8540,191,0,systemd-udevd,ubuntu,257,openat,4,15,"[{'name': 'dirfd', 'type': 'int', 'value': 6}, {'name': 'pathname', 'type': 'const char*', 'value': '..'}, {'name': 'flags', 'type': 'int', 'value': 'O_RDONLY|O_NOFOLLOW|O_CLOEXEC|O_PATH'}, {'name': 'mode', 'type': 'mode_t', 'value': 915718182}]",0,0
16583.254941,8540,191,0,systemd-udevd,ubuntu,3,close,1,0,"[{'name': 'fd', 'type': 'int', 'value': 6}]",0,0
16583.254966,8540,191,0,systemd-udevd,ubuntu,257,openat,4,6,"[{'name': 'dirfd', 'type': 'int', 'value': 15}, {'name': 'pathname', 'type': 'const char*', 'value': 'devices'}, {'name': 'flags', 'type': 'int', 'value': 'O_RDONLY|O_NOFOLLOW|O_CLOEXEC|O_PATH'}, {'name': 'mode', 'type': 'mode_t', 'value': 915718182}]",0,0
16583.254989,8540,191,0,systemd-udevd,ubuntu,5,fstat,2,0,"[{'name': 'fd', 'type': 'int', 'value': 6}, {'name': 'statbuf', 'type': 'struct stat*', 'value': '0x7FFFB85B9710'}]",0,0
16583.255012,8540,191,0,systemd-udevd,ubuntu,3,close,1,0,"[{'name': 'fd', 'type': 'int', 'value': 15}]",0,0
16583.255037,8540,191,0,systemd-udevd,ubuntu,257,openat,4,15,"[{'name': 'dirfd', 'type': 'int', 'value': 6}, {'name': 'pathname', 'type': 'const char*', 'value': 'virtual'}, {'name': 'flags', 'type': 'int', 'value': 'O_RDONLY|O_NOFOLLOW|O_CLOEXEC|O_PATH'}, {'name': 'mode', 'type': 'mode_t', 'value': 915718182}]",0,0
16583.255059,8540,191,0,systemd-udevd,ubuntu,5,fstat,2,0,"[{'name': 'fd', 'type': 'int', 'value': 15}, {'name': 'statbuf', 'type': 'struct stat*', 'value': '0x7FFFB85B9710'}]",0,0
16583.255081,8540,191,0,systemd-udevd,ubuntu,3,close,1,0,"[{'name': 'fd', 'type': 'int', 'value': 6}]",0,0
16583.255106,8540,191,0,systemd-udevd,ubuntu,257,openat,4,6,"[{'name': 'dirfd', 'type': 'int', 'value': 15}, {'name': 'pathname', 'type': 'const char*', 'value': 'dmi'}, {'name': 'flags', 'type': 'int', 'value': 'O_RDONLY|O_NOFOLLOW|O_CLOEXEC|O_PATH'}, {'name': 'mode', 'type': 'mode_t', 'value': 915718182}]",0,0
16583.25513,8540,191,0,systemd-udevd,ubuntu,5,fstat,2,0,"[{'name': 'fd', 'type': 'int', 'value': 6}, {'name': 'statbuf', 'type': 'struct stat*', 'value': '0x7FFFB85B9710'}]",0,0
16583.255153,8540,191,0,systemd-udevd,ubuntu,3,close,1,0,"[{'name': 'fd', 'type': 'int', 'value': 15}]",0,0
16583.255178,8540,191,0,systemd-udevd,ubuntu,257,openat,4,15,"[{'name': 'dirfd', 'type': 'int', 'value': 6}, {'name': 'pathname', 'type': 'const char*', 'value': 'id'}, {'name': 'flags', 'type': 'int', 'value': 'O_RDONLY|O_NOFOLLOW|O_CLOEXEC|O_PATH'}, {'name': 'mode', 'type': 'mode_t', 'value': 915718182}]",0,0
16583.255201,8540,191,0,systemd-udevd,ubuntu,5,fstat,2,0,"[{'name': 'fd', 'type': 'int', 'value': 15}, {'name': 'statbuf', 'type': 'struct stat*', 'value': '0x7FFFB85B9710'}]",0,0
16583.255224,8540,191,0,systemd-udevd,ubuntu,3,close,1,0,"[{'name': 'fd', 'type': 'int', 'value': 6}]",0,0
16583.255248,8540,191,0,systemd-udevd,ubuntu,3,close,1,0,"[{'name': 'fd', 'type': 'int', 'value': 15}]",0,0
16583.255275,8540,191,0,systemd-udevd,ubuntu,21,access,2,0,"[{'name': 'pathname', 'type': 'const char*', 'value': '/sys/devices/virtual/dmi/id/uevent'}, {'name': 'mode', 'type': 'mode_t', 'value': 'F_OK'}]",0,0
16583.255304,8540,191,0,systemd-udevd,ubuntu,6,lstat,2,0,"[{'name': 'pathname', 'type': 'const char*', 'value': '/sys/devices/virtual/dmi/id/sys_vendor'}, {'name': 'statbuf', 'type': 'struct stat*', 'value': '0x7FFFB85BA820'}]",0,0
16583.255331,8540,191,0,systemd-udevd,ubuntu,1005,security_file_open,4,0,"[{'name': 'pathname', 'type': 'const char*', 'value': '/sys/devices/virtual/dmi/id/sys_vendor'}, {'name': 'flags', 'type': 'int', 'value': 'O_RDONLY|O_LARGEFILE'}, {'name': 'dev', 'type': 'dev_t', 'value': 22}, {'name': 'inode', 'type': 'unsigned long', 'value': 713}]",0,0
16583.255366,8540,191,0,systemd-udevd,ubuntu,257,openat,4,6,"[{'name': 'dirfd', 'type': 'int', 'value': -100}, {'name': 'pathname', 'type': 'const char*', 'value': '/sys/devices/virtual/dmi/id/sys_vendor'}, {'name': 'flags', 'type': 'int', 'value': 'O_RDONLY|O_CLOEXEC'}, {'name': 'mode', 'type': 'mode_t', 'value': 915717803}]",0,0
16583.255389,8540,191,0,systemd-udevd,ubuntu,5,fstat,2,0,"[{'name': 'fd', 'type': 'int', 'value': 6}, {'name': 'statbuf', 'type': 'struct stat*', 'value': '0x7FFFB85BA8B0'}]",0,0
16583.255424,8540,191,0,systemd-udevd,ubuntu,3,close,1,0,"[{'name': 'fd', 'type': 'int', 'value': 6}]",0,0
16583.255456,8540,191,0,systemd-udevd,ubuntu,21,access,2,-2,"[{'name': 'pathname', 'type': 'const char*', 'value': '/sys/subsystem/dmi/devices/id'}, {'name': 'mode', 'type': 'mode_t', 'value': 'F_OK'}]",0,0
16583.255483,8540,191,0,systemd-udevd,ubuntu,21,access,2,-2,"[{'name': 'pathname', 'type': 'const char*', 'value': '/sys/bus/dmi/devices/id'}, {'name': 'mode', 'type': 'mode_t', 'value': 'F_OK'}]",0,0
16583.25551,8540,191,0,systemd-udevd,ubuntu,21,access,2,0,"[{'name': 'pathname', 'type': 'const char*', 'value': '/sys/class/dmi/id'}, {'name': 'mode', 'type': 'mode_t', 'value': 'F_OK'}]",0,0
16583.255536,8540,191,0,systemd-udevd,ubuntu,257,openat,4,6,"[{'name': 'dirfd', 'type': 'int', 'value': -100}, {'name': 'pathname', 'type': 'const char*', 'value': '/'}, {'name': 'flags', 'type': 'int', 'value': 'O_RDONLY|O_DIRECTORY|O_CLOEXEC|O_PATH'}, {'name': 'mode', 'type': 'mode_t', 'value': 915717803}]",0,0
16583.25556,8540,191,0,systemd-udevd,ubuntu,257,openat,4,15,"[{'name': 'dirfd', 'type': 'int', 'value': 6}, {'name': 'pathname', 'type': 'const char*', 'value': 'sys'}, {'name': 'flags', 'type': 'int', 'value': 'O_RDONLY|O_NOFOLLOW|O_CLOEXEC|O_PATH'}, {'name': 'mode', 'type': 'mode_t', 'value': 915718182}]",0,0
16583.255584,8540,191,0,systemd-udevd,ubuntu,5,fstat,2,0,"[{'name': 'fd', 'type': 'int', 'value': 15}, {'name': 'statbuf', 'type': 'struct stat*', 'value': '0x7FFFB85B9710'}]",0,0
16583.255607,8540,191,0,systemd-udevd,ubuntu,3,close,1,0,"[{'name': 'fd', 'type': 'int', 'value': 6}]",0,0
16583.255632,8540,191,0,systemd-udevd,ubuntu,257,openat,4,6,"[{'name': 'dirfd', 'type': 'int', 'value': 15}, {'name': 'pathname', 'type': 'const char*', 'value': 'class'}, {'name': 'flags', 'type': 'int', 'value': 'O_RDONLY|O_NOFOLLOW|O_CLOEXEC|O_PATH'}, {'name': 'mode', 'type': 'mode_t', 'value': 915718182}]",0,0
16583.255655,8540,191,0,systemd-udevd,ubuntu,5,fstat,2,0,"[{'name': 'fd', 'type': 'int', 'value': 6}, {'name': 'statbuf', 'type': 'struct stat*', 'value': '0x7FFFB85B9710'}]",0,0
16583.255678,8540,191,0,systemd-udevd,ubuntu,3,close,1,0,"[{'name': 'fd', 'type': 'int', 'value': 15}]",0,0
16583.255703,8540,191,0,systemd-udevd,ubuntu,257,openat,4,15,"[{'name': 'dirfd', 'type': 'int', 'value': 6}, {'name': 'pathname', 'type': 'const char*', 'value': 'dmi'}, {'name': 'flags', 'type': 'int', 'value': 'O_RDONLY|O_NOFOLLOW|O_CLOEXEC|O_PATH'}, {'name': 'mode', 'type': 'mode_t', 'value': 915718182}]",0,0
16583.255727,8540,191,0,systemd-udevd,ubuntu,5,fstat,2,0,"[{'name': 'fd', 'type': 'int', 'value': 15}, {'name': 'statbuf', 'type': 'struct stat*', 'value': '0x7FFFB85B9710'}]",0,0
16583.255749,8540,191,0,systemd-udevd,ubuntu,3,close,1,0,"[{'name': 'fd', 'type': 'int', 'value': 6}]",0,0
16583.255774,8540,191,0,systemd-udevd,ubuntu,257,openat,4,6,"[{'name': 'dirfd', 'type': 'int', 'value': 15}, {'name': 'pathname', 'type': 'const char*', 'value': 'id'}, {'name': 'flags', 'type': 'int', 'value': 'O_RDONLY|O_NOFOLLOW|O_CLOEXEC|O_PATH'}, {'name': 'mode', 'type': 'mode_t', 'value': 915718182}]",0,0
16583.255798,8540,191,0,systemd-udevd,ubuntu,5,fstat,2,0,"[{'name': 'fd', 'type': 'int', 'value': 6}, {'name': 'statbuf', 'type': 'struct stat*', 'value': '0x7FFFB85B9710'}]",0,0
16583.255828,8540,191,0,systemd-udevd,ubuntu,3,close,1,0,"[{'name': 'fd', 'type': 'int', 'value': 6}]",0,0
16583.255854,8540,191,0,systemd-udevd,ubuntu,257,openat,4,6,"[{'name': 'dirfd', 'type': 'int', 'value': 15}, {'name': 'pathname', 'type': 'const char*', 'value': '..'}, {'name': 'flags', 'type': 'int', 'value': 'O_RDONLY|O_NOFOLLOW|O_CLOEXEC|O_PATH'}, {'name': 'mode', 'type': 'mode_t', 'value': 915718182}]",0,0
16583.255877,8540,191,0,systemd-udevd,ubuntu,3,close,1,0,"[{'name': 'fd', 'type': 'int', 'value': 15}]",0,0
16583.255902,8540,191,0,systemd-udevd,ubuntu,257,openat,4,15,"[{'name': 'dirfd', 'type': 'int', 'value': 6}, {'name': 'pathname', 'type': 'const char*', 'value': '..'}, {'name': 'flags', 'type': 'int', 'value': 'O_RDONLY|O_NOFOLLOW|O_CLOEXEC|O_PATH'}, {'name': 'mode', 'type': 'mode_t', 'value': 915718182}]",0,0
16583.255925,8540,191,0,systemd-udevd,ubuntu,3,close,1,0,"[{'name': 'fd', 'type': 'int', 'value': 6}]",0,0
16583.25595,8540,191,0,systemd-udevd,ubuntu,257,openat,4,6,"[{'name': 'dirfd', 'type': 'int', 'value': 15}, {'name': 'pathname', 'type': 'const char*', 'value': 'devices'}, {'name': 'flags', 'type': 'int', 'value': 'O_RDONLY|O_NOFOLLOW|O_CLOEXEC|O_PATH'}, {'name': 'mode', 'type': 'mode_t', 'value': 915718182}]",0,0
16583.255973,8540,191,0,systemd-udevd,ubuntu,5,fstat,2,0,"[{'name': 'fd', 'type': 'int', 'value': 6}, {'name': 'statbuf', 'type': 'struct stat*', 'value': '0x7FFFB85B9710'}]",0,0
16583.255995,8540,191,0,systemd-udevd,ubuntu,3,close,1,0,"[{'name': 'fd', 'type': 'int', 'value': 15}]",0,0
16583.25602,8540,191,0,systemd-udevd,ubuntu,257,openat,4,15,"[{'name': 'dirfd', 'type': 'int', 'value': 6}, {'name': 'pathname', 'type': 'const char*', 'value': 'virtual'}, {'name': 'flags', 'type': 'int', 'value': 'O_RDONLY|O_NOFOLLOW|O_CLOEXEC|O_PATH'}, {'name': 'mode', 'type': 'mode_t', 'value': 915718182}]",0,0
16583.256043,8540,191,0,systemd-udevd,ubuntu,5,fstat,2,0,"[{'name': 'fd', 'type': 'int', 'value': 15}, {'name': 'statbuf', 'type': 'struct stat*', 'value': '0x7FFFB85B9710'}]",0,0
16583.256065,8540,191,0,systemd-udevd,ubuntu,3,close,1,0,"[{'name': 'fd', 'type': 'int', 'value': 6}]",0,0
16583.25609,8540,191,0,systemd-udevd,ubuntu,257,openat,4,6,"[{'name': 'dirfd', 'type': 'int', 'value': 15}, {'name': 'pathname', 'type': 'const char*', 'value': 'dmi'}, {'name': 'flags', 'type': 'int', 'value': 'O_RDONLY|O_NOFOLLOW|O_CLOEXEC|O_PATH'}, {'name': 'mode', 'type': 'mode_t', 'value': 915718182}]",0,0
16583.256114,8540,191,0,systemd-udevd,ubuntu,5,fstat,2,0,"[{'name': 'fd', 'type': 'int', 'value': 6}, {'name': 'statbuf', 'type': 'struct stat*', 'value': '0x7FFFB85B9710'}]",0,0
16583.256137,8540,191,0,systemd-udevd,ubuntu,3,close,1,0,"[{'name': 'fd', 'type': 'int', 'value': 15}]",0,0
16583.256162,8540,191,0,systemd-udevd,ubuntu,257,openat,4,15,"[{'name': 'dirfd', 'type': 'int', 'value': 6}, {'name': 'pathname', 'type': 'const char*', 'value': 'id'}, {'name': 'flags', 'type': 'int', 'value': 'O_RDONLY|O_NOFOLLOW|O_CLOEXEC|O_PATH'}, {'name': 'mode', 'type': 'mode_t', 'value': 915718182}]",0,0
16583.256185,8540,191,0,systemd-udevd,ubuntu,5,fstat,2,0,"[{'name': 'fd', 'type': 'int', 'value': 15}, {'name': 'statbuf', 'type': 'struct stat*', 'value': '0x7FFFB85B9710'}]",0,0
16583.256208,8540,191,0,systemd-udevd,ubuntu,3,close,1,0,"[{'name': 'fd', 'type': 'int', 'value': 6}]",0,0
16583.256232,8540,191,0,systemd-udevd,ubuntu,3,close,1,0,"[{'name': 'fd', 'type': 'int', 'value': 15}]",0,0
16583.256258,8540,191,0,systemd-udevd,ubuntu,21,access,2,0,"[{'name': 'pathname', 'type': 'const char*', 'value': '/sys/devices/virtual/dmi/id/uevent'}, {'name': 'mode', 'type': 'mode_t', 'value': 'F_OK'}]",0,0
16583.256284,8540,191,0,systemd-udevd,ubuntu,6,lstat,2,0,"[{'name': 'pathname', 'type': 'const char*', 'value': '/sys/devices/virtual/dmi/id/sys_vendor'}, {'name': 'statbuf', 'type': 'struct stat*', 'value': '0x7FFFB85BA820'}]",0,0
16583.256309,8540,191,0,systemd-udevd,ubuntu,1005,security_file_open,4,0,"[{'name': 'pathname', 'type': 'const char*', 'value': '/sys/devices/virtual/dmi/id/sys_vendor'}, {'name': 'flags', 'type': 'int', 'value': 'O_RDONLY|O_LARGEFILE'}, {'name': 'dev', 'type': 'dev_t', 'value': 22}, {'name': 'inode', 'type': 'unsigned long', 'value': 713}]",0,0
16583.256337,8540,191,0,systemd-udevd,ubuntu,257,openat,4,6,"[{'name': 'dirfd', 'type': 'int', 'value': -100}, {'name': 'pathname', 'type': 'const char*', 'value': '/sys/devices/virtual/dmi/id/sys_vendor'}, {'name': 'flags', 'type': 'int', 'value': 'O_RDONLY|O_CLOEXEC'}, {'name': 'mode', 'type': 'mode_t', 'value': 915717803}]",0,0
16583.25636,8540,191,0,systemd-udevd,ubuntu,5,fstat,2,0,"[{'name': 'fd', 'type': 'int', 'value': 6}, {'name': 'statbuf', 'type': 'struct stat*', 'value': '0x7FFFB85BA8B0'}]",0,0
16583.25639,8540,191,0,systemd-udevd,ubuntu,3,close,1,0,"[{'name': 'fd', 'type': 'int', 'value': 6}]",0,0
16583.256464,8540,191,0,systemd-udevd,ubuntu,1003,cap_capable,1,0,"[{'name': 'cap', 'type': 'int', 'value': 'CAP_NET_ADMIN'}]",0,0
16583.265449,8539,191,0,systemd-udevd,ubuntu,21,access,2,0,"[{'name': 'pathname', 'type': 'const char*', 'value': '/sys/class/dmi/id'}, {'name': 'mode', 'type': 'mode_t', 'value': 'F_OK'}]",0,0
16583.265488,8539,191,0,systemd-udevd,ubuntu,257,openat,4,6,"[{'name': 'dirfd', 'type': 'int', 'value': -100}, {'name': 'pathname', 'type': 'const char*', 'value': '/'}, {'name': 'flags', 'type': 'int', 'value': 'O_RDONLY|O_DIRECTORY|O_CLOEXEC|O_PATH'}, {'name': 'mode', 'type': 'mode_t', 'value': 915717803}]",0,0
16583.265515,8539,191,0,systemd-udevd,ubuntu,257,openat,4,15,"[{'name': 'dirfd', 'type': 'int', 'value': 6}, {'name': 'pathname', 'type': 'const char*', 'value': 'sys'}, {'name': 'flags', 'type': 'int', 'value': 'O_RDONLY|O_NOFOLLOW|O_CLOEXEC|O_PATH'}, {'name': 'mode', 'type': 'mode_t', 'value': 915718182}]",0,0
16583.26554,8539,191,0,systemd-udevd,ubuntu,5,fstat,2,0,"[{'name': 'fd', 'type': 'int', 'value': 15}, {'name': 'statbuf', 'type': 'struct stat*', 'value': '0x7FFFB85B9710'}]",0,0
16583.265564,8539,191,0,systemd-udevd,ubuntu,3,close,1,0,"[{'name': 'fd', 'type': 'int', 'value': 6}]",0,0
16583.26559,8539,191,0,systemd-udevd,ubuntu,257,openat,4,6,"[{'name': 'dirfd', 'type': 'int', 'value': 15}, {'name': 'pathname', 'type': 'const char*', 'value': 'class'}, {'name': 'flags', 'type': 'int', 'value': 'O_RDONLY|O_NOFOLLOW|O_CLOEXEC|O_PATH'}, {'name': 'mode', 'type': 'mode_t', 'value': 915718182}]",0,0
16583.265614,8539,191,0,systemd-udevd,ubuntu,5,fstat,2,0,"[{'name': 'fd', 'type': 'int', 'value': 6}, {'name': 'statbuf', 'type': 'struct stat*', 'value': '0x7FFFB85B9710'}]",0,0
16583.265637,8539,191,0,systemd-udevd,ubuntu,3,close,1,0,"[{'name': 'fd', 'type': 'int', 'value': 15}]",0,0
16583.265663,8539,191,0,systemd-udevd,ubuntu,257,openat,4,15,"[{'name': 'dirfd', 'type': 'int', 'value': 6}, {'name': 'pathname', 'type': 'const char*', 'value': 'dmi'}, {'name': 'flags', 'type': 'int', 'value': 'O_RDONLY|O_NOFOLLOW|O_CLOEXEC|O_PATH'}, {'name': 'mode', 'type': 'mode_t', 'value': 915718182}]",0,0
16583.265686,8539,191,0,systemd-udevd,ubuntu,5,fstat,2,0,"[{'name': 'fd', 'type': 'int', 'value': 15}, {'name': 'statbuf', 'type': 'struct stat*', 'value': '0x7FFFB85B9710'}]",0,0
16583.265709,8539,191,0,systemd-udevd,ubuntu,3,close,1,0,"[{'name': 'fd', 'type': 'int', 'value': 6}]",0,0
16583.265735,8539,191,0,systemd-udevd,ubuntu,257,openat,4,6,"[{'name': 'dirfd', 'type': 'int', 'value': 15}, {'name': 'pathname', 'type': 'const char*', 'value': 'id'}, {'name': 'flags', 'type': 'int', 'value': 'O_RDONLY|O_NOFOLLOW|O_CLOEXEC|O_PATH'}, {'name': 'mode', 'type': 'mode_t', 'value': 915718182}]",0,0
16583.265758,8539,191,0,systemd-udevd,ubuntu,5,fstat,2,0,"[{'name': 'fd', 'type': 'int', 'value': 6}, {'name': 'statbuf', 'type': 'struct stat*', 'value': '0x7FFFB85B9710'}]",0,0
16583.265791,8539,191,0,systemd-udevd,ubuntu,3,close,1,0,"[{'name': 'fd', 'type': 'int', 'value': 6}]",0,0
16583.265817,8539,191,0,systemd-udevd,ubuntu,257,openat,4,6,"[{'name': 'dirfd', 'type': 'int', 'value': 15}, {'name': 'pathname', 'type': 'const char*', 'value': '..'}, {'name': 'flags', 'type': 'int', 'value': 'O_RDONLY|O_NOFOLLOW|O_CLOEXEC|O_PATH'}, {'name': 'mode', 'type': 'mode_t', 'value': 915718182}]",0,0
16583.26584,8539,191,0,systemd-udevd,ubuntu,3,close,1,0,"[{'name': 'fd', 'type': 'int', 'value': 15}]",0,0
16583.265865,8539,191,0,systemd-udevd,ubuntu,257,openat,4,15,"[{'name': 'dirfd', 'type': 'int', 'value': 6}, {'name': 'pathname', 'type': 'const char*', 'value': '..'}, {'name': 'flags', 'type': 'int', 'value': 'O_RDONLY|O_NOFOLLOW|O_CLOEXEC|O_PATH'}, {'name': 'mode', 'type': 'mode_t', 'value': 915718182}]",0,0
16583.265888,8539,191,0,systemd-udevd,ubuntu,3,close,1,0,"[{'name': 'fd', 'type': 'int', 'value': 6}]",0,0
16583.265913,8539,191,0,systemd-udevd,ubuntu,257,openat,4,6,"[{'name': 'dirfd', 'type': 'int', 'value': 15}, {'name': 'pathname', 'type': 'const char*', 'value': 'devices'}, {'name': 'flags', 'type': 'int', 'value': 'O_RDONLY|O_NOFOLLOW|O_CLOEXEC|O_PATH'}, {'name': 'mode', 'type': 'mode_t', 'value': 915718182}]",0,0
16583.265967,8539,191,0,systemd-udevd,ubuntu,5,fstat,2,0,"[{'name': 'fd', 'type': 'int', 'value': 6}, {'name': 'statbuf', 'type': 'struct stat*', 'value': '0x7FFFB85B9710'}]",0,0
16583.26599,8539,191,0,systemd-udevd,ubuntu,3,close,1,0,"[{'name': 'fd', 'type': 'int', 'value': 15}]",0,0
16583.266018,8539,191,0,systemd-udevd,ubuntu,257,openat,4,15,"[{'name': 'dirfd', 'type': 'int', 'value': 6}, {'name': 'pathname', 'type': 'const char*', 'value': 'virtual'}, {'name': 'flags', 'type': 'int', 'value': 'O_RDONLY|O_NOFOLLOW|O_CLOEXEC|O_PATH'}, {'name': 'mode', 'type': 'mode_t', 'value': 915718182}]",0,0
16583.266041,8539,191,0,systemd-udevd,ubuntu,5,fstat,2,0,"[{'name': 'fd', 'type': 'int', 'value': 15}, {'name': 'statbuf', 'type': 'struct stat*', 'value': '0x7FFFB85B9710'}]",0,0
16583.266067,8539,191,0,systemd-udevd,ubuntu,3,close,1,0,"[{'name': 'fd', 'type': 'int', 'value': 6}]",0,0
16583.266093,8539,191,0,systemd-udevd,ubuntu,257,openat,4,6,"[{'name': 'dirfd', 'type': 'int', 'value': 15}, {'name': 'pathname', 'type': 'const char*', 'value': 'dmi'}, {'name': 'flags', 'type': 'int', 'value': 'O_RDONLY|O_NOFOLLOW|O_CLOEXEC|O_PATH'}, {'name': 'mode', 'type': 'mode_t', 'value': 915718182}]",0,0
16583.266116,8539,191,0,systemd-udevd,ubuntu,5,fstat,2,0,"[{'name': 'fd', 'type': 'int', 'value': 6}, {'name': 'statbuf', 'type': 'struct stat*', 'value': '0x7FFFB85B9710'}]",0,0
16583.26614,8539,191,0,systemd-udevd,ubuntu,3,close,1,0,"[{'name': 'fd', 'type': 'int', 'value': 15}]",0,0
16583.266165,8539,191,0,systemd-udevd,ubuntu,257,openat,4,15,"[{'name': 'dirfd', 'type': 'int', 'value': 6}, {'name': 'pathname', 'type': 'const char*', 'value': 'id'}, {'name': 'flags', 'type': 'int', 'value': 'O_RDONLY|O_NOFOLLOW|O_CLOEXEC|O_PATH'}, {'name': 'mode', 'type': 'mode_t', 'value': 915718182}]",0,0
16583.266189,8539,191,0,systemd-udevd,ubuntu,5,fstat,2,0,"[{'name': 'fd', 'type': 'int', 'value': 15}, {'name': 'statbuf', 'type': 'struct stat*', 'value': '0x7FFFB85B9710'}]",0,0
16583.266248,8539,191,0,systemd-udevd,ubuntu,3,close,1,0,"[{'name': 'fd', 'type': 'int', 'value': 15}]",0,0
16583.266212,8539,191,0,systemd-udevd,ubuntu,3,close,1,0,"[{'name': 'fd', 'type': 'int', 'value': 6}]",0,0
16583.266277,8539,191,0,systemd-udevd,ubuntu,21,access,2,0,"[{'name': 'pathname', 'type': 'const char*', 'value': '/sys/devices/virtual/dmi/id/uevent'}, {'name': 'mode', 'type': 'mode_t', 'value': 'F_OK'}]",0,0
16583.27095,8538,191,0,systemd-udevd,ubuntu,21,access,2,-2,"[{'name': 'pathname', 'type': 'const char*', 'value': '/sys/bus/dmi/devices/id'}, {'name': 'mode', 'type': 'mode_t', 'value': 'F_OK'}]",0,0
16583.270985,8538,191,0,systemd-udevd,ubuntu,21,access,2,0,"[{'name': 'pathname', 'type': 'const char*', 'value': '/sys/class/dmi/id'}, {'name': 'mode', 'type': 'mode_t', 'value': 'F_OK'}]",0,0
16583.271014,8538,191,0,systemd-udevd,ubuntu,257,openat,4,6,"[{'name': 'dirfd', 'type': 'int', 'value': -100}, {'name': 'pathname', 'type': 'const char*', 'value': '/'}, {'name': 'flags', 'type': 'int', 'value': 'O_RDONLY|O_DIRECTORY|O_CLOEXEC|O_PATH'}, {'name': 'mode', 'type': 'mode_t', 'value': 915717803}]",0,0
16583.271055,8538,191,0,systemd-udevd,ubuntu,257,openat,4,15,"[{'name': 'dirfd', 'type': 'int', 'value': 6}, {'name': 'pathname', 'type': 'const char*', 'value': 'sys'}, {'name': 'flags', 'type': 'int', 'value': 'O_RDONLY|O_NOFOLLOW|O_CLOEXEC|O_PATH'}, {'name': 'mode', 'type': 'mode_t', 'value': 915718182}]",0,0
16583.271082,8538,191,0,systemd-udevd,ubuntu,5,fstat,2,0,"[{'name': 'fd', 'type': 'int', 'value': 15}, {'name': 'statbuf', 'type': 'struct stat*', 'value': '0x7FFFB85B9710'}]",0,0
16583.271106,8538,191,0,systemd-udevd,ubuntu,3,close,1,0,"[{'name': 'fd', 'type': 'int', 'value': 6}]",0,0
16583.271132,8538,191,0,systemd-udevd,ubuntu,257,openat,4,6,"[{'name': 'dirfd', 'type': 'int', 'value': 15}, {'name': 'pathname', 'type': 'const char*', 'value': 'class'}, {'name': 'flags', 'type': 'int', 'value': 'O_RDONLY|O_NOFOLLOW|O_CLOEXEC|O_PATH'}, {'name': 'mode', 'type': 'mode_t', 'value': 915718182}]",0,0
16583.271156,8538,191,0,systemd-udevd,ubuntu,5,fstat,2,0,"[{'name': 'fd', 'type': 'int', 'value': 6}, {'name': 'statbuf', 'type': 'struct stat*', 'value': '0x7FFFB85B9710'}]",0,0
16583.27118,8538,191,0,systemd-udevd,ubuntu,3,close,1,0,"[{'name': 'fd', 'type': 'int', 'value': 15}]",0,0
16583.271205,8538,191,0,systemd-udevd,ubuntu,257,openat,4,15,"[{'name': 'dirfd', 'type': 'int', 'value': 6}, {'name': 'pathname', 'type': 'const char*', 'value': 'dmi'}, {'name': 'flags', 'type': 'int', 'value': 'O_RDONLY|O_NOFOLLOW|O_CLOEXEC|O_PATH'}, {'name': 'mode', 'type': 'mode_t', 'value': 915718182}]",0,0
16583.271229,8538,191,0,systemd-udevd,ubuntu,5,fstat,2,0,"[{'name': 'fd', 'type': 'int', 'value': 15}, {'name': 'statbuf', 'type': 'struct stat*', 'value': '0x7FFFB85B9710'}]",0,0
16583.271252,8538,191,0,systemd-udevd,ubuntu,3,close,1,0,"[{'name': 'fd', 'type': 'int', 'value': 6}]",0,0
16583.271277,8538,191,0,systemd-udevd,ubuntu,257,openat,4,6,"[{'name': 'dirfd', 'type': 'int', 'value': 15}, {'name': 'pathname', 'type': 'const char*', 'value': 'id'}, {'name': 'flags', 'type': 'int', 'value': 'O_RDONLY|O_NOFOLLOW|O_CLOEXEC|O_PATH'}, {'name': 'mode', 'type': 'mode_t', 'value': 915718182}]",0,0
16583.2713,8538,191,0,systemd-udevd,ubuntu,5,fstat,2,0,"[{'name': 'fd', 'type': 'int', 'value': 6}, {'name': 'statbuf', 'type': 'struct stat*', 'value': '0x7FFFB85B9710'}]",0,0
16583.271332,8538,191,0,systemd-udevd,ubuntu,3,close,1,0,"[{'name': 'fd', 'type': 'int', 'value': 6}]",0,0
16583.271359,8538,191,0,systemd-udevd,ubuntu,257,openat,4,6,"[{'name': 'dirfd', 'type': 'int', 'value': 15}, {'name': 'pathname', 'type': 'const char*', 'value': '..'}, {'name': 'flags', 'type': 'int', 'value': 'O_RDONLY|O_NOFOLLOW|O_CLOEXEC|O_PATH'}, {'name': 'mode', 'type': 'mode_t', 'value': 915718182}]",0,0
16583.271382,8538,191,0,systemd-udevd,ubuntu,3,close,1,0,"[{'name': 'fd', 'type': 'int', 'value': 15}]",0,0
16583.271407,8538,191,0,systemd-udevd,ubuntu,257,openat,4,15,"[{'name': 'dirfd', 'type': 'int', 'value': 6}, {'name': 'pathname', 'type': 'const char*', 'value': '..'}, {'name': 'flags', 'type': 'int', 'value': 'O_RDONLY|O_NOFOLLOW|O_CLOEXEC|O_PATH'}, {'name': 'mode', 'type': 'mode_t', 'value': 915718182}]",0,0
16583.271431,8538,191,0,systemd-udevd,ubuntu,3,close,1,0,"[{'name': 'fd', 'type': 'int', 'value': 6}]",0,0
16583.271456,8538,191,0,systemd-udevd,ubuntu,257,openat,4,6,"[{'name': 'dirfd', 'type': 'int', 'value': 15}, {'name': 'pathname', 'type': 'const char*', 'value': 'devices'}, {'name': 'flags', 'type': 'int', 'value': 'O_RDONLY|O_NOFOLLOW|O_CLOEXEC|O_PATH'}, {'name': 'mode', 'type': 'mode_t', 'value': 915718182}]",0,0
16583.271479,8538,191,0,systemd-udevd,ubuntu,5,fstat,2,0,"[{'name': 'fd', 'type': 'int', 'value': 6}, {'name': 'statbuf', 'type': 'struct stat*', 'value': '0x7FFFB85B9710'}]",0,0
16583.271501,8538,191,0,systemd-udevd,ubuntu,3,close,1,0,"[{'name': 'fd', 'type': 'int', 'value': 15}]",0,0
16583.271526,8538,191,0,systemd-udevd,ubuntu,257,openat,4,15,"[{'name': 'dirfd', 'type': 'int', 'value': 6}, {'name': 'pathname', 'type': 'const char*', 'value': 'virtual'}, {'name': 'flags', 'type': 'int', 'value': 'O_RDONLY|O_NOFOLLOW|O_CLOEXEC|O_PATH'}, {'name': 'mode', 'type': 'mode_t', 'value': 915718182}]",0,0
16583.271549,8538,191,0,systemd-udevd,ubuntu,5,fstat,2,0,"[{'name': 'fd', 'type': 'int', 'value': 15}, {'name': 'statbuf', 'type': 'struct stat*', 'value': '0x7FFFB85B9710'}]",0,0
16583.271571,8538,191,0,systemd-udevd,ubuntu,3,close,1,0,"[{'name': 'fd', 'type': 'int', 'value': 6}]",0,0
16583.271596,8538,191,0,systemd-udevd,ubuntu,257,openat,4,6,"[{'name': 'dirfd', 'type': 'int', 'value': 15}, {'name': 'pathname', 'type': 'const char*', 'value': 'dmi'}, {'name': 'flags', 'type': 'int', 'value': 'O_RDONLY|O_NOFOLLOW|O_CLOEXEC|O_PATH'}, {'name': 'mode', 'type': 'mode_t', 'value': 915718182}]",0,0
16583.27162,8538,191,0,systemd-udevd,ubuntu,5,fstat,2,0,"[{'name': 'fd', 'type': 'int', 'value': 6}, {'name': 'statbuf', 'type': 'struct stat*', 'value': '0x7FFFB85B9710'}]",0,0
16583.271643,8538,191,0,systemd-udevd,ubuntu,3,close,1,0,"[{'name': 'fd', 'type': 'int', 'value': 15}]",0,0
16583.271668,8538,191,0,systemd-udevd,ubuntu,257,openat,4,15,"[{'name': 'dirfd', 'type': 'int', 'value': 6}, {'name': 'pathname', 'type': 'const char*', 'value': 'id'}, {'name': 'flags', 'type': 'int', 'value': 'O_RDONLY|O_NOFOLLOW|O_CLOEXEC|O_PATH'}, {'name': 'mode', 'type': 'mode_t', 'value': 915718182}]",0,0
16583.271692,8538,191,0,systemd-udevd,ubuntu,5,fstat,2,0,"[{'name': 'fd', 'type': 'int', 'value': 15}, {'name': 'statbuf', 'type': 'struct stat*', 'value': '0x7FFFB85B9710'}]",0,0
16583.271715,8538,191,0,systemd-udevd,ubuntu,3,close,1,0,"[{'name': 'fd', 'type': 'int', 'value': 6}]",0,0
16583.271739,8538,191,0,systemd-udevd,ubuntu,3,close,1,0,"[{'name': 'fd', 'type': 'int', 'value': 15}]",0,0
16583.271766,8538,191,0,systemd-udevd,ubuntu,21,access,2,0,"[{'name': 'pathname', 'type': 'const char*', 'value': '/sys/devices/virtual/dmi/id/uevent'}, {'name': 'mode', 'type': 'mode_t', 'value': 'F_OK'}]",0,0
16583.271795,8538,191,0,systemd-udevd,ubuntu,6,lstat,2,0,"[{'name': 'pathname', 'type': 'const char*', 'value': '/sys/devices/virtual/dmi/id/sys_vendor'}, {'name': 'statbuf', 'type': 'struct stat*', 'value': '0x7FFFB85BA820'}]",0,0
16583.271822,8538,191,0,systemd-udevd,ubuntu,1005,security_file_open,4,0,"[{'name': 'pathname', 'type': 'const char*', 'value': '/sys/devices/virtual/dmi/id/sys_vendor'}, {'name': 'flags', 'type': 'int', 'value': 'O_RDONLY|O_LARGEFILE'}, {'name': 'dev', 'type': 'dev_t', 'value': 22}, {'name': 'inode', 'type': 'unsigned long', 'value': 713}]",0,0
16583.271855,8538,191,0,systemd-udevd,ubuntu,257,openat,4,6,"[{'name': 'dirfd', 'type': 'int', 'value': -100}, {'name': 'pathname', 'type': 'const char*', 'value': '/sys/devices/virtual/dmi/id/sys_vendor'}, {'name': 'flags', 'type': 'int', 'value': 'O_RDONLY|O_CLOEXEC'}, {'name': 'mode', 'type': 'mode_t', 'value': 915717803}]",0,0
16583.271878,8538,191,0,systemd-udevd,ubuntu,5,fstat,2,0,"[{'name': 'fd', 'type': 'int', 'value': 6}, {'name': 'statbuf', 'type': 'struct stat*', 'value': '0x7FFFB85BA8B0'}]",0,0
16583.271911,8538,191,0,systemd-udevd,ubuntu,3,close,1,0,"[{'name': 'fd', 'type': 'int', 'value': 6}]",0,0
16583.271944,8538,191,0,systemd-udevd,ubuntu,21,access,2,-2,"[{'name': 'pathname', 'type': 'const char*', 'value': '/sys/subsystem/dmi/devices/id'}, {'name': 'mode', 'type': 'mode_t', 'value': 'F_OK'}]",0,0
16583.27197,8538,191,0,systemd-udevd,ubuntu,21,access,2,-2,"[{'name': 'pathname', 'type': 'const char*', 'value': '/sys/bus/dmi/devices/id'}, {'name': 'mode', 'type': 'mode_t', 'value': 'F_OK'}]",0,0
16583.271998,8538,191,0,systemd-udevd,ubuntu,21,access,2,0,"[{'name': 'pathname', 'type': 'const char*', 'value': '/sys/class/dmi/id'}, {'name': 'mode', 'type': 'mode_t', 'value': 'F_OK'}]",0,0
16583.272024,8538,191,0,systemd-udevd,ubuntu,257,openat,4,6,"[{'name': 'dirfd', 'type': 'int', 'value': -100}, {'name': 'pathname', 'type': 'const char*', 'value': '/'}, {'name': 'flags', 'type': 'int', 'value': 'O_RDONLY|O_DIRECTORY|O_CLOEXEC|O_PATH'}, {'name': 'mode', 'type': 'mode_t', 'value': 915717803}]",0,0
16583.272048,8538,191,0,systemd-udevd,ubuntu,257,openat,4,15,"[{'name': 'dirfd', 'type': 'int', 'value': 6}, {'name': 'pathname', 'type': 'const char*', 'value': 'sys'}, {'name': 'flags', 'type': 'int', 'value': 'O_RDONLY|O_NOFOLLOW|O_CLOEXEC|O_PATH'}, {'name': 'mode', 'type': 'mode_t', 'value': 915718182}]",0,0
16583.272072,8538,191,0,systemd-udevd,ubuntu,5,fstat,2,0,"[{'name': 'fd', 'type': 'int', 'value': 15}, {'name': 'statbuf', 'type': 'struct stat*', 'value': '0x7FFFB85B9710'}]",0,0
16583.272095,8538,191,0,systemd-udevd,ubuntu,3,close,1,0,"[{'name': 'fd', 'type': 'int', 'value': 6}]",0,0
16583.27212,8538,191,0,systemd-udevd,ubuntu,257,openat,4,6,"[{'name': 'dirfd', 'type': 'int', 'value': 15}, {'name': 'pathname', 'type': 'const char*', 'value': 'class'}, {'name': 'flags', 'type': 'int', 'value': 'O_RDONLY|O_NOFOLLOW|O_CLOEXEC|O_PATH'}, {'name': 'mode', 'type': 'mode_t', 'value': 915718182}]",0,0
16583.272144,8538,191,0,systemd-udevd,ubuntu,5,fstat,2,0,"[{'name': 'fd', 'type': 'int', 'value': 6}, {'name': 'statbuf', 'type': 'struct stat*', 'value': '0x7FFFB85B9710'}]",0,0
16583.272167,8538,191,0,systemd-udevd,ubuntu,3,close,1,0,"[{'name': 'fd', 'type': 'int', 'value': 15}]",0,0
16583.272192,8538,191,0,systemd-udevd,ubuntu,257,openat,4,15,"[{'name': 'dirfd', 'type': 'int', 'value': 6}, {'name': 'pathname', 'type': 'const char*', 'value': 'dmi'}, {'name': 'flags', 'type': 'int', 'value': 'O_RDONLY|O_NOFOLLOW|O_CLOEXEC|O_PATH'}, {'name': 'mode', 'type': 'mode_t', 'value': 915718182}]",0,0
16583.272216,8538,191,0,systemd-udevd,ubuntu,5,fstat,2,0,"[{'name': 'fd', 'type': 'int', 'value': 15}, {'name': 'statbuf', 'type': 'struct stat*', 'value': '0x7FFFB85B9710'}]",0,0
16583.272239,8538,191,0,systemd-udevd,ubuntu,3,close,1,0,"[{'name': 'fd', 'type': 'int', 'value': 6}]",0,0
16583.272264,8538,191,0,systemd-udevd,ubuntu,257,openat,4,6,"[{'name': 'dirfd', 'type': 'int', 'value': 15}, {'name': 'pathname', 'type': 'const char*', 'value': 'id'}, {'name': 'flags', 'type': 'int', 'value': 'O_RDONLY|O_NOFOLLOW|O_CLOEXEC|O_PATH'}, {'name': 'mode', 'type': 'mode_t', 'value': 915718182}]",0,0
16583.272287,8538,191,0,systemd-udevd,ubuntu,5,fstat,2,0,"[{'name': 'fd', 'type': 'int', 'value': 6}, {'name': 'statbuf', 'type': 'struct stat*', 'value': '0x7FFFB85B9710'}]",0,0
16583.272318,8538,191,0,systemd-udevd,ubuntu,3,close,1,0,"[{'name': 'fd', 'type': 'int', 'value': 6}]",0,0
16583.272343,8538,191,0,systemd-udevd,ubuntu,257,openat,4,6,"[{'name': 'dirfd', 'type': 'int', 'value': 15}, {'name': 'pathname', 'type': 'const char*', 'value': '..'}, {'name': 'flags', 'type': 'int', 'value': 'O_RDONLY|O_NOFOLLOW|O_CLOEXEC|O_PATH'}, {'name': 'mode', 'type': 'mode_t', 'value': 915718182}]",0,0
16583.272367,8538,191,0,systemd-udevd,ubuntu,3,close,1,0,"[{'name': 'fd', 'type': 'int', 'value': 15}]",0,0
16583.272392,8538,191,0,systemd-udevd,ubuntu,257,openat,4,15,"[{'name': 'dirfd', 'type': 'int', 'value': 6}, {'name': 'pathname', 'type': 'const char*', 'value': '..'}, {'name': 'flags', 'type': 'int', 'value': 'O_RDONLY|O_NOFOLLOW|O_CLOEXEC|O_PATH'}, {'name': 'mode', 'type': 'mode_t', 'value': 915718182}]",0,0
16583.272415,8538,191,0,systemd-udevd,ubuntu,3,close,1,0,"[{'name': 'fd', 'type': 'int', 'value': 6}]",0,0
16583.27244,8538,191,0,systemd-udevd,ubuntu,257,openat,4,6,"[{'name': 'dirfd', 'type': 'int', 'value': 15}, {'name': 'pathname', 'type': 'const char*', 'value': 'devices'}, {'name': 'flags', 'type': 'int', 'value': 'O_RDONLY|O_NOFOLLOW|O_CLOEXEC|O_PATH'}, {'name': 'mode', 'type': 'mode_t', 'value': 915718182}]",0,0
16583.272463,8538,191,0,systemd-udevd,ubuntu,5,fstat,2,0,"[{'name': 'fd', 'type': 'int', 'value': 6}, {'name': 'statbuf', 'type': 'struct stat*', 'value': '0x7FFFB85B9710'}]",0,0
16583.272485,8538,191,0,systemd-udevd,ubuntu,3,close,1,0,"[{'name': 'fd', 'type': 'int', 'value': 15}]",0,0
16583.27251,8538,191,0,systemd-udevd,ubuntu,257,openat,4,15,"[{'name': 'dirfd', 'type': 'int', 'value': 6}, {'name': 'pathname', 'type': 'const char*', 'value': 'virtual'}, {'name': 'flags', 'type': 'int', 'value': 'O_RDONLY|O_NOFOLLOW|O_CLOEXEC|O_PATH'}, {'name': 'mode', 'type': 'mode_t', 'value': 915718182}]",0,0
16583.272533,8538,191,0,systemd-udevd,ubuntu,5,fstat,2,0,"[{'name': 'fd', 'type': 'int', 'value': 15}, {'name': 'statbuf', 'type': 'struct stat*', 'value': '0x7FFFB85B9710'}]",0,0
16583.272555,8538,191,0,systemd-udevd,ubuntu,3,close,1,0,"[{'name': 'fd', 'type': 'int', 'value': 6}]",0,0
16583.27258,8538,191,0,systemd-udevd,ubuntu,257,openat,4,6,"[{'name': 'dirfd', 'type': 'int', 'value': 15}, {'name': 'pathname', 'type': 'const char*', 'value': 'dmi'}, {'name': 'flags', 'type': 'int', 'value': 'O_RDONLY|O_NOFOLLOW|O_CLOEXEC|O_PATH'}, {'name': 'mode', 'type': 'mode_t', 'value': 915718182}]",0,0
16583.272604,8538,191,0,systemd-udevd,ubuntu,5,fstat,2,0,"[{'name': 'fd', 'type': 'int', 'value': 6}, {'name': 'statbuf', 'type': 'struct stat*', 'value': '0x7FFFB85B9710'}]",0,0
16583.272627,8538,191,0,systemd-udevd,ubuntu,3,close,1,0,"[{'name': 'fd', 'type': 'int', 'value': 15}]",0,0
16583.272652,8538,191,0,systemd-udevd,ubuntu,257,openat,4,15,"[{'name': 'dirfd', 'type': 'int', 'value': 6}, {'name': 'pathname', 'type': 'const char*', 'value': 'id'}, {'name': 'flags', 'type': 'int', 'value': 'O_RDONLY|O_NOFOLLOW|O_CLOEXEC|O_PATH'}, {'name': 'mode', 'type': 'mode_t', 'value': 915718182}]",0,0
16583.272675,8538,191,0,systemd-udevd,ubuntu,5,fstat,2,0,"[{'name': 'fd', 'type': 'int', 'value': 15}, {'name': 'statbuf', 'type': 'struct stat*', 'value': '0x7FFFB85B9710'}]",0,0
16583.272699,8538,191,0,systemd-udevd,ubuntu,3,close,1,0,"[{'name': 'fd', 'type': 'int', 'value': 6}]",0,0
16583.272722,8538,191,0,systemd-udevd,ubuntu,3,close,1,0,"[{'name': 'fd', 'type': 'int', 'value': 15}]",0,0
16583.272748,8538,191,0,systemd-udevd,ubuntu,21,access,2,0,"[{'name': 'pathname', 'type': 'const char*', 'value': '/sys/devices/virtual/dmi/id/uevent'}, {'name': 'mode', 'type': 'mode_t', 'value': 'F_OK'}]",0,0
16583.272775,8538,191,0,systemd-udevd,ubuntu,6,lstat,2,0,"[{'name': 'pathname', 'type': 'const char*', 'value': '/sys/devices/virtual/dmi/id/sys_vendor'}, {'name': 'statbuf', 'type': 'struct stat*', 'value': '0x7FFFB85BA820'}]",0,0
16583.2728,8538,191,0,systemd-udevd,ubuntu,1005,security_file_open,4,0,"[{'name': 'pathname', 'type': 'const char*', 'value': '/sys/devices/virtual/dmi/id/sys_vendor'}, {'name': 'flags', 'type': 'int', 'value': 'O_RDONLY|O_LARGEFILE'}, {'name': 'dev', 'type': 'dev_t', 'value': 22}, {'name': 'inode', 'type': 'unsigned long', 'value': 713}]",0,0
16583.272828,8538,191,0,systemd-udevd,ubuntu,257,openat,4,6,"[{'name': 'dirfd', 'type': 'int', 'value': -100}, {'name': 'pathname', 'type': 'const char*', 'value': '/sys/devices/virtual/dmi/id/sys_vendor'}, {'name': 'flags', 'type': 'int', 'value': 'O_RDONLY|O_CLOEXEC'}, {'name': 'mode', 'type': 'mode_t', 'value': 915717803}]",0,0
16583.272854,8538,191,0,systemd-udevd,ubuntu,5,fstat,2,0,"[{'name': 'fd', 'type': 'int', 'value': 6}, {'name': 'statbuf', 'type': 'struct stat*', 'value': '0x7FFFB85BA8B0'}]",0,0
16583.272884,8538,191,0,systemd-udevd,ubuntu,3,close,1,0,"[{'name': 'fd', 'type': 'int', 'value': 6}]",0,0
16583.272968,8538,191,0,systemd-udevd,ubuntu,1003,cap_capable,1,0,"[{'name': 'cap', 'type': 'int', 'value': 'CAP_NET_ADMIN'}]",0,0
16583.283748,8541,191,0,systemd-udevd,ubuntu,87,unlink,1,-2,"[{'name': 'pathname', 'type': 'const char*', 'value': '/run/udev/data/+cgroup:files_cache(1842:packagekit.service)'}]",0,0
16583.283794,8541,191,0,systemd-udevd,ubuntu,21,access,2,-2,"[{'name': 'pathname', 'type': 'const char*', 'value': '/sys/subsystem/dmi/devices/id'}, {'name': 'mode', 'type': 'mode_t', 'value': 'F_OK'}]",0,0
16583.283823,8541,191,0,systemd-udevd,ubuntu,21,access,2,-2,"[{'name': 'pathname', 'type': 'const char*', 'value': '/sys/bus/dmi/devices/id'}, {'name': 'mode', 'type': 'mode_t', 'value': 'F_OK'}]",0,0
16583.283854,8541,191,0,systemd-udevd,ubuntu,21,access,2,0,"[{'name': 'pathname', 'type': 'const char*', 'value': '/sys/class/dmi/id'}, {'name': 'mode', 'type': 'mode_t', 'value': 'F_OK'}]",0,0
16583.283882,8541,191,0,systemd-udevd,ubuntu,257,openat,4,6,"[{'name': 'dirfd', 'type': 'int', 'value': -100}, {'name': 'pathname', 'type': 'const char*', 'value': '/'}, {'name': 'flags', 'type': 'int', 'value': 'O_RDONLY|O_DIRECTORY|O_CLOEXEC|O_PATH'}, {'name': 'mode', 'type': 'mode_t', 'value': 915717803}]",0,0
16583.283908,8541,191,0,systemd-udevd,ubuntu,257,openat,4,15,"[{'name': 'dirfd', 'type': 'int', 'value': 6}, {'name': 'pathname', 'type': 'const char*', 'value': 'sys'}, {'name': 'flags', 'type': 'int', 'value': 'O_RDONLY|O_NOFOLLOW|O_CLOEXEC|O_PATH'}, {'name': 'mode', 'type': 'mode_t', 'value': 915718182}]",0,0
16583.283933,8541,191,0,systemd-udevd,ubuntu,5,fstat,2,0,"[{'name': 'fd', 'type': 'int', 'value': 15}, {'name': 'statbuf', 'type': 'struct stat*', 'value': '0x7FFFB85B9710'}]",0,0
16583.283957,8541,191,0,systemd-udevd,ubuntu,3,close,1,0,"[{'name': 'fd', 'type': 'int', 'value': 6}]",0,0
16583.283983,8541,191,0,systemd-udevd,ubuntu,257,openat,4,6,"[{'name': 'dirfd', 'type': 'int', 'value': 15}, {'name': 'pathname', 'type': 'const char*', 'value': 'class'}, {'name': 'flags', 'type': 'int', 'value': 'O_RDONLY|O_NOFOLLOW|O_CLOEXEC|O_PATH'}, {'name': 'mode', 'type': 'mode_t', 'value': 915718182}]",0,0
16583.284007,8541,191,0,systemd-udevd,ubuntu,5,fstat,2,0,"[{'name': 'fd', 'type': 'int', 'value': 6}, {'name': 'statbuf', 'type': 'struct stat*', 'value': '0x7FFFB85B9710'}]",0,0
16583.28403,8541,191,0,systemd-udevd,ubuntu,3,close,1,0,"[{'name': 'fd', 'type': 'int', 'value': 15}]",0,0
16583.284055,8541,191,0,systemd-udevd,ubuntu,257,openat,4,15,"[{'name': 'dirfd', 'type': 'int', 'value': 6}, {'name': 'pathname', 'type': 'const char*', 'value': 'dmi'}, {'name': 'flags', 'type': 'int', 'value': 'O_RDONLY|O_NOFOLLOW|O_CLOEXEC|O_PATH'}, {'name': 'mode', 'type': 'mode_t', 'value': 915718182}]",0,0
16583.284078,8541,191,0,systemd-udevd,ubuntu,5,fstat,2,0,"[{'name': 'fd', 'type': 'int', 'value': 15}, {'name': 'statbuf', 'type': 'struct stat*', 'value': '0x7FFFB85B9710'}]",0,0
16583.284101,8541,191,0,systemd-udevd,ubuntu,3,close,1,0,"[{'name': 'fd', 'type': 'int', 'value': 6}]",0,0
16583.284126,8541,191,0,systemd-udevd,ubuntu,257,openat,4,6,"[{'name': 'dirfd', 'type': 'int', 'value': 15}, {'name': 'pathname', 'type': 'const char*', 'value': 'id'}, {'name': 'flags', 'type': 'int', 'value': 'O_RDONLY|O_NOFOLLOW|O_CLOEXEC|O_PATH'}, {'name': 'mode', 'type': 'mode_t', 'value': 915718182}]",0,0
16583.28415,8541,191,0,systemd-udevd,ubuntu,5,fstat,2,0,"[{'name': 'fd', 'type': 'int', 'value': 6}, {'name': 'statbuf', 'type': 'struct stat*', 'value': '0x7FFFB85B9710'}]",0,0
16583.284182,8541,191,0,systemd-udevd,ubuntu,3,close,1,0,"[{'name': 'fd', 'type': 'int', 'value': 6}]",0,0
16583.284208,8541,191,0,systemd-udevd,ubuntu,257,openat,4,6,"[{'name': 'dirfd', 'type': 'int', 'value': 15}, {'name': 'pathname', 'type': 'const char*', 'value': '..'}, {'name': 'flags', 'type': 'int', 'value': 'O_RDONLY|O_NOFOLLOW|O_CLOEXEC|O_PATH'}, {'name': 'mode', 'type': 'mode_t', 'value': 915718182}]",0,0
16583.284256,8541,191,0,systemd-udevd,ubuntu,3,close,1,0,"[{'name': 'fd', 'type': 'int', 'value': 15}]",0,0
16583.284291,8541,191,0,systemd-udevd,ubuntu,257,openat,4,15,"[{'name': 'dirfd', 'type': 'int', 'value': 6}, {'name': 'pathname', 'type': 'const char*', 'value': '..'}, {'name': 'flags', 'type': 'int', 'value': 'O_RDONLY|O_NOFOLLOW|O_CLOEXEC|O_PATH'}, {'name': 'mode', 'type': 'mode_t', 'value': 915718182}]",0,0
16583.284318,8541,191,0,systemd-udevd,ubuntu,3,close,1,0,"[{'name': 'fd', 'type': 'int', 'value': 6}]",0,0
16583.284347,8541,191,0,systemd-udevd,ubuntu,257,openat,4,6,"[{'name': 'dirfd', 'type': 'int', 'value': 15}, {'name': 'pathname', 'type': 'const char*', 'value': 'devices'}, {'name': 'flags', 'type': 'int', 'value': 'O_RDONLY|O_NOFOLLOW|O_CLOEXEC|O_PATH'}, {'name': 'mode', 'type': 'mode_t', 'value': 915718182}]",0,0
16583.28437,8541,191,0,systemd-udevd,ubuntu,5,fstat,2,0,"[{'name': 'fd', 'type': 'int', 'value': 6}, {'name': 'statbuf', 'type': 'struct stat*', 'value': '0x7FFFB85B9710'}]",0,0
16583.284393,8541,191,0,systemd-udevd,ubuntu,3,close,1,0,"[{'name': 'fd', 'type': 'int', 'value': 15}]",0,0
16583.284418,8541,191,0,systemd-udevd,ubuntu,257,openat,4,15,"[{'name': 'dirfd', 'type': 'int', 'value': 6}, {'name': 'pathname', 'type': 'const char*', 'value': 'virtual'}, {'name': 'flags', 'type': 'int', 'value': 'O_RDONLY|O_NOFOLLOW|O_CLOEXEC|O_PATH'}, {'name': 'mode', 'type': 'mode_t', 'value': 915718182}]",0,0
16583.284441,8541,191,0,systemd-udevd,ubuntu,5,fstat,2,0,"[{'name': 'fd', 'type': 'int', 'value': 15}, {'name': 'statbuf', 'type': 'struct stat*', 'value': '0x7FFFB85B9710'}]",0,0
16583.284464,8541,191,0,systemd-udevd,ubuntu,3,close,1,0,"[{'name': 'fd', 'type': 'int', 'value': 6}]",0,0
16583.284489,8541,191,0,systemd-udevd,ubuntu,257,openat,4,6,"[{'name': 'dirfd', 'type': 'int', 'value': 15}, {'name': 'pathname', 'type': 'const char*', 'value': 'dmi'}, {'name': 'flags', 'type': 'int', 'value': 'O_RDONLY|O_NOFOLLOW|O_CLOEXEC|O_PATH'}, {'name': 'mode', 'type': 'mode_t', 'value': 915718182}]",0,0
16583.284512,8541,191,0,systemd-udevd,ubuntu,5,fstat,2,0,"[{'name': 'fd', 'type': 'int', 'value': 6}, {'name': 'statbuf', 'type': 'struct stat*', 'value': '0x7FFFB85B9710'}]",0,0
16583.284535,8541,191,0,systemd-udevd,ubuntu,3,close,1,0,"[{'name': 'fd', 'type': 'int', 'value': 15}]",0,0
16583.28456,8541,191,0,systemd-udevd,ubuntu,257,openat,4,15,"[{'name': 'dirfd', 'type': 'int', 'value': 6}, {'name': 'pathname', 'type': 'const char*', 'value': 'id'}, {'name': 'flags', 'type': 'int', 'value': 'O_RDONLY|O_NOFOLLOW|O_CLOEXEC|O_PATH'}, {'name': 'mode', 'type': 'mode_t', 'value': 915718182}]",0,0
16583.284583,8541,191,0,systemd-udevd,ubuntu,5,fstat,2,0,"[{'name': 'fd', 'type': 'int', 'value': 15}, {'name': 'statbuf', 'type': 'struct stat*', 'value': '0x7FFFB85B9710'}]",0,0
16583.284606,8541,191,0,systemd-udevd,ubuntu,3,close,1,0,"[{'name': 'fd', 'type': 'int', 'value': 6}]",0,0
16583.284641,8541,191,0,systemd-udevd,ubuntu,3,close,1,0,"[{'name': 'fd', 'type': 'int', 'value': 15}]",0,0
16583.284672,8541,191,0,systemd-udevd,ubuntu,21,access,2,0,"[{'name': 'pathname', 'type': 'const char*', 'value': '/sys/devices/virtual/dmi/id/uevent'}, {'name': 'mode', 'type': 'mode_t', 'value': 'F_OK'}]",0,0
16583.284702,8541,191,0,systemd-udevd,ubuntu,6,lstat,2,0,"[{'name': 'pathname', 'type': 'const char*', 'value': '/sys/devices/virtual/dmi/id/sys_vendor'}, {'name': 'statbuf', 'type': 'struct stat*', 'value': '0x7FFFB85BA820'}]",0,0
16583.284729,8541,191,0,systemd-udevd,ubuntu,1005,security_file_open,4,0,"[{'name': 'pathname', 'type': 'const char*', 'value': '/sys/devices/virtual/dmi/id/sys_vendor'}, {'name': 'flags', 'type': 'int', 'value': 'O_RDONLY|O_LARGEFILE'}, {'name': 'dev', 'type': 'dev_t', 'value': 22}, {'name': 'inode', 'type': 'unsigned long', 'value': 713}]",0,0
16583.284759,8541,191,0,systemd-udevd,ubuntu,257,openat,4,6,"[{'name': 'dirfd', 'type': 'int', 'value': -100}, {'name': 'pathname', 'type': 'const char*', 'value': '/sys/devices/virtual/dmi/id/sys_vendor'}, {'name': 'flags', 'type': 'int', 'value': 'O_RDONLY|O_CLOEXEC'}, {'name': 'mode', 'type': 'mode_t', 'value': 915717803}]",0,0
16583.284783,8541,191,0,systemd-udevd,ubuntu,5,fstat,2,0,"[{'name': 'fd', 'type': 'int', 'value': 6}, {'name': 'statbuf', 'type': 'struct stat*', 'value': '0x7FFFB85BA8B0'}]",0,0
16583.284815,8541,191,0,systemd-udevd,ubuntu,3,close,1,0,"[{'name': 'fd', 'type': 'int', 'value': 6}]",0,0
16583.284848,8541,191,0,systemd-udevd,ubuntu,21,access,2,-2,"[{'name': 'pathname', 'type': 'const char*', 'value': '/sys/subsystem/dmi/devices/id'}, {'name': 'mode', 'type': 'mode_t', 'value': 'F_OK'}]",0,0
16583.284875,8541,191,0,systemd-udevd,ubuntu,21,access,2,-2,"[{'name': 'pathname', 'type': 'const char*', 'value': '/sys/bus/dmi/devices/id'}, {'name': 'mode', 'type': 'mode_t', 'value': 'F_OK'}]",0,0
16583.284902,8541,191,0,systemd-udevd,ubuntu,21,access,2,0,"[{'name': 'pathname', 'type': 'const char*', 'value': '/sys/class/dmi/id'}, {'name': 'mode', 'type': 'mode_t', 'value': 'F_OK'}]",0,0
16583.284928,8541,191,0,systemd-udevd,ubuntu,257,openat,4,6,"[{'name': 'dirfd', 'type': 'int', 'value': -100}, {'name': 'pathname', 'type': 'const char*', 'value': '/'}, {'name': 'flags', 'type': 'int', 'value': 'O_RDONLY|O_DIRECTORY|O_CLOEXEC|O_PATH'}, {'name': 'mode', 'type': 'mode_t', 'value': 915717803}]",0,0
16583.284953,8541,191,0,systemd-udevd,ubuntu,257,openat,4,15,"[{'name': 'dirfd', 'type': 'int', 'value': 6}, {'name': 'pathname', 'type': 'const char*', 'value': 'sys'}, {'name': 'flags', 'type': 'int', 'value': 'O_RDONLY|O_NOFOLLOW|O_CLOEXEC|O_PATH'}, {'name': 'mode', 'type': 'mode_t', 'value': 915718182}]",0,0
16583.284979,8541,191,0,systemd-udevd,ubuntu,5,fstat,2,0,"[{'name': 'fd', 'type': 'int', 'value': 15}, {'name': 'statbuf', 'type': 'struct stat*', 'value': '0x7FFFB85B9710'}]",0,0
16583.285002,8541,191,0,systemd-udevd,ubuntu,3,close,1,0,"[{'name': 'fd', 'type': 'int', 'value': 6}]",0,0
16583.285027,8541,191,0,systemd-udevd,ubuntu,257,openat,4,6,"[{'name': 'dirfd', 'type': 'int', 'value': 15}, {'name': 'pathname', 'type': 'const char*', 'value': 'class'}, {'name': 'flags', 'type': 'int', 'value': 'O_RDONLY|O_NOFOLLOW|O_CLOEXEC|O_PATH'}, {'name': 'mode', 'type': 'mode_t', 'value': 915718182}]",0,0
16583.285051,8541,191,0,systemd-udevd,ubuntu,5,fstat,2,0,"[{'name': 'fd', 'type': 'int', 'value': 6}, {'name': 'statbuf', 'type': 'struct stat*', 'value': '0x7FFFB85B9710'}]",0,0
16583.285074,8541,191,0,systemd-udevd,ubuntu,3,close,1,0,"[{'name': 'fd', 'type': 'int', 'value': 15}]",0,0
16583.285098,8541,191,0,systemd-udevd,ubuntu,257,openat,4,15,"[{'name': 'dirfd', 'type': 'int', 'value': 6}, {'name': 'pathname', 'type': 'const char*', 'value': 'dmi'}, {'name': 'flags', 'type': 'int', 'value': 'O_RDONLY|O_NOFOLLOW|O_CLOEXEC|O_PATH'}, {'name': 'mode', 'type': 'mode_t', 'value': 915718182}]",0,0
16583.285122,8541,191,0,systemd-udevd,ubuntu,5,fstat,2,0,"[{'name': 'fd', 'type': 'int', 'value': 15}, {'name': 'statbuf', 'type': 'struct stat*', 'value': '0x7FFFB85B9710'}]",0,0
16583.285144,8541,191,0,systemd-udevd,ubuntu,3,close,1,0,"[{'name': 'fd', 'type': 'int', 'value': 6}]",0,0
16583.285169,8541,191,0,systemd-udevd,ubuntu,257,openat,4,6,"[{'name': 'dirfd', 'type': 'int', 'value': 15}, {'name': 'pathname', 'type': 'const char*', 'value': 'id'}, {'name': 'flags', 'type': 'int', 'value': 'O_RDONLY|O_NOFOLLOW|O_CLOEXEC|O_PATH'}, {'name': 'mode', 'type': 'mode_t', 'value': 915718182}]",0,0
16583.285193,8541,191,0,systemd-udevd,ubuntu,5,fstat,2,0,"[{'name': 'fd', 'type': 'int', 'value': 6}, {'name': 'statbuf', 'type': 'struct stat*', 'value': '0x7FFFB85B9710'}]",0,0
16583.285223,8541,191,0,systemd-udevd,ubuntu,3,close,1,0,"[{'name': 'fd', 'type': 'int', 'value': 6}]",0,0
16583.285249,8541,191,0,systemd-udevd,ubuntu,257,openat,4,6,"[{'name': 'dirfd', 'type': 'int', 'value': 15}, {'name': 'pathname', 'type': 'const char*', 'value': '..'}, {'name': 'flags', 'type': 'int', 'value': 'O_RDONLY|O_NOFOLLOW|O_CLOEXEC|O_PATH'}, {'name': 'mode', 'type': 'mode_t', 'value': 915718182}]",0,0
16583.285272,8541,191,0,systemd-udevd,ubuntu,3,close,1,0,"[{'name': 'fd', 'type': 'int', 'value': 15}]",0,0
16583.285297,8541,191,0,systemd-udevd,ubuntu,257,openat,4,15,"[{'name': 'dirfd', 'type': 'int', 'value': 6}, {'name': 'pathname', 'type': 'const char*', 'value': '..'}, {'name': 'flags', 'type': 'int', 'value': 'O_RDONLY|O_NOFOLLOW|O_CLOEXEC|O_PATH'}, {'name': 'mode', 'type': 'mode_t', 'value': 915718182}]",0,0
16583.28532,8541,191,0,systemd-udevd,ubuntu,3,close,1,0,"[{'name': 'fd', 'type': 'int', 'value': 6}]",0,0
16583.285345,8541,191,0,systemd-udevd,ubuntu,257,openat,4,6,"[{'name': 'dirfd', 'type': 'int', 'value': 15}, {'name': 'pathname', 'type': 'const char*', 'value': 'devices'}, {'name': 'flags', 'type': 'int', 'value': 'O_RDONLY|O_NOFOLLOW|O_CLOEXEC|O_PATH'}, {'name': 'mode', 'type': 'mode_t', 'value': 915718182}]",0,0
16583.285368,8541,191,0,systemd-udevd,ubuntu,5,fstat,2,0,"[{'name': 'fd', 'type': 'int', 'value': 6}, {'name': 'statbuf', 'type': 'struct stat*', 'value': '0x7FFFB85B9710'}]",0,0
16583.28539,8541,191,0,systemd-udevd,ubuntu,3,close,1,0,"[{'name': 'fd', 'type': 'int', 'value': 15}]",0,0
16583.285438,8541,191,0,systemd-udevd,ubuntu,5,fstat,2,0,"[{'name': 'fd', 'type': 'int', 'value': 15}, {'name': 'statbuf', 'type': 'struct stat*', 'value': '0x7FFFB85B9710'}]",0,0
16583.285415,8541,191,0,systemd-udevd,ubuntu,257,openat,4,15,"[{'name': 'dirfd', 'type': 'int', 'value': 6}, {'name': 'pathname', 'type': 'const char*', 'value': 'virtual'}, {'name': 'flags', 'type': 'int', 'value': 'O_RDONLY|O_NOFOLLOW|O_CLOEXEC|O_PATH'}, {'name': 'mode', 'type': 'mode_t', 'value': 915718182}]",0,0
16583.28546,8541,191,0,systemd-udevd,ubuntu,3,close,1,0,"[{'name': 'fd', 'type': 'int', 'value': 6}]",0,0
16583.285485,8541,191,0,systemd-udevd,ubuntu,257,openat,4,6,"[{'name': 'dirfd', 'type': 'int', 'value': 15}, {'name': 'pathname', 'type': 'const char*', 'value': 'dmi'}, {'name': 'flags', 'type': 'int', 'value': 'O_RDONLY|O_NOFOLLOW|O_CLOEXEC|O_PATH'}, {'name': 'mode', 'type': 'mode_t', 'value': 915718182}]",0,0
16583.285508,8541,191,0,systemd-udevd,ubuntu,5,fstat,2,0,"[{'name': 'fd', 'type': 'int', 'value': 6}, {'name': 'statbuf', 'type': 'struct stat*', 'value': '0x7FFFB85B9710'}]",0,0
16583.285531,8541,191,0,systemd-udevd,ubuntu,3,close,1,0,"[{'name': 'fd', 'type': 'int', 'value': 15}]",0,0
16583.285556,8541,191,0,systemd-udevd,ubuntu,257,openat,4,15,"[{'name': 'dirfd', 'type': 'int', 'value': 6}, {'name': 'pathname', 'type': 'const char*', 'value': 'id'}, {'name': 'flags', 'type': 'int', 'value': 'O_RDONLY|O_NOFOLLOW|O_CLOEXEC|O_PATH'}, {'name': 'mode', 'type': 'mode_t', 'value': 915718182}]",0,0
16583.285579,8541,191,0,systemd-udevd,ubuntu,5,fstat,2,0,"[{'name': 'fd', 'type': 'int', 'value': 15}, {'name': 'statbuf', 'type': 'struct stat*', 'value': '0x7FFFB85B9710'}]",0,0
16583.285602,8541,191,0,systemd-udevd,ubuntu,3,close,1,0,"[{'name': 'fd', 'type': 'int', 'value': 6}]",0,0
16583.285626,8541,191,0,systemd-udevd,ubuntu,3,close,1,0,"[{'name': 'fd', 'type': 'int', 'value': 15}]",0,0
16583.285652,8541,191,0,systemd-udevd,ubuntu,21,access,2,0,"[{'name': 'pathname', 'type': 'const char*', 'value': '/sys/devices/virtual/dmi/id/uevent'}, {'name': 'mode', 'type': 'mode_t', 'value': 'F_OK'}]",0,0
16583.285678,8541,191,0,systemd-udevd,ubuntu,6,lstat,2,0,"[{'name': 'pathname', 'type': 'const char*', 'value': '/sys/devices/virtual/dmi/id/sys_vendor'}, {'name': 'statbuf', 'type': 'struct stat*', 'value': '0x7FFFB85BA820'}]",0,0
16583.285703,8541,191,0,systemd-udevd,ubuntu,1005,security_file_open,4,0,"[{'name': 'pathname', 'type': 'const char*', 'value': '/sys/devices/virtual/dmi/id/sys_vendor'}, {'name': 'flags', 'type': 'int', 'value': 'O_RDONLY|O_LARGEFILE'}, {'name': 'dev', 'type': 'dev_t', 'value': 22}, {'name': 'inode', 'type': 'unsigned long', 'value': 713}]",0,0
16583.285734,8541,191,0,systemd-udevd,ubuntu,257,openat,4,6,"[{'name': 'dirfd', 'type': 'int', 'value': -100}, {'name': 'pathname', 'type': 'const char*', 'value': '/sys/devices/virtual/dmi/id/sys_vendor'}, {'name': 'flags', 'type': 'int', 'value': 'O_RDONLY|O_CLOEXEC'}, {'name': 'mode', 'type': 'mode_t', 'value': 915717803}]",0,0
16583.285757,8541,191,0,systemd-udevd,ubuntu,5,fstat,2,0,"[{'name': 'fd', 'type': 'int', 'value': 6}, {'name': 'statbuf', 'type': 'struct stat*', 'value': '0x7FFFB85BA8B0'}]",0,0
16583.285787,8541,191,0,systemd-udevd,ubuntu,3,close,1,0,"[{'name': 'fd', 'type': 'int', 'value': 6}]",0,0
16583.285861,8541,191,0,systemd-udevd,ubuntu,1003,cap_capable,1,0,"[{'name': 'cap', 'type': 'int', 'value': 'CAP_NET_ADMIN'}]",0,0
16583.300981,8542,191,0,systemd-udevd,ubuntu,1003,cap_capable,1,0,"[{'name': 'cap', 'type': 'int', 'value': 'CAP_NET_ADMIN'}]",0,0
16583.302205,8545,191,0,systemd-udevd,ubuntu,157,prctl,5,0,"[{'name': 'option', 'type': 'int', 'value': 'PR_SET_PDEATHSIG'}, {'name': 'arg2', 'type': 'unsigned long', 'value': 15}, {'name': 'arg3', 'type': 'unsigned long', 'value': 1}, {'name': 'arg4', 'type': 'unsigned long', 'value': 140377626893982}, {'name': 'arg5', 'type': 'unsigned long', 'value': 0}]",0,0
16583.303315,8545,191,0,systemd-udevd,ubuntu,1005,security_file_open,4,0,"[{'name': 'pathname', 'type': 'const char*', 'value': '/proc/8545/oom_score_adj'}, {'name': 'flags', 'type': 'int', 'value': 'O_WRONLY|O_NOCTTY|O_LARGEFILE'}, {'name': 'dev', 'type': 'dev_t', 'value': 5}, {'name': 'inode', 'type': 'unsigned long', 'value': 118933}]",0,0
16583.30335,8545,191,0,systemd-udevd,ubuntu,257,openat,4,15,"[{'name': 'dirfd', 'type': 'int', 'value': -100}, {'name': 'pathname', 'type': 'const char*', 'value': '/proc/self/oom_score_adj'}, {'name': 'flags', 'type': 'int', 'value': 'O_WRONLY|O_NOCTTY|O_CLOEXEC'}, {'name': 'mode', 'type': 'mode_t', 'value': 915717803}]",0,0
16583.303452,8545,191,0,systemd-udevd,ubuntu,3,close,1,0,"[{'name': 'fd', 'type': 'int', 'value': 15}]",0,0
16583.303627,8545,191,0,systemd-udevd,ubuntu,3,close,1,0,"[{'name': 'fd', 'type': 'int', 'value': 4}]",0,0
16583.303653,8545,191,0,systemd-udevd,ubuntu,3,close,1,0,"[{'name': 'fd', 'type': 'int', 'value': 3}]",0,0
16583.30368,8545,191,0,systemd-udevd,ubuntu,3,close,1,0,"[{'name': 'fd', 'type': 'int', 'value': 6}]",0,0
16583.303793,8545,191,0,systemd-udevd,ubuntu,257,openat,4,-2,"[{'name': 'dirfd', 'type': 'int', 'value': -100}, {'name': 'pathname', 'type': 'const char*', 'value': '/run/udev/data/+cgroup:inode_cache(1842:packagekit.service)'}, {'name': 'flags', 'type': 'int', 'value': 'O_RDONLY|O_CLOEXEC'}, {'name': 'mode', 'type': 'mode_t', 'value': 915717803}]",0,0
16583.303824,8545,191,0,systemd-udevd,ubuntu,87,unlink,1,-2,"[{'name': 'pathname', 'type': 'const char*', 'value': '/run/udev/data/+cgroup:inode_cache(1842:packagekit.service)'}]",0,0
16583.303879,8545,191,0,systemd-udevd,ubuntu,21,access,2,-2,"[{'name': 'pathname', 'type': 'const char*', 'value': '/sys/subsystem/dmi/devices/id'}, {'name': 'mode', 'type': 'mode_t', 'value': 'F_OK'}]",0,0
16583.303907,8545,191,0,systemd-udevd,ubuntu,21,access,2,-2,"[{'name': 'pathname', 'type': 'const char*', 'value': '/sys/bus/dmi/devices/id'}, {'name': 'mode', 'type': 'mode_t', 'value': 'F_OK'}]",0,0
16583.303937,8545,191,0,systemd-udevd,ubuntu,21,access,2,0,"[{'name': 'pathname', 'type': 'const char*', 'value': '/sys/class/dmi/id'}, {'name': 'mode', 'type': 'mode_t', 'value': 'F_OK'}]",0,0
16583.303964,8545,191,0,systemd-udevd,ubuntu,257,openat,4,6,"[{'name': 'dirfd', 'type': 'int', 'value': -100}, {'name': 'pathname', 'type': 'const char*', 'value': '/'}, {'name': 'flags', 'type': 'int', 'value': 'O_RDONLY|O_DIRECTORY|O_CLOEXEC|O_PATH'}, {'name': 'mode', 'type': 'mode_t', 'value': 915717803}]",0,0
16583.303989,8545,191,0,systemd-udevd,ubuntu,257,openat,4,15,"[{'name': 'dirfd', 'type': 'int', 'value': 6}, {'name': 'pathname', 'type': 'const char*', 'value': 'sys'}, {'name': 'flags', 'type': 'int', 'value': 'O_RDONLY|O_NOFOLLOW|O_CLOEXEC|O_PATH'}, {'name': 'mode', 'type': 'mode_t', 'value': 915718182}]",0,0
16583.304013,8545,191,0,systemd-udevd,ubuntu,5,fstat,2,0,"[{'name': 'fd', 'type': 'int', 'value': 15}, {'name': 'statbuf', 'type': 'struct stat*', 'value': '0x7FFFB85B9800'}]",0,0
16583.304036,8545,191,0,systemd-udevd,ubuntu,3,close,1,0,"[{'name': 'fd', 'type': 'int', 'value': 6}]",0,0
16583.304062,8545,191,0,systemd-udevd,ubuntu,257,openat,4,6,"[{'name': 'dirfd', 'type': 'int', 'value': 15}, {'name': 'pathname', 'type': 'const char*', 'value': 'class'}, {'name': 'flags', 'type': 'int', 'value': 'O_RDONLY|O_NOFOLLOW|O_CLOEXEC|O_PATH'}, {'name': 'mode', 'type': 'mode_t', 'value': 915718182}]",0,0
16583.304085,8545,191,0,systemd-udevd,ubuntu,5,fstat,2,0,"[{'name': 'fd', 'type': 'int', 'value': 6}, {'name': 'statbuf', 'type': 'struct stat*', 'value': '0x7FFFB85B9800'}]",0,0
16583.304109,8545,191,0,systemd-udevd,ubuntu,3,close,1,0,"[{'name': 'fd', 'type': 'int', 'value': 15}]",0,0
16583.304134,8545,191,0,systemd-udevd,ubuntu,257,openat,4,15,"[{'name': 'dirfd', 'type': 'int', 'value': 6}, {'name': 'pathname', 'type': 'const char*', 'value': 'dmi'}, {'name': 'flags', 'type': 'int', 'value': 'O_RDONLY|O_NOFOLLOW|O_CLOEXEC|O_PATH'}, {'name': 'mode', 'type': 'mode_t', 'value': 915718182}]",0,0
16583.304157,8545,191,0,systemd-udevd,ubuntu,5,fstat,2,0,"[{'name': 'fd', 'type': 'int', 'value': 15}, {'name': 'statbuf', 'type': 'struct stat*', 'value': '0x7FFFB85B9800'}]",0,0
16583.30418,8545,191,0,systemd-udevd,ubuntu,3,close,1,0,"[{'name': 'fd', 'type': 'int', 'value': 6}]",0,0
16583.304205,8545,191,0,systemd-udevd,ubuntu,257,openat,4,6,"[{'name': 'dirfd', 'type': 'int', 'value': 15}, {'name': 'pathname', 'type': 'const char*', 'value': 'id'}, {'name': 'flags', 'type': 'int', 'value': 'O_RDONLY|O_NOFOLLOW|O_CLOEXEC|O_PATH'}, {'name': 'mode', 'type': 'mode_t', 'value': 915718182}]",0,0
16583.304229,8545,191,0,systemd-udevd,ubuntu,5,fstat,2,0,"[{'name': 'fd', 'type': 'int', 'value': 6}, {'name': 'statbuf', 'type': 'struct stat*', 'value': '0x7FFFB85B9800'}]",0,0
16583.304267,8545,191,0,systemd-udevd,ubuntu,3,close,1,0,"[{'name': 'fd', 'type': 'int', 'value': 6}]",0,0
16583.304294,8545,191,0,systemd-udevd,ubuntu,257,openat,4,6,"[{'name': 'dirfd', 'type': 'int', 'value': 15}, {'name': 'pathname', 'type': 'const char*', 'value': '..'}, {'name': 'flags', 'type': 'int', 'value': 'O_RDONLY|O_NOFOLLOW|O_CLOEXEC|O_PATH'}, {'name': 'mode', 'type': 'mode_t', 'value': 915718182}]",0,0
16583.304317,8545,191,0,systemd-udevd,ubuntu,3,close,1,0,"[{'name': 'fd', 'type': 'int', 'value': 15}]",0,0
16583.304342,8545,191,0,systemd-udevd,ubuntu,257,openat,4,15,"[{'name': 'dirfd', 'type': 'int', 'value': 6}, {'name': 'pathname', 'type': 'const char*', 'value': '..'}, {'name': 'flags', 'type': 'int', 'value': 'O_RDONLY|O_NOFOLLOW|O_CLOEXEC|O_PATH'}, {'name': 'mode', 'type': 'mode_t', 'value': 915718182}]",0,0
16583.304366,8545,191,0,systemd-udevd,ubuntu,3,close,1,0,"[{'name': 'fd', 'type': 'int', 'value': 6}]",0,0
16583.304391,8545,191,0,systemd-udevd,ubuntu,257,openat,4,6,"[{'name': 'dirfd', 'type': 'int', 'value': 15}, {'name': 'pathname', 'type': 'const char*', 'value': 'devices'}, {'name': 'flags', 'type': 'int', 'value': 'O_RDONLY|O_NOFOLLOW|O_CLOEXEC|O_PATH'}, {'name': 'mode', 'type': 'mode_t', 'value': 915718182}]",0,0
16583.304413,8545,191,0,systemd-udevd,ubuntu,5,fstat,2,0,"[{'name': 'fd', 'type': 'int', 'value': 6}, {'name': 'statbuf', 'type': 'struct stat*', 'value': '0x7FFFB85B9800'}]",0,0
16583.304436,8545,191,0,systemd-udevd,ubuntu,3,close,1,0,"[{'name': 'fd', 'type': 'int', 'value': 15}]",0,0
16583.304461,8545,191,0,systemd-udevd,ubuntu,257,openat,4,15,"[{'name': 'dirfd', 'type': 'int', 'value': 6}, {'name': 'pathname', 'type': 'const char*', 'value': 'virtual'}, {'name': 'flags', 'type': 'int', 'value': 'O_RDONLY|O_NOFOLLOW|O_CLOEXEC|O_PATH'}, {'name': 'mode', 'type': 'mode_t', 'value': 915718182}]",0,0
16583.304484,8545,191,0,systemd-udevd,ubuntu,5,fstat,2,0,"[{'name': 'fd', 'type': 'int', 'value': 15}, {'name': 'statbuf', 'type': 'struct stat*', 'value': '0x7FFFB85B9800'}]",0,0
16583.304506,8545,191,0,systemd-udevd,ubuntu,3,close,1,0,"[{'name': 'fd', 'type': 'int', 'value': 6}]",0,0
16583.304531,8545,191,0,systemd-udevd,ubuntu,257,openat,4,6,"[{'name': 'dirfd', 'type': 'int', 'value': 15}, {'name': 'pathname', 'type': 'const char*', 'value': 'dmi'}, {'name': 'flags', 'type': 'int', 'value': 'O_RDONLY|O_NOFOLLOW|O_CLOEXEC|O_PATH'}, {'name': 'mode', 'type': 'mode_t', 'value': 915718182}]",0,0
16583.304554,8545,191,0,systemd-udevd,ubuntu,5,fstat,2,0,"[{'name': 'fd', 'type': 'int', 'value': 6}, {'name': 'statbuf', 'type': 'struct stat*', 'value': '0x7FFFB85B9800'}]",0,0
16583.304578,8545,191,0,systemd-udevd,ubuntu,3,close,1,0,"[{'name': 'fd', 'type': 'int', 'value': 15}]",0,0
16583.304603,8545,191,0,systemd-udevd,ubuntu,257,openat,4,15,"[{'name': 'dirfd', 'type': 'int', 'value': 6}, {'name': 'pathname', 'type': 'const char*', 'value': 'id'}, {'name': 'flags', 'type': 'int', 'value': 'O_RDONLY|O_NOFOLLOW|O_CLOEXEC|O_PATH'}, {'name': 'mode', 'type': 'mode_t', 'value': 915718182}]",0,0
16583.304626,8545,191,0,systemd-udevd,ubuntu,5,fstat,2,0,"[{'name': 'fd', 'type': 'int', 'value': 15}, {'name': 'statbuf', 'type': 'struct stat*', 'value': '0x7FFFB85B9800'}]",0,0
16583.304649,8545,191,0,systemd-udevd,ubuntu,3,close,1,0,"[{'name': 'fd', 'type': 'int', 'value': 6}]",0,0
16583.304672,8545,191,0,systemd-udevd,ubuntu,3,close,1,0,"[{'name': 'fd', 'type': 'int', 'value': 15}]",0,0
16583.3047,8545,191,0,systemd-udevd,ubuntu,21,access,2,0,"[{'name': 'pathname', 'type': 'const char*', 'value': '/sys/devices/virtual/dmi/id/uevent'}, {'name': 'mode', 'type': 'mode_t', 'value': 'F_OK'}]",0,0
16583.304728,8545,191,0,systemd-udevd,ubuntu,6,lstat,2,0,"[{'name': 'pathname', 'type': 'const char*', 'value': '/sys/devices/virtual/dmi/id/sys_vendor'}, {'name': 'statbuf', 'type': 'struct stat*', 'value': '0x7FFFB85BA910'}]",0,0
16583.304754,8545,191,0,systemd-udevd,ubuntu,1005,security_file_open,4,0,"[{'name': 'pathname', 'type': 'const char*', 'value': '/sys/devices/virtual/dmi/id/sys_vendor'}, {'name': 'flags', 'type': 'int', 'value': 'O_RDONLY|O_LARGEFILE'}, {'name': 'dev', 'type': 'dev_t', 'value': 22}, {'name': 'inode', 'type': 'unsigned long', 'value': 713}]",0,0
16583.304783,8545,191,0,systemd-udevd,ubuntu,257,openat,4,6,"[{'name': 'dirfd', 'type': 'int', 'value': -100}, {'name': 'pathname', 'type': 'const char*', 'value': '/sys/devices/virtual/dmi/id/sys_vendor'}, {'name': 'flags', 'type': 'int', 'value': 'O_RDONLY|O_CLOEXEC'}, {'name': 'mode', 'type': 'mode_t', 'value': 915717803}]",0,0
16583.304806,8545,191,0,systemd-udevd,ubuntu,5,fstat,2,0,"[{'name': 'fd', 'type': 'int', 'value': 6}, {'name': 'statbuf', 'type': 'struct stat*', 'value': '0x7FFFB85BA9A0'}]",0,0
16583.304839,8545,191,0,systemd-udevd,ubuntu,3,close,1,0,"[{'name': 'fd', 'type': 'int', 'value': 6}]",0,0
16583.304871,8545,191,0,systemd-udevd,ubuntu,21,access,2,-2,"[{'name': 'pathname', 'type': 'const char*', 'value': '/sys/subsystem/dmi/devices/id'}, {'name': 'mode', 'type': 'mode_t', 'value': 'F_OK'}]",0,0
16583.304897,8545,191,0,systemd-udevd,ubuntu,21,access,2,-2,"[{'name': 'pathname', 'type': 'const char*', 'value': '/sys/bus/dmi/devices/id'}, {'name': 'mode', 'type': 'mode_t', 'value': 'F_OK'}]",0,0
16583.304924,8545,191,0,systemd-udevd,ubuntu,21,access,2,0,"[{'name': 'pathname', 'type': 'const char*', 'value': '/sys/class/dmi/id'}, {'name': 'mode', 'type': 'mode_t', 'value': 'F_OK'}]",0,0
16583.30495,8545,191,0,systemd-udevd,ubuntu,257,openat,4,6,"[{'name': 'dirfd', 'type': 'int', 'value': -100}, {'name': 'pathname', 'type': 'const char*', 'value': '/'}, {'name': 'flags', 'type': 'int', 'value': 'O_RDONLY|O_DIRECTORY|O_CLOEXEC|O_PATH'}, {'name': 'mode', 'type': 'mode_t', 'value': 915717803}]",0,0
16583.304974,8545,191,0,systemd-udevd,ubuntu,257,openat,4,15,"[{'name': 'dirfd', 'type': 'int', 'value': 6}, {'name': 'pathname', 'type': 'const char*', 'value': 'sys'}, {'name': 'flags', 'type': 'int', 'value': 'O_RDONLY|O_NOFOLLOW|O_CLOEXEC|O_PATH'}, {'name': 'mode', 'type': 'mode_t', 'value': 915718182}]",0,0
16583.304998,8545,191,0,systemd-udevd,ubuntu,5,fstat,2,0,"[{'name': 'fd', 'type': 'int', 'value': 15}, {'name': 'statbuf', 'type': 'struct stat*', 'value': '0x7FFFB85B9800'}]",0,0
16583.305021,8545,191,0,systemd-udevd,ubuntu,3,close,1,0,"[{'name': 'fd', 'type': 'int', 'value': 6}]",0,0
16583.305048,8545,191,0,systemd-udevd,ubuntu,257,openat,4,6,"[{'name': 'dirfd', 'type': 'int', 'value': 15}, {'name': 'pathname', 'type': 'const char*', 'value': 'class'}, {'name': 'flags', 'type': 'int', 'value': 'O_RDONLY|O_NOFOLLOW|O_CLOEXEC|O_PATH'}, {'name': 'mode', 'type': 'mode_t', 'value': 915718182}]",0,0
16583.305072,8545,191,0,systemd-udevd,ubuntu,5,fstat,2,0,"[{'name': 'fd', 'type': 'int', 'value': 6}, {'name': 'statbuf', 'type': 'struct stat*', 'value': '0x7FFFB85B9800'}]",0,0
16583.305095,8545,191,0,systemd-udevd,ubuntu,3,close,1,0,"[{'name': 'fd', 'type': 'int', 'value': 15}]",0,0
16583.30512,8545,191,0,systemd-udevd,ubuntu,257,openat,4,15,"[{'name': 'dirfd', 'type': 'int', 'value': 6}, {'name': 'pathname', 'type': 'const char*', 'value': 'dmi'}, {'name': 'flags', 'type': 'int', 'value': 'O_RDONLY|O_NOFOLLOW|O_CLOEXEC|O_PATH'}, {'name': 'mode', 'type': 'mode_t', 'value': 915718182}]",0,0
16583.305144,8545,191,0,systemd-udevd,ubuntu,5,fstat,2,0,"[{'name': 'fd', 'type': 'int', 'value': 15}, {'name': 'statbuf', 'type': 'struct stat*', 'value': '0x7FFFB85B9800'}]",0,0
16583.305167,8545,191,0,systemd-udevd,ubuntu,3,close,1,0,"[{'name': 'fd', 'type': 'int', 'value': 6}]",0,0
16583.305192,8545,191,0,systemd-udevd,ubuntu,257,openat,4,6,"[{'name': 'dirfd', 'type': 'int', 'value': 15}, {'name': 'pathname', 'type': 'const char*', 'value': 'id'}, {'name': 'flags', 'type': 'int', 'value': 'O_RDONLY|O_NOFOLLOW|O_CLOEXEC|O_PATH'}, {'name': 'mode', 'type': 'mode_t', 'value': 915718182}]",0,0
16583.305215,8545,191,0,systemd-udevd,ubuntu,5,fstat,2,0,"[{'name': 'fd', 'type': 'int', 'value': 6}, {'name': 'statbuf', 'type': 'struct stat*', 'value': '0x7FFFB85B9800'}]",0,0
16583.305248,8545,191,0,systemd-udevd,ubuntu,3,close,1,0,"[{'name': 'fd', 'type': 'int', 'value': 6}]",0,0
16583.305274,8545,191,0,systemd-udevd,ubuntu,257,openat,4,6,"[{'name': 'dirfd', 'type': 'int', 'value': 15}, {'name': 'pathname', 'type': 'const char*', 'value': '..'}, {'name': 'flags', 'type': 'int', 'value': 'O_RDONLY|O_NOFOLLOW|O_CLOEXEC|O_PATH'}, {'name': 'mode', 'type': 'mode_t', 'value': 915718182}]",0,0
16583.305297,8545,191,0,systemd-udevd,ubuntu,3,close,1,0,"[{'name': 'fd', 'type': 'int', 'value': 15}]",0,0
16583.305322,8545,191,0,systemd-udevd,ubuntu,257,openat,4,15,"[{'name': 'dirfd', 'type': 'int', 'value': 6}, {'name': 'pathname', 'type': 'const char*', 'value': '..'}, {'name': 'flags', 'type': 'int', 'value': 'O_RDONLY|O_NOFOLLOW|O_CLOEXEC|O_PATH'}, {'name': 'mode', 'type': 'mode_t', 'value': 915718182}]",0,0
16583.305345,8545,191,0,systemd-udevd,ubuntu,3,close,1,0,"[{'name': 'fd', 'type': 'int', 'value': 6}]",0,0
16583.30537,8545,191,0,systemd-udevd,ubuntu,257,openat,4,6,"[{'name': 'dirfd', 'type': 'int', 'value': 15}, {'name': 'pathname', 'type': 'const char*', 'value': 'devices'}, {'name': 'flags', 'type': 'int', 'value': 'O_RDONLY|O_NOFOLLOW|O_CLOEXEC|O_PATH'}, {'name': 'mode', 'type': 'mode_t', 'value': 915718182}]",0,0
16583.305393,8545,191,0,systemd-udevd,ubuntu,5,fstat,2,0,"[{'name': 'fd', 'type': 'int', 'value': 6}, {'name': 'statbuf', 'type': 'struct stat*', 'value': '0x7FFFB85B9800'}]",0,0
16583.305415,8545,191,0,systemd-udevd,ubuntu,3,close,1,0,"[{'name': 'fd', 'type': 'int', 'value': 15}]",0,0
16583.30544,8545,191,0,systemd-udevd,ubuntu,257,openat,4,15,"[{'name': 'dirfd', 'type': 'int', 'value': 6}, {'name': 'pathname', 'type': 'const char*', 'value': 'virtual'}, {'name': 'flags', 'type': 'int', 'value': 'O_RDONLY|O_NOFOLLOW|O_CLOEXEC|O_PATH'}, {'name': 'mode', 'type': 'mode_t', 'value': 915718182}]",0,0
16583.305463,8545,191,0,systemd-udevd,ubuntu,5,fstat,2,0,"[{'name': 'fd', 'type': 'int', 'value': 15}, {'name': 'statbuf', 'type': 'struct stat*', 'value': '0x7FFFB85B9800'}]",0,0
16583.305485,8545,191,0,systemd-udevd,ubuntu,3,close,1,0,"[{'name': 'fd', 'type': 'int', 'value': 6}]",0,0
16583.305511,8545,191,0,systemd-udevd,ubuntu,257,openat,4,6,"[{'name': 'dirfd', 'type': 'int', 'value': 15}, {'name': 'pathname', 'type': 'const char*', 'value': 'dmi'}, {'name': 'flags', 'type': 'int', 'value': 'O_RDONLY|O_NOFOLLOW|O_CLOEXEC|O_PATH'}, {'name': 'mode', 'type': 'mode_t', 'value': 915718182}]",0,0
16583.305534,8545,191,0,systemd-udevd,ubuntu,5,fstat,2,0,"[{'name': 'fd', 'type': 'int', 'value': 6}, {'name': 'statbuf', 'type': 'struct stat*', 'value': '0x7FFFB85B9800'}]",0,0
16583.305557,8545,191,0,systemd-udevd,ubuntu,3,close,1,0,"[{'name': 'fd', 'type': 'int', 'value': 15}]",0,0
16583.330745,8546,191,0,systemd-udevd,ubuntu,157,prctl,5,0,"[{'name': 'option', 'type': 'int', 'value': 'PR_SET_PDEATHSIG'}, {'name': 'arg2', 'type': 'unsigned long', 'value': 15}, {'name': 'arg3', 'type': 'unsigned long', 'value': 1}, {'name': 'arg4', 'type': 'unsigned long', 'value': 140377626893982}, {'name': 'arg5', 'type': 'unsigned long', 'value': 0}]",0,0
16583.330889,8546,191,0,systemd-udevd,ubuntu,257,openat,4,15,"[{'name': 'dirfd', 'type': 'int', 'value': -100}, {'name': 'pathname', 'type': 'const char*', 'value': '/proc/self/oom_score_adj'}, {'name': 'flags', 'type': 'int', 'value': 'O_WRONLY|O_NOCTTY|O_CLOEXEC'}, {'name': 'mode', 'type': 'mode_t', 'value': 915717803}]",0,0
16583.330856,8546,191,0,systemd-udevd,ubuntu,1005,security_file_open,4,0,"[{'name': 'pathname', 'type': 'const char*', 'value': '/proc/8546/oom_score_adj'}, {'name': 'flags', 'type': 'int', 'value': 'O_WRONLY|O_NOCTTY|O_LARGEFILE'}, {'name': 'dev', 'type': 'dev_t', 'value': 5}, {'name': 'inode', 'type': 'unsigned long', 'value': 118935}]",0,0
16583.330987,8546,191,0,systemd-udevd,ubuntu,3,close,1,0,"[{'name': 'fd', 'type': 'int', 'value': 15}]",0,0
16583.331259,8546,191,0,systemd-udevd,ubuntu,3,close,1,0,"[{'name': 'fd', 'type': 'int', 'value': 4}]",0,0
16583.331285,8546,191,0,systemd-udevd,ubuntu,3,close,1,0,"[{'name': 'fd', 'type': 'int', 'value': 3}]",0,0
16583.331308,8546,191,0,systemd-udevd,ubuntu,3,close,1,0,"[{'name': 'fd', 'type': 'int', 'value': 6}]",0,0
16583.331403,8546,191,0,systemd-udevd,ubuntu,257,openat,4,-2,"[{'name': 'dirfd', 'type': 'int', 'value': -100}, {'name': 'pathname', 'type': 'const char*', 'value': '/run/udev/data/+cgroup:sighand_cache(1842:packagekit.service)'}, {'name': 'flags', 'type': 'int', 'value': 'O_RDONLY|O_CLOEXEC'}, {'name': 'mode', 'type': 'mode_t', 'value': 915717803}]",0,0
16583.331433,8546,191,0,systemd-udevd,ubuntu,87,unlink,1,-2,"[{'name': 'pathname', 'type': 'const char*', 'value': '/run/udev/data/+cgroup:sighand_cache(1842:packagekit.service)'}]",0,0
16583.331499,8546,191,0,systemd-udevd,ubuntu,21,access,2,-2,"[{'name': 'pathname', 'type': 'const char*', 'value': '/sys/subsystem/dmi/devices/id'}, {'name': 'mode', 'type': 'mode_t', 'value': 'F_OK'}]",0,0
16583.331526,8546,191,0,systemd-udevd,ubuntu,21,access,2,-2,"[{'name': 'pathname', 'type': 'const char*', 'value': '/sys/bus/dmi/devices/id'}, {'name': 'mode', 'type': 'mode_t', 'value': 'F_OK'}]",0,0
16583.331556,8546,191,0,systemd-udevd,ubuntu,21,access,2,0,"[{'name': 'pathname', 'type': 'const char*', 'value': '/sys/class/dmi/id'}, {'name': 'mode', 'type': 'mode_t', 'value': 'F_OK'}]",0,0
16583.331606,8546,191,0,systemd-udevd,ubuntu,257,openat,4,15,"[{'name': 'dirfd', 'type': 'int', 'value': 6}, {'name': 'pathname', 'type': 'const char*', 'value': 'sys'}, {'name': 'flags', 'type': 'int', 'value': 'O_RDONLY|O_NOFOLLOW|O_CLOEXEC|O_PATH'}, {'name': 'mode', 'type': 'mode_t', 'value': 915718182}]",0,0
16583.331582,8546,191,0,systemd-udevd,ubuntu,257,openat,4,6,"[{'name': 'dirfd', 'type': 'int', 'value': -100}, {'name': 'pathname', 'type': 'const char*', 'value': '/'}, {'name': 'flags', 'type': 'int', 'value': 'O_RDONLY|O_DIRECTORY|O_CLOEXEC|O_PATH'}, {'name': 'mode', 'type': 'mode_t', 'value': 915717803}]",0,0
16583.33163,8546,191,0,systemd-udevd,ubuntu,5,fstat,2,0,"[{'name': 'fd', 'type': 'int', 'value': 15}, {'name': 'statbuf', 'type': 'struct stat*', 'value': '0x7FFFB85B9800'}]",0,0
16583.331653,8546,191,0,systemd-udevd,ubuntu,3,close,1,0,"[{'name': 'fd', 'type': 'int', 'value': 6}]",0,0
16583.331714,8546,191,0,systemd-udevd,ubuntu,5,fstat,2,0,"[{'name': 'fd', 'type': 'int', 'value': 6}, {'name': 'statbuf', 'type': 'struct stat*', 'value': '0x7FFFB85B9800'}]",0,0
16583.33169,8546,191,0,systemd-udevd,ubuntu,257,openat,4,6,"[{'name': 'dirfd', 'type': 'int', 'value': 15}, {'name': 'pathname', 'type': 'const char*', 'value': 'class'}, {'name': 'flags', 'type': 'int', 'value': 'O_RDONLY|O_NOFOLLOW|O_CLOEXEC|O_PATH'}, {'name': 'mode', 'type': 'mode_t', 'value': 915718182}]",0,0
16583.331738,8546,191,0,systemd-udevd,ubuntu,3,close,1,0,"[{'name': 'fd', 'type': 'int', 'value': 15}]",0,0
16583.331763,8546,191,0,systemd-udevd,ubuntu,257,openat,4,15,"[{'name': 'dirfd', 'type': 'int', 'value': 6}, {'name': 'pathname', 'type': 'const char*', 'value': 'dmi'}, {'name': 'flags', 'type': 'int', 'value': 'O_RDONLY|O_NOFOLLOW|O_CLOEXEC|O_PATH'}, {'name': 'mode', 'type': 'mode_t', 'value': 915718182}]",0,0
16583.331786,8546,191,0,systemd-udevd,ubuntu,5,fstat,2,0,"[{'name': 'fd', 'type': 'int', 'value': 15}, {'name': 'statbuf', 'type': 'struct stat*', 'value': '0x7FFFB85B9800'}]",0,0
16583.331809,8546,191,0,systemd-udevd,ubuntu,3,close,1,0,"[{'name': 'fd', 'type': 'int', 'value': 6}]",0,0
16583.331834,8546,191,0,systemd-udevd,ubuntu,257,openat,4,6,"[{'name': 'dirfd', 'type': 'int', 'value': 15}, {'name': 'pathname', 'type': 'const char*', 'value': 'id'}, {'name': 'flags', 'type': 'int', 'value': 'O_RDONLY|O_NOFOLLOW|O_CLOEXEC|O_PATH'}, {'name': 'mode', 'type': 'mode_t', 'value': 915718182}]",0,0
16583.331858,8546,191,0,systemd-udevd,ubuntu,5,fstat,2,0,"[{'name': 'fd', 'type': 'int', 'value': 6}, {'name': 'statbuf', 'type': 'struct stat*', 'value': '0x7FFFB85B9800'}]",0,0
16583.331929,8546,191,0,systemd-udevd,ubuntu,257,openat,4,6,"[{'name': 'dirfd', 'type': 'int', 'value': 15}, {'name': 'pathname', 'type': 'const char*', 'value': '..'}, {'name': 'flags', 'type': 'int', 'value': 'O_RDONLY|O_NOFOLLOW|O_CLOEXEC|O_PATH'}, {'name': 'mode', 'type': 'mode_t', 'value': 915718182}]",0,0
16583.331901,8546,191,0,systemd-udevd,ubuntu,3,close,1,0,"[{'name': 'fd', 'type': 'int', 'value': 6}]",0,0
16583.331952,8546,191,0,systemd-udevd,ubuntu,3,close,1,0,"[{'name': 'fd', 'type': 'int', 'value': 15}]",0,0
16583.332,8546,191,0,systemd-udevd,ubuntu,3,close,1,0,"[{'name': 'fd', 'type': 'int', 'value': 6}]",0,0
16583.331977,8546,191,0,systemd-udevd,ubuntu,257,openat,4,15,"[{'name': 'dirfd', 'type': 'int', 'value': 6}, {'name': 'pathname', 'type': 'const char*', 'value': '..'}, {'name': 'flags', 'type': 'int', 'value': 'O_RDONLY|O_NOFOLLOW|O_CLOEXEC|O_PATH'}, {'name': 'mode', 'type': 'mode_t', 'value': 915718182}]",0,0
16583.332025,8546,191,0,systemd-udevd,ubuntu,257,openat,4,6,"[{'name': 'dirfd', 'type': 'int', 'value': 15}, {'name': 'pathname', 'type': 'const char*', 'value': 'devices'}, {'name': 'flags', 'type': 'int', 'value': 'O_RDONLY|O_NOFOLLOW|O_CLOEXEC|O_PATH'}, {'name': 'mode', 'type': 'mode_t', 'value': 915718182}]",0,0
16583.332048,8546,191,0,systemd-udevd,ubuntu,5,fstat,2,0,"[{'name': 'fd', 'type': 'int', 'value': 6}, {'name': 'statbuf', 'type': 'struct stat*', 'value': '0x7FFFB85B9800'}]",0,0
16583.332071,8546,191,0,systemd-udevd,ubuntu,3,close,1,0,"[{'name': 'fd', 'type': 'int', 'value': 15}]",0,0
16583.332096,8546,191,0,systemd-udevd,ubuntu,257,openat,4,15,"[{'name': 'dirfd', 'type': 'int', 'value': 6}, {'name': 'pathname', 'type': 'const char*', 'value': 'virtual'}, {'name': 'flags', 'type': 'int', 'value': 'O_RDONLY|O_NOFOLLOW|O_CLOEXEC|O_PATH'}, {'name': 'mode', 'type': 'mode_t', 'value': 915718182}]",0,0
16583.332119,8546,191,0,systemd-udevd,ubuntu,5,fstat,2,0,"[{'name': 'fd', 'type': 'int', 'value': 15}, {'name': 'statbuf', 'type': 'struct stat*', 'value': '0x7FFFB85B9800'}]",0,0
16583.332141,8546,191,0,systemd-udevd,ubuntu,3,close,1,0,"[{'name': 'fd', 'type': 'int', 'value': 6}]",0,0
16583.332166,8546,191,0,systemd-udevd,ubuntu,257,openat,4,6,"[{'name': 'dirfd', 'type': 'int', 'value': 15}, {'name': 'pathname', 'type': 'const char*', 'value': 'dmi'}, {'name': 'flags', 'type': 'int', 'value': 'O_RDONLY|O_NOFOLLOW|O_CLOEXEC|O_PATH'}, {'name': 'mode', 'type': 'mode_t', 'value': 915718182}]",0,0
16583.33219,8546,191,0,systemd-udevd,ubuntu,5,fstat,2,0,"[{'name': 'fd', 'type': 'int', 'value': 6}, {'name': 'statbuf', 'type': 'struct stat*', 'value': '0x7FFFB85B9800'}]",0,0
16583.332213,8546,191,0,systemd-udevd,ubuntu,3,close,1,0,"[{'name': 'fd', 'type': 'int', 'value': 15}]",0,0
16583.332238,8546,191,0,systemd-udevd,ubuntu,257,openat,4,15,"[{'name': 'dirfd', 'type': 'int', 'value': 6}, {'name': 'pathname', 'type': 'const char*', 'value': 'id'}, {'name': 'flags', 'type': 'int', 'value': 'O_RDONLY|O_NOFOLLOW|O_CLOEXEC|O_PATH'}, {'name': 'mode', 'type': 'mode_t', 'value': 915718182}]",0,0
16583.332261,8546,191,0,systemd-udevd,ubuntu,5,fstat,2,0,"[{'name': 'fd', 'type': 'int', 'value': 15}, {'name': 'statbuf', 'type': 'struct stat*', 'value': '0x7FFFB85B9800'}]",0,0
16583.332284,8546,191,0,systemd-udevd,ubuntu,3,close,1,0,"[{'name': 'fd', 'type': 'int', 'value': 6}]",0,0
16583.332319,8546,191,0,systemd-udevd,ubuntu,3,close,1,0,"[{'name': 'fd', 'type': 'int', 'value': 15}]",0,0
16583.332346,8546,191,0,systemd-udevd,ubuntu,21,access,2,0,"[{'name': 'pathname', 'type': 'const char*', 'value': '/sys/devices/virtual/dmi/id/uevent'}, {'name': 'mode', 'type': 'mode_t', 'value': 'F_OK'}]",0,0
16583.332374,8546,191,0,systemd-udevd,ubuntu,6,lstat,2,0,"[{'name': 'pathname', 'type': 'const char*', 'value': '/sys/devices/virtual/dmi/id/sys_vendor'}, {'name': 'statbuf', 'type': 'struct stat*', 'value': '0x7FFFB85BA910'}]",0,0
16583.3324,8546,191,0,systemd-udevd,ubuntu,1005,security_file_open,4,0,"[{'name': 'pathname', 'type': 'const char*', 'value': '/sys/devices/virtual/dmi/id/sys_vendor'}, {'name': 'flags', 'type': 'int', 'value': 'O_RDONLY|O_LARGEFILE'}, {'name': 'dev', 'type': 'dev_t', 'value': 22}, {'name': 'inode', 'type': 'unsigned long', 'value': 713}]",0,0
16583.33244,8546,191,0,systemd-udevd,ubuntu,257,openat,4,6,"[{'name': 'dirfd', 'type': 'int', 'value': -100}, {'name': 'pathname', 'type': 'const char*', 'value': '/sys/devices/virtual/dmi/id/sys_vendor'}, {'name': 'flags', 'type': 'int', 'value': 'O_RDONLY|O_CLOEXEC'}, {'name': 'mode', 'type': 'mode_t', 'value': 915717803}]",0,0
16583.332461,8546,191,0,systemd-udevd,ubuntu,5,fstat,2,0,"[{'name': 'fd', 'type': 'int', 'value': 6}, {'name': 'statbuf', 'type': 'struct stat*', 'value': '0x7FFFB85BA9A0'}]",0,0
16583.332491,8546,191,0,systemd-udevd,ubuntu,3,close,1,0,"[{'name': 'fd', 'type': 'int', 'value': 6}]",0,0
16583.332521,8546,191,0,systemd-udevd,ubuntu,21,access,2,-2,"[{'name': 'pathname', 'type': 'const char*', 'value': '/sys/subsystem/dmi/devices/id'}, {'name': 'mode', 'type': 'mode_t', 'value': 'F_OK'}]",0,0
16583.332545,8546,191,0,systemd-udevd,ubuntu,21,access,2,-2,"[{'name': 'pathname', 'type': 'const char*', 'value': '/sys/bus/dmi/devices/id'}, {'name': 'mode', 'type': 'mode_t', 'value': 'F_OK'}]",0,0
16583.332581,8546,191,0,systemd-udevd,ubuntu,21,access,2,0,"[{'name': 'pathname', 'type': 'const char*', 'value': '/sys/class/dmi/id'}, {'name': 'mode', 'type': 'mode_t', 'value': 'F_OK'}]",0,0
16583.332607,8546,191,0,systemd-udevd,ubuntu,257,openat,4,6,"[{'name': 'dirfd', 'type': 'int', 'value': -100}, {'name': 'pathname', 'type': 'const char*', 'value': '/'}, {'name': 'flags', 'type': 'int', 'value': 'O_RDONLY|O_DIRECTORY|O_CLOEXEC|O_PATH'}, {'name': 'mode', 'type': 'mode_t', 'value': 915717803}]",0,0
16583.332633,8546,191,0,systemd-udevd,ubuntu,257,openat,4,15,"[{'name': 'dirfd', 'type': 'int', 'value': 6}, {'name': 'pathname', 'type': 'const char*', 'value': 'sys'}, {'name': 'flags', 'type': 'int', 'value': 'O_RDONLY|O_NOFOLLOW|O_CLOEXEC|O_PATH'}, {'name': 'mode', 'type': 'mode_t', 'value': 915718182}]",0,0
16583.332656,8546,191,0,systemd-udevd,ubuntu,5,fstat,2,0,"[{'name': 'fd', 'type': 'int', 'value': 15}, {'name': 'statbuf', 'type': 'struct stat*', 'value': '0x7FFFB85B9800'}]",0,0
16583.332678,8546,191,0,systemd-udevd,ubuntu,3,close,1,0,"[{'name': 'fd', 'type': 'int', 'value': 6}]",0,0
16583.332714,8546,191,0,systemd-udevd,ubuntu,257,openat,4,6,"[{'name': 'dirfd', 'type': 'int', 'value': 15}, {'name': 'pathname', 'type': 'const char*', 'value': 'class'}, {'name': 'flags', 'type': 'int', 'value': 'O_RDONLY|O_NOFOLLOW|O_CLOEXEC|O_PATH'}, {'name': 'mode', 'type': 'mode_t', 'value': 915718182}]",0,0
16583.332738,8546,191,0,systemd-udevd,ubuntu,5,fstat,2,0,"[{'name': 'fd', 'type': 'int', 'value': 6}, {'name': 'statbuf', 'type': 'struct stat*', 'value': '0x7FFFB85B9800'}]",0,0
16583.332761,8546,191,0,systemd-udevd,ubuntu,3,close,1,0,"[{'name': 'fd', 'type': 'int', 'value': 15}]",0,0
16583.332787,8546,191,0,systemd-udevd,ubuntu,257,openat,4,15,"[{'name': 'dirfd', 'type': 'int', 'value': 6}, {'name': 'pathname', 'type': 'const char*', 'value': 'dmi'}, {'name': 'flags', 'type': 'int', 'value': 'O_RDONLY|O_NOFOLLOW|O_CLOEXEC|O_PATH'}, {'name': 'mode', 'type': 'mode_t', 'value': 915718182}]",0,0
16583.33281,8546,191,0,systemd-udevd,ubuntu,5,fstat,2,0,"[{'name': 'fd', 'type': 'int', 'value': 15}, {'name': 'statbuf', 'type': 'struct stat*', 'value': '0x7FFFB85B9800'}]",0,0
16583.332833,8546,191,0,systemd-udevd,ubuntu,3,close,1,0,"[{'name': 'fd', 'type': 'int', 'value': 6}]",0,0
16583.332858,8546,191,0,systemd-udevd,ubuntu,257,openat,4,6,"[{'name': 'dirfd', 'type': 'int', 'value': 15}, {'name': 'pathname', 'type': 'const char*', 'value': 'id'}, {'name': 'flags', 'type': 'int', 'value': 'O_RDONLY|O_NOFOLLOW|O_CLOEXEC|O_PATH'}, {'name': 'mode', 'type': 'mode_t', 'value': 915718182}]",0,0
16583.332882,8546,191,0,systemd-udevd,ubuntu,5,fstat,2,0,"[{'name': 'fd', 'type': 'int', 'value': 6}, {'name': 'statbuf', 'type': 'struct stat*', 'value': '0x7FFFB85B9800'}]",0,0
16583.332912,8546,191,0,systemd-udevd,ubuntu,3,close,1,0,"[{'name': 'fd', 'type': 'int', 'value': 6}]",0,0
16583.332938,8546,191,0,systemd-udevd,ubuntu,257,openat,4,6,"[{'name': 'dirfd', 'type': 'int', 'value': 15}, {'name': 'pathname', 'type': 'const char*', 'value': '..'}, {'name': 'flags', 'type': 'int', 'value': 'O_RDONLY|O_NOFOLLOW|O_CLOEXEC|O_PATH'}, {'name': 'mode', 'type': 'mode_t', 'value': 915718182}]",0,0
16583.332961,8546,191,0,systemd-udevd,ubuntu,3,close,1,0,"[{'name': 'fd', 'type': 'int', 'value': 15}]",0,0
16583.332999,8546,191,0,systemd-udevd,ubuntu,257,openat,4,15,"[{'name': 'dirfd', 'type': 'int', 'value': 6}, {'name': 'pathname', 'type': 'const char*', 'value': '..'}, {'name': 'flags', 'type': 'int', 'value': 'O_RDONLY|O_NOFOLLOW|O_CLOEXEC|O_PATH'}, {'name': 'mode', 'type': 'mode_t', 'value': 915718182}]",0,0
16583.333033,8546,191,0,systemd-udevd,ubuntu,3,close,1,0,"[{'name': 'fd', 'type': 'int', 'value': 6}]",0,0
16583.333067,8546,191,0,systemd-udevd,ubuntu,257,openat,4,6,"[{'name': 'dirfd', 'type': 'int', 'value': 15}, {'name': 'pathname', 'type': 'const char*', 'value': 'devices'}, {'name': 'flags', 'type': 'int', 'value': 'O_RDONLY|O_NOFOLLOW|O_CLOEXEC|O_PATH'}, {'name': 'mode', 'type': 'mode_t', 'value': 915718182}]",0,0
16583.333089,8546,191,0,systemd-udevd,ubuntu,5,fstat,2,0,"[{'name': 'fd', 'type': 'int', 'value': 6}, {'name': 'statbuf', 'type': 'struct stat*', 'value': '0x7FFFB85B9800'}]",0,0
16583.333111,8546,191,0,systemd-udevd,ubuntu,3,close,1,0,"[{'name': 'fd', 'type': 'int', 'value': 15}]",0,0
16583.333157,8546,191,0,systemd-udevd,ubuntu,5,fstat,2,0,"[{'name': 'fd', 'type': 'int', 'value': 15}, {'name': 'statbuf', 'type': 'struct stat*', 'value': '0x7FFFB85B9800'}]",0,0
16583.333135,8546,191,0,systemd-udevd,ubuntu,257,openat,4,15,"[{'name': 'dirfd', 'type': 'int', 'value': 6}, {'name': 'pathname', 'type': 'const char*', 'value': 'virtual'}, {'name': 'flags', 'type': 'int', 'value': 'O_RDONLY|O_NOFOLLOW|O_CLOEXEC|O_PATH'}, {'name': 'mode', 'type': 'mode_t', 'value': 915718182}]",0,0
16583.333179,8546,191,0,systemd-udevd,ubuntu,3,close,1,0,"[{'name': 'fd', 'type': 'int', 'value': 6}]",0,0
16583.333237,8546,191,0,systemd-udevd,ubuntu,5,fstat,2,0,"[{'name': 'fd', 'type': 'int', 'value': 6}, {'name': 'statbuf', 'type': 'struct stat*', 'value': '0x7FFFB85B9800'}]",0,0
16583.333261,8546,191,0,systemd-udevd,ubuntu,3,close,1,0,"[{'name': 'fd', 'type': 'int', 'value': 15}]",0,0
16583.333309,8546,191,0,systemd-udevd,ubuntu,5,fstat,2,0,"[{'name': 'fd', 'type': 'int', 'value': 15}, {'name': 'statbuf', 'type': 'struct stat*', 'value': '0x7FFFB85B9800'}]",0,0
16583.333356,8546,191,0,systemd-udevd,ubuntu,3,close,1,0,"[{'name': 'fd', 'type': 'int', 'value': 15}]",0,0
16583.333332,8546,191,0,systemd-udevd,ubuntu,3,close,1,0,"[{'name': 'fd', 'type': 'int', 'value': 6}]",0,0
16583.333286,8546,191,0,systemd-udevd,ubuntu,257,openat,4,15,"[{'name': 'dirfd', 'type': 'int', 'value': 6}, {'name': 'pathname', 'type': 'const char*', 'value': 'id'}, {'name': 'flags', 'type': 'int', 'value': 'O_RDONLY|O_NOFOLLOW|O_CLOEXEC|O_PATH'}, {'name': 'mode', 'type': 'mode_t', 'value': 915718182}]",0,0
16583.333203,8546,191,0,systemd-udevd,ubuntu,257,openat,4,6,"[{'name': 'dirfd', 'type': 'int', 'value': 15}, {'name': 'pathname', 'type': 'const char*', 'value': 'dmi'}, {'name': 'flags', 'type': 'int', 'value': 'O_RDONLY|O_NOFOLLOW|O_CLOEXEC|O_PATH'}, {'name': 'mode', 'type': 'mode_t', 'value': 915718182}]",0,0
16583.333382,8546,191,0,systemd-udevd,ubuntu,21,access,2,0,"[{'name': 'pathname', 'type': 'const char*', 'value': '/sys/devices/virtual/dmi/id/uevent'}, {'name': 'mode', 'type': 'mode_t', 'value': 'F_OK'}]",0,0
16583.333408,8546,191,0,systemd-udevd,ubuntu,6,lstat,2,0,"[{'name': 'pathname', 'type': 'const char*', 'value': '/sys/devices/virtual/dmi/id/sys_vendor'}, {'name': 'statbuf', 'type': 'struct stat*', 'value': '0x7FFFB85BA910'}]",0,0
16583.333434,8546,191,0,systemd-udevd,ubuntu,1005,security_file_open,4,0,"[{'name': 'pathname', 'type': 'const char*', 'value': '/sys/devices/virtual/dmi/id/sys_vendor'}, {'name': 'flags', 'type': 'int', 'value': 'O_RDONLY|O_LARGEFILE'}, {'name': 'dev', 'type': 'dev_t', 'value': 22}, {'name': 'inode', 'type': 'unsigned long', 'value': 713}]",0,0
16583.333462,8546,191,0,systemd-udevd,ubuntu,257,openat,4,6,"[{'name': 'dirfd', 'type': 'int', 'value': -100}, {'name': 'pathname', 'type': 'const char*', 'value': '/sys/devices/virtual/dmi/id/sys_vendor'}, {'name': 'flags', 'type': 'int', 'value': 'O_RDONLY|O_CLOEXEC'}, {'name': 'mode', 'type': 'mode_t', 'value': 915717803}]",0,0
16583.333485,8546,191,0,systemd-udevd,ubuntu,5,fstat,2,0,"[{'name': 'fd', 'type': 'int', 'value': 6}, {'name': 'statbuf', 'type': 'struct stat*', 'value': '0x7FFFB85BA9A0'}]",0,0
16583.333528,8546,191,0,systemd-udevd,ubuntu,3,close,1,0,"[{'name': 'fd', 'type': 'int', 'value': 6}]",0,0
16583.348952,8539,191,0,systemd-udevd,ubuntu,6,lstat,2,0,"[{'name': 'pathname', 'type': 'const char*', 'value': '/sys/devices/virtual/dmi/id/sys_vendor'}, {'name': 'statbuf', 'type': 'struct stat*', 'value': '0x7FFFB85BA820'}]",0,0
16583.333779,8546,191,0,systemd-udevd,ubuntu,1003,cap_capable,1,0,"[{'name': 'cap', 'type': 'int', 'value': 'CAP_NET_ADMIN'}]",0,0
16583.348992,8539,191,0,systemd-udevd,ubuntu,1005,security_file_open,4,0,"[{'name': 'pathname', 'type': 'const char*', 'value': '/sys/devices/virtual/dmi/id/sys_vendor'}, {'name': 'flags', 'type': 'int', 'value': 'O_RDONLY|O_LARGEFILE'}, {'name': 'dev', 'type': 'dev_t', 'value': 22}, {'name': 'inode', 'type': 'unsigned long', 'value': 713}]",0,0
16583.349023,8539,191,0,systemd-udevd,ubuntu,257,openat,4,6,"[{'name': 'dirfd', 'type': 'int', 'value': -100}, {'name': 'pathname', 'type': 'const char*', 'value': '/sys/devices/virtual/dmi/id/sys_vendor'}, {'name': 'flags', 'type': 'int', 'value': 'O_RDONLY|O_CLOEXEC'}, {'name': 'mode', 'type': 'mode_t', 'value': 915717803}]",0,0
16583.349048,8539,191,0,systemd-udevd,ubuntu,5,fstat,2,0,"[{'name': 'fd', 'type': 'int', 'value': 6}, {'name': 'statbuf', 'type': 'struct stat*', 'value': '0x7FFFB85BA8B0'}]",0,0
16583.349081,8539,191,0,systemd-udevd,ubuntu,3,close,1,0,"[{'name': 'fd', 'type': 'int', 'value': 6}]",0,0
16583.349118,8539,191,0,systemd-udevd,ubuntu,21,access,2,-2,"[{'name': 'pathname', 'type': 'const char*', 'value': '/sys/subsystem/dmi/devices/id'}, {'name': 'mode', 'type': 'mode_t', 'value': 'F_OK'}]",0,0
16583.349145,8539,191,0,systemd-udevd,ubuntu,21,access,2,-2,"[{'name': 'pathname', 'type': 'const char*', 'value': '/sys/bus/dmi/devices/id'}, {'name': 'mode', 'type': 'mode_t', 'value': 'F_OK'}]",0,0
16583.349173,8539,191,0,systemd-udevd,ubuntu,21,access,2,0,"[{'name': 'pathname', 'type': 'const char*', 'value': '/sys/class/dmi/id'}, {'name': 'mode', 'type': 'mode_t', 'value': 'F_OK'}]",0,0
16583.349216,8539,191,0,systemd-udevd,ubuntu,257,openat,4,6,"[{'name': 'dirfd', 'type': 'int', 'value': -100}, {'name': 'pathname', 'type': 'const char*', 'value': '/'}, {'name': 'flags', 'type': 'int', 'value': 'O_RDONLY|O_DIRECTORY|O_CLOEXEC|O_PATH'}, {'name': 'mode', 'type': 'mode_t', 'value': 915717803}]",0,0
16583.349246,8539,191,0,systemd-udevd,ubuntu,257,openat,4,15,"[{'name': 'dirfd', 'type': 'int', 'value': 6}, {'name': 'pathname', 'type': 'const char*', 'value': 'sys'}, {'name': 'flags', 'type': 'int', 'value': 'O_RDONLY|O_NOFOLLOW|O_CLOEXEC|O_PATH'}, {'name': 'mode', 'type': 'mode_t', 'value': 915718182}]",0,0
16583.34927,8539,191,0,systemd-udevd,ubuntu,5,fstat,2,0,"[{'name': 'fd', 'type': 'int', 'value': 15}, {'name': 'statbuf', 'type': 'struct stat*', 'value': '0x7FFFB85B9710'}]",0,0
16583.349293,8539,191,0,systemd-udevd,ubuntu,3,close,1,0,"[{'name': 'fd', 'type': 'int', 'value': 6}]",0,0
16583.349319,8539,191,0,systemd-udevd,ubuntu,257,openat,4,6,"[{'name': 'dirfd', 'type': 'int', 'value': 15}, {'name': 'pathname', 'type': 'const char*', 'value': 'class'}, {'name': 'flags', 'type': 'int', 'value': 'O_RDONLY|O_NOFOLLOW|O_CLOEXEC|O_PATH'}, {'name': 'mode', 'type': 'mode_t', 'value': 915718182}]",0,0
16583.349343,8539,191,0,systemd-udevd,ubuntu,5,fstat,2,0,"[{'name': 'fd', 'type': 'int', 'value': 6}, {'name': 'statbuf', 'type': 'struct stat*', 'value': '0x7FFFB85B9710'}]",0,0
16583.349366,8539,191,0,systemd-udevd,ubuntu,3,close,1,0,"[{'name': 'fd', 'type': 'int', 'value': 15}]",0,0
16583.349391,8539,191,0,systemd-udevd,ubuntu,257,openat,4,15,"[{'name': 'dirfd', 'type': 'int', 'value': 6}, {'name': 'pathname', 'type': 'const char*', 'value': 'dmi'}, {'name': 'flags', 'type': 'int', 'value': 'O_RDONLY|O_NOFOLLOW|O_CLOEXEC|O_PATH'}, {'name': 'mode', 'type': 'mode_t', 'value': 915718182}]",0,0
16583.349415,8539,191,0,systemd-udevd,ubuntu,5,fstat,2,0,"[{'name': 'fd', 'type': 'int', 'value': 15}, {'name': 'statbuf', 'type': 'struct stat*', 'value': '0x7FFFB85B9710'}]",0,0
16583.349438,8539,191,0,systemd-udevd,ubuntu,3,close,1,0,"[{'name': 'fd', 'type': 'int', 'value': 6}]",0,0
16583.349463,8539,191,0,systemd-udevd,ubuntu,257,openat,4,6,"[{'name': 'dirfd', 'type': 'int', 'value': 15}, {'name': 'pathname', 'type': 'const char*', 'value': 'id'}, {'name': 'flags', 'type': 'int', 'value': 'O_RDONLY|O_NOFOLLOW|O_CLOEXEC|O_PATH'}, {'name': 'mode', 'type': 'mode_t', 'value': 915718182}]",0,0
16583.349487,8539,191,0,systemd-udevd,ubuntu,5,fstat,2,0,"[{'name': 'fd', 'type': 'int', 'value': 6}, {'name': 'statbuf', 'type': 'struct stat*', 'value': '0x7FFFB85B9710'}]",0,0
16583.349518,8539,191,0,systemd-udevd,ubuntu,3,close,1,0,"[{'name': 'fd', 'type': 'int', 'value': 6}]",0,0
16583.349545,8539,191,0,systemd-udevd,ubuntu,257,openat,4,6,"[{'name': 'dirfd', 'type': 'int', 'value': 15}, {'name': 'pathname', 'type': 'const char*', 'value': '..'}, {'name': 'flags', 'type': 'int', 'value': 'O_RDONLY|O_NOFOLLOW|O_CLOEXEC|O_PATH'}, {'name': 'mode', 'type': 'mode_t', 'value': 915718182}]",0,0
16583.349568,8539,191,0,systemd-udevd,ubuntu,3,close,1,0,"[{'name': 'fd', 'type': 'int', 'value': 15}]",0,0
16583.349593,8539,191,0,systemd-udevd,ubuntu,257,openat,4,15,"[{'name': 'dirfd', 'type': 'int', 'value': 6}, {'name': 'pathname', 'type': 'const char*', 'value': '..'}, {'name': 'flags', 'type': 'int', 'value': 'O_RDONLY|O_NOFOLLOW|O_CLOEXEC|O_PATH'}, {'name': 'mode', 'type': 'mode_t', 'value': 915718182}]",0,0
16583.349616,8539,191,0,systemd-udevd,ubuntu,3,close,1,0,"[{'name': 'fd', 'type': 'int', 'value': 6}]",0,0
16583.349641,8539,191,0,systemd-udevd,ubuntu,257,openat,4,6,"[{'name': 'dirfd', 'type': 'int', 'value': 15}, {'name': 'pathname', 'type': 'const char*', 'value': 'devices'}, {'name': 'flags', 'type': 'int', 'value': 'O_RDONLY|O_NOFOLLOW|O_CLOEXEC|O_PATH'}, {'name': 'mode', 'type': 'mode_t', 'value': 915718182}]",0,0
16583.349664,8539,191,0,systemd-udevd,ubuntu,5,fstat,2,0,"[{'name': 'fd', 'type': 'int', 'value': 6}, {'name': 'statbuf', 'type': 'struct stat*', 'value': '0x7FFFB85B9710'}]",0,0
16583.349686,8539,191,0,systemd-udevd,ubuntu,3,close,1,0,"[{'name': 'fd', 'type': 'int', 'value': 15}]",0,0
16583.349714,8539,191,0,systemd-udevd,ubuntu,257,openat,4,15,"[{'name': 'dirfd', 'type': 'int', 'value': 6}, {'name': 'pathname', 'type': 'const char*', 'value': 'virtual'}, {'name': 'flags', 'type': 'int', 'value': 'O_RDONLY|O_NOFOLLOW|O_CLOEXEC|O_PATH'}, {'name': 'mode', 'type': 'mode_t', 'value': 915718182}]",0,0
16583.349737,8539,191,0,systemd-udevd,ubuntu,5,fstat,2,0,"[{'name': 'fd', 'type': 'int', 'value': 15}, {'name': 'statbuf', 'type': 'struct stat*', 'value': '0x7FFFB85B9710'}]",0,0
16583.349759,8539,191,0,systemd-udevd,ubuntu,3,close,1,0,"[{'name': 'fd', 'type': 'int', 'value': 6}]",0,0
16583.349784,8539,191,0,systemd-udevd,ubuntu,257,openat,4,6,"[{'name': 'dirfd', 'type': 'int', 'value': 15}, {'name': 'pathname', 'type': 'const char*', 'value': 'dmi'}, {'name': 'flags', 'type': 'int', 'value': 'O_RDONLY|O_NOFOLLOW|O_CLOEXEC|O_PATH'}, {'name': 'mode', 'type': 'mode_t', 'value': 915718182}]",0,0
16583.349808,8539,191,0,systemd-udevd,ubuntu,5,fstat,2,0,"[{'name': 'fd', 'type': 'int', 'value': 6}, {'name': 'statbuf', 'type': 'struct stat*', 'value': '0x7FFFB85B9710'}]",0,0
16583.349831,8539,191,0,systemd-udevd,ubuntu,3,close,1,0,"[{'name': 'fd', 'type': 'int', 'value': 15}]",0,0
16583.349856,8539,191,0,systemd-udevd,ubuntu,257,openat,4,15,"[{'name': 'dirfd', 'type': 'int', 'value': 6}, {'name': 'pathname', 'type': 'const char*', 'value': 'id'}, {'name': 'flags', 'type': 'int', 'value': 'O_RDONLY|O_NOFOLLOW|O_CLOEXEC|O_PATH'}, {'name': 'mode', 'type': 'mode_t', 'value': 915718182}]",0,0
16583.349879,8539,191,0,systemd-udevd,ubuntu,5,fstat,2,0,"[{'name': 'fd', 'type': 'int', 'value': 15}, {'name': 'statbuf', 'type': 'struct stat*', 'value': '0x7FFFB85B9710'}]",0,0
16583.349902,8539,191,0,systemd-udevd,ubuntu,3,close,1,0,"[{'name': 'fd', 'type': 'int', 'value': 6}]",0,0
16583.349926,8539,191,0,systemd-udevd,ubuntu,3,close,1,0,"[{'name': 'fd', 'type': 'int', 'value': 15}]",0,0
16583.349953,8539,191,0,systemd-udevd,ubuntu,21,access,2,0,"[{'name': 'pathname', 'type': 'const char*', 'value': '/sys/devices/virtual/dmi/id/uevent'}, {'name': 'mode', 'type': 'mode_t', 'value': 'F_OK'}]",0,0
16583.34998,8539,191,0,systemd-udevd,ubuntu,6,lstat,2,0,"[{'name': 'pathname', 'type': 'const char*', 'value': '/sys/devices/virtual/dmi/id/sys_vendor'}, {'name': 'statbuf', 'type': 'struct stat*', 'value': '0x7FFFB85BA820'}]",0,0
16583.350006,8539,191,0,systemd-udevd,ubuntu,1005,security_file_open,4,0,"[{'name': 'pathname', 'type': 'const char*', 'value': '/sys/devices/virtual/dmi/id/sys_vendor'}, {'name': 'flags', 'type': 'int', 'value': 'O_RDONLY|O_LARGEFILE'}, {'name': 'dev', 'type': 'dev_t', 'value': 22}, {'name': 'inode', 'type': 'unsigned long', 'value': 713}]",0,0
16583.350034,8539,191,0,systemd-udevd,ubuntu,257,openat,4,6,"[{'name': 'dirfd', 'type': 'int', 'value': -100}, {'name': 'pathname', 'type': 'const char*', 'value': '/sys/devices/virtual/dmi/id/sys_vendor'}, {'name': 'flags', 'type': 'int', 'value': 'O_RDONLY|O_CLOEXEC'}, {'name': 'mode', 'type': 'mode_t', 'value': 915717803}]",0,0
16583.350057,8539,191,0,systemd-udevd,ubuntu,5,fstat,2,0,"[{'name': 'fd', 'type': 'int', 'value': 6}, {'name': 'statbuf', 'type': 'struct stat*', 'value': '0x7FFFB85BA8B0'}]",0,0
16583.350088,8539,191,0,systemd-udevd,ubuntu,3,close,1,0,"[{'name': 'fd', 'type': 'int', 'value': 6}]",0,0
16583.350161,8539,191,0,systemd-udevd,ubuntu,1003,cap_capable,1,0,"[{'name': 'cap', 'type': 'int', 'value': 'CAP_NET_ADMIN'}]",0,0
16583.354485,8547,191,0,systemd-udevd,ubuntu,157,prctl,5,0,"[{'name': 'option', 'type': 'int', 'value': 'PR_SET_PDEATHSIG'}, {'name': 'arg2', 'type': 'unsigned long', 'value': 15}, {'name': 'arg3', 'type': 'unsigned long', 'value': 1}, {'name': 'arg4', 'type': 'unsigned long', 'value': 140377626893982}, {'name': 'arg5', 'type': 'unsigned long', 'value': 0}]",0,0
16583.354591,8547,191,0,systemd-udevd,ubuntu,1005,security_file_open,4,0,"[{'name': 'pathname', 'type': 'const char*', 'value': '/proc/8547/oom_score_adj'}, {'name': 'flags', 'type': 'int', 'value': 'O_WRONLY|O_NOCTTY|O_LARGEFILE'}, {'name': 'dev', 'type': 'dev_t', 'value': 5}, {'name': 'inode', 'type': 'unsigned long', 'value': 118937}]",0,0
16583.354623,8547,191,0,systemd-udevd,ubuntu,257,openat,4,15,"[{'name': 'dirfd', 'type': 'int', 'value': -100}, {'name': 'pathname', 'type': 'const char*', 'value': '/proc/self/oom_score_adj'}, {'name': 'flags', 'type': 'int', 'value': 'O_WRONLY|O_NOCTTY|O_CLOEXEC'}, {'name': 'mode', 'type': 'mode_t', 'value': 915717803}]",0,0
16583.35472,8547,191,0,systemd-udevd,ubuntu,3,close,1,0,"[{'name': 'fd', 'type': 'int', 'value': 15}]",0,0
16583.354989,8547,191,0,systemd-udevd,ubuntu,3,close,1,0,"[{'name': 'fd', 'type': 'int', 'value': 4}]",0,0
16583.355017,8547,191,0,systemd-udevd,ubuntu,3,close,1,0,"[{'name': 'fd', 'type': 'int', 'value': 3}]",0,0
16583.35504,8547,191,0,systemd-udevd,ubuntu,3,close,1,0,"[{'name': 'fd', 'type': 'int', 'value': 6}]",0,0
16583.355133,8547,191,0,systemd-udevd,ubuntu,257,openat,4,-2,"[{'name': 'dirfd', 'type': 'int', 'value': -100}, {'name': 'pathname', 'type': 'const char*', 'value': '/run/udev/data/+cgroup:task_struct(1842:packagekit.service)'}, {'name': 'flags', 'type': 'int', 'value': 'O_RDONLY|O_CLOEXEC'}, {'name': 'mode', 'type': 'mode_t', 'value': 915717803}]",0,0
16583.355163,8547,191,0,systemd-udevd,ubuntu,87,unlink,1,-2,"[{'name': 'pathname', 'type': 'const char*', 'value': '/run/udev/data/+cgroup:task_struct(1842:packagekit.service)'}]",0,0
16583.355213,8547,191,0,systemd-udevd,ubuntu,21,access,2,-2,"[{'name': 'pathname', 'type': 'const char*', 'value': '/sys/subsystem/dmi/devices/id'}, {'name': 'mode', 'type': 'mode_t', 'value': 'F_OK'}]",0,0
16583.355241,8547,191,0,systemd-udevd,ubuntu,21,access,2,-2,"[{'name': 'pathname', 'type': 'const char*', 'value': '/sys/bus/dmi/devices/id'}, {'name': 'mode', 'type': 'mode_t', 'value': 'F_OK'}]",0,0
16583.355269,8547,191,0,systemd-udevd,ubuntu,21,access,2,0,"[{'name': 'pathname', 'type': 'const char*', 'value': '/sys/class/dmi/id'}, {'name': 'mode', 'type': 'mode_t', 'value': 'F_OK'}]",0,0
16583.355296,8547,191,0,systemd-udevd,ubuntu,257,openat,4,6,"[{'name': 'dirfd', 'type': 'int', 'value': -100}, {'name': 'pathname', 'type': 'const char*', 'value': '/'}, {'name': 'flags', 'type': 'int', 'value': 'O_RDONLY|O_DIRECTORY|O_CLOEXEC|O_PATH'}, {'name': 'mode', 'type': 'mode_t', 'value': 915717803}]",0,0
16583.355321,8547,191,0,systemd-udevd,ubuntu,257,openat,4,15,"[{'name': 'dirfd', 'type': 'int', 'value': 6}, {'name': 'pathname', 'type': 'const char*', 'value': 'sys'}, {'name': 'flags', 'type': 'int', 'value': 'O_RDONLY|O_NOFOLLOW|O_CLOEXEC|O_PATH'}, {'name': 'mode', 'type': 'mode_t', 'value': 915718182}]",0,0
16583.355346,8547,191,0,systemd-udevd,ubuntu,5,fstat,2,0,"[{'name': 'fd', 'type': 'int', 'value': 15}, {'name': 'statbuf', 'type': 'struct stat*', 'value': '0x7FFFB85B9800'}]",0,0
16583.355369,8547,191,0,systemd-udevd,ubuntu,3,close,1,0,"[{'name': 'fd', 'type': 'int', 'value': 6}]",0,0
16583.355395,8547,191,0,systemd-udevd,ubuntu,257,openat,4,6,"[{'name': 'dirfd', 'type': 'int', 'value': 15}, {'name': 'pathname', 'type': 'const char*', 'value': 'class'}, {'name': 'flags', 'type': 'int', 'value': 'O_RDONLY|O_NOFOLLOW|O_CLOEXEC|O_PATH'}, {'name': 'mode', 'type': 'mode_t', 'value': 915718182}]",0,0
16583.355418,8547,191,0,systemd-udevd,ubuntu,5,fstat,2,0,"[{'name': 'fd', 'type': 'int', 'value': 6}, {'name': 'statbuf', 'type': 'struct stat*', 'value': '0x7FFFB85B9800'}]",0,0
16583.355442,8547,191,0,systemd-udevd,ubuntu,3,close,1,0,"[{'name': 'fd', 'type': 'int', 'value': 15}]",0,0
16583.355467,8547,191,0,systemd-udevd,ubuntu,257,openat,4,15,"[{'name': 'dirfd', 'type': 'int', 'value': 6}, {'name': 'pathname', 'type': 'const char*', 'value': 'dmi'}, {'name': 'flags', 'type': 'int', 'value': 'O_RDONLY|O_NOFOLLOW|O_CLOEXEC|O_PATH'}, {'name': 'mode', 'type': 'mode_t', 'value': 915718182}]",0,0
16583.35549,8547,191,0,systemd-udevd,ubuntu,5,fstat,2,0,"[{'name': 'fd', 'type': 'int', 'value': 15}, {'name': 'statbuf', 'type': 'struct stat*', 'value': '0x7FFFB85B9800'}]",0,0
16583.355513,8547,191,0,systemd-udevd,ubuntu,3,close,1,0,"[{'name': 'fd', 'type': 'int', 'value': 6}]",0,0
16583.355538,8547,191,0,systemd-udevd,ubuntu,257,openat,4,6,"[{'name': 'dirfd', 'type': 'int', 'value': 15}, {'name': 'pathname', 'type': 'const char*', 'value': 'id'}, {'name': 'flags', 'type': 'int', 'value': 'O_RDONLY|O_NOFOLLOW|O_CLOEXEC|O_PATH'}, {'name': 'mode', 'type': 'mode_t', 'value': 915718182}]",0,0
16583.355562,8547,191,0,systemd-udevd,ubuntu,5,fstat,2,0,"[{'name': 'fd', 'type': 'int', 'value': 6}, {'name': 'statbuf', 'type': 'struct stat*', 'value': '0x7FFFB85B9800'}]",0,0
16583.355606,8547,191,0,systemd-udevd,ubuntu,3,close,1,0,"[{'name': 'fd', 'type': 'int', 'value': 6}]",0,0
16583.355634,8547,191,0,systemd-udevd,ubuntu,257,openat,4,6,"[{'name': 'dirfd', 'type': 'int', 'value': 15}, {'name': 'pathname', 'type': 'const char*', 'value': '..'}, {'name': 'flags', 'type': 'int', 'value': 'O_RDONLY|O_NOFOLLOW|O_CLOEXEC|O_PATH'}, {'name': 'mode', 'type': 'mode_t', 'value': 915718182}]",0,0
16583.355657,8547,191,0,systemd-udevd,ubuntu,3,close,1,0,"[{'name': 'fd', 'type': 'int', 'value': 15}]",0,0
16583.355682,8547,191,0,systemd-udevd,ubuntu,257,openat,4,15,"[{'name': 'dirfd', 'type': 'int', 'value': 6}, {'name': 'pathname', 'type': 'const char*', 'value': '..'}, {'name': 'flags', 'type': 'int', 'value': 'O_RDONLY|O_NOFOLLOW|O_CLOEXEC|O_PATH'}, {'name': 'mode', 'type': 'mode_t', 'value': 915718182}]",0,0
16583.355705,8547,191,0,systemd-udevd,ubuntu,3,close,1,0,"[{'name': 'fd', 'type': 'int', 'value': 6}]",0,0
16583.35573,8547,191,0,systemd-udevd,ubuntu,257,openat,4,6,"[{'name': 'dirfd', 'type': 'int', 'value': 15}, {'name': 'pathname', 'type': 'const char*', 'value': 'devices'}, {'name': 'flags', 'type': 'int', 'value': 'O_RDONLY|O_NOFOLLOW|O_CLOEXEC|O_PATH'}, {'name': 'mode', 'type': 'mode_t', 'value': 915718182}]",0,0
16583.355753,8547,191,0,systemd-udevd,ubuntu,5,fstat,2,0,"[{'name': 'fd', 'type': 'int', 'value': 6}, {'name': 'statbuf', 'type': 'struct stat*', 'value': '0x7FFFB85B9800'}]",0,0
16583.355776,8547,191,0,systemd-udevd,ubuntu,3,close,1,0,"[{'name': 'fd', 'type': 'int', 'value': 15}]",0,0
16583.355801,8547,191,0,systemd-udevd,ubuntu,257,openat,4,15,"[{'name': 'dirfd', 'type': 'int', 'value': 6}, {'name': 'pathname', 'type': 'const char*', 'value': 'virtual'}, {'name': 'flags', 'type': 'int', 'value': 'O_RDONLY|O_NOFOLLOW|O_CLOEXEC|O_PATH'}, {'name': 'mode', 'type': 'mode_t', 'value': 915718182}]",0,0
16583.355824,8547,191,0,systemd-udevd,ubuntu,5,fstat,2,0,"[{'name': 'fd', 'type': 'int', 'value': 15}, {'name': 'statbuf', 'type': 'struct stat*', 'value': '0x7FFFB85B9800'}]",0,0
16583.355846,8547,191,0,systemd-udevd,ubuntu,3,close,1,0,"[{'name': 'fd', 'type': 'int', 'value': 6}]",0,0
16583.355871,8547,191,0,systemd-udevd,ubuntu,257,openat,4,6,"[{'name': 'dirfd', 'type': 'int', 'value': 15}, {'name': 'pathname', 'type': 'const char*', 'value': 'dmi'}, {'name': 'flags', 'type': 'int', 'value': 'O_RDONLY|O_NOFOLLOW|O_CLOEXEC|O_PATH'}, {'name': 'mode', 'type': 'mode_t', 'value': 915718182}]",0,0
16583.355895,8547,191,0,systemd-udevd,ubuntu,5,fstat,2,0,"[{'name': 'fd', 'type': 'int', 'value': 6}, {'name': 'statbuf', 'type': 'struct stat*', 'value': '0x7FFFB85B9800'}]",0,0
16583.355918,8547,191,0,systemd-udevd,ubuntu,3,close,1,0,"[{'name': 'fd', 'type': 'int', 'value': 15}]",0,0
16583.355943,8547,191,0,systemd-udevd,ubuntu,257,openat,4,15,"[{'name': 'dirfd', 'type': 'int', 'value': 6}, {'name': 'pathname', 'type': 'const char*', 'value': 'id'}, {'name': 'flags', 'type': 'int', 'value': 'O_RDONLY|O_NOFOLLOW|O_CLOEXEC|O_PATH'}, {'name': 'mode', 'type': 'mode_t', 'value': 915718182}]",0,0
16583.355966,8547,191,0,systemd-udevd,ubuntu,5,fstat,2,0,"[{'name': 'fd', 'type': 'int', 'value': 15}, {'name': 'statbuf', 'type': 'struct stat*', 'value': '0x7FFFB85B9800'}]",0,0
16583.355989,8547,191,0,systemd-udevd,ubuntu,3,close,1,0,"[{'name': 'fd', 'type': 'int', 'value': 6}]",0,0
16583.356013,8547,191,0,systemd-udevd,ubuntu,3,close,1,0,"[{'name': 'fd', 'type': 'int', 'value': 15}]",0,0
16583.35604,8547,191,0,systemd-udevd,ubuntu,21,access,2,0,"[{'name': 'pathname', 'type': 'const char*', 'value': '/sys/devices/virtual/dmi/id/uevent'}, {'name': 'mode', 'type': 'mode_t', 'value': 'F_OK'}]",0,0
16583.356068,8547,191,0,systemd-udevd,ubuntu,6,lstat,2,0,"[{'name': 'pathname', 'type': 'const char*', 'value': '/sys/devices/virtual/dmi/id/sys_vendor'}, {'name': 'statbuf', 'type': 'struct stat*', 'value': '0x7FFFB85BA910'}]",0,0
16583.356094,8547,191,0,systemd-udevd,ubuntu,1005,security_file_open,4,0,"[{'name': 'pathname', 'type': 'const char*', 'value': '/sys/devices/virtual/dmi/id/sys_vendor'}, {'name': 'flags', 'type': 'int', 'value': 'O_RDONLY|O_LARGEFILE'}, {'name': 'dev', 'type': 'dev_t', 'value': 22}, {'name': 'inode', 'type': 'unsigned long', 'value': 713}]",0,0
16583.356124,8547,191,0,systemd-udevd,ubuntu,257,openat,4,6,"[{'name': 'dirfd', 'type': 'int', 'value': -100}, {'name': 'pathname', 'type': 'const char*', 'value': '/sys/devices/virtual/dmi/id/sys_vendor'}, {'name': 'flags', 'type': 'int', 'value': 'O_RDONLY|O_CLOEXEC'}, {'name': 'mode', 'type': 'mode_t', 'value': 915717803}]",0,0
16583.356147,8547,191,0,systemd-udevd,ubuntu,5,fstat,2,0,"[{'name': 'fd', 'type': 'int', 'value': 6}, {'name': 'statbuf', 'type': 'struct stat*', 'value': '0x7FFFB85BA9A0'}]",0,0
16583.356182,8547,191,0,systemd-udevd,ubuntu,3,close,1,0,"[{'name': 'fd', 'type': 'int', 'value': 6}]",0,0
16583.356214,8547,191,0,systemd-udevd,ubuntu,21,access,2,-2,"[{'name': 'pathname', 'type': 'const char*', 'value': '/sys/subsystem/dmi/devices/id'}, {'name': 'mode', 'type': 'mode_t', 'value': 'F_OK'}]",0,0
16583.35624,8547,191,0,systemd-udevd,ubuntu,21,access,2,-2,"[{'name': 'pathname', 'type': 'const char*', 'value': '/sys/bus/dmi/devices/id'}, {'name': 'mode', 'type': 'mode_t', 'value': 'F_OK'}]",0,0
16583.356268,8547,191,0,systemd-udevd,ubuntu,21,access,2,0,"[{'name': 'pathname', 'type': 'const char*', 'value': '/sys/class/dmi/id'}, {'name': 'mode', 'type': 'mode_t', 'value': 'F_OK'}]",0,0
16583.356294,8547,191,0,systemd-udevd,ubuntu,257,openat,4,6,"[{'name': 'dirfd', 'type': 'int', 'value': -100}, {'name': 'pathname', 'type': 'const char*', 'value': '/'}, {'name': 'flags', 'type': 'int', 'value': 'O_RDONLY|O_DIRECTORY|O_CLOEXEC|O_PATH'}, {'name': 'mode', 'type': 'mode_t', 'value': 915717803}]",0,0
16583.356318,8547,191,0,systemd-udevd,ubuntu,257,openat,4,15,"[{'name': 'dirfd', 'type': 'int', 'value': 6}, {'name': 'pathname', 'type': 'const char*', 'value': 'sys'}, {'name': 'flags', 'type': 'int', 'value': 'O_RDONLY|O_NOFOLLOW|O_CLOEXEC|O_PATH'}, {'name': 'mode', 'type': 'mode_t', 'value': 915718182}]",0,0
16583.356342,8547,191,0,systemd-udevd,ubuntu,5,fstat,2,0,"[{'name': 'fd', 'type': 'int', 'value': 15}, {'name': 'statbuf', 'type': 'struct stat*', 'value': '0x7FFFB85B9800'}]",0,0
16583.356365,8547,191,0,systemd-udevd,ubuntu,3,close,1,0,"[{'name': 'fd', 'type': 'int', 'value': 6}]",0,0
16583.35639,8547,191,0,systemd-udevd,ubuntu,257,openat,4,6,"[{'name': 'dirfd', 'type': 'int', 'value': 15}, {'name': 'pathname', 'type': 'const char*', 'value': 'class'}, {'name': 'flags', 'type': 'int', 'value': 'O_RDONLY|O_NOFOLLOW|O_CLOEXEC|O_PATH'}, {'name': 'mode', 'type': 'mode_t', 'value': 915718182}]",0,0
16583.356413,8547,191,0,systemd-udevd,ubuntu,5,fstat,2,0,"[{'name': 'fd', 'type': 'int', 'value': 6}, {'name': 'statbuf', 'type': 'struct stat*', 'value': '0x7FFFB85B9800'}]",0,0
16583.356436,8547,191,0,systemd-udevd,ubuntu,3,close,1,0,"[{'name': 'fd', 'type': 'int', 'value': 15}]",0,0
16583.356461,8547,191,0,systemd-udevd,ubuntu,257,openat,4,15,"[{'name': 'dirfd', 'type': 'int', 'value': 6}, {'name': 'pathname', 'type': 'const char*', 'value': 'dmi'}, {'name': 'flags', 'type': 'int', 'value': 'O_RDONLY|O_NOFOLLOW|O_CLOEXEC|O_PATH'}, {'name': 'mode', 'type': 'mode_t', 'value': 915718182}]",0,0
16583.356484,8547,191,0,systemd-udevd,ubuntu,5,fstat,2,0,"[{'name': 'fd', 'type': 'int', 'value': 15}, {'name': 'statbuf', 'type': 'struct stat*', 'value': '0x7FFFB85B9800'}]",0,0
16583.356507,8547,191,0,systemd-udevd,ubuntu,3,close,1,0,"[{'name': 'fd', 'type': 'int', 'value': 6}]",0,0
16583.356532,8547,191,0,systemd-udevd,ubuntu,257,openat,4,6,"[{'name': 'dirfd', 'type': 'int', 'value': 15}, {'name': 'pathname', 'type': 'const char*', 'value': 'id'}, {'name': 'flags', 'type': 'int', 'value': 'O_RDONLY|O_NOFOLLOW|O_CLOEXEC|O_PATH'}, {'name': 'mode', 'type': 'mode_t', 'value': 915718182}]",0,0
16583.356612,8547,191,0,systemd-udevd,ubuntu,257,openat,4,6,"[{'name': 'dirfd', 'type': 'int', 'value': 15}, {'name': 'pathname', 'type': 'const char*', 'value': '..'}, {'name': 'flags', 'type': 'int', 'value': 'O_RDONLY|O_NOFOLLOW|O_CLOEXEC|O_PATH'}, {'name': 'mode', 'type': 'mode_t', 'value': 915718182}]",0,0
16583.356586,8547,191,0,systemd-udevd,ubuntu,3,close,1,0,"[{'name': 'fd', 'type': 'int', 'value': 6}]",0,0
16583.356556,8547,191,0,systemd-udevd,ubuntu,5,fstat,2,0,"[{'name': 'fd', 'type': 'int', 'value': 6}, {'name': 'statbuf', 'type': 'struct stat*', 'value': '0x7FFFB85B9800'}]",0,0
16583.356635,8547,191,0,systemd-udevd,ubuntu,3,close,1,0,"[{'name': 'fd', 'type': 'int', 'value': 15}]",0,0
16583.35666,8547,191,0,systemd-udevd,ubuntu,257,openat,4,15,"[{'name': 'dirfd', 'type': 'int', 'value': 6}, {'name': 'pathname', 'type': 'const char*', 'value': '..'}, {'name': 'flags', 'type': 'int', 'value': 'O_RDONLY|O_NOFOLLOW|O_CLOEXEC|O_PATH'}, {'name': 'mode', 'type': 'mode_t', 'value': 915718182}]",0,0
16583.356683,8547,191,0,systemd-udevd,ubuntu,3,close,1,0,"[{'name': 'fd', 'type': 'int', 'value': 6}]",0,0
16583.356708,8547,191,0,systemd-udevd,ubuntu,257,openat,4,6,"[{'name': 'dirfd', 'type': 'int', 'value': 15}, {'name': 'pathname', 'type': 'const char*', 'value': 'devices'}, {'name': 'flags', 'type': 'int', 'value': 'O_RDONLY|O_NOFOLLOW|O_CLOEXEC|O_PATH'}, {'name': 'mode', 'type': 'mode_t', 'value': 915718182}]",0,0
16583.356731,8547,191,0,systemd-udevd,ubuntu,5,fstat,2,0,"[{'name': 'fd', 'type': 'int', 'value': 6}, {'name': 'statbuf', 'type': 'struct stat*', 'value': '0x7FFFB85B9800'}]",0,0
16583.356753,8547,191,0,systemd-udevd,ubuntu,3,close,1,0,"[{'name': 'fd', 'type': 'int', 'value': 15}]",0,0
16583.356778,8547,191,0,systemd-udevd,ubuntu,257,openat,4,15,"[{'name': 'dirfd', 'type': 'int', 'value': 6}, {'name': 'pathname', 'type': 'const char*', 'value': 'virtual'}, {'name': 'flags', 'type': 'int', 'value': 'O_RDONLY|O_NOFOLLOW|O_CLOEXEC|O_PATH'}, {'name': 'mode', 'type': 'mode_t', 'value': 915718182}]",0,0
16583.356801,8547,191,0,systemd-udevd,ubuntu,5,fstat,2,0,"[{'name': 'fd', 'type': 'int', 'value': 15}, {'name': 'statbuf', 'type': 'struct stat*', 'value': '0x7FFFB85B9800'}]",0,0
16583.356823,8547,191,0,systemd-udevd,ubuntu,3,close,1,0,"[{'name': 'fd', 'type': 'int', 'value': 6}]",0,0
16583.356848,8547,191,0,systemd-udevd,ubuntu,257,openat,4,6,"[{'name': 'dirfd', 'type': 'int', 'value': 15}, {'name': 'pathname', 'type': 'const char*', 'value': 'dmi'}, {'name': 'flags', 'type': 'int', 'value': 'O_RDONLY|O_NOFOLLOW|O_CLOEXEC|O_PATH'}, {'name': 'mode', 'type': 'mode_t', 'value': 915718182}]",0,0
16583.356894,8547,191,0,systemd-udevd,ubuntu,3,close,1,0,"[{'name': 'fd', 'type': 'int', 'value': 15}]",0,0
16583.356871,8547,191,0,systemd-udevd,ubuntu,5,fstat,2,0,"[{'name': 'fd', 'type': 'int', 'value': 6}, {'name': 'statbuf', 'type': 'struct stat*', 'value': '0x7FFFB85B9800'}]",0,0
16583.356919,8547,191,0,systemd-udevd,ubuntu,257,openat,4,15,"[{'name': 'dirfd', 'type': 'int', 'value': 6}, {'name': 'pathname', 'type': 'const char*', 'value': 'id'}, {'name': 'flags', 'type': 'int', 'value': 'O_RDONLY|O_NOFOLLOW|O_CLOEXEC|O_PATH'}, {'name': 'mode', 'type': 'mode_t', 'value': 915718182}]",0,0
16583.356942,8547,191,0,systemd-udevd,ubuntu,5,fstat,2,0,"[{'name': 'fd', 'type': 'int', 'value': 15}, {'name': 'statbuf', 'type': 'struct stat*', 'value': '0x7FFFB85B9800'}]",0,0
16583.356965,8547,191,0,systemd-udevd,ubuntu,3,close,1,0,"[{'name': 'fd', 'type': 'int', 'value': 6}]",0,0
16583.356989,8547,191,0,systemd-udevd,ubuntu,3,close,1,0,"[{'name': 'fd', 'type': 'int', 'value': 15}]",0,0
16583.357015,8547,191,0,systemd-udevd,ubuntu,21,access,2,0,"[{'name': 'pathname', 'type': 'const char*', 'value': '/sys/devices/virtual/dmi/id/uevent'}, {'name': 'mode', 'type': 'mode_t', 'value': 'F_OK'}]",0,0
16583.357041,8547,191,0,systemd-udevd,ubuntu,6,lstat,2,0,"[{'name': 'pathname', 'type': 'const char*', 'value': '/sys/devices/virtual/dmi/id/sys_vendor'}, {'name': 'statbuf', 'type': 'struct stat*', 'value': '0x7FFFB85BA910'}]",0,0
16583.357067,8547,191,0,systemd-udevd,ubuntu,1005,security_file_open,4,0,"[{'name': 'pathname', 'type': 'const char*', 'value': '/sys/devices/virtual/dmi/id/sys_vendor'}, {'name': 'flags', 'type': 'int', 'value': 'O_RDONLY|O_LARGEFILE'}, {'name': 'dev', 'type': 'dev_t', 'value': 22}, {'name': 'inode', 'type': 'unsigned long', 'value': 713}]",0,0
16583.357095,8547,191,0,systemd-udevd,ubuntu,257,openat,4,6,"[{'name': 'dirfd', 'type': 'int', 'value': -100}, {'name': 'pathname', 'type': 'const char*', 'value': '/sys/devices/virtual/dmi/id/sys_vendor'}, {'name': 'flags', 'type': 'int', 'value': 'O_RDONLY|O_CLOEXEC'}, {'name': 'mode', 'type': 'mode_t', 'value': 915717803}]",0,0
16583.357117,8547,191,0,systemd-udevd,ubuntu,5,fstat,2,0,"[{'name': 'fd', 'type': 'int', 'value': 6}, {'name': 'statbuf', 'type': 'struct stat*', 'value': '0x7FFFB85BA9A0'}]",0,0
16583.357148,8547,191,0,systemd-udevd,ubuntu,3,close,1,0,"[{'name': 'fd', 'type': 'int', 'value': 6}]",0,0
16583.357354,8547,191,0,systemd-udevd,ubuntu,1003,cap_capable,1,0,"[{'name': 'cap', 'type': 'int', 'value': 'CAP_NET_ADMIN'}]",0,0
16583.368128,191,1,0,systemd-udevd,ubuntu,1003,cap_capable,1,0,"[{'name': 'cap', 'type': 'int', 'value': 'CAP_NET_ADMIN'}]",0,0
16583.376745,8542,191,0,systemd-udevd,ubuntu,257,openat,4,-2,"[{'name': 'dirfd', 'type': 'int', 'value': -100}, {'name': 'pathname', 'type': 'const char*', 'value': '/run/udev/data/+cgroup:cred_jar(1842:packagekit.service)'}, {'name': 'flags', 'type': 'int', 'value': 'O_RDONLY|O_CLOEXEC'}, {'name': 'mode', 'type': 'mode_t', 'value': 915717803}]",0,0
16583.376872,8542,191,0,systemd-udevd,ubuntu,87,unlink,1,-2,"[{'name': 'pathname', 'type': 'const char*', 'value': '/run/udev/data/+cgroup:cred_jar(1842:packagekit.service)'}]",0,0
16583.376958,8542,191,0,systemd-udevd,ubuntu,21,access,2,-2,"[{'name': 'pathname', 'type': 'const char*', 'value': '/sys/subsystem/dmi/devices/id'}, {'name': 'mode', 'type': 'mode_t', 'value': 'F_OK'}]",0,0
16583.377308,8542,191,0,systemd-udevd,ubuntu,21,access,2,-2,"[{'name': 'pathname', 'type': 'const char*', 'value': '/sys/bus/dmi/devices/id'}, {'name': 'mode', 'type': 'mode_t', 'value': 'F_OK'}]",0,0
16583.377362,8542,191,0,systemd-udevd,ubuntu,21,access,2,0,"[{'name': 'pathname', 'type': 'const char*', 'value': '/sys/class/dmi/id'}, {'name': 'mode', 'type': 'mode_t', 'value': 'F_OK'}]",0,0
16583.377416,8542,191,0,systemd-udevd,ubuntu,257,openat,4,6,"[{'name': 'dirfd', 'type': 'int', 'value': -100}, {'name': 'pathname', 'type': 'const char*', 'value': '/'}, {'name': 'flags', 'type': 'int', 'value': 'O_RDONLY|O_DIRECTORY|O_CLOEXEC|O_PATH'}, {'name': 'mode', 'type': 'mode_t', 'value': 915717803}]",0,0
16583.377529,8542,191,0,systemd-udevd,ubuntu,257,openat,4,15,"[{'name': 'dirfd', 'type': 'int', 'value': 6}, {'name': 'pathname', 'type': 'const char*', 'value': 'sys'}, {'name': 'flags', 'type': 'int', 'value': 'O_RDONLY|O_NOFOLLOW|O_CLOEXEC|O_PATH'}, {'name': 'mode', 'type': 'mode_t', 'value': 915718182}]",0,0
16583.377575,8542,191,0,systemd-udevd,ubuntu,5,fstat,2,0,"[{'name': 'fd', 'type': 'int', 'value': 15}, {'name': 'statbuf', 'type': 'struct stat*', 'value': '0x7FFFB85B9710'}]",0,0
16583.377792,8542,191,0,systemd-udevd,ubuntu,3,close,1,0,"[{'name': 'fd', 'type': 'int', 'value': 6}]",0,0
16583.377908,8542,191,0,systemd-udevd,ubuntu,257,openat,4,6,"[{'name': 'dirfd', 'type': 'int', 'value': 15}, {'name': 'pathname', 'type': 'const char*', 'value': 'class'}, {'name': 'flags', 'type': 'int', 'value': 'O_RDONLY|O_NOFOLLOW|O_CLOEXEC|O_PATH'}, {'name': 'mode', 'type': 'mode_t', 'value': 915718182}]",0,0
16583.37804,191,1,0,systemd-udevd,ubuntu,1003,cap_capable,1,0,"[{'name': 'cap', 'type': 'int', 'value': 'CAP_NET_ADMIN'}]",0,0
16583.378559,8542,191,0,systemd-udevd,ubuntu,5,fstat,2,0,"[{'name': 'fd', 'type': 'int', 'value': 6}, {'name': 'statbuf', 'type': 'struct stat*', 'value': '0x7FFFB85B9710'}]",0,0
16583.378621,8542,191,0,systemd-udevd,ubuntu,3,close,1,0,"[{'name': 'fd', 'type': 'int', 'value': 15}]",0,0
16583.378664,8542,191,0,systemd-udevd,ubuntu,257,openat,4,15,"[{'name': 'dirfd', 'type': 'int', 'value': 6}, {'name': 'pathname', 'type': 'const char*', 'value': 'dmi'}, {'name': 'flags', 'type': 'int', 'value': 'O_RDONLY|O_NOFOLLOW|O_CLOEXEC|O_PATH'}, {'name': 'mode', 'type': 'mode_t', 'value': 915718182}]",0,0
16583.378702,8542,191,0,systemd-udevd,ubuntu,5,fstat,2,0,"[{'name': 'fd', 'type': 'int', 'value': 15}, {'name': 'statbuf', 'type': 'struct stat*', 'value': '0x7FFFB85B9710'}]",0,0
16583.378737,8542,191,0,systemd-udevd,ubuntu,3,close,1,0,"[{'name': 'fd', 'type': 'int', 'value': 6}]",0,0
16583.378775,8542,191,0,systemd-udevd,ubuntu,257,openat,4,6,"[{'name': 'dirfd', 'type': 'int', 'value': 15}, {'name': 'pathname', 'type': 'const char*', 'value': 'id'}, {'name': 'flags', 'type': 'int', 'value': 'O_RDONLY|O_NOFOLLOW|O_CLOEXEC|O_PATH'}, {'name': 'mode', 'type': 'mode_t', 'value': 915718182}]",0,0
16583.379046,8542,191,0,systemd-udevd,ubuntu,5,fstat,2,0,"[{'name': 'fd', 'type': 'int', 'value': 6}, {'name': 'statbuf', 'type': 'struct stat*', 'value': '0x7FFFB85B9710'}]",0,0
16583.37913,8542,191,0,systemd-udevd,ubuntu,3,close,1,0,"[{'name': 'fd', 'type': 'int', 'value': 6}]",0,0
16583.379266,8542,191,0,systemd-udevd,ubuntu,257,openat,4,6,"[{'name': 'dirfd', 'type': 'int', 'value': 15}, {'name': 'pathname', 'type': 'const char*', 'value': '..'}, {'name': 'flags', 'type': 'int', 'value': 'O_RDONLY|O_NOFOLLOW|O_CLOEXEC|O_PATH'}, {'name': 'mode', 'type': 'mode_t', 'value': 915718182}]",0,0
16583.379316,8542,191,0,systemd-udevd,ubuntu,3,close,1,0,"[{'name': 'fd', 'type': 'int', 'value': 15}]",0,0
16583.379376,8542,191,0,systemd-udevd,ubuntu,257,openat,4,15,"[{'name': 'dirfd', 'type': 'int', 'value': 6}, {'name': 'pathname', 'type': 'const char*', 'value': '..'}, {'name': 'flags', 'type': 'int', 'value': 'O_RDONLY|O_NOFOLLOW|O_CLOEXEC|O_PATH'}, {'name': 'mode', 'type': 'mode_t', 'value': 915718182}]",0,0
16583.379543,8542,191,0,systemd-udevd,ubuntu,3,close,1,0,"[{'name': 'fd', 'type': 'int', 'value': 6}]",0,0
16583.379693,8542,191,0,systemd-udevd,ubuntu,257,openat,4,6,"[{'name': 'dirfd', 'type': 'int', 'value': 15}, {'name': 'pathname', 'type': 'const char*', 'value': 'devices'}, {'name': 'flags', 'type': 'int', 'value': 'O_RDONLY|O_NOFOLLOW|O_CLOEXEC|O_PATH'}, {'name': 'mode', 'type': 'mode_t', 'value': 915718182}]",0,0
16583.379784,8542,191,0,systemd-udevd,ubuntu,5,fstat,2,0,"[{'name': 'fd', 'type': 'int', 'value': 6}, {'name': 'statbuf', 'type': 'struct stat*', 'value': '0x7FFFB85B9710'}]",0,0
16583.379956,8542,191,0,systemd-udevd,ubuntu,3,close,1,0,"[{'name': 'fd', 'type': 'int', 'value': 15}]",0,0
16583.380006,8542,191,0,systemd-udevd,ubuntu,257,openat,4,15,"[{'name': 'dirfd', 'type': 'int', 'value': 6}, {'name': 'pathname', 'type': 'const char*', 'value': 'virtual'}, {'name': 'flags', 'type': 'int', 'value': 'O_RDONLY|O_NOFOLLOW|O_CLOEXEC|O_PATH'}, {'name': 'mode', 'type': 'mode_t', 'value': 915718182}]",0,0
16583.380182,8542,191,0,systemd-udevd,ubuntu,5,fstat,2,0,"[{'name': 'fd', 'type': 'int', 'value': 15}, {'name': 'statbuf', 'type': 'struct stat*', 'value': '0x7FFFB85B9710'}]",0,0
16583.380227,8542,191,0,systemd-udevd,ubuntu,3,close,1,0,"[{'name': 'fd', 'type': 'int', 'value': 6}]",0,0
16583.380447,8542,191,0,systemd-udevd,ubuntu,257,openat,4,6,"[{'name': 'dirfd', 'type': 'int', 'value': 15}, {'name': 'pathname', 'type': 'const char*', 'value': 'dmi'}, {'name': 'flags', 'type': 'int', 'value': 'O_RDONLY|O_NOFOLLOW|O_CLOEXEC|O_PATH'}, {'name': 'mode', 'type': 'mode_t', 'value': 915718182}]",0,0
16583.380563,8542,191,0,systemd-udevd,ubuntu,5,fstat,2,0,"[{'name': 'fd', 'type': 'int', 'value': 6}, {'name': 'statbuf', 'type': 'struct stat*', 'value': '0x7FFFB85B9710'}]",0,0
16583.380608,8542,191,0,systemd-udevd,ubuntu,3,close,1,0,"[{'name': 'fd', 'type': 'int', 'value': 15}]",0,0
16583.380704,8542,191,0,systemd-udevd,ubuntu,257,openat,4,15,"[{'name': 'dirfd', 'type': 'int', 'value': 6}, {'name': 'pathname', 'type': 'const char*', 'value': 'id'}, {'name': 'flags', 'type': 'int', 'value': 'O_RDONLY|O_NOFOLLOW|O_CLOEXEC|O_PATH'}, {'name': 'mode', 'type': 'mode_t', 'value': 915718182}]",0,0
16583.380842,8542,191,0,systemd-udevd,ubuntu,5,fstat,2,0,"[{'name': 'fd', 'type': 'int', 'value': 15}, {'name': 'statbuf', 'type': 'struct stat*', 'value': '0x7FFFB85B9710'}]",0,0
16583.381067,8542,191,0,systemd-udevd,ubuntu,3,close,1,0,"[{'name': 'fd', 'type': 'int', 'value': 6}]",0,0
16583.381183,8542,191,0,systemd-udevd,ubuntu,3,close,1,0,"[{'name': 'fd', 'type': 'int', 'value': 15}]",0,0
16583.381234,8542,191,0,systemd-udevd,ubuntu,21,access,2,0,"[{'name': 'pathname', 'type': 'const char*', 'value': '/sys/devices/virtual/dmi/id/uevent'}, {'name': 'mode', 'type': 'mode_t', 'value': 'F_OK'}]",0,0
16583.381288,8542,191,0,systemd-udevd,ubuntu,6,lstat,2,0,"[{'name': 'pathname', 'type': 'const char*', 'value': '/sys/devices/virtual/dmi/id/sys_vendor'}, {'name': 'statbuf', 'type': 'struct stat*', 'value': '0x7FFFB85BA820'}]",0,0
16583.38144,8542,191,0,systemd-udevd,ubuntu,1005,security_file_open,4,0,"[{'name': 'pathname', 'type': 'const char*', 'value': '/sys/devices/virtual/dmi/id/sys_vendor'}, {'name': 'flags', 'type': 'int', 'value': 'O_RDONLY|O_LARGEFILE'}, {'name': 'dev', 'type': 'dev_t', 'value': 22}, {'name': 'inode', 'type': 'unsigned long', 'value': 713}]",0,0
16583.381511,8542,191,0,systemd-udevd,ubuntu,257,openat,4,6,"[{'name': 'dirfd', 'type': 'int', 'value': -100}, {'name': 'pathname', 'type': 'const char*', 'value': '/sys/devices/virtual/dmi/id/sys_vendor'}, {'name': 'flags', 'type': 'int', 'value': 'O_RDONLY|O_CLOEXEC'}, {'name': 'mode', 'type': 'mode_t', 'value': 915717803}]",0,0
16583.38185,8542,191,0,systemd-udevd,ubuntu,5,fstat,2,0,"[{'name': 'fd', 'type': 'int', 'value': 6}, {'name': 'statbuf', 'type': 'struct stat*', 'value': '0x7FFFB85BA8B0'}]",0,0
16583.381905,8542,191,0,systemd-udevd,ubuntu,3,close,1,0,"[{'name': 'fd', 'type': 'int', 'value': 6}]",0,0
16583.381982,8542,191,0,systemd-udevd,ubuntu,21,access,2,-2,"[{'name': 'pathname', 'type': 'const char*', 'value': '/sys/subsystem/dmi/devices/id'}, {'name': 'mode', 'type': 'mode_t', 'value': 'F_OK'}]",0,0
16583.382123,8542,191,0,systemd-udevd,ubuntu,21,access,2,-2,"[{'name': 'pathname', 'type': 'const char*', 'value': '/sys/bus/dmi/devices/id'}, {'name': 'mode', 'type': 'mode_t', 'value': 'F_OK'}]",0,0
16583.382237,8542,191,0,systemd-udevd,ubuntu,21,access,2,0,"[{'name': 'pathname', 'type': 'const char*', 'value': '/sys/class/dmi/id'}, {'name': 'mode', 'type': 'mode_t', 'value': 'F_OK'}]",0,0
16583.382639,191,1,0,systemd-udevd,ubuntu,1003,cap_capable,1,0,"[{'name': 'cap', 'type': 'int', 'value': 'CAP_NET_ADMIN'}]",0,0
16583.383144,8543,191,0,systemd-udevd,ubuntu,257,openat,4,-2,"[{'name': 'dirfd', 'type': 'int', 'value': -100}, {'name': 'pathname', 'type': 'const char*', 'value': '/run/udev/data/+cgroup:anon_vma_chain(1842:packagekit.service)'}, {'name': 'flags', 'type': 'int', 'value': 'O_RDONLY|O_CLOEXEC'}, {'name': 'mode', 'type': 'mode_t', 'value': 915717803}]",0,0
16583.383474,8543,191,0,systemd-udevd,ubuntu,87,unlink,1,-2,"[{'name': 'pathname', 'type': 'const char*', 'value': '/run/udev/data/+cgroup:anon_vma_chain(1842:packagekit.service)'}]",0,0
16583.383536,8543,191,0,systemd-udevd,ubuntu,21,access,2,-2,"[{'name': 'pathname', 'type': 'const char*', 'value': '/sys/subsystem/dmi/devices/id'}, {'name': 'mode', 'type': 'mode_t', 'value': 'F_OK'}]",0,0
16583.383591,8543,191,0,systemd-udevd,ubuntu,21,access,2,-2,"[{'name': 'pathname', 'type': 'const char*', 'value': '/sys/bus/dmi/devices/id'}, {'name': 'mode', 'type': 'mode_t', 'value': 'F_OK'}]",0,0
16583.383836,8543,191,0,systemd-udevd,ubuntu,21,access,2,0,"[{'name': 'pathname', 'type': 'const char*', 'value': '/sys/class/dmi/id'}, {'name': 'mode', 'type': 'mode_t', 'value': 'F_OK'}]",0,0
16583.383975,8543,191,0,systemd-udevd,ubuntu,257,openat,4,6,"[{'name': 'dirfd', 'type': 'int', 'value': -100}, {'name': 'pathname', 'type': 'const char*', 'value': '/'}, {'name': 'flags', 'type': 'int', 'value': 'O_RDONLY|O_DIRECTORY|O_CLOEXEC|O_PATH'}, {'name': 'mode', 'type': 'mode_t', 'value': 915717803}]",0,0
16583.384023,8543,191,0,systemd-udevd,ubuntu,257,openat,4,15,"[{'name': 'dirfd', 'type': 'int', 'value': 6}, {'name': 'pathname', 'type': 'const char*', 'value': 'sys'}, {'name': 'flags', 'type': 'int', 'value': 'O_RDONLY|O_NOFOLLOW|O_CLOEXEC|O_PATH'}, {'name': 'mode', 'type': 'mode_t', 'value': 915718182}]",0,0
16583.384091,8543,191,0,systemd-udevd,ubuntu,5,fstat,2,0,"[{'name': 'fd', 'type': 'int', 'value': 15}, {'name': 'statbuf', 'type': 'struct stat*', 'value': '0x7FFFB85B9710'}]",0,0
16583.384692,8543,191,0,systemd-udevd,ubuntu,3,close,1,0,"[{'name': 'fd', 'type': 'int', 'value': 6}]",0,0
16583.384761,8542,191,0,systemd-udevd,ubuntu,257,openat,4,6,"[{'name': 'dirfd', 'type': 'int', 'value': -100}, {'name': 'pathname', 'type': 'const char*', 'value': '/'}, {'name': 'flags', 'type': 'int', 'value': 'O_RDONLY|O_DIRECTORY|O_CLOEXEC|O_PATH'}, {'name': 'mode', 'type': 'mode_t', 'value': 915717803}]",0,0
16583.384806,8543,191,0,systemd-udevd,ubuntu,257,openat,4,6,"[{'name': 'dirfd', 'type': 'int', 'value': 15}, {'name': 'pathname', 'type': 'const char*', 'value': 'class'}, {'name': 'flags', 'type': 'int', 'value': 'O_RDONLY|O_NOFOLLOW|O_CLOEXEC|O_PATH'}, {'name': 'mode', 'type': 'mode_t', 'value': 915718182}]",0,0
16583.38485,8542,191,0,systemd-udevd,ubuntu,257,openat,4,15,"[{'name': 'dirfd', 'type': 'int', 'value': 6}, {'name': 'pathname', 'type': 'const char*', 'value': 'sys'}, {'name': 'flags', 'type': 'int', 'value': 'O_RDONLY|O_NOFOLLOW|O_CLOEXEC|O_PATH'}, {'name': 'mode', 'type': 'mode_t', 'value': 915718182}]",0,0
16583.38507,8543,191,0,systemd-udevd,ubuntu,5,fstat,2,0,"[{'name': 'fd', 'type': 'int', 'value': 6}, {'name': 'statbuf', 'type': 'struct stat*', 'value': '0x7FFFB85B9710'}]",0,0
16583.385116,8542,191,0,systemd-udevd,ubuntu,5,fstat,2,0,"[{'name': 'fd', 'type': 'int', 'value': 15}, {'name': 'statbuf', 'type': 'struct stat*', 'value': '0x7FFFB85B9710'}]",0,0
16583.385305,8542,191,0,systemd-udevd,ubuntu,3,close,1,0,"[{'name': 'fd', 'type': 'int', 'value': 6}]",0,0
16583.385357,8543,191,0,systemd-udevd,ubuntu,3,close,1,0,"[{'name': 'fd', 'type': 'int', 'value': 15}]",0,0
16583.385609,8542,191,0,systemd-udevd,ubuntu,257,openat,4,6,"[{'name': 'dirfd', 'type': 'int', 'value': 15}, {'name': 'pathname', 'type': 'const char*', 'value': 'class'}, {'name': 'flags', 'type': 'int', 'value': 'O_RDONLY|O_NOFOLLOW|O_CLOEXEC|O_PATH'}, {'name': 'mode', 'type': 'mode_t', 'value': 915718182}]",0,0
16583.385769,8543,191,0,systemd-udevd,ubuntu,257,openat,4,15,"[{'name': 'dirfd', 'type': 'int', 'value': 6}, {'name': 'pathname', 'type': 'const char*', 'value': 'dmi'}, {'name': 'flags', 'type': 'int', 'value': 'O_RDONLY|O_NOFOLLOW|O_CLOEXEC|O_PATH'}, {'name': 'mode', 'type': 'mode_t', 'value': 915718182}]",0,0
16583.38582,8543,191,0,systemd-udevd,ubuntu,5,fstat,2,0,"[{'name': 'fd', 'type': 'int', 'value': 15}, {'name': 'statbuf', 'type': 'struct stat*', 'value': '0x7FFFB85B9710'}]",0,0
16583.385858,8542,191,0,systemd-udevd,ubuntu,5,fstat,2,0,"[{'name': 'fd', 'type': 'int', 'value': 6}, {'name': 'statbuf', 'type': 'struct stat*', 'value': '0x7FFFB85B9710'}]",0,0
16583.385909,8543,191,0,systemd-udevd,ubuntu,3,close,1,0,"[{'name': 'fd', 'type': 'int', 'value': 6}]",0,0
16583.387347,8539,191,0,systemd-udevd,ubuntu,257,openat,4,-2,"[{'name': 'dirfd', 'type': 'int', 'value': -100}, {'name': 'pathname', 'type': 'const char*', 'value': '/run/udev/data/+cgroup:anon_vma(1842:packagekit.service)'}, {'name': 'flags', 'type': 'int', 'value': 'O_RDONLY|O_CLOEXEC'}, {'name': 'mode', 'type': 'mode_t', 'value': 915717803}]",0,0
16583.39019,8539,191,0,systemd-udevd,ubuntu,87,unlink,1,-2,"[{'name': 'pathname', 'type': 'const char*', 'value': '/run/udev/data/+cgroup:anon_vma(1842:packagekit.service)'}]",0,0
16583.390231,8539,191,0,systemd-udevd,ubuntu,21,access,2,-2,"[{'name': 'pathname', 'type': 'const char*', 'value': '/sys/subsystem/dmi/devices/id'}, {'name': 'mode', 'type': 'mode_t', 'value': 'F_OK'}]",0,0
16583.390258,8539,191,0,systemd-udevd,ubuntu,21,access,2,-2,"[{'name': 'pathname', 'type': 'const char*', 'value': '/sys/bus/dmi/devices/id'}, {'name': 'mode', 'type': 'mode_t', 'value': 'F_OK'}]",0,0
16583.390286,8539,191,0,systemd-udevd,ubuntu,21,access,2,0,"[{'name': 'pathname', 'type': 'const char*', 'value': '/sys/class/dmi/id'}, {'name': 'mode', 'type': 'mode_t', 'value': 'F_OK'}]",0,0
16583.391665,8542,191,0,systemd-udevd,ubuntu,3,close,1,0,"[{'name': 'fd', 'type': 'int', 'value': 15}]",0,0
16583.391706,8542,191,0,systemd-udevd,ubuntu,257,openat,4,15,"[{'name': 'dirfd', 'type': 'int', 'value': 6}, {'name': 'pathname', 'type': 'const char*', 'value': 'dmi'}, {'name': 'flags', 'type': 'int', 'value': 'O_RDONLY|O_NOFOLLOW|O_CLOEXEC|O_PATH'}, {'name': 'mode', 'type': 'mode_t', 'value': 915718182}]",0,0
16583.391732,8542,191,0,systemd-udevd,ubuntu,5,fstat,2,0,"[{'name': 'fd', 'type': 'int', 'value': 15}, {'name': 'statbuf', 'type': 'struct stat*', 'value': '0x7FFFB85B9710'}]",0,0
16583.391755,8542,191,0,systemd-udevd,ubuntu,3,close,1,0,"[{'name': 'fd', 'type': 'int', 'value': 6}]",0,0
16583.391781,8542,191,0,systemd-udevd,ubuntu,257,openat,4,6,"[{'name': 'dirfd', 'type': 'int', 'value': 15}, {'name': 'pathname', 'type': 'const char*', 'value': 'id'}, {'name': 'flags', 'type': 'int', 'value': 'O_RDONLY|O_NOFOLLOW|O_CLOEXEC|O_PATH'}, {'name': 'mode', 'type': 'mode_t', 'value': 915718182}]",0,0
16583.391805,8542,191,0,systemd-udevd,ubuntu,5,fstat,2,0,"[{'name': 'fd', 'type': 'int', 'value': 6}, {'name': 'statbuf', 'type': 'struct stat*', 'value': '0x7FFFB85B9710'}]",0,0
16583.391837,8542,191,0,systemd-udevd,ubuntu,3,close,1,0,"[{'name': 'fd', 'type': 'int', 'value': 6}]",0,0
16583.391864,8542,191,0,systemd-udevd,ubuntu,257,openat,4,6,"[{'name': 'dirfd', 'type': 'int', 'value': 15}, {'name': 'pathname', 'type': 'const char*', 'value': '..'}, {'name': 'flags', 'type': 'int', 'value': 'O_RDONLY|O_NOFOLLOW|O_CLOEXEC|O_PATH'}, {'name': 'mode', 'type': 'mode_t', 'value': 915718182}]",0,0
16583.391887,8542,191,0,systemd-udevd,ubuntu,3,close,1,0,"[{'name': 'fd', 'type': 'int', 'value': 15}]",0,0
16583.391912,8542,191,0,systemd-udevd,ubuntu,257,openat,4,15,"[{'name': 'dirfd', 'type': 'int', 'value': 6}, {'name': 'pathname', 'type': 'const char*', 'value': '..'}, {'name': 'flags', 'type': 'int', 'value': 'O_RDONLY|O_NOFOLLOW|O_CLOEXEC|O_PATH'}, {'name': 'mode', 'type': 'mode_t', 'value': 915718182}]",0,0
16583.391935,8542,191,0,systemd-udevd,ubuntu,3,close,1,0,"[{'name': 'fd', 'type': 'int', 'value': 6}]",0,0
16583.39196,8542,191,0,systemd-udevd,ubuntu,257,openat,4,6,"[{'name': 'dirfd', 'type': 'int', 'value': 15}, {'name': 'pathname', 'type': 'const char*', 'value': 'devices'}, {'name': 'flags', 'type': 'int', 'value': 'O_RDONLY|O_NOFOLLOW|O_CLOEXEC|O_PATH'}, {'name': 'mode', 'type': 'mode_t', 'value': 915718182}]",0,0
16583.391983,8542,191,0,systemd-udevd,ubuntu,5,fstat,2,0,"[{'name': 'fd', 'type': 'int', 'value': 6}, {'name': 'statbuf', 'type': 'struct stat*', 'value': '0x7FFFB85B9710'}]",0,0
16583.392005,8542,191,0,systemd-udevd,ubuntu,3,close,1,0,"[{'name': 'fd', 'type': 'int', 'value': 15}]",0,0
16583.392053,8542,191,0,systemd-udevd,ubuntu,257,openat,4,15,"[{'name': 'dirfd', 'type': 'int', 'value': 6}, {'name': 'pathname', 'type': 'const char*', 'value': 'virtual'}, {'name': 'flags', 'type': 'int', 'value': 'O_RDONLY|O_NOFOLLOW|O_CLOEXEC|O_PATH'}, {'name': 'mode', 'type': 'mode_t', 'value': 915718182}]",0,0
16583.392079,8542,191,0,systemd-udevd,ubuntu,5,fstat,2,0,"[{'name': 'fd', 'type': 'int', 'value': 15}, {'name': 'statbuf', 'type': 'struct stat*', 'value': '0x7FFFB85B9710'}]",0,0
16583.392101,8542,191,0,systemd-udevd,ubuntu,3,close,1,0,"[{'name': 'fd', 'type': 'int', 'value': 6}]",0,0
16583.39215,8542,191,0,systemd-udevd,ubuntu,257,openat,4,6,"[{'name': 'dirfd', 'type': 'int', 'value': 15}, {'name': 'pathname', 'type': 'const char*', 'value': 'dmi'}, {'name': 'flags', 'type': 'int', 'value': 'O_RDONLY|O_NOFOLLOW|O_CLOEXEC|O_PATH'}, {'name': 'mode', 'type': 'mode_t', 'value': 915718182}]",0,0
16583.392173,8542,191,0,systemd-udevd,ubuntu,5,fstat,2,0,"[{'name': 'fd', 'type': 'int', 'value': 6}, {'name': 'statbuf', 'type': 'struct stat*', 'value': '0x7FFFB85B9710'}]",0,0
16583.392197,8542,191,0,systemd-udevd,ubuntu,3,close,1,0,"[{'name': 'fd', 'type': 'int', 'value': 15}]",0,0
16583.392222,8542,191,0,systemd-udevd,ubuntu,257,openat,4,15,"[{'name': 'dirfd', 'type': 'int', 'value': 6}, {'name': 'pathname', 'type': 'const char*', 'value': 'id'}, {'name': 'flags', 'type': 'int', 'value': 'O_RDONLY|O_NOFOLLOW|O_CLOEXEC|O_PATH'}, {'name': 'mode', 'type': 'mode_t', 'value': 915718182}]",0,0
16583.392245,8542,191,0,systemd-udevd,ubuntu,5,fstat,2,0,"[{'name': 'fd', 'type': 'int', 'value': 15}, {'name': 'statbuf', 'type': 'struct stat*', 'value': '0x7FFFB85B9710'}]",0,0
16583.392268,8542,191,0,systemd-udevd,ubuntu,3,close,1,0,"[{'name': 'fd', 'type': 'int', 'value': 6}]",0,0
16583.392291,8542,191,0,systemd-udevd,ubuntu,3,close,1,0,"[{'name': 'fd', 'type': 'int', 'value': 15}]",0,0
16583.39232,8542,191,0,systemd-udevd,ubuntu,21,access,2,0,"[{'name': 'pathname', 'type': 'const char*', 'value': '/sys/devices/virtual/dmi/id/uevent'}, {'name': 'mode', 'type': 'mode_t', 'value': 'F_OK'}]",0,0
16583.392349,8542,191,0,systemd-udevd,ubuntu,6,lstat,2,0,"[{'name': 'pathname', 'type': 'const char*', 'value': '/sys/devices/virtual/dmi/id/sys_vendor'}, {'name': 'statbuf', 'type': 'struct stat*', 'value': '0x7FFFB85BA820'}]",0,0
16583.392376,8542,191,0,systemd-udevd,ubuntu,1005,security_file_open,4,0,"[{'name': 'pathname', 'type': 'const char*', 'value': '/sys/devices/virtual/dmi/id/sys_vendor'}, {'name': 'flags', 'type': 'int', 'value': 'O_RDONLY|O_LARGEFILE'}, {'name': 'dev', 'type': 'dev_t', 'value': 22}, {'name': 'inode', 'type': 'unsigned long', 'value': 713}]",0,0
16583.392405,8542,191,0,systemd-udevd,ubuntu,257,openat,4,6,"[{'name': 'dirfd', 'type': 'int', 'value': -100}, {'name': 'pathname', 'type': 'const char*', 'value': '/sys/devices/virtual/dmi/id/sys_vendor'}, {'name': 'flags', 'type': 'int', 'value': 'O_RDONLY|O_CLOEXEC'}, {'name': 'mode', 'type': 'mode_t', 'value': 915717803}]",0,0
16583.392428,8542,191,0,systemd-udevd,ubuntu,5,fstat,2,0,"[{'name': 'fd', 'type': 'int', 'value': 6}, {'name': 'statbuf', 'type': 'struct stat*', 'value': '0x7FFFB85BA8B0'}]",0,0
16583.39246,8542,191,0,systemd-udevd,ubuntu,3,close,1,0,"[{'name': 'fd', 'type': 'int', 'value': 6}]",0,0
16583.392534,8542,191,0,systemd-udevd,ubuntu,1003,cap_capable,1,0,"[{'name': 'cap', 'type': 'int', 'value': 'CAP_NET_ADMIN'}]",0,0
16583.403793,191,1,0,systemd-udevd,ubuntu,1003,cap_capable,1,0,"[{'name': 'cap', 'type': 'int', 'value': 'CAP_NET_ADMIN'}]",0,0
16583.403932,191,1,0,systemd-udevd,ubuntu,1003,cap_capable,1,0,"[{'name': 'cap', 'type': 'int', 'value': 'CAP_NET_ADMIN'}]",0,0
16583.404044,191,1,0,systemd-udevd,ubuntu,1003,cap_capable,1,0,"[{'name': 'cap', 'type': 'int', 'value': 'CAP_NET_ADMIN'}]",0,0
16583.404152,191,1,0,systemd-udevd,ubuntu,1003,cap_capable,1,0,"[{'name': 'cap', 'type': 'int', 'value': 'CAP_NET_ADMIN'}]",0,0
16583.407342,8544,191,0,systemd-udevd,ubuntu,257,openat,4,-2,"[{'name': 'dirfd', 'type': 'int', 'value': -100}, {'name': 'pathname', 'type': 'const char*', 'value': '/run/udev/data/+cgroup:kmalloc-1k(1842:packagekit.service)'}, {'name': 'flags', 'type': 'int', 'value': 'O_RDONLY|O_CLOEXEC'}, {'name': 'mode', 'type': 'mode_t', 'value': 915717803}]",0,0
16583.407377,8544,191,0,systemd-udevd,ubuntu,87,unlink,1,-2,"[{'name': 'pathname', 'type': 'const char*', 'value': '/run/udev/data/+cgroup:kmalloc-1k(1842:packagekit.service)'}]",0,0
16583.407412,8544,191,0,systemd-udevd,ubuntu,21,access,2,-2,"[{'name': 'pathname', 'type': 'const char*', 'value': '/sys/subsystem/dmi/devices/id'}, {'name': 'mode', 'type': 'mode_t', 'value': 'F_OK'}]",0,0
16583.40744,8544,191,0,systemd-udevd,ubuntu,21,access,2,-2,"[{'name': 'pathname', 'type': 'const char*', 'value': '/sys/bus/dmi/devices/id'}, {'name': 'mode', 'type': 'mode_t', 'value': 'F_OK'}]",0,0
16583.407471,8544,191,0,systemd-udevd,ubuntu,21,access,2,0,"[{'name': 'pathname', 'type': 'const char*', 'value': '/sys/class/dmi/id'}, {'name': 'mode', 'type': 'mode_t', 'value': 'F_OK'}]",0,0
16583.407498,8544,191,0,systemd-udevd,ubuntu,257,openat,4,6,"[{'name': 'dirfd', 'type': 'int', 'value': -100}, {'name': 'pathname', 'type': 'const char*', 'value': '/'}, {'name': 'flags', 'type': 'int', 'value': 'O_RDONLY|O_DIRECTORY|O_CLOEXEC|O_PATH'}, {'name': 'mode', 'type': 'mode_t', 'value': 915717803}]",0,0
16583.407523,8544,191,0,systemd-udevd,ubuntu,257,openat,4,15,"[{'name': 'dirfd', 'type': 'int', 'value': 6}, {'name': 'pathname', 'type': 'const char*', 'value': 'sys'}, {'name': 'flags', 'type': 'int', 'value': 'O_RDONLY|O_NOFOLLOW|O_CLOEXEC|O_PATH'}, {'name': 'mode', 'type': 'mode_t', 'value': 915718182}]",0,0
16583.407548,8544,191,0,systemd-udevd,ubuntu,5,fstat,2,0,"[{'name': 'fd', 'type': 'int', 'value': 15}, {'name': 'statbuf', 'type': 'struct stat*', 'value': '0x7FFFB85B9710'}]",0,0
16583.407571,8544,191,0,systemd-udevd,ubuntu,3,close,1,0,"[{'name': 'fd', 'type': 'int', 'value': 6}]",0,0
16583.407622,8544,191,0,systemd-udevd,ubuntu,257,openat,4,6,"[{'name': 'dirfd', 'type': 'int', 'value': 15}, {'name': 'pathname', 'type': 'const char*', 'value': 'class'}, {'name': 'flags', 'type': 'int', 'value': 'O_RDONLY|O_NOFOLLOW|O_CLOEXEC|O_PATH'}, {'name': 'mode', 'type': 'mode_t', 'value': 915718182}]",0,0
16583.407653,8544,191,0,systemd-udevd,ubuntu,5,fstat,2,0,"[{'name': 'fd', 'type': 'int', 'value': 6}, {'name': 'statbuf', 'type': 'struct stat*', 'value': '0x7FFFB85B9710'}]",0,0
16583.40768,8544,191,0,systemd-udevd,ubuntu,3,close,1,0,"[{'name': 'fd', 'type': 'int', 'value': 15}]",0,0
16583.407708,8544,191,0,systemd-udevd,ubuntu,257,openat,4,15,"[{'name': 'dirfd', 'type': 'int', 'value': 6}, {'name': 'pathname', 'type': 'const char*', 'value': 'dmi'}, {'name': 'flags', 'type': 'int', 'value': 'O_RDONLY|O_NOFOLLOW|O_CLOEXEC|O_PATH'}, {'name': 'mode', 'type': 'mode_t', 'value': 915718182}]",0,0
16583.407732,8544,191,0,systemd-udevd,ubuntu,5,fstat,2,0,"[{'name': 'fd', 'type': 'int', 'value': 15}, {'name': 'statbuf', 'type': 'struct stat*', 'value': '0x7FFFB85B9710'}]",0,0
16583.407755,8544,191,0,systemd-udevd,ubuntu,3,close,1,0,"[{'name': 'fd', 'type': 'int', 'value': 6}]",0,0
16583.40778,8544,191,0,systemd-udevd,ubuntu,257,openat,4,6,"[{'name': 'dirfd', 'type': 'int', 'value': 15}, {'name': 'pathname', 'type': 'const char*', 'value': 'id'}, {'name': 'flags', 'type': 'int', 'value': 'O_RDONLY|O_NOFOLLOW|O_CLOEXEC|O_PATH'}, {'name': 'mode', 'type': 'mode_t', 'value': 915718182}]",0,0
16583.407804,8544,191,0,systemd-udevd,ubuntu,5,fstat,2,0,"[{'name': 'fd', 'type': 'int', 'value': 6}, {'name': 'statbuf', 'type': 'struct stat*', 'value': '0x7FFFB85B9710'}]",0,0
16583.407836,8544,191,0,systemd-udevd,ubuntu,3,close,1,0,"[{'name': 'fd', 'type': 'int', 'value': 6}]",0,0
16583.407864,8544,191,0,systemd-udevd,ubuntu,257,openat,4,6,"[{'name': 'dirfd', 'type': 'int', 'value': 15}, {'name': 'pathname', 'type': 'const char*', 'value': '..'}, {'name': 'flags', 'type': 'int', 'value': 'O_RDONLY|O_NOFOLLOW|O_CLOEXEC|O_PATH'}, {'name': 'mode', 'type': 'mode_t', 'value': 915718182}]",0,0
16583.407887,8544,191,0,systemd-udevd,ubuntu,3,close,1,0,"[{'name': 'fd', 'type': 'int', 'value': 15}]",0,0
16583.407923,8544,191,0,systemd-udevd,ubuntu,257,openat,4,15,"[{'name': 'dirfd', 'type': 'int', 'value': 6}, {'name': 'pathname', 'type': 'const char*', 'value': '..'}, {'name': 'flags', 'type': 'int', 'value': 'O_RDONLY|O_NOFOLLOW|O_CLOEXEC|O_PATH'}, {'name': 'mode', 'type': 'mode_t', 'value': 915718182}]",0,0
16583.407949,8544,191,0,systemd-udevd,ubuntu,3,close,1,0,"[{'name': 'fd', 'type': 'int', 'value': 6}]",0,0
16583.407975,8544,191,0,systemd-udevd,ubuntu,257,openat,4,6,"[{'name': 'dirfd', 'type': 'int', 'value': 15}, {'name': 'pathname', 'type': 'const char*', 'value': 'devices'}, {'name': 'flags', 'type': 'int', 'value': 'O_RDONLY|O_NOFOLLOW|O_CLOEXEC|O_PATH'}, {'name': 'mode', 'type': 'mode_t', 'value': 915718182}]",0,0
16583.407999,8544,191,0,systemd-udevd,ubuntu,5,fstat,2,0,"[{'name': 'fd', 'type': 'int', 'value': 6}, {'name': 'statbuf', 'type': 'struct stat*', 'value': '0x7FFFB85B9710'}]",0,0
16583.408021,8544,191,0,systemd-udevd,ubuntu,3,close,1,0,"[{'name': 'fd', 'type': 'int', 'value': 15}]",0,0
16583.408046,8544,191,0,systemd-udevd,ubuntu,257,openat,4,15,"[{'name': 'dirfd', 'type': 'int', 'value': 6}, {'name': 'pathname', 'type': 'const char*', 'value': 'virtual'}, {'name': 'flags', 'type': 'int', 'value': 'O_RDONLY|O_NOFOLLOW|O_CLOEXEC|O_PATH'}, {'name': 'mode', 'type': 'mode_t', 'value': 915718182}]",0,0
16583.408069,8544,191,0,systemd-udevd,ubuntu,5,fstat,2,0,"[{'name': 'fd', 'type': 'int', 'value': 15}, {'name': 'statbuf', 'type': 'struct stat*', 'value': '0x7FFFB85B9710'}]",0,0
16583.408091,8544,191,0,systemd-udevd,ubuntu,3,close,1,0,"[{'name': 'fd', 'type': 'int', 'value': 6}]",0,0
16583.408116,8544,191,0,systemd-udevd,ubuntu,257,openat,4,6,"[{'name': 'dirfd', 'type': 'int', 'value': 15}, {'name': 'pathname', 'type': 'const char*', 'value': 'dmi'}, {'name': 'flags', 'type': 'int', 'value': 'O_RDONLY|O_NOFOLLOW|O_CLOEXEC|O_PATH'}, {'name': 'mode', 'type': 'mode_t', 'value': 915718182}]",0,0
16583.40814,8544,191,0,systemd-udevd,ubuntu,5,fstat,2,0,"[{'name': 'fd', 'type': 'int', 'value': 6}, {'name': 'statbuf', 'type': 'struct stat*', 'value': '0x7FFFB85B9710'}]",0,0
16583.408163,8544,191,0,systemd-udevd,ubuntu,3,close,1,0,"[{'name': 'fd', 'type': 'int', 'value': 15}]",0,0
16583.408188,8544,191,0,systemd-udevd,ubuntu,257,openat,4,15,"[{'name': 'dirfd', 'type': 'int', 'value': 6}, {'name': 'pathname', 'type': 'const char*', 'value': 'id'}, {'name': 'flags', 'type': 'int', 'value': 'O_RDONLY|O_NOFOLLOW|O_CLOEXEC|O_PATH'}, {'name': 'mode', 'type': 'mode_t', 'value': 915718182}]",0,0
16583.408212,8544,191,0,systemd-udevd,ubuntu,5,fstat,2,0,"[{'name': 'fd', 'type': 'int', 'value': 15}, {'name': 'statbuf', 'type': 'struct stat*', 'value': '0x7FFFB85B9710'}]",0,0
16583.408235,8544,191,0,systemd-udevd,ubuntu,3,close,1,0,"[{'name': 'fd', 'type': 'int', 'value': 6}]",0,0
16583.408258,8544,191,0,systemd-udevd,ubuntu,3,close,1,0,"[{'name': 'fd', 'type': 'int', 'value': 15}]",0,0
16583.408286,8544,191,0,systemd-udevd,ubuntu,21,access,2,0,"[{'name': 'pathname', 'type': 'const char*', 'value': '/sys/devices/virtual/dmi/id/uevent'}, {'name': 'mode', 'type': 'mode_t', 'value': 'F_OK'}]",0,0
16583.408314,8544,191,0,systemd-udevd,ubuntu,6,lstat,2,0,"[{'name': 'pathname', 'type': 'const char*', 'value': '/sys/devices/virtual/dmi/id/sys_vendor'}, {'name': 'statbuf', 'type': 'struct stat*', 'value': '0x7FFFB85BA820'}]",0,0
16583.408342,8544,191,0,systemd-udevd,ubuntu,1005,security_file_open,4,0,"[{'name': 'pathname', 'type': 'const char*', 'value': '/sys/devices/virtual/dmi/id/sys_vendor'}, {'name': 'flags', 'type': 'int', 'value': 'O_RDONLY|O_LARGEFILE'}, {'name': 'dev', 'type': 'dev_t', 'value': 22}, {'name': 'inode', 'type': 'unsigned long', 'value': 713}]",0,0
16583.408372,8544,191,0,systemd-udevd,ubuntu,257,openat,4,6,"[{'name': 'dirfd', 'type': 'int', 'value': -100}, {'name': 'pathname', 'type': 'const char*', 'value': '/sys/devices/virtual/dmi/id/sys_vendor'}, {'name': 'flags', 'type': 'int', 'value': 'O_RDONLY|O_CLOEXEC'}, {'name': 'mode', 'type': 'mode_t', 'value': 915717803}]",0,0
16583.408396,8544,191,0,systemd-udevd,ubuntu,5,fstat,2,0,"[{'name': 'fd', 'type': 'int', 'value': 6}, {'name': 'statbuf', 'type': 'struct stat*', 'value': '0x7FFFB85BA8B0'}]",0,0
16583.408429,8544,191,0,systemd-udevd,ubuntu,3,close,1,0,"[{'name': 'fd', 'type': 'int', 'value': 6}]",0,0
16583.408461,8544,191,0,systemd-udevd,ubuntu,21,access,2,-2,"[{'name': 'pathname', 'type': 'const char*', 'value': '/sys/subsystem/dmi/devices/id'}, {'name': 'mode', 'type': 'mode_t', 'value': 'F_OK'}]",0,0
16583.408488,8544,191,0,systemd-udevd,ubuntu,21,access,2,-2,"[{'name': 'pathname', 'type': 'const char*', 'value': '/sys/bus/dmi/devices/id'}, {'name': 'mode', 'type': 'mode_t', 'value': 'F_OK'}]",0,0
16583.408515,8544,191,0,systemd-udevd,ubuntu,21,access,2,0,"[{'name': 'pathname', 'type': 'const char*', 'value': '/sys/class/dmi/id'}, {'name': 'mode', 'type': 'mode_t', 'value': 'F_OK'}]",0,0
16583.408541,8544,191,0,systemd-udevd,ubuntu,257,openat,4,6,"[{'name': 'dirfd', 'type': 'int', 'value': -100}, {'name': 'pathname', 'type': 'const char*', 'value': '/'}, {'name': 'flags', 'type': 'int', 'value': 'O_RDONLY|O_DIRECTORY|O_CLOEXEC|O_PATH'}, {'name': 'mode', 'type': 'mode_t', 'value': 915717803}]",0,0
16583.408566,8544,191,0,systemd-udevd,ubuntu,257,openat,4,15,"[{'name': 'dirfd', 'type': 'int', 'value': 6}, {'name': 'pathname', 'type': 'const char*', 'value': 'sys'}, {'name': 'flags', 'type': 'int', 'value': 'O_RDONLY|O_NOFOLLOW|O_CLOEXEC|O_PATH'}, {'name': 'mode', 'type': 'mode_t', 'value': 915718182}]",0,0
16583.408589,8544,191,0,systemd-udevd,ubuntu,5,fstat,2,0,"[{'name': 'fd', 'type': 'int', 'value': 15}, {'name': 'statbuf', 'type': 'struct stat*', 'value': '0x7FFFB85B9710'}]",0,0
16583.408612,8544,191,0,systemd-udevd,ubuntu,3,close,1,0,"[{'name': 'fd', 'type': 'int', 'value': 6}]",0,0
16583.408641,8544,191,0,systemd-udevd,ubuntu,257,openat,4,6,"[{'name': 'dirfd', 'type': 'int', 'value': 15}, {'name': 'pathname', 'type': 'const char*', 'value': 'class'}, {'name': 'flags', 'type': 'int', 'value': 'O_RDONLY|O_NOFOLLOW|O_CLOEXEC|O_PATH'}, {'name': 'mode', 'type': 'mode_t', 'value': 915718182}]",0,0
16583.408665,8544,191,0,systemd-udevd,ubuntu,5,fstat,2,0,"[{'name': 'fd', 'type': 'int', 'value': 6}, {'name': 'statbuf', 'type': 'struct stat*', 'value': '0x7FFFB85B9710'}]",0,0
16583.408688,8544,191,0,systemd-udevd,ubuntu,3,close,1,0,"[{'name': 'fd', 'type': 'int', 'value': 15}]",0,0
16583.408713,8544,191,0,systemd-udevd,ubuntu,257,openat,4,15,"[{'name': 'dirfd', 'type': 'int', 'value': 6}, {'name': 'pathname', 'type': 'const char*', 'value': 'dmi'}, {'name': 'flags', 'type': 'int', 'value': 'O_RDONLY|O_NOFOLLOW|O_CLOEXEC|O_PATH'}, {'name': 'mode', 'type': 'mode_t', 'value': 915718182}]",0,0
16583.408736,8544,191,0,systemd-udevd,ubuntu,5,fstat,2,0,"[{'name': 'fd', 'type': 'int', 'value': 15}, {'name': 'statbuf', 'type': 'struct stat*', 'value': '0x7FFFB85B9710'}]",0,0
16583.408759,8544,191,0,systemd-udevd,ubuntu,3,close,1,0,"[{'name': 'fd', 'type': 'int', 'value': 6}]",0,0
16583.408784,8544,191,0,systemd-udevd,ubuntu,257,openat,4,6,"[{'name': 'dirfd', 'type': 'int', 'value': 15}, {'name': 'pathname', 'type': 'const char*', 'value': 'id'}, {'name': 'flags', 'type': 'int', 'value': 'O_RDONLY|O_NOFOLLOW|O_CLOEXEC|O_PATH'}, {'name': 'mode', 'type': 'mode_t', 'value': 915718182}]",0,0
16583.408808,8544,191,0,systemd-udevd,ubuntu,5,fstat,2,0,"[{'name': 'fd', 'type': 'int', 'value': 6}, {'name': 'statbuf', 'type': 'struct stat*', 'value': '0x7FFFB85B9710'}]",0,0
16583.408838,8544,191,0,systemd-udevd,ubuntu,3,close,1,0,"[{'name': 'fd', 'type': 'int', 'value': 6}]",0,0
16583.408865,8544,191,0,systemd-udevd,ubuntu,257,openat,4,6,"[{'name': 'dirfd', 'type': 'int', 'value': 15}, {'name': 'pathname', 'type': 'const char*', 'value': '..'}, {'name': 'flags', 'type': 'int', 'value': 'O_RDONLY|O_NOFOLLOW|O_CLOEXEC|O_PATH'}, {'name': 'mode', 'type': 'mode_t', 'value': 915718182}]",0,0
16583.408888,8544,191,0,systemd-udevd,ubuntu,3,close,1,0,"[{'name': 'fd', 'type': 'int', 'value': 15}]",0,0
16583.408913,8544,191,0,systemd-udevd,ubuntu,257,openat,4,15,"[{'name': 'dirfd', 'type': 'int', 'value': 6}, {'name': 'pathname', 'type': 'const char*', 'value': '..'}, {'name': 'flags', 'type': 'int', 'value': 'O_RDONLY|O_NOFOLLOW|O_CLOEXEC|O_PATH'}, {'name': 'mode', 'type': 'mode_t', 'value': 915718182}]",0,0
16583.408937,8544,191,0,systemd-udevd,ubuntu,3,close,1,0,"[{'name': 'fd', 'type': 'int', 'value': 6}]",0,0
16583.408961,8544,191,0,systemd-udevd,ubuntu,257,openat,4,6,"[{'name': 'dirfd', 'type': 'int', 'value': 15}, {'name': 'pathname', 'type': 'const char*', 'value': 'devices'}, {'name': 'flags', 'type': 'int', 'value': 'O_RDONLY|O_NOFOLLOW|O_CLOEXEC|O_PATH'}, {'name': 'mode', 'type': 'mode_t', 'value': 915718182}]",0,0
16583.408984,8544,191,0,systemd-udevd,ubuntu,5,fstat,2,0,"[{'name': 'fd', 'type': 'int', 'value': 6}, {'name': 'statbuf', 'type': 'struct stat*', 'value': '0x7FFFB85B9710'}]",0,0
16583.409007,8544,191,0,systemd-udevd,ubuntu,3,close,1,0,"[{'name': 'fd', 'type': 'int', 'value': 15}]",0,0
16583.409032,8544,191,0,systemd-udevd,ubuntu,257,openat,4,15,"[{'name': 'dirfd', 'type': 'int', 'value': 6}, {'name': 'pathname', 'type': 'const char*', 'value': 'virtual'}, {'name': 'flags', 'type': 'int', 'value': 'O_RDONLY|O_NOFOLLOW|O_CLOEXEC|O_PATH'}, {'name': 'mode', 'type': 'mode_t', 'value': 915718182}]",0,0
16583.409054,8544,191,0,systemd-udevd,ubuntu,5,fstat,2,0,"[{'name': 'fd', 'type': 'int', 'value': 15}, {'name': 'statbuf', 'type': 'struct stat*', 'value': '0x7FFFB85B9710'}]",0,0
16583.409077,8544,191,0,systemd-udevd,ubuntu,3,close,1,0,"[{'name': 'fd', 'type': 'int', 'value': 6}]",0,0
16583.409102,8544,191,0,systemd-udevd,ubuntu,257,openat,4,6,"[{'name': 'dirfd', 'type': 'int', 'value': 15}, {'name': 'pathname', 'type': 'const char*', 'value': 'dmi'}, {'name': 'flags', 'type': 'int', 'value': 'O_RDONLY|O_NOFOLLOW|O_CLOEXEC|O_PATH'}, {'name': 'mode', 'type': 'mode_t', 'value': 915718182}]",0,0
16583.409125,8544,191,0,systemd-udevd,ubuntu,5,fstat,2,0,"[{'name': 'fd', 'type': 'int', 'value': 6}, {'name': 'statbuf', 'type': 'struct stat*', 'value': '0x7FFFB85B9710'}]",0,0
16583.409148,8544,191,0,systemd-udevd,ubuntu,3,close,1,0,"[{'name': 'fd', 'type': 'int', 'value': 15}]",0,0
16583.409173,8544,191,0,systemd-udevd,ubuntu,257,openat,4,15,"[{'name': 'dirfd', 'type': 'int', 'value': 6}, {'name': 'pathname', 'type': 'const char*', 'value': 'id'}, {'name': 'flags', 'type': 'int', 'value': 'O_RDONLY|O_NOFOLLOW|O_CLOEXEC|O_PATH'}, {'name': 'mode', 'type': 'mode_t', 'value': 915718182}]",0,0
16583.409197,8544,191,0,systemd-udevd,ubuntu,5,fstat,2,0,"[{'name': 'fd', 'type': 'int', 'value': 15}, {'name': 'statbuf', 'type': 'struct stat*', 'value': '0x7FFFB85B9710'}]",0,0
16583.409219,8544,191,0,systemd-udevd,ubuntu,3,close,1,0,"[{'name': 'fd', 'type': 'int', 'value': 6}]",0,0
16583.409243,8544,191,0,systemd-udevd,ubuntu,3,close,1,0,"[{'name': 'fd', 'type': 'int', 'value': 15}]",0,0
16583.409269,8544,191,0,systemd-udevd,ubuntu,21,access,2,0,"[{'name': 'pathname', 'type': 'const char*', 'value': '/sys/devices/virtual/dmi/id/uevent'}, {'name': 'mode', 'type': 'mode_t', 'value': 'F_OK'}]",0,0
16583.409296,8544,191,0,systemd-udevd,ubuntu,6,lstat,2,0,"[{'name': 'pathname', 'type': 'const char*', 'value': '/sys/devices/virtual/dmi/id/sys_vendor'}, {'name': 'statbuf', 'type': 'struct stat*', 'value': '0x7FFFB85BA820'}]",0,0
16583.409349,8544,191,0,systemd-udevd,ubuntu,257,openat,4,6,"[{'name': 'dirfd', 'type': 'int', 'value': -100}, {'name': 'pathname', 'type': 'const char*', 'value': '/sys/devices/virtual/dmi/id/sys_vendor'}, {'name': 'flags', 'type': 'int', 'value': 'O_RDONLY|O_CLOEXEC'}, {'name': 'mode', 'type': 'mode_t', 'value': 915717803}]",0,0
16583.409321,8544,191,0,systemd-udevd,ubuntu,1005,security_file_open,4,0,"[{'name': 'pathname', 'type': 'const char*', 'value': '/sys/devices/virtual/dmi/id/sys_vendor'}, {'name': 'flags', 'type': 'int', 'value': 'O_RDONLY|O_LARGEFILE'}, {'name': 'dev', 'type': 'dev_t', 'value': 22}, {'name': 'inode', 'type': 'unsigned long', 'value': 713}]",0,0
16583.409372,8544,191,0,systemd-udevd,ubuntu,5,fstat,2,0,"[{'name': 'fd', 'type': 'int', 'value': 6}, {'name': 'statbuf', 'type': 'struct stat*', 'value': '0x7FFFB85BA8B0'}]",0,0
16583.409402,8544,191,0,systemd-udevd,ubuntu,3,close,1,0,"[{'name': 'fd', 'type': 'int', 'value': 6}]",0,0
16583.409486,8544,191,0,systemd-udevd,ubuntu,1003,cap_capable,1,0,"[{'name': 'cap', 'type': 'int', 'value': 'CAP_NET_ADMIN'}]",0,0
16583.417057,8538,191,0,systemd-udevd,ubuntu,257,openat,4,-2,"[{'name': 'dirfd', 'type': 'int', 'value': -100}, {'name': 'pathname', 'type': 'const char*', 'value': '/run/udev/data/+cgroup:pid(1842:packagekit.service)'}, {'name': 'flags', 'type': 'int', 'value': 'O_RDONLY|O_CLOEXEC'}, {'name': 'mode', 'type': 'mode_t', 'value': 915717803}]",0,0
16583.417094,8538,191,0,systemd-udevd,ubuntu,87,unlink,1,-2,"[{'name': 'pathname', 'type': 'const char*', 'value': '/run/udev/data/+cgroup:pid(1842:packagekit.service)'}]",0,0
16583.417126,8538,191,0,systemd-udevd,ubuntu,21,access,2,-2,"[{'name': 'pathname', 'type': 'const char*', 'value': '/sys/subsystem/dmi/devices/id'}, {'name': 'mode', 'type': 'mode_t', 'value': 'F_OK'}]",0,0
16583.417153,8538,191,0,systemd-udevd,ubuntu,21,access,2,-2,"[{'name': 'pathname', 'type': 'const char*', 'value': '/sys/bus/dmi/devices/id'}, {'name': 'mode', 'type': 'mode_t', 'value': 'F_OK'}]",0,0
16583.417181,8538,191,0,systemd-udevd,ubuntu,21,access,2,0,"[{'name': 'pathname', 'type': 'const char*', 'value': '/sys/class/dmi/id'}, {'name': 'mode', 'type': 'mode_t', 'value': 'F_OK'}]",0,0
16583.417208,8538,191,0,systemd-udevd,ubuntu,257,openat,4,6,"[{'name': 'dirfd', 'type': 'int', 'value': -100}, {'name': 'pathname', 'type': 'const char*', 'value': '/'}, {'name': 'flags', 'type': 'int', 'value': 'O_RDONLY|O_DIRECTORY|O_CLOEXEC|O_PATH'}, {'name': 'mode', 'type': 'mode_t', 'value': 915717803}]",0,0
16583.417233,8538,191,0,systemd-udevd,ubuntu,257,openat,4,15,"[{'name': 'dirfd', 'type': 'int', 'value': 6}, {'name': 'pathname', 'type': 'const char*', 'value': 'sys'}, {'name': 'flags', 'type': 'int', 'value': 'O_RDONLY|O_NOFOLLOW|O_CLOEXEC|O_PATH'}, {'name': 'mode', 'type': 'mode_t', 'value': 915718182}]",0,0
16583.417257,8538,191,0,systemd-udevd,ubuntu,5,fstat,2,0,"[{'name': 'fd', 'type': 'int', 'value': 15}, {'name': 'statbuf', 'type': 'struct stat*', 'value': '0x7FFFB85B9710'}]",0,0
16583.417297,8538,191,0,systemd-udevd,ubuntu,3,close,1,0,"[{'name': 'fd', 'type': 'int', 'value': 6}]",0,0
16583.417325,8538,191,0,systemd-udevd,ubuntu,257,openat,4,6,"[{'name': 'dirfd', 'type': 'int', 'value': 15}, {'name': 'pathname', 'type': 'const char*', 'value': 'class'}, {'name': 'flags', 'type': 'int', 'value': 'O_RDONLY|O_NOFOLLOW|O_CLOEXEC|O_PATH'}, {'name': 'mode', 'type': 'mode_t', 'value': 915718182}]",0,0
16583.417349,8538,191,0,systemd-udevd,ubuntu,5,fstat,2,0,"[{'name': 'fd', 'type': 'int', 'value': 6}, {'name': 'statbuf', 'type': 'struct stat*', 'value': '0x7FFFB85B9710'}]",0,0
16583.417372,8538,191,0,systemd-udevd,ubuntu,3,close,1,0,"[{'name': 'fd', 'type': 'int', 'value': 15}]",0,0
16583.417398,8538,191,0,systemd-udevd,ubuntu,257,openat,4,15,"[{'name': 'dirfd', 'type': 'int', 'value': 6}, {'name': 'pathname', 'type': 'const char*', 'value': 'dmi'}, {'name': 'flags', 'type': 'int', 'value': 'O_RDONLY|O_NOFOLLOW|O_CLOEXEC|O_PATH'}, {'name': 'mode', 'type': 'mode_t', 'value': 915718182}]",0,0
16583.417421,8538,191,0,systemd-udevd,ubuntu,5,fstat,2,0,"[{'name': 'fd', 'type': 'int', 'value': 15}, {'name': 'statbuf', 'type': 'struct stat*', 'value': '0x7FFFB85B9710'}]",0,0
16583.417444,8538,191,0,systemd-udevd,ubuntu,3,close,1,0,"[{'name': 'fd', 'type': 'int', 'value': 6}]",0,0
16583.41747,8538,191,0,systemd-udevd,ubuntu,257,openat,4,6,"[{'name': 'dirfd', 'type': 'int', 'value': 15}, {'name': 'pathname', 'type': 'const char*', 'value': 'id'}, {'name': 'flags', 'type': 'int', 'value': 'O_RDONLY|O_NOFOLLOW|O_CLOEXEC|O_PATH'}, {'name': 'mode', 'type': 'mode_t', 'value': 915718182}]",0,0
16583.417493,8538,191,0,systemd-udevd,ubuntu,5,fstat,2,0,"[{'name': 'fd', 'type': 'int', 'value': 6}, {'name': 'statbuf', 'type': 'struct stat*', 'value': '0x7FFFB85B9710'}]",0,0
16583.417538,8538,191,0,systemd-udevd,ubuntu,3,close,1,0,"[{'name': 'fd', 'type': 'int', 'value': 6}]",0,0
16583.417566,8538,191,0,systemd-udevd,ubuntu,257,openat,4,6,"[{'name': 'dirfd', 'type': 'int', 'value': 15}, {'name': 'pathname', 'type': 'const char*', 'value': '..'}, {'name': 'flags', 'type': 'int', 'value': 'O_RDONLY|O_NOFOLLOW|O_CLOEXEC|O_PATH'}, {'name': 'mode', 'type': 'mode_t', 'value': 915718182}]",0,0
16583.41759,8538,191,0,systemd-udevd,ubuntu,3,close,1,0,"[{'name': 'fd', 'type': 'int', 'value': 15}]",0,0
16583.417615,8538,191,0,systemd-udevd,ubuntu,257,openat,4,15,"[{'name': 'dirfd', 'type': 'int', 'value': 6}, {'name': 'pathname', 'type': 'const char*', 'value': '..'}, {'name': 'flags', 'type': 'int', 'value': 'O_RDONLY|O_NOFOLLOW|O_CLOEXEC|O_PATH'}, {'name': 'mode', 'type': 'mode_t', 'value': 915718182}]",0,0
16583.417638,8538,191,0,systemd-udevd,ubuntu,3,close,1,0,"[{'name': 'fd', 'type': 'int', 'value': 6}]",0,0
16583.417663,8538,191,0,systemd-udevd,ubuntu,257,openat,4,6,"[{'name': 'dirfd', 'type': 'int', 'value': 15}, {'name': 'pathname', 'type': 'const char*', 'value': 'devices'}, {'name': 'flags', 'type': 'int', 'value': 'O_RDONLY|O_NOFOLLOW|O_CLOEXEC|O_PATH'}, {'name': 'mode', 'type': 'mode_t', 'value': 915718182}]",0,0
16583.417686,8538,191,0,systemd-udevd,ubuntu,5,fstat,2,0,"[{'name': 'fd', 'type': 'int', 'value': 6}, {'name': 'statbuf', 'type': 'struct stat*', 'value': '0x7FFFB85B9710'}]",0,0
16583.417708,8538,191,0,systemd-udevd,ubuntu,3,close,1,0,"[{'name': 'fd', 'type': 'int', 'value': 15}]",0,0
16583.417756,8538,191,0,systemd-udevd,ubuntu,5,fstat,2,0,"[{'name': 'fd', 'type': 'int', 'value': 15}, {'name': 'statbuf', 'type': 'struct stat*', 'value': '0x7FFFB85B9710'}]",0,0
16583.417734,8538,191,0,systemd-udevd,ubuntu,257,openat,4,15,"[{'name': 'dirfd', 'type': 'int', 'value': 6}, {'name': 'pathname', 'type': 'const char*', 'value': 'virtual'}, {'name': 'flags', 'type': 'int', 'value': 'O_RDONLY|O_NOFOLLOW|O_CLOEXEC|O_PATH'}, {'name': 'mode', 'type': 'mode_t', 'value': 915718182}]",0,0
16583.417778,8538,191,0,systemd-udevd,ubuntu,3,close,1,0,"[{'name': 'fd', 'type': 'int', 'value': 6}]",0,0
16583.417803,8538,191,0,systemd-udevd,ubuntu,257,openat,4,6,"[{'name': 'dirfd', 'type': 'int', 'value': 15}, {'name': 'pathname', 'type': 'const char*', 'value': 'dmi'}, {'name': 'flags', 'type': 'int', 'value': 'O_RDONLY|O_NOFOLLOW|O_CLOEXEC|O_PATH'}, {'name': 'mode', 'type': 'mode_t', 'value': 915718182}]",0,0
16583.417827,8538,191,0,systemd-udevd,ubuntu,5,fstat,2,0,"[{'name': 'fd', 'type': 'int', 'value': 6}, {'name': 'statbuf', 'type': 'struct stat*', 'value': '0x7FFFB85B9710'}]",0,0
16583.41785,8538,191,0,systemd-udevd,ubuntu,3,close,1,0,"[{'name': 'fd', 'type': 'int', 'value': 15}]",0,0
16583.417899,8538,191,0,systemd-udevd,ubuntu,5,fstat,2,0,"[{'name': 'fd', 'type': 'int', 'value': 15}, {'name': 'statbuf', 'type': 'struct stat*', 'value': '0x7FFFB85B9710'}]",0,0
16583.417875,8538,191,0,systemd-udevd,ubuntu,257,openat,4,15,"[{'name': 'dirfd', 'type': 'int', 'value': 6}, {'name': 'pathname', 'type': 'const char*', 'value': 'id'}, {'name': 'flags', 'type': 'int', 'value': 'O_RDONLY|O_NOFOLLOW|O_CLOEXEC|O_PATH'}, {'name': 'mode', 'type': 'mode_t', 'value': 915718182}]",0,0
16583.417922,8538,191,0,systemd-udevd,ubuntu,3,close,1,0,"[{'name': 'fd', 'type': 'int', 'value': 6}]",0,0
16583.417945,8538,191,0,systemd-udevd,ubuntu,3,close,1,0,"[{'name': 'fd', 'type': 'int', 'value': 15}]",0,0
16583.417972,8538,191,0,systemd-udevd,ubuntu,21,access,2,0,"[{'name': 'pathname', 'type': 'const char*', 'value': '/sys/devices/virtual/dmi/id/uevent'}, {'name': 'mode', 'type': 'mode_t', 'value': 'F_OK'}]",0,0
16583.418,8538,191,0,systemd-udevd,ubuntu,6,lstat,2,0,"[{'name': 'pathname', 'type': 'const char*', 'value': '/sys/devices/virtual/dmi/id/sys_vendor'}, {'name': 'statbuf', 'type': 'struct stat*', 'value': '0x7FFFB85BA820'}]",0,0
16583.418027,8538,191,0,systemd-udevd,ubuntu,1005,security_file_open,4,0,"[{'name': 'pathname', 'type': 'const char*', 'value': '/sys/devices/virtual/dmi/id/sys_vendor'}, {'name': 'flags', 'type': 'int', 'value': 'O_RDONLY|O_LARGEFILE'}, {'name': 'dev', 'type': 'dev_t', 'value': 22}, {'name': 'inode', 'type': 'unsigned long', 'value': 713}]",0,0
16583.418057,8538,191,0,systemd-udevd,ubuntu,257,openat,4,6,"[{'name': 'dirfd', 'type': 'int', 'value': -100}, {'name': 'pathname', 'type': 'const char*', 'value': '/sys/devices/virtual/dmi/id/sys_vendor'}, {'name': 'flags', 'type': 'int', 'value': 'O_RDONLY|O_CLOEXEC'}, {'name': 'mode', 'type': 'mode_t', 'value': 915717803}]",0,0
16583.41808,8538,191,0,systemd-udevd,ubuntu,5,fstat,2,0,"[{'name': 'fd', 'type': 'int', 'value': 6}, {'name': 'statbuf', 'type': 'struct stat*', 'value': '0x7FFFB85BA8B0'}]",0,0
16583.418111,8538,191,0,systemd-udevd,ubuntu,3,close,1,0,"[{'name': 'fd', 'type': 'int', 'value': 6}]",0,0
16583.418144,8538,191,0,systemd-udevd,ubuntu,21,access,2,-2,"[{'name': 'pathname', 'type': 'const char*', 'value': '/sys/subsystem/dmi/devices/id'}, {'name': 'mode', 'type': 'mode_t', 'value': 'F_OK'}]",0,0
16583.41817,8538,191,0,systemd-udevd,ubuntu,21,access,2,-2,"[{'name': 'pathname', 'type': 'const char*', 'value': '/sys/bus/dmi/devices/id'}, {'name': 'mode', 'type': 'mode_t', 'value': 'F_OK'}]",0,0
16583.418197,8538,191,0,systemd-udevd,ubuntu,21,access,2,0,"[{'name': 'pathname', 'type': 'const char*', 'value': '/sys/class/dmi/id'}, {'name': 'mode', 'type': 'mode_t', 'value': 'F_OK'}]",0,0
16583.418223,8538,191,0,systemd-udevd,ubuntu,257,openat,4,6,"[{'name': 'dirfd', 'type': 'int', 'value': -100}, {'name': 'pathname', 'type': 'const char*', 'value': '/'}, {'name': 'flags', 'type': 'int', 'value': 'O_RDONLY|O_DIRECTORY|O_CLOEXEC|O_PATH'}, {'name': 'mode', 'type': 'mode_t', 'value': 915717803}]",0,0
16583.418248,8538,191,0,systemd-udevd,ubuntu,257,openat,4,15,"[{'name': 'dirfd', 'type': 'int', 'value': 6}, {'name': 'pathname', 'type': 'const char*', 'value': 'sys'}, {'name': 'flags', 'type': 'int', 'value': 'O_RDONLY|O_NOFOLLOW|O_CLOEXEC|O_PATH'}, {'name': 'mode', 'type': 'mode_t', 'value': 915718182}]",0,0
16583.418271,8538,191,0,systemd-udevd,ubuntu,5,fstat,2,0,"[{'name': 'fd', 'type': 'int', 'value': 15}, {'name': 'statbuf', 'type': 'struct stat*', 'value': '0x7FFFB85B9710'}]",0,0
16583.418313,8538,191,0,systemd-udevd,ubuntu,3,close,1,0,"[{'name': 'fd', 'type': 'int', 'value': 6}]",0,0
16583.437941,8540,191,0,systemd-udevd,ubuntu,257,openat,4,-2,"[{'name': 'dirfd', 'type': 'int', 'value': -100}, {'name': 'pathname', 'type': 'const char*', 'value': '/run/udev/data/+cgroup:kmalloc-2k(1842:packagekit.service)'}, {'name': 'flags', 'type': 'int', 'value': 'O_RDONLY|O_CLOEXEC'}, {'name': 'mode', 'type': 'mode_t', 'value': 915717803}]",0,0
16583.43798,8540,191,0,systemd-udevd,ubuntu,87,unlink,1,-2,"[{'name': 'pathname', 'type': 'const char*', 'value': '/run/udev/data/+cgroup:kmalloc-2k(1842:packagekit.service)'}]",0,0
16583.438017,8540,191,0,systemd-udevd,ubuntu,21,access,2,-2,"[{'name': 'pathname', 'type': 'const char*', 'value': '/sys/subsystem/dmi/devices/id'}, {'name': 'mode', 'type': 'mode_t', 'value': 'F_OK'}]",0,0
16583.438045,8540,191,0,systemd-udevd,ubuntu,21,access,2,-2,"[{'name': 'pathname', 'type': 'const char*', 'value': '/sys/bus/dmi/devices/id'}, {'name': 'mode', 'type': 'mode_t', 'value': 'F_OK'}]",0,0
16583.438075,8540,191,0,systemd-udevd,ubuntu,21,access,2,0,"[{'name': 'pathname', 'type': 'const char*', 'value': '/sys/class/dmi/id'}, {'name': 'mode', 'type': 'mode_t', 'value': 'F_OK'}]",0,0
16583.438102,8540,191,0,systemd-udevd,ubuntu,257,openat,4,6,"[{'name': 'dirfd', 'type': 'int', 'value': -100}, {'name': 'pathname', 'type': 'const char*', 'value': '/'}, {'name': 'flags', 'type': 'int', 'value': 'O_RDONLY|O_DIRECTORY|O_CLOEXEC|O_PATH'}, {'name': 'mode', 'type': 'mode_t', 'value': 915717803}]",0,0
16583.438128,8540,191,0,systemd-udevd,ubuntu,257,openat,4,15,"[{'name': 'dirfd', 'type': 'int', 'value': 6}, {'name': 'pathname', 'type': 'const char*', 'value': 'sys'}, {'name': 'flags', 'type': 'int', 'value': 'O_RDONLY|O_NOFOLLOW|O_CLOEXEC|O_PATH'}, {'name': 'mode', 'type': 'mode_t', 'value': 915718182}]",0,0
16583.438176,8540,191,0,systemd-udevd,ubuntu,3,close,1,0,"[{'name': 'fd', 'type': 'int', 'value': 6}]",0,0
16583.438152,8540,191,0,systemd-udevd,ubuntu,5,fstat,2,0,"[{'name': 'fd', 'type': 'int', 'value': 15}, {'name': 'statbuf', 'type': 'struct stat*', 'value': '0x7FFFB85B9710'}]",0,0
16583.438202,8540,191,0,systemd-udevd,ubuntu,257,openat,4,6,"[{'name': 'dirfd', 'type': 'int', 'value': 15}, {'name': 'pathname', 'type': 'const char*', 'value': 'class'}, {'name': 'flags', 'type': 'int', 'value': 'O_RDONLY|O_NOFOLLOW|O_CLOEXEC|O_PATH'}, {'name': 'mode', 'type': 'mode_t', 'value': 915718182}]",0,0
16583.438226,8540,191,0,systemd-udevd,ubuntu,5,fstat,2,0,"[{'name': 'fd', 'type': 'int', 'value': 6}, {'name': 'statbuf', 'type': 'struct stat*', 'value': '0x7FFFB85B9710'}]",0,0
16583.438249,8540,191,0,systemd-udevd,ubuntu,3,close,1,0,"[{'name': 'fd', 'type': 'int', 'value': 15}]",0,0
16583.438274,8540,191,0,systemd-udevd,ubuntu,257,openat,4,15,"[{'name': 'dirfd', 'type': 'int', 'value': 6}, {'name': 'pathname', 'type': 'const char*', 'value': 'dmi'}, {'name': 'flags', 'type': 'int', 'value': 'O_RDONLY|O_NOFOLLOW|O_CLOEXEC|O_PATH'}, {'name': 'mode', 'type': 'mode_t', 'value': 915718182}]",0,0
16583.440827,8541,191,0,systemd-udevd,ubuntu,257,openat,4,-2,"[{'name': 'dirfd', 'type': 'int', 'value': -100}, {'name': 'pathname', 'type': 'const char*', 'value': '/run/udev/data/+cgroup:kmalloc-4k(1842:packagekit.service)'}, {'name': 'flags', 'type': 'int', 'value': 'O_RDONLY|O_CLOEXEC'}, {'name': 'mode', 'type': 'mode_t', 'value': 915717803}]",0,0
16583.440861,8541,191,0,systemd-udevd,ubuntu,87,unlink,1,-2,"[{'name': 'pathname', 'type': 'const char*', 'value': '/run/udev/data/+cgroup:kmalloc-4k(1842:packagekit.service)'}]",0,0
16583.440894,8541,191,0,systemd-udevd,ubuntu,21,access,2,-2,"[{'name': 'pathname', 'type': 'const char*', 'value': '/sys/subsystem/dmi/devices/id'}, {'name': 'mode', 'type': 'mode_t', 'value': 'F_OK'}]",0,0
16583.440921,8541,191,0,systemd-udevd,ubuntu,21,access,2,-2,"[{'name': 'pathname', 'type': 'const char*', 'value': '/sys/bus/dmi/devices/id'}, {'name': 'mode', 'type': 'mode_t', 'value': 'F_OK'}]",0,0
16583.440975,8541,191,0,systemd-udevd,ubuntu,257,openat,4,6,"[{'name': 'dirfd', 'type': 'int', 'value': -100}, {'name': 'pathname', 'type': 'const char*', 'value': '/'}, {'name': 'flags', 'type': 'int', 'value': 'O_RDONLY|O_DIRECTORY|O_CLOEXEC|O_PATH'}, {'name': 'mode', 'type': 'mode_t', 'value': 915717803}]",0,0
16583.440949,8541,191,0,systemd-udevd,ubuntu,21,access,2,0,"[{'name': 'pathname', 'type': 'const char*', 'value': '/sys/class/dmi/id'}, {'name': 'mode', 'type': 'mode_t', 'value': 'F_OK'}]",0,0
16583.441001,8541,191,0,systemd-udevd,ubuntu,257,openat,4,15,"[{'name': 'dirfd', 'type': 'int', 'value': 6}, {'name': 'pathname', 'type': 'const char*', 'value': 'sys'}, {'name': 'flags', 'type': 'int', 'value': 'O_RDONLY|O_NOFOLLOW|O_CLOEXEC|O_PATH'}, {'name': 'mode', 'type': 'mode_t', 'value': 915718182}]",0,0
16583.441042,8541,191,0,systemd-udevd,ubuntu,5,fstat,2,0,"[{'name': 'fd', 'type': 'int', 'value': 15}, {'name': 'statbuf', 'type': 'struct stat*', 'value': '0x7FFFB85B9710'}]",0,0
16583.441067,8541,191,0,systemd-udevd,ubuntu,3,close,1,0,"[{'name': 'fd', 'type': 'int', 'value': 6}]",0,0
16583.441119,8541,191,0,systemd-udevd,ubuntu,5,fstat,2,0,"[{'name': 'fd', 'type': 'int', 'value': 6}, {'name': 'statbuf', 'type': 'struct stat*', 'value': '0x7FFFB85B9710'}]",0,0
16583.441095,8541,191,0,systemd-udevd,ubuntu,257,openat,4,6,"[{'name': 'dirfd', 'type': 'int', 'value': 15}, {'name': 'pathname', 'type': 'const char*', 'value': 'class'}, {'name': 'flags', 'type': 'int', 'value': 'O_RDONLY|O_NOFOLLOW|O_CLOEXEC|O_PATH'}, {'name': 'mode', 'type': 'mode_t', 'value': 915718182}]",0,0
16583.441142,8541,191,0,systemd-udevd,ubuntu,3,close,1,0,"[{'name': 'fd', 'type': 'int', 'value': 15}]",0,0
16583.441167,8541,191,0,systemd-udevd,ubuntu,257,openat,4,15,"[{'name': 'dirfd', 'type': 'int', 'value': 6}, {'name': 'pathname', 'type': 'const char*', 'value': 'dmi'}, {'name': 'flags', 'type': 'int', 'value': 'O_RDONLY|O_NOFOLLOW|O_CLOEXEC|O_PATH'}, {'name': 'mode', 'type': 'mode_t', 'value': 915718182}]",0,0
16583.441191,8541,191,0,systemd-udevd,ubuntu,5,fstat,2,0,"[{'name': 'fd', 'type': 'int', 'value': 15}, {'name': 'statbuf', 'type': 'struct stat*', 'value': '0x7FFFB85B9710'}]",0,0
16583.441214,8541,191,0,systemd-udevd,ubuntu,3,close,1,0,"[{'name': 'fd', 'type': 'int', 'value': 6}]",0,0
16583.441239,8541,191,0,systemd-udevd,ubuntu,257,openat,4,6,"[{'name': 'dirfd', 'type': 'int', 'value': 15}, {'name': 'pathname', 'type': 'const char*', 'value': 'id'}, {'name': 'flags', 'type': 'int', 'value': 'O_RDONLY|O_NOFOLLOW|O_CLOEXEC|O_PATH'}, {'name': 'mode', 'type': 'mode_t', 'value': 915718182}]",0,0
16583.441296,8541,191,0,systemd-udevd,ubuntu,3,close,1,0,"[{'name': 'fd', 'type': 'int', 'value': 6}]",0,0
16583.441263,8541,191,0,systemd-udevd,ubuntu,5,fstat,2,0,"[{'name': 'fd', 'type': 'int', 'value': 6}, {'name': 'statbuf', 'type': 'struct stat*', 'value': '0x7FFFB85B9710'}]",0,0
16583.441323,8541,191,0,systemd-udevd,ubuntu,257,openat,4,6,"[{'name': 'dirfd', 'type': 'int', 'value': 15}, {'name': 'pathname', 'type': 'const char*', 'value': '..'}, {'name': 'flags', 'type': 'int', 'value': 'O_RDONLY|O_NOFOLLOW|O_CLOEXEC|O_PATH'}, {'name': 'mode', 'type': 'mode_t', 'value': 915718182}]",0,0
16583.441371,8541,191,0,systemd-udevd,ubuntu,257,openat,4,15,"[{'name': 'dirfd', 'type': 'int', 'value': 6}, {'name': 'pathname', 'type': 'const char*', 'value': '..'}, {'name': 'flags', 'type': 'int', 'value': 'O_RDONLY|O_NOFOLLOW|O_CLOEXEC|O_PATH'}, {'name': 'mode', 'type': 'mode_t', 'value': 915718182}]",0,0
16583.441346,8541,191,0,systemd-udevd,ubuntu,3,close,1,0,"[{'name': 'fd', 'type': 'int', 'value': 15}]",0,0
16583.441395,8541,191,0,systemd-udevd,ubuntu,3,close,1,0,"[{'name': 'fd', 'type': 'int', 'value': 6}]",0,0
16583.44142,8541,191,0,systemd-udevd,ubuntu,257,openat,4,6,"[{'name': 'dirfd', 'type': 'int', 'value': 15}, {'name': 'pathname', 'type': 'const char*', 'value': 'devices'}, {'name': 'flags', 'type': 'int', 'value': 'O_RDONLY|O_NOFOLLOW|O_CLOEXEC|O_PATH'}, {'name': 'mode', 'type': 'mode_t', 'value': 915718182}]",0,0
16583.441442,8541,191,0,systemd-udevd,ubuntu,5,fstat,2,0,"[{'name': 'fd', 'type': 'int', 'value': 6}, {'name': 'statbuf', 'type': 'struct stat*', 'value': '0x7FFFB85B9710'}]",0,0
16583.441465,8541,191,0,systemd-udevd,ubuntu,3,close,1,0,"[{'name': 'fd', 'type': 'int', 'value': 15}]",0,0
16583.44149,8541,191,0,systemd-udevd,ubuntu,257,openat,4,15,"[{'name': 'dirfd', 'type': 'int', 'value': 6}, {'name': 'pathname', 'type': 'const char*', 'value': 'virtual'}, {'name': 'flags', 'type': 'int', 'value': 'O_RDONLY|O_NOFOLLOW|O_CLOEXEC|O_PATH'}, {'name': 'mode', 'type': 'mode_t', 'value': 915718182}]",0,0
16583.441513,8541,191,0,systemd-udevd,ubuntu,5,fstat,2,0,"[{'name': 'fd', 'type': 'int', 'value': 15}, {'name': 'statbuf', 'type': 'struct stat*', 'value': '0x7FFFB85B9710'}]",0,0
16583.441535,8541,191,0,systemd-udevd,ubuntu,3,close,1,0,"[{'name': 'fd', 'type': 'int', 'value': 6}]",0,0
16583.44156,8541,191,0,systemd-udevd,ubuntu,257,openat,4,6,"[{'name': 'dirfd', 'type': 'int', 'value': 15}, {'name': 'pathname', 'type': 'const char*', 'value': 'dmi'}, {'name': 'flags', 'type': 'int', 'value': 'O_RDONLY|O_NOFOLLOW|O_CLOEXEC|O_PATH'}, {'name': 'mode', 'type': 'mode_t', 'value': 915718182}]",0,0
16583.441607,8541,191,0,systemd-udevd,ubuntu,3,close,1,0,"[{'name': 'fd', 'type': 'int', 'value': 15}]",0,0
16583.441632,8541,191,0,systemd-udevd,ubuntu,257,openat,4,15,"[{'name': 'dirfd', 'type': 'int', 'value': 6}, {'name': 'pathname', 'type': 'const char*', 'value': 'id'}, {'name': 'flags', 'type': 'int', 'value': 'O_RDONLY|O_NOFOLLOW|O_CLOEXEC|O_PATH'}, {'name': 'mode', 'type': 'mode_t', 'value': 915718182}]",0,0
16583.441583,8541,191,0,systemd-udevd,ubuntu,5,fstat,2,0,"[{'name': 'fd', 'type': 'int', 'value': 6}, {'name': 'statbuf', 'type': 'struct stat*', 'value': '0x7FFFB85B9710'}]",0,0
16583.441655,8541,191,0,systemd-udevd,ubuntu,5,fstat,2,0,"[{'name': 'fd', 'type': 'int', 'value': 15}, {'name': 'statbuf', 'type': 'struct stat*', 'value': '0x7FFFB85B9710'}]",0,0
16583.441681,8541,191,0,systemd-udevd,ubuntu,3,close,1,0,"[{'name': 'fd', 'type': 'int', 'value': 6}]",0,0
16583.441705,8541,191,0,systemd-udevd,ubuntu,3,close,1,0,"[{'name': 'fd', 'type': 'int', 'value': 15}]",0,0
16583.441732,8541,191,0,systemd-udevd,ubuntu,21,access,2,0,"[{'name': 'pathname', 'type': 'const char*', 'value': '/sys/devices/virtual/dmi/id/uevent'}, {'name': 'mode', 'type': 'mode_t', 'value': 'F_OK'}]",0,0
16583.441761,8541,191,0,systemd-udevd,ubuntu,6,lstat,2,0,"[{'name': 'pathname', 'type': 'const char*', 'value': '/sys/devices/virtual/dmi/id/sys_vendor'}, {'name': 'statbuf', 'type': 'struct stat*', 'value': '0x7FFFB85BA820'}]",0,0
16583.441788,8541,191,0,systemd-udevd,ubuntu,1005,security_file_open,4,0,"[{'name': 'pathname', 'type': 'const char*', 'value': '/sys/devices/virtual/dmi/id/sys_vendor'}, {'name': 'flags', 'type': 'int', 'value': 'O_RDONLY|O_LARGEFILE'}, {'name': 'dev', 'type': 'dev_t', 'value': 22}, {'name': 'inode', 'type': 'unsigned long', 'value': 713}]",0,0
16583.44182,8541,191,0,systemd-udevd,ubuntu,257,openat,4,6,"[{'name': 'dirfd', 'type': 'int', 'value': -100}, {'name': 'pathname', 'type': 'const char*', 'value': '/sys/devices/virtual/dmi/id/sys_vendor'}, {'name': 'flags', 'type': 'int', 'value': 'O_RDONLY|O_CLOEXEC'}, {'name': 'mode', 'type': 'mode_t', 'value': 915717803}]",0,0
16583.441844,8541,191,0,systemd-udevd,ubuntu,5,fstat,2,0,"[{'name': 'fd', 'type': 'int', 'value': 6}, {'name': 'statbuf', 'type': 'struct stat*', 'value': '0x7FFFB85BA8B0'}]",0,0
16583.441877,8541,191,0,systemd-udevd,ubuntu,3,close,1,0,"[{'name': 'fd', 'type': 'int', 'value': 6}]",0,0
16583.44191,8541,191,0,systemd-udevd,ubuntu,21,access,2,-2,"[{'name': 'pathname', 'type': 'const char*', 'value': '/sys/subsystem/dmi/devices/id'}, {'name': 'mode', 'type': 'mode_t', 'value': 'F_OK'}]",0,0
16583.441937,8541,191,0,systemd-udevd,ubuntu,21,access,2,-2,"[{'name': 'pathname', 'type': 'const char*', 'value': '/sys/bus/dmi/devices/id'}, {'name': 'mode', 'type': 'mode_t', 'value': 'F_OK'}]",0,0
16583.441964,8541,191,0,systemd-udevd,ubuntu,21,access,2,0,"[{'name': 'pathname', 'type': 'const char*', 'value': '/sys/class/dmi/id'}, {'name': 'mode', 'type': 'mode_t', 'value': 'F_OK'}]",0,0
16583.441989,8541,191,0,systemd-udevd,ubuntu,257,openat,4,6,"[{'name': 'dirfd', 'type': 'int', 'value': -100}, {'name': 'pathname', 'type': 'const char*', 'value': '/'}, {'name': 'flags', 'type': 'int', 'value': 'O_RDONLY|O_DIRECTORY|O_CLOEXEC|O_PATH'}, {'name': 'mode', 'type': 'mode_t', 'value': 915717803}]",0,0
16583.442014,8541,191,0,systemd-udevd,ubuntu,257,openat,4,15,"[{'name': 'dirfd', 'type': 'int', 'value': 6}, {'name': 'pathname', 'type': 'const char*', 'value': 'sys'}, {'name': 'flags', 'type': 'int', 'value': 'O_RDONLY|O_NOFOLLOW|O_CLOEXEC|O_PATH'}, {'name': 'mode', 'type': 'mode_t', 'value': 915718182}]",0,0
16583.442037,8541,191,0,systemd-udevd,ubuntu,5,fstat,2,0,"[{'name': 'fd', 'type': 'int', 'value': 15}, {'name': 'statbuf', 'type': 'struct stat*', 'value': '0x7FFFB85B9710'}]",0,0
16583.44206,8541,191,0,systemd-udevd,ubuntu,3,close,1,0,"[{'name': 'fd', 'type': 'int', 'value': 6}]",0,0
16583.442086,8541,191,0,systemd-udevd,ubuntu,257,openat,4,6,"[{'name': 'dirfd', 'type': 'int', 'value': 15}, {'name': 'pathname', 'type': 'const char*', 'value': 'class'}, {'name': 'flags', 'type': 'int', 'value': 'O_RDONLY|O_NOFOLLOW|O_CLOEXEC|O_PATH'}, {'name': 'mode', 'type': 'mode_t', 'value': 915718182}]",0,0
16583.442109,8541,191,0,systemd-udevd,ubuntu,5,fstat,2,0,"[{'name': 'fd', 'type': 'int', 'value': 6}, {'name': 'statbuf', 'type': 'struct stat*', 'value': '0x7FFFB85B9710'}]",0,0
16583.442132,8541,191,0,systemd-udevd,ubuntu,3,close,1,0,"[{'name': 'fd', 'type': 'int', 'value': 15}]",0,0
16583.442157,8541,191,0,systemd-udevd,ubuntu,257,openat,4,15,"[{'name': 'dirfd', 'type': 'int', 'value': 6}, {'name': 'pathname', 'type': 'const char*', 'value': 'dmi'}, {'name': 'flags', 'type': 'int', 'value': 'O_RDONLY|O_NOFOLLOW|O_CLOEXEC|O_PATH'}, {'name': 'mode', 'type': 'mode_t', 'value': 915718182}]",0,0
16583.44218,8541,191,0,systemd-udevd,ubuntu,5,fstat,2,0,"[{'name': 'fd', 'type': 'int', 'value': 15}, {'name': 'statbuf', 'type': 'struct stat*', 'value': '0x7FFFB85B9710'}]",0,0
16583.442203,8541,191,0,systemd-udevd,ubuntu,3,close,1,0,"[{'name': 'fd', 'type': 'int', 'value': 6}]",0,0
16583.442228,8541,191,0,systemd-udevd,ubuntu,257,openat,4,6,"[{'name': 'dirfd', 'type': 'int', 'value': 15}, {'name': 'pathname', 'type': 'const char*', 'value': 'id'}, {'name': 'flags', 'type': 'int', 'value': 'O_RDONLY|O_NOFOLLOW|O_CLOEXEC|O_PATH'}, {'name': 'mode', 'type': 'mode_t', 'value': 915718182}]",0,0
16583.442252,8541,191,0,systemd-udevd,ubuntu,5,fstat,2,0,"[{'name': 'fd', 'type': 'int', 'value': 6}, {'name': 'statbuf', 'type': 'struct stat*', 'value': '0x7FFFB85B9710'}]",0,0
16583.442282,8541,191,0,systemd-udevd,ubuntu,3,close,1,0,"[{'name': 'fd', 'type': 'int', 'value': 6}]",0,0
16583.453533,8543,191,0,systemd-udevd,ubuntu,257,openat,4,6,"[{'name': 'dirfd', 'type': 'int', 'value': 15}, {'name': 'pathname', 'type': 'const char*', 'value': 'id'}, {'name': 'flags', 'type': 'int', 'value': 'O_RDONLY|O_NOFOLLOW|O_CLOEXEC|O_PATH'}, {'name': 'mode', 'type': 'mode_t', 'value': 915718182}]",0,0
16583.453565,8543,191,0,systemd-udevd,ubuntu,5,fstat,2,0,"[{'name': 'fd', 'type': 'int', 'value': 6}, {'name': 'statbuf', 'type': 'struct stat*', 'value': '0x7FFFB85B9710'}]",0,0
16583.4536,8543,191,0,systemd-udevd,ubuntu,3,close,1,0,"[{'name': 'fd', 'type': 'int', 'value': 6}]",0,0
16583.453628,8543,191,0,systemd-udevd,ubuntu,257,openat,4,6,"[{'name': 'dirfd', 'type': 'int', 'value': 15}, {'name': 'pathname', 'type': 'const char*', 'value': '..'}, {'name': 'flags', 'type': 'int', 'value': 'O_RDONLY|O_NOFOLLOW|O_CLOEXEC|O_PATH'}, {'name': 'mode', 'type': 'mode_t', 'value': 915718182}]",0,0
16583.453651,8543,191,0,systemd-udevd,ubuntu,3,close,1,0,"[{'name': 'fd', 'type': 'int', 'value': 15}]",0,0
16583.4537,8543,191,0,systemd-udevd,ubuntu,257,openat,4,15,"[{'name': 'dirfd', 'type': 'int', 'value': 6}, {'name': 'pathname', 'type': 'const char*', 'value': '..'}, {'name': 'flags', 'type': 'int', 'value': 'O_RDONLY|O_NOFOLLOW|O_CLOEXEC|O_PATH'}, {'name': 'mode', 'type': 'mode_t', 'value': 915718182}]",0,0
16583.45373,8543,191,0,systemd-udevd,ubuntu,3,close,1,0,"[{'name': 'fd', 'type': 'int', 'value': 6}]",0,0
16583.45376,8543,191,0,systemd-udevd,ubuntu,257,openat,4,6,"[{'name': 'dirfd', 'type': 'int', 'value': 15}, {'name': 'pathname', 'type': 'const char*', 'value': 'devices'}, {'name': 'flags', 'type': 'int', 'value': 'O_RDONLY|O_NOFOLLOW|O_CLOEXEC|O_PATH'}, {'name': 'mode', 'type': 'mode_t', 'value': 915718182}]",0,0
16583.453784,8543,191,0,systemd-udevd,ubuntu,5,fstat,2,0,"[{'name': 'fd', 'type': 'int', 'value': 6}, {'name': 'statbuf', 'type': 'struct stat*', 'value': '0x7FFFB85B9710'}]",0,0
16583.453807,8543,191,0,systemd-udevd,ubuntu,3,close,1,0,"[{'name': 'fd', 'type': 'int', 'value': 15}]",0,0
16583.453832,8543,191,0,systemd-udevd,ubuntu,257,openat,4,15,"[{'name': 'dirfd', 'type': 'int', 'value': 6}, {'name': 'pathname', 'type': 'const char*', 'value': 'virtual'}, {'name': 'flags', 'type': 'int', 'value': 'O_RDONLY|O_NOFOLLOW|O_CLOEXEC|O_PATH'}, {'name': 'mode', 'type': 'mode_t', 'value': 915718182}]",0,0
16583.453855,8543,191,0,systemd-udevd,ubuntu,5,fstat,2,0,"[{'name': 'fd', 'type': 'int', 'value': 15}, {'name': 'statbuf', 'type': 'struct stat*', 'value': '0x7FFFB85B9710'}]",0,0
16583.453877,8543,191,0,systemd-udevd,ubuntu,3,close,1,0,"[{'name': 'fd', 'type': 'int', 'value': 6}]",0,0
16583.453902,8543,191,0,systemd-udevd,ubuntu,257,openat,4,6,"[{'name': 'dirfd', 'type': 'int', 'value': 15}, {'name': 'pathname', 'type': 'const char*', 'value': 'dmi'}, {'name': 'flags', 'type': 'int', 'value': 'O_RDONLY|O_NOFOLLOW|O_CLOEXEC|O_PATH'}, {'name': 'mode', 'type': 'mode_t', 'value': 915718182}]",0,0
16583.453926,8543,191,0,systemd-udevd,ubuntu,5,fstat,2,0,"[{'name': 'fd', 'type': 'int', 'value': 6}, {'name': 'statbuf', 'type': 'struct stat*', 'value': '0x7FFFB85B9710'}]",0,0
16583.453949,8543,191,0,systemd-udevd,ubuntu,3,close,1,0,"[{'name': 'fd', 'type': 'int', 'value': 15}]",0,0
16583.453975,8543,191,0,systemd-udevd,ubuntu,257,openat,4,15,"[{'name': 'dirfd', 'type': 'int', 'value': 6}, {'name': 'pathname', 'type': 'const char*', 'value': 'id'}, {'name': 'flags', 'type': 'int', 'value': 'O_RDONLY|O_NOFOLLOW|O_CLOEXEC|O_PATH'}, {'name': 'mode', 'type': 'mode_t', 'value': 915718182}]",0,0
16583.453998,8543,191,0,systemd-udevd,ubuntu,5,fstat,2,0,"[{'name': 'fd', 'type': 'int', 'value': 15}, {'name': 'statbuf', 'type': 'struct stat*', 'value': '0x7FFFB85B9710'}]",0,0
16583.454021,8543,191,0,systemd-udevd,ubuntu,3,close,1,0,"[{'name': 'fd', 'type': 'int', 'value': 6}]",0,0
16583.454044,8543,191,0,systemd-udevd,ubuntu,3,close,1,0,"[{'name': 'fd', 'type': 'int', 'value': 15}]",0,0
16583.454074,8543,191,0,systemd-udevd,ubuntu,21,access,2,0,"[{'name': 'pathname', 'type': 'const char*', 'value': '/sys/devices/virtual/dmi/id/uevent'}, {'name': 'mode', 'type': 'mode_t', 'value': 'F_OK'}]",0,0
16583.454103,8543,191,0,systemd-udevd,ubuntu,6,lstat,2,0,"[{'name': 'pathname', 'type': 'const char*', 'value': '/sys/devices/virtual/dmi/id/sys_vendor'}, {'name': 'statbuf', 'type': 'struct stat*', 'value': '0x7FFFB85BA820'}]",0,0
16583.454133,8543,191,0,systemd-udevd,ubuntu,1005,security_file_open,4,0,"[{'name': 'pathname', 'type': 'const char*', 'value': '/sys/devices/virtual/dmi/id/sys_vendor'}, {'name': 'flags', 'type': 'int', 'value': 'O_RDONLY|O_LARGEFILE'}, {'name': 'dev', 'type': 'dev_t', 'value': 22}, {'name': 'inode', 'type': 'unsigned long', 'value': 713}]",0,0
16583.454164,8543,191,0,systemd-udevd,ubuntu,257,openat,4,6,"[{'name': 'dirfd', 'type': 'int', 'value': -100}, {'name': 'pathname', 'type': 'const char*', 'value': '/sys/devices/virtual/dmi/id/sys_vendor'}, {'name': 'flags', 'type': 'int', 'value': 'O_RDONLY|O_CLOEXEC'}, {'name': 'mode', 'type': 'mode_t', 'value': 915717803}]",0,0
16583.454187,8543,191,0,systemd-udevd,ubuntu,5,fstat,2,0,"[{'name': 'fd', 'type': 'int', 'value': 6}, {'name': 'statbuf', 'type': 'struct stat*', 'value': '0x7FFFB85BA8B0'}]",0,0
16583.454219,8543,191,0,systemd-udevd,ubuntu,3,close,1,0,"[{'name': 'fd', 'type': 'int', 'value': 6}]",0,0
16583.454254,8543,191,0,systemd-udevd,ubuntu,21,access,2,-2,"[{'name': 'pathname', 'type': 'const char*', 'value': '/sys/subsystem/dmi/devices/id'}, {'name': 'mode', 'type': 'mode_t', 'value': 'F_OK'}]",0,0
16583.454281,8543,191,0,systemd-udevd,ubuntu,21,access,2,-2,"[{'name': 'pathname', 'type': 'const char*', 'value': '/sys/bus/dmi/devices/id'}, {'name': 'mode', 'type': 'mode_t', 'value': 'F_OK'}]",0,0
16583.455271,8539,191,0,systemd-udevd,ubuntu,257,openat,4,6,"[{'name': 'dirfd', 'type': 'int', 'value': -100}, {'name': 'pathname', 'type': 'const char*', 'value': '/'}, {'name': 'flags', 'type': 'int', 'value': 'O_RDONLY|O_DIRECTORY|O_CLOEXEC|O_PATH'}, {'name': 'mode', 'type': 'mode_t', 'value': 915717803}]",0,0
16583.455447,8539,191,0,systemd-udevd,ubuntu,257,openat,4,15,"[{'name': 'dirfd', 'type': 'int', 'value': 6}, {'name': 'pathname', 'type': 'const char*', 'value': 'sys'}, {'name': 'flags', 'type': 'int', 'value': 'O_RDONLY|O_NOFOLLOW|O_CLOEXEC|O_PATH'}, {'name': 'mode', 'type': 'mode_t', 'value': 915718182}]",0,0
16583.455519,8539,191,0,systemd-udevd,ubuntu,5,fstat,2,0,"[{'name': 'fd', 'type': 'int', 'value': 15}, {'name': 'statbuf', 'type': 'struct stat*', 'value': '0x7FFFB85B9710'}]",0,0
16583.455556,8539,191,0,systemd-udevd,ubuntu,3,close,1,0,"[{'name': 'fd', 'type': 'int', 'value': 6}]",0,0
16583.455619,8539,191,0,systemd-udevd,ubuntu,257,openat,4,6,"[{'name': 'dirfd', 'type': 'int', 'value': 15}, {'name': 'pathname', 'type': 'const char*', 'value': 'class'}, {'name': 'flags', 'type': 'int', 'value': 'O_RDONLY|O_NOFOLLOW|O_CLOEXEC|O_PATH'}, {'name': 'mode', 'type': 'mode_t', 'value': 915718182}]",0,0
16583.455821,8539,191,0,systemd-udevd,ubuntu,5,fstat,2,0,"[{'name': 'fd', 'type': 'int', 'value': 6}, {'name': 'statbuf', 'type': 'struct stat*', 'value': '0x7FFFB85B9710'}]",0,0
16583.459899,8539,191,0,systemd-udevd,ubuntu,3,close,1,0,"[{'name': 'fd', 'type': 'int', 'value': 15}]",0,0
16583.459934,8539,191,0,systemd-udevd,ubuntu,257,openat,4,15,"[{'name': 'dirfd', 'type': 'int', 'value': 6}, {'name': 'pathname', 'type': 'const char*', 'value': 'dmi'}, {'name': 'flags', 'type': 'int', 'value': 'O_RDONLY|O_NOFOLLOW|O_CLOEXEC|O_PATH'}, {'name': 'mode', 'type': 'mode_t', 'value': 915718182}]",0,0
16583.459959,8539,191,0,systemd-udevd,ubuntu,5,fstat,2,0,"[{'name': 'fd', 'type': 'int', 'value': 15}, {'name': 'statbuf', 'type': 'struct stat*', 'value': '0x7FFFB85B9710'}]",0,0
16583.459993,8539,191,0,systemd-udevd,ubuntu,3,close,1,0,"[{'name': 'fd', 'type': 'int', 'value': 6}]",0,0
16583.460018,8539,191,0,systemd-udevd,ubuntu,257,openat,4,6,"[{'name': 'dirfd', 'type': 'int', 'value': 15}, {'name': 'pathname', 'type': 'const char*', 'value': 'id'}, {'name': 'flags', 'type': 'int', 'value': 'O_RDONLY|O_NOFOLLOW|O_CLOEXEC|O_PATH'}, {'name': 'mode', 'type': 'mode_t', 'value': 915718182}]",0,0
16583.460041,8539,191,0,systemd-udevd,ubuntu,5,fstat,2,0,"[{'name': 'fd', 'type': 'int', 'value': 6}, {'name': 'statbuf', 'type': 'struct stat*', 'value': '0x7FFFB85B9710'}]",0,0
16583.460074,8539,191,0,systemd-udevd,ubuntu,3,close,1,0,"[{'name': 'fd', 'type': 'int', 'value': 6}]",0,0
16583.460112,8539,191,0,systemd-udevd,ubuntu,257,openat,4,6,"[{'name': 'dirfd', 'type': 'int', 'value': 15}, {'name': 'pathname', 'type': 'const char*', 'value': '..'}, {'name': 'flags', 'type': 'int', 'value': 'O_RDONLY|O_NOFOLLOW|O_CLOEXEC|O_PATH'}, {'name': 'mode', 'type': 'mode_t', 'value': 915718182}]",0,0
16583.460136,8539,191,0,systemd-udevd,ubuntu,3,close,1,0,"[{'name': 'fd', 'type': 'int', 'value': 15}]",0,0
16583.460161,8539,191,0,systemd-udevd,ubuntu,257,openat,4,15,"[{'name': 'dirfd', 'type': 'int', 'value': 6}, {'name': 'pathname', 'type': 'const char*', 'value': '..'}, {'name': 'flags', 'type': 'int', 'value': 'O_RDONLY|O_NOFOLLOW|O_CLOEXEC|O_PATH'}, {'name': 'mode', 'type': 'mode_t', 'value': 915718182}]",0,0
16583.460184,8539,191,0,systemd-udevd,ubuntu,3,close,1,0,"[{'name': 'fd', 'type': 'int', 'value': 6}]",0,0
16583.460209,8539,191,0,systemd-udevd,ubuntu,257,openat,4,6,"[{'name': 'dirfd', 'type': 'int', 'value': 15}, {'name': 'pathname', 'type': 'const char*', 'value': 'devices'}, {'name': 'flags', 'type': 'int', 'value': 'O_RDONLY|O_NOFOLLOW|O_CLOEXEC|O_PATH'}, {'name': 'mode', 'type': 'mode_t', 'value': 915718182}]",0,0
16583.460232,8539,191,0,systemd-udevd,ubuntu,5,fstat,2,0,"[{'name': 'fd', 'type': 'int', 'value': 6}, {'name': 'statbuf', 'type': 'struct stat*', 'value': '0x7FFFB85B9710'}]",0,0
16583.460255,8539,191,0,systemd-udevd,ubuntu,3,close,1,0,"[{'name': 'fd', 'type': 'int', 'value': 15}]",0,0
16583.46028,8539,191,0,systemd-udevd,ubuntu,257,openat,4,15,"[{'name': 'dirfd', 'type': 'int', 'value': 6}, {'name': 'pathname', 'type': 'const char*', 'value': 'virtual'}, {'name': 'flags', 'type': 'int', 'value': 'O_RDONLY|O_NOFOLLOW|O_CLOEXEC|O_PATH'}, {'name': 'mode', 'type': 'mode_t', 'value': 915718182}]",0,0
16583.460302,8539,191,0,systemd-udevd,ubuntu,5,fstat,2,0,"[{'name': 'fd', 'type': 'int', 'value': 15}, {'name': 'statbuf', 'type': 'struct stat*', 'value': '0x7FFFB85B9710'}]",0,0
16583.460324,8539,191,0,systemd-udevd,ubuntu,3,close,1,0,"[{'name': 'fd', 'type': 'int', 'value': 6}]",0,0
16583.46035,8539,191,0,systemd-udevd,ubuntu,257,openat,4,6,"[{'name': 'dirfd', 'type': 'int', 'value': 15}, {'name': 'pathname', 'type': 'const char*', 'value': 'dmi'}, {'name': 'flags', 'type': 'int', 'value': 'O_RDONLY|O_NOFOLLOW|O_CLOEXEC|O_PATH'}, {'name': 'mode', 'type': 'mode_t', 'value': 915718182}]",0,0
16583.460373,8539,191,0,systemd-udevd,ubuntu,5,fstat,2,0,"[{'name': 'fd', 'type': 'int', 'value': 6}, {'name': 'statbuf', 'type': 'struct stat*', 'value': '0x7FFFB85B9710'}]",0,0
16583.460396,8539,191,0,systemd-udevd,ubuntu,3,close,1,0,"[{'name': 'fd', 'type': 'int', 'value': 15}]",0,0
16583.460421,8539,191,0,systemd-udevd,ubuntu,257,openat,4,15,"[{'name': 'dirfd', 'type': 'int', 'value': 6}, {'name': 'pathname', 'type': 'const char*', 'value': 'id'}, {'name': 'flags', 'type': 'int', 'value': 'O_RDONLY|O_NOFOLLOW|O_CLOEXEC|O_PATH'}, {'name': 'mode', 'type': 'mode_t', 'value': 915718182}]",0,0
16583.460445,8539,191,0,systemd-udevd,ubuntu,5,fstat,2,0,"[{'name': 'fd', 'type': 'int', 'value': 15}, {'name': 'statbuf', 'type': 'struct stat*', 'value': '0x7FFFB85B9710'}]",0,0
16583.460468,8539,191,0,systemd-udevd,ubuntu,3,close,1,0,"[{'name': 'fd', 'type': 'int', 'value': 6}]",0,0
16583.460491,8539,191,0,systemd-udevd,ubuntu,3,close,1,0,"[{'name': 'fd', 'type': 'int', 'value': 15}]",0,0
16583.46052,8539,191,0,systemd-udevd,ubuntu,21,access,2,0,"[{'name': 'pathname', 'type': 'const char*', 'value': '/sys/devices/virtual/dmi/id/uevent'}, {'name': 'mode', 'type': 'mode_t', 'value': 'F_OK'}]",0,0
16583.460548,8539,191,0,systemd-udevd,ubuntu,6,lstat,2,0,"[{'name': 'pathname', 'type': 'const char*', 'value': '/sys/devices/virtual/dmi/id/sys_vendor'}, {'name': 'statbuf', 'type': 'struct stat*', 'value': '0x7FFFB85BA820'}]",0,0
16583.460575,8539,191,0,systemd-udevd,ubuntu,1005,security_file_open,4,0,"[{'name': 'pathname', 'type': 'const char*', 'value': '/sys/devices/virtual/dmi/id/sys_vendor'}, {'name': 'flags', 'type': 'int', 'value': 'O_RDONLY|O_LARGEFILE'}, {'name': 'dev', 'type': 'dev_t', 'value': 22}, {'name': 'inode', 'type': 'unsigned long', 'value': 713}]",0,0
16583.460605,8539,191,0,systemd-udevd,ubuntu,257,openat,4,6,"[{'name': 'dirfd', 'type': 'int', 'value': -100}, {'name': 'pathname', 'type': 'const char*', 'value': '/sys/devices/virtual/dmi/id/sys_vendor'}, {'name': 'flags', 'type': 'int', 'value': 'O_RDONLY|O_CLOEXEC'}, {'name': 'mode', 'type': 'mode_t', 'value': 915717803}]",0,0
16583.460628,8539,191,0,systemd-udevd,ubuntu,5,fstat,2,0,"[{'name': 'fd', 'type': 'int', 'value': 6}, {'name': 'statbuf', 'type': 'struct stat*', 'value': '0x7FFFB85BA8B0'}]",0,0
16583.46066,8539,191,0,systemd-udevd,ubuntu,3,close,1,0,"[{'name': 'fd', 'type': 'int', 'value': 6}]",0,0
16583.460693,8539,191,0,systemd-udevd,ubuntu,21,access,2,-2,"[{'name': 'pathname', 'type': 'const char*', 'value': '/sys/subsystem/dmi/devices/id'}, {'name': 'mode', 'type': 'mode_t', 'value': 'F_OK'}]",0,0
16583.46072,8539,191,0,systemd-udevd,ubuntu,21,access,2,-2,"[{'name': 'pathname', 'type': 'const char*', 'value': '/sys/bus/dmi/devices/id'}, {'name': 'mode', 'type': 'mode_t', 'value': 'F_OK'}]",0,0
16583.460748,8539,191,0,systemd-udevd,ubuntu,21,access,2,0,"[{'name': 'pathname', 'type': 'const char*', 'value': '/sys/class/dmi/id'}, {'name': 'mode', 'type': 'mode_t', 'value': 'F_OK'}]",0,0
16583.460774,8539,191,0,systemd-udevd,ubuntu,257,openat,4,6,"[{'name': 'dirfd', 'type': 'int', 'value': -100}, {'name': 'pathname', 'type': 'const char*', 'value': '/'}, {'name': 'flags', 'type': 'int', 'value': 'O_RDONLY|O_DIRECTORY|O_CLOEXEC|O_PATH'}, {'name': 'mode', 'type': 'mode_t', 'value': 915717803}]",0,0
16583.460799,8539,191,0,systemd-udevd,ubuntu,257,openat,4,15,"[{'name': 'dirfd', 'type': 'int', 'value': 6}, {'name': 'pathname', 'type': 'const char*', 'value': 'sys'}, {'name': 'flags', 'type': 'int', 'value': 'O_RDONLY|O_NOFOLLOW|O_CLOEXEC|O_PATH'}, {'name': 'mode', 'type': 'mode_t', 'value': 915718182}]",0,0
16583.460822,8539,191,0,systemd-udevd,ubuntu,5,fstat,2,0,"[{'name': 'fd', 'type': 'int', 'value': 15}, {'name': 'statbuf', 'type': 'struct stat*', 'value': '0x7FFFB85B9710'}]",0,0
16583.460845,8539,191,0,systemd-udevd,ubuntu,3,close,1,0,"[{'name': 'fd', 'type': 'int', 'value': 6}]",0,0
16583.460871,8539,191,0,systemd-udevd,ubuntu,257,openat,4,6,"[{'name': 'dirfd', 'type': 'int', 'value': 15}, {'name': 'pathname', 'type': 'const char*', 'value': 'class'}, {'name': 'flags', 'type': 'int', 'value': 'O_RDONLY|O_NOFOLLOW|O_CLOEXEC|O_PATH'}, {'name': 'mode', 'type': 'mode_t', 'value': 915718182}]",0,0
16583.460894,8539,191,0,systemd-udevd,ubuntu,5,fstat,2,0,"[{'name': 'fd', 'type': 'int', 'value': 6}, {'name': 'statbuf', 'type': 'struct stat*', 'value': '0x7FFFB85B9710'}]",0,0
16583.460917,8539,191,0,systemd-udevd,ubuntu,3,close,1,0,"[{'name': 'fd', 'type': 'int', 'value': 15}]",0,0
16583.460945,8539,191,0,systemd-udevd,ubuntu,257,openat,4,15,"[{'name': 'dirfd', 'type': 'int', 'value': 6}, {'name': 'pathname', 'type': 'const char*', 'value': 'dmi'}, {'name': 'flags', 'type': 'int', 'value': 'O_RDONLY|O_NOFOLLOW|O_CLOEXEC|O_PATH'}, {'name': 'mode', 'type': 'mode_t', 'value': 915718182}]",0,0
16583.460969,8539,191,0,systemd-udevd,ubuntu,5,fstat,2,0,"[{'name': 'fd', 'type': 'int', 'value': 15}, {'name': 'statbuf', 'type': 'struct stat*', 'value': '0x7FFFB85B9710'}]",0,0
16583.460992,8539,191,0,systemd-udevd,ubuntu,3,close,1,0,"[{'name': 'fd', 'type': 'int', 'value': 6}]",0,0
16583.461017,8539,191,0,systemd-udevd,ubuntu,257,openat,4,6,"[{'name': 'dirfd', 'type': 'int', 'value': 15}, {'name': 'pathname', 'type': 'const char*', 'value': 'id'}, {'name': 'flags', 'type': 'int', 'value': 'O_RDONLY|O_NOFOLLOW|O_CLOEXEC|O_PATH'}, {'name': 'mode', 'type': 'mode_t', 'value': 915718182}]",0,0
16583.46104,8539,191,0,systemd-udevd,ubuntu,5,fstat,2,0,"[{'name': 'fd', 'type': 'int', 'value': 6}, {'name': 'statbuf', 'type': 'struct stat*', 'value': '0x7FFFB85B9710'}]",0,0
16583.461071,8539,191,0,systemd-udevd,ubuntu,3,close,1,0,"[{'name': 'fd', 'type': 'int', 'value': 6}]",0,0
16583.461097,8539,191,0,systemd-udevd,ubuntu,257,openat,4,6,"[{'name': 'dirfd', 'type': 'int', 'value': 15}, {'name': 'pathname', 'type': 'const char*', 'value': '..'}, {'name': 'flags', 'type': 'int', 'value': 'O_RDONLY|O_NOFOLLOW|O_CLOEXEC|O_PATH'}, {'name': 'mode', 'type': 'mode_t', 'value': 915718182}]",0,0
16583.46112,8539,191,0,systemd-udevd,ubuntu,3,close,1,0,"[{'name': 'fd', 'type': 'int', 'value': 15}]",0,0
16583.461146,8539,191,0,systemd-udevd,ubuntu,257,openat,4,15,"[{'name': 'dirfd', 'type': 'int', 'value': 6}, {'name': 'pathname', 'type': 'const char*', 'value': '..'}, {'name': 'flags', 'type': 'int', 'value': 'O_RDONLY|O_NOFOLLOW|O_CLOEXEC|O_PATH'}, {'name': 'mode', 'type': 'mode_t', 'value': 915718182}]",0,0
16583.461169,8539,191,0,systemd-udevd,ubuntu,3,close,1,0,"[{'name': 'fd', 'type': 'int', 'value': 6}]",0,0
16583.461194,8539,191,0,systemd-udevd,ubuntu,257,openat,4,6,"[{'name': 'dirfd', 'type': 'int', 'value': 15}, {'name': 'pathname', 'type': 'const char*', 'value': 'devices'}, {'name': 'flags', 'type': 'int', 'value': 'O_RDONLY|O_NOFOLLOW|O_CLOEXEC|O_PATH'}, {'name': 'mode', 'type': 'mode_t', 'value': 915718182}]",0,0
16583.461216,8539,191,0,systemd-udevd,ubuntu,5,fstat,2,0,"[{'name': 'fd', 'type': 'int', 'value': 6}, {'name': 'statbuf', 'type': 'struct stat*', 'value': '0x7FFFB85B9710'}]",0,0
16583.461239,8539,191,0,systemd-udevd,ubuntu,3,close,1,0,"[{'name': 'fd', 'type': 'int', 'value': 15}]",0,0
16583.461264,8539,191,0,systemd-udevd,ubuntu,257,openat,4,15,"[{'name': 'dirfd', 'type': 'int', 'value': 6}, {'name': 'pathname', 'type': 'const char*', 'value': 'virtual'}, {'name': 'flags', 'type': 'int', 'value': 'O_RDONLY|O_NOFOLLOW|O_CLOEXEC|O_PATH'}, {'name': 'mode', 'type': 'mode_t', 'value': 915718182}]",0,0
16583.461286,8539,191,0,systemd-udevd,ubuntu,5,fstat,2,0,"[{'name': 'fd', 'type': 'int', 'value': 15}, {'name': 'statbuf', 'type': 'struct stat*', 'value': '0x7FFFB85B9710'}]",0,0
16583.461309,8539,191,0,systemd-udevd,ubuntu,3,close,1,0,"[{'name': 'fd', 'type': 'int', 'value': 6}]",0,0
16583.461334,8539,191,0,systemd-udevd,ubuntu,257,openat,4,6,"[{'name': 'dirfd', 'type': 'int', 'value': 15}, {'name': 'pathname', 'type': 'const char*', 'value': 'dmi'}, {'name': 'flags', 'type': 'int', 'value': 'O_RDONLY|O_NOFOLLOW|O_CLOEXEC|O_PATH'}, {'name': 'mode', 'type': 'mode_t', 'value': 915718182}]",0,0
16583.461357,8539,191,0,systemd-udevd,ubuntu,5,fstat,2,0,"[{'name': 'fd', 'type': 'int', 'value': 6}, {'name': 'statbuf', 'type': 'struct stat*', 'value': '0x7FFFB85B9710'}]",0,0
16583.46138,8539,191,0,systemd-udevd,ubuntu,3,close,1,0,"[{'name': 'fd', 'type': 'int', 'value': 15}]",0,0
16583.461405,8539,191,0,systemd-udevd,ubuntu,257,openat,4,15,"[{'name': 'dirfd', 'type': 'int', 'value': 6}, {'name': 'pathname', 'type': 'const char*', 'value': 'id'}, {'name': 'flags', 'type': 'int', 'value': 'O_RDONLY|O_NOFOLLOW|O_CLOEXEC|O_PATH'}, {'name': 'mode', 'type': 'mode_t', 'value': 915718182}]",0,0
16583.461428,8539,191,0,systemd-udevd,ubuntu,5,fstat,2,0,"[{'name': 'fd', 'type': 'int', 'value': 15}, {'name': 'statbuf', 'type': 'struct stat*', 'value': '0x7FFFB85B9710'}]",0,0
16583.461451,8539,191,0,systemd-udevd,ubuntu,3,close,1,0,"[{'name': 'fd', 'type': 'int', 'value': 6}]",0,0
16583.461475,8539,191,0,systemd-udevd,ubuntu,3,close,1,0,"[{'name': 'fd', 'type': 'int', 'value': 15}]",0,0
16583.461501,8539,191,0,systemd-udevd,ubuntu,21,access,2,0,"[{'name': 'pathname', 'type': 'const char*', 'value': '/sys/devices/virtual/dmi/id/uevent'}, {'name': 'mode', 'type': 'mode_t', 'value': 'F_OK'}]",0,0
16583.461527,8539,191,0,systemd-udevd,ubuntu,6,lstat,2,0,"[{'name': 'pathname', 'type': 'const char*', 'value': '/sys/devices/virtual/dmi/id/sys_vendor'}, {'name': 'statbuf', 'type': 'struct stat*', 'value': '0x7FFFB85BA820'}]",0,0
16583.461553,8539,191,0,systemd-udevd,ubuntu,1005,security_file_open,4,0,"[{'name': 'pathname', 'type': 'const char*', 'value': '/sys/devices/virtual/dmi/id/sys_vendor'}, {'name': 'flags', 'type': 'int', 'value': 'O_RDONLY|O_LARGEFILE'}, {'name': 'dev', 'type': 'dev_t', 'value': 22}, {'name': 'inode', 'type': 'unsigned long', 'value': 713}]",0,0
16583.461581,8539,191,0,systemd-udevd,ubuntu,257,openat,4,6,"[{'name': 'dirfd', 'type': 'int', 'value': -100}, {'name': 'pathname', 'type': 'const char*', 'value': '/sys/devices/virtual/dmi/id/sys_vendor'}, {'name': 'flags', 'type': 'int', 'value': 'O_RDONLY|O_CLOEXEC'}, {'name': 'mode', 'type': 'mode_t', 'value': 915717803}]",0,0
16583.461604,8539,191,0,systemd-udevd,ubuntu,5,fstat,2,0,"[{'name': 'fd', 'type': 'int', 'value': 6}, {'name': 'statbuf', 'type': 'struct stat*', 'value': '0x7FFFB85BA8B0'}]",0,0
16583.461634,8539,191,0,systemd-udevd,ubuntu,3,close,1,0,"[{'name': 'fd', 'type': 'int', 'value': 6}]",0,0
16583.461716,8539,191,0,systemd-udevd,ubuntu,1003,cap_capable,1,0,"[{'name': 'cap', 'type': 'int', 'value': 'CAP_NET_ADMIN'}]",0,0
16583.467997,8540,191,0,systemd-udevd,ubuntu,5,fstat,2,0,"[{'name': 'fd', 'type': 'int', 'value': 15}, {'name': 'statbuf', 'type': 'struct stat*', 'value': '0x7FFFB85B9710'}]",0,0
16583.468037,8540,191,0,systemd-udevd,ubuntu,3,close,1,0,"[{'name': 'fd', 'type': 'int', 'value': 6}]",0,0
16583.468091,8540,191,0,systemd-udevd,ubuntu,257,openat,4,6,"[{'name': 'dirfd', 'type': 'int', 'value': 15}, {'name': 'pathname', 'type': 'const char*', 'value': 'id'}, {'name': 'flags', 'type': 'int', 'value': 'O_RDONLY|O_NOFOLLOW|O_CLOEXEC|O_PATH'}, {'name': 'mode', 'type': 'mode_t', 'value': 915718182}]",0,0
16583.468122,8540,191,0,systemd-udevd,ubuntu,5,fstat,2,0,"[{'name': 'fd', 'type': 'int', 'value': 6}, {'name': 'statbuf', 'type': 'struct stat*', 'value': '0x7FFFB85B9710'}]",0,0
16583.468161,8540,191,0,systemd-udevd,ubuntu,3,close,1,0,"[{'name': 'fd', 'type': 'int', 'value': 6}]",0,0
16583.468189,8540,191,0,systemd-udevd,ubuntu,257,openat,4,6,"[{'name': 'dirfd', 'type': 'int', 'value': 15}, {'name': 'pathname', 'type': 'const char*', 'value': '..'}, {'name': 'flags', 'type': 'int', 'value': 'O_RDONLY|O_NOFOLLOW|O_CLOEXEC|O_PATH'}, {'name': 'mode', 'type': 'mode_t', 'value': 915718182}]",0,0
16583.468213,8540,191,0,systemd-udevd,ubuntu,3,close,1,0,"[{'name': 'fd', 'type': 'int', 'value': 15}]",0,0
16583.468238,8540,191,0,systemd-udevd,ubuntu,257,openat,4,15,"[{'name': 'dirfd', 'type': 'int', 'value': 6}, {'name': 'pathname', 'type': 'const char*', 'value': '..'}, {'name': 'flags', 'type': 'int', 'value': 'O_RDONLY|O_NOFOLLOW|O_CLOEXEC|O_PATH'}, {'name': 'mode', 'type': 'mode_t', 'value': 915718182}]",0,0
16583.468261,8540,191,0,systemd-udevd,ubuntu,3,close,1,0,"[{'name': 'fd', 'type': 'int', 'value': 6}]",0,0
16583.468286,8540,191,0,systemd-udevd,ubuntu,257,openat,4,6,"[{'name': 'dirfd', 'type': 'int', 'value': 15}, {'name': 'pathname', 'type': 'const char*', 'value': 'devices'}, {'name': 'flags', 'type': 'int', 'value': 'O_RDONLY|O_NOFOLLOW|O_CLOEXEC|O_PATH'}, {'name': 'mode', 'type': 'mode_t', 'value': 915718182}]",0,0
16583.468309,8540,191,0,systemd-udevd,ubuntu,5,fstat,2,0,"[{'name': 'fd', 'type': 'int', 'value': 6}, {'name': 'statbuf', 'type': 'struct stat*', 'value': '0x7FFFB85B9710'}]",0,0
16583.468331,8540,191,0,systemd-udevd,ubuntu,3,close,1,0,"[{'name': 'fd', 'type': 'int', 'value': 15}]",0,0
16583.468371,8540,191,0,systemd-udevd,ubuntu,257,openat,4,15,"[{'name': 'dirfd', 'type': 'int', 'value': 6}, {'name': 'pathname', 'type': 'const char*', 'value': 'virtual'}, {'name': 'flags', 'type': 'int', 'value': 'O_RDONLY|O_NOFOLLOW|O_CLOEXEC|O_PATH'}, {'name': 'mode', 'type': 'mode_t', 'value': 915718182}]",0,0
16583.468395,8540,191,0,systemd-udevd,ubuntu,5,fstat,2,0,"[{'name': 'fd', 'type': 'int', 'value': 15}, {'name': 'statbuf', 'type': 'struct stat*', 'value': '0x7FFFB85B9710'}]",0,0
16583.468417,8540,191,0,systemd-udevd,ubuntu,3,close,1,0,"[{'name': 'fd', 'type': 'int', 'value': 6}]",0,0
16583.468442,8540,191,0,systemd-udevd,ubuntu,257,openat,4,6,"[{'name': 'dirfd', 'type': 'int', 'value': 15}, {'name': 'pathname', 'type': 'const char*', 'value': 'dmi'}, {'name': 'flags', 'type': 'int', 'value': 'O_RDONLY|O_NOFOLLOW|O_CLOEXEC|O_PATH'}, {'name': 'mode', 'type': 'mode_t', 'value': 915718182}]",0,0
16583.468466,8540,191,0,systemd-udevd,ubuntu,5,fstat,2,0,"[{'name': 'fd', 'type': 'int', 'value': 6}, {'name': 'statbuf', 'type': 'struct stat*', 'value': '0x7FFFB85B9710'}]",0,0
16583.468489,8540,191,0,systemd-udevd,ubuntu,3,close,1,0,"[{'name': 'fd', 'type': 'int', 'value': 15}]",0,0
16583.468515,8540,191,0,systemd-udevd,ubuntu,257,openat,4,15,"[{'name': 'dirfd', 'type': 'int', 'value': 6}, {'name': 'pathname', 'type': 'const char*', 'value': 'id'}, {'name': 'flags', 'type': 'int', 'value': 'O_RDONLY|O_NOFOLLOW|O_CLOEXEC|O_PATH'}, {'name': 'mode', 'type': 'mode_t', 'value': 915718182}]",0,0
16583.468538,8540,191,0,systemd-udevd,ubuntu,5,fstat,2,0,"[{'name': 'fd', 'type': 'int', 'value': 15}, {'name': 'statbuf', 'type': 'struct stat*', 'value': '0x7FFFB85B9710'}]",0,0
16583.468561,8540,191,0,systemd-udevd,ubuntu,3,close,1,0,"[{'name': 'fd', 'type': 'int', 'value': 6}]",0,0
16583.468585,8540,191,0,systemd-udevd,ubuntu,3,close,1,0,"[{'name': 'fd', 'type': 'int', 'value': 15}]",0,0
16583.468614,8540,191,0,systemd-udevd,ubuntu,21,access,2,0,"[{'name': 'pathname', 'type': 'const char*', 'value': '/sys/devices/virtual/dmi/id/uevent'}, {'name': 'mode', 'type': 'mode_t', 'value': 'F_OK'}]",0,0
16583.468644,8540,191,0,systemd-udevd,ubuntu,6,lstat,2,0,"[{'name': 'pathname', 'type': 'const char*', 'value': '/sys/devices/virtual/dmi/id/sys_vendor'}, {'name': 'statbuf', 'type': 'struct stat*', 'value': '0x7FFFB85BA820'}]",0,0
16583.468671,8540,191,0,systemd-udevd,ubuntu,1005,security_file_open,4,0,"[{'name': 'pathname', 'type': 'const char*', 'value': '/sys/devices/virtual/dmi/id/sys_vendor'}, {'name': 'flags', 'type': 'int', 'value': 'O_RDONLY|O_LARGEFILE'}, {'name': 'dev', 'type': 'dev_t', 'value': 22}, {'name': 'inode', 'type': 'unsigned long', 'value': 713}]",0,0
16583.4687,8540,191,0,systemd-udevd,ubuntu,257,openat,4,6,"[{'name': 'dirfd', 'type': 'int', 'value': -100}, {'name': 'pathname', 'type': 'const char*', 'value': '/sys/devices/virtual/dmi/id/sys_vendor'}, {'name': 'flags', 'type': 'int', 'value': 'O_RDONLY|O_CLOEXEC'}, {'name': 'mode', 'type': 'mode_t', 'value': 915717803}]",0,0
16583.468724,8540,191,0,systemd-udevd,ubuntu,5,fstat,2,0,"[{'name': 'fd', 'type': 'int', 'value': 6}, {'name': 'statbuf', 'type': 'struct stat*', 'value': '0x7FFFB85BA8B0'}]",0,0
16583.468756,8540,191,0,systemd-udevd,ubuntu,3,close,1,0,"[{'name': 'fd', 'type': 'int', 'value': 6}]",0,0
16583.46879,8540,191,0,systemd-udevd,ubuntu,21,access,2,-2,"[{'name': 'pathname', 'type': 'const char*', 'value': '/sys/subsystem/dmi/devices/id'}, {'name': 'mode', 'type': 'mode_t', 'value': 'F_OK'}]",0,0
16583.468817,8540,191,0,systemd-udevd,ubuntu,21,access,2,-2,"[{'name': 'pathname', 'type': 'const char*', 'value': '/sys/bus/dmi/devices/id'}, {'name': 'mode', 'type': 'mode_t', 'value': 'F_OK'}]",0,0
16583.468844,8540,191,0,systemd-udevd,ubuntu,21,access,2,0,"[{'name': 'pathname', 'type': 'const char*', 'value': '/sys/class/dmi/id'}, {'name': 'mode', 'type': 'mode_t', 'value': 'F_OK'}]",0,0
16583.468871,8540,191,0,systemd-udevd,ubuntu,257,openat,4,6,"[{'name': 'dirfd', 'type': 'int', 'value': -100}, {'name': 'pathname', 'type': 'const char*', 'value': '/'}, {'name': 'flags', 'type': 'int', 'value': 'O_RDONLY|O_DIRECTORY|O_CLOEXEC|O_PATH'}, {'name': 'mode', 'type': 'mode_t', 'value': 915717803}]",0,0
16583.468895,8540,191,0,systemd-udevd,ubuntu,257,openat,4,15,"[{'name': 'dirfd', 'type': 'int', 'value': 6}, {'name': 'pathname', 'type': 'const char*', 'value': 'sys'}, {'name': 'flags', 'type': 'int', 'value': 'O_RDONLY|O_NOFOLLOW|O_CLOEXEC|O_PATH'}, {'name': 'mode', 'type': 'mode_t', 'value': 915718182}]",0,0
16583.468919,8540,191,0,systemd-udevd,ubuntu,5,fstat,2,0,"[{'name': 'fd', 'type': 'int', 'value': 15}, {'name': 'statbuf', 'type': 'struct stat*', 'value': '0x7FFFB85B9710'}]",0,0
16583.468942,8540,191,0,systemd-udevd,ubuntu,3,close,1,0,"[{'name': 'fd', 'type': 'int', 'value': 6}]",0,0
16583.468967,8540,191,0,systemd-udevd,ubuntu,257,openat,4,6,"[{'name': 'dirfd', 'type': 'int', 'value': 15}, {'name': 'pathname', 'type': 'const char*', 'value': 'class'}, {'name': 'flags', 'type': 'int', 'value': 'O_RDONLY|O_NOFOLLOW|O_CLOEXEC|O_PATH'}, {'name': 'mode', 'type': 'mode_t', 'value': 915718182}]",0,0
16583.46899,8540,191,0,systemd-udevd,ubuntu,5,fstat,2,0,"[{'name': 'fd', 'type': 'int', 'value': 6}, {'name': 'statbuf', 'type': 'struct stat*', 'value': '0x7FFFB85B9710'}]",0,0
16583.469013,8540,191,0,systemd-udevd,ubuntu,3,close,1,0,"[{'name': 'fd', 'type': 'int', 'value': 15}]",0,0
16583.469038,8540,191,0,systemd-udevd,ubuntu,257,openat,4,15,"[{'name': 'dirfd', 'type': 'int', 'value': 6}, {'name': 'pathname', 'type': 'const char*', 'value': 'dmi'}, {'name': 'flags', 'type': 'int', 'value': 'O_RDONLY|O_NOFOLLOW|O_CLOEXEC|O_PATH'}, {'name': 'mode', 'type': 'mode_t', 'value': 915718182}]",0,0
16583.469062,8540,191,0,systemd-udevd,ubuntu,5,fstat,2,0,"[{'name': 'fd', 'type': 'int', 'value': 15}, {'name': 'statbuf', 'type': 'struct stat*', 'value': '0x7FFFB85B9710'}]",0,0
16583.469085,8540,191,0,systemd-udevd,ubuntu,3,close,1,0,"[{'name': 'fd', 'type': 'int', 'value': 6}]",0,0
16583.469109,8540,191,0,systemd-udevd,ubuntu,257,openat,4,6,"[{'name': 'dirfd', 'type': 'int', 'value': 15}, {'name': 'pathname', 'type': 'const char*', 'value': 'id'}, {'name': 'flags', 'type': 'int', 'value': 'O_RDONLY|O_NOFOLLOW|O_CLOEXEC|O_PATH'}, {'name': 'mode', 'type': 'mode_t', 'value': 915718182}]",0,0
16583.469133,8540,191,0,systemd-udevd,ubuntu,5,fstat,2,0,"[{'name': 'fd', 'type': 'int', 'value': 6}, {'name': 'statbuf', 'type': 'struct stat*', 'value': '0x7FFFB85B9710'}]",0,0
16583.469163,8540,191,0,systemd-udevd,ubuntu,3,close,1,0,"[{'name': 'fd', 'type': 'int', 'value': 6}]",0,0
16583.469189,8540,191,0,systemd-udevd,ubuntu,257,openat,4,6,"[{'name': 'dirfd', 'type': 'int', 'value': 15}, {'name': 'pathname', 'type': 'const char*', 'value': '..'}, {'name': 'flags', 'type': 'int', 'value': 'O_RDONLY|O_NOFOLLOW|O_CLOEXEC|O_PATH'}, {'name': 'mode', 'type': 'mode_t', 'value': 915718182}]",0,0
16583.469212,8540,191,0,systemd-udevd,ubuntu,3,close,1,0,"[{'name': 'fd', 'type': 'int', 'value': 15}]",0,0
16583.469237,8540,191,0,systemd-udevd,ubuntu,257,openat,4,15,"[{'name': 'dirfd', 'type': 'int', 'value': 6}, {'name': 'pathname', 'type': 'const char*', 'value': '..'}, {'name': 'flags', 'type': 'int', 'value': 'O_RDONLY|O_NOFOLLOW|O_CLOEXEC|O_PATH'}, {'name': 'mode', 'type': 'mode_t', 'value': 915718182}]",0,0
16583.469264,8540,191,0,systemd-udevd,ubuntu,3,close,1,0,"[{'name': 'fd', 'type': 'int', 'value': 6}]",0,0
16583.469289,8540,191,0,systemd-udevd,ubuntu,257,openat,4,6,"[{'name': 'dirfd', 'type': 'int', 'value': 15}, {'name': 'pathname', 'type': 'const char*', 'value': 'devices'}, {'name': 'flags', 'type': 'int', 'value': 'O_RDONLY|O_NOFOLLOW|O_CLOEXEC|O_PATH'}, {'name': 'mode', 'type': 'mode_t', 'value': 915718182}]",0,0
16583.469312,8540,191,0,systemd-udevd,ubuntu,5,fstat,2,0,"[{'name': 'fd', 'type': 'int', 'value': 6}, {'name': 'statbuf', 'type': 'struct stat*', 'value': '0x7FFFB85B9710'}]",0,0
16583.469334,8540,191,0,systemd-udevd,ubuntu,3,close,1,0,"[{'name': 'fd', 'type': 'int', 'value': 15}]",0,0
16583.469359,8540,191,0,systemd-udevd,ubuntu,257,openat,4,15,"[{'name': 'dirfd', 'type': 'int', 'value': 6}, {'name': 'pathname', 'type': 'const char*', 'value': 'virtual'}, {'name': 'flags', 'type': 'int', 'value': 'O_RDONLY|O_NOFOLLOW|O_CLOEXEC|O_PATH'}, {'name': 'mode', 'type': 'mode_t', 'value': 915718182}]",0,0
16583.469382,8540,191,0,systemd-udevd,ubuntu,5,fstat,2,0,"[{'name': 'fd', 'type': 'int', 'value': 15}, {'name': 'statbuf', 'type': 'struct stat*', 'value': '0x7FFFB85B9710'}]",0,0
16583.469404,8540,191,0,systemd-udevd,ubuntu,3,close,1,0,"[{'name': 'fd', 'type': 'int', 'value': 6}]",0,0
16583.469429,8540,191,0,systemd-udevd,ubuntu,257,openat,4,6,"[{'name': 'dirfd', 'type': 'int', 'value': 15}, {'name': 'pathname', 'type': 'const char*', 'value': 'dmi'}, {'name': 'flags', 'type': 'int', 'value': 'O_RDONLY|O_NOFOLLOW|O_CLOEXEC|O_PATH'}, {'name': 'mode', 'type': 'mode_t', 'value': 915718182}]",0,0
16583.469452,8540,191,0,systemd-udevd,ubuntu,5,fstat,2,0,"[{'name': 'fd', 'type': 'int', 'value': 6}, {'name': 'statbuf', 'type': 'struct stat*', 'value': '0x7FFFB85B9710'}]",0,0
16583.469475,8540,191,0,systemd-udevd,ubuntu,3,close,1,0,"[{'name': 'fd', 'type': 'int', 'value': 15}]",0,0
16583.4695,8540,191,0,systemd-udevd,ubuntu,257,openat,4,15,"[{'name': 'dirfd', 'type': 'int', 'value': 6}, {'name': 'pathname', 'type': 'const char*', 'value': 'id'}, {'name': 'flags', 'type': 'int', 'value': 'O_RDONLY|O_NOFOLLOW|O_CLOEXEC|O_PATH'}, {'name': 'mode', 'type': 'mode_t', 'value': 915718182}]",0,0
16583.469523,8540,191,0,systemd-udevd,ubuntu,5,fstat,2,0,"[{'name': 'fd', 'type': 'int', 'value': 15}, {'name': 'statbuf', 'type': 'struct stat*', 'value': '0x7FFFB85B9710'}]",0,0
16583.469546,8540,191,0,systemd-udevd,ubuntu,3,close,1,0,"[{'name': 'fd', 'type': 'int', 'value': 6}]",0,0
16583.46957,8540,191,0,systemd-udevd,ubuntu,3,close,1,0,"[{'name': 'fd', 'type': 'int', 'value': 15}]",0,0
16583.469596,8540,191,0,systemd-udevd,ubuntu,21,access,2,0,"[{'name': 'pathname', 'type': 'const char*', 'value': '/sys/devices/virtual/dmi/id/uevent'}, {'name': 'mode', 'type': 'mode_t', 'value': 'F_OK'}]",0,0
16583.469623,8540,191,0,systemd-udevd,ubuntu,6,lstat,2,0,"[{'name': 'pathname', 'type': 'const char*', 'value': '/sys/devices/virtual/dmi/id/sys_vendor'}, {'name': 'statbuf', 'type': 'struct stat*', 'value': '0x7FFFB85BA820'}]",0,0
16583.469648,8540,191,0,systemd-udevd,ubuntu,1005,security_file_open,4,0,"[{'name': 'pathname', 'type': 'const char*', 'value': '/sys/devices/virtual/dmi/id/sys_vendor'}, {'name': 'flags', 'type': 'int', 'value': 'O_RDONLY|O_LARGEFILE'}, {'name': 'dev', 'type': 'dev_t', 'value': 22}, {'name': 'inode', 'type': 'unsigned long', 'value': 713}]",0,0
16583.469676,8540,191,0,systemd-udevd,ubuntu,257,openat,4,6,"[{'name': 'dirfd', 'type': 'int', 'value': -100}, {'name': 'pathname', 'type': 'const char*', 'value': '/sys/devices/virtual/dmi/id/sys_vendor'}, {'name': 'flags', 'type': 'int', 'value': 'O_RDONLY|O_CLOEXEC'}, {'name': 'mode', 'type': 'mode_t', 'value': 915717803}]",0,0
16583.469699,8540,191,0,systemd-udevd,ubuntu,5,fstat,2,0,"[{'name': 'fd', 'type': 'int', 'value': 6}, {'name': 'statbuf', 'type': 'struct stat*', 'value': '0x7FFFB85BA8B0'}]",0,0
16583.469729,8540,191,0,systemd-udevd,ubuntu,3,close,1,0,"[{'name': 'fd', 'type': 'int', 'value': 6}]",0,0
16583.4698,8540,191,0,systemd-udevd,ubuntu,1003,cap_capable,1,0,"[{'name': 'cap', 'type': 'int', 'value': 'CAP_NET_ADMIN'}]",0,0
16583.475562,8545,191,0,systemd-udevd,ubuntu,257,openat,4,15,"[{'name': 'dirfd', 'type': 'int', 'value': 6}, {'name': 'pathname', 'type': 'const char*', 'value': 'id'}, {'name': 'flags', 'type': 'int', 'value': 'O_RDONLY|O_NOFOLLOW|O_CLOEXEC|O_PATH'}, {'name': 'mode', 'type': 'mode_t', 'value': 915718182}]",0,0
16583.475596,8545,191,0,systemd-udevd,ubuntu,5,fstat,2,0,"[{'name': 'fd', 'type': 'int', 'value': 15}, {'name': 'statbuf', 'type': 'struct stat*', 'value': '0x7FFFB85B9800'}]",0,0
16583.475621,8545,191,0,systemd-udevd,ubuntu,3,close,1,0,"[{'name': 'fd', 'type': 'int', 'value': 6}]",0,0
16583.475645,8545,191,0,systemd-udevd,ubuntu,3,close,1,0,"[{'name': 'fd', 'type': 'int', 'value': 15}]",0,0
16583.475689,8545,191,0,systemd-udevd,ubuntu,21,access,2,0,"[{'name': 'pathname', 'type': 'const char*', 'value': '/sys/devices/virtual/dmi/id/uevent'}, {'name': 'mode', 'type': 'mode_t', 'value': 'F_OK'}]",0,0
16583.475721,8545,191,0,systemd-udevd,ubuntu,6,lstat,2,0,"[{'name': 'pathname', 'type': 'const char*', 'value': '/sys/devices/virtual/dmi/id/sys_vendor'}, {'name': 'statbuf', 'type': 'struct stat*', 'value': '0x7FFFB85BA910'}]",0,0
16583.475749,8545,191,0,systemd-udevd,ubuntu,1005,security_file_open,4,0,"[{'name': 'pathname', 'type': 'const char*', 'value': '/sys/devices/virtual/dmi/id/sys_vendor'}, {'name': 'flags', 'type': 'int', 'value': 'O_RDONLY|O_LARGEFILE'}, {'name': 'dev', 'type': 'dev_t', 'value': 22}, {'name': 'inode', 'type': 'unsigned long', 'value': 713}]",0,0
16583.475779,8545,191,0,systemd-udevd,ubuntu,257,openat,4,6,"[{'name': 'dirfd', 'type': 'int', 'value': -100}, {'name': 'pathname', 'type': 'const char*', 'value': '/sys/devices/virtual/dmi/id/sys_vendor'}, {'name': 'flags', 'type': 'int', 'value': 'O_RDONLY|O_CLOEXEC'}, {'name': 'mode', 'type': 'mode_t', 'value': 915717803}]",0,0
16583.475803,8545,191,0,systemd-udevd,ubuntu,5,fstat,2,0,"[{'name': 'fd', 'type': 'int', 'value': 6}, {'name': 'statbuf', 'type': 'struct stat*', 'value': '0x7FFFB85BA9A0'}]",0,0
16583.475836,8545,191,0,systemd-udevd,ubuntu,3,close,1,0,"[{'name': 'fd', 'type': 'int', 'value': 6}]",0,0
16583.476064,8545,191,0,systemd-udevd,ubuntu,1003,cap_capable,1,0,"[{'name': 'cap', 'type': 'int', 'value': 'CAP_NET_ADMIN'}]",0,0
16583.479875,8543,191,0,systemd-udevd,ubuntu,21,access,2,0,"[{'name': 'pathname', 'type': 'const char*', 'value': '/sys/class/dmi/id'}, {'name': 'mode', 'type': 'mode_t', 'value': 'F_OK'}]",0,0
16583.479939,8543,191,0,systemd-udevd,ubuntu,257,openat,4,6,"[{'name': 'dirfd', 'type': 'int', 'value': -100}, {'name': 'pathname', 'type': 'const char*', 'value': '/'}, {'name': 'flags', 'type': 'int', 'value': 'O_RDONLY|O_DIRECTORY|O_CLOEXEC|O_PATH'}, {'name': 'mode', 'type': 'mode_t', 'value': 915717803}]",0,0
16583.479969,8543,191,0,systemd-udevd,ubuntu,257,openat,4,15,"[{'name': 'dirfd', 'type': 'int', 'value': 6}, {'name': 'pathname', 'type': 'const char*', 'value': 'sys'}, {'name': 'flags', 'type': 'int', 'value': 'O_RDONLY|O_NOFOLLOW|O_CLOEXEC|O_PATH'}, {'name': 'mode', 'type': 'mode_t', 'value': 915718182}]",0,0
16583.479994,8543,191,0,systemd-udevd,ubuntu,5,fstat,2,0,"[{'name': 'fd', 'type': 'int', 'value': 15}, {'name': 'statbuf', 'type': 'struct stat*', 'value': '0x7FFFB85B9710'}]",0,0
16583.480018,8543,191,0,systemd-udevd,ubuntu,3,close,1,0,"[{'name': 'fd', 'type': 'int', 'value': 6}]",0,0
16583.480044,8543,191,0,systemd-udevd,ubuntu,257,openat,4,6,"[{'name': 'dirfd', 'type': 'int', 'value': 15}, {'name': 'pathname', 'type': 'const char*', 'value': 'class'}, {'name': 'flags', 'type': 'int', 'value': 'O_RDONLY|O_NOFOLLOW|O_CLOEXEC|O_PATH'}, {'name': 'mode', 'type': 'mode_t', 'value': 915718182}]",0,0
16583.480068,8543,191,0,systemd-udevd,ubuntu,5,fstat,2,0,"[{'name': 'fd', 'type': 'int', 'value': 6}, {'name': 'statbuf', 'type': 'struct stat*', 'value': '0x7FFFB85B9710'}]",0,0
16583.480091,8543,191,0,systemd-udevd,ubuntu,3,close,1,0,"[{'name': 'fd', 'type': 'int', 'value': 15}]",0,0
16583.480117,8543,191,0,systemd-udevd,ubuntu,257,openat,4,15,"[{'name': 'dirfd', 'type': 'int', 'value': 6}, {'name': 'pathname', 'type': 'const char*', 'value': 'dmi'}, {'name': 'flags', 'type': 'int', 'value': 'O_RDONLY|O_NOFOLLOW|O_CLOEXEC|O_PATH'}, {'name': 'mode', 'type': 'mode_t', 'value': 915718182}]",0,0
16583.48014,8543,191,0,systemd-udevd,ubuntu,5,fstat,2,0,"[{'name': 'fd', 'type': 'int', 'value': 15}, {'name': 'statbuf', 'type': 'struct stat*', 'value': '0x7FFFB85B9710'}]",0,0
16583.480163,8543,191,0,systemd-udevd,ubuntu,3,close,1,0,"[{'name': 'fd', 'type': 'int', 'value': 6}]",0,0
16583.480202,8543,191,0,systemd-udevd,ubuntu,257,openat,4,6,"[{'name': 'dirfd', 'type': 'int', 'value': 15}, {'name': 'pathname', 'type': 'const char*', 'value': 'id'}, {'name': 'flags', 'type': 'int', 'value': 'O_RDONLY|O_NOFOLLOW|O_CLOEXEC|O_PATH'}, {'name': 'mode', 'type': 'mode_t', 'value': 915718182}]",0,0
16583.480227,8543,191,0,systemd-udevd,ubuntu,5,fstat,2,0,"[{'name': 'fd', 'type': 'int', 'value': 6}, {'name': 'statbuf', 'type': 'struct stat*', 'value': '0x7FFFB85B9710'}]",0,0
16583.480259,8543,191,0,systemd-udevd,ubuntu,3,close,1,0,"[{'name': 'fd', 'type': 'int', 'value': 6}]",0,0
16583.480289,8543,191,0,systemd-udevd,ubuntu,257,openat,4,6,"[{'name': 'dirfd', 'type': 'int', 'value': 15}, {'name': 'pathname', 'type': 'const char*', 'value': '..'}, {'name': 'flags', 'type': 'int', 'value': 'O_RDONLY|O_NOFOLLOW|O_CLOEXEC|O_PATH'}, {'name': 'mode', 'type': 'mode_t', 'value': 915718182}]",0,0
16583.480312,8543,191,0,systemd-udevd,ubuntu,3,close,1,0,"[{'name': 'fd', 'type': 'int', 'value': 15}]",0,0
16583.480337,8543,191,0,systemd-udevd,ubuntu,257,openat,4,15,"[{'name': 'dirfd', 'type': 'int', 'value': 6}, {'name': 'pathname', 'type': 'const char*', 'value': '..'}, {'name': 'flags', 'type': 'int', 'value': 'O_RDONLY|O_NOFOLLOW|O_CLOEXEC|O_PATH'}, {'name': 'mode', 'type': 'mode_t', 'value': 915718182}]",0,0
16583.48036,8543,191,0,systemd-udevd,ubuntu,3,close,1,0,"[{'name': 'fd', 'type': 'int', 'value': 6}]",0,0
16583.480385,8543,191,0,systemd-udevd,ubuntu,257,openat,4,6,"[{'name': 'dirfd', 'type': 'int', 'value': 15}, {'name': 'pathname', 'type': 'const char*', 'value': 'devices'}, {'name': 'flags', 'type': 'int', 'value': 'O_RDONLY|O_NOFOLLOW|O_CLOEXEC|O_PATH'}, {'name': 'mode', 'type': 'mode_t', 'value': 915718182}]",0,0
16583.480408,8543,191,0,systemd-udevd,ubuntu,5,fstat,2,0,"[{'name': 'fd', 'type': 'int', 'value': 6}, {'name': 'statbuf', 'type': 'struct stat*', 'value': '0x7FFFB85B9710'}]",0,0
16583.480431,8543,191,0,systemd-udevd,ubuntu,3,close,1,0,"[{'name': 'fd', 'type': 'int', 'value': 15}]",0,0
16583.480456,8543,191,0,systemd-udevd,ubuntu,257,openat,4,15,"[{'name': 'dirfd', 'type': 'int', 'value': 6}, {'name': 'pathname', 'type': 'const char*', 'value': 'virtual'}, {'name': 'flags', 'type': 'int', 'value': 'O_RDONLY|O_NOFOLLOW|O_CLOEXEC|O_PATH'}, {'name': 'mode', 'type': 'mode_t', 'value': 915718182}]",0,0
16583.480478,8543,191,0,systemd-udevd,ubuntu,5,fstat,2,0,"[{'name': 'fd', 'type': 'int', 'value': 15}, {'name': 'statbuf', 'type': 'struct stat*', 'value': '0x7FFFB85B9710'}]",0,0
16583.480501,8543,191,0,systemd-udevd,ubuntu,3,close,1,0,"[{'name': 'fd', 'type': 'int', 'value': 6}]",0,0
16583.480526,8543,191,0,systemd-udevd,ubuntu,257,openat,4,6,"[{'name': 'dirfd', 'type': 'int', 'value': 15}, {'name': 'pathname', 'type': 'const char*', 'value': 'dmi'}, {'name': 'flags', 'type': 'int', 'value': 'O_RDONLY|O_NOFOLLOW|O_CLOEXEC|O_PATH'}, {'name': 'mode', 'type': 'mode_t', 'value': 915718182}]",0,0
16583.480549,8543,191,0,systemd-udevd,ubuntu,5,fstat,2,0,"[{'name': 'fd', 'type': 'int', 'value': 6}, {'name': 'statbuf', 'type': 'struct stat*', 'value': '0x7FFFB85B9710'}]",0,0
16583.480572,8543,191,0,systemd-udevd,ubuntu,3,close,1,0,"[{'name': 'fd', 'type': 'int', 'value': 15}]",0,0
16583.480597,8543,191,0,systemd-udevd,ubuntu,257,openat,4,15,"[{'name': 'dirfd', 'type': 'int', 'value': 6}, {'name': 'pathname', 'type': 'const char*', 'value': 'id'}, {'name': 'flags', 'type': 'int', 'value': 'O_RDONLY|O_NOFOLLOW|O_CLOEXEC|O_PATH'}, {'name': 'mode', 'type': 'mode_t', 'value': 915718182}]",0,0
16583.480621,8543,191,0,systemd-udevd,ubuntu,5,fstat,2,0,"[{'name': 'fd', 'type': 'int', 'value': 15}, {'name': 'statbuf', 'type': 'struct stat*', 'value': '0x7FFFB85B9710'}]",0,0
16583.480644,8543,191,0,systemd-udevd,ubuntu,3,close,1,0,"[{'name': 'fd', 'type': 'int', 'value': 6}]",0,0
16583.480667,8543,191,0,systemd-udevd,ubuntu,3,close,1,0,"[{'name': 'fd', 'type': 'int', 'value': 15}]",0,0
16583.480694,8543,191,0,systemd-udevd,ubuntu,21,access,2,0,"[{'name': 'pathname', 'type': 'const char*', 'value': '/sys/devices/virtual/dmi/id/uevent'}, {'name': 'mode', 'type': 'mode_t', 'value': 'F_OK'}]",0,0
16583.480723,8543,191,0,systemd-udevd,ubuntu,6,lstat,2,0,"[{'name': 'pathname', 'type': 'const char*', 'value': '/sys/devices/virtual/dmi/id/sys_vendor'}, {'name': 'statbuf', 'type': 'struct stat*', 'value': '0x7FFFB85BA820'}]",0,0
16583.48075,8543,191,0,systemd-udevd,ubuntu,1005,security_file_open,4,0,"[{'name': 'pathname', 'type': 'const char*', 'value': '/sys/devices/virtual/dmi/id/sys_vendor'}, {'name': 'flags', 'type': 'int', 'value': 'O_RDONLY|O_LARGEFILE'}, {'name': 'dev', 'type': 'dev_t', 'value': 22}, {'name': 'inode', 'type': 'unsigned long', 'value': 713}]",0,0
16583.48078,8543,191,0,systemd-udevd,ubuntu,257,openat,4,6,"[{'name': 'dirfd', 'type': 'int', 'value': -100}, {'name': 'pathname', 'type': 'const char*', 'value': '/sys/devices/virtual/dmi/id/sys_vendor'}, {'name': 'flags', 'type': 'int', 'value': 'O_RDONLY|O_CLOEXEC'}, {'name': 'mode', 'type': 'mode_t', 'value': 915717803}]",0,0
16583.480803,8543,191,0,systemd-udevd,ubuntu,5,fstat,2,0,"[{'name': 'fd', 'type': 'int', 'value': 6}, {'name': 'statbuf', 'type': 'struct stat*', 'value': '0x7FFFB85BA8B0'}]",0,0
16583.480835,8543,191,0,systemd-udevd,ubuntu,3,close,1,0,"[{'name': 'fd', 'type': 'int', 'value': 6}]",0,0
16583.48091,8543,191,0,systemd-udevd,ubuntu,1003,cap_capable,1,0,"[{'name': 'cap', 'type': 'int', 'value': 'CAP_NET_ADMIN'}]",0,0
16583.490691,191,1,0,systemd-udevd,ubuntu,1003,cap_capable,1,0,"[{'name': 'cap', 'type': 'int', 'value': 'CAP_NET_ADMIN'}]",0,0
16583.491423,8542,191,0,systemd-udevd,ubuntu,257,openat,4,-2,"[{'name': 'dirfd', 'type': 'int', 'value': -100}, {'name': 'pathname', 'type': 'const char*', 'value': '/run/udev/data/+cgroup:kmalloc-512(1842:packagekit.service)'}, {'name': 'flags', 'type': 'int', 'value': 'O_RDONLY|O_CLOEXEC'}, {'name': 'mode', 'type': 'mode_t', 'value': 915717803}]",0,0
16583.491459,8542,191,0,systemd-udevd,ubuntu,87,unlink,1,-2,"[{'name': 'pathname', 'type': 'const char*', 'value': '/run/udev/data/+cgroup:kmalloc-512(1842:packagekit.service)'}]",0,0
16583.491491,8542,191,0,systemd-udevd,ubuntu,21,access,2,-2,"[{'name': 'pathname', 'type': 'const char*', 'value': '/sys/subsystem/dmi/devices/id'}, {'name': 'mode', 'type': 'mode_t', 'value': 'F_OK'}]",0,0
16583.491552,8542,191,0,systemd-udevd,ubuntu,21,access,2,-2,"[{'name': 'pathname', 'type': 'const char*', 'value': '/sys/bus/dmi/devices/id'}, {'name': 'mode', 'type': 'mode_t', 'value': 'F_OK'}]",0,0
16583.491586,8542,191,0,systemd-udevd,ubuntu,21,access,2,0,"[{'name': 'pathname', 'type': 'const char*', 'value': '/sys/class/dmi/id'}, {'name': 'mode', 'type': 'mode_t', 'value': 'F_OK'}]",0,0
16583.491613,8542,191,0,systemd-udevd,ubuntu,257,openat,4,6,"[{'name': 'dirfd', 'type': 'int', 'value': -100}, {'name': 'pathname', 'type': 'const char*', 'value': '/'}, {'name': 'flags', 'type': 'int', 'value': 'O_RDONLY|O_DIRECTORY|O_CLOEXEC|O_PATH'}, {'name': 'mode', 'type': 'mode_t', 'value': 915717803}]",0,0
16583.491638,8542,191,0,systemd-udevd,ubuntu,257,openat,4,15,"[{'name': 'dirfd', 'type': 'int', 'value': 6}, {'name': 'pathname', 'type': 'const char*', 'value': 'sys'}, {'name': 'flags', 'type': 'int', 'value': 'O_RDONLY|O_NOFOLLOW|O_CLOEXEC|O_PATH'}, {'name': 'mode', 'type': 'mode_t', 'value': 915718182}]",0,0
16583.491662,8542,191,0,systemd-udevd,ubuntu,5,fstat,2,0,"[{'name': 'fd', 'type': 'int', 'value': 15}, {'name': 'statbuf', 'type': 'struct stat*', 'value': '0x7FFFB85B9710'}]",0,0
16583.491686,8542,191,0,systemd-udevd,ubuntu,3,close,1,0,"[{'name': 'fd', 'type': 'int', 'value': 6}]",0,0
16583.491712,8542,191,0,systemd-udevd,ubuntu,257,openat,4,6,"[{'name': 'dirfd', 'type': 'int', 'value': 15}, {'name': 'pathname', 'type': 'const char*', 'value': 'class'}, {'name': 'flags', 'type': 'int', 'value': 'O_RDONLY|O_NOFOLLOW|O_CLOEXEC|O_PATH'}, {'name': 'mode', 'type': 'mode_t', 'value': 915718182}]",0,0
16583.491736,8542,191,0,systemd-udevd,ubuntu,5,fstat,2,0,"[{'name': 'fd', 'type': 'int', 'value': 6}, {'name': 'statbuf', 'type': 'struct stat*', 'value': '0x7FFFB85B9710'}]",0,0
16583.491759,8542,191,0,systemd-udevd,ubuntu,3,close,1,0,"[{'name': 'fd', 'type': 'int', 'value': 15}]",0,0
16583.491784,8542,191,0,systemd-udevd,ubuntu,257,openat,4,15,"[{'name': 'dirfd', 'type': 'int', 'value': 6}, {'name': 'pathname', 'type': 'const char*', 'value': 'dmi'}, {'name': 'flags', 'type': 'int', 'value': 'O_RDONLY|O_NOFOLLOW|O_CLOEXEC|O_PATH'}, {'name': 'mode', 'type': 'mode_t', 'value': 915718182}]",0,0
16583.491807,8542,191,0,systemd-udevd,ubuntu,5,fstat,2,0,"[{'name': 'fd', 'type': 'int', 'value': 15}, {'name': 'statbuf', 'type': 'struct stat*', 'value': '0x7FFFB85B9710'}]",0,0
16583.49183,8542,191,0,systemd-udevd,ubuntu,3,close,1,0,"[{'name': 'fd', 'type': 'int', 'value': 6}]",0,0
16583.491855,8542,191,0,systemd-udevd,ubuntu,257,openat,4,6,"[{'name': 'dirfd', 'type': 'int', 'value': 15}, {'name': 'pathname', 'type': 'const char*', 'value': 'id'}, {'name': 'flags', 'type': 'int', 'value': 'O_RDONLY|O_NOFOLLOW|O_CLOEXEC|O_PATH'}, {'name': 'mode', 'type': 'mode_t', 'value': 915718182}]",0,0
16583.491879,8542,191,0,systemd-udevd,ubuntu,5,fstat,2,0,"[{'name': 'fd', 'type': 'int', 'value': 6}, {'name': 'statbuf', 'type': 'struct stat*', 'value': '0x7FFFB85B9710'}]",0,0
16583.491912,8542,191,0,systemd-udevd,ubuntu,3,close,1,0,"[{'name': 'fd', 'type': 'int', 'value': 6}]",0,0
16583.491938,8542,191,0,systemd-udevd,ubuntu,257,openat,4,6,"[{'name': 'dirfd', 'type': 'int', 'value': 15}, {'name': 'pathname', 'type': 'const char*', 'value': '..'}, {'name': 'flags', 'type': 'int', 'value': 'O_RDONLY|O_NOFOLLOW|O_CLOEXEC|O_PATH'}, {'name': 'mode', 'type': 'mode_t', 'value': 915718182}]",0,0
16583.491962,8542,191,0,systemd-udevd,ubuntu,3,close,1,0,"[{'name': 'fd', 'type': 'int', 'value': 15}]",0,0
16583.491987,8542,191,0,systemd-udevd,ubuntu,257,openat,4,15,"[{'name': 'dirfd', 'type': 'int', 'value': 6}, {'name': 'pathname', 'type': 'const char*', 'value': '..'}, {'name': 'flags', 'type': 'int', 'value': 'O_RDONLY|O_NOFOLLOW|O_CLOEXEC|O_PATH'}, {'name': 'mode', 'type': 'mode_t', 'value': 915718182}]",0,0
16583.49201,8542,191,0,systemd-udevd,ubuntu,3,close,1,0,"[{'name': 'fd', 'type': 'int', 'value': 6}]",0,0
16583.492035,8542,191,0,systemd-udevd,ubuntu,257,openat,4,6,"[{'name': 'dirfd', 'type': 'int', 'value': 15}, {'name': 'pathname', 'type': 'const char*', 'value': 'devices'}, {'name': 'flags', 'type': 'int', 'value': 'O_RDONLY|O_NOFOLLOW|O_CLOEXEC|O_PATH'}, {'name': 'mode', 'type': 'mode_t', 'value': 915718182}]",0,0
16583.49208,8542,191,0,systemd-udevd,ubuntu,3,close,1,0,"[{'name': 'fd', 'type': 'int', 'value': 15}]",0,0
16583.492058,8542,191,0,systemd-udevd,ubuntu,5,fstat,2,0,"[{'name': 'fd', 'type': 'int', 'value': 6}, {'name': 'statbuf', 'type': 'struct stat*', 'value': '0x7FFFB85B9710'}]",0,0
16583.492105,8542,191,0,systemd-udevd,ubuntu,257,openat,4,15,"[{'name': 'dirfd', 'type': 'int', 'value': 6}, {'name': 'pathname', 'type': 'const char*', 'value': 'virtual'}, {'name': 'flags', 'type': 'int', 'value': 'O_RDONLY|O_NOFOLLOW|O_CLOEXEC|O_PATH'}, {'name': 'mode', 'type': 'mode_t', 'value': 915718182}]",0,0
16583.492128,8542,191,0,systemd-udevd,ubuntu,5,fstat,2,0,"[{'name': 'fd', 'type': 'int', 'value': 15}, {'name': 'statbuf', 'type': 'struct stat*', 'value': '0x7FFFB85B9710'}]",0,0
16583.49215,8542,191,0,systemd-udevd,ubuntu,3,close,1,0,"[{'name': 'fd', 'type': 'int', 'value': 6}]",0,0
16583.492175,8542,191,0,systemd-udevd,ubuntu,257,openat,4,6,"[{'name': 'dirfd', 'type': 'int', 'value': 15}, {'name': 'pathname', 'type': 'const char*', 'value': 'dmi'}, {'name': 'flags', 'type': 'int', 'value': 'O_RDONLY|O_NOFOLLOW|O_CLOEXEC|O_PATH'}, {'name': 'mode', 'type': 'mode_t', 'value': 915718182}]",0,0
16583.492198,8542,191,0,systemd-udevd,ubuntu,5,fstat,2,0,"[{'name': 'fd', 'type': 'int', 'value': 6}, {'name': 'statbuf', 'type': 'struct stat*', 'value': '0x7FFFB85B9710'}]",0,0
16583.492221,8542,191,0,systemd-udevd,ubuntu,3,close,1,0,"[{'name': 'fd', 'type': 'int', 'value': 15}]",0,0
16583.492247,8542,191,0,systemd-udevd,ubuntu,257,openat,4,15,"[{'name': 'dirfd', 'type': 'int', 'value': 6}, {'name': 'pathname', 'type': 'const char*', 'value': 'id'}, {'name': 'flags', 'type': 'int', 'value': 'O_RDONLY|O_NOFOLLOW|O_CLOEXEC|O_PATH'}, {'name': 'mode', 'type': 'mode_t', 'value': 915718182}]",0,0
16583.49227,8542,191,0,systemd-udevd,ubuntu,5,fstat,2,0,"[{'name': 'fd', 'type': 'int', 'value': 15}, {'name': 'statbuf', 'type': 'struct stat*', 'value': '0x7FFFB85B9710'}]",0,0
16583.492308,8542,191,0,systemd-udevd,ubuntu,3,close,1,0,"[{'name': 'fd', 'type': 'int', 'value': 6}]",0,0
16583.492332,8542,191,0,systemd-udevd,ubuntu,3,close,1,0,"[{'name': 'fd', 'type': 'int', 'value': 15}]",0,0
16583.49236,8542,191,0,systemd-udevd,ubuntu,21,access,2,0,"[{'name': 'pathname', 'type': 'const char*', 'value': '/sys/devices/virtual/dmi/id/uevent'}, {'name': 'mode', 'type': 'mode_t', 'value': 'F_OK'}]",0,0
16583.492388,8542,191,0,systemd-udevd,ubuntu,6,lstat,2,0,"[{'name': 'pathname', 'type': 'const char*', 'value': '/sys/devices/virtual/dmi/id/sys_vendor'}, {'name': 'statbuf', 'type': 'struct stat*', 'value': '0x7FFFB85BA820'}]",0,0
16583.492415,8542,191,0,systemd-udevd,ubuntu,1005,security_file_open,4,0,"[{'name': 'pathname', 'type': 'const char*', 'value': '/sys/devices/virtual/dmi/id/sys_vendor'}, {'name': 'flags', 'type': 'int', 'value': 'O_RDONLY|O_LARGEFILE'}, {'name': 'dev', 'type': 'dev_t', 'value': 22}, {'name': 'inode', 'type': 'unsigned long', 'value': 713}]",0,0
16583.492445,8542,191,0,systemd-udevd,ubuntu,257,openat,4,6,"[{'name': 'dirfd', 'type': 'int', 'value': -100}, {'name': 'pathname', 'type': 'const char*', 'value': '/sys/devices/virtual/dmi/id/sys_vendor'}, {'name': 'flags', 'type': 'int', 'value': 'O_RDONLY|O_CLOEXEC'}, {'name': 'mode', 'type': 'mode_t', 'value': 915717803}]",0,0
16583.492468,8542,191,0,systemd-udevd,ubuntu,5,fstat,2,0,"[{'name': 'fd', 'type': 'int', 'value': 6}, {'name': 'statbuf', 'type': 'struct stat*', 'value': '0x7FFFB85BA8B0'}]",0,0
16583.4925,8542,191,0,systemd-udevd,ubuntu,3,close,1,0,"[{'name': 'fd', 'type': 'int', 'value': 6}]",0,0
16583.492533,8542,191,0,systemd-udevd,ubuntu,21,access,2,-2,"[{'name': 'pathname', 'type': 'const char*', 'value': '/sys/subsystem/dmi/devices/id'}, {'name': 'mode', 'type': 'mode_t', 'value': 'F_OK'}]",0,0
16583.492559,8542,191,0,systemd-udevd,ubuntu,21,access,2,-2,"[{'name': 'pathname', 'type': 'const char*', 'value': '/sys/bus/dmi/devices/id'}, {'name': 'mode', 'type': 'mode_t', 'value': 'F_OK'}]",0,0
16583.492586,8542,191,0,systemd-udevd,ubuntu,21,access,2,0,"[{'name': 'pathname', 'type': 'const char*', 'value': '/sys/class/dmi/id'}, {'name': 'mode', 'type': 'mode_t', 'value': 'F_OK'}]",0,0
16583.492612,8542,191,0,systemd-udevd,ubuntu,257,openat,4,6,"[{'name': 'dirfd', 'type': 'int', 'value': -100}, {'name': 'pathname', 'type': 'const char*', 'value': '/'}, {'name': 'flags', 'type': 'int', 'value': 'O_RDONLY|O_DIRECTORY|O_CLOEXEC|O_PATH'}, {'name': 'mode', 'type': 'mode_t', 'value': 915717803}]",0,0
16583.492637,8542,191,0,systemd-udevd,ubuntu,257,openat,4,15,"[{'name': 'dirfd', 'type': 'int', 'value': 6}, {'name': 'pathname', 'type': 'const char*', 'value': 'sys'}, {'name': 'flags', 'type': 'int', 'value': 'O_RDONLY|O_NOFOLLOW|O_CLOEXEC|O_PATH'}, {'name': 'mode', 'type': 'mode_t', 'value': 915718182}]",0,0
16583.492663,8542,191,0,systemd-udevd,ubuntu,5,fstat,2,0,"[{'name': 'fd', 'type': 'int', 'value': 15}, {'name': 'statbuf', 'type': 'struct stat*', 'value': '0x7FFFB85B9710'}]",0,0
16583.492686,8542,191,0,systemd-udevd,ubuntu,3,close,1,0,"[{'name': 'fd', 'type': 'int', 'value': 6}]",0,0
16583.492711,8542,191,0,systemd-udevd,ubuntu,257,openat,4,6,"[{'name': 'dirfd', 'type': 'int', 'value': 15}, {'name': 'pathname', 'type': 'const char*', 'value': 'class'}, {'name': 'flags', 'type': 'int', 'value': 'O_RDONLY|O_NOFOLLOW|O_CLOEXEC|O_PATH'}, {'name': 'mode', 'type': 'mode_t', 'value': 915718182}]",0,0
16583.492735,8542,191,0,systemd-udevd,ubuntu,5,fstat,2,0,"[{'name': 'fd', 'type': 'int', 'value': 6}, {'name': 'statbuf', 'type': 'struct stat*', 'value': '0x7FFFB85B9710'}]",0,0
16583.492758,8542,191,0,systemd-udevd,ubuntu,3,close,1,0,"[{'name': 'fd', 'type': 'int', 'value': 15}]",0,0
16583.492783,8542,191,0,systemd-udevd,ubuntu,257,openat,4,15,"[{'name': 'dirfd', 'type': 'int', 'value': 6}, {'name': 'pathname', 'type': 'const char*', 'value': 'dmi'}, {'name': 'flags', 'type': 'int', 'value': 'O_RDONLY|O_NOFOLLOW|O_CLOEXEC|O_PATH'}, {'name': 'mode', 'type': 'mode_t', 'value': 915718182}]",0,0
16583.492806,8542,191,0,systemd-udevd,ubuntu,5,fstat,2,0,"[{'name': 'fd', 'type': 'int', 'value': 15}, {'name': 'statbuf', 'type': 'struct stat*', 'value': '0x7FFFB85B9710'}]",0,0
16583.492829,8542,191,0,systemd-udevd,ubuntu,3,close,1,0,"[{'name': 'fd', 'type': 'int', 'value': 6}]",0,0
16583.492854,8542,191,0,systemd-udevd,ubuntu,257,openat,4,6,"[{'name': 'dirfd', 'type': 'int', 'value': 15}, {'name': 'pathname', 'type': 'const char*', 'value': 'id'}, {'name': 'flags', 'type': 'int', 'value': 'O_RDONLY|O_NOFOLLOW|O_CLOEXEC|O_PATH'}, {'name': 'mode', 'type': 'mode_t', 'value': 915718182}]",0,0
16583.492877,8542,191,0,systemd-udevd,ubuntu,5,fstat,2,0,"[{'name': 'fd', 'type': 'int', 'value': 6}, {'name': 'statbuf', 'type': 'struct stat*', 'value': '0x7FFFB85B9710'}]",0,0
16583.492908,8542,191,0,systemd-udevd,ubuntu,3,close,1,0,"[{'name': 'fd', 'type': 'int', 'value': 6}]",0,0
16583.492934,8542,191,0,systemd-udevd,ubuntu,257,openat,4,6,"[{'name': 'dirfd', 'type': 'int', 'value': 15}, {'name': 'pathname', 'type': 'const char*', 'value': '..'}, {'name': 'flags', 'type': 'int', 'value': 'O_RDONLY|O_NOFOLLOW|O_CLOEXEC|O_PATH'}, {'name': 'mode', 'type': 'mode_t', 'value': 915718182}]",0,0
16583.492957,8542,191,0,systemd-udevd,ubuntu,3,close,1,0,"[{'name': 'fd', 'type': 'int', 'value': 15}]",0,0
16583.492982,8542,191,0,systemd-udevd,ubuntu,257,openat,4,15,"[{'name': 'dirfd', 'type': 'int', 'value': 6}, {'name': 'pathname', 'type': 'const char*', 'value': '..'}, {'name': 'flags', 'type': 'int', 'value': 'O_RDONLY|O_NOFOLLOW|O_CLOEXEC|O_PATH'}, {'name': 'mode', 'type': 'mode_t', 'value': 915718182}]",0,0
16583.493005,8542,191,0,systemd-udevd,ubuntu,3,close,1,0,"[{'name': 'fd', 'type': 'int', 'value': 6}]",0,0
16583.49303,8542,191,0,systemd-udevd,ubuntu,257,openat,4,6,"[{'name': 'dirfd', 'type': 'int', 'value': 15}, {'name': 'pathname', 'type': 'const char*', 'value': 'devices'}, {'name': 'flags', 'type': 'int', 'value': 'O_RDONLY|O_NOFOLLOW|O_CLOEXEC|O_PATH'}, {'name': 'mode', 'type': 'mode_t', 'value': 915718182}]",0,0
16583.493053,8542,191,0,systemd-udevd,ubuntu,5,fstat,2,0,"[{'name': 'fd', 'type': 'int', 'value': 6}, {'name': 'statbuf', 'type': 'struct stat*', 'value': '0x7FFFB85B9710'}]",0,0
16583.493075,8542,191,0,systemd-udevd,ubuntu,3,close,1,0,"[{'name': 'fd', 'type': 'int', 'value': 15}]",0,0
16583.4931,8542,191,0,systemd-udevd,ubuntu,257,openat,4,15,"[{'name': 'dirfd', 'type': 'int', 'value': 6}, {'name': 'pathname', 'type': 'const char*', 'value': 'virtual'}, {'name': 'flags', 'type': 'int', 'value': 'O_RDONLY|O_NOFOLLOW|O_CLOEXEC|O_PATH'}, {'name': 'mode', 'type': 'mode_t', 'value': 915718182}]",0,0
16583.493123,8542,191,0,systemd-udevd,ubuntu,5,fstat,2,0,"[{'name': 'fd', 'type': 'int', 'value': 15}, {'name': 'statbuf', 'type': 'struct stat*', 'value': '0x7FFFB85B9710'}]",0,0
16583.493145,8542,191,0,systemd-udevd,ubuntu,3,close,1,0,"[{'name': 'fd', 'type': 'int', 'value': 6}]",0,0
16583.49317,8542,191,0,systemd-udevd,ubuntu,257,openat,4,6,"[{'name': 'dirfd', 'type': 'int', 'value': 15}, {'name': 'pathname', 'type': 'const char*', 'value': 'dmi'}, {'name': 'flags', 'type': 'int', 'value': 'O_RDONLY|O_NOFOLLOW|O_CLOEXEC|O_PATH'}, {'name': 'mode', 'type': 'mode_t', 'value': 915718182}]",0,0
16583.493193,8542,191,0,systemd-udevd,ubuntu,5,fstat,2,0,"[{'name': 'fd', 'type': 'int', 'value': 6}, {'name': 'statbuf', 'type': 'struct stat*', 'value': '0x7FFFB85B9710'}]",0,0
16583.493216,8542,191,0,systemd-udevd,ubuntu,3,close,1,0,"[{'name': 'fd', 'type': 'int', 'value': 15}]",0,0
16583.493241,8542,191,0,systemd-udevd,ubuntu,257,openat,4,15,"[{'name': 'dirfd', 'type': 'int', 'value': 6}, {'name': 'pathname', 'type': 'const char*', 'value': 'id'}, {'name': 'flags', 'type': 'int', 'value': 'O_RDONLY|O_NOFOLLOW|O_CLOEXEC|O_PATH'}, {'name': 'mode', 'type': 'mode_t', 'value': 915718182}]",0,0
16583.493264,8542,191,0,systemd-udevd,ubuntu,5,fstat,2,0,"[{'name': 'fd', 'type': 'int', 'value': 15}, {'name': 'statbuf', 'type': 'struct stat*', 'value': '0x7FFFB85B9710'}]",0,0
16583.493287,8542,191,0,systemd-udevd,ubuntu,3,close,1,0,"[{'name': 'fd', 'type': 'int', 'value': 6}]",0,0
16583.49331,8542,191,0,systemd-udevd,ubuntu,3,close,1,0,"[{'name': 'fd', 'type': 'int', 'value': 15}]",0,0
16583.493363,8542,191,0,systemd-udevd,ubuntu,6,lstat,2,0,"[{'name': 'pathname', 'type': 'const char*', 'value': '/sys/devices/virtual/dmi/id/sys_vendor'}, {'name': 'statbuf', 'type': 'struct stat*', 'value': '0x7FFFB85BA820'}]",0,0
16583.493337,8542,191,0,systemd-udevd,ubuntu,21,access,2,0,"[{'name': 'pathname', 'type': 'const char*', 'value': '/sys/devices/virtual/dmi/id/uevent'}, {'name': 'mode', 'type': 'mode_t', 'value': 'F_OK'}]",0,0
16583.493389,8542,191,0,systemd-udevd,ubuntu,1005,security_file_open,4,0,"[{'name': 'pathname', 'type': 'const char*', 'value': '/sys/devices/virtual/dmi/id/sys_vendor'}, {'name': 'flags', 'type': 'int', 'value': 'O_RDONLY|O_LARGEFILE'}, {'name': 'dev', 'type': 'dev_t', 'value': 22}, {'name': 'inode', 'type': 'unsigned long', 'value': 713}]",0,0
16583.493439,8542,191,0,systemd-udevd,ubuntu,5,fstat,2,0,"[{'name': 'fd', 'type': 'int', 'value': 6}, {'name': 'statbuf', 'type': 'struct stat*', 'value': '0x7FFFB85BA8B0'}]",0,0
16583.493416,8542,191,0,systemd-udevd,ubuntu,257,openat,4,6,"[{'name': 'dirfd', 'type': 'int', 'value': -100}, {'name': 'pathname', 'type': 'const char*', 'value': '/sys/devices/virtual/dmi/id/sys_vendor'}, {'name': 'flags', 'type': 'int', 'value': 'O_RDONLY|O_CLOEXEC'}, {'name': 'mode', 'type': 'mode_t', 'value': 915717803}]",0,0
16583.493539,8542,191,0,systemd-udevd,ubuntu,1003,cap_capable,1,0,"[{'name': 'cap', 'type': 'int', 'value': 'CAP_NET_ADMIN'}]",0,0
16583.511938,8538,191,0,systemd-udevd,ubuntu,257,openat,4,6,"[{'name': 'dirfd', 'type': 'int', 'value': 15}, {'name': 'pathname', 'type': 'const char*', 'value': 'class'}, {'name': 'flags', 'type': 'int', 'value': 'O_RDONLY|O_NOFOLLOW|O_CLOEXEC|O_PATH'}, {'name': 'mode', 'type': 'mode_t', 'value': 915718182}]",0,0
16583.49347,8542,191,0,systemd-udevd,ubuntu,3,close,1,0,"[{'name': 'fd', 'type': 'int', 'value': 6}]",0,0
16583.516225,8538,191,0,systemd-udevd,ubuntu,5,fstat,2,0,"[{'name': 'fd', 'type': 'int', 'value': 6}, {'name': 'statbuf', 'type': 'struct stat*', 'value': '0x7FFFB85B9710'}]",0,0
16583.516265,8538,191,0,systemd-udevd,ubuntu,3,close,1,0,"[{'name': 'fd', 'type': 'int', 'value': 15}]",0,0
16583.516298,8538,191,0,systemd-udevd,ubuntu,257,openat,4,15,"[{'name': 'dirfd', 'type': 'int', 'value': 6}, {'name': 'pathname', 'type': 'const char*', 'value': 'dmi'}, {'name': 'flags', 'type': 'int', 'value': 'O_RDONLY|O_NOFOLLOW|O_CLOEXEC|O_PATH'}, {'name': 'mode', 'type': 'mode_t', 'value': 915718182}]",0,0
16583.516322,8538,191,0,systemd-udevd,ubuntu,5,fstat,2,0,"[{'name': 'fd', 'type': 'int', 'value': 15}, {'name': 'statbuf', 'type': 'struct stat*', 'value': '0x7FFFB85B9710'}]",0,0
16583.516345,8538,191,0,systemd-udevd,ubuntu,3,close,1,0,"[{'name': 'fd', 'type': 'int', 'value': 6}]",0,0
16583.516372,8538,191,0,systemd-udevd,ubuntu,257,openat,4,6,"[{'name': 'dirfd', 'type': 'int', 'value': 15}, {'name': 'pathname', 'type': 'const char*', 'value': 'id'}, {'name': 'flags', 'type': 'int', 'value': 'O_RDONLY|O_NOFOLLOW|O_CLOEXEC|O_PATH'}, {'name': 'mode', 'type': 'mode_t', 'value': 915718182}]",0,0
16583.516395,8538,191,0,systemd-udevd,ubuntu,5,fstat,2,0,"[{'name': 'fd', 'type': 'int', 'value': 6}, {'name': 'statbuf', 'type': 'struct stat*', 'value': '0x7FFFB85B9710'}]",0,0
16583.516432,8538,191,0,systemd-udevd,ubuntu,3,close,1,0,"[{'name': 'fd', 'type': 'int', 'value': 6}]",0,0
16583.516483,8538,191,0,systemd-udevd,ubuntu,3,close,1,0,"[{'name': 'fd', 'type': 'int', 'value': 15}]",0,0
16583.516508,8538,191,0,systemd-udevd,ubuntu,257,openat,4,15,"[{'name': 'dirfd', 'type': 'int', 'value': 6}, {'name': 'pathname', 'type': 'const char*', 'value': '..'}, {'name': 'flags', 'type': 'int', 'value': 'O_RDONLY|O_NOFOLLOW|O_CLOEXEC|O_PATH'}, {'name': 'mode', 'type': 'mode_t', 'value': 915718182}]",0,0
16583.516531,8538,191,0,systemd-udevd,ubuntu,3,close,1,0,"[{'name': 'fd', 'type': 'int', 'value': 6}]",0,0
16583.51646,8538,191,0,systemd-udevd,ubuntu,257,openat,4,6,"[{'name': 'dirfd', 'type': 'int', 'value': 15}, {'name': 'pathname', 'type': 'const char*', 'value': '..'}, {'name': 'flags', 'type': 'int', 'value': 'O_RDONLY|O_NOFOLLOW|O_CLOEXEC|O_PATH'}, {'name': 'mode', 'type': 'mode_t', 'value': 915718182}]",0,0
16583.516557,8538,191,0,systemd-udevd,ubuntu,257,openat,4,6,"[{'name': 'dirfd', 'type': 'int', 'value': 15}, {'name': 'pathname', 'type': 'const char*', 'value': 'devices'}, {'name': 'flags', 'type': 'int', 'value': 'O_RDONLY|O_NOFOLLOW|O_CLOEXEC|O_PATH'}, {'name': 'mode', 'type': 'mode_t', 'value': 915718182}]",0,0
16583.51658,8538,191,0,systemd-udevd,ubuntu,5,fstat,2,0,"[{'name': 'fd', 'type': 'int', 'value': 6}, {'name': 'statbuf', 'type': 'struct stat*', 'value': '0x7FFFB85B9710'}]",0,0
16583.516602,8538,191,0,systemd-udevd,ubuntu,3,close,1,0,"[{'name': 'fd', 'type': 'int', 'value': 15}]",0,0
16583.516627,8538,191,0,systemd-udevd,ubuntu,257,openat,4,15,"[{'name': 'dirfd', 'type': 'int', 'value': 6}, {'name': 'pathname', 'type': 'const char*', 'value': 'virtual'}, {'name': 'flags', 'type': 'int', 'value': 'O_RDONLY|O_NOFOLLOW|O_CLOEXEC|O_PATH'}, {'name': 'mode', 'type': 'mode_t', 'value': 915718182}]",0,0
16583.51665,8538,191,0,systemd-udevd,ubuntu,5,fstat,2,0,"[{'name': 'fd', 'type': 'int', 'value': 15}, {'name': 'statbuf', 'type': 'struct stat*', 'value': '0x7FFFB85B9710'}]",0,0
16583.516672,8538,191,0,systemd-udevd,ubuntu,3,close,1,0,"[{'name': 'fd', 'type': 'int', 'value': 6}]",0,0
16583.516697,8538,191,0,systemd-udevd,ubuntu,257,openat,4,6,"[{'name': 'dirfd', 'type': 'int', 'value': 15}, {'name': 'pathname', 'type': 'const char*', 'value': 'dmi'}, {'name': 'flags', 'type': 'int', 'value': 'O_RDONLY|O_NOFOLLOW|O_CLOEXEC|O_PATH'}, {'name': 'mode', 'type': 'mode_t', 'value': 915718182}]",0,0
16583.516721,8538,191,0,systemd-udevd,ubuntu,5,fstat,2,0,"[{'name': 'fd', 'type': 'int', 'value': 6}, {'name': 'statbuf', 'type': 'struct stat*', 'value': '0x7FFFB85B9710'}]",0,0
16583.516745,8538,191,0,systemd-udevd,ubuntu,3,close,1,0,"[{'name': 'fd', 'type': 'int', 'value': 15}]",0,0
16583.51677,8538,191,0,systemd-udevd,ubuntu,257,openat,4,15,"[{'name': 'dirfd', 'type': 'int', 'value': 6}, {'name': 'pathname', 'type': 'const char*', 'value': 'id'}, {'name': 'flags', 'type': 'int', 'value': 'O_RDONLY|O_NOFOLLOW|O_CLOEXEC|O_PATH'}, {'name': 'mode', 'type': 'mode_t', 'value': 915718182}]",0,0
16583.516816,8538,191,0,systemd-udevd,ubuntu,3,close,1,0,"[{'name': 'fd', 'type': 'int', 'value': 6}]",0,0
16583.516793,8538,191,0,systemd-udevd,ubuntu,5,fstat,2,0,"[{'name': 'fd', 'type': 'int', 'value': 15}, {'name': 'statbuf', 'type': 'struct stat*', 'value': '0x7FFFB85B9710'}]",0,0
16583.51684,8538,191,0,systemd-udevd,ubuntu,3,close,1,0,"[{'name': 'fd', 'type': 'int', 'value': 15}]",0,0
16583.516873,8538,191,0,systemd-udevd,ubuntu,21,access,2,0,"[{'name': 'pathname', 'type': 'const char*', 'value': '/sys/devices/virtual/dmi/id/uevent'}, {'name': 'mode', 'type': 'mode_t', 'value': 'F_OK'}]",0,0
16583.516905,8538,191,0,systemd-udevd,ubuntu,6,lstat,2,0,"[{'name': 'pathname', 'type': 'const char*', 'value': '/sys/devices/virtual/dmi/id/sys_vendor'}, {'name': 'statbuf', 'type': 'struct stat*', 'value': '0x7FFFB85BA820'}]",0,0
16583.516933,8538,191,0,systemd-udevd,ubuntu,1005,security_file_open,4,0,"[{'name': 'pathname', 'type': 'const char*', 'value': '/sys/devices/virtual/dmi/id/sys_vendor'}, {'name': 'flags', 'type': 'int', 'value': 'O_RDONLY|O_LARGEFILE'}, {'name': 'dev', 'type': 'dev_t', 'value': 22}, {'name': 'inode', 'type': 'unsigned long', 'value': 713}]",0,0
16583.516966,8538,191,0,systemd-udevd,ubuntu,257,openat,4,6,"[{'name': 'dirfd', 'type': 'int', 'value': -100}, {'name': 'pathname', 'type': 'const char*', 'value': '/sys/devices/virtual/dmi/id/sys_vendor'}, {'name': 'flags', 'type': 'int', 'value': 'O_RDONLY|O_CLOEXEC'}, {'name': 'mode', 'type': 'mode_t', 'value': 915717803}]",0,0
16583.516989,8538,191,0,systemd-udevd,ubuntu,5,fstat,2,0,"[{'name': 'fd', 'type': 'int', 'value': 6}, {'name': 'statbuf', 'type': 'struct stat*', 'value': '0x7FFFB85BA8B0'}]",0,0
16583.517025,8538,191,0,systemd-udevd,ubuntu,3,close,1,0,"[{'name': 'fd', 'type': 'int', 'value': 6}]",0,0
16583.517108,8538,191,0,systemd-udevd,ubuntu,1003,cap_capable,1,0,"[{'name': 'cap', 'type': 'int', 'value': 'CAP_NET_ADMIN'}]",0,0
16583.522885,191,1,0,systemd-udevd,ubuntu,1003,cap_capable,1,0,"[{'name': 'cap', 'type': 'int', 'value': 'CAP_NET_ADMIN'}]",0,0
16583.523439,8545,191,0,systemd-udevd,ubuntu,257,openat,4,-2,"[{'name': 'dirfd', 'type': 'int', 'value': -100}, {'name': 'pathname', 'type': 'const char*', 'value': '/run/udev/data/+cgroup:kmalloc-192(1842:packagekit.service)'}, {'name': 'flags', 'type': 'int', 'value': 'O_RDONLY|O_CLOEXEC'}, {'name': 'mode', 'type': 'mode_t', 'value': 915717803}]",0,0
16583.523475,8545,191,0,systemd-udevd,ubuntu,87,unlink,1,-2,"[{'name': 'pathname', 'type': 'const char*', 'value': '/run/udev/data/+cgroup:kmalloc-192(1842:packagekit.service)'}]",0,0
16583.523512,8545,191,0,systemd-udevd,ubuntu,21,access,2,-2,"[{'name': 'pathname', 'type': 'const char*', 'value': '/sys/subsystem/dmi/devices/id'}, {'name': 'mode', 'type': 'mode_t', 'value': 'F_OK'}]",0,0
16583.52354,8545,191,0,systemd-udevd,ubuntu,21,access,2,-2,"[{'name': 'pathname', 'type': 'const char*', 'value': '/sys/bus/dmi/devices/id'}, {'name': 'mode', 'type': 'mode_t', 'value': 'F_OK'}]",0,0
16583.523586,8545,191,0,systemd-udevd,ubuntu,21,access,2,0,"[{'name': 'pathname', 'type': 'const char*', 'value': '/sys/class/dmi/id'}, {'name': 'mode', 'type': 'mode_t', 'value': 'F_OK'}]",0,0
16583.52362,8545,191,0,systemd-udevd,ubuntu,257,openat,4,6,"[{'name': 'dirfd', 'type': 'int', 'value': -100}, {'name': 'pathname', 'type': 'const char*', 'value': '/'}, {'name': 'flags', 'type': 'int', 'value': 'O_RDONLY|O_DIRECTORY|O_CLOEXEC|O_PATH'}, {'name': 'mode', 'type': 'mode_t', 'value': 915717803}]",0,0
16583.523646,8545,191,0,systemd-udevd,ubuntu,257,openat,4,15,"[{'name': 'dirfd', 'type': 'int', 'value': 6}, {'name': 'pathname', 'type': 'const char*', 'value': 'sys'}, {'name': 'flags', 'type': 'int', 'value': 'O_RDONLY|O_NOFOLLOW|O_CLOEXEC|O_PATH'}, {'name': 'mode', 'type': 'mode_t', 'value': 915718182}]",0,0
16583.523671,8545,191,0,systemd-udevd,ubuntu,5,fstat,2,0,"[{'name': 'fd', 'type': 'int', 'value': 15}, {'name': 'statbuf', 'type': 'struct stat*', 'value': '0x7FFFB85B9710'}]",0,0
16583.523694,8545,191,0,systemd-udevd,ubuntu,3,close,1,0,"[{'name': 'fd', 'type': 'int', 'value': 6}]",0,0
16583.523721,8545,191,0,systemd-udevd,ubuntu,257,openat,4,6,"[{'name': 'dirfd', 'type': 'int', 'value': 15}, {'name': 'pathname', 'type': 'const char*', 'value': 'class'}, {'name': 'flags', 'type': 'int', 'value': 'O_RDONLY|O_NOFOLLOW|O_CLOEXEC|O_PATH'}, {'name': 'mode', 'type': 'mode_t', 'value': 915718182}]",0,0
16583.523745,8545,191,0,systemd-udevd,ubuntu,5,fstat,2,0,"[{'name': 'fd', 'type': 'int', 'value': 6}, {'name': 'statbuf', 'type': 'struct stat*', 'value': '0x7FFFB85B9710'}]",0,0
16583.523768,8545,191,0,systemd-udevd,ubuntu,3,close,1,0,"[{'name': 'fd', 'type': 'int', 'value': 15}]",0,0
16583.523793,8545,191,0,systemd-udevd,ubuntu,257,openat,4,15,"[{'name': 'dirfd', 'type': 'int', 'value': 6}, {'name': 'pathname', 'type': 'const char*', 'value': 'dmi'}, {'name': 'flags', 'type': 'int', 'value': 'O_RDONLY|O_NOFOLLOW|O_CLOEXEC|O_PATH'}, {'name': 'mode', 'type': 'mode_t', 'value': 915718182}]",0,0
16583.523817,8545,191,0,systemd-udevd,ubuntu,5,fstat,2,0,"[{'name': 'fd', 'type': 'int', 'value': 15}, {'name': 'statbuf', 'type': 'struct stat*', 'value': '0x7FFFB85B9710'}]",0,0
16583.52384,8545,191,0,systemd-udevd,ubuntu,3,close,1,0,"[{'name': 'fd', 'type': 'int', 'value': 6}]",0,0
16583.523865,8545,191,0,systemd-udevd,ubuntu,257,openat,4,6,"[{'name': 'dirfd', 'type': 'int', 'value': 15}, {'name': 'pathname', 'type': 'const char*', 'value': 'id'}, {'name': 'flags', 'type': 'int', 'value': 'O_RDONLY|O_NOFOLLOW|O_CLOEXEC|O_PATH'}, {'name': 'mode', 'type': 'mode_t', 'value': 915718182}]",0,0
16583.523888,8545,191,0,systemd-udevd,ubuntu,5,fstat,2,0,"[{'name': 'fd', 'type': 'int', 'value': 6}, {'name': 'statbuf', 'type': 'struct stat*', 'value': '0x7FFFB85B9710'}]",0,0
16583.52392,8545,191,0,systemd-udevd,ubuntu,3,close,1,0,"[{'name': 'fd', 'type': 'int', 'value': 6}]",0,0
16583.523947,8545,191,0,systemd-udevd,ubuntu,257,openat,4,6,"[{'name': 'dirfd', 'type': 'int', 'value': 15}, {'name': 'pathname', 'type': 'const char*', 'value': '..'}, {'name': 'flags', 'type': 'int', 'value': 'O_RDONLY|O_NOFOLLOW|O_CLOEXEC|O_PATH'}, {'name': 'mode', 'type': 'mode_t', 'value': 915718182}]",0,0
16583.52397,8545,191,0,systemd-udevd,ubuntu,3,close,1,0,"[{'name': 'fd', 'type': 'int', 'value': 15}]",0,0
16583.523995,8545,191,0,systemd-udevd,ubuntu,257,openat,4,15,"[{'name': 'dirfd', 'type': 'int', 'value': 6}, {'name': 'pathname', 'type': 'const char*', 'value': '..'}, {'name': 'flags', 'type': 'int', 'value': 'O_RDONLY|O_NOFOLLOW|O_CLOEXEC|O_PATH'}, {'name': 'mode', 'type': 'mode_t', 'value': 915718182}]",0,0
16583.524018,8545,191,0,systemd-udevd,ubuntu,3,close,1,0,"[{'name': 'fd', 'type': 'int', 'value': 6}]",0,0
16583.524043,8545,191,0,systemd-udevd,ubuntu,257,openat,4,6,"[{'name': 'dirfd', 'type': 'int', 'value': 15}, {'name': 'pathname', 'type': 'const char*', 'value': 'devices'}, {'name': 'flags', 'type': 'int', 'value': 'O_RDONLY|O_NOFOLLOW|O_CLOEXEC|O_PATH'}, {'name': 'mode', 'type': 'mode_t', 'value': 915718182}]",0,0
16583.524066,8545,191,0,systemd-udevd,ubuntu,5,fstat,2,0,"[{'name': 'fd', 'type': 'int', 'value': 6}, {'name': 'statbuf', 'type': 'struct stat*', 'value': '0x7FFFB85B9710'}]",0,0
16583.524088,8545,191,0,systemd-udevd,ubuntu,3,close,1,0,"[{'name': 'fd', 'type': 'int', 'value': 15}]",0,0
16583.524114,8545,191,0,systemd-udevd,ubuntu,257,openat,4,15,"[{'name': 'dirfd', 'type': 'int', 'value': 6}, {'name': 'pathname', 'type': 'const char*', 'value': 'virtual'}, {'name': 'flags', 'type': 'int', 'value': 'O_RDONLY|O_NOFOLLOW|O_CLOEXEC|O_PATH'}, {'name': 'mode', 'type': 'mode_t', 'value': 915718182}]",0,0
16583.524136,8545,191,0,systemd-udevd,ubuntu,5,fstat,2,0,"[{'name': 'fd', 'type': 'int', 'value': 15}, {'name': 'statbuf', 'type': 'struct stat*', 'value': '0x7FFFB85B9710'}]",0,0
16583.524159,8545,191,0,systemd-udevd,ubuntu,3,close,1,0,"[{'name': 'fd', 'type': 'int', 'value': 6}]",0,0
16583.524184,8545,191,0,systemd-udevd,ubuntu,257,openat,4,6,"[{'name': 'dirfd', 'type': 'int', 'value': 15}, {'name': 'pathname', 'type': 'const char*', 'value': 'dmi'}, {'name': 'flags', 'type': 'int', 'value': 'O_RDONLY|O_NOFOLLOW|O_CLOEXEC|O_PATH'}, {'name': 'mode', 'type': 'mode_t', 'value': 915718182}]",0,0
16583.524208,8545,191,0,systemd-udevd,ubuntu,5,fstat,2,0,"[{'name': 'fd', 'type': 'int', 'value': 6}, {'name': 'statbuf', 'type': 'struct stat*', 'value': '0x7FFFB85B9710'}]",0,0
16583.524231,8545,191,0,systemd-udevd,ubuntu,3,close,1,0,"[{'name': 'fd', 'type': 'int', 'value': 15}]",0,0
16583.524256,8545,191,0,systemd-udevd,ubuntu,257,openat,4,15,"[{'name': 'dirfd', 'type': 'int', 'value': 6}, {'name': 'pathname', 'type': 'const char*', 'value': 'id'}, {'name': 'flags', 'type': 'int', 'value': 'O_RDONLY|O_NOFOLLOW|O_CLOEXEC|O_PATH'}, {'name': 'mode', 'type': 'mode_t', 'value': 915718182}]",0,0
16583.52428,8545,191,0,systemd-udevd,ubuntu,5,fstat,2,0,"[{'name': 'fd', 'type': 'int', 'value': 15}, {'name': 'statbuf', 'type': 'struct stat*', 'value': '0x7FFFB85B9710'}]",0,0
16583.524303,8545,191,0,systemd-udevd,ubuntu,3,close,1,0,"[{'name': 'fd', 'type': 'int', 'value': 6}]",0,0
16583.524326,8545,191,0,systemd-udevd,ubuntu,3,close,1,0,"[{'name': 'fd', 'type': 'int', 'value': 15}]",0,0
16583.524354,8545,191,0,systemd-udevd,ubuntu,21,access,2,0,"[{'name': 'pathname', 'type': 'const char*', 'value': '/sys/devices/virtual/dmi/id/uevent'}, {'name': 'mode', 'type': 'mode_t', 'value': 'F_OK'}]",0,0
16583.524385,8545,191,0,systemd-udevd,ubuntu,6,lstat,2,0,"[{'name': 'pathname', 'type': 'const char*', 'value': '/sys/devices/virtual/dmi/id/sys_vendor'}, {'name': 'statbuf', 'type': 'struct stat*', 'value': '0x7FFFB85BA820'}]",0,0
16583.524412,8545,191,0,systemd-udevd,ubuntu,1005,security_file_open,4,0,"[{'name': 'pathname', 'type': 'const char*', 'value': '/sys/devices/virtual/dmi/id/sys_vendor'}, {'name': 'flags', 'type': 'int', 'value': 'O_RDONLY|O_LARGEFILE'}, {'name': 'dev', 'type': 'dev_t', 'value': 22}, {'name': 'inode', 'type': 'unsigned long', 'value': 713}]",0,0
16583.524443,8545,191,0,systemd-udevd,ubuntu,257,openat,4,6,"[{'name': 'dirfd', 'type': 'int', 'value': -100}, {'name': 'pathname', 'type': 'const char*', 'value': '/sys/devices/virtual/dmi/id/sys_vendor'}, {'name': 'flags', 'type': 'int', 'value': 'O_RDONLY|O_CLOEXEC'}, {'name': 'mode', 'type': 'mode_t', 'value': 915717803}]",0,0
16583.524467,8545,191,0,systemd-udevd,ubuntu,5,fstat,2,0,"[{'name': 'fd', 'type': 'int', 'value': 6}, {'name': 'statbuf', 'type': 'struct stat*', 'value': '0x7FFFB85BA8B0'}]",0,0
16583.5245,8545,191,0,systemd-udevd,ubuntu,3,close,1,0,"[{'name': 'fd', 'type': 'int', 'value': 6}]",0,0
16583.524532,8545,191,0,systemd-udevd,ubuntu,21,access,2,-2,"[{'name': 'pathname', 'type': 'const char*', 'value': '/sys/subsystem/dmi/devices/id'}, {'name': 'mode', 'type': 'mode_t', 'value': 'F_OK'}]",0,0
16583.524559,8545,191,0,systemd-udevd,ubuntu,21,access,2,-2,"[{'name': 'pathname', 'type': 'const char*', 'value': '/sys/bus/dmi/devices/id'}, {'name': 'mode', 'type': 'mode_t', 'value': 'F_OK'}]",0,0
16583.524586,8545,191,0,systemd-udevd,ubuntu,21,access,2,0,"[{'name': 'pathname', 'type': 'const char*', 'value': '/sys/class/dmi/id'}, {'name': 'mode', 'type': 'mode_t', 'value': 'F_OK'}]",0,0
16583.524612,8545,191,0,systemd-udevd,ubuntu,257,openat,4,6,"[{'name': 'dirfd', 'type': 'int', 'value': -100}, {'name': 'pathname', 'type': 'const char*', 'value': '/'}, {'name': 'flags', 'type': 'int', 'value': 'O_RDONLY|O_DIRECTORY|O_CLOEXEC|O_PATH'}, {'name': 'mode', 'type': 'mode_t', 'value': 915717803}]",0,0
16583.524636,8545,191,0,systemd-udevd,ubuntu,257,openat,4,15,"[{'name': 'dirfd', 'type': 'int', 'value': 6}, {'name': 'pathname', 'type': 'const char*', 'value': 'sys'}, {'name': 'flags', 'type': 'int', 'value': 'O_RDONLY|O_NOFOLLOW|O_CLOEXEC|O_PATH'}, {'name': 'mode', 'type': 'mode_t', 'value': 915718182}]",0,0
16583.52466,8545,191,0,systemd-udevd,ubuntu,5,fstat,2,0,"[{'name': 'fd', 'type': 'int', 'value': 15}, {'name': 'statbuf', 'type': 'struct stat*', 'value': '0x7FFFB85B9710'}]",0,0
16583.524683,8545,191,0,systemd-udevd,ubuntu,3,close,1,0,"[{'name': 'fd', 'type': 'int', 'value': 6}]",0,0
16583.524708,8545,191,0,systemd-udevd,ubuntu,257,openat,4,6,"[{'name': 'dirfd', 'type': 'int', 'value': 15}, {'name': 'pathname', 'type': 'const char*', 'value': 'class'}, {'name': 'flags', 'type': 'int', 'value': 'O_RDONLY|O_NOFOLLOW|O_CLOEXEC|O_PATH'}, {'name': 'mode', 'type': 'mode_t', 'value': 915718182}]",0,0
16583.524731,8545,191,0,systemd-udevd,ubuntu,5,fstat,2,0,"[{'name': 'fd', 'type': 'int', 'value': 6}, {'name': 'statbuf', 'type': 'struct stat*', 'value': '0x7FFFB85B9710'}]",0,0
16583.524755,8545,191,0,systemd-udevd,ubuntu,3,close,1,0,"[{'name': 'fd', 'type': 'int', 'value': 15}]",0,0
16583.52478,8545,191,0,systemd-udevd,ubuntu,257,openat,4,15,"[{'name': 'dirfd', 'type': 'int', 'value': 6}, {'name': 'pathname', 'type': 'const char*', 'value': 'dmi'}, {'name': 'flags', 'type': 'int', 'value': 'O_RDONLY|O_NOFOLLOW|O_CLOEXEC|O_PATH'}, {'name': 'mode', 'type': 'mode_t', 'value': 915718182}]",0,0
16583.524803,8545,191,0,systemd-udevd,ubuntu,5,fstat,2,0,"[{'name': 'fd', 'type': 'int', 'value': 15}, {'name': 'statbuf', 'type': 'struct stat*', 'value': '0x7FFFB85B9710'}]",0,0
16583.524826,8545,191,0,systemd-udevd,ubuntu,3,close,1,0,"[{'name': 'fd', 'type': 'int', 'value': 6}]",0,0
16583.524851,8545,191,0,systemd-udevd,ubuntu,257,openat,4,6,"[{'name': 'dirfd', 'type': 'int', 'value': 15}, {'name': 'pathname', 'type': 'const char*', 'value': 'id'}, {'name': 'flags', 'type': 'int', 'value': 'O_RDONLY|O_NOFOLLOW|O_CLOEXEC|O_PATH'}, {'name': 'mode', 'type': 'mode_t', 'value': 915718182}]",0,0
16583.524875,8545,191,0,systemd-udevd,ubuntu,5,fstat,2,0,"[{'name': 'fd', 'type': 'int', 'value': 6}, {'name': 'statbuf', 'type': 'struct stat*', 'value': '0x7FFFB85B9710'}]",0,0
16583.524905,8545,191,0,systemd-udevd,ubuntu,3,close,1,0,"[{'name': 'fd', 'type': 'int', 'value': 6}]",0,0
16583.524931,8545,191,0,systemd-udevd,ubuntu,257,openat,4,6,"[{'name': 'dirfd', 'type': 'int', 'value': 15}, {'name': 'pathname', 'type': 'const char*', 'value': '..'}, {'name': 'flags', 'type': 'int', 'value': 'O_RDONLY|O_NOFOLLOW|O_CLOEXEC|O_PATH'}, {'name': 'mode', 'type': 'mode_t', 'value': 915718182}]",0,0
16583.524954,8545,191,0,systemd-udevd,ubuntu,3,close,1,0,"[{'name': 'fd', 'type': 'int', 'value': 15}]",0,0
16583.52498,8545,191,0,systemd-udevd,ubuntu,257,openat,4,15,"[{'name': 'dirfd', 'type': 'int', 'value': 6}, {'name': 'pathname', 'type': 'const char*', 'value': '..'}, {'name': 'flags', 'type': 'int', 'value': 'O_RDONLY|O_NOFOLLOW|O_CLOEXEC|O_PATH'}, {'name': 'mode', 'type': 'mode_t', 'value': 915718182}]",0,0
16583.525003,8545,191,0,systemd-udevd,ubuntu,3,close,1,0,"[{'name': 'fd', 'type': 'int', 'value': 6}]",0,0
16583.525028,8545,191,0,systemd-udevd,ubuntu,257,openat,4,6,"[{'name': 'dirfd', 'type': 'int', 'value': 15}, {'name': 'pathname', 'type': 'const char*', 'value': 'devices'}, {'name': 'flags', 'type': 'int', 'value': 'O_RDONLY|O_NOFOLLOW|O_CLOEXEC|O_PATH'}, {'name': 'mode', 'type': 'mode_t', 'value': 915718182}]",0,0
16583.52505,8545,191,0,systemd-udevd,ubuntu,5,fstat,2,0,"[{'name': 'fd', 'type': 'int', 'value': 6}, {'name': 'statbuf', 'type': 'struct stat*', 'value': '0x7FFFB85B9710'}]",0,0
16583.525073,8545,191,0,systemd-udevd,ubuntu,3,close,1,0,"[{'name': 'fd', 'type': 'int', 'value': 15}]",0,0
16583.525098,8545,191,0,systemd-udevd,ubuntu,257,openat,4,15,"[{'name': 'dirfd', 'type': 'int', 'value': 6}, {'name': 'pathname', 'type': 'const char*', 'value': 'virtual'}, {'name': 'flags', 'type': 'int', 'value': 'O_RDONLY|O_NOFOLLOW|O_CLOEXEC|O_PATH'}, {'name': 'mode', 'type': 'mode_t', 'value': 915718182}]",0,0
16583.525121,8545,191,0,systemd-udevd,ubuntu,5,fstat,2,0,"[{'name': 'fd', 'type': 'int', 'value': 15}, {'name': 'statbuf', 'type': 'struct stat*', 'value': '0x7FFFB85B9710'}]",0,0
16583.525143,8545,191,0,systemd-udevd,ubuntu,3,close,1,0,"[{'name': 'fd', 'type': 'int', 'value': 6}]",0,0
16583.525168,8545,191,0,systemd-udevd,ubuntu,257,openat,4,6,"[{'name': 'dirfd', 'type': 'int', 'value': 15}, {'name': 'pathname', 'type': 'const char*', 'value': 'dmi'}, {'name': 'flags', 'type': 'int', 'value': 'O_RDONLY|O_NOFOLLOW|O_CLOEXEC|O_PATH'}, {'name': 'mode', 'type': 'mode_t', 'value': 915718182}]",0,0
16583.525191,8545,191,0,systemd-udevd,ubuntu,5,fstat,2,0,"[{'name': 'fd', 'type': 'int', 'value': 6}, {'name': 'statbuf', 'type': 'struct stat*', 'value': '0x7FFFB85B9710'}]",0,0
16583.525214,8545,191,0,systemd-udevd,ubuntu,3,close,1,0,"[{'name': 'fd', 'type': 'int', 'value': 15}]",0,0
16583.525239,8545,191,0,systemd-udevd,ubuntu,257,openat,4,15,"[{'name': 'dirfd', 'type': 'int', 'value': 6}, {'name': 'pathname', 'type': 'const char*', 'value': 'id'}, {'name': 'flags', 'type': 'int', 'value': 'O_RDONLY|O_NOFOLLOW|O_CLOEXEC|O_PATH'}, {'name': 'mode', 'type': 'mode_t', 'value': 915718182}]",0,0
16583.525263,8545,191,0,systemd-udevd,ubuntu,5,fstat,2,0,"[{'name': 'fd', 'type': 'int', 'value': 15}, {'name': 'statbuf', 'type': 'struct stat*', 'value': '0x7FFFB85B9710'}]",0,0
16583.525286,8545,191,0,systemd-udevd,ubuntu,3,close,1,0,"[{'name': 'fd', 'type': 'int', 'value': 6}]",0,0
16583.525309,8545,191,0,systemd-udevd,ubuntu,3,close,1,0,"[{'name': 'fd', 'type': 'int', 'value': 15}]",0,0
16583.525336,8545,191,0,systemd-udevd,ubuntu,21,access,2,0,"[{'name': 'pathname', 'type': 'const char*', 'value': '/sys/devices/virtual/dmi/id/uevent'}, {'name': 'mode', 'type': 'mode_t', 'value': 'F_OK'}]",0,0
16583.525362,8545,191,0,systemd-udevd,ubuntu,6,lstat,2,0,"[{'name': 'pathname', 'type': 'const char*', 'value': '/sys/devices/virtual/dmi/id/sys_vendor'}, {'name': 'statbuf', 'type': 'struct stat*', 'value': '0x7FFFB85BA820'}]",0,0
16583.525387,8545,191,0,systemd-udevd,ubuntu,1005,security_file_open,4,0,"[{'name': 'pathname', 'type': 'const char*', 'value': '/sys/devices/virtual/dmi/id/sys_vendor'}, {'name': 'flags', 'type': 'int', 'value': 'O_RDONLY|O_LARGEFILE'}, {'name': 'dev', 'type': 'dev_t', 'value': 22}, {'name': 'inode', 'type': 'unsigned long', 'value': 713}]",0,0
16583.525415,8545,191,0,systemd-udevd,ubuntu,257,openat,4,6,"[{'name': 'dirfd', 'type': 'int', 'value': -100}, {'name': 'pathname', 'type': 'const char*', 'value': '/sys/devices/virtual/dmi/id/sys_vendor'}, {'name': 'flags', 'type': 'int', 'value': 'O_RDONLY|O_CLOEXEC'}, {'name': 'mode', 'type': 'mode_t', 'value': 915717803}]",0,0
16583.525438,8545,191,0,systemd-udevd,ubuntu,5,fstat,2,0,"[{'name': 'fd', 'type': 'int', 'value': 6}, {'name': 'statbuf', 'type': 'struct stat*', 'value': '0x7FFFB85BA8B0'}]",0,0
16583.525468,8545,191,0,systemd-udevd,ubuntu,3,close,1,0,"[{'name': 'fd', 'type': 'int', 'value': 6}]",0,0
16583.525541,8545,191,0,systemd-udevd,ubuntu,1003,cap_capable,1,0,"[{'name': 'cap', 'type': 'int', 'value': 'CAP_NET_ADMIN'}]",0,0
16583.537686,8541,191,0,systemd-udevd,ubuntu,257,openat,4,6,"[{'name': 'dirfd', 'type': 'int', 'value': 15}, {'name': 'pathname', 'type': 'const char*', 'value': '..'}, {'name': 'flags', 'type': 'int', 'value': 'O_RDONLY|O_NOFOLLOW|O_CLOEXEC|O_PATH'}, {'name': 'mode', 'type': 'mode_t', 'value': 915718182}]",0,0
16583.53772,8541,191,0,systemd-udevd,ubuntu,3,close,1,0,"[{'name': 'fd', 'type': 'int', 'value': 15}]",0,0
16583.537746,8541,191,0,systemd-udevd,ubuntu,257,openat,4,15,"[{'name': 'dirfd', 'type': 'int', 'value': 6}, {'name': 'pathname', 'type': 'const char*', 'value': '..'}, {'name': 'flags', 'type': 'int', 'value': 'O_RDONLY|O_NOFOLLOW|O_CLOEXEC|O_PATH'}, {'name': 'mode', 'type': 'mode_t', 'value': 915718182}]",0,0
16583.53777,8541,191,0,systemd-udevd,ubuntu,3,close,1,0,"[{'name': 'fd', 'type': 'int', 'value': 6}]",0,0
16583.537795,8541,191,0,systemd-udevd,ubuntu,257,openat,4,6,"[{'name': 'dirfd', 'type': 'int', 'value': 15}, {'name': 'pathname', 'type': 'const char*', 'value': 'devices'}, {'name': 'flags', 'type': 'int', 'value': 'O_RDONLY|O_NOFOLLOW|O_CLOEXEC|O_PATH'}, {'name': 'mode', 'type': 'mode_t', 'value': 915718182}]",0,0
16583.53782,8541,191,0,systemd-udevd,ubuntu,5,fstat,2,0,"[{'name': 'fd', 'type': 'int', 'value': 6}, {'name': 'statbuf', 'type': 'struct stat*', 'value': '0x7FFFB85B9710'}]",0,0
16583.537843,8541,191,0,systemd-udevd,ubuntu,3,close,1,0,"[{'name': 'fd', 'type': 'int', 'value': 15}]",0,0
16583.537868,8541,191,0,systemd-udevd,ubuntu,257,openat,4,15,"[{'name': 'dirfd', 'type': 'int', 'value': 6}, {'name': 'pathname', 'type': 'const char*', 'value': 'virtual'}, {'name': 'flags', 'type': 'int', 'value': 'O_RDONLY|O_NOFOLLOW|O_CLOEXEC|O_PATH'}, {'name': 'mode', 'type': 'mode_t', 'value': 915718182}]",0,0
16583.537891,8541,191,0,systemd-udevd,ubuntu,5,fstat,2,0,"[{'name': 'fd', 'type': 'int', 'value': 15}, {'name': 'statbuf', 'type': 'struct stat*', 'value': '0x7FFFB85B9710'}]",0,0
16583.537956,8541,191,0,systemd-udevd,ubuntu,257,openat,4,6,"[{'name': 'dirfd', 'type': 'int', 'value': 15}, {'name': 'pathname', 'type': 'const char*', 'value': 'dmi'}, {'name': 'flags', 'type': 'int', 'value': 'O_RDONLY|O_NOFOLLOW|O_CLOEXEC|O_PATH'}, {'name': 'mode', 'type': 'mode_t', 'value': 915718182}]",0,0
16583.537929,8541,191,0,systemd-udevd,ubuntu,3,close,1,0,"[{'name': 'fd', 'type': 'int', 'value': 6}]",0,0
16583.53798,8541,191,0,systemd-udevd,ubuntu,5,fstat,2,0,"[{'name': 'fd', 'type': 'int', 'value': 6}, {'name': 'statbuf', 'type': 'struct stat*', 'value': '0x7FFFB85B9710'}]",0,0
16583.538004,8541,191,0,systemd-udevd,ubuntu,3,close,1,0,"[{'name': 'fd', 'type': 'int', 'value': 15}]",0,0
16583.538029,8541,191,0,systemd-udevd,ubuntu,257,openat,4,15,"[{'name': 'dirfd', 'type': 'int', 'value': 6}, {'name': 'pathname', 'type': 'const char*', 'value': 'id'}, {'name': 'flags', 'type': 'int', 'value': 'O_RDONLY|O_NOFOLLOW|O_CLOEXEC|O_PATH'}, {'name': 'mode', 'type': 'mode_t', 'value': 915718182}]",0,0
16583.538052,8541,191,0,systemd-udevd,ubuntu,5,fstat,2,0,"[{'name': 'fd', 'type': 'int', 'value': 15}, {'name': 'statbuf', 'type': 'struct stat*', 'value': '0x7FFFB85B9710'}]",0,0
16583.538075,8541,191,0,systemd-udevd,ubuntu,3,close,1,0,"[{'name': 'fd', 'type': 'int', 'value': 6}]",0,0
16583.538099,8541,191,0,systemd-udevd,ubuntu,3,close,1,0,"[{'name': 'fd', 'type': 'int', 'value': 15}]",0,0
16583.538131,8541,191,0,systemd-udevd,ubuntu,21,access,2,0,"[{'name': 'pathname', 'type': 'const char*', 'value': '/sys/devices/virtual/dmi/id/uevent'}, {'name': 'mode', 'type': 'mode_t', 'value': 'F_OK'}]",0,0
16583.538167,8541,191,0,systemd-udevd,ubuntu,6,lstat,2,0,"[{'name': 'pathname', 'type': 'const char*', 'value': '/sys/devices/virtual/dmi/id/sys_vendor'}, {'name': 'statbuf', 'type': 'struct stat*', 'value': '0x7FFFB85BA820'}]",0,0
16583.538194,8541,191,0,systemd-udevd,ubuntu,1005,security_file_open,4,0,"[{'name': 'pathname', 'type': 'const char*', 'value': '/sys/devices/virtual/dmi/id/sys_vendor'}, {'name': 'flags', 'type': 'int', 'value': 'O_RDONLY|O_LARGEFILE'}, {'name': 'dev', 'type': 'dev_t', 'value': 22}, {'name': 'inode', 'type': 'unsigned long', 'value': 713}]",0,0
16583.538225,8541,191,0,systemd-udevd,ubuntu,257,openat,4,6,"[{'name': 'dirfd', 'type': 'int', 'value': -100}, {'name': 'pathname', 'type': 'const char*', 'value': '/sys/devices/virtual/dmi/id/sys_vendor'}, {'name': 'flags', 'type': 'int', 'value': 'O_RDONLY|O_CLOEXEC'}, {'name': 'mode', 'type': 'mode_t', 'value': 915717803}]",0,0
16583.538249,8541,191,0,systemd-udevd,ubuntu,5,fstat,2,0,"[{'name': 'fd', 'type': 'int', 'value': 6}, {'name': 'statbuf', 'type': 'struct stat*', 'value': '0x7FFFB85BA8B0'}]",0,0
16583.538284,8541,191,0,systemd-udevd,ubuntu,3,close,1,0,"[{'name': 'fd', 'type': 'int', 'value': 6}]",0,0
16583.541778,191,1,0,systemd-udevd,ubuntu,1003,cap_capable,1,0,"[{'name': 'cap', 'type': 'int', 'value': 'CAP_NET_ADMIN'}]",0,0
16583.543136,8546,191,0,systemd-udevd,ubuntu,257,openat,4,-2,"[{'name': 'dirfd', 'type': 'int', 'value': -100}, {'name': 'pathname', 'type': 'const char*', 'value': '/run/udev/data/+cgroup:kmalloc-64(1842:packagekit.service)'}, {'name': 'flags', 'type': 'int', 'value': 'O_RDONLY|O_CLOEXEC'}, {'name': 'mode', 'type': 'mode_t', 'value': 915717803}]",0,0
16583.54317,8546,191,0,systemd-udevd,ubuntu,87,unlink,1,-2,"[{'name': 'pathname', 'type': 'const char*', 'value': '/run/udev/data/+cgroup:kmalloc-64(1842:packagekit.service)'}]",0,0
16583.543204,8546,191,0,systemd-udevd,ubuntu,21,access,2,-2,"[{'name': 'pathname', 'type': 'const char*', 'value': '/sys/subsystem/dmi/devices/id'}, {'name': 'mode', 'type': 'mode_t', 'value': 'F_OK'}]",0,0
16583.543232,8546,191,0,systemd-udevd,ubuntu,21,access,2,-2,"[{'name': 'pathname', 'type': 'const char*', 'value': '/sys/bus/dmi/devices/id'}, {'name': 'mode', 'type': 'mode_t', 'value': 'F_OK'}]",0,0
16583.543263,8546,191,0,systemd-udevd,ubuntu,21,access,2,0,"[{'name': 'pathname', 'type': 'const char*', 'value': '/sys/class/dmi/id'}, {'name': 'mode', 'type': 'mode_t', 'value': 'F_OK'}]",0,0
16583.54329,8546,191,0,systemd-udevd,ubuntu,257,openat,4,6,"[{'name': 'dirfd', 'type': 'int', 'value': -100}, {'name': 'pathname', 'type': 'const char*', 'value': '/'}, {'name': 'flags', 'type': 'int', 'value': 'O_RDONLY|O_DIRECTORY|O_CLOEXEC|O_PATH'}, {'name': 'mode', 'type': 'mode_t', 'value': 915717803}]",0,0
16583.543315,8546,191,0,systemd-udevd,ubuntu,257,openat,4,15,"[{'name': 'dirfd', 'type': 'int', 'value': 6}, {'name': 'pathname', 'type': 'const char*', 'value': 'sys'}, {'name': 'flags', 'type': 'int', 'value': 'O_RDONLY|O_NOFOLLOW|O_CLOEXEC|O_PATH'}, {'name': 'mode', 'type': 'mode_t', 'value': 915718182}]",0,0
16583.543339,8546,191,0,systemd-udevd,ubuntu,5,fstat,2,0,"[{'name': 'fd', 'type': 'int', 'value': 15}, {'name': 'statbuf', 'type': 'struct stat*', 'value': '0x7FFFB85B9710'}]",0,0
16583.543363,8546,191,0,systemd-udevd,ubuntu,3,close,1,0,"[{'name': 'fd', 'type': 'int', 'value': 6}]",0,0
16583.543389,8546,191,0,systemd-udevd,ubuntu,257,openat,4,6,"[{'name': 'dirfd', 'type': 'int', 'value': 15}, {'name': 'pathname', 'type': 'const char*', 'value': 'class'}, {'name': 'flags', 'type': 'int', 'value': 'O_RDONLY|O_NOFOLLOW|O_CLOEXEC|O_PATH'}, {'name': 'mode', 'type': 'mode_t', 'value': 915718182}]",0,0
16583.543413,8546,191,0,systemd-udevd,ubuntu,5,fstat,2,0,"[{'name': 'fd', 'type': 'int', 'value': 6}, {'name': 'statbuf', 'type': 'struct stat*', 'value': '0x7FFFB85B9710'}]",0,0
16583.543436,8546,191,0,systemd-udevd,ubuntu,3,close,1,0,"[{'name': 'fd', 'type': 'int', 'value': 15}]",0,0
16583.543461,8546,191,0,systemd-udevd,ubuntu,257,openat,4,15,"[{'name': 'dirfd', 'type': 'int', 'value': 6}, {'name': 'pathname', 'type': 'const char*', 'value': 'dmi'}, {'name': 'flags', 'type': 'int', 'value': 'O_RDONLY|O_NOFOLLOW|O_CLOEXEC|O_PATH'}, {'name': 'mode', 'type': 'mode_t', 'value': 915718182}]",0,0
16583.543485,8546,191,0,systemd-udevd,ubuntu,5,fstat,2,0,"[{'name': 'fd', 'type': 'int', 'value': 15}, {'name': 'statbuf', 'type': 'struct stat*', 'value': '0x7FFFB85B9710'}]",0,0
16583.543507,8546,191,0,systemd-udevd,ubuntu,3,close,1,0,"[{'name': 'fd', 'type': 'int', 'value': 6}]",0,0
16583.543533,8546,191,0,systemd-udevd,ubuntu,257,openat,4,6,"[{'name': 'dirfd', 'type': 'int', 'value': 15}, {'name': 'pathname', 'type': 'const char*', 'value': 'id'}, {'name': 'flags', 'type': 'int', 'value': 'O_RDONLY|O_NOFOLLOW|O_CLOEXEC|O_PATH'}, {'name': 'mode', 'type': 'mode_t', 'value': 915718182}]",0,0
16583.543556,8546,191,0,systemd-udevd,ubuntu,5,fstat,2,0,"[{'name': 'fd', 'type': 'int', 'value': 6}, {'name': 'statbuf', 'type': 'struct stat*', 'value': '0x7FFFB85B9710'}]",0,0
16583.543588,8546,191,0,systemd-udevd,ubuntu,3,close,1,0,"[{'name': 'fd', 'type': 'int', 'value': 6}]",0,0
16583.543615,8546,191,0,systemd-udevd,ubuntu,257,openat,4,6,"[{'name': 'dirfd', 'type': 'int', 'value': 15}, {'name': 'pathname', 'type': 'const char*', 'value': '..'}, {'name': 'flags', 'type': 'int', 'value': 'O_RDONLY|O_NOFOLLOW|O_CLOEXEC|O_PATH'}, {'name': 'mode', 'type': 'mode_t', 'value': 915718182}]",0,0
16583.543638,8546,191,0,systemd-udevd,ubuntu,3,close,1,0,"[{'name': 'fd', 'type': 'int', 'value': 15}]",0,0
16583.543663,8546,191,0,systemd-udevd,ubuntu,257,openat,4,15,"[{'name': 'dirfd', 'type': 'int', 'value': 6}, {'name': 'pathname', 'type': 'const char*', 'value': '..'}, {'name': 'flags', 'type': 'int', 'value': 'O_RDONLY|O_NOFOLLOW|O_CLOEXEC|O_PATH'}, {'name': 'mode', 'type': 'mode_t', 'value': 915718182}]",0,0
16583.543715,8546,191,0,systemd-udevd,ubuntu,257,openat,4,6,"[{'name': 'dirfd', 'type': 'int', 'value': 15}, {'name': 'pathname', 'type': 'const char*', 'value': 'devices'}, {'name': 'flags', 'type': 'int', 'value': 'O_RDONLY|O_NOFOLLOW|O_CLOEXEC|O_PATH'}, {'name': 'mode', 'type': 'mode_t', 'value': 915718182}]",0,0
16583.543689,8546,191,0,systemd-udevd,ubuntu,3,close,1,0,"[{'name': 'fd', 'type': 'int', 'value': 6}]",0,0
16583.543738,8546,191,0,systemd-udevd,ubuntu,5,fstat,2,0,"[{'name': 'fd', 'type': 'int', 'value': 6}, {'name': 'statbuf', 'type': 'struct stat*', 'value': '0x7FFFB85B9710'}]",0,0
16583.54376,8546,191,0,systemd-udevd,ubuntu,3,close,1,0,"[{'name': 'fd', 'type': 'int', 'value': 15}]",0,0
16583.543785,8546,191,0,systemd-udevd,ubuntu,257,openat,4,15,"[{'name': 'dirfd', 'type': 'int', 'value': 6}, {'name': 'pathname', 'type': 'const char*', 'value': 'virtual'}, {'name': 'flags', 'type': 'int', 'value': 'O_RDONLY|O_NOFOLLOW|O_CLOEXEC|O_PATH'}, {'name': 'mode', 'type': 'mode_t', 'value': 915718182}]",0,0
16583.543808,8546,191,0,systemd-udevd,ubuntu,5,fstat,2,0,"[{'name': 'fd', 'type': 'int', 'value': 15}, {'name': 'statbuf', 'type': 'struct stat*', 'value': '0x7FFFB85B9710'}]",0,0
16583.543831,8546,191,0,systemd-udevd,ubuntu,3,close,1,0,"[{'name': 'fd', 'type': 'int', 'value': 6}]",0,0
16583.543859,8546,191,0,systemd-udevd,ubuntu,257,openat,4,6,"[{'name': 'dirfd', 'type': 'int', 'value': 15}, {'name': 'pathname', 'type': 'const char*', 'value': 'dmi'}, {'name': 'flags', 'type': 'int', 'value': 'O_RDONLY|O_NOFOLLOW|O_CLOEXEC|O_PATH'}, {'name': 'mode', 'type': 'mode_t', 'value': 915718182}]",0,0
16583.543882,8546,191,0,systemd-udevd,ubuntu,5,fstat,2,0,"[{'name': 'fd', 'type': 'int', 'value': 6}, {'name': 'statbuf', 'type': 'struct stat*', 'value': '0x7FFFB85B9710'}]",0,0
16583.543906,8546,191,0,systemd-udevd,ubuntu,3,close,1,0,"[{'name': 'fd', 'type': 'int', 'value': 15}]",0,0
16583.543931,8546,191,0,systemd-udevd,ubuntu,257,openat,4,15,"[{'name': 'dirfd', 'type': 'int', 'value': 6}, {'name': 'pathname', 'type': 'const char*', 'value': 'id'}, {'name': 'flags', 'type': 'int', 'value': 'O_RDONLY|O_NOFOLLOW|O_CLOEXEC|O_PATH'}, {'name': 'mode', 'type': 'mode_t', 'value': 915718182}]",0,0
16583.543954,8546,191,0,systemd-udevd,ubuntu,5,fstat,2,0,"[{'name': 'fd', 'type': 'int', 'value': 15}, {'name': 'statbuf', 'type': 'struct stat*', 'value': '0x7FFFB85B9710'}]",0,0
16583.543977,8546,191,0,systemd-udevd,ubuntu,3,close,1,0,"[{'name': 'fd', 'type': 'int', 'value': 6}]",0,0
16583.544,8546,191,0,systemd-udevd,ubuntu,3,close,1,0,"[{'name': 'fd', 'type': 'int', 'value': 15}]",0,0
16583.544027,8546,191,0,systemd-udevd,ubuntu,21,access,2,0,"[{'name': 'pathname', 'type': 'const char*', 'value': '/sys/devices/virtual/dmi/id/uevent'}, {'name': 'mode', 'type': 'mode_t', 'value': 'F_OK'}]",0,0
16583.544055,8546,191,0,systemd-udevd,ubuntu,6,lstat,2,0,"[{'name': 'pathname', 'type': 'const char*', 'value': '/sys/devices/virtual/dmi/id/sys_vendor'}, {'name': 'statbuf', 'type': 'struct stat*', 'value': '0x7FFFB85BA820'}]",0,0
16583.544082,8546,191,0,systemd-udevd,ubuntu,1005,security_file_open,4,0,"[{'name': 'pathname', 'type': 'const char*', 'value': '/sys/devices/virtual/dmi/id/sys_vendor'}, {'name': 'flags', 'type': 'int', 'value': 'O_RDONLY|O_LARGEFILE'}, {'name': 'dev', 'type': 'dev_t', 'value': 22}, {'name': 'inode', 'type': 'unsigned long', 'value': 713}]",0,0
16583.544112,8546,191,0,systemd-udevd,ubuntu,257,openat,4,6,"[{'name': 'dirfd', 'type': 'int', 'value': -100}, {'name': 'pathname', 'type': 'const char*', 'value': '/sys/devices/virtual/dmi/id/sys_vendor'}, {'name': 'flags', 'type': 'int', 'value': 'O_RDONLY|O_CLOEXEC'}, {'name': 'mode', 'type': 'mode_t', 'value': 915717803}]",0,0
16583.544135,8546,191,0,systemd-udevd,ubuntu,5,fstat,2,0,"[{'name': 'fd', 'type': 'int', 'value': 6}, {'name': 'statbuf', 'type': 'struct stat*', 'value': '0x7FFFB85BA8B0'}]",0,0
16583.544168,8546,191,0,systemd-udevd,ubuntu,3,close,1,0,"[{'name': 'fd', 'type': 'int', 'value': 6}]",0,0
16583.5442,8546,191,0,systemd-udevd,ubuntu,21,access,2,-2,"[{'name': 'pathname', 'type': 'const char*', 'value': '/sys/subsystem/dmi/devices/id'}, {'name': 'mode', 'type': 'mode_t', 'value': 'F_OK'}]",0,0
16583.544227,8546,191,0,systemd-udevd,ubuntu,21,access,2,-2,"[{'name': 'pathname', 'type': 'const char*', 'value': '/sys/bus/dmi/devices/id'}, {'name': 'mode', 'type': 'mode_t', 'value': 'F_OK'}]",0,0
16583.544254,8546,191,0,systemd-udevd,ubuntu,21,access,2,0,"[{'name': 'pathname', 'type': 'const char*', 'value': '/sys/class/dmi/id'}, {'name': 'mode', 'type': 'mode_t', 'value': 'F_OK'}]",0,0
16583.54428,8546,191,0,systemd-udevd,ubuntu,257,openat,4,6,"[{'name': 'dirfd', 'type': 'int', 'value': -100}, {'name': 'pathname', 'type': 'const char*', 'value': '/'}, {'name': 'flags', 'type': 'int', 'value': 'O_RDONLY|O_DIRECTORY|O_CLOEXEC|O_PATH'}, {'name': 'mode', 'type': 'mode_t', 'value': 915717803}]",0,0
16583.544304,8546,191,0,systemd-udevd,ubuntu,257,openat,4,15,"[{'name': 'dirfd', 'type': 'int', 'value': 6}, {'name': 'pathname', 'type': 'const char*', 'value': 'sys'}, {'name': 'flags', 'type': 'int', 'value': 'O_RDONLY|O_NOFOLLOW|O_CLOEXEC|O_PATH'}, {'name': 'mode', 'type': 'mode_t', 'value': 915718182}]",0,0
16583.544328,8546,191,0,systemd-udevd,ubuntu,5,fstat,2,0,"[{'name': 'fd', 'type': 'int', 'value': 15}, {'name': 'statbuf', 'type': 'struct stat*', 'value': '0x7FFFB85B9710'}]",0,0
16583.544351,8546,191,0,systemd-udevd,ubuntu,3,close,1,0,"[{'name': 'fd', 'type': 'int', 'value': 6}]",0,0
16583.544376,8546,191,0,systemd-udevd,ubuntu,257,openat,4,6,"[{'name': 'dirfd', 'type': 'int', 'value': 15}, {'name': 'pathname', 'type': 'const char*', 'value': 'class'}, {'name': 'flags', 'type': 'int', 'value': 'O_RDONLY|O_NOFOLLOW|O_CLOEXEC|O_PATH'}, {'name': 'mode', 'type': 'mode_t', 'value': 915718182}]",0,0
16583.544399,8546,191,0,systemd-udevd,ubuntu,5,fstat,2,0,"[{'name': 'fd', 'type': 'int', 'value': 6}, {'name': 'statbuf', 'type': 'struct stat*', 'value': '0x7FFFB85B9710'}]",0,0
16583.544422,8546,191,0,systemd-udevd,ubuntu,3,close,1,0,"[{'name': 'fd', 'type': 'int', 'value': 15}]",0,0
16583.544447,8546,191,0,systemd-udevd,ubuntu,257,openat,4,15,"[{'name': 'dirfd', 'type': 'int', 'value': 6}, {'name': 'pathname', 'type': 'const char*', 'value': 'dmi'}, {'name': 'flags', 'type': 'int', 'value': 'O_RDONLY|O_NOFOLLOW|O_CLOEXEC|O_PATH'}, {'name': 'mode', 'type': 'mode_t', 'value': 915718182}]",0,0
16583.54447,8546,191,0,systemd-udevd,ubuntu,5,fstat,2,0,"[{'name': 'fd', 'type': 'int', 'value': 15}, {'name': 'statbuf', 'type': 'struct stat*', 'value': '0x7FFFB85B9710'}]",0,0
16583.544493,8546,191,0,systemd-udevd,ubuntu,3,close,1,0,"[{'name': 'fd', 'type': 'int', 'value': 6}]",0,0
16583.544519,8546,191,0,systemd-udevd,ubuntu,257,openat,4,6,"[{'name': 'dirfd', 'type': 'int', 'value': 15}, {'name': 'pathname', 'type': 'const char*', 'value': 'id'}, {'name': 'flags', 'type': 'int', 'value': 'O_RDONLY|O_NOFOLLOW|O_CLOEXEC|O_PATH'}, {'name': 'mode', 'type': 'mode_t', 'value': 915718182}]",0,0
16583.544542,8546,191,0,systemd-udevd,ubuntu,5,fstat,2,0,"[{'name': 'fd', 'type': 'int', 'value': 6}, {'name': 'statbuf', 'type': 'struct stat*', 'value': '0x7FFFB85B9710'}]",0,0
16583.544572,8546,191,0,systemd-udevd,ubuntu,3,close,1,0,"[{'name': 'fd', 'type': 'int', 'value': 6}]",0,0
16583.544598,8546,191,0,systemd-udevd,ubuntu,257,openat,4,6,"[{'name': 'dirfd', 'type': 'int', 'value': 15}, {'name': 'pathname', 'type': 'const char*', 'value': '..'}, {'name': 'flags', 'type': 'int', 'value': 'O_RDONLY|O_NOFOLLOW|O_CLOEXEC|O_PATH'}, {'name': 'mode', 'type': 'mode_t', 'value': 915718182}]",0,0
16583.544622,8546,191,0,systemd-udevd,ubuntu,3,close,1,0,"[{'name': 'fd', 'type': 'int', 'value': 15}]",0,0
16583.544647,8546,191,0,systemd-udevd,ubuntu,257,openat,4,15,"[{'name': 'dirfd', 'type': 'int', 'value': 6}, {'name': 'pathname', 'type': 'const char*', 'value': '..'}, {'name': 'flags', 'type': 'int', 'value': 'O_RDONLY|O_NOFOLLOW|O_CLOEXEC|O_PATH'}, {'name': 'mode', 'type': 'mode_t', 'value': 915718182}]",0,0
16583.54467,8546,191,0,systemd-udevd,ubuntu,3,close,1,0,"[{'name': 'fd', 'type': 'int', 'value': 6}]",0,0
16583.544695,8546,191,0,systemd-udevd,ubuntu,257,openat,4,6,"[{'name': 'dirfd', 'type': 'int', 'value': 15}, {'name': 'pathname', 'type': 'const char*', 'value': 'devices'}, {'name': 'flags', 'type': 'int', 'value': 'O_RDONLY|O_NOFOLLOW|O_CLOEXEC|O_PATH'}, {'name': 'mode', 'type': 'mode_t', 'value': 915718182}]",0,0
16583.544718,8546,191,0,systemd-udevd,ubuntu,5,fstat,2,0,"[{'name': 'fd', 'type': 'int', 'value': 6}, {'name': 'statbuf', 'type': 'struct stat*', 'value': '0x7FFFB85B9710'}]",0,0
16583.54474,8546,191,0,systemd-udevd,ubuntu,3,close,1,0,"[{'name': 'fd', 'type': 'int', 'value': 15}]",0,0
16583.544765,8546,191,0,systemd-udevd,ubuntu,257,openat,4,15,"[{'name': 'dirfd', 'type': 'int', 'value': 6}, {'name': 'pathname', 'type': 'const char*', 'value': 'virtual'}, {'name': 'flags', 'type': 'int', 'value': 'O_RDONLY|O_NOFOLLOW|O_CLOEXEC|O_PATH'}, {'name': 'mode', 'type': 'mode_t', 'value': 915718182}]",0,0
16583.544788,8546,191,0,systemd-udevd,ubuntu,5,fstat,2,0,"[{'name': 'fd', 'type': 'int', 'value': 15}, {'name': 'statbuf', 'type': 'struct stat*', 'value': '0x7FFFB85B9710'}]",0,0
16583.54481,8546,191,0,systemd-udevd,ubuntu,3,close,1,0,"[{'name': 'fd', 'type': 'int', 'value': 6}]",0,0
16583.544835,8546,191,0,systemd-udevd,ubuntu,257,openat,4,6,"[{'name': 'dirfd', 'type': 'int', 'value': 15}, {'name': 'pathname', 'type': 'const char*', 'value': 'dmi'}, {'name': 'flags', 'type': 'int', 'value': 'O_RDONLY|O_NOFOLLOW|O_CLOEXEC|O_PATH'}, {'name': 'mode', 'type': 'mode_t', 'value': 915718182}]",0,0
16583.544881,8546,191,0,systemd-udevd,ubuntu,3,close,1,0,"[{'name': 'fd', 'type': 'int', 'value': 15}]",0,0
16583.544858,8546,191,0,systemd-udevd,ubuntu,5,fstat,2,0,"[{'name': 'fd', 'type': 'int', 'value': 6}, {'name': 'statbuf', 'type': 'struct stat*', 'value': '0x7FFFB85B9710'}]",0,0
16583.544907,8546,191,0,systemd-udevd,ubuntu,257,openat,4,15,"[{'name': 'dirfd', 'type': 'int', 'value': 6}, {'name': 'pathname', 'type': 'const char*', 'value': 'id'}, {'name': 'flags', 'type': 'int', 'value': 'O_RDONLY|O_NOFOLLOW|O_CLOEXEC|O_PATH'}, {'name': 'mode', 'type': 'mode_t', 'value': 915718182}]",0,0
16583.54493,8546,191,0,systemd-udevd,ubuntu,5,fstat,2,0,"[{'name': 'fd', 'type': 'int', 'value': 15}, {'name': 'statbuf', 'type': 'struct stat*', 'value': '0x7FFFB85B9710'}]",0,0
16583.544953,8546,191,0,systemd-udevd,ubuntu,3,close,1,0,"[{'name': 'fd', 'type': 'int', 'value': 6}]",0,0
16583.544976,8546,191,0,systemd-udevd,ubuntu,3,close,1,0,"[{'name': 'fd', 'type': 'int', 'value': 15}]",0,0
16583.545002,8546,191,0,systemd-udevd,ubuntu,21,access,2,0,"[{'name': 'pathname', 'type': 'const char*', 'value': '/sys/devices/virtual/dmi/id/uevent'}, {'name': 'mode', 'type': 'mode_t', 'value': 'F_OK'}]",0,0
16583.545028,8546,191,0,systemd-udevd,ubuntu,6,lstat,2,0,"[{'name': 'pathname', 'type': 'const char*', 'value': '/sys/devices/virtual/dmi/id/sys_vendor'}, {'name': 'statbuf', 'type': 'struct stat*', 'value': '0x7FFFB85BA820'}]",0,0
16583.545054,8546,191,0,systemd-udevd,ubuntu,1005,security_file_open,4,0,"[{'name': 'pathname', 'type': 'const char*', 'value': '/sys/devices/virtual/dmi/id/sys_vendor'}, {'name': 'flags', 'type': 'int', 'value': 'O_RDONLY|O_LARGEFILE'}, {'name': 'dev', 'type': 'dev_t', 'value': 22}, {'name': 'inode', 'type': 'unsigned long', 'value': 713}]",0,0
16583.545084,8546,191,0,systemd-udevd,ubuntu,257,openat,4,6,"[{'name': 'dirfd', 'type': 'int', 'value': -100}, {'name': 'pathname', 'type': 'const char*', 'value': '/sys/devices/virtual/dmi/id/sys_vendor'}, {'name': 'flags', 'type': 'int', 'value': 'O_RDONLY|O_CLOEXEC'}, {'name': 'mode', 'type': 'mode_t', 'value': 915717803}]",0,0
16583.545107,8546,191,0,systemd-udevd,ubuntu,5,fstat,2,0,"[{'name': 'fd', 'type': 'int', 'value': 6}, {'name': 'statbuf', 'type': 'struct stat*', 'value': '0x7FFFB85BA8B0'}]",0,0
16583.545138,8546,191,0,systemd-udevd,ubuntu,3,close,1,0,"[{'name': 'fd', 'type': 'int', 'value': 6}]",0,0
16583.545209,8546,191,0,systemd-udevd,ubuntu,1003,cap_capable,1,0,"[{'name': 'cap', 'type': 'int', 'value': 'CAP_NET_ADMIN'}]",0,0
16583.558645,191,1,0,systemd-udevd,ubuntu,1003,cap_capable,1,0,"[{'name': 'cap', 'type': 'int', 'value': 'CAP_NET_ADMIN'}]",0,0
16583.561059,8544,191,0,systemd-udevd,ubuntu,257,openat,4,-2,"[{'name': 'dirfd', 'type': 'int', 'value': -100}, {'name': 'pathname', 'type': 'const char*', 'value': '/run/udev/data/+cgroup:kmalloc-32(1842:packagekit.service)'}, {'name': 'flags', 'type': 'int', 'value': 'O_RDONLY|O_CLOEXEC'}, {'name': 'mode', 'type': 'mode_t', 'value': 915717803}]",0,0
16583.561094,8544,191,0,systemd-udevd,ubuntu,87,unlink,1,-2,"[{'name': 'pathname', 'type': 'const char*', 'value': '/run/udev/data/+cgroup:kmalloc-32(1842:packagekit.service)'}]",0,0
16583.56113,8544,191,0,systemd-udevd,ubuntu,21,access,2,-2,"[{'name': 'pathname', 'type': 'const char*', 'value': '/sys/subsystem/dmi/devices/id'}, {'name': 'mode', 'type': 'mode_t', 'value': 'F_OK'}]",0,0
16583.561158,8544,191,0,systemd-udevd,ubuntu,21,access,2,-2,"[{'name': 'pathname', 'type': 'const char*', 'value': '/sys/bus/dmi/devices/id'}, {'name': 'mode', 'type': 'mode_t', 'value': 'F_OK'}]",0,0
16583.561189,8544,191,0,systemd-udevd,ubuntu,21,access,2,0,"[{'name': 'pathname', 'type': 'const char*', 'value': '/sys/class/dmi/id'}, {'name': 'mode', 'type': 'mode_t', 'value': 'F_OK'}]",0,0
16583.561216,8544,191,0,systemd-udevd,ubuntu,257,openat,4,6,"[{'name': 'dirfd', 'type': 'int', 'value': -100}, {'name': 'pathname', 'type': 'const char*', 'value': '/'}, {'name': 'flags', 'type': 'int', 'value': 'O_RDONLY|O_DIRECTORY|O_CLOEXEC|O_PATH'}, {'name': 'mode', 'type': 'mode_t', 'value': 915717803}]",0,0
16583.561242,8544,191,0,systemd-udevd,ubuntu,257,openat,4,15,"[{'name': 'dirfd', 'type': 'int', 'value': 6}, {'name': 'pathname', 'type': 'const char*', 'value': 'sys'}, {'name': 'flags', 'type': 'int', 'value': 'O_RDONLY|O_NOFOLLOW|O_CLOEXEC|O_PATH'}, {'name': 'mode', 'type': 'mode_t', 'value': 915718182}]",0,0
16583.561267,8544,191,0,systemd-udevd,ubuntu,5,fstat,2,0,"[{'name': 'fd', 'type': 'int', 'value': 15}, {'name': 'statbuf', 'type': 'struct stat*', 'value': '0x7FFFB85B9710'}]",0,0
16583.561291,8544,191,0,systemd-udevd,ubuntu,3,close,1,0,"[{'name': 'fd', 'type': 'int', 'value': 6}]",0,0
16583.561341,8544,191,0,systemd-udevd,ubuntu,5,fstat,2,0,"[{'name': 'fd', 'type': 'int', 'value': 6}, {'name': 'statbuf', 'type': 'struct stat*', 'value': '0x7FFFB85B9710'}]",0,0
16583.561317,8544,191,0,systemd-udevd,ubuntu,257,openat,4,6,"[{'name': 'dirfd', 'type': 'int', 'value': 15}, {'name': 'pathname', 'type': 'const char*', 'value': 'class'}, {'name': 'flags', 'type': 'int', 'value': 'O_RDONLY|O_NOFOLLOW|O_CLOEXEC|O_PATH'}, {'name': 'mode', 'type': 'mode_t', 'value': 915718182}]",0,0
16583.561364,8544,191,0,systemd-udevd,ubuntu,3,close,1,0,"[{'name': 'fd', 'type': 'int', 'value': 15}]",0,0
16583.561389,8544,191,0,systemd-udevd,ubuntu,257,openat,4,15,"[{'name': 'dirfd', 'type': 'int', 'value': 6}, {'name': 'pathname', 'type': 'const char*', 'value': 'dmi'}, {'name': 'flags', 'type': 'int', 'value': 'O_RDONLY|O_NOFOLLOW|O_CLOEXEC|O_PATH'}, {'name': 'mode', 'type': 'mode_t', 'value': 915718182}]",0,0
16583.561413,8544,191,0,systemd-udevd,ubuntu,5,fstat,2,0,"[{'name': 'fd', 'type': 'int', 'value': 15}, {'name': 'statbuf', 'type': 'struct stat*', 'value': '0x7FFFB85B9710'}]",0,0
16583.561435,8544,191,0,systemd-udevd,ubuntu,3,close,1,0,"[{'name': 'fd', 'type': 'int', 'value': 6}]",0,0
16583.561461,8544,191,0,systemd-udevd,ubuntu,257,openat,4,6,"[{'name': 'dirfd', 'type': 'int', 'value': 15}, {'name': 'pathname', 'type': 'const char*', 'value': 'id'}, {'name': 'flags', 'type': 'int', 'value': 'O_RDONLY|O_NOFOLLOW|O_CLOEXEC|O_PATH'}, {'name': 'mode', 'type': 'mode_t', 'value': 915718182}]",0,0
16583.561484,8544,191,0,systemd-udevd,ubuntu,5,fstat,2,0,"[{'name': 'fd', 'type': 'int', 'value': 6}, {'name': 'statbuf', 'type': 'struct stat*', 'value': '0x7FFFB85B9710'}]",0,0
16583.561528,8544,191,0,systemd-udevd,ubuntu,3,close,1,0,"[{'name': 'fd', 'type': 'int', 'value': 6}]",0,0
16583.561556,8544,191,0,systemd-udevd,ubuntu,257,openat,4,6,"[{'name': 'dirfd', 'type': 'int', 'value': 15}, {'name': 'pathname', 'type': 'const char*', 'value': '..'}, {'name': 'flags', 'type': 'int', 'value': 'O_RDONLY|O_NOFOLLOW|O_CLOEXEC|O_PATH'}, {'name': 'mode', 'type': 'mode_t', 'value': 915718182}]",0,0
16583.561582,8544,191,0,systemd-udevd,ubuntu,3,close,1,0,"[{'name': 'fd', 'type': 'int', 'value': 15}]",0,0
16583.561607,8544,191,0,systemd-udevd,ubuntu,257,openat,4,15,"[{'name': 'dirfd', 'type': 'int', 'value': 6}, {'name': 'pathname', 'type': 'const char*', 'value': '..'}, {'name': 'flags', 'type': 'int', 'value': 'O_RDONLY|O_NOFOLLOW|O_CLOEXEC|O_PATH'}, {'name': 'mode', 'type': 'mode_t', 'value': 915718182}]",0,0
16583.561631,8544,191,0,systemd-udevd,ubuntu,3,close,1,0,"[{'name': 'fd', 'type': 'int', 'value': 6}]",0,0
16583.561656,8544,191,0,systemd-udevd,ubuntu,257,openat,4,6,"[{'name': 'dirfd', 'type': 'int', 'value': 15}, {'name': 'pathname', 'type': 'const char*', 'value': 'devices'}, {'name': 'flags', 'type': 'int', 'value': 'O_RDONLY|O_NOFOLLOW|O_CLOEXEC|O_PATH'}, {'name': 'mode', 'type': 'mode_t', 'value': 915718182}]",0,0
16583.561679,8544,191,0,systemd-udevd,ubuntu,5,fstat,2,0,"[{'name': 'fd', 'type': 'int', 'value': 6}, {'name': 'statbuf', 'type': 'struct stat*', 'value': '0x7FFFB85B9710'}]",0,0
16583.561701,8544,191,0,systemd-udevd,ubuntu,3,close,1,0,"[{'name': 'fd', 'type': 'int', 'value': 15}]",0,0
16583.561726,8544,191,0,systemd-udevd,ubuntu,257,openat,4,15,"[{'name': 'dirfd', 'type': 'int', 'value': 6}, {'name': 'pathname', 'type': 'const char*', 'value': 'virtual'}, {'name': 'flags', 'type': 'int', 'value': 'O_RDONLY|O_NOFOLLOW|O_CLOEXEC|O_PATH'}, {'name': 'mode', 'type': 'mode_t', 'value': 915718182}]",0,0
16583.561749,8544,191,0,systemd-udevd,ubuntu,5,fstat,2,0,"[{'name': 'fd', 'type': 'int', 'value': 15}, {'name': 'statbuf', 'type': 'struct stat*', 'value': '0x7FFFB85B9710'}]",0,0
16583.561771,8544,191,0,systemd-udevd,ubuntu,3,close,1,0,"[{'name': 'fd', 'type': 'int', 'value': 6}]",0,0
16583.561796,8544,191,0,systemd-udevd,ubuntu,257,openat,4,6,"[{'name': 'dirfd', 'type': 'int', 'value': 15}, {'name': 'pathname', 'type': 'const char*', 'value': 'dmi'}, {'name': 'flags', 'type': 'int', 'value': 'O_RDONLY|O_NOFOLLOW|O_CLOEXEC|O_PATH'}, {'name': 'mode', 'type': 'mode_t', 'value': 915718182}]",0,0
16583.56182,8544,191,0,systemd-udevd,ubuntu,5,fstat,2,0,"[{'name': 'fd', 'type': 'int', 'value': 6}, {'name': 'statbuf', 'type': 'struct stat*', 'value': '0x7FFFB85B9710'}]",0,0
16583.561843,8544,191,0,systemd-udevd,ubuntu,3,close,1,0,"[{'name': 'fd', 'type': 'int', 'value': 15}]",0,0
16583.561868,8544,191,0,systemd-udevd,ubuntu,257,openat,4,15,"[{'name': 'dirfd', 'type': 'int', 'value': 6}, {'name': 'pathname', 'type': 'const char*', 'value': 'id'}, {'name': 'flags', 'type': 'int', 'value': 'O_RDONLY|O_NOFOLLOW|O_CLOEXEC|O_PATH'}, {'name': 'mode', 'type': 'mode_t', 'value': 915718182}]",0,0
16583.561892,8544,191,0,systemd-udevd,ubuntu,5,fstat,2,0,"[{'name': 'fd', 'type': 'int', 'value': 15}, {'name': 'statbuf', 'type': 'struct stat*', 'value': '0x7FFFB85B9710'}]",0,0
16583.561915,8544,191,0,systemd-udevd,ubuntu,3,close,1,0,"[{'name': 'fd', 'type': 'int', 'value': 6}]",0,0
16583.561939,8544,191,0,systemd-udevd,ubuntu,3,close,1,0,"[{'name': 'fd', 'type': 'int', 'value': 15}]",0,0
16583.561966,8544,191,0,systemd-udevd,ubuntu,21,access,2,0,"[{'name': 'pathname', 'type': 'const char*', 'value': '/sys/devices/virtual/dmi/id/uevent'}, {'name': 'mode', 'type': 'mode_t', 'value': 'F_OK'}]",0,0
16583.561995,8544,191,0,systemd-udevd,ubuntu,6,lstat,2,0,"[{'name': 'pathname', 'type': 'const char*', 'value': '/sys/devices/virtual/dmi/id/sys_vendor'}, {'name': 'statbuf', 'type': 'struct stat*', 'value': '0x7FFFB85BA820'}]",0,0
16583.562022,8544,191,0,systemd-udevd,ubuntu,1005,security_file_open,4,0,"[{'name': 'pathname', 'type': 'const char*', 'value': '/sys/devices/virtual/dmi/id/sys_vendor'}, {'name': 'flags', 'type': 'int', 'value': 'O_RDONLY|O_LARGEFILE'}, {'name': 'dev', 'type': 'dev_t', 'value': 22}, {'name': 'inode', 'type': 'unsigned long', 'value': 713}]",0,0
16583.562053,8544,191,0,systemd-udevd,ubuntu,257,openat,4,6,"[{'name': 'dirfd', 'type': 'int', 'value': -100}, {'name': 'pathname', 'type': 'const char*', 'value': '/sys/devices/virtual/dmi/id/sys_vendor'}, {'name': 'flags', 'type': 'int', 'value': 'O_RDONLY|O_CLOEXEC'}, {'name': 'mode', 'type': 'mode_t', 'value': 915717803}]",0,0
16583.562077,8544,191,0,systemd-udevd,ubuntu,5,fstat,2,0,"[{'name': 'fd', 'type': 'int', 'value': 6}, {'name': 'statbuf', 'type': 'struct stat*', 'value': '0x7FFFB85BA8B0'}]",0,0
16583.56211,8544,191,0,systemd-udevd,ubuntu,3,close,1,0,"[{'name': 'fd', 'type': 'int', 'value': 6}]",0,0
16583.562143,8544,191,0,systemd-udevd,ubuntu,21,access,2,-2,"[{'name': 'pathname', 'type': 'const char*', 'value': '/sys/subsystem/dmi/devices/id'}, {'name': 'mode', 'type': 'mode_t', 'value': 'F_OK'}]",0,0
16583.562169,8544,191,0,systemd-udevd,ubuntu,21,access,2,-2,"[{'name': 'pathname', 'type': 'const char*', 'value': '/sys/bus/dmi/devices/id'}, {'name': 'mode', 'type': 'mode_t', 'value': 'F_OK'}]",0,0
16583.562196,8544,191,0,systemd-udevd,ubuntu,21,access,2,0,"[{'name': 'pathname', 'type': 'const char*', 'value': '/sys/class/dmi/id'}, {'name': 'mode', 'type': 'mode_t', 'value': 'F_OK'}]",0,0
16583.562222,8544,191,0,systemd-udevd,ubuntu,257,openat,4,6,"[{'name': 'dirfd', 'type': 'int', 'value': -100}, {'name': 'pathname', 'type': 'const char*', 'value': '/'}, {'name': 'flags', 'type': 'int', 'value': 'O_RDONLY|O_DIRECTORY|O_CLOEXEC|O_PATH'}, {'name': 'mode', 'type': 'mode_t', 'value': 915717803}]",0,0
16583.562247,8544,191,0,systemd-udevd,ubuntu,257,openat,4,15,"[{'name': 'dirfd', 'type': 'int', 'value': 6}, {'name': 'pathname', 'type': 'const char*', 'value': 'sys'}, {'name': 'flags', 'type': 'int', 'value': 'O_RDONLY|O_NOFOLLOW|O_CLOEXEC|O_PATH'}, {'name': 'mode', 'type': 'mode_t', 'value': 915718182}]",0,0
16583.56227,8544,191,0,systemd-udevd,ubuntu,5,fstat,2,0,"[{'name': 'fd', 'type': 'int', 'value': 15}, {'name': 'statbuf', 'type': 'struct stat*', 'value': '0x7FFFB85B9710'}]",0,0
16583.562293,8544,191,0,systemd-udevd,ubuntu,3,close,1,0,"[{'name': 'fd', 'type': 'int', 'value': 6}]",0,0
16583.574048,8541,191,0,systemd-udevd,ubuntu,1003,cap_capable,1,0,"[{'name': 'cap', 'type': 'int', 'value': 'CAP_NET_ADMIN'}]",0,0
16583.5772,8544,191,0,systemd-udevd,ubuntu,257,openat,4,6,"[{'name': 'dirfd', 'type': 'int', 'value': 15}, {'name': 'pathname', 'type': 'const char*', 'value': 'class'}, {'name': 'flags', 'type': 'int', 'value': 'O_RDONLY|O_NOFOLLOW|O_CLOEXEC|O_PATH'}, {'name': 'mode', 'type': 'mode_t', 'value': 915718182}]",0,0
16583.577231,8544,191,0,systemd-udevd,ubuntu,5,fstat,2,0,"[{'name': 'fd', 'type': 'int', 'value': 6}, {'name': 'statbuf', 'type': 'struct stat*', 'value': '0x7FFFB85B9710'}]",0,0
16583.577256,8544,191,0,systemd-udevd,ubuntu,3,close,1,0,"[{'name': 'fd', 'type': 'int', 'value': 15}]",0,0
16583.577283,8544,191,0,systemd-udevd,ubuntu,257,openat,4,15,"[{'name': 'dirfd', 'type': 'int', 'value': 6}, {'name': 'pathname', 'type': 'const char*', 'value': 'dmi'}, {'name': 'flags', 'type': 'int', 'value': 'O_RDONLY|O_NOFOLLOW|O_CLOEXEC|O_PATH'}, {'name': 'mode', 'type': 'mode_t', 'value': 915718182}]",0,0
16583.577307,8544,191,0,systemd-udevd,ubuntu,5,fstat,2,0,"[{'name': 'fd', 'type': 'int', 'value': 15}, {'name': 'statbuf', 'type': 'struct stat*', 'value': '0x7FFFB85B9710'}]",0,0
16583.577356,8544,191,0,systemd-udevd,ubuntu,257,openat,4,6,"[{'name': 'dirfd', 'type': 'int', 'value': 15}, {'name': 'pathname', 'type': 'const char*', 'value': 'id'}, {'name': 'flags', 'type': 'int', 'value': 'O_RDONLY|O_NOFOLLOW|O_CLOEXEC|O_PATH'}, {'name': 'mode', 'type': 'mode_t', 'value': 915718182}]",0,0
16583.57733,8544,191,0,systemd-udevd,ubuntu,3,close,1,0,"[{'name': 'fd', 'type': 'int', 'value': 6}]",0,0
16583.57743,8544,191,0,systemd-udevd,ubuntu,3,close,1,0,"[{'name': 'fd', 'type': 'int', 'value': 6}]",0,0
16583.57738,8544,191,0,systemd-udevd,ubuntu,5,fstat,2,0,"[{'name': 'fd', 'type': 'int', 'value': 6}, {'name': 'statbuf', 'type': 'struct stat*', 'value': '0x7FFFB85B9710'}]",0,0
16583.577462,8544,191,0,systemd-udevd,ubuntu,257,openat,4,6,"[{'name': 'dirfd', 'type': 'int', 'value': 15}, {'name': 'pathname', 'type': 'const char*', 'value': '..'}, {'name': 'flags', 'type': 'int', 'value': 'O_RDONLY|O_NOFOLLOW|O_CLOEXEC|O_PATH'}, {'name': 'mode', 'type': 'mode_t', 'value': 915718182}]",0,0
16583.577485,8544,191,0,systemd-udevd,ubuntu,3,close,1,0,"[{'name': 'fd', 'type': 'int', 'value': 15}]",0,0
16583.577511,8544,191,0,systemd-udevd,ubuntu,257,openat,4,15,"[{'name': 'dirfd', 'type': 'int', 'value': 6}, {'name': 'pathname', 'type': 'const char*', 'value': '..'}, {'name': 'flags', 'type': 'int', 'value': 'O_RDONLY|O_NOFOLLOW|O_CLOEXEC|O_PATH'}, {'name': 'mode', 'type': 'mode_t', 'value': 915718182}]",0,0
16583.577534,8544,191,0,systemd-udevd,ubuntu,3,close,1,0,"[{'name': 'fd', 'type': 'int', 'value': 6}]",0,0
16583.57756,8544,191,0,systemd-udevd,ubuntu,257,openat,4,6,"[{'name': 'dirfd', 'type': 'int', 'value': 15}, {'name': 'pathname', 'type': 'const char*', 'value': 'devices'}, {'name': 'flags', 'type': 'int', 'value': 'O_RDONLY|O_NOFOLLOW|O_CLOEXEC|O_PATH'}, {'name': 'mode', 'type': 'mode_t', 'value': 915718182}]",0,0
16583.577583,8544,191,0,systemd-udevd,ubuntu,5,fstat,2,0,"[{'name': 'fd', 'type': 'int', 'value': 6}, {'name': 'statbuf', 'type': 'struct stat*', 'value': '0x7FFFB85B9710'}]",0,0
16583.577605,8544,191,0,systemd-udevd,ubuntu,3,close,1,0,"[{'name': 'fd', 'type': 'int', 'value': 15}]",0,0
16583.577631,8544,191,0,systemd-udevd,ubuntu,257,openat,4,15,"[{'name': 'dirfd', 'type': 'int', 'value': 6}, {'name': 'pathname', 'type': 'const char*', 'value': 'virtual'}, {'name': 'flags', 'type': 'int', 'value': 'O_RDONLY|O_NOFOLLOW|O_CLOEXEC|O_PATH'}, {'name': 'mode', 'type': 'mode_t', 'value': 915718182}]",0,0
16583.577654,8544,191,0,systemd-udevd,ubuntu,5,fstat,2,0,"[{'name': 'fd', 'type': 'int', 'value': 15}, {'name': 'statbuf', 'type': 'struct stat*', 'value': '0x7FFFB85B9710'}]",0,0
16583.577676,8544,191,0,systemd-udevd,ubuntu,3,close,1,0,"[{'name': 'fd', 'type': 'int', 'value': 6}]",0,0
16583.577701,8544,191,0,systemd-udevd,ubuntu,257,openat,4,6,"[{'name': 'dirfd', 'type': 'int', 'value': 15}, {'name': 'pathname', 'type': 'const char*', 'value': 'dmi'}, {'name': 'flags', 'type': 'int', 'value': 'O_RDONLY|O_NOFOLLOW|O_CLOEXEC|O_PATH'}, {'name': 'mode', 'type': 'mode_t', 'value': 915718182}]",0,0
16583.577725,8544,191,0,systemd-udevd,ubuntu,5,fstat,2,0,"[{'name': 'fd', 'type': 'int', 'value': 6}, {'name': 'statbuf', 'type': 'struct stat*', 'value': '0x7FFFB85B9710'}]",0,0
16583.577748,8544,191,0,systemd-udevd,ubuntu,3,close,1,0,"[{'name': 'fd', 'type': 'int', 'value': 15}]",0,0
16583.577774,8544,191,0,systemd-udevd,ubuntu,257,openat,4,15,"[{'name': 'dirfd', 'type': 'int', 'value': 6}, {'name': 'pathname', 'type': 'const char*', 'value': 'id'}, {'name': 'flags', 'type': 'int', 'value': 'O_RDONLY|O_NOFOLLOW|O_CLOEXEC|O_PATH'}, {'name': 'mode', 'type': 'mode_t', 'value': 915718182}]",0,0
16583.577797,8544,191,0,systemd-udevd,ubuntu,5,fstat,2,0,"[{'name': 'fd', 'type': 'int', 'value': 15}, {'name': 'statbuf', 'type': 'struct stat*', 'value': '0x7FFFB85B9710'}]",0,0
16583.57782,8544,191,0,systemd-udevd,ubuntu,3,close,1,0,"[{'name': 'fd', 'type': 'int', 'value': 6}]",0,0
16583.577844,8544,191,0,systemd-udevd,ubuntu,3,close,1,0,"[{'name': 'fd', 'type': 'int', 'value': 15}]",0,0
16583.577876,8544,191,0,systemd-udevd,ubuntu,21,access,2,0,"[{'name': 'pathname', 'type': 'const char*', 'value': '/sys/devices/virtual/dmi/id/uevent'}, {'name': 'mode', 'type': 'mode_t', 'value': 'F_OK'}]",0,0
16583.577907,8544,191,0,systemd-udevd,ubuntu,6,lstat,2,0,"[{'name': 'pathname', 'type': 'const char*', 'value': '/sys/devices/virtual/dmi/id/sys_vendor'}, {'name': 'statbuf', 'type': 'struct stat*', 'value': '0x7FFFB85BA820'}]",0,0
16583.577934,8544,191,0,systemd-udevd,ubuntu,1005,security_file_open,4,0,"[{'name': 'pathname', 'type': 'const char*', 'value': '/sys/devices/virtual/dmi/id/sys_vendor'}, {'name': 'flags', 'type': 'int', 'value': 'O_RDONLY|O_LARGEFILE'}, {'name': 'dev', 'type': 'dev_t', 'value': 22}, {'name': 'inode', 'type': 'unsigned long', 'value': 713}]",0,0
16583.577966,8544,191,0,systemd-udevd,ubuntu,257,openat,4,6,"[{'name': 'dirfd', 'type': 'int', 'value': -100}, {'name': 'pathname', 'type': 'const char*', 'value': '/sys/devices/virtual/dmi/id/sys_vendor'}, {'name': 'flags', 'type': 'int', 'value': 'O_RDONLY|O_CLOEXEC'}, {'name': 'mode', 'type': 'mode_t', 'value': 915717803}]",0,0
16583.577989,8544,191,0,systemd-udevd,ubuntu,5,fstat,2,0,"[{'name': 'fd', 'type': 'int', 'value': 6}, {'name': 'statbuf', 'type': 'struct stat*', 'value': '0x7FFFB85BA8B0'}]",0,0
16583.578024,8544,191,0,systemd-udevd,ubuntu,3,close,1,0,"[{'name': 'fd', 'type': 'int', 'value': 6}]",0,0
16583.578098,8544,191,0,systemd-udevd,ubuntu,1003,cap_capable,1,0,"[{'name': 'cap', 'type': 'int', 'value': 'CAP_NET_ADMIN'}]",0,0
16583.591771,191,1,0,systemd-udevd,ubuntu,1006,security_inode_unlink,1,0,"[{'name': 'pathname', 'type': 'const char*', 'value': '/udev/queue'}]",0,0
16583.591809,191,1,0,systemd-udevd,ubuntu,87,unlink,1,0,"[{'name': 'pathname', 'type': 'const char*', 'value': '/run/udev/queue'}]",0,0
16584.027127,191,1,0,systemd-udevd,ubuntu,257,openat,4,-2,"[{'name': 'dirfd', 'type': 'int', 'value': -100}, {'name': 'pathname', 'type': 'const char*', 'value': '/run/udev/queue'}, {'name': 'flags', 'type': 'int', 'value': 'O_RDONLY|O_NOFOLLOW|O_CLOEXEC|O_PATH'}, {'name': 'mode', 'type': 'mode_t', 'value': 915717803}]",0,0
16584.027175,191,1,0,systemd-udevd,ubuntu,1005,security_file_open,4,0,"[{'name': 'pathname', 'type': 'const char*', 'value': '/run/udev/queue'}, {'name': 'flags', 'type': 'int', 'value': 'O_WRONLY|O_CREAT|O_EXCL|O_LARGEFILE'}, {'name': 'dev', 'type': 'dev_t', 'value': 25}, {'name': 'inode', 'type': 'unsigned long', 'value': 397}]",0,0
16584.027208,191,1,0,systemd-udevd,ubuntu,257,openat,4,14,"[{'name': 'dirfd', 'type': 'int', 'value': -100}, {'name': 'pathname', 'type': 'const char*', 'value': '/run/udev/queue'}, {'name': 'flags', 'type': 'int', 'value': 'O_WRONLY|O_CREAT|O_EXCL|O_CLOEXEC'}, {'name': 'mode', 'type': 'mode_t', 'value': 915717803}]",0,0
16584.027234,191,1,0,systemd-udevd,ubuntu,5,fstat,2,0,"[{'name': 'fd', 'type': 'int', 'value': 14}, {'name': 'statbuf', 'type': 'struct stat*', 'value': '0x7FFFB85BF590'}]",0,0
16584.027282,191,1,0,systemd-udevd,ubuntu,3,close,1,0,"[{'name': 'fd', 'type': 'int', 'value': 14}]",0,0
16584.027326,191,1,0,systemd-udevd,ubuntu,1003,cap_capable,1,0,"[{'name': 'cap', 'type': 'int', 'value': 'CAP_NET_ADMIN'}]",0,0
16584.027484,8547,191,0,systemd-udevd,ubuntu,257,openat,4,-2,"[{'name': 'dirfd', 'type': 'int', 'value': -100}, {'name': 'pathname', 'type': 'const char*', 'value': '/run/udev/data/+cgroup:buffer_head(1842:packagekit.service)'}, {'name': 'flags', 'type': 'int', 'value': 'O_RDONLY|O_CLOEXEC'}, {'name': 'mode', 'type': 'mode_t', 'value': 915717803}]",0,0
16584.027517,8547,191,0,systemd-udevd,ubuntu,87,unlink,1,-2,"[{'name': 'pathname', 'type': 'const char*', 'value': '/run/udev/data/+cgroup:buffer_head(1842:packagekit.service)'}]",0,0
16584.027558,8547,191,0,systemd-udevd,ubuntu,21,access,2,-2,"[{'name': 'pathname', 'type': 'const char*', 'value': '/sys/subsystem/dmi/devices/id'}, {'name': 'mode', 'type': 'mode_t', 'value': 'F_OK'}]",0,0
16584.02759,8547,191,0,systemd-udevd,ubuntu,21,access,2,-2,"[{'name': 'pathname', 'type': 'const char*', 'value': '/sys/bus/dmi/devices/id'}, {'name': 'mode', 'type': 'mode_t', 'value': 'F_OK'}]",0,0
16584.027627,8547,191,0,systemd-udevd,ubuntu,21,access,2,0,"[{'name': 'pathname', 'type': 'const char*', 'value': '/sys/class/dmi/id'}, {'name': 'mode', 'type': 'mode_t', 'value': 'F_OK'}]",0,0
16584.027654,8547,191,0,systemd-udevd,ubuntu,257,openat,4,6,"[{'name': 'dirfd', 'type': 'int', 'value': -100}, {'name': 'pathname', 'type': 'const char*', 'value': '/'}, {'name': 'flags', 'type': 'int', 'value': 'O_RDONLY|O_DIRECTORY|O_CLOEXEC|O_PATH'}, {'name': 'mode', 'type': 'mode_t', 'value': 915717803}]",0,0
16584.02768,8547,191,0,systemd-udevd,ubuntu,257,openat,4,15,"[{'name': 'dirfd', 'type': 'int', 'value': 6}, {'name': 'pathname', 'type': 'const char*', 'value': 'sys'}, {'name': 'flags', 'type': 'int', 'value': 'O_RDONLY|O_NOFOLLOW|O_CLOEXEC|O_PATH'}, {'name': 'mode', 'type': 'mode_t', 'value': 915718182}]",0,0
16584.027705,8547,191,0,systemd-udevd,ubuntu,5,fstat,2,0,"[{'name': 'fd', 'type': 'int', 'value': 15}, {'name': 'statbuf', 'type': 'struct stat*', 'value': '0x7FFFB85B9710'}]",0,0
16584.027728,8547,191,0,systemd-udevd,ubuntu,3,close,1,0,"[{'name': 'fd', 'type': 'int', 'value': 6}]",0,0
16584.027754,8547,191,0,systemd-udevd,ubuntu,257,openat,4,6,"[{'name': 'dirfd', 'type': 'int', 'value': 15}, {'name': 'pathname', 'type': 'const char*', 'value': 'class'}, {'name': 'flags', 'type': 'int', 'value': 'O_RDONLY|O_NOFOLLOW|O_CLOEXEC|O_PATH'}, {'name': 'mode', 'type': 'mode_t', 'value': 915718182}]",0,0
16584.027802,8547,191,0,systemd-udevd,ubuntu,3,close,1,0,"[{'name': 'fd', 'type': 'int', 'value': 15}]",0,0
16584.027778,8547,191,0,systemd-udevd,ubuntu,5,fstat,2,0,"[{'name': 'fd', 'type': 'int', 'value': 6}, {'name': 'statbuf', 'type': 'struct stat*', 'value': '0x7FFFB85B9710'}]",0,0
16584.027827,8547,191,0,systemd-udevd,ubuntu,257,openat,4,15,"[{'name': 'dirfd', 'type': 'int', 'value': 6}, {'name': 'pathname', 'type': 'const char*', 'value': 'dmi'}, {'name': 'flags', 'type': 'int', 'value': 'O_RDONLY|O_NOFOLLOW|O_CLOEXEC|O_PATH'}, {'name': 'mode', 'type': 'mode_t', 'value': 915718182}]",0,0
16584.02785,8547,191,0,systemd-udevd,ubuntu,5,fstat,2,0,"[{'name': 'fd', 'type': 'int', 'value': 15}, {'name': 'statbuf', 'type': 'struct stat*', 'value': '0x7FFFB85B9710'}]",0,0
16584.027873,8547,191,0,systemd-udevd,ubuntu,3,close,1,0,"[{'name': 'fd', 'type': 'int', 'value': 6}]",0,0
16584.027898,8547,191,0,systemd-udevd,ubuntu,257,openat,4,6,"[{'name': 'dirfd', 'type': 'int', 'value': 15}, {'name': 'pathname', 'type': 'const char*', 'value': 'id'}, {'name': 'flags', 'type': 'int', 'value': 'O_RDONLY|O_NOFOLLOW|O_CLOEXEC|O_PATH'}, {'name': 'mode', 'type': 'mode_t', 'value': 915718182}]",0,0
16584.027922,8547,191,0,systemd-udevd,ubuntu,5,fstat,2,0,"[{'name': 'fd', 'type': 'int', 'value': 6}, {'name': 'statbuf', 'type': 'struct stat*', 'value': '0x7FFFB85B9710'}]",0,0
16584.027953,8547,191,0,systemd-udevd,ubuntu,3,close,1,0,"[{'name': 'fd', 'type': 'int', 'value': 6}]",0,0
16584.028003,8547,191,0,systemd-udevd,ubuntu,3,close,1,0,"[{'name': 'fd', 'type': 'int', 'value': 15}]",0,0
16584.02798,8547,191,0,systemd-udevd,ubuntu,257,openat,4,6,"[{'name': 'dirfd', 'type': 'int', 'value': 15}, {'name': 'pathname', 'type': 'const char*', 'value': '..'}, {'name': 'flags', 'type': 'int', 'value': 'O_RDONLY|O_NOFOLLOW|O_CLOEXEC|O_PATH'}, {'name': 'mode', 'type': 'mode_t', 'value': 915718182}]",0,0
16584.028029,8547,191,0,systemd-udevd,ubuntu,257,openat,4,15,"[{'name': 'dirfd', 'type': 'int', 'value': 6}, {'name': 'pathname', 'type': 'const char*', 'value': '..'}, {'name': 'flags', 'type': 'int', 'value': 'O_RDONLY|O_NOFOLLOW|O_CLOEXEC|O_PATH'}, {'name': 'mode', 'type': 'mode_t', 'value': 915718182}]",0,0
16584.028052,8547,191,0,systemd-udevd,ubuntu,3,close,1,0,"[{'name': 'fd', 'type': 'int', 'value': 6}]",0,0
16584.028077,8547,191,0,systemd-udevd,ubuntu,257,openat,4,6,"[{'name': 'dirfd', 'type': 'int', 'value': 15}, {'name': 'pathname', 'type': 'const char*', 'value': 'devices'}, {'name': 'flags', 'type': 'int', 'value': 'O_RDONLY|O_NOFOLLOW|O_CLOEXEC|O_PATH'}, {'name': 'mode', 'type': 'mode_t', 'value': 915718182}]",0,0
16584.0281,8547,191,0,systemd-udevd,ubuntu,5,fstat,2,0,"[{'name': 'fd', 'type': 'int', 'value': 6}, {'name': 'statbuf', 'type': 'struct stat*', 'value': '0x7FFFB85B9710'}]",0,0
16584.028122,8547,191,0,systemd-udevd,ubuntu,3,close,1,0,"[{'name': 'fd', 'type': 'int', 'value': 15}]",0,0
16584.028147,8547,191,0,systemd-udevd,ubuntu,257,openat,4,15,"[{'name': 'dirfd', 'type': 'int', 'value': 6}, {'name': 'pathname', 'type': 'const char*', 'value': 'virtual'}, {'name': 'flags', 'type': 'int', 'value': 'O_RDONLY|O_NOFOLLOW|O_CLOEXEC|O_PATH'}, {'name': 'mode', 'type': 'mode_t', 'value': 915718182}]",0,0
16584.02817,8547,191,0,systemd-udevd,ubuntu,5,fstat,2,0,"[{'name': 'fd', 'type': 'int', 'value': 15}, {'name': 'statbuf', 'type': 'struct stat*', 'value': '0x7FFFB85B9710'}]",0,0
16584.028192,8547,191,0,systemd-udevd,ubuntu,3,close,1,0,"[{'name': 'fd', 'type': 'int', 'value': 6}]",0,0
16584.028217,8547,191,0,systemd-udevd,ubuntu,257,openat,4,6,"[{'name': 'dirfd', 'type': 'int', 'value': 15}, {'name': 'pathname', 'type': 'const char*', 'value': 'dmi'}, {'name': 'flags', 'type': 'int', 'value': 'O_RDONLY|O_NOFOLLOW|O_CLOEXEC|O_PATH'}, {'name': 'mode', 'type': 'mode_t', 'value': 915718182}]",0,0
16584.02824,8547,191,0,systemd-udevd,ubuntu,5,fstat,2,0,"[{'name': 'fd', 'type': 'int', 'value': 6}, {'name': 'statbuf', 'type': 'struct stat*', 'value': '0x7FFFB85B9710'}]",0,0
16584.028264,8547,191,0,systemd-udevd,ubuntu,3,close,1,0,"[{'name': 'fd', 'type': 'int', 'value': 15}]",0,0
16584.028289,8547,191,0,systemd-udevd,ubuntu,257,openat,4,15,"[{'name': 'dirfd', 'type': 'int', 'value': 6}, {'name': 'pathname', 'type': 'const char*', 'value': 'id'}, {'name': 'flags', 'type': 'int', 'value': 'O_RDONLY|O_NOFOLLOW|O_CLOEXEC|O_PATH'}, {'name': 'mode', 'type': 'mode_t', 'value': 915718182}]",0,0
16584.028312,8547,191,0,systemd-udevd,ubuntu,5,fstat,2,0,"[{'name': 'fd', 'type': 'int', 'value': 15}, {'name': 'statbuf', 'type': 'struct stat*', 'value': '0x7FFFB85B9710'}]",0,0
16584.028335,8547,191,0,systemd-udevd,ubuntu,3,close,1,0,"[{'name': 'fd', 'type': 'int', 'value': 6}]",0,0
16584.028358,8547,191,0,systemd-udevd,ubuntu,3,close,1,0,"[{'name': 'fd', 'type': 'int', 'value': 15}]",0,0
16584.028387,8547,191,0,systemd-udevd,ubuntu,21,access,2,0,"[{'name': 'pathname', 'type': 'const char*', 'value': '/sys/devices/virtual/dmi/id/uevent'}, {'name': 'mode', 'type': 'mode_t', 'value': 'F_OK'}]",0,0
16584.028417,8547,191,0,systemd-udevd,ubuntu,6,lstat,2,0,"[{'name': 'pathname', 'type': 'const char*', 'value': '/sys/devices/virtual/dmi/id/sys_vendor'}, {'name': 'statbuf', 'type': 'struct stat*', 'value': '0x7FFFB85BA820'}]",0,0
16584.028444,8547,191,0,systemd-udevd,ubuntu,1005,security_file_open,4,0,"[{'name': 'pathname', 'type': 'const char*', 'value': '/sys/devices/virtual/dmi/id/sys_vendor'}, {'name': 'flags', 'type': 'int', 'value': 'O_RDONLY|O_LARGEFILE'}, {'name': 'dev', 'type': 'dev_t', 'value': 22}, {'name': 'inode', 'type': 'unsigned long', 'value': 713}]",0,0
16584.028474,8547,191,0,systemd-udevd,ubuntu,257,openat,4,6,"[{'name': 'dirfd', 'type': 'int', 'value': -100}, {'name': 'pathname', 'type': 'const char*', 'value': '/sys/devices/virtual/dmi/id/sys_vendor'}, {'name': 'flags', 'type': 'int', 'value': 'O_RDONLY|O_CLOEXEC'}, {'name': 'mode', 'type': 'mode_t', 'value': 915717803}]",0,0
16584.028497,8547,191,0,systemd-udevd,ubuntu,5,fstat,2,0,"[{'name': 'fd', 'type': 'int', 'value': 6}, {'name': 'statbuf', 'type': 'struct stat*', 'value': '0x7FFFB85BA8B0'}]",0,0
16584.028531,8547,191,0,systemd-udevd,ubuntu,3,close,1,0,"[{'name': 'fd', 'type': 'int', 'value': 6}]",0,0
16584.028564,8547,191,0,systemd-udevd,ubuntu,21,access,2,-2,"[{'name': 'pathname', 'type': 'const char*', 'value': '/sys/subsystem/dmi/devices/id'}, {'name': 'mode', 'type': 'mode_t', 'value': 'F_OK'}]",0,0
16584.028591,8547,191,0,systemd-udevd,ubuntu,21,access,2,-2,"[{'name': 'pathname', 'type': 'const char*', 'value': '/sys/bus/dmi/devices/id'}, {'name': 'mode', 'type': 'mode_t', 'value': 'F_OK'}]",0,0
16584.028618,8547,191,0,systemd-udevd,ubuntu,21,access,2,0,"[{'name': 'pathname', 'type': 'const char*', 'value': '/sys/class/dmi/id'}, {'name': 'mode', 'type': 'mode_t', 'value': 'F_OK'}]",0,0
16584.028644,8547,191,0,systemd-udevd,ubuntu,257,openat,4,6,"[{'name': 'dirfd', 'type': 'int', 'value': -100}, {'name': 'pathname', 'type': 'const char*', 'value': '/'}, {'name': 'flags', 'type': 'int', 'value': 'O_RDONLY|O_DIRECTORY|O_CLOEXEC|O_PATH'}, {'name': 'mode', 'type': 'mode_t', 'value': 915717803}]",0,0
16584.028668,8547,191,0,systemd-udevd,ubuntu,257,openat,4,15,"[{'name': 'dirfd', 'type': 'int', 'value': 6}, {'name': 'pathname', 'type': 'const char*', 'value': 'sys'}, {'name': 'flags', 'type': 'int', 'value': 'O_RDONLY|O_NOFOLLOW|O_CLOEXEC|O_PATH'}, {'name': 'mode', 'type': 'mode_t', 'value': 915718182}]",0,0
16584.028691,8547,191,0,systemd-udevd,ubuntu,5,fstat,2,0,"[{'name': 'fd', 'type': 'int', 'value': 15}, {'name': 'statbuf', 'type': 'struct stat*', 'value': '0x7FFFB85B9710'}]",0,0
16584.028714,8547,191,0,systemd-udevd,ubuntu,3,close,1,0,"[{'name': 'fd', 'type': 'int', 'value': 6}]",0,0
16584.02874,8547,191,0,systemd-udevd,ubuntu,257,openat,4,6,"[{'name': 'dirfd', 'type': 'int', 'value': 15}, {'name': 'pathname', 'type': 'const char*', 'value': 'class'}, {'name': 'flags', 'type': 'int', 'value': 'O_RDONLY|O_NOFOLLOW|O_CLOEXEC|O_PATH'}, {'name': 'mode', 'type': 'mode_t', 'value': 915718182}]",0,0
16584.028763,8547,191,0,systemd-udevd,ubuntu,5,fstat,2,0,"[{'name': 'fd', 'type': 'int', 'value': 6}, {'name': 'statbuf', 'type': 'struct stat*', 'value': '0x7FFFB85B9710'}]",0,0
16584.028786,8547,191,0,systemd-udevd,ubuntu,3,close,1,0,"[{'name': 'fd', 'type': 'int', 'value': 15}]",0,0
16584.028811,8547,191,0,systemd-udevd,ubuntu,257,openat,4,15,"[{'name': 'dirfd', 'type': 'int', 'value': 6}, {'name': 'pathname', 'type': 'const char*', 'value': 'dmi'}, {'name': 'flags', 'type': 'int', 'value': 'O_RDONLY|O_NOFOLLOW|O_CLOEXEC|O_PATH'}, {'name': 'mode', 'type': 'mode_t', 'value': 915718182}]",0,0
16584.028835,8547,191,0,systemd-udevd,ubuntu,5,fstat,2,0,"[{'name': 'fd', 'type': 'int', 'value': 15}, {'name': 'statbuf', 'type': 'struct stat*', 'value': '0x7FFFB85B9710'}]",0,0
16584.028858,8547,191,0,systemd-udevd,ubuntu,3,close,1,0,"[{'name': 'fd', 'type': 'int', 'value': 6}]",0,0
16584.028883,8547,191,0,systemd-udevd,ubuntu,257,openat,4,6,"[{'name': 'dirfd', 'type': 'int', 'value': 15}, {'name': 'pathname', 'type': 'const char*', 'value': 'id'}, {'name': 'flags', 'type': 'int', 'value': 'O_RDONLY|O_NOFOLLOW|O_CLOEXEC|O_PATH'}, {'name': 'mode', 'type': 'mode_t', 'value': 915718182}]",0,0
16584.028906,8547,191,0,systemd-udevd,ubuntu,5,fstat,2,0,"[{'name': 'fd', 'type': 'int', 'value': 6}, {'name': 'statbuf', 'type': 'struct stat*', 'value': '0x7FFFB85B9710'}]",0,0
16584.02894,8547,191,0,systemd-udevd,ubuntu,3,close,1,0,"[{'name': 'fd', 'type': 'int', 'value': 6}]",0,0
16584.028966,8547,191,0,systemd-udevd,ubuntu,257,openat,4,6,"[{'name': 'dirfd', 'type': 'int', 'value': 15}, {'name': 'pathname', 'type': 'const char*', 'value': '..'}, {'name': 'flags', 'type': 'int', 'value': 'O_RDONLY|O_NOFOLLOW|O_CLOEXEC|O_PATH'}, {'name': 'mode', 'type': 'mode_t', 'value': 915718182}]",0,0
16584.028989,8547,191,0,systemd-udevd,ubuntu,3,close,1,0,"[{'name': 'fd', 'type': 'int', 'value': 15}]",0,0
16584.029014,8547,191,0,systemd-udevd,ubuntu,257,openat,4,15,"[{'name': 'dirfd', 'type': 'int', 'value': 6}, {'name': 'pathname', 'type': 'const char*', 'value': '..'}, {'name': 'flags', 'type': 'int', 'value': 'O_RDONLY|O_NOFOLLOW|O_CLOEXEC|O_PATH'}, {'name': 'mode', 'type': 'mode_t', 'value': 915718182}]",0,0
16584.029038,8547,191,0,systemd-udevd,ubuntu,3,close,1,0,"[{'name': 'fd', 'type': 'int', 'value': 6}]",0,0
16584.029063,8547,191,0,systemd-udevd,ubuntu,257,openat,4,6,"[{'name': 'dirfd', 'type': 'int', 'value': 15}, {'name': 'pathname', 'type': 'const char*', 'value': 'devices'}, {'name': 'flags', 'type': 'int', 'value': 'O_RDONLY|O_NOFOLLOW|O_CLOEXEC|O_PATH'}, {'name': 'mode', 'type': 'mode_t', 'value': 915718182}]",0,0
16584.029086,8547,191,0,systemd-udevd,ubuntu,5,fstat,2,0,"[{'name': 'fd', 'type': 'int', 'value': 6}, {'name': 'statbuf', 'type': 'struct stat*', 'value': '0x7FFFB85B9710'}]",0,0
16584.029108,8547,191,0,systemd-udevd,ubuntu,3,close,1,0,"[{'name': 'fd', 'type': 'int', 'value': 15}]",0,0
16584.029133,8547,191,0,systemd-udevd,ubuntu,257,openat,4,15,"[{'name': 'dirfd', 'type': 'int', 'value': 6}, {'name': 'pathname', 'type': 'const char*', 'value': 'virtual'}, {'name': 'flags', 'type': 'int', 'value': 'O_RDONLY|O_NOFOLLOW|O_CLOEXEC|O_PATH'}, {'name': 'mode', 'type': 'mode_t', 'value': 915718182}]",0,0
16584.029156,8547,191,0,systemd-udevd,ubuntu,5,fstat,2,0,"[{'name': 'fd', 'type': 'int', 'value': 15}, {'name': 'statbuf', 'type': 'struct stat*', 'value': '0x7FFFB85B9710'}]",0,0
16584.029178,8547,191,0,systemd-udevd,ubuntu,3,close,1,0,"[{'name': 'fd', 'type': 'int', 'value': 6}]",0,0
16584.029203,8547,191,0,systemd-udevd,ubuntu,257,openat,4,6,"[{'name': 'dirfd', 'type': 'int', 'value': 15}, {'name': 'pathname', 'type': 'const char*', 'value': 'dmi'}, {'name': 'flags', 'type': 'int', 'value': 'O_RDONLY|O_NOFOLLOW|O_CLOEXEC|O_PATH'}, {'name': 'mode', 'type': 'mode_t', 'value': 915718182}]",0,0
16584.029227,8547,191,0,systemd-udevd,ubuntu,5,fstat,2,0,"[{'name': 'fd', 'type': 'int', 'value': 6}, {'name': 'statbuf', 'type': 'struct stat*', 'value': '0x7FFFB85B9710'}]",0,0
16584.02925,8547,191,0,systemd-udevd,ubuntu,3,close,1,0,"[{'name': 'fd', 'type': 'int', 'value': 15}]",0,0
16584.029275,8547,191,0,systemd-udevd,ubuntu,257,openat,4,15,"[{'name': 'dirfd', 'type': 'int', 'value': 6}, {'name': 'pathname', 'type': 'const char*', 'value': 'id'}, {'name': 'flags', 'type': 'int', 'value': 'O_RDONLY|O_NOFOLLOW|O_CLOEXEC|O_PATH'}, {'name': 'mode', 'type': 'mode_t', 'value': 915718182}]",0,0
16584.029298,8547,191,0,systemd-udevd,ubuntu,5,fstat,2,0,"[{'name': 'fd', 'type': 'int', 'value': 15}, {'name': 'statbuf', 'type': 'struct stat*', 'value': '0x7FFFB85B9710'}]",0,0
16584.029321,8547,191,0,systemd-udevd,ubuntu,3,close,1,0,"[{'name': 'fd', 'type': 'int', 'value': 6}]",0,0
16584.029344,8547,191,0,systemd-udevd,ubuntu,3,close,1,0,"[{'name': 'fd', 'type': 'int', 'value': 15}]",0,0
16584.02937,8547,191,0,systemd-udevd,ubuntu,21,access,2,0,"[{'name': 'pathname', 'type': 'const char*', 'value': '/sys/devices/virtual/dmi/id/uevent'}, {'name': 'mode', 'type': 'mode_t', 'value': 'F_OK'}]",0,0
16584.029397,8547,191,0,systemd-udevd,ubuntu,6,lstat,2,0,"[{'name': 'pathname', 'type': 'const char*', 'value': '/sys/devices/virtual/dmi/id/sys_vendor'}, {'name': 'statbuf', 'type': 'struct stat*', 'value': '0x7FFFB85BA820'}]",0,0
16584.02945,8547,191,0,systemd-udevd,ubuntu,257,openat,4,6,"[{'name': 'dirfd', 'type': 'int', 'value': -100}, {'name': 'pathname', 'type': 'const char*', 'value': '/sys/devices/virtual/dmi/id/sys_vendor'}, {'name': 'flags', 'type': 'int', 'value': 'O_RDONLY|O_CLOEXEC'}, {'name': 'mode', 'type': 'mode_t', 'value': 915717803}]",0,0
16584.029422,8547,191,0,systemd-udevd,ubuntu,1005,security_file_open,4,0,"[{'name': 'pathname', 'type': 'const char*', 'value': '/sys/devices/virtual/dmi/id/sys_vendor'}, {'name': 'flags', 'type': 'int', 'value': 'O_RDONLY|O_LARGEFILE'}, {'name': 'dev', 'type': 'dev_t', 'value': 22}, {'name': 'inode', 'type': 'unsigned long', 'value': 713}]",0,0
16584.029472,8547,191,0,systemd-udevd,ubuntu,5,fstat,2,0,"[{'name': 'fd', 'type': 'int', 'value': 6}, {'name': 'statbuf', 'type': 'struct stat*', 'value': '0x7FFFB85BA8B0'}]",0,0
16584.029502,8547,191,0,systemd-udevd,ubuntu,3,close,1,0,"[{'name': 'fd', 'type': 'int', 'value': 6}]",0,0
16584.029571,8547,191,0,systemd-udevd,ubuntu,1003,cap_capable,1,0,"[{'name': 'cap', 'type': 'int', 'value': 'CAP_NET_ADMIN'}]",0,0
16584.034559,191,1,0,systemd-udevd,ubuntu,1006,security_inode_unlink,1,0,"[{'name': 'pathname', 'type': 'const char*', 'value': '/udev/queue'}]",0,0
16584.034594,191,1,0,systemd-udevd,ubuntu,87,unlink,1,0,"[{'name': 'pathname', 'type': 'const char*', 'value': '/run/udev/queue'}]",0,0
16587.052212,191,1,0,systemd-udevd,ubuntu,62,kill,2,0,"[{'name': 'pid', 'type': 'pid_t', 'value': 8547}, {'name': 'sig', 'type': 'int', 'value': 15}]",0,0
16587.052256,191,1,0,systemd-udevd,ubuntu,62,kill,2,0,"[{'name': 'pid', 'type': 'pid_t', 'value': 8539}, {'name': 'sig', 'type': 'int', 'value': 15}]",0,0
16587.052338,8539,191,0,systemd-udevd,ubuntu,3,close,1,0,"[{'name': 'fd', 'type': 'int', 'value': 12}]",0,0
16587.052827,8539,191,0,systemd-udevd,ubuntu,3,close,1,0,"[{'name': 'fd', 'type': 'int', 'value': 8}]",0,0
16587.052855,8539,191,0,systemd-udevd,ubuntu,3,close,1,0,"[{'name': 'fd', 'type': 'int', 'value': 7}]",0,0
16587.052879,8539,191,0,systemd-udevd,ubuntu,3,close,1,0,"[{'name': 'fd', 'type': 'int', 'value': 5}]",0,0
16587.053059,8539,191,0,systemd-udevd,ubuntu,1010,sched_process_exit,0,0,[],0,0
16587.053138,191,1,0,systemd-udevd,ubuntu,62,kill,2,0,"[{'name': 'pid', 'type': 'pid_t', 'value': 8538}, {'name': 'sig', 'type': 'int', 'value': 15}]",0,0
16587.053212,8538,191,0,systemd-udevd,ubuntu,3,close,1,0,"[{'name': 'fd', 'type': 'int', 'value': 12}]",0,0
16587.053606,8538,191,0,systemd-udevd,ubuntu,3,close,1,0,"[{'name': 'fd', 'type': 'int', 'value': 8}]",0,0
16587.053633,8538,191,0,systemd-udevd,ubuntu,3,close,1,0,"[{'name': 'fd', 'type': 'int', 'value': 7}]",0,0
16587.053656,8538,191,0,systemd-udevd,ubuntu,3,close,1,0,"[{'name': 'fd', 'type': 'int', 'value': 5}]",0,0
16587.053774,8538,191,0,systemd-udevd,ubuntu,1010,sched_process_exit,0,0,[],0,0
16587.053827,191,1,0,systemd-udevd,ubuntu,62,kill,2,0,"[{'name': 'pid', 'type': 'pid_t', 'value': 8542}, {'name': 'sig', 'type': 'int', 'value': 15}]",0,0
16587.053857,191,1,0,systemd-udevd,ubuntu,62,kill,2,0,"[{'name': 'pid', 'type': 'pid_t', 'value': 8541}, {'name': 'sig', 'type': 'int', 'value': 15}]",0,0
16587.053884,191,1,0,systemd-udevd,ubuntu,62,kill,2,0,"[{'name': 'pid', 'type': 'pid_t', 'value': 8543}, {'name': 'sig', 'type': 'int', 'value': 15}]",0,0
16587.05438,8541,191,0,systemd-udevd,ubuntu,3,close,1,0,"[{'name': 'fd', 'type': 'int', 'value': 12}]",0,0
16587.053955,8543,191,0,systemd-udevd,ubuntu,3,close,1,0,"[{'name': 'fd', 'type': 'int', 'value': 12}]",0,0
16587.054749,8541,191,0,systemd-udevd,ubuntu,3,close,1,0,"[{'name': 'fd', 'type': 'int', 'value': 8}]",0,0
16587.054775,8541,191,0,systemd-udevd,ubuntu,3,close,1,0,"[{'name': 'fd', 'type': 'int', 'value': 7}]",0,0
16587.054799,8541,191,0,systemd-udevd,ubuntu,3,close,1,0,"[{'name': 'fd', 'type': 'int', 'value': 5}]",0,0
16587.055031,8543,191,0,systemd-udevd,ubuntu,3,close,1,0,"[{'name': 'fd', 'type': 'int', 'value': 8}]",0,0
16587.055215,8543,191,0,systemd-udevd,ubuntu,1010,sched_process_exit,0,0,[],0,0
16587.055764,8542,191,0,systemd-udevd,ubuntu,3,close,1,0,"[{'name': 'fd', 'type': 'int', 'value': 8}]",0,0
16587.055814,8542,191,0,systemd-udevd,ubuntu,3,close,1,0,"[{'name': 'fd', 'type': 'int', 'value': 5}]",0,0
16587.055082,8543,191,0,systemd-udevd,ubuntu,3,close,1,0,"[{'name': 'fd', 'type': 'int', 'value': 5}]",0,0
16587.054934,8541,191,0,systemd-udevd,ubuntu,1010,sched_process_exit,0,0,[],0,0
16587.055059,8543,191,0,systemd-udevd,ubuntu,3,close,1,0,"[{'name': 'fd', 'type': 'int', 'value': 7}]",0,0
16587.055369,8542,191,0,systemd-udevd,ubuntu,3,close,1,0,"[{'name': 'fd', 'type': 'int', 'value': 12}]",0,0
16587.055791,8542,191,0,systemd-udevd,ubuntu,3,close,1,0,"[{'name': 'fd', 'type': 'int', 'value': 7}]",0,0
16587.055942,8542,191,0,systemd-udevd,ubuntu,1010,sched_process_exit,0,0,[],0,0
16587.056029,191,1,0,systemd-udevd,ubuntu,62,kill,2,0,"[{'name': 'pid', 'type': 'pid_t', 'value': 8545}, {'name': 'sig', 'type': 'int', 'value': 15}]",0,0
16587.056061,191,1,0,systemd-udevd,ubuntu,62,kill,2,0,"[{'name': 'pid', 'type': 'pid_t', 'value': 8546}, {'name': 'sig', 'type': 'int', 'value': 15}]",0,0
16587.056088,191,1,0,systemd-udevd,ubuntu,62,kill,2,0,"[{'name': 'pid', 'type': 'pid_t', 'value': 8540}, {'name': 'sig', 'type': 'int', 'value': 15}]",0,0
16587.056158,8540,191,0,systemd-udevd,ubuntu,3,close,1,0,"[{'name': 'fd', 'type': 'int', 'value': 12}]",0,0
16587.056569,8540,191,0,systemd-udevd,ubuntu,3,close,1,0,"[{'name': 'fd', 'type': 'int', 'value': 7}]",0,0
16587.056592,8540,191,0,systemd-udevd,ubuntu,3,close,1,0,"[{'name': 'fd', 'type': 'int', 'value': 5}]",0,0
16587.056716,8540,191,0,systemd-udevd,ubuntu,1010,sched_process_exit,0,0,[],0,0
16587.056543,8540,191,0,systemd-udevd,ubuntu,3,close,1,0,"[{'name': 'fd', 'type': 'int', 'value': 8}]",0,0
16587.056803,191,1,0,systemd-udevd,ubuntu,62,kill,2,0,"[{'name': 'pid', 'type': 'pid_t', 'value': 8544}, {'name': 'sig', 'type': 'int', 'value': 15}]",0,0
16587.057083,8545,191,0,systemd-udevd,ubuntu,3,close,1,0,"[{'name': 'fd', 'type': 'int', 'value': 12}]",0,0
16587.071327,8545,191,0,systemd-udevd,ubuntu,3,close,1,0,"[{'name': 'fd', 'type': 'int', 'value': 8}]",0,0
16587.071385,8545,191,0,systemd-udevd,ubuntu,3,close,1,0,"[{'name': 'fd', 'type': 'int', 'value': 5}]",0,0
16587.07136,8545,191,0,systemd-udevd,ubuntu,3,close,1,0,"[{'name': 'fd', 'type': 'int', 'value': 7}]",0,0
16587.075072,8546,191,0,systemd-udevd,ubuntu,3,close,1,0,"[{'name': 'fd', 'type': 'int', 'value': 7}]",0,0
16587.075045,8546,191,0,systemd-udevd,ubuntu,3,close,1,0,"[{'name': 'fd', 'type': 'int', 'value': 8}]",0,0
16587.074617,8546,191,0,systemd-udevd,ubuntu,3,close,1,0,"[{'name': 'fd', 'type': 'int', 'value': 12}]",0,0
16587.071559,8545,191,0,systemd-udevd,ubuntu,1010,sched_process_exit,0,0,[],0,0
16587.075096,8546,191,0,systemd-udevd,ubuntu,3,close,1,0,"[{'name': 'fd', 'type': 'int', 'value': 5}]",0,0
16587.075234,8546,191,0,systemd-udevd,ubuntu,1010,sched_process_exit,0,0,[],0,0
16587.078828,8544,191,0,systemd-udevd,ubuntu,3,close,1,0,"[{'name': 'fd', 'type': 'int', 'value': 12}]",0,0
16587.079033,8547,191,0,systemd-udevd,ubuntu,3,close,1,0,"[{'name': 'fd', 'type': 'int', 'value': 12}]",0,0
16587.081688,8547,191,0,systemd-udevd,ubuntu,3,close,1,0,"[{'name': 'fd', 'type': 'int', 'value': 8}]",0,0
16587.083446,8544,191,0,systemd-udevd,ubuntu,3,close,1,0,"[{'name': 'fd', 'type': 'int', 'value': 8}]",0,0
16587.084425,8547,191,0,systemd-udevd,ubuntu,3,close,1,0,"[{'name': 'fd', 'type': 'int', 'value': 7}]",0,0
16587.084468,8544,191,0,systemd-udevd,ubuntu,3,close,1,0,"[{'name': 'fd', 'type': 'int', 'value': 7}]",0,0
16587.084545,8547,191,0,systemd-udevd,ubuntu,3,close,1,0,"[{'name': 'fd', 'type': 'int', 'value': 5}]",0,0
16587.084588,8544,191,0,systemd-udevd,ubuntu,3,close,1,0,"[{'name': 'fd', 'type': 'int', 'value': 5}]",0,0
16587.084965,8544,191,0,systemd-udevd,ubuntu,1010,sched_process_exit,0,0,[],0,0
16587.086622,8547,191,0,systemd-udevd,ubuntu,1010,sched_process_exit,0,0,[],0,0
16587.088883,191,1,0,systemd-udevd,ubuntu,1005,security_file_open,4,0,"[{'name': 'pathname', 'type': 'const char*', 'value': '/sys/fs/cgroup/unified/system.slice/systemd-udevd.service/cgroup.procs'}, {'name': 'flags', 'type': 'int', 'value': 'O_RDONLY|O_LARGEFILE'}, {'name': 'dev', 'type': 'dev_t', 'value': 28}, {'name': 'inode', 'type': 'unsigned long', 'value': 438}]",0,0
16587.088997,191,1,0,systemd-udevd,ubuntu,257,openat,4,14,"[{'name': 'dirfd', 'type': 'int', 'value': -100}, {'name': 'pathname', 'type': 'const char*', 'value': '/sys/fs/cgroup/unified/system.slice/systemd-udevd.service/cgroup.procs'}, {'name': 'flags', 'type': 'int', 'value': 'O_RDONLY|O_CLOEXEC'}, {'name': 'mode', 'type': 'mode_t', 'value': 915717803}]",0,0
16587.089042,191,1,0,systemd-udevd,ubuntu,5,fstat,2,0,"[{'name': 'fd', 'type': 'int', 'value': 14}, {'name': 'statbuf', 'type': 'struct stat*', 'value': '0x7FFFB85BED50'}]",0,0
16587.089276,191,1,0,systemd-udevd,ubuntu,3,close,1,0,"[{'name': 'fd', 'type': 'int', 'value': 14}]",0,0
16587.08936,191,1,0,systemd-udevd,ubuntu,1005,security_file_open,4,0,"[{'name': 'pathname', 'type': 'const char*', 'value': '/sys/fs/cgroup/unified/system.slice/systemd-udevd.service/cgroup.threads'}, {'name': 'flags', 'type': 'int', 'value': 'O_RDONLY|O_LARGEFILE'}, {'name': 'dev', 'type': 'dev_t', 'value': 28}, {'name': 'inode', 'type': 'unsigned long', 'value': 439}]",0,0
16587.089561,191,1,0,systemd-udevd,ubuntu,257,openat,4,14,"[{'name': 'dirfd', 'type': 'int', 'value': -100}, {'name': 'pathname', 'type': 'const char*', 'value': '/sys/fs/cgroup/unified/system.slice/systemd-udevd.service/cgroup.threads'}, {'name': 'flags', 'type': 'int', 'value': 'O_RDONLY|O_CLOEXEC'}, {'name': 'mode', 'type': 'mode_t', 'value': 915717803}]",0,0
16587.089613,191,1,0,systemd-udevd,ubuntu,5,fstat,2,0,"[{'name': 'fd', 'type': 'int', 'value': 14}, {'name': 'statbuf', 'type': 'struct stat*', 'value': '0x7FFFB85BED50'}]",0,0
16587.089668,191,1,0,systemd-udevd,ubuntu,3,close,1,0,"[{'name': 'fd', 'type': 'int', 'value': 14}]",0,0
16601.746,191,1,0,systemd-udevd,ubuntu,41,socket,3,14,"[{'name': 'domain', 'type': 'int', 'value': 'AF_UNIX'}, {'name': 'type', 'type': 'int', 'value': 'SOCK_DGRAM|SOCK_CLOEXEC'}, {'name': 'protocol', 'type': 'int', 'value': 0}]",0,0
16601.747439,191,1,0,systemd-udevd,ubuntu,3,close,1,0,"[{'name': 'fd', 'type': 'int', 'value': 14}]",0,0
16631.052175,308,1,102,systemd-timesyn,ubuntu,41,socket,3,16,"[{'name': 'domain', 'type': 'int', 'value': 'AF_UNIX'}, {'name': 'type', 'type': 'int', 'value': 'SOCK_DGRAM|SOCK_CLOEXEC'}, {'name': 'protocol', 'type': 'int', 'value': 0}]",0,0
16631.053241,308,1,102,systemd-timesyn,ubuntu,3,close,1,0,"[{'name': 'fd', 'type': 'int', 'value': 16}]",0,0
16651.746012,309,1,102,systemd-timesyn,ubuntu,41,socket,3,16,"[{'name': 'domain', 'type': 'int', 'value': 'AF_UNIX'}, {'name': 'type', 'type': 'int', 'value': 'SOCK_DGRAM|SOCK_CLOEXEC'}, {'name': 'protocol', 'type': 'int', 'value': 0}]",0,0
16651.746831,309,1,102,systemd-timesyn,ubuntu,3,close,1,0,"[{'name': 'fd', 'type': 'int', 'value': 16}]",0,0
16691.052119,191,1,0,systemd-udevd,ubuntu,41,socket,3,14,"[{'name': 'domain', 'type': 'int', 'value': 'AF_UNIX'}, {'name': 'type', 'type': 'int', 'value': 'SOCK_DGRAM|SOCK_CLOEXEC'}, {'name': 'protocol', 'type': 'int', 'value': 0}]",0,0
16691.053112,191,1,0,systemd-udevd,ubuntu,3,close,1,0,"[{'name': 'fd', 'type': 'int', 'value': 14}]",0,0
16696.194849,307,1,102,systemd-timesyn,ubuntu,41,socket,3,16,"[{'name': 'domain', 'type': 'int', 'value': 'AF_UNIX'}, {'name': 'type', 'type': 'int', 'value': 'SOCK_DGRAM|SOCK_CLOEXEC'}, {'name': 'protocol', 'type': 'int', 'value': 0}]",0,0
16696.194983,307,1,102,systemd-timesyn,ubuntu,3,close,1,0,"[{'name': 'fd', 'type': 'int', 'value': 16}]",0,0
16696.195114,191,1,0,systemd-udevd,ubuntu,41,socket,3,14,"[{'name': 'domain', 'type': 'int', 'value': 'AF_UNIX'}, {'name': 'type', 'type': 'int', 'value': 'SOCK_DGRAM|SOCK_CLOEXEC'}, {'name': 'protocol', 'type': 'int', 'value': 0}]",0,0
16696.195178,191,1,0,systemd-udevd,ubuntu,3,close,1,0,"[{'name': 'fd', 'type': 'int', 'value': 14}]",0,0
16721.746262,191,1,0,systemd-udevd,ubuntu,41,socket,3,14,"[{'name': 'domain', 'type': 'int', 'value': 'AF_UNIX'}, {'name': 'type', 'type': 'int', 'value': 'SOCK_DGRAM|SOCK_CLOEXEC'}, {'name': 'protocol', 'type': 'int', 'value': 0}]",0,0
16721.747397,191,1,0,systemd-udevd,ubuntu,3,close,1,0,"[{'name': 'fd', 'type': 'int', 'value': 14}]",0,0
16751.052252,308,1,102,systemd-timesyn,ubuntu,41,socket,3,16,"[{'name': 'domain', 'type': 'int', 'value': 'AF_UNIX'}, {'name': 'type', 'type': 'int', 'value': 'SOCK_DGRAM|SOCK_CLOEXEC'}, {'name': 'protocol', 'type': 'int', 'value': 0}]",0,0
16751.053115,308,1,102,systemd-timesyn,ubuntu,3,close,1,0,"[{'name': 'fd', 'type': 'int', 'value': 16}]",0,0
16781.746016,309,1,102,systemd-timesyn,ubuntu,41,socket,3,16,"[{'name': 'domain', 'type': 'int', 'value': 'AF_UNIX'}, {'name': 'type', 'type': 'int', 'value': 'SOCK_DGRAM|SOCK_CLOEXEC'}, {'name': 'protocol', 'type': 'int', 'value': 0}]",0,0
16781.747473,309,1,102,systemd-timesyn,ubuntu,3,close,1,0,"[{'name': 'fd', 'type': 'int', 'value': 16}]",0,0
16811.052544,191,1,0,systemd-udevd,ubuntu,41,socket,3,14,"[{'name': 'domain', 'type': 'int', 'value': 'AF_UNIX'}, {'name': 'type', 'type': 'int', 'value': 'SOCK_DGRAM|SOCK_CLOEXEC'}, {'name': 'protocol', 'type': 'int', 'value': 0}]",0,0
16811.052893,191,1,0,systemd-udevd,ubuntu,3,close,1,0,"[{'name': 'fd', 'type': 'int', 'value': 14}]",0,0
16816.194844,307,1,102,systemd-timesyn,ubuntu,41,socket,3,16,"[{'name': 'domain', 'type': 'int', 'value': 'AF_UNIX'}, {'name': 'type', 'type': 'int', 'value': 'SOCK_DGRAM|SOCK_CLOEXEC'}, {'name': 'protocol', 'type': 'int', 'value': 0}]",0,0
16816.194959,307,1,102,systemd-timesyn,ubuntu,3,close,1,0,"[{'name': 'fd', 'type': 'int', 'value': 16}]",0,0
16816.195074,191,1,0,systemd-udevd,ubuntu,41,socket,3,14,"[{'name': 'domain', 'type': 'int', 'value': 'AF_UNIX'}, {'name': 'type', 'type': 'int', 'value': 'SOCK_DGRAM|SOCK_CLOEXEC'}, {'name': 'protocol', 'type': 'int', 'value': 0}]",0,0
16816.195144,191,1,0,systemd-udevd,ubuntu,3,close,1,0,"[{'name': 'fd', 'type': 'int', 'value': 14}]",0,0
16841.745993,191,1,0,systemd-udevd,ubuntu,41,socket,3,14,"[{'name': 'domain', 'type': 'int', 'value': 'AF_UNIX'}, {'name': 'type', 'type': 'int', 'value': 'SOCK_DGRAM|SOCK_CLOEXEC'}, {'name': 'protocol', 'type': 'int', 'value': 0}]",0,0
16841.74737,191,1,0,systemd-udevd,ubuntu,3,close,1,0,"[{'name': 'fd', 'type': 'int', 'value': 14}]",0,0
16871.052458,308,1,102,systemd-timesyn,ubuntu,41,socket,3,16,"[{'name': 'domain', 'type': 'int', 'value': 'AF_UNIX'}, {'name': 'type', 'type': 'int', 'value': 'SOCK_DGRAM|SOCK_CLOEXEC'}, {'name': 'protocol', 'type': 'int', 'value': 0}]",0,0
16871.053359,308,1,102,systemd-timesyn,ubuntu,3,close,1,0,"[{'name': 'fd', 'type': 'int', 'value': 16}]",0,0
16017.624801,191,1,0,systemd-udevd,ubuntu,62,kill,2,0,"[{'name': 'pid', 'type': 'pid_t', 'value': 8907}, {'name': 'sig', 'type': 'int', 'value': 15}]",0,0
16017.624936,8907,191,0,systemd-udevd,ubuntu,3,close,1,0,"[{'name': 'fd', 'type': 'int', 'value': 12}]",0,0
16017.625502,8907,191,0,systemd-udevd,ubuntu,3,close,1,0,"[{'name': 'fd', 'type': 'int', 'value': 8}]",0,0
16017.625546,8907,191,0,systemd-udevd,ubuntu,3,close,1,0,"[{'name': 'fd', 'type': 'int', 'value': 7}]",0,0
16017.625753,8907,191,0,systemd-udevd,ubuntu,1010,sched_process_exit,0,0,[],0,0
16017.625569,8907,191,0,systemd-udevd,ubuntu,3,close,1,0,"[{'name': 'fd', 'type': 'int', 'value': 5}]",0,0
16017.62606,191,1,0,systemd-udevd,ubuntu,1005,security_file_open,4,0,"[{'name': 'pathname', 'type': 'const char*', 'value': '/sys/fs/cgroup/unified/system.slice/systemd-udevd.service/cgroup.procs'}, {'name': 'flags', 'type': 'unsigned int', 'value': 'O_RDONLY|O_LARGEFILE'}, {'name': 'dev', 'type': 'dev_t', 'value': 28}, {'name': 'inode', 'type': 'unsigned long', 'value': 438}]",0,0
16017.626099,191,1,0,systemd-udevd,ubuntu,257,openat,4,14,"[{'name': 'dirfd', 'type': 'int', 'value': -100}, {'name': 'pathname', 'type': 'const char*', 'value': '/sys/fs/cgroup/unified/system.slice/systemd-udevd.service/cgroup.procs'}, {'name': 'flags', 'type': 'unsigned int', 'value': 'O_RDONLY|O_CLOEXEC'}, {'name': 'mode', 'type': 'int', 'value': 2278543019}]",0,0
16017.626127,191,1,0,systemd-udevd,ubuntu,5,fstat,2,0,"[{'name': 'fd', 'type': 'int', 'value': 14}, {'name': 'statbuf', 'type': 'struct stat*', 'value': '0x7FFD8E5387E0'}]",0,0
16017.626182,191,1,0,systemd-udevd,ubuntu,3,close,1,0,"[{'name': 'fd', 'type': 'int', 'value': 14}]",0,0
16017.626219,191,1,0,systemd-udevd,ubuntu,1005,security_file_open,4,0,"[{'name': 'pathname', 'type': 'const char*', 'value': '/sys/fs/cgroup/unified/system.slice/systemd-udevd.service/cgroup.threads'}, {'name': 'flags', 'type': 'unsigned int', 'value': 'O_RDONLY|O_LARGEFILE'}, {'name': 'dev', 'type': 'dev_t', 'value': 28}, {'name': 'inode', 'type': 'unsigned long', 'value': 439}]",0,0
16017.626249,191,1,0,systemd-udevd,ubuntu,257,openat,4,14,"[{'name': 'dirfd', 'type': 'int', 'value': -100}, {'name': 'pathname', 'type': 'const char*', 'value': '/sys/fs/cgroup/unified/system.slice/systemd-udevd.service/cgroup.threads'}, {'name': 'flags', 'type': 'unsigned int', 'value': 'O_RDONLY|O_CLOEXEC'}, {'name': 'mode', 'type': 'int', 'value': 2278543019}]",0,0
16017.626272,191,1,0,systemd-udevd,ubuntu,5,fstat,2,0,"[{'name': 'fd', 'type': 'int', 'value': 14}, {'name': 'statbuf', 'type': 'struct stat*', 'value': '0x7FFD8E5387E0'}]",0,0
16017.626308,191,1,0,systemd-udevd,ubuntu,3,close,1,0,"[{'name': 'fd', 'type': 'int', 'value': 14}]",0,0
16901.746334,309,1,102,systemd-timesyn,ubuntu,41,socket,3,16,"[{'name': 'domain', 'type': 'int', 'value': 'AF_UNIX'}, {'name': 'type', 'type': 'int', 'value': 'SOCK_DGRAM|SOCK_CLOEXEC'}, {'name': 'protocol', 'type': 'int', 'value': 0}]",0,0
16901.74749,309,1,102,systemd-timesyn,ubuntu,3,close,1,0,"[{'name': 'fd', 'type': 'int', 'value': 16}]",0,0
16931.05212,191,1,0,systemd-udevd,ubuntu,41,socket,3,14,"[{'name': 'domain', 'type': 'int', 'value': 'AF_UNIX'}, {'name': 'type', 'type': 'int', 'value': 'SOCK_DGRAM|SOCK_CLOEXEC'}, {'name': 'protocol', 'type': 'int', 'value': 0}]",0,0
16931.053137,191,1,0,systemd-udevd,ubuntu,3,close,1,0,"[{'name': 'fd', 'type': 'int', 'value': 14}]",0,0
16936.194855,307,1,102,systemd-timesyn,ubuntu,41,socket,3,16,"[{'name': 'domain', 'type': 'int', 'value': 'AF_UNIX'}, {'name': 'type', 'type': 'int', 'value': 'SOCK_DGRAM|SOCK_CLOEXEC'}, {'name': 'protocol', 'type': 'int', 'value': 0}]",0,0
16936.19497,307,1,102,systemd-timesyn,ubuntu,3,close,1,0,"[{'name': 'fd', 'type': 'int', 'value': 16}]",0,0
16936.195082,191,1,0,systemd-udevd,ubuntu,41,socket,3,14,"[{'name': 'domain', 'type': 'int', 'value': 'AF_UNIX'}, {'name': 'type', 'type': 'int', 'value': 'SOCK_DGRAM|SOCK_CLOEXEC'}, {'name': 'protocol', 'type': 'int', 'value': 0}]",0,0
16936.195152,191,1,0,systemd-udevd,ubuntu,3,close,1,0,"[{'name': 'fd', 'type': 'int', 'value': 14}]",0,0
16961.746281,191,1,0,systemd-udevd,ubuntu,41,socket,3,14,"[{'name': 'domain', 'type': 'int', 'value': 'AF_UNIX'}, {'name': 'type', 'type': 'int', 'value': 'SOCK_DGRAM|SOCK_CLOEXEC'}, {'name': 'protocol', 'type': 'int', 'value': 0}]",0,0
16961.747412,191,1,0,systemd-udevd,ubuntu,3,close,1,0,"[{'name': 'fd', 'type': 'int', 'value': 14}]",0,0
16991.052292,308,1,102,systemd-timesyn,ubuntu,41,socket,3,16,"[{'name': 'domain', 'type': 'int', 'value': 'AF_UNIX'}, {'name': 'type', 'type': 'int', 'value': 'SOCK_DGRAM|SOCK_CLOEXEC'}, {'name': 'protocol', 'type': 'int', 'value': 0}]",0,0
16991.053273,308,1,102,systemd-timesyn,ubuntu,3,close,1,0,"[{'name': 'fd', 'type': 'int', 'value': 16}]",0,0
17021.746365,309,1,102,systemd-timesyn,ubuntu,41,socket,3,16,"[{'name': 'domain', 'type': 'int', 'value': 'AF_UNIX'}, {'name': 'type', 'type': 'int', 'value': 'SOCK_DGRAM|SOCK_CLOEXEC'}, {'name': 'protocol', 'type': 'int', 'value': 0}]",0,0
17021.747501,309,1,102,systemd-timesyn,ubuntu,3,close,1,0,"[{'name': 'fd', 'type': 'int', 'value': 16}]",0,0
17051.052134,191,1,0,systemd-udevd,ubuntu,41,socket,3,14,"[{'name': 'domain', 'type': 'int', 'value': 'AF_UNIX'}, {'name': 'type', 'type': 'int', 'value': 'SOCK_DGRAM|SOCK_CLOEXEC'}, {'name': 'protocol', 'type': 'int', 'value': 0}]",0,0
17051.053128,191,1,0,systemd-udevd,ubuntu,3,close,1,0,"[{'name': 'fd', 'type': 'int', 'value': 14}]",0,0
17056.194868,307,1,102,systemd-timesyn,ubuntu,41,socket,3,16,"[{'name': 'domain', 'type': 'int', 'value': 'AF_UNIX'}, {'name': 'type', 'type': 'int', 'value': 'SOCK_DGRAM|SOCK_CLOEXEC'}, {'name': 'protocol', 'type': 'int', 'value': 0}]",0,0
17056.194984,307,1,102,systemd-timesyn,ubuntu,3,close,1,0,"[{'name': 'fd', 'type': 'int', 'value': 16}]",0,0
17056.195098,191,1,0,systemd-udevd,ubuntu,41,socket,3,14,"[{'name': 'domain', 'type': 'int', 'value': 'AF_UNIX'}, {'name': 'type', 'type': 'int', 'value': 'SOCK_DGRAM|SOCK_CLOEXEC'}, {'name': 'protocol', 'type': 'int', 'value': 0}]",0,0
17056.195168,191,1,0,systemd-udevd,ubuntu,3,close,1,0,"[{'name': 'fd', 'type': 'int', 'value': 14}]",0,0
17081.745987,191,1,0,systemd-udevd,ubuntu,41,socket,3,14,"[{'name': 'domain', 'type': 'int', 'value': 'AF_UNIX'}, {'name': 'type', 'type': 'int', 'value': 'SOCK_DGRAM|SOCK_CLOEXEC'}, {'name': 'protocol', 'type': 'int', 'value': 0}]",0,0
17081.747406,191,1,0,systemd-udevd,ubuntu,3,close,1,0,"[{'name': 'fd', 'type': 'int', 'value': 14}]",0,0
17111.052275,308,1,102,systemd-timesyn,ubuntu,41,socket,3,16,"[{'name': 'domain', 'type': 'int', 'value': 'AF_UNIX'}, {'name': 'type', 'type': 'int', 'value': 'SOCK_DGRAM|SOCK_CLOEXEC'}, {'name': 'protocol', 'type': 'int', 'value': 0}]",0,0
17111.053122,308,1,102,systemd-timesyn,ubuntu,3,close,1,0,"[{'name': 'fd', 'type': 'int', 'value': 16}]",0,0
17141.745995,309,1,102,systemd-timesyn,ubuntu,41,socket,3,16,"[{'name': 'domain', 'type': 'int', 'value': 'AF_UNIX'}, {'name': 'type', 'type': 'int', 'value': 'SOCK_DGRAM|SOCK_CLOEXEC'}, {'name': 'protocol', 'type': 'int', 'value': 0}]",0,0
17141.747525,309,1,102,systemd-timesyn,ubuntu,3,close,1,0,"[{'name': 'fd', 'type': 'int', 'value': 16}]",0,0
17171.052117,191,1,0,systemd-udevd,ubuntu,41,socket,3,14,"[{'name': 'domain', 'type': 'int', 'value': 'AF_UNIX'}, {'name': 'type', 'type': 'int', 'value': 'SOCK_DGRAM|SOCK_CLOEXEC'}, {'name': 'protocol', 'type': 'int', 'value': 0}]",0,0
17171.053267,191,1,0,systemd-udevd,ubuntu,3,close,1,0,"[{'name': 'fd', 'type': 'int', 'value': 14}]",0,0
17176.194847,307,1,102,systemd-timesyn,ubuntu,41,socket,3,16,"[{'name': 'domain', 'type': 'int', 'value': 'AF_UNIX'}, {'name': 'type', 'type': 'int', 'value': 'SOCK_DGRAM|SOCK_CLOEXEC'}, {'name': 'protocol', 'type': 'int', 'value': 0}]",0,0
17176.194966,307,1,102,systemd-timesyn,ubuntu,3,close,1,0,"[{'name': 'fd', 'type': 'int', 'value': 16}]",0,0
17176.195081,191,1,0,systemd-udevd,ubuntu,41,socket,3,14,"[{'name': 'domain', 'type': 'int', 'value': 'AF_UNIX'}, {'name': 'type', 'type': 'int', 'value': 'SOCK_DGRAM|SOCK_CLOEXEC'}, {'name': 'protocol', 'type': 'int', 'value': 0}]",0,0
17176.195151,191,1,0,systemd-udevd,ubuntu,3,close,1,0,"[{'name': 'fd', 'type': 'int', 'value': 14}]",0,0
17201.746365,191,1,0,systemd-udevd,ubuntu,41,socket,3,14,"[{'name': 'domain', 'type': 'int', 'value': 'AF_UNIX'}, {'name': 'type', 'type': 'int', 'value': 'SOCK_DGRAM|SOCK_CLOEXEC'}, {'name': 'protocol', 'type': 'int', 'value': 0}]",0,0
17201.747078,191,1,0,systemd-udevd,ubuntu,3,close,1,0,"[{'name': 'fd', 'type': 'int', 'value': 14}]",0,0
17231.052531,308,1,102,systemd-timesyn,ubuntu,41,socket,3,16,"[{'name': 'domain', 'type': 'int', 'value': 'AF_UNIX'}, {'name': 'type', 'type': 'int', 'value': 'SOCK_DGRAM|SOCK_CLOEXEC'}, {'name': 'protocol', 'type': 'int', 'value': 0}]",0,0
17231.0537,308,1,102,systemd-timesyn,ubuntu,3,close,1,0,"[{'name': 'fd', 'type': 'int', 'value': 16}]",0,0
17238.131018,191,1,0,systemd-udevd,ubuntu,41,socket,3,14,"[{'name': 'domain', 'type': 'int', 'value': 'AF_UNIX'}, {'name': 'type', 'type': 'int', 'value': 'SOCK_DGRAM|SOCK_CLOEXEC'}, {'name': 'protocol', 'type': 'int', 'value': 0}]",0,0
17238.131535,191,1,0,systemd-udevd,ubuntu,3,close,1,0,"[{'name': 'fd', 'type': 'int', 'value': 14}]",0,0
17238.131646,191,1,0,systemd-udevd,ubuntu,257,openat,4,-2,"[{'name': 'dirfd', 'type': 'int', 'value': -100}, {'name': 'pathname', 'type': 'const char*', 'value': '/run/udev/queue'}, {'name': 'flags', 'type': 'int', 'value': 'O_RDONLY|O_NOFOLLOW|O_CLOEXEC|O_PATH'}, {'name': 'mode', 'type': 'mode_t', 'value': 915717803}]",0,0
17238.131699,191,1,0,systemd-udevd,ubuntu,1005,security_file_open,4,0,"[{'name': 'pathname', 'type': 'const char*', 'value': '/run/udev/queue'}, {'name': 'flags', 'type': 'int', 'value': 'O_WRONLY|O_CREAT|O_EXCL|O_LARGEFILE'}, {'name': 'dev', 'type': 'dev_t', 'value': 25}, {'name': 'inode', 'type': 'unsigned long', 'value': 397}]",0,0
17238.131743,191,1,0,systemd-udevd,ubuntu,257,openat,4,14,"[{'name': 'dirfd', 'type': 'int', 'value': -100}, {'name': 'pathname', 'type': 'const char*', 'value': '/run/udev/queue'}, {'name': 'flags', 'type': 'int', 'value': 'O_WRONLY|O_CREAT|O_EXCL|O_CLOEXEC'}, {'name': 'mode', 'type': 'mode_t', 'value': 915717803}]",0,0
17238.131778,191,1,0,systemd-udevd,ubuntu,5,fstat,2,0,"[{'name': 'fd', 'type': 'int', 'value': 14}, {'name': 'statbuf', 'type': 'struct stat*', 'value': '0x7FFFB85BF590'}]",0,0
17238.131834,191,1,0,systemd-udevd,ubuntu,3,close,1,0,"[{'name': 'fd', 'type': 'int', 'value': 14}]",0,0
17238.131878,191,1,0,systemd-udevd,ubuntu,4,stat,2,0,"[{'name': 'pathname', 'type': 'const char*', 'value': '/etc/udev/rules.d'}, {'name': 'statbuf', 'type': 'struct stat*', 'value': '0x7FFFB85BF4D0'}]",0,0
17238.131916,191,1,0,systemd-udevd,ubuntu,4,stat,2,0,"[{'name': 'pathname', 'type': 'const char*', 'value': '/run/udev/rules.d'}, {'name': 'statbuf', 'type': 'struct stat*', 'value': '0x7FFFB85BF4D0'}]",0,0
17238.131952,191,1,0,systemd-udevd,ubuntu,4,stat,2,-2,"[{'name': 'pathname', 'type': 'const char*', 'value': '/usr/local/lib/udev/rules.d'}, {'name': 'statbuf', 'type': 'struct stat*', 'value': '0x7FFFB85BF4D0'}]",0,0
17238.131988,191,1,0,systemd-udevd,ubuntu,4,stat,2,0,"[{'name': 'pathname', 'type': 'const char*', 'value': '/usr/lib/udev/rules.d'}, {'name': 'statbuf', 'type': 'struct stat*', 'value': '0x7FFFB85BF4D0'}]",0,0
17238.132028,191,1,0,systemd-udevd,ubuntu,4,stat,2,0,"[{'name': 'pathname', 'type': 'const char*', 'value': '/lib/udev/rules.d'}, {'name': 'statbuf', 'type': 'struct stat*', 'value': '0x7FFFB85BF4D0'}]",0,0
17238.132064,191,1,0,systemd-udevd,ubuntu,4,stat,2,-2,"[{'name': 'pathname', 'type': 'const char*', 'value': '/etc/systemd/hwdb/hwdb.bin'}, {'name': 'statbuf', 'type': 'struct stat*', 'value': '0x7FFFB85BF540'}]",0,0
17238.1321,191,1,0,systemd-udevd,ubuntu,4,stat,2,-2,"[{'name': 'pathname', 'type': 'const char*', 'value': '/etc/udev/hwdb.bin'}, {'name': 'statbuf', 'type': 'struct stat*', 'value': '0x7FFFB85BF540'}]",0,0
17238.132136,191,1,0,systemd-udevd,ubuntu,4,stat,2,-2,"[{'name': 'pathname', 'type': 'const char*', 'value': '/usr/lib/systemd/hwdb/hwdb.bin'}, {'name': 'statbuf', 'type': 'struct stat*', 'value': '0x7FFFB85BF540'}]",0,0
17238.132171,191,1,0,systemd-udevd,ubuntu,4,stat,2,-2,"[{'name': 'pathname', 'type': 'const char*', 'value': '/lib/systemd/hwdb/hwdb.bin'}, {'name': 'statbuf', 'type': 'struct stat*', 'value': '0x7FFFB85BF540'}]",0,0
17238.132207,191,1,0,systemd-udevd,ubuntu,4,stat,2,0,"[{'name': 'pathname', 'type': 'const char*', 'value': '/lib/udev/hwdb.bin'}, {'name': 'statbuf', 'type': 'struct stat*', 'value': '0x7FFFB85BF540'}]",0,0
17238.132244,191,1,0,systemd-udevd,ubuntu,4,stat,2,0,"[{'name': 'pathname', 'type': 'const char*', 'value': '/etc/modprobe.d'}, {'name': 'statbuf', 'type': 'struct stat*', 'value': '0x7FFFB85BE4F0'}]",0,0
17238.132281,191,1,0,systemd-udevd,ubuntu,4,stat,2,0,"[{'name': 'pathname', 'type': 'const char*', 'value': '/lib/modprobe.d'}, {'name': 'statbuf', 'type': 'struct stat*', 'value': '0x7FFFB85BE4F0'}]",0,0
17238.13232,191,1,0,systemd-udevd,ubuntu,4,stat,2,0,"[{'name': 'pathname', 'type': 'const char*', 'value': '/lib/modules/5.4.0-1048-aws/modules.dep.bin'}, {'name': 'statbuf', 'type': 'struct stat*', 'value': '0x7FFFB85BE4E0'}]",0,0
17238.132358,191,1,0,systemd-udevd,ubuntu,4,stat,2,0,"[{'name': 'pathname', 'type': 'const char*', 'value': '/lib/modules/5.4.0-1048-aws/modules.alias.bin'}, {'name': 'statbuf', 'type': 'struct stat*', 'value': '0x7FFFB85BE4E0'}]",0,0
17238.132395,191,1,0,systemd-udevd,ubuntu,4,stat,2,0,"[{'name': 'pathname', 'type': 'const char*', 'value': '/lib/modules/5.4.0-1048-aws/modules.symbols.bin'}, {'name': 'statbuf', 'type': 'struct stat*', 'value': '0x7FFFB85BE4E0'}]",0,0
17238.132432,191,1,0,systemd-udevd,ubuntu,4,stat,2,0,"[{'name': 'pathname', 'type': 'const char*', 'value': '/lib/modules/5.4.0-1048-aws/modules.builtin.alias.bin'}, {'name': 'statbuf', 'type': 'struct stat*', 'value': '0x7FFFB85BE4E0'}]",0,0
17238.132469,191,1,0,systemd-udevd,ubuntu,4,stat,2,0,"[{'name': 'pathname', 'type': 'const char*', 'value': '/lib/modules/5.4.0-1048-aws/modules.builtin.bin'}, {'name': 'statbuf', 'type': 'struct stat*', 'value': '0x7FFFB85BE4E0'}]",0,0
17238.132506,191,1,0,systemd-udevd,ubuntu,4,stat,2,0,"[{'name': 'pathname', 'type': 'const char*', 'value': '/etc/systemd/network'}, {'name': 'statbuf', 'type': 'struct stat*', 'value': '0x7FFFB85BF4D0'}]",0,0
17238.132541,191,1,0,systemd-udevd,ubuntu,4,stat,2,0,"[{'name': 'pathname', 'type': 'const char*', 'value': '/run/systemd/network'}, {'name': 'statbuf', 'type': 'struct stat*', 'value': '0x7FFFB85BF4D0'}]",0,0
17238.132576,191,1,0,systemd-udevd,ubuntu,4,stat,2,-2,"[{'name': 'pathname', 'type': 'const char*', 'value': '/usr/local/lib/systemd/network'}, {'name': 'statbuf', 'type': 'struct stat*', 'value': '0x7FFFB85BF4D0'}]",0,0
17238.132611,191,1,0,systemd-udevd,ubuntu,4,stat,2,0,"[{'name': 'pathname', 'type': 'const char*', 'value': '/usr/lib/systemd/network'}, {'name': 'statbuf', 'type': 'struct stat*', 'value': '0x7FFFB85BF4D0'}]",0,0
17238.132645,191,1,0,systemd-udevd,ubuntu,4,stat,2,0,"[{'name': 'pathname', 'type': 'const char*', 'value': '/lib/systemd/network'}, {'name': 'statbuf', 'type': 'struct stat*', 'value': '0x7FFFB85BF4D0'}]",0,0
17238.132688,191,1,0,systemd-udevd,ubuntu,41,socket,3,14,"[{'name': 'domain', 'type': 'int', 'value': 'AF_NETLINK'}, {'name': 'type', 'type': 'int', 'value': 'SOCK_RAW|SOCK_NONBLOCK|SOCK_CLOEXEC'}, {'name': 'protocol', 'type': 'int', 'value': 15}]",0,0
17238.132735,191,1,0,systemd-udevd,ubuntu,49,bind,3,0,"[{'name': 'sockfd', 'type': 'int', 'value': 14}, {'name': 'addr', 'type': 'const void*', 'value': ""{'sa_family': 'AF_NETLINK'}""}, {'name': 'addrlen', 'type': 'int*', 'value': 12}]",0,0
17238.132772,191,1,0,systemd-udevd,ubuntu,51,getsockname,3,0,"[{'name': 'sockfd', 'type': 'int', 'value': 14}, {'name': 'addr', 'type': 'const void*', 'value': ""{'sa_family': 'AF_NETLINK'}""}, {'name': 'addrlen', 'type': 'int*', 'value': '0x7FFFB85BF53C'}]",0,0
17238.13308,191,1,0,systemd-udevd,ubuntu,56,clone,5,8564,"[{'name': 'flags', 'type': 'unsigned int', 'value': 'CLONE_CHILD_CLEARTID|CLONE_CHILD_SETTID'}, {'name': 'stack', 'type': 'void*', 'value': '0x0'}, {'name': 'parent_tid', 'type': 'int*', 'value': '0x0'}, {'name': 'child_tid', 'type': 'int*', 'value': '0x7FAC369210BF'}, {'name': 'tls', 'type': 'unsigned long', 'value': 0}]",0,0
17238.133138,191,1,0,systemd-udevd,ubuntu,3,close,1,0,"[{'name': 'fd', 'type': 'int', 'value': 14}]",0,0
17238.133326,8564,191,0,systemd-udevd,ubuntu,157,prctl,5,0,"[{'name': 'option', 'type': 'int', 'value': 'PR_SET_PDEATHSIG'}, {'name': 'arg2', 'type': 'unsigned long', 'value': 15}, {'name': 'arg3', 'type': 'unsigned long', 'value': 1}, {'name': 'arg4', 'type': 'unsigned long', 'value': 140377626893982}, {'name': 'arg5', 'type': 'unsigned long', 'value': 0}]",0,0
17238.133448,8564,191,0,systemd-udevd,ubuntu,1005,security_file_open,4,0,"[{'name': 'pathname', 'type': 'const char*', 'value': '/proc/8564/oom_score_adj'}, {'name': 'flags', 'type': 'int', 'value': 'O_WRONLY|O_NOCTTY|O_LARGEFILE'}, {'name': 'dev', 'type': 'dev_t', 'value': 5}, {'name': 'inode', 'type': 'unsigned long', 'value': 122040}]",0,0
17238.133583,8564,191,0,systemd-udevd,ubuntu,257,openat,4,15,"[{'name': 'dirfd', 'type': 'int', 'value': -100}, {'name': 'pathname', 'type': 'const char*', 'value': '/proc/self/oom_score_adj'}, {'name': 'flags', 'type': 'int', 'value': 'O_WRONLY|O_NOCTTY|O_CLOEXEC'}, {'name': 'mode', 'type': 'mode_t', 'value': 915717803}]",0,0
17238.133693,8564,191,0,systemd-udevd,ubuntu,3,close,1,0,"[{'name': 'fd', 'type': 'int', 'value': 15}]",0,0
17238.133812,8564,191,0,systemd-udevd,ubuntu,3,close,1,0,"[{'name': 'fd', 'type': 'int', 'value': 4}]",0,0
17238.133854,8564,191,0,systemd-udevd,ubuntu,3,close,1,0,"[{'name': 'fd', 'type': 'int', 'value': 3}]",0,0
17238.133889,8564,191,0,systemd-udevd,ubuntu,3,close,1,0,"[{'name': 'fd', 'type': 'int', 'value': 6}]",0,0
17238.134037,8564,191,0,systemd-udevd,ubuntu,257,openat,4,-2,"[{'name': 'dirfd', 'type': 'int', 'value': -100}, {'name': 'pathname', 'type': 'const char*', 'value': '/sys/kernel/slab/kmalloc-2k/cgroup/kmalloc-2k(1705:sensor.service)/uevent'}, {'name': 'flags', 'type': 'int', 'value': 'O_RDONLY|O_CLOEXEC'}, {'name': 'mode', 'type': 'mode_t', 'value': 915717803}]",0,0
17238.134099,8564,191,0,systemd-udevd,ubuntu,257,openat,4,-2,"[{'name': 'dirfd', 'type': 'int', 'value': -100}, {'name': 'pathname', 'type': 'const char*', 'value': '/sys/kernel/slab/kmalloc-2k/cgroup/kmalloc-2k(1705:sensor.service)/uevent'}, {'name': 'flags', 'type': 'int', 'value': 'O_RDONLY|O_CLOEXEC'}, {'name': 'mode', 'type': 'mode_t', 'value': 915717803}]",0,0
17238.134153,8564,191,0,systemd-udevd,ubuntu,257,openat,4,-2,"[{'name': 'dirfd', 'type': 'int', 'value': -100}, {'name': 'pathname', 'type': 'const char*', 'value': '/run/udev/data/+cgroup:kmalloc-2k(1705:sensor.service)'}, {'name': 'flags', 'type': 'int', 'value': 'O_RDONLY|O_CLOEXEC'}, {'name': 'mode', 'type': 'mode_t', 'value': 915717803}]",0,0
17238.134241,8564,191,0,systemd-udevd,ubuntu,21,access,2,-2,"[{'name': 'pathname', 'type': 'const char*', 'value': '/sys/subsystem/dmi/devices/id'}, {'name': 'mode', 'type': 'mode_t', 'value': 'F_OK'}]",0,0
17238.134289,8564,191,0,systemd-udevd,ubuntu,21,access,2,-2,"[{'name': 'pathname', 'type': 'const char*', 'value': '/sys/bus/dmi/devices/id'}, {'name': 'mode', 'type': 'mode_t', 'value': 'F_OK'}]",0,0
17238.134363,8564,191,0,systemd-udevd,ubuntu,21,access,2,0,"[{'name': 'pathname', 'type': 'const char*', 'value': '/sys/class/dmi/id'}, {'name': 'mode', 'type': 'mode_t', 'value': 'F_OK'}]",0,0
17238.1345,8564,191,0,systemd-udevd,ubuntu,257,openat,4,6,"[{'name': 'dirfd', 'type': 'int', 'value': -100}, {'name': 'pathname', 'type': 'const char*', 'value': '/'}, {'name': 'flags', 'type': 'int', 'value': 'O_RDONLY|O_DIRECTORY|O_CLOEXEC|O_PATH'}, {'name': 'mode', 'type': 'mode_t', 'value': 915717803}]",0,0
17238.134549,8564,191,0,systemd-udevd,ubuntu,257,openat,4,15,"[{'name': 'dirfd', 'type': 'int', 'value': 6}, {'name': 'pathname', 'type': 'const char*', 'value': 'sys'}, {'name': 'flags', 'type': 'int', 'value': 'O_RDONLY|O_NOFOLLOW|O_CLOEXEC|O_PATH'}, {'name': 'mode', 'type': 'mode_t', 'value': 915718182}]",0,0
17238.134587,8564,191,0,systemd-udevd,ubuntu,5,fstat,2,0,"[{'name': 'fd', 'type': 'int', 'value': 15}, {'name': 'statbuf', 'type': 'struct stat*', 'value': '0x7FFFB85B9800'}]",0,0
17238.134622,8564,191,0,systemd-udevd,ubuntu,3,close,1,0,"[{'name': 'fd', 'type': 'int', 'value': 6}]",0,0
17238.134661,8564,191,0,systemd-udevd,ubuntu,257,openat,4,6,"[{'name': 'dirfd', 'type': 'int', 'value': 15}, {'name': 'pathname', 'type': 'const char*', 'value': 'class'}, {'name': 'flags', 'type': 'int', 'value': 'O_RDONLY|O_NOFOLLOW|O_CLOEXEC|O_PATH'}, {'name': 'mode', 'type': 'mode_t', 'value': 915718182}]",0,0
17238.134698,8564,191,0,systemd-udevd,ubuntu,5,fstat,2,0,"[{'name': 'fd', 'type': 'int', 'value': 6}, {'name': 'statbuf', 'type': 'struct stat*', 'value': '0x7FFFB85B9800'}]",0,0
17238.134733,8564,191,0,systemd-udevd,ubuntu,3,close,1,0,"[{'name': 'fd', 'type': 'int', 'value': 15}]",0,0
17238.134775,8564,191,0,systemd-udevd,ubuntu,257,openat,4,15,"[{'name': 'dirfd', 'type': 'int', 'value': 6}, {'name': 'pathname', 'type': 'const char*', 'value': 'dmi'}, {'name': 'flags', 'type': 'int', 'value': 'O_RDONLY|O_NOFOLLOW|O_CLOEXEC|O_PATH'}, {'name': 'mode', 'type': 'mode_t', 'value': 915718182}]",0,0
17238.134811,8564,191,0,systemd-udevd,ubuntu,5,fstat,2,0,"[{'name': 'fd', 'type': 'int', 'value': 15}, {'name': 'statbuf', 'type': 'struct stat*', 'value': '0x7FFFB85B9800'}]",0,0
17238.134846,8564,191,0,systemd-udevd,ubuntu,3,close,1,0,"[{'name': 'fd', 'type': 'int', 'value': 6}]",0,0
17238.134884,8564,191,0,systemd-udevd,ubuntu,257,openat,4,6,"[{'name': 'dirfd', 'type': 'int', 'value': 15}, {'name': 'pathname', 'type': 'const char*', 'value': 'id'}, {'name': 'flags', 'type': 'int', 'value': 'O_RDONLY|O_NOFOLLOW|O_CLOEXEC|O_PATH'}, {'name': 'mode', 'type': 'mode_t', 'value': 915718182}]",0,0
17238.13492,8564,191,0,systemd-udevd,ubuntu,5,fstat,2,0,"[{'name': 'fd', 'type': 'int', 'value': 6}, {'name': 'statbuf', 'type': 'struct stat*', 'value': '0x7FFFB85B9800'}]",0,0
17238.13497,8564,191,0,systemd-udevd,ubuntu,3,close,1,0,"[{'name': 'fd', 'type': 'int', 'value': 6}]",0,0
17238.135012,8564,191,0,systemd-udevd,ubuntu,257,openat,4,6,"[{'name': 'dirfd', 'type': 'int', 'value': 15}, {'name': 'pathname', 'type': 'const char*', 'value': '..'}, {'name': 'flags', 'type': 'int', 'value': 'O_RDONLY|O_NOFOLLOW|O_CLOEXEC|O_PATH'}, {'name': 'mode', 'type': 'mode_t', 'value': 915718182}]",0,0
17238.135049,8564,191,0,systemd-udevd,ubuntu,3,close,1,0,"[{'name': 'fd', 'type': 'int', 'value': 15}]",0,0
17238.135088,8564,191,0,systemd-udevd,ubuntu,257,openat,4,15,"[{'name': 'dirfd', 'type': 'int', 'value': 6}, {'name': 'pathname', 'type': 'const char*', 'value': '..'}, {'name': 'flags', 'type': 'int', 'value': 'O_RDONLY|O_NOFOLLOW|O_CLOEXEC|O_PATH'}, {'name': 'mode', 'type': 'mode_t', 'value': 915718182}]",0,0
17238.135124,8564,191,0,systemd-udevd,ubuntu,3,close,1,0,"[{'name': 'fd', 'type': 'int', 'value': 6}]",0,0
17238.135167,8564,191,0,systemd-udevd,ubuntu,257,openat,4,6,"[{'name': 'dirfd', 'type': 'int', 'value': 15}, {'name': 'pathname', 'type': 'const char*', 'value': 'devices'}, {'name': 'flags', 'type': 'int', 'value': 'O_RDONLY|O_NOFOLLOW|O_CLOEXEC|O_PATH'}, {'name': 'mode', 'type': 'mode_t', 'value': 915718182}]",0,0
17238.135202,8564,191,0,systemd-udevd,ubuntu,5,fstat,2,0,"[{'name': 'fd', 'type': 'int', 'value': 6}, {'name': 'statbuf', 'type': 'struct stat*', 'value': '0x7FFFB85B9800'}]",0,0
17238.135236,8564,191,0,systemd-udevd,ubuntu,3,close,1,0,"[{'name': 'fd', 'type': 'int', 'value': 15}]",0,0
17238.135273,8564,191,0,systemd-udevd,ubuntu,257,openat,4,15,"[{'name': 'dirfd', 'type': 'int', 'value': 6}, {'name': 'pathname', 'type': 'const char*', 'value': 'virtual'}, {'name': 'flags', 'type': 'int', 'value': 'O_RDONLY|O_NOFOLLOW|O_CLOEXEC|O_PATH'}, {'name': 'mode', 'type': 'mode_t', 'value': 915718182}]",0,0
17238.135309,8564,191,0,systemd-udevd,ubuntu,5,fstat,2,0,"[{'name': 'fd', 'type': 'int', 'value': 15}, {'name': 'statbuf', 'type': 'struct stat*', 'value': '0x7FFFB85B9800'}]",0,0
17238.135343,8564,191,0,systemd-udevd,ubuntu,3,close,1,0,"[{'name': 'fd', 'type': 'int', 'value': 6}]",0,0
17238.135485,8564,191,0,systemd-udevd,ubuntu,257,openat,4,6,"[{'name': 'dirfd', 'type': 'int', 'value': 15}, {'name': 'pathname', 'type': 'const char*', 'value': 'dmi'}, {'name': 'flags', 'type': 'int', 'value': 'O_RDONLY|O_NOFOLLOW|O_CLOEXEC|O_PATH'}, {'name': 'mode', 'type': 'mode_t', 'value': 915718182}]",0,0
17238.135536,8564,191,0,systemd-udevd,ubuntu,5,fstat,2,0,"[{'name': 'fd', 'type': 'int', 'value': 6}, {'name': 'statbuf', 'type': 'struct stat*', 'value': '0x7FFFB85B9800'}]",0,0
17238.135573,8564,191,0,systemd-udevd,ubuntu,3,close,1,0,"[{'name': 'fd', 'type': 'int', 'value': 15}]",0,0
17238.135611,8564,191,0,systemd-udevd,ubuntu,257,openat,4,15,"[{'name': 'dirfd', 'type': 'int', 'value': 6}, {'name': 'pathname', 'type': 'const char*', 'value': 'id'}, {'name': 'flags', 'type': 'int', 'value': 'O_RDONLY|O_NOFOLLOW|O_CLOEXEC|O_PATH'}, {'name': 'mode', 'type': 'mode_t', 'value': 915718182}]",0,0
17238.135894,8564,191,0,systemd-udevd,ubuntu,5,fstat,2,0,"[{'name': 'fd', 'type': 'int', 'value': 15}, {'name': 'statbuf', 'type': 'struct stat*', 'value': '0x7FFFB85B9800'}]",0,0
17238.135941,8564,191,0,systemd-udevd,ubuntu,3,close,1,0,"[{'name': 'fd', 'type': 'int', 'value': 6}]",0,0
17238.135979,8564,191,0,systemd-udevd,ubuntu,3,close,1,0,"[{'name': 'fd', 'type': 'int', 'value': 15}]",0,0
17238.136024,8564,191,0,systemd-udevd,ubuntu,21,access,2,0,"[{'name': 'pathname', 'type': 'const char*', 'value': '/sys/devices/virtual/dmi/id/uevent'}, {'name': 'mode', 'type': 'mode_t', 'value': 'F_OK'}]",0,0
17238.136071,8564,191,0,systemd-udevd,ubuntu,6,lstat,2,0,"[{'name': 'pathname', 'type': 'const char*', 'value': '/sys/devices/virtual/dmi/id/sys_vendor'}, {'name': 'statbuf', 'type': 'struct stat*', 'value': '0x7FFFB85BA910'}]",0,0
17238.136113,8564,191,0,systemd-udevd,ubuntu,1005,security_file_open,4,0,"[{'name': 'pathname', 'type': 'const char*', 'value': '/sys/devices/virtual/dmi/id/sys_vendor'}, {'name': 'flags', 'type': 'int', 'value': 'O_RDONLY|O_LARGEFILE'}, {'name': 'dev', 'type': 'dev_t', 'value': 22}, {'name': 'inode', 'type': 'unsigned long', 'value': 713}]",0,0
17238.136179,8564,191,0,systemd-udevd,ubuntu,257,openat,4,6,"[{'name': 'dirfd', 'type': 'int', 'value': -100}, {'name': 'pathname', 'type': 'const char*', 'value': '/sys/devices/virtual/dmi/id/sys_vendor'}, {'name': 'flags', 'type': 'int', 'value': 'O_RDONLY|O_CLOEXEC'}, {'name': 'mode', 'type': 'mode_t', 'value': 915717803}]",0,0
17238.136219,8564,191,0,systemd-udevd,ubuntu,5,fstat,2,0,"[{'name': 'fd', 'type': 'int', 'value': 6}, {'name': 'statbuf', 'type': 'struct stat*', 'value': '0x7FFFB85BA9A0'}]",0,0
17238.136267,8564,191,0,systemd-udevd,ubuntu,3,close,1,0,"[{'name': 'fd', 'type': 'int', 'value': 6}]",0,0
17238.136316,8564,191,0,systemd-udevd,ubuntu,21,access,2,-2,"[{'name': 'pathname', 'type': 'const char*', 'value': '/sys/subsystem/dmi/devices/id'}, {'name': 'mode', 'type': 'mode_t', 'value': 'F_OK'}]",0,0
17238.13636,8564,191,0,systemd-udevd,ubuntu,21,access,2,-2,"[{'name': 'pathname', 'type': 'const char*', 'value': '/sys/bus/dmi/devices/id'}, {'name': 'mode', 'type': 'mode_t', 'value': 'F_OK'}]",0,0
17238.136401,8564,191,0,systemd-udevd,ubuntu,21,access,2,0,"[{'name': 'pathname', 'type': 'const char*', 'value': '/sys/class/dmi/id'}, {'name': 'mode', 'type': 'mode_t', 'value': 'F_OK'}]",0,0
17238.136442,8564,191,0,systemd-udevd,ubuntu,257,openat,4,6,"[{'name': 'dirfd', 'type': 'int', 'value': -100}, {'name': 'pathname', 'type': 'const char*', 'value': '/'}, {'name': 'flags', 'type': 'int', 'value': 'O_RDONLY|O_DIRECTORY|O_CLOEXEC|O_PATH'}, {'name': 'mode', 'type': 'mode_t', 'value': 915717803}]",0,0
17238.136481,8564,191,0,systemd-udevd,ubuntu,257,openat,4,15,"[{'name': 'dirfd', 'type': 'int', 'value': 6}, {'name': 'pathname', 'type': 'const char*', 'value': 'sys'}, {'name': 'flags', 'type': 'int', 'value': 'O_RDONLY|O_NOFOLLOW|O_CLOEXEC|O_PATH'}, {'name': 'mode', 'type': 'mode_t', 'value': 915718182}]",0,0
17238.136517,8564,191,0,systemd-udevd,ubuntu,5,fstat,2,0,"[{'name': 'fd', 'type': 'int', 'value': 15}, {'name': 'statbuf', 'type': 'struct stat*', 'value': '0x7FFFB85B9800'}]",0,0
17238.136552,8564,191,0,systemd-udevd,ubuntu,3,close,1,0,"[{'name': 'fd', 'type': 'int', 'value': 6}]",0,0
17238.13659,8564,191,0,systemd-udevd,ubuntu,257,openat,4,6,"[{'name': 'dirfd', 'type': 'int', 'value': 15}, {'name': 'pathname', 'type': 'const char*', 'value': 'class'}, {'name': 'flags', 'type': 'int', 'value': 'O_RDONLY|O_NOFOLLOW|O_CLOEXEC|O_PATH'}, {'name': 'mode', 'type': 'mode_t', 'value': 915718182}]",0,0
17238.136626,8564,191,0,systemd-udevd,ubuntu,5,fstat,2,0,"[{'name': 'fd', 'type': 'int', 'value': 6}, {'name': 'statbuf', 'type': 'struct stat*', 'value': '0x7FFFB85B9800'}]",0,0
17238.136661,8564,191,0,systemd-udevd,ubuntu,3,close,1,0,"[{'name': 'fd', 'type': 'int', 'value': 15}]",0,0
17238.136698,8564,191,0,systemd-udevd,ubuntu,257,openat,4,15,"[{'name': 'dirfd', 'type': 'int', 'value': 6}, {'name': 'pathname', 'type': 'const char*', 'value': 'dmi'}, {'name': 'flags', 'type': 'int', 'value': 'O_RDONLY|O_NOFOLLOW|O_CLOEXEC|O_PATH'}, {'name': 'mode', 'type': 'mode_t', 'value': 915718182}]",0,0
17238.136734,8564,191,0,systemd-udevd,ubuntu,5,fstat,2,0,"[{'name': 'fd', 'type': 'int', 'value': 15}, {'name': 'statbuf', 'type': 'struct stat*', 'value': '0x7FFFB85B9800'}]",0,0
17238.136816,8564,191,0,systemd-udevd,ubuntu,3,close,1,0,"[{'name': 'fd', 'type': 'int', 'value': 6}]",0,0
17238.13686,8564,191,0,systemd-udevd,ubuntu,257,openat,4,6,"[{'name': 'dirfd', 'type': 'int', 'value': 15}, {'name': 'pathname', 'type': 'const char*', 'value': 'id'}, {'name': 'flags', 'type': 'int', 'value': 'O_RDONLY|O_NOFOLLOW|O_CLOEXEC|O_PATH'}, {'name': 'mode', 'type': 'mode_t', 'value': 915718182}]",0,0
17238.136898,8564,191,0,systemd-udevd,ubuntu,5,fstat,2,0,"[{'name': 'fd', 'type': 'int', 'value': 6}, {'name': 'statbuf', 'type': 'struct stat*', 'value': '0x7FFFB85B9800'}]",0,0
17238.136943,8564,191,0,systemd-udevd,ubuntu,3,close,1,0,"[{'name': 'fd', 'type': 'int', 'value': 6}]",0,0
17238.136983,8564,191,0,systemd-udevd,ubuntu,257,openat,4,6,"[{'name': 'dirfd', 'type': 'int', 'value': 15}, {'name': 'pathname', 'type': 'const char*', 'value': '..'}, {'name': 'flags', 'type': 'int', 'value': 'O_RDONLY|O_NOFOLLOW|O_CLOEXEC|O_PATH'}, {'name': 'mode', 'type': 'mode_t', 'value': 915718182}]",0,0
17238.137019,8564,191,0,systemd-udevd,ubuntu,3,close,1,0,"[{'name': 'fd', 'type': 'int', 'value': 15}]",0,0
17238.137057,8564,191,0,systemd-udevd,ubuntu,257,openat,4,15,"[{'name': 'dirfd', 'type': 'int', 'value': 6}, {'name': 'pathname', 'type': 'const char*', 'value': '..'}, {'name': 'flags', 'type': 'int', 'value': 'O_RDONLY|O_NOFOLLOW|O_CLOEXEC|O_PATH'}, {'name': 'mode', 'type': 'mode_t', 'value': 915718182}]",0,0
17238.137093,8564,191,0,systemd-udevd,ubuntu,3,close,1,0,"[{'name': 'fd', 'type': 'int', 'value': 6}]",0,0
17238.13713,8564,191,0,systemd-udevd,ubuntu,257,openat,4,6,"[{'name': 'dirfd', 'type': 'int', 'value': 15}, {'name': 'pathname', 'type': 'const char*', 'value': 'devices'}, {'name': 'flags', 'type': 'int', 'value': 'O_RDONLY|O_NOFOLLOW|O_CLOEXEC|O_PATH'}, {'name': 'mode', 'type': 'mode_t', 'value': 915718182}]",0,0
17238.137166,8564,191,0,systemd-udevd,ubuntu,5,fstat,2,0,"[{'name': 'fd', 'type': 'int', 'value': 6}, {'name': 'statbuf', 'type': 'struct stat*', 'value': '0x7FFFB85B9800'}]",0,0
17238.137201,8564,191,0,systemd-udevd,ubuntu,3,close,1,0,"[{'name': 'fd', 'type': 'int', 'value': 15}]",0,0
17238.137238,8564,191,0,systemd-udevd,ubuntu,257,openat,4,15,"[{'name': 'dirfd', 'type': 'int', 'value': 6}, {'name': 'pathname', 'type': 'const char*', 'value': 'virtual'}, {'name': 'flags', 'type': 'int', 'value': 'O_RDONLY|O_NOFOLLOW|O_CLOEXEC|O_PATH'}, {'name': 'mode', 'type': 'mode_t', 'value': 915718182}]",0,0
17238.137274,8564,191,0,systemd-udevd,ubuntu,5,fstat,2,0,"[{'name': 'fd', 'type': 'int', 'value': 15}, {'name': 'statbuf', 'type': 'struct stat*', 'value': '0x7FFFB85B9800'}]",0,0
17238.137308,8564,191,0,systemd-udevd,ubuntu,3,close,1,0,"[{'name': 'fd', 'type': 'int', 'value': 6}]",0,0
17238.137345,8564,191,0,systemd-udevd,ubuntu,257,openat,4,6,"[{'name': 'dirfd', 'type': 'int', 'value': 15}, {'name': 'pathname', 'type': 'const char*', 'value': 'dmi'}, {'name': 'flags', 'type': 'int', 'value': 'O_RDONLY|O_NOFOLLOW|O_CLOEXEC|O_PATH'}, {'name': 'mode', 'type': 'mode_t', 'value': 915718182}]",0,0
17238.137382,8564,191,0,systemd-udevd,ubuntu,5,fstat,2,0,"[{'name': 'fd', 'type': 'int', 'value': 6}, {'name': 'statbuf', 'type': 'struct stat*', 'value': '0x7FFFB85B9800'}]",0,0
17238.137417,8564,191,0,systemd-udevd,ubuntu,3,close,1,0,"[{'name': 'fd', 'type': 'int', 'value': 15}]",0,0
17238.137455,8564,191,0,systemd-udevd,ubuntu,257,openat,4,15,"[{'name': 'dirfd', 'type': 'int', 'value': 6}, {'name': 'pathname', 'type': 'const char*', 'value': 'id'}, {'name': 'flags', 'type': 'int', 'value': 'O_RDONLY|O_NOFOLLOW|O_CLOEXEC|O_PATH'}, {'name': 'mode', 'type': 'mode_t', 'value': 915718182}]",0,0
17238.137491,8564,191,0,systemd-udevd,ubuntu,5,fstat,2,0,"[{'name': 'fd', 'type': 'int', 'value': 15}, {'name': 'statbuf', 'type': 'struct stat*', 'value': '0x7FFFB85B9800'}]",0,0
17238.137526,8564,191,0,systemd-udevd,ubuntu,3,close,1,0,"[{'name': 'fd', 'type': 'int', 'value': 6}]",0,0
17238.137565,8564,191,0,systemd-udevd,ubuntu,3,close,1,0,"[{'name': 'fd', 'type': 'int', 'value': 15}]",0,0
17238.137605,8564,191,0,systemd-udevd,ubuntu,21,access,2,0,"[{'name': 'pathname', 'type': 'const char*', 'value': '/sys/devices/virtual/dmi/id/uevent'}, {'name': 'mode', 'type': 'mode_t', 'value': 'F_OK'}]",0,0
17238.137647,8564,191,0,systemd-udevd,ubuntu,6,lstat,2,0,"[{'name': 'pathname', 'type': 'const char*', 'value': '/sys/devices/virtual/dmi/id/sys_vendor'}, {'name': 'statbuf', 'type': 'struct stat*', 'value': '0x7FFFB85BA910'}]",0,0
17238.137728,8564,191,0,systemd-udevd,ubuntu,257,openat,4,6,"[{'name': 'dirfd', 'type': 'int', 'value': -100}, {'name': 'pathname', 'type': 'const char*', 'value': '/sys/devices/virtual/dmi/id/sys_vendor'}, {'name': 'flags', 'type': 'int', 'value': 'O_RDONLY|O_CLOEXEC'}, {'name': 'mode', 'type': 'mode_t', 'value': 915717803}]",0,0
17238.137686,8564,191,0,systemd-udevd,ubuntu,1005,security_file_open,4,0,"[{'name': 'pathname', 'type': 'const char*', 'value': '/sys/devices/virtual/dmi/id/sys_vendor'}, {'name': 'flags', 'type': 'int', 'value': 'O_RDONLY|O_LARGEFILE'}, {'name': 'dev', 'type': 'dev_t', 'value': 22}, {'name': 'inode', 'type': 'unsigned long', 'value': 713}]",0,0
17238.137903,8564,191,0,systemd-udevd,ubuntu,5,fstat,2,0,"[{'name': 'fd', 'type': 'int', 'value': 6}, {'name': 'statbuf', 'type': 'struct stat*', 'value': '0x7FFFB85BA9A0'}]",0,0
17238.137967,8564,191,0,systemd-udevd,ubuntu,3,close,1,0,"[{'name': 'fd', 'type': 'int', 'value': 6}]",0,0
17238.138263,8564,191,0,systemd-udevd,ubuntu,257,openat,4,6,"[{'name': 'dirfd', 'type': 'int', 'value': -100}, {'name': 'pathname', 'type': 'const char*', 'value': '/'}, {'name': 'flags', 'type': 'int', 'value': 'O_RDONLY|O_DIRECTORY|O_CLOEXEC|O_PATH'}, {'name': 'mode', 'type': 'mode_t', 'value': 915717803}]",0,0
17238.138572,8564,191,0,systemd-udevd,ubuntu,257,openat,4,15,"[{'name': 'dirfd', 'type': 'int', 'value': 6}, {'name': 'pathname', 'type': 'const char*', 'value': 'sys'}, {'name': 'flags', 'type': 'int', 'value': 'O_RDONLY|O_NOFOLLOW|O_CLOEXEC|O_PATH'}, {'name': 'mode', 'type': 'mode_t', 'value': 915718182}]",0,0
17238.138629,8564,191,0,systemd-udevd,ubuntu,5,fstat,2,0,"[{'name': 'fd', 'type': 'int', 'value': 15}, {'name': 'statbuf', 'type': 'struct stat*', 'value': '0x7FFFB85BF1D0'}]",0,0
17238.138744,8564,191,0,systemd-udevd,ubuntu,3,close,1,0,"[{'name': 'fd', 'type': 'int', 'value': 6}]",0,0
17238.138821,8564,191,0,systemd-udevd,ubuntu,257,openat,4,6,"[{'name': 'dirfd', 'type': 'int', 'value': 15}, {'name': 'pathname', 'type': 'const char*', 'value': 'kernel'}, {'name': 'flags', 'type': 'int', 'value': 'O_RDONLY|O_NOFOLLOW|O_CLOEXEC|O_PATH'}, {'name': 'mode', 'type': 'mode_t', 'value': 915718182}]",0,0
17238.148876,8564,191,0,systemd-udevd,ubuntu,5,fstat,2,0,"[{'name': 'fd', 'type': 'int', 'value': 6}, {'name': 'statbuf', 'type': 'struct stat*', 'value': '0x7FFFB85BF1D0'}]",0,0
17238.148904,8564,191,0,systemd-udevd,ubuntu,3,close,1,0,"[{'name': 'fd', 'type': 'int', 'value': 15}]",0,0
17238.148935,8564,191,0,systemd-udevd,ubuntu,257,openat,4,15,"[{'name': 'dirfd', 'type': 'int', 'value': 6}, {'name': 'pathname', 'type': 'const char*', 'value': 'slab'}, {'name': 'flags', 'type': 'int', 'value': 'O_RDONLY|O_NOFOLLOW|O_CLOEXEC|O_PATH'}, {'name': 'mode', 'type': 'mode_t', 'value': 915718182}]",0,0
17238.14896,8564,191,0,systemd-udevd,ubuntu,5,fstat,2,0,"[{'name': 'fd', 'type': 'int', 'value': 15}, {'name': 'statbuf', 'type': 'struct stat*', 'value': '0x7FFFB85BF1D0'}]",0,0
17238.148983,8564,191,0,systemd-udevd,ubuntu,3,close,1,0,"[{'name': 'fd', 'type': 'int', 'value': 6}]",0,0
17238.149009,8564,191,0,systemd-udevd,ubuntu,257,openat,4,6,"[{'name': 'dirfd', 'type': 'int', 'value': 15}, {'name': 'pathname', 'type': 'const char*', 'value': 'kmalloc-2k'}, {'name': 'flags', 'type': 'int', 'value': 'O_RDONLY|O_NOFOLLOW|O_CLOEXEC|O_PATH'}, {'name': 'mode', 'type': 'mode_t', 'value': 915718182}]",0,0
17238.149032,8564,191,0,systemd-udevd,ubuntu,5,fstat,2,0,"[{'name': 'fd', 'type': 'int', 'value': 6}, {'name': 'statbuf', 'type': 'struct stat*', 'value': '0x7FFFB85BF1D0'}]",0,0
17238.149055,8564,191,0,systemd-udevd,ubuntu,3,close,1,0,"[{'name': 'fd', 'type': 'int', 'value': 15}]",0,0
17238.14908,8564,191,0,systemd-udevd,ubuntu,257,openat,4,15,"[{'name': 'dirfd', 'type': 'int', 'value': 6}, {'name': 'pathname', 'type': 'const char*', 'value': 'cgroup'}, {'name': 'flags', 'type': 'int', 'value': 'O_RDONLY|O_NOFOLLOW|O_CLOEXEC|O_PATH'}, {'name': 'mode', 'type': 'mode_t', 'value': 915718182}]",0,0
17238.149126,8564,191,0,systemd-udevd,ubuntu,3,close,1,0,"[{'name': 'fd', 'type': 'int', 'value': 6}]",0,0
17238.149103,8564,191,0,systemd-udevd,ubuntu,5,fstat,2,0,"[{'name': 'fd', 'type': 'int', 'value': 15}, {'name': 'statbuf', 'type': 'struct stat*', 'value': '0x7FFFB85BF1D0'}]",0,0
17238.149149,8564,191,0,systemd-udevd,ubuntu,3,close,1,0,"[{'name': 'fd', 'type': 'int', 'value': 15}]",0,0
17238.149177,8564,191,0,systemd-udevd,ubuntu,6,lstat,2,0,"[{'name': 'pathname', 'type': 'const char*', 'value': '/sys/kernel/slab/kmalloc-2k/cgroup'}, {'name': 'statbuf', 'type': 'struct stat*', 'value': '0x7FFFB85BF200'}]",0,0
17238.149221,8564,191,0,systemd-udevd,ubuntu,257,openat,4,6,"[{'name': 'dirfd', 'type': 'int', 'value': -100}, {'name': 'pathname', 'type': 'const char*', 'value': '/'}, {'name': 'flags', 'type': 'int', 'value': 'O_RDONLY|O_DIRECTORY|O_CLOEXEC|O_PATH'}, {'name': 'mode', 'type': 'mode_t', 'value': 915717803}]",0,0
17238.149247,8564,191,0,systemd-udevd,ubuntu,257,openat,4,15,"[{'name': 'dirfd', 'type': 'int', 'value': 6}, {'name': 'pathname', 'type': 'const char*', 'value': 'sys'}, {'name': 'flags', 'type': 'int', 'value': 'O_RDONLY|O_NOFOLLOW|O_CLOEXEC|O_PATH'}, {'name': 'mode', 'type': 'mode_t', 'value': 915718182}]",0,0
17238.149271,8564,191,0,systemd-udevd,ubuntu,5,fstat,2,0,"[{'name': 'fd', 'type': 'int', 'value': 15}, {'name': 'statbuf', 'type': 'struct stat*', 'value': '0x7FFFB85BF1D0'}]",0,0
17238.149294,8564,191,0,systemd-udevd,ubuntu,3,close,1,0,"[{'name': 'fd', 'type': 'int', 'value': 6}]",0,0
17238.149319,8564,191,0,systemd-udevd,ubuntu,257,openat,4,6,"[{'name': 'dirfd', 'type': 'int', 'value': 15}, {'name': 'pathname', 'type': 'const char*', 'value': 'kernel'}, {'name': 'flags', 'type': 'int', 'value': 'O_RDONLY|O_NOFOLLOW|O_CLOEXEC|O_PATH'}, {'name': 'mode', 'type': 'mode_t', 'value': 915718182}]",0,0
17238.149342,8564,191,0,systemd-udevd,ubuntu,5,fstat,2,0,"[{'name': 'fd', 'type': 'int', 'value': 6}, {'name': 'statbuf', 'type': 'struct stat*', 'value': '0x7FFFB85BF1D0'}]",0,0
17238.149364,8564,191,0,systemd-udevd,ubuntu,3,close,1,0,"[{'name': 'fd', 'type': 'int', 'value': 15}]",0,0
17238.14939,8564,191,0,systemd-udevd,ubuntu,257,openat,4,15,"[{'name': 'dirfd', 'type': 'int', 'value': 6}, {'name': 'pathname', 'type': 'const char*', 'value': 'slab'}, {'name': 'flags', 'type': 'int', 'value': 'O_RDONLY|O_NOFOLLOW|O_CLOEXEC|O_PATH'}, {'name': 'mode', 'type': 'mode_t', 'value': 915718182}]",0,0
17238.149413,8564,191,0,systemd-udevd,ubuntu,5,fstat,2,0,"[{'name': 'fd', 'type': 'int', 'value': 15}, {'name': 'statbuf', 'type': 'struct stat*', 'value': '0x7FFFB85BF1D0'}]",0,0
17238.149436,8564,191,0,systemd-udevd,ubuntu,3,close,1,0,"[{'name': 'fd', 'type': 'int', 'value': 6}]",0,0
17238.149461,8564,191,0,systemd-udevd,ubuntu,257,openat,4,6,"[{'name': 'dirfd', 'type': 'int', 'value': 15}, {'name': 'pathname', 'type': 'const char*', 'value': 'kmalloc-2k'}, {'name': 'flags', 'type': 'int', 'value': 'O_RDONLY|O_NOFOLLOW|O_CLOEXEC|O_PATH'}, {'name': 'mode', 'type': 'mode_t', 'value': 915718182}]",0,0
17238.149484,8564,191,0,systemd-udevd,ubuntu,5,fstat,2,0,"[{'name': 'fd', 'type': 'int', 'value': 6}, {'name': 'statbuf', 'type': 'struct stat*', 'value': '0x7FFFB85BF1D0'}]",0,0
17238.149507,8564,191,0,systemd-udevd,ubuntu,3,close,1,0,"[{'name': 'fd', 'type': 'int', 'value': 15}]",0,0
17238.14953,8564,191,0,systemd-udevd,ubuntu,3,close,1,0,"[{'name': 'fd', 'type': 'int', 'value': 6}]",0,0
17238.149556,8564,191,0,systemd-udevd,ubuntu,6,lstat,2,0,"[{'name': 'pathname', 'type': 'const char*', 'value': '/sys/kernel/slab/kmalloc-2k'}, {'name': 'statbuf', 'type': 'struct stat*', 'value': '0x7FFFB85BF200'}]",0,0
17238.14959,8564,191,0,systemd-udevd,ubuntu,257,openat,4,6,"[{'name': 'dirfd', 'type': 'int', 'value': -100}, {'name': 'pathname', 'type': 'const char*', 'value': '/'}, {'name': 'flags', 'type': 'int', 'value': 'O_RDONLY|O_DIRECTORY|O_CLOEXEC|O_PATH'}, {'name': 'mode', 'type': 'mode_t', 'value': 915717803}]",0,0
17238.149615,8564,191,0,systemd-udevd,ubuntu,257,openat,4,15,"[{'name': 'dirfd', 'type': 'int', 'value': 6}, {'name': 'pathname', 'type': 'const char*', 'value': 'sys'}, {'name': 'flags', 'type': 'int', 'value': 'O_RDONLY|O_NOFOLLOW|O_CLOEXEC|O_PATH'}, {'name': 'mode', 'type': 'mode_t', 'value': 915718182}]",0,0
17238.149638,8564,191,0,systemd-udevd,ubuntu,5,fstat,2,0,"[{'name': 'fd', 'type': 'int', 'value': 15}, {'name': 'statbuf', 'type': 'struct stat*', 'value': '0x7FFFB85BF1D0'}]",0,0
17238.149661,8564,191,0,systemd-udevd,ubuntu,3,close,1,0,"[{'name': 'fd', 'type': 'int', 'value': 6}]",0,0
17238.149686,8564,191,0,systemd-udevd,ubuntu,257,openat,4,6,"[{'name': 'dirfd', 'type': 'int', 'value': 15}, {'name': 'pathname', 'type': 'const char*', 'value': 'kernel'}, {'name': 'flags', 'type': 'int', 'value': 'O_RDONLY|O_NOFOLLOW|O_CLOEXEC|O_PATH'}, {'name': 'mode', 'type': 'mode_t', 'value': 915718182}]",0,0
17238.149709,8564,191,0,systemd-udevd,ubuntu,5,fstat,2,0,"[{'name': 'fd', 'type': 'int', 'value': 6}, {'name': 'statbuf', 'type': 'struct stat*', 'value': '0x7FFFB85BF1D0'}]",0,0
17238.149731,8564,191,0,systemd-udevd,ubuntu,3,close,1,0,"[{'name': 'fd', 'type': 'int', 'value': 15}]",0,0
17238.149757,8564,191,0,systemd-udevd,ubuntu,257,openat,4,15,"[{'name': 'dirfd', 'type': 'int', 'value': 6}, {'name': 'pathname', 'type': 'const char*', 'value': 'slab'}, {'name': 'flags', 'type': 'int', 'value': 'O_RDONLY|O_NOFOLLOW|O_CLOEXEC|O_PATH'}, {'name': 'mode', 'type': 'mode_t', 'value': 915718182}]",0,0
17238.14978,8564,191,0,systemd-udevd,ubuntu,5,fstat,2,0,"[{'name': 'fd', 'type': 'int', 'value': 15}, {'name': 'statbuf', 'type': 'struct stat*', 'value': '0x7FFFB85BF1D0'}]",0,0
17238.149803,8564,191,0,systemd-udevd,ubuntu,3,close,1,0,"[{'name': 'fd', 'type': 'int', 'value': 6}]",0,0
17238.149826,8564,191,0,systemd-udevd,ubuntu,3,close,1,0,"[{'name': 'fd', 'type': 'int', 'value': 15}]",0,0
17238.149852,8564,191,0,systemd-udevd,ubuntu,6,lstat,2,0,"[{'name': 'pathname', 'type': 'const char*', 'value': '/sys/kernel/slab'}, {'name': 'statbuf', 'type': 'struct stat*', 'value': '0x7FFFB85BF200'}]",0,0
17238.149902,8564,191,0,systemd-udevd,ubuntu,257,openat,4,6,"[{'name': 'dirfd', 'type': 'int', 'value': -100}, {'name': 'pathname', 'type': 'const char*', 'value': '/'}, {'name': 'flags', 'type': 'int', 'value': 'O_RDONLY|O_DIRECTORY|O_CLOEXEC|O_PATH'}, {'name': 'mode', 'type': 'mode_t', 'value': 915717803}]",0,0
17238.149928,8564,191,0,systemd-udevd,ubuntu,257,openat,4,15,"[{'name': 'dirfd', 'type': 'int', 'value': 6}, {'name': 'pathname', 'type': 'const char*', 'value': 'sys'}, {'name': 'flags', 'type': 'int', 'value': 'O_RDONLY|O_NOFOLLOW|O_CLOEXEC|O_PATH'}, {'name': 'mode', 'type': 'mode_t', 'value': 915718182}]",0,0
17238.149952,8564,191,0,systemd-udevd,ubuntu,5,fstat,2,0,"[{'name': 'fd', 'type': 'int', 'value': 15}, {'name': 'statbuf', 'type': 'struct stat*', 'value': '0x7FFFB85BF1D0'}]",0,0
17238.149975,8564,191,0,systemd-udevd,ubuntu,3,close,1,0,"[{'name': 'fd', 'type': 'int', 'value': 6}]",0,0
17238.150003,8564,191,0,systemd-udevd,ubuntu,257,openat,4,6,"[{'name': 'dirfd', 'type': 'int', 'value': 15}, {'name': 'pathname', 'type': 'const char*', 'value': 'kernel'}, {'name': 'flags', 'type': 'int', 'value': 'O_RDONLY|O_NOFOLLOW|O_CLOEXEC|O_PATH'}, {'name': 'mode', 'type': 'mode_t', 'value': 915718182}]",0,0
17238.150026,8564,191,0,systemd-udevd,ubuntu,5,fstat,2,0,"[{'name': 'fd', 'type': 'int', 'value': 6}, {'name': 'statbuf', 'type': 'struct stat*', 'value': '0x7FFFB85BF1D0'}]",0,0
17238.150048,8564,191,0,systemd-udevd,ubuntu,3,close,1,0,"[{'name': 'fd', 'type': 'int', 'value': 15}]",0,0
17238.150072,8564,191,0,systemd-udevd,ubuntu,3,close,1,0,"[{'name': 'fd', 'type': 'int', 'value': 6}]",0,0
17238.150097,8564,191,0,systemd-udevd,ubuntu,6,lstat,2,0,"[{'name': 'pathname', 'type': 'const char*', 'value': '/sys/kernel'}, {'name': 'statbuf', 'type': 'struct stat*', 'value': '0x7FFFB85BF200'}]",0,0
17238.150214,8564,191,0,systemd-udevd,ubuntu,257,openat,4,-2,"[{'name': 'dirfd', 'type': 'int', 'value': -100}, {'name': 'pathname', 'type': 'const char*', 'value': '/sys/kernel/slab/kmalloc-2k/cgroup/uevent'}, {'name': 'flags', 'type': 'int', 'value': 'O_RDONLY|O_CLOEXEC'}, {'name': 'mode', 'type': 'mode_t', 'value': 915717803}]",0,0
17238.160499,8564,191,0,systemd-udevd,ubuntu,87,unlink,1,-2,"[{'name': 'pathname', 'type': 'const char*', 'value': '/run/udev/data/+cgroup:kmalloc-2k(1705:sensor.service)'}]",0,0
17238.160542,8564,191,0,systemd-udevd,ubuntu,1003,cap_capable,1,0,"[{'name': 'cap', 'type': 'int', 'value': 'CAP_NET_ADMIN'}]",0,0
17238.162744,191,1,0,systemd-udevd,ubuntu,1006,security_inode_unlink,1,0,"[{'name': 'pathname', 'type': 'const char*', 'value': '/udev/queue'}]",0,0
17238.16279,191,1,0,systemd-udevd,ubuntu,87,unlink,1,0,"[{'name': 'pathname', 'type': 'const char*', 'value': '/run/udev/queue'}]",0,0
17238.315589,191,1,0,systemd-udevd,ubuntu,257,openat,4,-2,"[{'name': 'dirfd', 'type': 'int', 'value': -100}, {'name': 'pathname', 'type': 'const char*', 'value': '/run/udev/queue'}, {'name': 'flags', 'type': 'int', 'value': 'O_RDONLY|O_NOFOLLOW|O_CLOEXEC|O_PATH'}, {'name': 'mode', 'type': 'mode_t', 'value': 915717803}]",0,0
17238.315645,191,1,0,systemd-udevd,ubuntu,1005,security_file_open,4,0,"[{'name': 'pathname', 'type': 'const char*', 'value': '/run/udev/queue'}, {'name': 'flags', 'type': 'int', 'value': 'O_WRONLY|O_CREAT|O_EXCL|O_LARGEFILE'}, {'name': 'dev', 'type': 'dev_t', 'value': 25}, {'name': 'inode', 'type': 'unsigned long', 'value': 397}]",0,0
17238.315678,191,1,0,systemd-udevd,ubuntu,257,openat,4,14,"[{'name': 'dirfd', 'type': 'int', 'value': -100}, {'name': 'pathname', 'type': 'const char*', 'value': '/run/udev/queue'}, {'name': 'flags', 'type': 'int', 'value': 'O_WRONLY|O_CREAT|O_EXCL|O_CLOEXEC'}, {'name': 'mode', 'type': 'mode_t', 'value': 915717803}]",0,0
17238.315718,191,1,0,systemd-udevd,ubuntu,5,fstat,2,0,"[{'name': 'fd', 'type': 'int', 'value': 14}, {'name': 'statbuf', 'type': 'struct stat*', 'value': '0x7FFFB85BF590'}]",0,0
17238.315762,191,1,0,systemd-udevd,ubuntu,3,close,1,0,"[{'name': 'fd', 'type': 'int', 'value': 14}]",0,0
17238.315802,191,1,0,systemd-udevd,ubuntu,1003,cap_capable,1,0,"[{'name': 'cap', 'type': 'int', 'value': 'CAP_NET_ADMIN'}]",0,0
17238.315983,8564,191,0,systemd-udevd,ubuntu,257,openat,4,-2,"[{'name': 'dirfd', 'type': 'int', 'value': -100}, {'name': 'pathname', 'type': 'const char*', 'value': '/sys/kernel/slab/kmalloc-1k/cgroup/kmalloc-1k(815:rsyslog.service)/uevent'}, {'name': 'flags', 'type': 'int', 'value': 'O_RDONLY|O_CLOEXEC'}, {'name': 'mode', 'type': 'mode_t', 'value': 915717803}]",0,0
17238.316017,8564,191,0,systemd-udevd,ubuntu,257,openat,4,-2,"[{'name': 'dirfd', 'type': 'int', 'value': -100}, {'name': 'pathname', 'type': 'const char*', 'value': '/sys/kernel/slab/kmalloc-1k/cgroup/kmalloc-1k(815:rsyslog.service)/uevent'}, {'name': 'flags', 'type': 'int', 'value': 'O_RDONLY|O_CLOEXEC'}, {'name': 'mode', 'type': 'mode_t', 'value': 915717803}]",0,0
17238.316047,8564,191,0,systemd-udevd,ubuntu,257,openat,4,-2,"[{'name': 'dirfd', 'type': 'int', 'value': -100}, {'name': 'pathname', 'type': 'const char*', 'value': '/run/udev/data/+cgroup:kmalloc-1k(815:rsyslog.service)'}, {'name': 'flags', 'type': 'int', 'value': 'O_RDONLY|O_CLOEXEC'}, {'name': 'mode', 'type': 'mode_t', 'value': 915717803}]",0,0
17238.316083,8564,191,0,systemd-udevd,ubuntu,21,access,2,-2,"[{'name': 'pathname', 'type': 'const char*', 'value': '/sys/subsystem/dmi/devices/id'}, {'name': 'mode', 'type': 'mode_t', 'value': 'F_OK'}]",0,0
17238.316111,8564,191,0,systemd-udevd,ubuntu,21,access,2,-2,"[{'name': 'pathname', 'type': 'const char*', 'value': '/sys/bus/dmi/devices/id'}, {'name': 'mode', 'type': 'mode_t', 'value': 'F_OK'}]",0,0
17238.316143,8564,191,0,systemd-udevd,ubuntu,21,access,2,0,"[{'name': 'pathname', 'type': 'const char*', 'value': '/sys/class/dmi/id'}, {'name': 'mode', 'type': 'mode_t', 'value': 'F_OK'}]",0,0
17238.31617,8564,191,0,systemd-udevd,ubuntu,257,openat,4,6,"[{'name': 'dirfd', 'type': 'int', 'value': -100}, {'name': 'pathname', 'type': 'const char*', 'value': '/'}, {'name': 'flags', 'type': 'int', 'value': 'O_RDONLY|O_DIRECTORY|O_CLOEXEC|O_PATH'}, {'name': 'mode', 'type': 'mode_t', 'value': 915717803}]",0,0
17238.31622,8564,191,0,systemd-udevd,ubuntu,5,fstat,2,0,"[{'name': 'fd', 'type': 'int', 'value': 15}, {'name': 'statbuf', 'type': 'struct stat*', 'value': '0x7FFFB85B9710'}]",0,0
17238.316196,8564,191,0,systemd-udevd,ubuntu,257,openat,4,15,"[{'name': 'dirfd', 'type': 'int', 'value': 6}, {'name': 'pathname', 'type': 'const char*', 'value': 'sys'}, {'name': 'flags', 'type': 'int', 'value': 'O_RDONLY|O_NOFOLLOW|O_CLOEXEC|O_PATH'}, {'name': 'mode', 'type': 'mode_t', 'value': 915718182}]",0,0
17238.316267,8564,191,0,systemd-udevd,ubuntu,3,close,1,0,"[{'name': 'fd', 'type': 'int', 'value': 6}]",0,0
17238.316294,8564,191,0,systemd-udevd,ubuntu,257,openat,4,6,"[{'name': 'dirfd', 'type': 'int', 'value': 15}, {'name': 'pathname', 'type': 'const char*', 'value': 'class'}, {'name': 'flags', 'type': 'int', 'value': 'O_RDONLY|O_NOFOLLOW|O_CLOEXEC|O_PATH'}, {'name': 'mode', 'type': 'mode_t', 'value': 915718182}]",0,0
17238.316317,8564,191,0,systemd-udevd,ubuntu,5,fstat,2,0,"[{'name': 'fd', 'type': 'int', 'value': 6}, {'name': 'statbuf', 'type': 'struct stat*', 'value': '0x7FFFB85B9710'}]",0,0
17238.316366,8564,191,0,systemd-udevd,ubuntu,257,openat,4,15,"[{'name': 'dirfd', 'type': 'int', 'value': 6}, {'name': 'pathname', 'type': 'const char*', 'value': 'dmi'}, {'name': 'flags', 'type': 'int', 'value': 'O_RDONLY|O_NOFOLLOW|O_CLOEXEC|O_PATH'}, {'name': 'mode', 'type': 'mode_t', 'value': 915718182}]",0,0
17238.316341,8564,191,0,systemd-udevd,ubuntu,3,close,1,0,"[{'name': 'fd', 'type': 'int', 'value': 15}]",0,0
17238.31639,8564,191,0,systemd-udevd,ubuntu,5,fstat,2,0,"[{'name': 'fd', 'type': 'int', 'value': 15}, {'name': 'statbuf', 'type': 'struct stat*', 'value': '0x7FFFB85B9710'}]",0,0
17238.316413,8564,191,0,systemd-udevd,ubuntu,3,close,1,0,"[{'name': 'fd', 'type': 'int', 'value': 6}]",0,0
17238.316439,8564,191,0,systemd-udevd,ubuntu,257,openat,4,6,"[{'name': 'dirfd', 'type': 'int', 'value': 15}, {'name': 'pathname', 'type': 'const char*', 'value': 'id'}, {'name': 'flags', 'type': 'int', 'value': 'O_RDONLY|O_NOFOLLOW|O_CLOEXEC|O_PATH'}, {'name': 'mode', 'type': 'mode_t', 'value': 915718182}]",0,0
17238.316462,8564,191,0,systemd-udevd,ubuntu,5,fstat,2,0,"[{'name': 'fd', 'type': 'int', 'value': 6}, {'name': 'statbuf', 'type': 'struct stat*', 'value': '0x7FFFB85B9710'}]",0,0
17238.316494,8564,191,0,systemd-udevd,ubuntu,3,close,1,0,"[{'name': 'fd', 'type': 'int', 'value': 6}]",0,0
17238.316521,8564,191,0,systemd-udevd,ubuntu,257,openat,4,6,"[{'name': 'dirfd', 'type': 'int', 'value': 15}, {'name': 'pathname', 'type': 'const char*', 'value': '..'}, {'name': 'flags', 'type': 'int', 'value': 'O_RDONLY|O_NOFOLLOW|O_CLOEXEC|O_PATH'}, {'name': 'mode', 'type': 'mode_t', 'value': 915718182}]",0,0
17238.316545,8564,191,0,systemd-udevd,ubuntu,3,close,1,0,"[{'name': 'fd', 'type': 'int', 'value': 15}]",0,0
17238.316581,8564,191,0,systemd-udevd,ubuntu,257,openat,4,15,"[{'name': 'dirfd', 'type': 'int', 'value': 6}, {'name': 'pathname', 'type': 'const char*', 'value': '..'}, {'name': 'flags', 'type': 'int', 'value': 'O_RDONLY|O_NOFOLLOW|O_CLOEXEC|O_PATH'}, {'name': 'mode', 'type': 'mode_t', 'value': 915718182}]",0,0
17238.316604,8564,191,0,systemd-udevd,ubuntu,3,close,1,0,"[{'name': 'fd', 'type': 'int', 'value': 6}]",0,0
17238.316628,8564,191,0,systemd-udevd,ubuntu,257,openat,4,6,"[{'name': 'dirfd', 'type': 'int', 'value': 15}, {'name': 'pathname', 'type': 'const char*', 'value': 'devices'}, {'name': 'flags', 'type': 'int', 'value': 'O_RDONLY|O_NOFOLLOW|O_CLOEXEC|O_PATH'}, {'name': 'mode', 'type': 'mode_t', 'value': 915718182}]",0,0
17238.31665,8564,191,0,systemd-udevd,ubuntu,5,fstat,2,0,"[{'name': 'fd', 'type': 'int', 'value': 6}, {'name': 'statbuf', 'type': 'struct stat*', 'value': '0x7FFFB85B9710'}]",0,0
17238.316672,8564,191,0,systemd-udevd,ubuntu,3,close,1,0,"[{'name': 'fd', 'type': 'int', 'value': 15}]",0,0
17238.316697,8564,191,0,systemd-udevd,ubuntu,257,openat,4,15,"[{'name': 'dirfd', 'type': 'int', 'value': 6}, {'name': 'pathname', 'type': 'const char*', 'value': 'virtual'}, {'name': 'flags', 'type': 'int', 'value': 'O_RDONLY|O_NOFOLLOW|O_CLOEXEC|O_PATH'}, {'name': 'mode', 'type': 'mode_t', 'value': 915718182}]",0,0
17238.316719,8564,191,0,systemd-udevd,ubuntu,5,fstat,2,0,"[{'name': 'fd', 'type': 'int', 'value': 15}, {'name': 'statbuf', 'type': 'struct stat*', 'value': '0x7FFFB85B9710'}]",0,0
17238.31674,8564,191,0,systemd-udevd,ubuntu,3,close,1,0,"[{'name': 'fd', 'type': 'int', 'value': 6}]",0,0
17238.316764,8564,191,0,systemd-udevd,ubuntu,257,openat,4,6,"[{'name': 'dirfd', 'type': 'int', 'value': 15}, {'name': 'pathname', 'type': 'const char*', 'value': 'dmi'}, {'name': 'flags', 'type': 'int', 'value': 'O_RDONLY|O_NOFOLLOW|O_CLOEXEC|O_PATH'}, {'name': 'mode', 'type': 'mode_t', 'value': 915718182}]",0,0
17238.316787,8564,191,0,systemd-udevd,ubuntu,5,fstat,2,0,"[{'name': 'fd', 'type': 'int', 'value': 6}, {'name': 'statbuf', 'type': 'struct stat*', 'value': '0x7FFFB85B9710'}]",0,0
17238.316826,8564,191,0,systemd-udevd,ubuntu,3,close,1,0,"[{'name': 'fd', 'type': 'int', 'value': 15}]",0,0
17238.316852,8564,191,0,systemd-udevd,ubuntu,257,openat,4,15,"[{'name': 'dirfd', 'type': 'int', 'value': 6}, {'name': 'pathname', 'type': 'const char*', 'value': 'id'}, {'name': 'flags', 'type': 'int', 'value': 'O_RDONLY|O_NOFOLLOW|O_CLOEXEC|O_PATH'}, {'name': 'mode', 'type': 'mode_t', 'value': 915718182}]",0,0
17238.316876,8564,191,0,systemd-udevd,ubuntu,5,fstat,2,0,"[{'name': 'fd', 'type': 'int', 'value': 15}, {'name': 'statbuf', 'type': 'struct stat*', 'value': '0x7FFFB85B9710'}]",0,0
17238.316899,8564,191,0,systemd-udevd,ubuntu,3,close,1,0,"[{'name': 'fd', 'type': 'int', 'value': 6}]",0,0
17238.316922,8564,191,0,systemd-udevd,ubuntu,3,close,1,0,"[{'name': 'fd', 'type': 'int', 'value': 15}]",0,0
17238.316949,8564,191,0,systemd-udevd,ubuntu,21,access,2,0,"[{'name': 'pathname', 'type': 'const char*', 'value': '/sys/devices/virtual/dmi/id/uevent'}, {'name': 'mode', 'type': 'mode_t', 'value': 'F_OK'}]",0,0
17238.316979,8564,191,0,systemd-udevd,ubuntu,6,lstat,2,0,"[{'name': 'pathname', 'type': 'const char*', 'value': '/sys/devices/virtual/dmi/id/sys_vendor'}, {'name': 'statbuf', 'type': 'struct stat*', 'value': '0x7FFFB85BA820'}]",0,0
17238.317006,8564,191,0,systemd-udevd,ubuntu,1005,security_file_open,4,0,"[{'name': 'pathname', 'type': 'const char*', 'value': '/sys/devices/virtual/dmi/id/sys_vendor'}, {'name': 'flags', 'type': 'int', 'value': 'O_RDONLY|O_LARGEFILE'}, {'name': 'dev', 'type': 'dev_t', 'value': 22}, {'name': 'inode', 'type': 'unsigned long', 'value': 713}]",0,0
17238.317036,8564,191,0,systemd-udevd,ubuntu,257,openat,4,6,"[{'name': 'dirfd', 'type': 'int', 'value': -100}, {'name': 'pathname', 'type': 'const char*', 'value': '/sys/devices/virtual/dmi/id/sys_vendor'}, {'name': 'flags', 'type': 'int', 'value': 'O_RDONLY|O_CLOEXEC'}, {'name': 'mode', 'type': 'mode_t', 'value': 915717803}]",0,0
17238.317059,8564,191,0,systemd-udevd,ubuntu,5,fstat,2,0,"[{'name': 'fd', 'type': 'int', 'value': 6}, {'name': 'statbuf', 'type': 'struct stat*', 'value': '0x7FFFB85BA8B0'}]",0,0
17238.317096,8564,191,0,systemd-udevd,ubuntu,3,close,1,0,"[{'name': 'fd', 'type': 'int', 'value': 6}]",0,0
17238.31713,8564,191,0,systemd-udevd,ubuntu,21,access,2,-2,"[{'name': 'pathname', 'type': 'const char*', 'value': '/sys/subsystem/dmi/devices/id'}, {'name': 'mode', 'type': 'mode_t', 'value': 'F_OK'}]",0,0
17238.317157,8564,191,0,systemd-udevd,ubuntu,21,access,2,-2,"[{'name': 'pathname', 'type': 'const char*', 'value': '/sys/bus/dmi/devices/id'}, {'name': 'mode', 'type': 'mode_t', 'value': 'F_OK'}]",0,0
17238.317184,8564,191,0,systemd-udevd,ubuntu,21,access,2,0,"[{'name': 'pathname', 'type': 'const char*', 'value': '/sys/class/dmi/id'}, {'name': 'mode', 'type': 'mode_t', 'value': 'F_OK'}]",0,0
17238.31721,8564,191,0,systemd-udevd,ubuntu,257,openat,4,6,"[{'name': 'dirfd', 'type': 'int', 'value': -100}, {'name': 'pathname', 'type': 'const char*', 'value': '/'}, {'name': 'flags', 'type': 'int', 'value': 'O_RDONLY|O_DIRECTORY|O_CLOEXEC|O_PATH'}, {'name': 'mode', 'type': 'mode_t', 'value': 915717803}]",0,0
17238.317238,8564,191,0,systemd-udevd,ubuntu,257,openat,4,15,"[{'name': 'dirfd', 'type': 'int', 'value': 6}, {'name': 'pathname', 'type': 'const char*', 'value': 'sys'}, {'name': 'flags', 'type': 'int', 'value': 'O_RDONLY|O_NOFOLLOW|O_CLOEXEC|O_PATH'}, {'name': 'mode', 'type': 'mode_t', 'value': 915718182}]",0,0
17238.317262,8564,191,0,systemd-udevd,ubuntu,5,fstat,2,0,"[{'name': 'fd', 'type': 'int', 'value': 15}, {'name': 'statbuf', 'type': 'struct stat*', 'value': '0x7FFFB85B9710'}]",0,0
17238.317285,8564,191,0,systemd-udevd,ubuntu,3,close,1,0,"[{'name': 'fd', 'type': 'int', 'value': 6}]",0,0
17238.31731,8564,191,0,systemd-udevd,ubuntu,257,openat,4,6,"[{'name': 'dirfd', 'type': 'int', 'value': 15}, {'name': 'pathname', 'type': 'const char*', 'value': 'class'}, {'name': 'flags', 'type': 'int', 'value': 'O_RDONLY|O_NOFOLLOW|O_CLOEXEC|O_PATH'}, {'name': 'mode', 'type': 'mode_t', 'value': 915718182}]",0,0
17238.317334,8564,191,0,systemd-udevd,ubuntu,5,fstat,2,0,"[{'name': 'fd', 'type': 'int', 'value': 6}, {'name': 'statbuf', 'type': 'struct stat*', 'value': '0x7FFFB85B9710'}]",0,0
17238.317357,8564,191,0,systemd-udevd,ubuntu,3,close,1,0,"[{'name': 'fd', 'type': 'int', 'value': 15}]",0,0
17238.317382,8564,191,0,systemd-udevd,ubuntu,257,openat,4,15,"[{'name': 'dirfd', 'type': 'int', 'value': 6}, {'name': 'pathname', 'type': 'const char*', 'value': 'dmi'}, {'name': 'flags', 'type': 'int', 'value': 'O_RDONLY|O_NOFOLLOW|O_CLOEXEC|O_PATH'}, {'name': 'mode', 'type': 'mode_t', 'value': 915718182}]",0,0
17238.317405,8564,191,0,systemd-udevd,ubuntu,5,fstat,2,0,"[{'name': 'fd', 'type': 'int', 'value': 15}, {'name': 'statbuf', 'type': 'struct stat*', 'value': '0x7FFFB85B9710'}]",0,0
17238.317428,8564,191,0,systemd-udevd,ubuntu,3,close,1,0,"[{'name': 'fd', 'type': 'int', 'value': 6}]",0,0
17238.317453,8564,191,0,systemd-udevd,ubuntu,257,openat,4,6,"[{'name': 'dirfd', 'type': 'int', 'value': 15}, {'name': 'pathname', 'type': 'const char*', 'value': 'id'}, {'name': 'flags', 'type': 'int', 'value': 'O_RDONLY|O_NOFOLLOW|O_CLOEXEC|O_PATH'}, {'name': 'mode', 'type': 'mode_t', 'value': 915718182}]",0,0
17238.317477,8564,191,0,systemd-udevd,ubuntu,5,fstat,2,0,"[{'name': 'fd', 'type': 'int', 'value': 6}, {'name': 'statbuf', 'type': 'struct stat*', 'value': '0x7FFFB85B9710'}]",0,0
17238.317507,8564,191,0,systemd-udevd,ubuntu,3,close,1,0,"[{'name': 'fd', 'type': 'int', 'value': 6}]",0,0
17238.317533,8564,191,0,systemd-udevd,ubuntu,257,openat,4,6,"[{'name': 'dirfd', 'type': 'int', 'value': 15}, {'name': 'pathname', 'type': 'const char*', 'value': '..'}, {'name': 'flags', 'type': 'int', 'value': 'O_RDONLY|O_NOFOLLOW|O_CLOEXEC|O_PATH'}, {'name': 'mode', 'type': 'mode_t', 'value': 915718182}]",0,0
17238.317556,8564,191,0,systemd-udevd,ubuntu,3,close,1,0,"[{'name': 'fd', 'type': 'int', 'value': 15}]",0,0
17238.317581,8564,191,0,systemd-udevd,ubuntu,257,openat,4,15,"[{'name': 'dirfd', 'type': 'int', 'value': 6}, {'name': 'pathname', 'type': 'const char*', 'value': '..'}, {'name': 'flags', 'type': 'int', 'value': 'O_RDONLY|O_NOFOLLOW|O_CLOEXEC|O_PATH'}, {'name': 'mode', 'type': 'mode_t', 'value': 915718182}]",0,0
17238.317605,8564,191,0,systemd-udevd,ubuntu,3,close,1,0,"[{'name': 'fd', 'type': 'int', 'value': 6}]",0,0
17238.317629,8564,191,0,systemd-udevd,ubuntu,257,openat,4,6,"[{'name': 'dirfd', 'type': 'int', 'value': 15}, {'name': 'pathname', 'type': 'const char*', 'value': 'devices'}, {'name': 'flags', 'type': 'int', 'value': 'O_RDONLY|O_NOFOLLOW|O_CLOEXEC|O_PATH'}, {'name': 'mode', 'type': 'mode_t', 'value': 915718182}]",0,0
17238.317652,8564,191,0,systemd-udevd,ubuntu,5,fstat,2,0,"[{'name': 'fd', 'type': 'int', 'value': 6}, {'name': 'statbuf', 'type': 'struct stat*', 'value': '0x7FFFB85B9710'}]",0,0
17238.317674,8564,191,0,systemd-udevd,ubuntu,3,close,1,0,"[{'name': 'fd', 'type': 'int', 'value': 15}]",0,0
17238.3177,8564,191,0,systemd-udevd,ubuntu,257,openat,4,15,"[{'name': 'dirfd', 'type': 'int', 'value': 6}, {'name': 'pathname', 'type': 'const char*', 'value': 'virtual'}, {'name': 'flags', 'type': 'int', 'value': 'O_RDONLY|O_NOFOLLOW|O_CLOEXEC|O_PATH'}, {'name': 'mode', 'type': 'mode_t', 'value': 915718182}]",0,0
17238.317722,8564,191,0,systemd-udevd,ubuntu,5,fstat,2,0,"[{'name': 'fd', 'type': 'int', 'value': 15}, {'name': 'statbuf', 'type': 'struct stat*', 'value': '0x7FFFB85B9710'}]",0,0
17238.317745,8564,191,0,systemd-udevd,ubuntu,3,close,1,0,"[{'name': 'fd', 'type': 'int', 'value': 6}]",0,0
17238.31777,8564,191,0,systemd-udevd,ubuntu,257,openat,4,6,"[{'name': 'dirfd', 'type': 'int', 'value': 15}, {'name': 'pathname', 'type': 'const char*', 'value': 'dmi'}, {'name': 'flags', 'type': 'int', 'value': 'O_RDONLY|O_NOFOLLOW|O_CLOEXEC|O_PATH'}, {'name': 'mode', 'type': 'mode_t', 'value': 915718182}]",0,0
17238.317793,8564,191,0,systemd-udevd,ubuntu,5,fstat,2,0,"[{'name': 'fd', 'type': 'int', 'value': 6}, {'name': 'statbuf', 'type': 'struct stat*', 'value': '0x7FFFB85B9710'}]",0,0
17238.317816,8564,191,0,systemd-udevd,ubuntu,3,close,1,0,"[{'name': 'fd', 'type': 'int', 'value': 15}]",0,0
17238.317841,8564,191,0,systemd-udevd,ubuntu,257,openat,4,15,"[{'name': 'dirfd', 'type': 'int', 'value': 6}, {'name': 'pathname', 'type': 'const char*', 'value': 'id'}, {'name': 'flags', 'type': 'int', 'value': 'O_RDONLY|O_NOFOLLOW|O_CLOEXEC|O_PATH'}, {'name': 'mode', 'type': 'mode_t', 'value': 915718182}]",0,0
17238.317865,8564,191,0,systemd-udevd,ubuntu,5,fstat,2,0,"[{'name': 'fd', 'type': 'int', 'value': 15}, {'name': 'statbuf', 'type': 'struct stat*', 'value': '0x7FFFB85B9710'}]",0,0
17238.317888,8564,191,0,systemd-udevd,ubuntu,3,close,1,0,"[{'name': 'fd', 'type': 'int', 'value': 6}]",0,0
17238.317911,8564,191,0,systemd-udevd,ubuntu,3,close,1,0,"[{'name': 'fd', 'type': 'int', 'value': 15}]",0,0
17238.317937,8564,191,0,systemd-udevd,ubuntu,21,access,2,0,"[{'name': 'pathname', 'type': 'const char*', 'value': '/sys/devices/virtual/dmi/id/uevent'}, {'name': 'mode', 'type': 'mode_t', 'value': 'F_OK'}]",0,0
17238.317964,8564,191,0,systemd-udevd,ubuntu,6,lstat,2,0,"[{'name': 'pathname', 'type': 'const char*', 'value': '/sys/devices/virtual/dmi/id/sys_vendor'}, {'name': 'statbuf', 'type': 'struct stat*', 'value': '0x7FFFB85BA820'}]",0,0
17238.317989,8564,191,0,systemd-udevd,ubuntu,1005,security_file_open,4,0,"[{'name': 'pathname', 'type': 'const char*', 'value': '/sys/devices/virtual/dmi/id/sys_vendor'}, {'name': 'flags', 'type': 'int', 'value': 'O_RDONLY|O_LARGEFILE'}, {'name': 'dev', 'type': 'dev_t', 'value': 22}, {'name': 'inode', 'type': 'unsigned long', 'value': 713}]",0,0
17238.318017,8564,191,0,systemd-udevd,ubuntu,257,openat,4,6,"[{'name': 'dirfd', 'type': 'int', 'value': -100}, {'name': 'pathname', 'type': 'const char*', 'value': '/sys/devices/virtual/dmi/id/sys_vendor'}, {'name': 'flags', 'type': 'int', 'value': 'O_RDONLY|O_CLOEXEC'}, {'name': 'mode', 'type': 'mode_t', 'value': 915717803}]",0,0
17238.31804,8564,191,0,systemd-udevd,ubuntu,5,fstat,2,0,"[{'name': 'fd', 'type': 'int', 'value': 6}, {'name': 'statbuf', 'type': 'struct stat*', 'value': '0x7FFFB85BA8B0'}]",0,0
17238.31807,8564,191,0,systemd-udevd,ubuntu,3,close,1,0,"[{'name': 'fd', 'type': 'int', 'value': 6}]",0,0
17238.318145,8564,191,0,systemd-udevd,ubuntu,257,openat,4,6,"[{'name': 'dirfd', 'type': 'int', 'value': -100}, {'name': 'pathname', 'type': 'const char*', 'value': '/'}, {'name': 'flags', 'type': 'int', 'value': 'O_RDONLY|O_DIRECTORY|O_CLOEXEC|O_PATH'}, {'name': 'mode', 'type': 'mode_t', 'value': 915717803}]",0,0
17238.318171,8564,191,0,systemd-udevd,ubuntu,257,openat,4,15,"[{'name': 'dirfd', 'type': 'int', 'value': 6}, {'name': 'pathname', 'type': 'const char*', 'value': 'sys'}, {'name': 'flags', 'type': 'int', 'value': 'O_RDONLY|O_NOFOLLOW|O_CLOEXEC|O_PATH'}, {'name': 'mode', 'type': 'mode_t', 'value': 915718182}]",0,0
17238.318195,8564,191,0,systemd-udevd,ubuntu,5,fstat,2,0,"[{'name': 'fd', 'type': 'int', 'value': 15}, {'name': 'statbuf', 'type': 'struct stat*', 'value': '0x7FFFB85BF0E0'}]",0,0
17238.318218,8564,191,0,systemd-udevd,ubuntu,3,close,1,0,"[{'name': 'fd', 'type': 'int', 'value': 6}]",0,0
17238.318243,8564,191,0,systemd-udevd,ubuntu,257,openat,4,6,"[{'name': 'dirfd', 'type': 'int', 'value': 15}, {'name': 'pathname', 'type': 'const char*', 'value': 'kernel'}, {'name': 'flags', 'type': 'int', 'value': 'O_RDONLY|O_NOFOLLOW|O_CLOEXEC|O_PATH'}, {'name': 'mode', 'type': 'mode_t', 'value': 915718182}]",0,0
17238.318266,8564,191,0,systemd-udevd,ubuntu,5,fstat,2,0,"[{'name': 'fd', 'type': 'int', 'value': 6}, {'name': 'statbuf', 'type': 'struct stat*', 'value': '0x7FFFB85BF0E0'}]",0,0
17238.318288,8564,191,0,systemd-udevd,ubuntu,3,close,1,0,"[{'name': 'fd', 'type': 'int', 'value': 15}]",0,0
17238.321433,8564,191,0,systemd-udevd,ubuntu,257,openat,4,15,"[{'name': 'dirfd', 'type': 'int', 'value': 6}, {'name': 'pathname', 'type': 'const char*', 'value': 'slab'}, {'name': 'flags', 'type': 'int', 'value': 'O_RDONLY|O_NOFOLLOW|O_CLOEXEC|O_PATH'}, {'name': 'mode', 'type': 'mode_t', 'value': 915718182}]",0,0
17238.321465,8564,191,0,systemd-udevd,ubuntu,5,fstat,2,0,"[{'name': 'fd', 'type': 'int', 'value': 15}, {'name': 'statbuf', 'type': 'struct stat*', 'value': '0x7FFFB85BF0E0'}]",0,0
17238.321488,8564,191,0,systemd-udevd,ubuntu,3,close,1,0,"[{'name': 'fd', 'type': 'int', 'value': 6}]",0,0
17238.321514,8564,191,0,systemd-udevd,ubuntu,257,openat,4,6,"[{'name': 'dirfd', 'type': 'int', 'value': 15}, {'name': 'pathname', 'type': 'const char*', 'value': 'kmalloc-1k'}, {'name': 'flags', 'type': 'int', 'value': 'O_RDONLY|O_NOFOLLOW|O_CLOEXEC|O_PATH'}, {'name': 'mode', 'type': 'mode_t', 'value': 915718182}]",0,0
17238.321536,8564,191,0,systemd-udevd,ubuntu,5,fstat,2,0,"[{'name': 'fd', 'type': 'int', 'value': 6}, {'name': 'statbuf', 'type': 'struct stat*', 'value': '0x7FFFB85BF0E0'}]",0,0
17238.321558,8564,191,0,systemd-udevd,ubuntu,3,close,1,0,"[{'name': 'fd', 'type': 'int', 'value': 15}]",0,0
17238.321583,8564,191,0,systemd-udevd,ubuntu,257,openat,4,15,"[{'name': 'dirfd', 'type': 'int', 'value': 6}, {'name': 'pathname', 'type': 'const char*', 'value': 'cgroup'}, {'name': 'flags', 'type': 'int', 'value': 'O_RDONLY|O_NOFOLLOW|O_CLOEXEC|O_PATH'}, {'name': 'mode', 'type': 'mode_t', 'value': 915718182}]",0,0
17238.321605,8564,191,0,systemd-udevd,ubuntu,5,fstat,2,0,"[{'name': 'fd', 'type': 'int', 'value': 15}, {'name': 'statbuf', 'type': 'struct stat*', 'value': '0x7FFFB85BF0E0'}]",0,0
17238.321626,8564,191,0,systemd-udevd,ubuntu,3,close,1,0,"[{'name': 'fd', 'type': 'int', 'value': 6}]",0,0
17238.321649,8564,191,0,systemd-udevd,ubuntu,3,close,1,0,"[{'name': 'fd', 'type': 'int', 'value': 15}]",0,0
17238.321674,8564,191,0,systemd-udevd,ubuntu,6,lstat,2,0,"[{'name': 'pathname', 'type': 'const char*', 'value': '/sys/kernel/slab/kmalloc-1k/cgroup'}, {'name': 'statbuf', 'type': 'struct stat*', 'value': '0x7FFFB85BF110'}]",0,0
17238.321712,8564,191,0,systemd-udevd,ubuntu,257,openat,4,6,"[{'name': 'dirfd', 'type': 'int', 'value': -100}, {'name': 'pathname', 'type': 'const char*', 'value': '/'}, {'name': 'flags', 'type': 'int', 'value': 'O_RDONLY|O_DIRECTORY|O_CLOEXEC|O_PATH'}, {'name': 'mode', 'type': 'mode_t', 'value': 915717803}]",0,0
17238.321736,8564,191,0,systemd-udevd,ubuntu,257,openat,4,15,"[{'name': 'dirfd', 'type': 'int', 'value': 6}, {'name': 'pathname', 'type': 'const char*', 'value': 'sys'}, {'name': 'flags', 'type': 'int', 'value': 'O_RDONLY|O_NOFOLLOW|O_CLOEXEC|O_PATH'}, {'name': 'mode', 'type': 'mode_t', 'value': 915718182}]",0,0
17238.321759,8564,191,0,systemd-udevd,ubuntu,5,fstat,2,0,"[{'name': 'fd', 'type': 'int', 'value': 15}, {'name': 'statbuf', 'type': 'struct stat*', 'value': '0x7FFFB85BF0E0'}]",0,0
17238.321781,8564,191,0,systemd-udevd,ubuntu,3,close,1,0,"[{'name': 'fd', 'type': 'int', 'value': 6}]",0,0
17238.321805,8564,191,0,systemd-udevd,ubuntu,257,openat,4,6,"[{'name': 'dirfd', 'type': 'int', 'value': 15}, {'name': 'pathname', 'type': 'const char*', 'value': 'kernel'}, {'name': 'flags', 'type': 'int', 'value': 'O_RDONLY|O_NOFOLLOW|O_CLOEXEC|O_PATH'}, {'name': 'mode', 'type': 'mode_t', 'value': 915718182}]",0,0
17238.321827,8564,191,0,systemd-udevd,ubuntu,5,fstat,2,0,"[{'name': 'fd', 'type': 'int', 'value': 6}, {'name': 'statbuf', 'type': 'struct stat*', 'value': '0x7FFFB85BF0E0'}]",0,0
17238.321849,8564,191,0,systemd-udevd,ubuntu,3,close,1,0,"[{'name': 'fd', 'type': 'int', 'value': 15}]",0,0
17238.321873,8564,191,0,systemd-udevd,ubuntu,257,openat,4,15,"[{'name': 'dirfd', 'type': 'int', 'value': 6}, {'name': 'pathname', 'type': 'const char*', 'value': 'slab'}, {'name': 'flags', 'type': 'int', 'value': 'O_RDONLY|O_NOFOLLOW|O_CLOEXEC|O_PATH'}, {'name': 'mode', 'type': 'mode_t', 'value': 915718182}]",0,0
17238.321896,8564,191,0,systemd-udevd,ubuntu,5,fstat,2,0,"[{'name': 'fd', 'type': 'int', 'value': 15}, {'name': 'statbuf', 'type': 'struct stat*', 'value': '0x7FFFB85BF0E0'}]",0,0
17238.321918,8564,191,0,systemd-udevd,ubuntu,3,close,1,0,"[{'name': 'fd', 'type': 'int', 'value': 6}]",0,0
17238.321954,8564,191,0,systemd-udevd,ubuntu,257,openat,4,6,"[{'name': 'dirfd', 'type': 'int', 'value': 15}, {'name': 'pathname', 'type': 'const char*', 'value': 'kmalloc-1k'}, {'name': 'flags', 'type': 'int', 'value': 'O_RDONLY|O_NOFOLLOW|O_CLOEXEC|O_PATH'}, {'name': 'mode', 'type': 'mode_t', 'value': 915718182}]",0,0
17238.321977,8564,191,0,systemd-udevd,ubuntu,5,fstat,2,0,"[{'name': 'fd', 'type': 'int', 'value': 6}, {'name': 'statbuf', 'type': 'struct stat*', 'value': '0x7FFFB85BF0E0'}]",0,0
17238.322,8564,191,0,systemd-udevd,ubuntu,3,close,1,0,"[{'name': 'fd', 'type': 'int', 'value': 15}]",0,0
17238.322023,8564,191,0,systemd-udevd,ubuntu,3,close,1,0,"[{'name': 'fd', 'type': 'int', 'value': 6}]",0,0
17238.322048,8564,191,0,systemd-udevd,ubuntu,6,lstat,2,0,"[{'name': 'pathname', 'type': 'const char*', 'value': '/sys/kernel/slab/kmalloc-1k'}, {'name': 'statbuf', 'type': 'struct stat*', 'value': '0x7FFFB85BF110'}]",0,0
17238.322082,8564,191,0,systemd-udevd,ubuntu,257,openat,4,6,"[{'name': 'dirfd', 'type': 'int', 'value': -100}, {'name': 'pathname', 'type': 'const char*', 'value': '/'}, {'name': 'flags', 'type': 'int', 'value': 'O_RDONLY|O_DIRECTORY|O_CLOEXEC|O_PATH'}, {'name': 'mode', 'type': 'mode_t', 'value': 915717803}]",0,0
17238.322107,8564,191,0,systemd-udevd,ubuntu,257,openat,4,15,"[{'name': 'dirfd', 'type': 'int', 'value': 6}, {'name': 'pathname', 'type': 'const char*', 'value': 'sys'}, {'name': 'flags', 'type': 'int', 'value': 'O_RDONLY|O_NOFOLLOW|O_CLOEXEC|O_PATH'}, {'name': 'mode', 'type': 'mode_t', 'value': 915718182}]",0,0
17238.32213,8564,191,0,systemd-udevd,ubuntu,5,fstat,2,0,"[{'name': 'fd', 'type': 'int', 'value': 15}, {'name': 'statbuf', 'type': 'struct stat*', 'value': '0x7FFFB85BF0E0'}]",0,0
17238.322154,8564,191,0,systemd-udevd,ubuntu,3,close,1,0,"[{'name': 'fd', 'type': 'int', 'value': 6}]",0,0
17238.322179,8564,191,0,systemd-udevd,ubuntu,257,openat,4,6,"[{'name': 'dirfd', 'type': 'int', 'value': 15}, {'name': 'pathname', 'type': 'const char*', 'value': 'kernel'}, {'name': 'flags', 'type': 'int', 'value': 'O_RDONLY|O_NOFOLLOW|O_CLOEXEC|O_PATH'}, {'name': 'mode', 'type': 'mode_t', 'value': 915718182}]",0,0
17238.322202,8564,191,0,systemd-udevd,ubuntu,5,fstat,2,0,"[{'name': 'fd', 'type': 'int', 'value': 6}, {'name': 'statbuf', 'type': 'struct stat*', 'value': '0x7FFFB85BF0E0'}]",0,0
17238.322225,8564,191,0,systemd-udevd,ubuntu,3,close,1,0,"[{'name': 'fd', 'type': 'int', 'value': 15}]",0,0
17238.32225,8564,191,0,systemd-udevd,ubuntu,257,openat,4,15,"[{'name': 'dirfd', 'type': 'int', 'value': 6}, {'name': 'pathname', 'type': 'const char*', 'value': 'slab'}, {'name': 'flags', 'type': 'int', 'value': 'O_RDONLY|O_NOFOLLOW|O_CLOEXEC|O_PATH'}, {'name': 'mode', 'type': 'mode_t', 'value': 915718182}]",0,0
17238.322274,8564,191,0,systemd-udevd,ubuntu,5,fstat,2,0,"[{'name': 'fd', 'type': 'int', 'value': 15}, {'name': 'statbuf', 'type': 'struct stat*', 'value': '0x7FFFB85BF0E0'}]",0,0
17238.322311,8564,191,0,systemd-udevd,ubuntu,3,close,1,0,"[{'name': 'fd', 'type': 'int', 'value': 6}]",0,0
17238.338492,8564,191,0,systemd-udevd,ubuntu,3,close,1,0,"[{'name': 'fd', 'type': 'int', 'value': 15}]",0,0
17238.338526,8564,191,0,systemd-udevd,ubuntu,6,lstat,2,0,"[{'name': 'pathname', 'type': 'const char*', 'value': '/sys/kernel/slab'}, {'name': 'statbuf', 'type': 'struct stat*', 'value': '0x7FFFB85BF110'}]",0,0
17238.338571,8564,191,0,systemd-udevd,ubuntu,257,openat,4,6,"[{'name': 'dirfd', 'type': 'int', 'value': -100}, {'name': 'pathname', 'type': 'const char*', 'value': '/'}, {'name': 'flags', 'type': 'int', 'value': 'O_RDONLY|O_DIRECTORY|O_CLOEXEC|O_PATH'}, {'name': 'mode', 'type': 'mode_t', 'value': 915717803}]",0,0
17238.338598,8564,191,0,systemd-udevd,ubuntu,257,openat,4,15,"[{'name': 'dirfd', 'type': 'int', 'value': 6}, {'name': 'pathname', 'type': 'const char*', 'value': 'sys'}, {'name': 'flags', 'type': 'int', 'value': 'O_RDONLY|O_NOFOLLOW|O_CLOEXEC|O_PATH'}, {'name': 'mode', 'type': 'mode_t', 'value': 915718182}]",0,0
17238.338623,8564,191,0,systemd-udevd,ubuntu,5,fstat,2,0,"[{'name': 'fd', 'type': 'int', 'value': 15}, {'name': 'statbuf', 'type': 'struct stat*', 'value': '0x7FFFB85BF0E0'}]",0,0
17238.338646,8564,191,0,systemd-udevd,ubuntu,3,close,1,0,"[{'name': 'fd', 'type': 'int', 'value': 6}]",0,0
17238.338672,8564,191,0,systemd-udevd,ubuntu,257,openat,4,6,"[{'name': 'dirfd', 'type': 'int', 'value': 15}, {'name': 'pathname', 'type': 'const char*', 'value': 'kernel'}, {'name': 'flags', 'type': 'int', 'value': 'O_RDONLY|O_NOFOLLOW|O_CLOEXEC|O_PATH'}, {'name': 'mode', 'type': 'mode_t', 'value': 915718182}]",0,0
17238.338695,8564,191,0,systemd-udevd,ubuntu,5,fstat,2,0,"[{'name': 'fd', 'type': 'int', 'value': 6}, {'name': 'statbuf', 'type': 'struct stat*', 'value': '0x7FFFB85BF0E0'}]",0,0
17238.338718,8564,191,0,systemd-udevd,ubuntu,3,close,1,0,"[{'name': 'fd', 'type': 'int', 'value': 15}]",0,0
17238.338741,8564,191,0,systemd-udevd,ubuntu,3,close,1,0,"[{'name': 'fd', 'type': 'int', 'value': 6}]",0,0
17238.338766,8564,191,0,systemd-udevd,ubuntu,6,lstat,2,0,"[{'name': 'pathname', 'type': 'const char*', 'value': '/sys/kernel'}, {'name': 'statbuf', 'type': 'struct stat*', 'value': '0x7FFFB85BF110'}]",0,0
17238.338838,8564,191,0,systemd-udevd,ubuntu,257,openat,4,-2,"[{'name': 'dirfd', 'type': 'int', 'value': -100}, {'name': 'pathname', 'type': 'const char*', 'value': '/sys/kernel/slab/kmalloc-1k/cgroup/uevent'}, {'name': 'flags', 'type': 'int', 'value': 'O_RDONLY|O_CLOEXEC'}, {'name': 'mode', 'type': 'mode_t', 'value': 915717803}]",0,0
17238.338914,8564,191,0,systemd-udevd,ubuntu,87,unlink,1,-2,"[{'name': 'pathname', 'type': 'const char*', 'value': '/run/udev/data/+cgroup:kmalloc-1k(815:rsyslog.service)'}]",0,0
17238.338952,8564,191,0,systemd-udevd,ubuntu,1003,cap_capable,1,0,"[{'name': 'cap', 'type': 'int', 'value': 'CAP_NET_ADMIN'}]",0,0
17238.357376,191,1,0,systemd-udevd,ubuntu,1006,security_inode_unlink,1,0,"[{'name': 'pathname', 'type': 'const char*', 'value': '/udev/queue'}]",0,0
17238.35742,191,1,0,systemd-udevd,ubuntu,87,unlink,1,0,"[{'name': 'pathname', 'type': 'const char*', 'value': '/run/udev/queue'}]",0,0
16332.802307,191,1,0,systemd-udevd,ubuntu,257,openat,4,-2,"[{'name': 'dirfd', 'type': 'int', 'value': -100}, {'name': 'pathname', 'type': 'const char*', 'value': '/run/udev/queue'}, {'name': 'flags', 'type': 'unsigned int', 'value': 'O_RDONLY|O_NOFOLLOW|O_CLOEXEC|O_PATH'}, {'name': 'mode', 'type': 'int', 'value': 294502059}]",0,0
16332.802358,191,1,0,systemd-udevd,ubuntu,1005,security_file_open,4,0,"[{'name': 'pathname', 'type': 'const char*', 'value': '/run/udev/queue'}, {'name': 'flags', 'type': 'unsigned int', 'value': 'O_WRONLY|O_CREAT|O_EXCL|O_LARGEFILE'}, {'name': 'dev', 'type': 'dev_t', 'value': 25}, {'name': 'inode', 'type': 'unsigned long', 'value': 397}]",0,0
16332.80239,191,1,0,systemd-udevd,ubuntu,257,openat,4,14,"[{'name': 'dirfd', 'type': 'int', 'value': -100}, {'name': 'pathname', 'type': 'const char*', 'value': '/run/udev/queue'}, {'name': 'flags', 'type': 'unsigned int', 'value': 'O_WRONLY|O_CREAT|O_EXCL|O_CLOEXEC'}, {'name': 'mode', 'type': 'int', 'value': 294502059}]",0,0
16332.802416,191,1,0,systemd-udevd,ubuntu,5,fstat,2,0,"[{'name': 'fd', 'type': 'int', 'value': 14}, {'name': 'statbuf', 'type': 'struct stat*', 'value': '0x7FFF4F009180'}]",0,0
16332.802471,191,1,0,systemd-udevd,ubuntu,3,close,1,0,"[{'name': 'fd', 'type': 'int', 'value': 14}]",0,0
16332.802504,191,1,0,systemd-udevd,ubuntu,4,stat,2,0,"[{'name': 'pathname', 'type': 'const char*', 'value': '/etc/udev/rules.d'}, {'name': 'statbuf', 'type': 'struct stat*', 'value': '0x7FFF4F0090C0'}]",0,0
16332.802529,191,1,0,systemd-udevd,ubuntu,4,stat,2,0,"[{'name': 'pathname', 'type': 'const char*', 'value': '/run/udev/rules.d'}, {'name': 'statbuf', 'type': 'struct stat*', 'value': '0x7FFF4F0090C0'}]",0,0
16332.802567,191,1,0,systemd-udevd,ubuntu,4,stat,2,-2,"[{'name': 'pathname', 'type': 'const char*', 'value': '/usr/local/lib/udev/rules.d'}, {'name': 'statbuf', 'type': 'struct stat*', 'value': '0x7FFF4F0090C0'}]",0,0
16332.802593,191,1,0,systemd-udevd,ubuntu,4,stat,2,0,"[{'name': 'pathname', 'type': 'const char*', 'value': '/usr/lib/udev/rules.d'}, {'name': 'statbuf', 'type': 'struct stat*', 'value': '0x7FFF4F0090C0'}]",0,0
16332.802617,191,1,0,systemd-udevd,ubuntu,4,stat,2,0,"[{'name': 'pathname', 'type': 'const char*', 'value': '/lib/udev/rules.d'}, {'name': 'statbuf', 'type': 'struct stat*', 'value': '0x7FFF4F0090C0'}]",0,0
16332.802642,191,1,0,systemd-udevd,ubuntu,4,stat,2,-2,"[{'name': 'pathname', 'type': 'const char*', 'value': '/etc/systemd/hwdb/hwdb.bin'}, {'name': 'statbuf', 'type': 'struct stat*', 'value': '0x7FFF4F009130'}]",0,0
16332.802667,191,1,0,systemd-udevd,ubuntu,4,stat,2,-2,"[{'name': 'pathname', 'type': 'const char*', 'value': '/etc/udev/hwdb.bin'}, {'name': 'statbuf', 'type': 'struct stat*', 'value': '0x7FFF4F009130'}]",0,0
16332.802691,191,1,0,systemd-udevd,ubuntu,4,stat,2,-2,"[{'name': 'pathname', 'type': 'const char*', 'value': '/usr/lib/systemd/hwdb/hwdb.bin'}, {'name': 'statbuf', 'type': 'struct stat*', 'value': '0x7FFF4F009130'}]",0,0
16332.802715,191,1,0,systemd-udevd,ubuntu,4,stat,2,-2,"[{'name': 'pathname', 'type': 'const char*', 'value': '/lib/systemd/hwdb/hwdb.bin'}, {'name': 'statbuf', 'type': 'struct stat*', 'value': '0x7FFF4F009130'}]",0,0
16332.80274,191,1,0,systemd-udevd,ubuntu,4,stat,2,0,"[{'name': 'pathname', 'type': 'const char*', 'value': '/lib/udev/hwdb.bin'}, {'name': 'statbuf', 'type': 'struct stat*', 'value': '0x7FFF4F009130'}]",0,0
16332.802766,191,1,0,systemd-udevd,ubuntu,4,stat,2,0,"[{'name': 'pathname', 'type': 'const char*', 'value': '/etc/modprobe.d'}, {'name': 'statbuf', 'type': 'struct stat*', 'value': '0x7FFF4F0080E0'}]",0,0
17261.746281,309,1,102,systemd-timesyn,ubuntu,41,socket,3,16,"[{'name': 'domain', 'type': 'int', 'value': 'AF_UNIX'}, {'name': 'type', 'type': 'int', 'value': 'SOCK_DGRAM|SOCK_CLOEXEC'}, {'name': 'protocol', 'type': 'int', 'value': 0}]",0,0
17261.7474,309,1,102,systemd-timesyn,ubuntu,3,close,1,0,"[{'name': 'fd', 'type': 'int', 'value': 16}]",0,0
17296.19484,307,1,102,systemd-timesyn,ubuntu,41,socket,3,16,"[{'name': 'domain', 'type': 'int', 'value': 'AF_UNIX'}, {'name': 'type', 'type': 'int', 'value': 'SOCK_DGRAM|SOCK_CLOEXEC'}, {'name': 'protocol', 'type': 'int', 'value': 0}]",0,0
17296.194953,307,1,102,systemd-timesyn,ubuntu,3,close,1,0,"[{'name': 'fd', 'type': 'int', 'value': 16}]",0,0
17296.195073,191,1,0,systemd-udevd,ubuntu,41,socket,3,14,"[{'name': 'domain', 'type': 'int', 'value': 'AF_UNIX'}, {'name': 'type', 'type': 'int', 'value': 'SOCK_DGRAM|SOCK_CLOEXEC'}, {'name': 'protocol', 'type': 'int', 'value': 0}]",0,0
17296.19514,191,1,0,systemd-udevd,ubuntu,3,close,1,0,"[{'name': 'fd', 'type': 'int', 'value': 14}]",0,0
17321.746042,191,1,0,systemd-udevd,ubuntu,41,socket,3,14,"[{'name': 'domain', 'type': 'int', 'value': 'AF_UNIX'}, {'name': 'type', 'type': 'int', 'value': 'SOCK_DGRAM|SOCK_CLOEXEC'}, {'name': 'protocol', 'type': 'int', 'value': 0}]",0,0
17321.747465,191,1,0,systemd-udevd,ubuntu,3,close,1,0,"[{'name': 'fd', 'type': 'int', 'value': 14}]",0,0
17381.746023,309,1,102,systemd-timesyn,ubuntu,41,socket,3,16,"[{'name': 'domain', 'type': 'int', 'value': 'AF_UNIX'}, {'name': 'type', 'type': 'int', 'value': 'SOCK_DGRAM|SOCK_CLOEXEC'}, {'name': 'protocol', 'type': 'int', 'value': 0}]",0,0
17381.747512,309,1,102,systemd-timesyn,ubuntu,3,close,1,0,"[{'name': 'fd', 'type': 'int', 'value': 16}]",0,0
17416.194845,307,1,102,systemd-timesyn,ubuntu,41,socket,3,16,"[{'name': 'domain', 'type': 'int', 'value': 'AF_UNIX'}, {'name': 'type', 'type': 'int', 'value': 'SOCK_DGRAM|SOCK_CLOEXEC'}, {'name': 'protocol', 'type': 'int', 'value': 0}]",0,0
17416.194959,307,1,102,systemd-timesyn,ubuntu,3,close,1,0,"[{'name': 'fd', 'type': 'int', 'value': 16}]",0,0
17416.195074,191,1,0,systemd-udevd,ubuntu,41,socket,3,14,"[{'name': 'domain', 'type': 'int', 'value': 'AF_UNIX'}, {'name': 'type', 'type': 'int', 'value': 'SOCK_DGRAM|SOCK_CLOEXEC'}, {'name': 'protocol', 'type': 'int', 'value': 0}]",0,0
17416.195144,191,1,0,systemd-udevd,ubuntu,3,close,1,0,"[{'name': 'fd', 'type': 'int', 'value': 14}]",0,0
17441.746281,191,1,0,systemd-udevd,ubuntu,41,socket,3,14,"[{'name': 'domain', 'type': 'int', 'value': 'AF_UNIX'}, {'name': 'type', 'type': 'int', 'value': 'SOCK_DGRAM|SOCK_CLOEXEC'}, {'name': 'protocol', 'type': 'int', 'value': 0}]",0,0
17441.747381,191,1,0,systemd-udevd,ubuntu,3,close,1,0,"[{'name': 'fd', 'type': 'int', 'value': 14}]",0,0
16332.802792,191,1,0,systemd-udevd,ubuntu,4,stat,2,0,"[{'name': 'pathname', 'type': 'const char*', 'value': '/lib/modprobe.d'}, {'name': 'statbuf', 'type': 'struct stat*', 'value': '0x7FFF4F0080E0'}]",0,0
16332.802819,191,1,0,systemd-udevd,ubuntu,4,stat,2,0,"[{'name': 'pathname', 'type': 'const char*', 'value': '/lib/modules/5.4.0-1048-aws/modules.dep.bin'}, {'name': 'statbuf', 'type': 'struct stat*', 'value': '0x7FFF4F0080D0'}]",0,0
16332.802845,191,1,0,systemd-udevd,ubuntu,4,stat,2,0,"[{'name': 'pathname', 'type': 'const char*', 'value': '/lib/modules/5.4.0-1048-aws/modules.alias.bin'}, {'name': 'statbuf', 'type': 'struct stat*', 'value': '0x7FFF4F0080D0'}]",0,0
16332.80287,191,1,0,systemd-udevd,ubuntu,4,stat,2,0,"[{'name': 'pathname', 'type': 'const char*', 'value': '/lib/modules/5.4.0-1048-aws/modules.symbols.bin'}, {'name': 'statbuf', 'type': 'struct stat*', 'value': '0x7FFF4F0080D0'}]",0,0
16332.802895,191,1,0,systemd-udevd,ubuntu,4,stat,2,0,"[{'name': 'pathname', 'type': 'const char*', 'value': '/lib/modules/5.4.0-1048-aws/modules.builtin.alias.bin'}, {'name': 'statbuf', 'type': 'struct stat*', 'value': '0x7FFF4F0080D0'}]",0,0
16332.802921,191,1,0,systemd-udevd,ubuntu,4,stat,2,0,"[{'name': 'pathname', 'type': 'const char*', 'value': '/lib/modules/5.4.0-1048-aws/modules.builtin.bin'}, {'name': 'statbuf', 'type': 'struct stat*', 'value': '0x7FFF4F0080D0'}]",0,0
16332.802946,191,1,0,systemd-udevd,ubuntu,4,stat,2,0,"[{'name': 'pathname', 'type': 'const char*', 'value': '/etc/systemd/network'}, {'name': 'statbuf', 'type': 'struct stat*', 'value': '0x7FFF4F0090C0'}]",0,0
16332.802971,191,1,0,systemd-udevd,ubuntu,4,stat,2,0,"[{'name': 'pathname', 'type': 'const char*', 'value': '/run/systemd/network'}, {'name': 'statbuf', 'type': 'struct stat*', 'value': '0x7FFF4F0090C0'}]",0,0
16332.802994,191,1,0,systemd-udevd,ubuntu,4,stat,2,-2,"[{'name': 'pathname', 'type': 'const char*', 'value': '/usr/local/lib/systemd/network'}, {'name': 'statbuf', 'type': 'struct stat*', 'value': '0x7FFF4F0090C0'}]",0,0
16332.803018,191,1,0,systemd-udevd,ubuntu,4,stat,2,0,"[{'name': 'pathname', 'type': 'const char*', 'value': '/usr/lib/systemd/network'}, {'name': 'statbuf', 'type': 'struct stat*', 'value': '0x7FFF4F0090C0'}]",0,0
16332.803041,191,1,0,systemd-udevd,ubuntu,4,stat,2,0,"[{'name': 'pathname', 'type': 'const char*', 'value': '/lib/systemd/network'}, {'name': 'statbuf', 'type': 'struct stat*', 'value': '0x7FFF4F0090C0'}]",0,0
16332.803082,191,1,0,systemd-udevd,ubuntu,1003,cap_capable,1,0,"[{'name': 'cap', 'type': 'int', 'value': 'CAP_NET_ADMIN'}]",0,0
16332.803281,8263,191,0,systemd-udevd,ubuntu,257,openat,4,-2,"[{'name': 'dirfd', 'type': 'int', 'value': -100}, {'name': 'pathname', 'type': 'const char*', 'value': '/sys/kernel/slab/kmalloc-rcl-128/cgroup/kmalloc-rcl-128(83:systemd-journald.service)/uevent'}, {'name': 'flags', 'type': 'unsigned int', 'value': 'O_RDONLY|O_CLOEXEC'}, {'name': 'mode', 'type': 'int', 'value': 294502059}]",0,0
16332.803316,8263,191,0,systemd-udevd,ubuntu,257,openat,4,-2,"[{'name': 'dirfd', 'type': 'int', 'value': -100}, {'name': 'pathname', 'type': 'const char*', 'value': '/sys/kernel/slab/kmalloc-rcl-128/cgroup/kmalloc-rcl-128(83:systemd-journald.service)/uevent'}, {'name': 'flags', 'type': 'unsigned int', 'value': 'O_RDONLY|O_CLOEXEC'}, {'name': 'mode', 'type': 'int', 'value': 294502059}]",0,0
16332.803351,8263,191,0,systemd-udevd,ubuntu,257,openat,4,-2,"[{'name': 'dirfd', 'type': 'int', 'value': -100}, {'name': 'pathname', 'type': 'const char*', 'value': '/run/udev/data/+cgroup:kmalloc-rcl-128(83:systemd-journald.service)'}, {'name': 'flags', 'type': 'unsigned int', 'value': 'O_RDONLY|O_CLOEXEC'}, {'name': 'mode', 'type': 'int', 'value': 294502059}]",0,0
16332.803391,8263,191,0,systemd-udevd,ubuntu,21,access,2,-2,"[{'name': 'pathname', 'type': 'const char*', 'value': '/sys/subsystem/dmi/devices/id'}, {'name': 'mode', 'type': 'int', 'value': 'F_OK'}]",0,0
16332.803423,8263,191,0,systemd-udevd,ubuntu,21,access,2,-2,"[{'name': 'pathname', 'type': 'const char*', 'value': '/sys/bus/dmi/devices/id'}, {'name': 'mode', 'type': 'int', 'value': 'F_OK'}]",0,0
16332.803465,8263,191,0,systemd-udevd,ubuntu,21,access,2,0,"[{'name': 'pathname', 'type': 'const char*', 'value': '/sys/class/dmi/id'}, {'name': 'mode', 'type': 'int', 'value': 'F_OK'}]",0,0
16332.803493,8263,191,0,systemd-udevd,ubuntu,257,openat,4,6,"[{'name': 'dirfd', 'type': 'int', 'value': -100}, {'name': 'pathname', 'type': 'const char*', 'value': '/'}, {'name': 'flags', 'type': 'unsigned int', 'value': 'O_RDONLY|O_DIRECTORY|O_CLOEXEC|O_PATH'}, {'name': 'mode', 'type': 'int', 'value': 294502059}]",0,0
16332.803519,8263,191,0,systemd-udevd,ubuntu,257,openat,4,15,"[{'name': 'dirfd', 'type': 'int', 'value': 6}, {'name': 'pathname', 'type': 'const char*', 'value': 'sys'}, {'name': 'flags', 'type': 'unsigned int', 'value': 'O_RDONLY|O_NOFOLLOW|O_CLOEXEC|O_PATH'}, {'name': 'mode', 'type': 'int', 'value': 294502438}]",0,0
16332.803544,8263,191,0,systemd-udevd,ubuntu,5,fstat,2,0,"[{'name': 'fd', 'type': 'int', 'value': 15}, {'name': 'statbuf', 'type': 'struct stat*', 'value': '0x7FFF4F003300'}]",0,0
16332.803594,8263,191,0,systemd-udevd,ubuntu,257,openat,4,6,"[{'name': 'dirfd', 'type': 'int', 'value': 15}, {'name': 'pathname', 'type': 'const char*', 'value': 'class'}, {'name': 'flags', 'type': 'unsigned int', 'value': 'O_RDONLY|O_NOFOLLOW|O_CLOEXEC|O_PATH'}, {'name': 'mode', 'type': 'int', 'value': 294502438}]",0,0
16332.803617,8263,191,0,systemd-udevd,ubuntu,5,fstat,2,0,"[{'name': 'fd', 'type': 'int', 'value': 6}, {'name': 'statbuf', 'type': 'struct stat*', 'value': '0x7FFF4F003300'}]",0,0
16332.803567,8263,191,0,systemd-udevd,ubuntu,3,close,1,0,"[{'name': 'fd', 'type': 'int', 'value': 6}]",0,0
16332.80367,8263,191,0,systemd-udevd,ubuntu,257,openat,4,15,"[{'name': 'dirfd', 'type': 'int', 'value': 6}, {'name': 'pathname', 'type': 'const char*', 'value': 'dmi'}, {'name': 'flags', 'type': 'unsigned int', 'value': 'O_RDONLY|O_NOFOLLOW|O_CLOEXEC|O_PATH'}, {'name': 'mode', 'type': 'int', 'value': 294502438}]",0,0
16332.803645,8263,191,0,systemd-udevd,ubuntu,3,close,1,0,"[{'name': 'fd', 'type': 'int', 'value': 15}]",0,0
16332.803693,8263,191,0,systemd-udevd,ubuntu,5,fstat,2,0,"[{'name': 'fd', 'type': 'int', 'value': 15}, {'name': 'statbuf', 'type': 'struct stat*', 'value': '0x7FFF4F003300'}]",0,0
16332.803716,8263,191,0,systemd-udevd,ubuntu,3,close,1,0,"[{'name': 'fd', 'type': 'int', 'value': 6}]",0,0
16332.803741,8263,191,0,systemd-udevd,ubuntu,257,openat,4,6,"[{'name': 'dirfd', 'type': 'int', 'value': 15}, {'name': 'pathname', 'type': 'const char*', 'value': 'id'}, {'name': 'flags', 'type': 'unsigned int', 'value': 'O_RDONLY|O_NOFOLLOW|O_CLOEXEC|O_PATH'}, {'name': 'mode', 'type': 'int', 'value': 294502438}]",0,0
16332.803765,8263,191,0,systemd-udevd,ubuntu,5,fstat,2,0,"[{'name': 'fd', 'type': 'int', 'value': 6}, {'name': 'statbuf', 'type': 'struct stat*', 'value': '0x7FFF4F003300'}]",0,0
16332.803804,8263,191,0,systemd-udevd,ubuntu,3,close,1,0,"[{'name': 'fd', 'type': 'int', 'value': 6}]",0,0
16332.803831,8263,191,0,systemd-udevd,ubuntu,257,openat,4,6,"[{'name': 'dirfd', 'type': 'int', 'value': 15}, {'name': 'pathname', 'type': 'const char*', 'value': '..'}, {'name': 'flags', 'type': 'unsigned int', 'value': 'O_RDONLY|O_NOFOLLOW|O_CLOEXEC|O_PATH'}, {'name': 'mode', 'type': 'int', 'value': 294502438}]",0,0
16332.803854,8263,191,0,systemd-udevd,ubuntu,3,close,1,0,"[{'name': 'fd', 'type': 'int', 'value': 15}]",0,0
16332.80388,8263,191,0,systemd-udevd,ubuntu,257,openat,4,15,"[{'name': 'dirfd', 'type': 'int', 'value': 6}, {'name': 'pathname', 'type': 'const char*', 'value': '..'}, {'name': 'flags', 'type': 'unsigned int', 'value': 'O_RDONLY|O_NOFOLLOW|O_CLOEXEC|O_PATH'}, {'name': 'mode', 'type': 'int', 'value': 294502438}]",0,0
16332.803902,8263,191,0,systemd-udevd,ubuntu,3,close,1,0,"[{'name': 'fd', 'type': 'int', 'value': 6}]",0,0
16332.803928,8263,191,0,systemd-udevd,ubuntu,257,openat,4,6,"[{'name': 'dirfd', 'type': 'int', 'value': 15}, {'name': 'pathname', 'type': 'const char*', 'value': 'devices'}, {'name': 'flags', 'type': 'unsigned int', 'value': 'O_RDONLY|O_NOFOLLOW|O_CLOEXEC|O_PATH'}, {'name': 'mode', 'type': 'int', 'value': 294502438}]",0,0
16332.80395,8263,191,0,systemd-udevd,ubuntu,5,fstat,2,0,"[{'name': 'fd', 'type': 'int', 'value': 6}, {'name': 'statbuf', 'type': 'struct stat*', 'value': '0x7FFF4F003300'}]",0,0
16332.803972,8263,191,0,systemd-udevd,ubuntu,3,close,1,0,"[{'name': 'fd', 'type': 'int', 'value': 15}]",0,0
16332.803997,8263,191,0,systemd-udevd,ubuntu,257,openat,4,15,"[{'name': 'dirfd', 'type': 'int', 'value': 6}, {'name': 'pathname', 'type': 'const char*', 'value': 'virtual'}, {'name': 'flags', 'type': 'unsigned int', 'value': 'O_RDONLY|O_NOFOLLOW|O_CLOEXEC|O_PATH'}, {'name': 'mode', 'type': 'int', 'value': 294502438}]",0,0
16332.80402,8263,191,0,systemd-udevd,ubuntu,5,fstat,2,0,"[{'name': 'fd', 'type': 'int', 'value': 15}, {'name': 'statbuf', 'type': 'struct stat*', 'value': '0x7FFF4F003300'}]",0,0
16332.804042,8263,191,0,systemd-udevd,ubuntu,3,close,1,0,"[{'name': 'fd', 'type': 'int', 'value': 6}]",0,0
16332.804067,8263,191,0,systemd-udevd,ubuntu,257,openat,4,6,"[{'name': 'dirfd', 'type': 'int', 'value': 15}, {'name': 'pathname', 'type': 'const char*', 'value': 'dmi'}, {'name': 'flags', 'type': 'unsigned int', 'value': 'O_RDONLY|O_NOFOLLOW|O_CLOEXEC|O_PATH'}, {'name': 'mode', 'type': 'int', 'value': 294502438}]",0,0
16332.80409,8263,191,0,systemd-udevd,ubuntu,5,fstat,2,0,"[{'name': 'fd', 'type': 'int', 'value': 6}, {'name': 'statbuf', 'type': 'struct stat*', 'value': '0x7FFF4F003300'}]",0,0
16332.804113,8263,191,0,systemd-udevd,ubuntu,3,close,1,0,"[{'name': 'fd', 'type': 'int', 'value': 15}]",0,0
16332.804138,8263,191,0,systemd-udevd,ubuntu,257,openat,4,15,"[{'name': 'dirfd', 'type': 'int', 'value': 6}, {'name': 'pathname', 'type': 'const char*', 'value': 'id'}, {'name': 'flags', 'type': 'unsigned int', 'value': 'O_RDONLY|O_NOFOLLOW|O_CLOEXEC|O_PATH'}, {'name': 'mode', 'type': 'int', 'value': 294502438}]",0,0
16332.804161,8263,191,0,systemd-udevd,ubuntu,5,fstat,2,0,"[{'name': 'fd', 'type': 'int', 'value': 15}, {'name': 'statbuf', 'type': 'struct stat*', 'value': '0x7FFF4F003300'}]",0,0
16332.804184,8263,191,0,systemd-udevd,ubuntu,3,close,1,0,"[{'name': 'fd', 'type': 'int', 'value': 6}]",0,0
16332.804207,8263,191,0,systemd-udevd,ubuntu,3,close,1,0,"[{'name': 'fd', 'type': 'int', 'value': 15}]",0,0
16332.804236,8263,191,0,systemd-udevd,ubuntu,21,access,2,0,"[{'name': 'pathname', 'type': 'const char*', 'value': '/sys/devices/virtual/dmi/id/uevent'}, {'name': 'mode', 'type': 'int', 'value': 'F_OK'}]",0,0
16332.804267,8263,191,0,systemd-udevd,ubuntu,6,lstat,2,0,"[{'name': 'pathname', 'type': 'const char*', 'value': '/sys/devices/virtual/dmi/id/sys_vendor'}, {'name': 'statbuf', 'type': 'struct stat*', 'value': '0x7FFF4F004410'}]",0,0
16332.804294,8263,191,0,systemd-udevd,ubuntu,1005,security_file_open,4,0,"[{'name': 'pathname', 'type': 'const char*', 'value': '/sys/devices/virtual/dmi/id/sys_vendor'}, {'name': 'flags', 'type': 'unsigned int', 'value': 'O_RDONLY|O_LARGEFILE'}, {'name': 'dev', 'type': 'dev_t', 'value': 22}, {'name': 'inode', 'type': 'unsigned long', 'value': 713}]",0,0
16332.804325,8263,191,0,systemd-udevd,ubuntu,257,openat,4,6,"[{'name': 'dirfd', 'type': 'int', 'value': -100}, {'name': 'pathname', 'type': 'const char*', 'value': '/sys/devices/virtual/dmi/id/sys_vendor'}, {'name': 'flags', 'type': 'unsigned int', 'value': 'O_RDONLY|O_CLOEXEC'}, {'name': 'mode', 'type': 'int', 'value': 294502059}]",0,0
16332.804348,8263,191,0,systemd-udevd,ubuntu,5,fstat,2,0,"[{'name': 'fd', 'type': 'int', 'value': 6}, {'name': 'statbuf', 'type': 'struct stat*', 'value': '0x7FFF4F0044A0'}]",0,0
16332.804385,8263,191,0,systemd-udevd,ubuntu,3,close,1,0,"[{'name': 'fd', 'type': 'int', 'value': 6}]",0,0
16332.80442,8263,191,0,systemd-udevd,ubuntu,21,access,2,-2,"[{'name': 'pathname', 'type': 'const char*', 'value': '/sys/subsystem/dmi/devices/id'}, {'name': 'mode', 'type': 'int', 'value': 'F_OK'}]",0,0
16332.804447,8263,191,0,systemd-udevd,ubuntu,21,access,2,-2,"[{'name': 'pathname', 'type': 'const char*', 'value': '/sys/bus/dmi/devices/id'}, {'name': 'mode', 'type': 'int', 'value': 'F_OK'}]",0,0
16332.804477,8263,191,0,systemd-udevd,ubuntu,21,access,2,0,"[{'name': 'pathname', 'type': 'const char*', 'value': '/sys/class/dmi/id'}, {'name': 'mode', 'type': 'int', 'value': 'F_OK'}]",0,0
16332.804503,8263,191,0,systemd-udevd,ubuntu,257,openat,4,6,"[{'name': 'dirfd', 'type': 'int', 'value': -100}, {'name': 'pathname', 'type': 'const char*', 'value': '/'}, {'name': 'flags', 'type': 'unsigned int', 'value': 'O_RDONLY|O_DIRECTORY|O_CLOEXEC|O_PATH'}, {'name': 'mode', 'type': 'int', 'value': 294502059}]",0,0
16332.804528,8263,191,0,systemd-udevd,ubuntu,257,openat,4,15,"[{'name': 'dirfd', 'type': 'int', 'value': 6}, {'name': 'pathname', 'type': 'const char*', 'value': 'sys'}, {'name': 'flags', 'type': 'unsigned int', 'value': 'O_RDONLY|O_NOFOLLOW|O_CLOEXEC|O_PATH'}, {'name': 'mode', 'type': 'int', 'value': 294502438}]",0,0
16332.804551,8263,191,0,systemd-udevd,ubuntu,5,fstat,2,0,"[{'name': 'fd', 'type': 'int', 'value': 15}, {'name': 'statbuf', 'type': 'struct stat*', 'value': '0x7FFF4F003300'}]",0,0
16332.804574,8263,191,0,systemd-udevd,ubuntu,3,close,1,0,"[{'name': 'fd', 'type': 'int', 'value': 6}]",0,0
16332.804599,8263,191,0,systemd-udevd,ubuntu,257,openat,4,6,"[{'name': 'dirfd', 'type': 'int', 'value': 15}, {'name': 'pathname', 'type': 'const char*', 'value': 'class'}, {'name': 'flags', 'type': 'unsigned int', 'value': 'O_RDONLY|O_NOFOLLOW|O_CLOEXEC|O_PATH'}, {'name': 'mode', 'type': 'int', 'value': 294502438}]",0,0
16332.804622,8263,191,0,systemd-udevd,ubuntu,5,fstat,2,0,"[{'name': 'fd', 'type': 'int', 'value': 6}, {'name': 'statbuf', 'type': 'struct stat*', 'value': '0x7FFF4F003300'}]",0,0
16332.804645,8263,191,0,systemd-udevd,ubuntu,3,close,1,0,"[{'name': 'fd', 'type': 'int', 'value': 15}]",0,0
16332.80467,8263,191,0,systemd-udevd,ubuntu,257,openat,4,15,"[{'name': 'dirfd', 'type': 'int', 'value': 6}, {'name': 'pathname', 'type': 'const char*', 'value': 'dmi'}, {'name': 'flags', 'type': 'unsigned int', 'value': 'O_RDONLY|O_NOFOLLOW|O_CLOEXEC|O_PATH'}, {'name': 'mode', 'type': 'int', 'value': 294502438}]",0,0
16332.804693,8263,191,0,systemd-udevd,ubuntu,5,fstat,2,0,"[{'name': 'fd', 'type': 'int', 'value': 15}, {'name': 'statbuf', 'type': 'struct stat*', 'value': '0x7FFF4F003300'}]",0,0
16332.804716,8263,191,0,systemd-udevd,ubuntu,3,close,1,0,"[{'name': 'fd', 'type': 'int', 'value': 6}]",0,0
16332.804741,8263,191,0,systemd-udevd,ubuntu,257,openat,4,6,"[{'name': 'dirfd', 'type': 'int', 'value': 15}, {'name': 'pathname', 'type': 'const char*', 'value': 'id'}, {'name': 'flags', 'type': 'unsigned int', 'value': 'O_RDONLY|O_NOFOLLOW|O_CLOEXEC|O_PATH'}, {'name': 'mode', 'type': 'int', 'value': 294502438}]",0,0
16332.804764,8263,191,0,systemd-udevd,ubuntu,5,fstat,2,0,"[{'name': 'fd', 'type': 'int', 'value': 6}, {'name': 'statbuf', 'type': 'struct stat*', 'value': '0x7FFF4F003300'}]",0,0
16332.804795,8263,191,0,systemd-udevd,ubuntu,3,close,1,0,"[{'name': 'fd', 'type': 'int', 'value': 6}]",0,0
16332.804821,8263,191,0,systemd-udevd,ubuntu,257,openat,4,6,"[{'name': 'dirfd', 'type': 'int', 'value': 15}, {'name': 'pathname', 'type': 'const char*', 'value': '..'}, {'name': 'flags', 'type': 'unsigned int', 'value': 'O_RDONLY|O_NOFOLLOW|O_CLOEXEC|O_PATH'}, {'name': 'mode', 'type': 'int', 'value': 294502438}]",0,0
16332.804844,8263,191,0,systemd-udevd,ubuntu,3,close,1,0,"[{'name': 'fd', 'type': 'int', 'value': 15}]",0,0
16332.804869,8263,191,0,systemd-udevd,ubuntu,257,openat,4,15,"[{'name': 'dirfd', 'type': 'int', 'value': 6}, {'name': 'pathname', 'type': 'const char*', 'value': '..'}, {'name': 'flags', 'type': 'unsigned int', 'value': 'O_RDONLY|O_NOFOLLOW|O_CLOEXEC|O_PATH'}, {'name': 'mode', 'type': 'int', 'value': 294502438}]",0,0
16332.804892,8263,191,0,systemd-udevd,ubuntu,3,close,1,0,"[{'name': 'fd', 'type': 'int', 'value': 6}]",0,0
16332.804916,8263,191,0,systemd-udevd,ubuntu,257,openat,4,6,"[{'name': 'dirfd', 'type': 'int', 'value': 15}, {'name': 'pathname', 'type': 'const char*', 'value': 'devices'}, {'name': 'flags', 'type': 'unsigned int', 'value': 'O_RDONLY|O_NOFOLLOW|O_CLOEXEC|O_PATH'}, {'name': 'mode', 'type': 'int', 'value': 294502438}]",0,0
16332.804939,8263,191,0,systemd-udevd,ubuntu,5,fstat,2,0,"[{'name': 'fd', 'type': 'int', 'value': 6}, {'name': 'statbuf', 'type': 'struct stat*', 'value': '0x7FFF4F003300'}]",0,0
16332.804961,8263,191,0,systemd-udevd,ubuntu,3,close,1,0,"[{'name': 'fd', 'type': 'int', 'value': 15}]",0,0
16332.804986,8263,191,0,systemd-udevd,ubuntu,257,openat,4,15,"[{'name': 'dirfd', 'type': 'int', 'value': 6}, {'name': 'pathname', 'type': 'const char*', 'value': 'virtual'}, {'name': 'flags', 'type': 'unsigned int', 'value': 'O_RDONLY|O_NOFOLLOW|O_CLOEXEC|O_PATH'}, {'name': 'mode', 'type': 'int', 'value': 294502438}]",0,0
16332.805009,8263,191,0,systemd-udevd,ubuntu,5,fstat,2,0,"[{'name': 'fd', 'type': 'int', 'value': 15}, {'name': 'statbuf', 'type': 'struct stat*', 'value': '0x7FFF4F003300'}]",0,0
16332.805031,8263,191,0,systemd-udevd,ubuntu,3,close,1,0,"[{'name': 'fd', 'type': 'int', 'value': 6}]",0,0
16332.805056,8263,191,0,systemd-udevd,ubuntu,257,openat,4,6,"[{'name': 'dirfd', 'type': 'int', 'value': 15}, {'name': 'pathname', 'type': 'const char*', 'value': 'dmi'}, {'name': 'flags', 'type': 'unsigned int', 'value': 'O_RDONLY|O_NOFOLLOW|O_CLOEXEC|O_PATH'}, {'name': 'mode', 'type': 'int', 'value': 294502438}]",0,0
16332.805102,8263,191,0,systemd-udevd,ubuntu,3,close,1,0,"[{'name': 'fd', 'type': 'int', 'value': 15}]",0,0
16332.805127,8263,191,0,systemd-udevd,ubuntu,257,openat,4,15,"[{'name': 'dirfd', 'type': 'int', 'value': 6}, {'name': 'pathname', 'type': 'const char*', 'value': 'id'}, {'name': 'flags', 'type': 'unsigned int', 'value': 'O_RDONLY|O_NOFOLLOW|O_CLOEXEC|O_PATH'}, {'name': 'mode', 'type': 'int', 'value': 294502438}]",0,0
16332.805079,8263,191,0,systemd-udevd,ubuntu,5,fstat,2,0,"[{'name': 'fd', 'type': 'int', 'value': 6}, {'name': 'statbuf', 'type': 'struct stat*', 'value': '0x7FFF4F003300'}]",0,0
16332.80515,8263,191,0,systemd-udevd,ubuntu,5,fstat,2,0,"[{'name': 'fd', 'type': 'int', 'value': 15}, {'name': 'statbuf', 'type': 'struct stat*', 'value': '0x7FFF4F003300'}]",0,0
16332.805173,8263,191,0,systemd-udevd,ubuntu,3,close,1,0,"[{'name': 'fd', 'type': 'int', 'value': 6}]",0,0
16332.805196,8263,191,0,systemd-udevd,ubuntu,3,close,1,0,"[{'name': 'fd', 'type': 'int', 'value': 15}]",0,0
16332.805222,8263,191,0,systemd-udevd,ubuntu,21,access,2,0,"[{'name': 'pathname', 'type': 'const char*', 'value': '/sys/devices/virtual/dmi/id/uevent'}, {'name': 'mode', 'type': 'int', 'value': 'F_OK'}]",0,0
16332.805253,8263,191,0,systemd-udevd,ubuntu,6,lstat,2,0,"[{'name': 'pathname', 'type': 'const char*', 'value': '/sys/devices/virtual/dmi/id/sys_vendor'}, {'name': 'statbuf', 'type': 'struct stat*', 'value': '0x7FFF4F004410'}]",0,0
16332.805279,8263,191,0,systemd-udevd,ubuntu,1005,security_file_open,4,0,"[{'name': 'pathname', 'type': 'const char*', 'value': '/sys/devices/virtual/dmi/id/sys_vendor'}, {'name': 'flags', 'type': 'unsigned int', 'value': 'O_RDONLY|O_LARGEFILE'}, {'name': 'dev', 'type': 'dev_t', 'value': 22}, {'name': 'inode', 'type': 'unsigned long', 'value': 713}]",0,0
16332.805306,8263,191,0,systemd-udevd,ubuntu,257,openat,4,6,"[{'name': 'dirfd', 'type': 'int', 'value': -100}, {'name': 'pathname', 'type': 'const char*', 'value': '/sys/devices/virtual/dmi/id/sys_vendor'}, {'name': 'flags', 'type': 'unsigned int', 'value': 'O_RDONLY|O_CLOEXEC'}, {'name': 'mode', 'type': 'int', 'value': 294502059}]",0,0
16332.805329,8263,191,0,systemd-udevd,ubuntu,5,fstat,2,0,"[{'name': 'fd', 'type': 'int', 'value': 6}, {'name': 'statbuf', 'type': 'struct stat*', 'value': '0x7FFF4F0044A0'}]",0,0
16332.80536,8263,191,0,systemd-udevd,ubuntu,3,close,1,0,"[{'name': 'fd', 'type': 'int', 'value': 6}]",0,0
16332.805446,8263,191,0,systemd-udevd,ubuntu,257,openat,4,6,"[{'name': 'dirfd', 'type': 'int', 'value': -100}, {'name': 'pathname', 'type': 'const char*', 'value': '/'}, {'name': 'flags', 'type': 'unsigned int', 'value': 'O_RDONLY|O_DIRECTORY|O_CLOEXEC|O_PATH'}, {'name': 'mode', 'type': 'int', 'value': 294502059}]",0,0
16332.805473,8263,191,0,systemd-udevd,ubuntu,257,openat,4,15,"[{'name': 'dirfd', 'type': 'int', 'value': 6}, {'name': 'pathname', 'type': 'const char*', 'value': 'sys'}, {'name': 'flags', 'type': 'unsigned int', 'value': 'O_RDONLY|O_NOFOLLOW|O_CLOEXEC|O_PATH'}, {'name': 'mode', 'type': 'int', 'value': 294502438}]",0,0
16332.805496,8263,191,0,systemd-udevd,ubuntu,5,fstat,2,0,"[{'name': 'fd', 'type': 'int', 'value': 15}, {'name': 'statbuf', 'type': 'struct stat*', 'value': '0x7FFF4F008CD0'}]",0,0
16332.805519,8263,191,0,systemd-udevd,ubuntu,3,close,1,0,"[{'name': 'fd', 'type': 'int', 'value': 6}]",0,0
16332.805544,8263,191,0,systemd-udevd,ubuntu,257,openat,4,6,"[{'name': 'dirfd', 'type': 'int', 'value': 15}, {'name': 'pathname', 'type': 'const char*', 'value': 'kernel'}, {'name': 'flags', 'type': 'unsigned int', 'value': 'O_RDONLY|O_NOFOLLOW|O_CLOEXEC|O_PATH'}, {'name': 'mode', 'type': 'int', 'value': 294502438}]",0,0
16332.805567,8263,191,0,systemd-udevd,ubuntu,5,fstat,2,0,"[{'name': 'fd', 'type': 'int', 'value': 6}, {'name': 'statbuf', 'type': 'struct stat*', 'value': '0x7FFF4F008CD0'}]",0,0
16332.805589,8263,191,0,systemd-udevd,ubuntu,3,close,1,0,"[{'name': 'fd', 'type': 'int', 'value': 15}]",0,0
16332.805614,8263,191,0,systemd-udevd,ubuntu,257,openat,4,15,"[{'name': 'dirfd', 'type': 'int', 'value': 6}, {'name': 'pathname', 'type': 'const char*', 'value': 'slab'}, {'name': 'flags', 'type': 'unsigned int', 'value': 'O_RDONLY|O_NOFOLLOW|O_CLOEXEC|O_PATH'}, {'name': 'mode', 'type': 'int', 'value': 294502438}]",0,0
16332.805638,8263,191,0,systemd-udevd,ubuntu,5,fstat,2,0,"[{'name': 'fd', 'type': 'int', 'value': 15}, {'name': 'statbuf', 'type': 'struct stat*', 'value': '0x7FFF4F008CD0'}]",0,0
16332.80566,8263,191,0,systemd-udevd,ubuntu,3,close,1,0,"[{'name': 'fd', 'type': 'int', 'value': 6}]",0,0
16332.805686,8263,191,0,systemd-udevd,ubuntu,257,openat,4,6,"[{'name': 'dirfd', 'type': 'int', 'value': 15}, {'name': 'pathname', 'type': 'const char*', 'value': 'kmalloc-rcl-128'}, {'name': 'flags', 'type': 'unsigned int', 'value': 'O_RDONLY|O_NOFOLLOW|O_CLOEXEC|O_PATH'}, {'name': 'mode', 'type': 'int', 'value': 294502438}]",0,0
16332.805708,8263,191,0,systemd-udevd,ubuntu,5,fstat,2,0,"[{'name': 'fd', 'type': 'int', 'value': 6}, {'name': 'statbuf', 'type': 'struct stat*', 'value': '0x7FFF4F008CD0'}]",0,0
16332.805756,8263,191,0,systemd-udevd,ubuntu,257,openat,4,15,"[{'name': 'dirfd', 'type': 'int', 'value': 6}, {'name': 'pathname', 'type': 'const char*', 'value': 'cgroup'}, {'name': 'flags', 'type': 'unsigned int', 'value': 'O_RDONLY|O_NOFOLLOW|O_CLOEXEC|O_PATH'}, {'name': 'mode', 'type': 'int', 'value': 294502438}]",0,0
16332.805778,8263,191,0,systemd-udevd,ubuntu,5,fstat,2,0,"[{'name': 'fd', 'type': 'int', 'value': 15}, {'name': 'statbuf', 'type': 'struct stat*', 'value': '0x7FFF4F008CD0'}]",0,0
16332.8058,8263,191,0,systemd-udevd,ubuntu,3,close,1,0,"[{'name': 'fd', 'type': 'int', 'value': 6}]",0,0
16332.805731,8263,191,0,systemd-udevd,ubuntu,3,close,1,0,"[{'name': 'fd', 'type': 'int', 'value': 15}]",0,0
16332.805823,8263,191,0,systemd-udevd,ubuntu,3,close,1,0,"[{'name': 'fd', 'type': 'int', 'value': 15}]",0,0
16332.80667,8263,191,0,systemd-udevd,ubuntu,6,lstat,2,0,"[{'name': 'pathname', 'type': 'const char*', 'value': '/sys/kernel/slab/kmalloc-rcl-128/cgroup'}, {'name': 'statbuf', 'type': 'struct stat*', 'value': '0x7FFF4F008D00'}]",0,0
16332.806718,8263,191,0,systemd-udevd,ubuntu,257,openat,4,6,"[{'name': 'dirfd', 'type': 'int', 'value': -100}, {'name': 'pathname', 'type': 'const char*', 'value': '/'}, {'name': 'flags', 'type': 'unsigned int', 'value': 'O_RDONLY|O_DIRECTORY|O_CLOEXEC|O_PATH'}, {'name': 'mode', 'type': 'int', 'value': 294502059}]",0,0
16332.806745,8263,191,0,systemd-udevd,ubuntu,257,openat,4,15,"[{'name': 'dirfd', 'type': 'int', 'value': 6}, {'name': 'pathname', 'type': 'const char*', 'value': 'sys'}, {'name': 'flags', 'type': 'unsigned int', 'value': 'O_RDONLY|O_NOFOLLOW|O_CLOEXEC|O_PATH'}, {'name': 'mode', 'type': 'int', 'value': 294502438}]",0,0
16332.806792,8263,191,0,systemd-udevd,ubuntu,3,close,1,0,"[{'name': 'fd', 'type': 'int', 'value': 6}]",0,0
16332.806769,8263,191,0,systemd-udevd,ubuntu,5,fstat,2,0,"[{'name': 'fd', 'type': 'int', 'value': 15}, {'name': 'statbuf', 'type': 'struct stat*', 'value': '0x7FFF4F008CD0'}]",0,0
16332.806818,8263,191,0,systemd-udevd,ubuntu,257,openat,4,6,"[{'name': 'dirfd', 'type': 'int', 'value': 15}, {'name': 'pathname', 'type': 'const char*', 'value': 'kernel'}, {'name': 'flags', 'type': 'unsigned int', 'value': 'O_RDONLY|O_NOFOLLOW|O_CLOEXEC|O_PATH'}, {'name': 'mode', 'type': 'int', 'value': 294502438}]",0,0
16332.80684,8263,191,0,systemd-udevd,ubuntu,5,fstat,2,0,"[{'name': 'fd', 'type': 'int', 'value': 6}, {'name': 'statbuf', 'type': 'struct stat*', 'value': '0x7FFF4F008CD0'}]",0,0
16332.806862,8263,191,0,systemd-udevd,ubuntu,3,close,1,0,"[{'name': 'fd', 'type': 'int', 'value': 15}]",0,0
16332.806887,8263,191,0,systemd-udevd,ubuntu,257,openat,4,15,"[{'name': 'dirfd', 'type': 'int', 'value': 6}, {'name': 'pathname', 'type': 'const char*', 'value': 'slab'}, {'name': 'flags', 'type': 'unsigned int', 'value': 'O_RDONLY|O_NOFOLLOW|O_CLOEXEC|O_PATH'}, {'name': 'mode', 'type': 'int', 'value': 294502438}]",0,0
16332.806933,8263,191,0,systemd-udevd,ubuntu,3,close,1,0,"[{'name': 'fd', 'type': 'int', 'value': 6}]",0,0
16332.806959,8263,191,0,systemd-udevd,ubuntu,257,openat,4,6,"[{'name': 'dirfd', 'type': 'int', 'value': 15}, {'name': 'pathname', 'type': 'const char*', 'value': 'kmalloc-rcl-128'}, {'name': 'flags', 'type': 'unsigned int', 'value': 'O_RDONLY|O_NOFOLLOW|O_CLOEXEC|O_PATH'}, {'name': 'mode', 'type': 'int', 'value': 294502438}]",0,0
16332.807003,8263,191,0,systemd-udevd,ubuntu,3,close,1,0,"[{'name': 'fd', 'type': 'int', 'value': 15}]",0,0
16332.806981,8263,191,0,systemd-udevd,ubuntu,5,fstat,2,0,"[{'name': 'fd', 'type': 'int', 'value': 6}, {'name': 'statbuf', 'type': 'struct stat*', 'value': '0x7FFF4F008CD0'}]",0,0
16332.806911,8263,191,0,systemd-udevd,ubuntu,5,fstat,2,0,"[{'name': 'fd', 'type': 'int', 'value': 15}, {'name': 'statbuf', 'type': 'struct stat*', 'value': '0x7FFF4F008CD0'}]",0,0
16332.807026,8263,191,0,systemd-udevd,ubuntu,3,close,1,0,"[{'name': 'fd', 'type': 'int', 'value': 6}]",0,0
16332.810576,8263,191,0,systemd-udevd,ubuntu,6,lstat,2,0,"[{'name': 'pathname', 'type': 'const char*', 'value': '/sys/kernel/slab/kmalloc-rcl-128'}, {'name': 'statbuf', 'type': 'struct stat*', 'value': '0x7FFF4F008D00'}]",0,0
16332.810654,8263,191,0,systemd-udevd,ubuntu,257,openat,4,15,"[{'name': 'dirfd', 'type': 'int', 'value': 6}, {'name': 'pathname', 'type': 'const char*', 'value': 'sys'}, {'name': 'flags', 'type': 'unsigned int', 'value': 'O_RDONLY|O_NOFOLLOW|O_CLOEXEC|O_PATH'}, {'name': 'mode', 'type': 'int', 'value': 294502438}]",0,0
16332.810628,8263,191,0,systemd-udevd,ubuntu,257,openat,4,6,"[{'name': 'dirfd', 'type': 'int', 'value': -100}, {'name': 'pathname', 'type': 'const char*', 'value': '/'}, {'name': 'flags', 'type': 'unsigned int', 'value': 'O_RDONLY|O_DIRECTORY|O_CLOEXEC|O_PATH'}, {'name': 'mode', 'type': 'int', 'value': 294502059}]",0,0
16332.810678,8263,191,0,systemd-udevd,ubuntu,5,fstat,2,0,"[{'name': 'fd', 'type': 'int', 'value': 15}, {'name': 'statbuf', 'type': 'struct stat*', 'value': '0x7FFF4F008CD0'}]",0,0
16332.810701,8263,191,0,systemd-udevd,ubuntu,3,close,1,0,"[{'name': 'fd', 'type': 'int', 'value': 6}]",0,0
16332.810728,8263,191,0,systemd-udevd,ubuntu,257,openat,4,6,"[{'name': 'dirfd', 'type': 'int', 'value': 15}, {'name': 'pathname', 'type': 'const char*', 'value': 'kernel'}, {'name': 'flags', 'type': 'unsigned int', 'value': 'O_RDONLY|O_NOFOLLOW|O_CLOEXEC|O_PATH'}, {'name': 'mode', 'type': 'int', 'value': 294502438}]",0,0
16332.81075,8263,191,0,systemd-udevd,ubuntu,5,fstat,2,0,"[{'name': 'fd', 'type': 'int', 'value': 6}, {'name': 'statbuf', 'type': 'struct stat*', 'value': '0x7FFF4F008CD0'}]",0,0
16332.810773,8263,191,0,systemd-udevd,ubuntu,3,close,1,0,"[{'name': 'fd', 'type': 'int', 'value': 15}]",0,0
16332.810798,8263,191,0,systemd-udevd,ubuntu,257,openat,4,15,"[{'name': 'dirfd', 'type': 'int', 'value': 6}, {'name': 'pathname', 'type': 'const char*', 'value': 'slab'}, {'name': 'flags', 'type': 'unsigned int', 'value': 'O_RDONLY|O_NOFOLLOW|O_CLOEXEC|O_PATH'}, {'name': 'mode', 'type': 'int', 'value': 294502438}]",0,0
16332.810821,8263,191,0,systemd-udevd,ubuntu,5,fstat,2,0,"[{'name': 'fd', 'type': 'int', 'value': 15}, {'name': 'statbuf', 'type': 'struct stat*', 'value': '0x7FFF4F008CD0'}]",0,0
16332.810844,8263,191,0,systemd-udevd,ubuntu,3,close,1,0,"[{'name': 'fd', 'type': 'int', 'value': 6}]",0,0
16332.810867,8263,191,0,systemd-udevd,ubuntu,3,close,1,0,"[{'name': 'fd', 'type': 'int', 'value': 15}]",0,0
16332.810892,8263,191,0,systemd-udevd,ubuntu,6,lstat,2,0,"[{'name': 'pathname', 'type': 'const char*', 'value': '/sys/kernel/slab'}, {'name': 'statbuf', 'type': 'struct stat*', 'value': '0x7FFF4F008D00'}]",0,0
16332.849321,8263,191,0,systemd-udevd,ubuntu,257,openat,4,6,"[{'name': 'dirfd', 'type': 'int', 'value': -100}, {'name': 'pathname', 'type': 'const char*', 'value': '/'}, {'name': 'flags', 'type': 'unsigned int', 'value': 'O_RDONLY|O_DIRECTORY|O_CLOEXEC|O_PATH'}, {'name': 'mode', 'type': 'int', 'value': 294502059}]",0,0
16332.849354,8263,191,0,systemd-udevd,ubuntu,257,openat,4,15,"[{'name': 'dirfd', 'type': 'int', 'value': 6}, {'name': 'pathname', 'type': 'const char*', 'value': 'sys'}, {'name': 'flags', 'type': 'unsigned int', 'value': 'O_RDONLY|O_NOFOLLOW|O_CLOEXEC|O_PATH'}, {'name': 'mode', 'type': 'int', 'value': 294502438}]",0,0
16332.849382,8263,191,0,systemd-udevd,ubuntu,5,fstat,2,0,"[{'name': 'fd', 'type': 'int', 'value': 15}, {'name': 'statbuf', 'type': 'struct stat*', 'value': '0x7FFF4F008CD0'}]",0,0
16332.849416,8263,191,0,systemd-udevd,ubuntu,3,close,1,0,"[{'name': 'fd', 'type': 'int', 'value': 6}]",0,0
16332.849469,8263,191,0,systemd-udevd,ubuntu,257,openat,4,6,"[{'name': 'dirfd', 'type': 'int', 'value': 15}, {'name': 'pathname', 'type': 'const char*', 'value': 'kernel'}, {'name': 'flags', 'type': 'unsigned int', 'value': 'O_RDONLY|O_NOFOLLOW|O_CLOEXEC|O_PATH'}, {'name': 'mode', 'type': 'int', 'value': 294502438}]",0,0
16332.849494,8263,191,0,systemd-udevd,ubuntu,5,fstat,2,0,"[{'name': 'fd', 'type': 'int', 'value': 6}, {'name': 'statbuf', 'type': 'struct stat*', 'value': '0x7FFF4F008CD0'}]",0,0
16332.849517,8263,191,0,systemd-udevd,ubuntu,3,close,1,0,"[{'name': 'fd', 'type': 'int', 'value': 15}]",0,0
16332.849542,8263,191,0,systemd-udevd,ubuntu,3,close,1,0,"[{'name': 'fd', 'type': 'int', 'value': 6}]",0,0
16332.849569,8263,191,0,systemd-udevd,ubuntu,6,lstat,2,0,"[{'name': 'pathname', 'type': 'const char*', 'value': '/sys/kernel'}, {'name': 'statbuf', 'type': 'struct stat*', 'value': '0x7FFF4F008D00'}]",0,0
16332.849668,8263,191,0,systemd-udevd,ubuntu,257,openat,4,-2,"[{'name': 'dirfd', 'type': 'int', 'value': -100}, {'name': 'pathname', 'type': 'const char*', 'value': '/sys/kernel/slab/kmalloc-rcl-128/cgroup/uevent'}, {'name': 'flags', 'type': 'unsigned int', 'value': 'O_RDONLY|O_CLOEXEC'}, {'name': 'mode', 'type': 'int', 'value': 294502059}]",0,0
16332.849756,8263,191,0,systemd-udevd,ubuntu,87,unlink,1,-2,"[{'name': 'pathname', 'type': 'const char*', 'value': '/run/udev/data/+cgroup:kmalloc-rcl-128(83:systemd-journald.service)'}]",0,0
16332.8498,8263,191,0,systemd-udevd,ubuntu,1003,cap_capable,1,0,"[{'name': 'cap', 'type': 'int', 'value': 'CAP_NET_ADMIN'}]",0,0
16332.850232,191,1,0,systemd-udevd,ubuntu,1006,security_inode_unlink,1,0,"[{'name': 'pathname', 'type': 'const char*', 'value': '/udev/queue'}]",0,0
16332.85033,191,1,0,systemd-udevd,ubuntu,87,unlink,1,0,"[{'name': 'pathname', 'type': 'const char*', 'value': '/run/udev/queue'}]",0,0
16336.034028,191,1,0,systemd-udevd,ubuntu,62,kill,2,0,"[{'name': 'pid', 'type': 'pid_t', 'value': 8263}, {'name': 'sig', 'type': 'u32', 'value': 15}]",0,0
16336.034852,8263,191,0,systemd-udevd,ubuntu,3,close,1,0,"[{'name': 'fd', 'type': 'int', 'value': 8}]",0,0
16336.034197,8263,191,0,systemd-udevd,ubuntu,3,close,1,0,"[{'name': 'fd', 'type': 'int', 'value': 12}]",0,0
16336.03488,8263,191,0,systemd-udevd,ubuntu,3,close,1,0,"[{'name': 'fd', 'type': 'int', 'value': 7}]",0,0
16336.034904,8263,191,0,systemd-udevd,ubuntu,3,close,1,0,"[{'name': 'fd', 'type': 'int', 'value': 5}]",0,0
16336.035121,8263,191,0,systemd-udevd,ubuntu,1010,sched_process_exit,0,0,[],0,0
16336.035536,191,1,0,systemd-udevd,ubuntu,1005,security_file_open,4,0,"[{'name': 'pathname', 'type': 'const char*', 'value': '/sys/fs/cgroup/unified/system.slice/systemd-udevd.service/cgroup.procs'}, {'name': 'flags', 'type': 'unsigned int', 'value': 'O_RDONLY|O_LARGEFILE'}, {'name': 'dev', 'type': 'dev_t', 'value': 28}, {'name': 'inode', 'type': 'unsigned long', 'value': 438}]",0,0
16336.035577,191,1,0,systemd-udevd,ubuntu,257,openat,4,14,"[{'name': 'dirfd', 'type': 'int', 'value': -100}, {'name': 'pathname', 'type': 'const char*', 'value': '/sys/fs/cgroup/unified/system.slice/systemd-udevd.service/cgroup.procs'}, {'name': 'flags', 'type': 'unsigned int', 'value': 'O_RDONLY|O_CLOEXEC'}, {'name': 'mode', 'type': 'int', 'value': 294502059}]",0,0
16336.035608,191,1,0,systemd-udevd,ubuntu,5,fstat,2,0,"[{'name': 'fd', 'type': 'int', 'value': 14}, {'name': 'statbuf', 'type': 'struct stat*', 'value': '0x7FFF4F008940'}]",0,0
16336.035665,191,1,0,systemd-udevd,ubuntu,3,close,1,0,"[{'name': 'fd', 'type': 'int', 'value': 14}]",0,0
16336.035704,191,1,0,systemd-udevd,ubuntu,1005,security_file_open,4,0,"[{'name': 'pathname', 'type': 'const char*', 'value': '/sys/fs/cgroup/unified/system.slice/systemd-udevd.service/cgroup.threads'}, {'name': 'flags', 'type': 'unsigned int', 'value': 'O_RDONLY|O_LARGEFILE'}, {'name': 'dev', 'type': 'dev_t', 'value': 28}, {'name': 'inode', 'type': 'unsigned long', 'value': 439}]",0,0
16336.035734,191,1,0,systemd-udevd,ubuntu,257,openat,4,14,"[{'name': 'dirfd', 'type': 'int', 'value': -100}, {'name': 'pathname', 'type': 'const char*', 'value': '/sys/fs/cgroup/unified/system.slice/systemd-udevd.service/cgroup.threads'}, {'name': 'flags', 'type': 'unsigned int', 'value': 'O_RDONLY|O_CLOEXEC'}, {'name': 'mode', 'type': 'int', 'value': 294502059}]",0,0
16336.035758,191,1,0,systemd-udevd,ubuntu,5,fstat,2,0,"[{'name': 'fd', 'type': 'int', 'value': 14}, {'name': 'statbuf', 'type': 'struct stat*', 'value': '0x7FFF4F008940'}]",0,0
16336.035795,191,1,0,systemd-udevd,ubuntu,3,close,1,0,"[{'name': 'fd', 'type': 'int', 'value': 14}]",0,0
17501.74629,309,1,102,systemd-timesyn,ubuntu,41,socket,3,16,"[{'name': 'domain', 'type': 'int', 'value': 'AF_UNIX'}, {'name': 'type', 'type': 'int', 'value': 'SOCK_DGRAM|SOCK_CLOEXEC'}, {'name': 'protocol', 'type': 'int', 'value': 0}]",0,0
17501.74739,309,1,102,systemd-timesyn,ubuntu,3,close,1,0,"[{'name': 'fd', 'type': 'int', 'value': 16}]",0,0
17536.194846,307,1,102,systemd-timesyn,ubuntu,41,socket,3,16,"[{'name': 'domain', 'type': 'int', 'value': 'AF_UNIX'}, {'name': 'type', 'type': 'int', 'value': 'SOCK_DGRAM|SOCK_CLOEXEC'}, {'name': 'protocol', 'type': 'int', 'value': 0}]",0,0
17536.194961,307,1,102,systemd-timesyn,ubuntu,3,close,1,0,"[{'name': 'fd', 'type': 'int', 'value': 16}]",0,0
17536.195073,191,1,0,systemd-udevd,ubuntu,41,socket,3,14,"[{'name': 'domain', 'type': 'int', 'value': 'AF_UNIX'}, {'name': 'type', 'type': 'int', 'value': 'SOCK_DGRAM|SOCK_CLOEXEC'}, {'name': 'protocol', 'type': 'int', 'value': 0}]",0,0
17536.195143,191,1,0,systemd-udevd,ubuntu,3,close,1,0,"[{'name': 'fd', 'type': 'int', 'value': 14}]",0,0
17561.745956,191,1,0,systemd-udevd,ubuntu,41,socket,3,14,"[{'name': 'domain', 'type': 'int', 'value': 'AF_UNIX'}, {'name': 'type', 'type': 'int', 'value': 'SOCK_DGRAM|SOCK_CLOEXEC'}, {'name': 'protocol', 'type': 'int', 'value': 0}]",0,0
17561.747375,191,1,0,systemd-udevd,ubuntu,3,close,1,0,"[{'name': 'fd', 'type': 'int', 'value': 14}]",0,0
17621.74604,309,1,102,systemd-timesyn,ubuntu,41,socket,3,16,"[{'name': 'domain', 'type': 'int', 'value': 'AF_UNIX'}, {'name': 'type', 'type': 'int', 'value': 'SOCK_DGRAM|SOCK_CLOEXEC'}, {'name': 'protocol', 'type': 'int', 'value': 0}]",0,0
17621.747599,309,1,102,systemd-timesyn,ubuntu,3,close,1,0,"[{'name': 'fd', 'type': 'int', 'value': 16}]",0,0
17656.213365,307,1,102,systemd-timesyn,ubuntu,41,socket,3,16,"[{'name': 'domain', 'type': 'int', 'value': 'AF_UNIX'}, {'name': 'type', 'type': 'int', 'value': 'SOCK_DGRAM|SOCK_CLOEXEC'}, {'name': 'protocol', 'type': 'int', 'value': 0}]",0,0
17656.21349,307,1,102,systemd-timesyn,ubuntu,3,close,1,0,"[{'name': 'fd', 'type': 'int', 'value': 16}]",0,0
17656.213609,191,1,0,systemd-udevd,ubuntu,41,socket,3,14,"[{'name': 'domain', 'type': 'int', 'value': 'AF_UNIX'}, {'name': 'type', 'type': 'int', 'value': 'SOCK_DGRAM|SOCK_CLOEXEC'}, {'name': 'protocol', 'type': 'int', 'value': 0}]",0,0
17656.213679,191,1,0,systemd-udevd,ubuntu,3,close,1,0,"[{'name': 'fd', 'type': 'int', 'value': 14}]",0,0
17681.746078,191,1,0,systemd-udevd,ubuntu,41,socket,3,14,"[{'name': 'domain', 'type': 'int', 'value': 'AF_UNIX'}, {'name': 'type', 'type': 'int', 'value': 'SOCK_DGRAM|SOCK_CLOEXEC'}, {'name': 'protocol', 'type': 'int', 'value': 0}]",0,0
17681.747476,191,1,0,systemd-udevd,ubuntu,3,close,1,0,"[{'name': 'fd', 'type': 'int', 'value': 14}]",0,0
17741.746014,309,1,102,systemd-timesyn,ubuntu,41,socket,3,16,"[{'name': 'domain', 'type': 'int', 'value': 'AF_UNIX'}, {'name': 'type', 'type': 'int', 'value': 'SOCK_DGRAM|SOCK_CLOEXEC'}, {'name': 'protocol', 'type': 'int', 'value': 0}]",0,0
17741.747543,309,1,102,systemd-timesyn,ubuntu,3,close,1,0,"[{'name': 'fd', 'type': 'int', 'value': 16}]",0,0
17776.230853,307,1,102,systemd-timesyn,ubuntu,41,socket,3,16,"[{'name': 'domain', 'type': 'int', 'value': 'AF_UNIX'}, {'name': 'type', 'type': 'int', 'value': 'SOCK_DGRAM|SOCK_CLOEXEC'}, {'name': 'protocol', 'type': 'int', 'value': 0}]",0,0
17776.230975,307,1,102,systemd-timesyn,ubuntu,3,close,1,0,"[{'name': 'fd', 'type': 'int', 'value': 16}]",0,0
17776.231099,191,1,0,systemd-udevd,ubuntu,41,socket,3,14,"[{'name': 'domain', 'type': 'int', 'value': 'AF_UNIX'}, {'name': 'type', 'type': 'int', 'value': 'SOCK_DGRAM|SOCK_CLOEXEC'}, {'name': 'protocol', 'type': 'int', 'value': 0}]",0,0
17776.231168,191,1,0,systemd-udevd,ubuntu,3,close,1,0,"[{'name': 'fd', 'type': 'int', 'value': 14}]",0,0
17801.746006,191,1,0,systemd-udevd,ubuntu,41,socket,3,14,"[{'name': 'domain', 'type': 'int', 'value': 'AF_UNIX'}, {'name': 'type', 'type': 'int', 'value': 'SOCK_DGRAM|SOCK_CLOEXEC'}, {'name': 'protocol', 'type': 'int', 'value': 0}]",0,0
17801.747517,191,1,0,systemd-udevd,ubuntu,3,close,1,0,"[{'name': 'fd', 'type': 'int', 'value': 14}]",0,0
17861.746313,309,1,102,systemd-timesyn,ubuntu,41,socket,3,16,"[{'name': 'domain', 'type': 'int', 'value': 'AF_UNIX'}, {'name': 'type', 'type': 'int', 'value': 'SOCK_DGRAM|SOCK_CLOEXEC'}, {'name': 'protocol', 'type': 'int', 'value': 0}]",0,0
17861.747408,309,1,102,systemd-timesyn,ubuntu,3,close,1,0,"[{'name': 'fd', 'type': 'int', 'value': 16}]",0,0
17896.206515,307,1,102,systemd-timesyn,ubuntu,41,socket,3,16,"[{'name': 'domain', 'type': 'int', 'value': 'AF_UNIX'}, {'name': 'type', 'type': 'int', 'value': 'SOCK_DGRAM|SOCK_CLOEXEC'}, {'name': 'protocol', 'type': 'int', 'value': 0}]",0,0
17896.206629,307,1,102,systemd-timesyn,ubuntu,3,close,1,0,"[{'name': 'fd', 'type': 'int', 'value': 16}]",0,0
17896.206739,191,1,0,systemd-udevd,ubuntu,41,socket,3,14,"[{'name': 'domain', 'type': 'int', 'value': 'AF_UNIX'}, {'name': 'type', 'type': 'int', 'value': 'SOCK_DGRAM|SOCK_CLOEXEC'}, {'name': 'protocol', 'type': 'int', 'value': 0}]",0,0
17896.206809,191,1,0,systemd-udevd,ubuntu,3,close,1,0,"[{'name': 'fd', 'type': 'int', 'value': 14}]",0,0
17921.745993,191,1,0,systemd-udevd,ubuntu,41,socket,3,14,"[{'name': 'domain', 'type': 'int', 'value': 'AF_UNIX'}, {'name': 'type', 'type': 'int', 'value': 'SOCK_DGRAM|SOCK_CLOEXEC'}, {'name': 'protocol', 'type': 'int', 'value': 0}]",0,0
17921.747402,191,1,0,systemd-udevd,ubuntu,3,close,1,0,"[{'name': 'fd', 'type': 'int', 'value': 14}]",0,0
17981.746019,309,1,102,systemd-timesyn,ubuntu,41,socket,3,16,"[{'name': 'domain', 'type': 'int', 'value': 'AF_UNIX'}, {'name': 'type', 'type': 'int', 'value': 'SOCK_DGRAM|SOCK_CLOEXEC'}, {'name': 'protocol', 'type': 'int', 'value': 0}]",0,0
17981.747549,309,1,102,systemd-timesyn,ubuntu,3,close,1,0,"[{'name': 'fd', 'type': 'int', 'value': 16}]",0,0
18009.533577,307,1,102,systemd-timesyn,ubuntu,41,socket,3,16,"[{'name': 'domain', 'type': 'int', 'value': 'AF_UNIX'}, {'name': 'type', 'type': 'int', 'value': 'SOCK_DGRAM|SOCK_CLOEXEC'}, {'name': 'protocol', 'type': 'int', 'value': 0}]",0,0
18009.570481,307,1,102,systemd-timesyn,ubuntu,3,close,1,0,"[{'name': 'fd', 'type': 'int', 'value': 16}]",0,0
18009.570585,307,1,102,systemd-timesyn,ubuntu,1005,security_file_open,4,0,"[{'name': 'pathname', 'type': 'const char*', 'value': '/run/systemd/netif/state'}, {'name': 'flags', 'type': 'unsigned long', 'value': 'O_RDONLY|O_LARGEFILE'}, {'name': 'dev', 'type': 'dev_t', 'value': 25}, {'name': 'inode', 'type': 'unsigned long', 'value': 397}]",0,0
18009.57062,307,1,102,systemd-timesyn,ubuntu,257,openat,4,16,"[{'name': 'dirfd', 'type': 'int', 'value': -100}, {'name': 'pathname', 'type': 'const char*', 'value': '/run/systemd/netif/state'}, {'name': 'flags', 'type': 'unsigned long', 'value': 'O_RDONLY|O_CLOEXEC'}, {'name': 'mode', 'type': 'int*', 'value': 64155428}]",0,0
18009.570649,307,1,102,systemd-timesyn,ubuntu,5,fstat,2,0,"[{'name': 'fd', 'type': 'int', 'value': 16}, {'name': 'statbuf', 'type': 'struct stat*', 'value': '0x7FFD86F67B30'}]",0,0
18009.570675,307,1,102,systemd-timesyn,ubuntu,5,fstat,2,0,"[{'name': 'fd', 'type': 'int', 'value': 16}, {'name': 'statbuf', 'type': 'struct stat*', 'value': '0x7FFD86F679A0'}]",0,0
18009.570719,307,1,102,systemd-timesyn,ubuntu,3,close,1,0,"[{'name': 'fd', 'type': 'int', 'value': 16}]",0,0
18009.570768,307,1,102,systemd-timesyn,ubuntu,1005,security_file_open,4,0,"[{'name': 'pathname', 'type': 'const char*', 'value': '/run/systemd/netif/state'}, {'name': 'flags', 'type': 'unsigned long', 'value': 'O_RDONLY|O_LARGEFILE'}, {'name': 'dev', 'type': 'dev_t', 'value': 25}, {'name': 'inode', 'type': 'unsigned long', 'value': 397}]",0,0
18009.570796,307,1,102,systemd-timesyn,ubuntu,257,openat,4,16,"[{'name': 'dirfd', 'type': 'int', 'value': -100}, {'name': 'pathname', 'type': 'const char*', 'value': '/run/systemd/netif/state'}, {'name': 'flags', 'type': 'unsigned long', 'value': 'O_RDONLY|O_CLOEXEC'}, {'name': 'mode', 'type': 'int*', 'value': 64155428}]",0,0
18009.570819,307,1,102,systemd-timesyn,ubuntu,5,fstat,2,0,"[{'name': 'fd', 'type': 'int', 'value': 16}, {'name': 'statbuf', 'type': 'struct stat*', 'value': '0x7FFD86F67B00'}]",0,0
18009.570842,307,1,102,systemd-timesyn,ubuntu,5,fstat,2,0,"[{'name': 'fd', 'type': 'int', 'value': 16}, {'name': 'statbuf', 'type': 'struct stat*', 'value': '0x7FFD86F67970'}]",0,0
18009.570909,307,1,102,systemd-timesyn,ubuntu,1005,security_file_open,4,0,"[{'name': 'pathname', 'type': 'const char*', 'value': '/run/systemd/netif/state'}, {'name': 'flags', 'type': 'unsigned long', 'value': 'O_RDONLY|O_LARGEFILE'}, {'name': 'dev', 'type': 'dev_t', 'value': 25}, {'name': 'inode', 'type': 'unsigned long', 'value': 397}]",0,0
18009.570879,307,1,102,systemd-timesyn,ubuntu,3,close,1,0,"[{'name': 'fd', 'type': 'int', 'value': 16}]",0,0
18009.570935,307,1,102,systemd-timesyn,ubuntu,257,openat,4,16,"[{'name': 'dirfd', 'type': 'int', 'value': -100}, {'name': 'pathname', 'type': 'const char*', 'value': '/run/systemd/netif/state'}, {'name': 'flags', 'type': 'unsigned long', 'value': 'O_RDONLY|O_CLOEXEC'}, {'name': 'mode', 'type': 'int*', 'value': 64155428}]",0,0
18009.570958,307,1,102,systemd-timesyn,ubuntu,5,fstat,2,0,"[{'name': 'fd', 'type': 'int', 'value': 16}, {'name': 'statbuf', 'type': 'struct stat*', 'value': '0x7FFD86F67B00'}]",0,0
18009.570981,307,1,102,systemd-timesyn,ubuntu,5,fstat,2,0,"[{'name': 'fd', 'type': 'int', 'value': 16}, {'name': 'statbuf', 'type': 'struct stat*', 'value': '0x7FFD86F67970'}]",0,0
18009.571017,307,1,102,systemd-timesyn,ubuntu,3,close,1,0,"[{'name': 'fd', 'type': 'int', 'value': 16}]",0,0
18009.778889,309,1,102,systemd-timesyn,ubuntu,1005,security_file_open,4,0,"[{'name': 'pathname', 'type': 'const char*', 'value': '/run/systemd/netif/state'}, {'name': 'flags', 'type': 'int', 'value': 'O_RDONLY|O_LARGEFILE'}, {'name': 'dev', 'type': 'dev_t', 'value': 25}, {'name': 'inode', 'type': 'unsigned long', 'value': 397}]",0,0
18009.778973,309,1,102,systemd-timesyn,ubuntu,5,fstat,2,0,"[{'name': 'fd', 'type': 'int', 'value': 16}, {'name': 'statbuf', 'type': 'struct stat*', 'value': '0x7FFC479C0C00'}]",0,0
18009.779134,309,1,102,systemd-timesyn,ubuntu,5,fstat,2,0,"[{'name': 'fd', 'type': 'int', 'value': 16}, {'name': 'statbuf', 'type': 'struct stat*', 'value': '0x7FFC479C0A70'}]",0,0
18009.778937,309,1,102,systemd-timesyn,ubuntu,257,openat,4,16,"[{'name': 'dirfd', 'type': 'int', 'value': -100}, {'name': 'pathname', 'type': 'const char*', 'value': '/run/systemd/netif/state'}, {'name': 'flags', 'type': 'int', 'value': 'O_RDONLY|O_CLOEXEC'}, {'name': 'mode', 'type': 'int', 'value': 460013348}]",0,0
18009.779195,309,1,102,systemd-timesyn,ubuntu,3,close,1,0,"[{'name': 'fd', 'type': 'int', 'value': 16}]",0,0
18009.779273,309,1,102,systemd-timesyn,ubuntu,1005,security_file_open,4,0,"[{'name': 'pathname', 'type': 'const char*', 'value': '/run/systemd/netif/state'}, {'name': 'flags', 'type': 'int', 'value': 'O_RDONLY|O_LARGEFILE'}, {'name': 'dev', 'type': 'dev_t', 'value': 25}, {'name': 'inode', 'type': 'unsigned long', 'value': 397}]",0,0
18009.779314,309,1,102,systemd-timesyn,ubuntu,257,openat,4,16,"[{'name': 'dirfd', 'type': 'int', 'value': -100}, {'name': 'pathname', 'type': 'const char*', 'value': '/run/systemd/netif/state'}, {'name': 'flags', 'type': 'int', 'value': 'O_RDONLY|O_CLOEXEC'}, {'name': 'mode', 'type': 'int', 'value': 460013348}]",0,0
18009.779352,309,1,102,systemd-timesyn,ubuntu,5,fstat,2,0,"[{'name': 'fd', 'type': 'int', 'value': 16}, {'name': 'statbuf', 'type': 'struct stat*', 'value': '0x7FFC479C0BD0'}]",0,0
18009.779389,309,1,102,systemd-timesyn,ubuntu,5,fstat,2,0,"[{'name': 'fd', 'type': 'int', 'value': 16}, {'name': 'statbuf', 'type': 'struct stat*', 'value': '0x7FFC479C0A40'}]",0,0
18009.77946,309,1,102,systemd-timesyn,ubuntu,3,close,1,0,"[{'name': 'fd', 'type': 'int', 'value': 16}]",0,0
18009.779506,309,1,102,systemd-timesyn,ubuntu,1005,security_file_open,4,0,"[{'name': 'pathname', 'type': 'const char*', 'value': '/run/systemd/netif/state'}, {'name': 'flags', 'type': 'int', 'value': 'O_RDONLY|O_LARGEFILE'}, {'name': 'dev', 'type': 'dev_t', 'value': 25}, {'name': 'inode', 'type': 'unsigned long', 'value': 397}]",0,0
18009.780763,309,1,102,systemd-timesyn,ubuntu,257,openat,4,16,"[{'name': 'dirfd', 'type': 'int', 'value': -100}, {'name': 'pathname', 'type': 'const char*', 'value': '/run/systemd/netif/state'}, {'name': 'flags', 'type': 'int', 'value': 'O_RDONLY|O_CLOEXEC'}, {'name': 'mode', 'type': 'int', 'value': 460013348}]",0,0
18009.780828,309,1,102,systemd-timesyn,ubuntu,5,fstat,2,0,"[{'name': 'fd', 'type': 'int', 'value': 16}, {'name': 'statbuf', 'type': 'struct stat*', 'value': '0x7FFC479C0BD0'}]",0,0
18009.780867,309,1,102,systemd-timesyn,ubuntu,5,fstat,2,0,"[{'name': 'fd', 'type': 'int', 'value': 16}, {'name': 'statbuf', 'type': 'struct stat*', 'value': '0x7FFC479C0A40'}]",0,0
18009.780919,309,1,102,systemd-timesyn,ubuntu,3,close,1,0,"[{'name': 'fd', 'type': 'int', 'value': 16}]",0,0
18016.200273,191,1,0,systemd-udevd,ubuntu,41,socket,3,14,"[{'name': 'domain', 'type': 'int', 'value': 'AF_UNIX'}, {'name': 'type', 'type': 'int', 'value': 'SOCK_DGRAM|SOCK_CLOEXEC'}, {'name': 'protocol', 'type': 'int', 'value': 0}]",0,0
18016.201229,191,1,0,systemd-udevd,ubuntu,3,close,1,0,"[{'name': 'fd', 'type': 'int', 'value': 14}]",0,0
18041.745983,191,1,0,systemd-udevd,ubuntu,41,socket,3,14,"[{'name': 'domain', 'type': 'int', 'value': 'AF_UNIX'}, {'name': 'type', 'type': 'int', 'value': 'SOCK_DGRAM|SOCK_CLOEXEC'}, {'name': 'protocol', 'type': 'int', 'value': 0}]",0,0
18041.747421,191,1,0,systemd-udevd,ubuntu,3,close,1,0,"[{'name': 'fd', 'type': 'int', 'value': 14}]",0,0
18101.746265,309,1,102,systemd-timesyn,ubuntu,41,socket,3,16,"[{'name': 'domain', 'type': 'int', 'value': 'AF_UNIX'}, {'name': 'type', 'type': 'int', 'value': 'SOCK_DGRAM|SOCK_CLOEXEC'}, {'name': 'protocol', 'type': 'int', 'value': 0}]",0,0
18101.747394,309,1,102,systemd-timesyn,ubuntu,3,close,1,0,"[{'name': 'fd', 'type': 'int', 'value': 16}]",0,0
18136.203345,307,1,102,systemd-timesyn,ubuntu,41,socket,3,16,"[{'name': 'domain', 'type': 'int', 'value': 'AF_UNIX'}, {'name': 'type', 'type': 'int', 'value': 'SOCK_DGRAM|SOCK_CLOEXEC'}, {'name': 'protocol', 'type': 'int', 'value': 0}]",0,0
18136.203421,307,1,102,systemd-timesyn,ubuntu,3,close,1,0,"[{'name': 'fd', 'type': 'int', 'value': 16}]",0,0
18136.203713,191,1,0,systemd-udevd,ubuntu,41,socket,3,14,"[{'name': 'domain', 'type': 'int', 'value': 'AF_UNIX'}, {'name': 'type', 'type': 'int', 'value': 'SOCK_DGRAM|SOCK_CLOEXEC'}, {'name': 'protocol', 'type': 'int', 'value': 0}]",0,0
18136.20378,191,1,0,systemd-udevd,ubuntu,3,close,1,0,"[{'name': 'fd', 'type': 'int', 'value': 14}]",0,0
18161.746307,191,1,0,systemd-udevd,ubuntu,41,socket,3,14,"[{'name': 'domain', 'type': 'int', 'value': 'AF_UNIX'}, {'name': 'type', 'type': 'int', 'value': 'SOCK_DGRAM|SOCK_CLOEXEC'}, {'name': 'protocol', 'type': 'int', 'value': 0}]",0,0
18161.747397,191,1,0,systemd-udevd,ubuntu,3,close,1,0,"[{'name': 'fd', 'type': 'int', 'value': 14}]",0,0
18221.746016,309,1,102,systemd-timesyn,ubuntu,41,socket,3,16,"[{'name': 'domain', 'type': 'int', 'value': 'AF_UNIX'}, {'name': 'type', 'type': 'int', 'value': 'SOCK_DGRAM|SOCK_CLOEXEC'}, {'name': 'protocol', 'type': 'int', 'value': 0}]",0,0
18221.747843,309,1,102,systemd-timesyn,ubuntu,3,close,1,0,"[{'name': 'fd', 'type': 'int', 'value': 16}]",0,0
18256.230467,307,1,102,systemd-timesyn,ubuntu,41,socket,3,16,"[{'name': 'domain', 'type': 'int', 'value': 'AF_UNIX'}, {'name': 'type', 'type': 'int', 'value': 'SOCK_DGRAM|SOCK_CLOEXEC'}, {'name': 'protocol', 'type': 'int', 'value': 0}]",0,0
18256.230545,307,1,102,systemd-timesyn,ubuntu,3,close,1,0,"[{'name': 'fd', 'type': 'int', 'value': 16}]",0,0
18256.230835,191,1,0,systemd-udevd,ubuntu,41,socket,3,14,"[{'name': 'domain', 'type': 'int', 'value': 'AF_UNIX'}, {'name': 'type', 'type': 'int', 'value': 'SOCK_DGRAM|SOCK_CLOEXEC'}, {'name': 'protocol', 'type': 'int', 'value': 0}]",0,0
18256.230903,191,1,0,systemd-udevd,ubuntu,3,close,1,0,"[{'name': 'fd', 'type': 'int', 'value': 14}]",0,0
18281.745969,191,1,0,systemd-udevd,ubuntu,41,socket,3,14,"[{'name': 'domain', 'type': 'int', 'value': 'AF_UNIX'}, {'name': 'type', 'type': 'int', 'value': 'SOCK_DGRAM|SOCK_CLOEXEC'}, {'name': 'protocol', 'type': 'int', 'value': 0}]",0,0
18281.74609,191,1,0,systemd-udevd,ubuntu,3,close,1,0,"[{'name': 'fd', 'type': 'int', 'value': 14}]",0,0
18341.746277,309,1,102,systemd-timesyn,ubuntu,41,socket,3,16,"[{'name': 'domain', 'type': 'int', 'value': 'AF_UNIX'}, {'name': 'type', 'type': 'int', 'value': 'SOCK_DGRAM|SOCK_CLOEXEC'}, {'name': 'protocol', 'type': 'int', 'value': 0}]",0,0
18341.746355,309,1,102,systemd-timesyn,ubuntu,3,close,1,0,"[{'name': 'fd', 'type': 'int', 'value': 16}]",0,0
17242.062529,8564,191,0,systemd-udevd,ubuntu,3,close,1,0,"[{'name': 'fd', 'type': 'int', 'value': 12}]",0,0
17242.062389,191,1,0,systemd-udevd,ubuntu,62,kill,2,0,"[{'name': 'pid', 'type': 'pid_t', 'value': 8564}, {'name': 'sig', 'type': 'int', 'value': 15}]",0,0
17242.062979,8564,191,0,systemd-udevd,ubuntu,3,close,1,0,"[{'name': 'fd', 'type': 'int', 'value': 8}]",0,0
17242.06303,8564,191,0,systemd-udevd,ubuntu,3,close,1,0,"[{'name': 'fd', 'type': 'int', 'value': 5}]",0,0
17242.063192,8564,191,0,systemd-udevd,ubuntu,1010,sched_process_exit,0,0,[],0,0
17242.063369,191,1,0,systemd-udevd,ubuntu,1005,security_file_open,4,0,"[{'name': 'pathname', 'type': 'const char*', 'value': '/sys/fs/cgroup/unified/system.slice/systemd-udevd.service/cgroup.procs'}, {'name': 'flags', 'type': 'int', 'value': 'O_RDONLY|O_LARGEFILE'}, {'name': 'dev', 'type': 'dev_t', 'value': 28}, {'name': 'inode', 'type': 'unsigned long', 'value': 438}]",0,0
17242.063007,8564,191,0,systemd-udevd,ubuntu,3,close,1,0,"[{'name': 'fd', 'type': 'int', 'value': 7}]",0,0
17242.06341,191,1,0,systemd-udevd,ubuntu,257,openat,4,14,"[{'name': 'dirfd', 'type': 'int', 'value': -100}, {'name': 'pathname', 'type': 'const char*', 'value': '/sys/fs/cgroup/unified/system.slice/systemd-udevd.service/cgroup.procs'}, {'name': 'flags', 'type': 'int', 'value': 'O_RDONLY|O_CLOEXEC'}, {'name': 'mode', 'type': 'mode_t', 'value': 915717803}]",0,0
17242.063439,191,1,0,systemd-udevd,ubuntu,5,fstat,2,0,"[{'name': 'fd', 'type': 'int', 'value': 14}, {'name': 'statbuf', 'type': 'struct stat*', 'value': '0x7FFFB85BED50'}]",0,0
17242.063495,191,1,0,systemd-udevd,ubuntu,3,close,1,0,"[{'name': 'fd', 'type': 'int', 'value': 14}]",0,0
17242.063544,191,1,0,systemd-udevd,ubuntu,1005,security_file_open,4,0,"[{'name': 'pathname', 'type': 'const char*', 'value': '/sys/fs/cgroup/unified/system.slice/systemd-udevd.service/cgroup.threads'}, {'name': 'flags', 'type': 'int', 'value': 'O_RDONLY|O_LARGEFILE'}, {'name': 'dev', 'type': 'dev_t', 'value': 28}, {'name': 'inode', 'type': 'unsigned long', 'value': 439}]",0,0
17242.063576,191,1,0,systemd-udevd,ubuntu,257,openat,4,14,"[{'name': 'dirfd', 'type': 'int', 'value': -100}, {'name': 'pathname', 'type': 'const char*', 'value': '/sys/fs/cgroup/unified/system.slice/systemd-udevd.service/cgroup.threads'}, {'name': 'flags', 'type': 'int', 'value': 'O_RDONLY|O_CLOEXEC'}, {'name': 'mode', 'type': 'mode_t', 'value': 915717803}]",0,0
17242.0636,191,1,0,systemd-udevd,ubuntu,5,fstat,2,0,"[{'name': 'fd', 'type': 'int', 'value': 14}, {'name': 'statbuf', 'type': 'struct stat*', 'value': '0x7FFFB85BED50'}]",0,0
17242.063637,191,1,0,systemd-udevd,ubuntu,3,close,1,0,"[{'name': 'fd', 'type': 'int', 'value': 14}]",0,0
18376.230846,307,1,102,systemd-timesyn,ubuntu,41,socket,3,16,"[{'name': 'domain', 'type': 'int', 'value': 'AF_UNIX'}, {'name': 'type', 'type': 'int', 'value': 'SOCK_DGRAM|SOCK_CLOEXEC'}, {'name': 'protocol', 'type': 'int', 'value': 0}]",0,0
18376.230933,307,1,102,systemd-timesyn,ubuntu,3,close,1,0,"[{'name': 'fd', 'type': 'int', 'value': 16}]",0,0
18376.231228,191,1,0,systemd-udevd,ubuntu,41,socket,3,14,"[{'name': 'domain', 'type': 'int', 'value': 'AF_UNIX'}, {'name': 'type', 'type': 'int', 'value': 'SOCK_DGRAM|SOCK_CLOEXEC'}, {'name': 'protocol', 'type': 'int', 'value': 0}]",0,0
18376.231299,191,1,0,systemd-udevd,ubuntu,3,close,1,0,"[{'name': 'fd', 'type': 'int', 'value': 14}]",0,0
18401.745989,191,1,0,systemd-udevd,ubuntu,41,socket,3,14,"[{'name': 'domain', 'type': 'int', 'value': 'AF_UNIX'}, {'name': 'type', 'type': 'int', 'value': 'SOCK_DGRAM|SOCK_CLOEXEC'}, {'name': 'protocol', 'type': 'int', 'value': 0}]",0,0
18401.747405,191,1,0,systemd-udevd,ubuntu,3,close,1,0,"[{'name': 'fd', 'type': 'int', 'value': 14}]",0,0
18442.995999,309,1,102,systemd-timesyn,ubuntu,41,socket,3,16,"[{'name': 'domain', 'type': 'int', 'value': 'AF_UNIX'}, {'name': 'type', 'type': 'int', 'value': 'SOCK_DGRAM|SOCK_CLOEXEC'}, {'name': 'protocol', 'type': 'int', 'value': 0}]",0,0
18442.996843,309,1,102,systemd-timesyn,ubuntu,3,close,1,0,"[{'name': 'fd', 'type': 'int', 'value': 16}]",0,0
18442.996919,309,1,102,systemd-timesyn,ubuntu,41,socket,3,16,"[{'name': 'domain', 'type': 'int', 'value': 'AF_INET'}, {'name': 'type', 'type': 'int', 'value': 'SOCK_DGRAM|SOCK_CLOEXEC'}, {'name': 'protocol', 'type': 'int', 'value': 0}]",0,0
18442.996966,309,1,102,systemd-timesyn,ubuntu,49,bind,3,0,"[{'name': 'sockfd', 'type': 'int', 'value': 16}, {'name': 'addr', 'type': 'const void*', 'value': ""{'sa_family': 'AF_INET','sin_port': '0','sin_addr': '0.0.0.0'}""}, {'name': 'addrlen', 'type': 'int*', 'value': 16}]",0,0
18443.081131,309,1,102,systemd-timesyn,ubuntu,3,close,1,0,"[{'name': 'fd', 'type': 'int', 'value': 16}]",0,0
18443.081357,309,1,102,systemd-timesyn,ubuntu,1003,cap_capable,1,0,"[{'name': 'cap', 'type': 'int', 'value': 'CAP_SYS_TIME'}]",0,0
18443.081422,309,1,102,systemd-timesyn,ubuntu,257,openat,4,16,"[{'name': 'dirfd', 'type': 'int', 'value': -100}, {'name': 'pathname', 'type': 'const char*', 'value': '/var/lib/systemd/timesync/clock'}, {'name': 'flags', 'type': 'int', 'value': 'O_RDONLY|O_NOFOLLOW|O_CLOEXEC|O_PATH'}, {'name': 'mode', 'type': 'int', 'value': 460013348}]",0,0
18443.081581,309,1,102,systemd-timesyn,ubuntu,5,fstat,2,0,"[{'name': 'fd', 'type': 'int', 'value': 16}, {'name': 'statbuf', 'type': 'struct stat*', 'value': '0x7FFC479C0B50'}]",0,0
18443.081661,309,1,102,systemd-timesyn,ubuntu,3,close,1,0,"[{'name': 'fd', 'type': 'int', 'value': 16}]",0,0
18443.081718,309,1,102,systemd-timesyn,ubuntu,257,openat,4,16,"[{'name': 'dirfd', 'type': 'int', 'value': -100}, {'name': 'pathname', 'type': 'const char*', 'value': '/run/systemd/timesync/synchronized'}, {'name': 'flags', 'type': 'int', 'value': 'O_RDONLY|O_NOFOLLOW|O_CLOEXEC|O_PATH'}, {'name': 'mode', 'type': 'int', 'value': 460013348}]",0,0
18443.08177,309,1,102,systemd-timesyn,ubuntu,5,fstat,2,0,"[{'name': 'fd', 'type': 'int', 'value': 16}, {'name': 'statbuf', 'type': 'struct stat*', 'value': '0x7FFC479C0B50'}]",0,0
18443.081818,309,1,102,systemd-timesyn,ubuntu,3,close,1,0,"[{'name': 'fd', 'type': 'int', 'value': 16}]",0,0
16022.521959,191,1,0,systemd-udevd,ubuntu,257,openat,4,-2,"[{'name': 'dirfd', 'type': 'int', 'value': -100}, {'name': 'pathname', 'type': 'const char*', 'value': '/run/udev/queue'}, {'name': 'flags', 'type': 'unsigned int', 'value': 'O_RDONLY|O_NOFOLLOW|O_CLOEXEC|O_PATH'}, {'name': 'mode', 'type': 'int', 'value': 2278543019}]",0,0
16022.522005,191,1,0,systemd-udevd,ubuntu,1005,security_file_open,4,0,"[{'name': 'pathname', 'type': 'const char*', 'value': '/run/udev/queue'}, {'name': 'flags', 'type': 'unsigned int', 'value': 'O_WRONLY|O_CREAT|O_EXCL|O_LARGEFILE'}, {'name': 'dev', 'type': 'dev_t', 'value': 25}, {'name': 'inode', 'type': 'unsigned long', 'value': 468}]",0,0
16022.522036,191,1,0,systemd-udevd,ubuntu,257,openat,4,14,"[{'name': 'dirfd', 'type': 'int', 'value': -100}, {'name': 'pathname', 'type': 'const char*', 'value': '/run/udev/queue'}, {'name': 'flags', 'type': 'unsigned int', 'value': 'O_WRONLY|O_CREAT|O_EXCL|O_CLOEXEC'}, {'name': 'mode', 'type': 'int', 'value': 2278543019}]",0,0
16022.52211,191,1,0,systemd-udevd,ubuntu,3,close,1,0,"[{'name': 'fd', 'type': 'int', 'value': 14}]",0,0
16022.522061,191,1,0,systemd-udevd,ubuntu,5,fstat,2,0,"[{'name': 'fd', 'type': 'int', 'value': 14}, {'name': 'statbuf', 'type': 'struct stat*', 'value': '0x7FFD8E539020'}]",0,0
16022.52214,191,1,0,systemd-udevd,ubuntu,4,stat,2,0,"[{'name': 'pathname', 'type': 'const char*', 'value': '/etc/udev/rules.d'}, {'name': 'statbuf', 'type': 'struct stat*', 'value': '0x7FFD8E538F60'}]",0,0
16022.522164,191,1,0,systemd-udevd,ubuntu,4,stat,2,0,"[{'name': 'pathname', 'type': 'const char*', 'value': '/run/udev/rules.d'}, {'name': 'statbuf', 'type': 'struct stat*', 'value': '0x7FFD8E538F60'}]",0,0
16022.522188,191,1,0,systemd-udevd,ubuntu,4,stat,2,-2,"[{'name': 'pathname', 'type': 'const char*', 'value': '/usr/local/lib/udev/rules.d'}, {'name': 'statbuf', 'type': 'struct stat*', 'value': '0x7FFD8E538F60'}]",0,0
16022.522212,191,1,0,systemd-udevd,ubuntu,4,stat,2,0,"[{'name': 'pathname', 'type': 'const char*', 'value': '/usr/lib/udev/rules.d'}, {'name': 'statbuf', 'type': 'struct stat*', 'value': '0x7FFD8E538F60'}]",0,0
16022.522259,191,1,0,systemd-udevd,ubuntu,4,stat,2,-2,"[{'name': 'pathname', 'type': 'const char*', 'value': '/etc/systemd/hwdb/hwdb.bin'}, {'name': 'statbuf', 'type': 'struct stat*', 'value': '0x7FFD8E538FD0'}]",0,0
16022.522235,191,1,0,systemd-udevd,ubuntu,4,stat,2,0,"[{'name': 'pathname', 'type': 'const char*', 'value': '/lib/udev/rules.d'}, {'name': 'statbuf', 'type': 'struct stat*', 'value': '0x7FFD8E538F60'}]",0,0
16022.522283,191,1,0,systemd-udevd,ubuntu,4,stat,2,-2,"[{'name': 'pathname', 'type': 'const char*', 'value': '/etc/udev/hwdb.bin'}, {'name': 'statbuf', 'type': 'struct stat*', 'value': '0x7FFD8E538FD0'}]",0,0
16022.522307,191,1,0,systemd-udevd,ubuntu,4,stat,2,-2,"[{'name': 'pathname', 'type': 'const char*', 'value': '/usr/lib/systemd/hwdb/hwdb.bin'}, {'name': 'statbuf', 'type': 'struct stat*', 'value': '0x7FFD8E538FD0'}]",0,0
16022.52233,191,1,0,systemd-udevd,ubuntu,4,stat,2,-2,"[{'name': 'pathname', 'type': 'const char*', 'value': '/lib/systemd/hwdb/hwdb.bin'}, {'name': 'statbuf', 'type': 'struct stat*', 'value': '0x7FFD8E538FD0'}]",0,0
16022.522354,191,1,0,systemd-udevd,ubuntu,4,stat,2,0,"[{'name': 'pathname', 'type': 'const char*', 'value': '/lib/udev/hwdb.bin'}, {'name': 'statbuf', 'type': 'struct stat*', 'value': '0x7FFD8E538FD0'}]",0,0
16022.522379,191,1,0,systemd-udevd,ubuntu,4,stat,2,0,"[{'name': 'pathname', 'type': 'const char*', 'value': '/etc/modprobe.d'}, {'name': 'statbuf', 'type': 'struct stat*', 'value': '0x7FFD8E537F80'}]",0,0
16022.522403,191,1,0,systemd-udevd,ubuntu,4,stat,2,0,"[{'name': 'pathname', 'type': 'const char*', 'value': '/lib/modprobe.d'}, {'name': 'statbuf', 'type': 'struct stat*', 'value': '0x7FFD8E537F80'}]",0,0
16022.52243,191,1,0,systemd-udevd,ubuntu,4,stat,2,0,"[{'name': 'pathname', 'type': 'const char*', 'value': '/lib/modules/5.4.0-1048-aws/modules.dep.bin'}, {'name': 'statbuf', 'type': 'struct stat*', 'value': '0x7FFD8E537F70'}]",0,0
16022.522455,191,1,0,systemd-udevd,ubuntu,4,stat,2,0,"[{'name': 'pathname', 'type': 'const char*', 'value': '/lib/modules/5.4.0-1048-aws/modules.alias.bin'}, {'name': 'statbuf', 'type': 'struct stat*', 'value': '0x7FFD8E537F70'}]",0,0
16022.522479,191,1,0,systemd-udevd,ubuntu,4,stat,2,0,"[{'name': 'pathname', 'type': 'const char*', 'value': '/lib/modules/5.4.0-1048-aws/modules.symbols.bin'}, {'name': 'statbuf', 'type': 'struct stat*', 'value': '0x7FFD8E537F70'}]",0,0
16022.523028,191,1,0,systemd-udevd,ubuntu,4,stat,2,0,"[{'name': 'pathname', 'type': 'const char*', 'value': '/lib/modules/5.4.0-1048-aws/modules.builtin.bin'}, {'name': 'statbuf', 'type': 'struct stat*', 'value': '0x7FFD8E537F70'}]",0,0
16022.522993,191,1,0,systemd-udevd,ubuntu,4,stat,2,0,"[{'name': 'pathname', 'type': 'const char*', 'value': '/lib/modules/5.4.0-1048-aws/modules.builtin.alias.bin'}, {'name': 'statbuf', 'type': 'struct stat*', 'value': '0x7FFD8E537F70'}]",0,0
16022.523055,191,1,0,systemd-udevd,ubuntu,4,stat,2,0,"[{'name': 'pathname', 'type': 'const char*', 'value': '/etc/systemd/network'}, {'name': 'statbuf', 'type': 'struct stat*', 'value': '0x7FFD8E538F60'}]",0,0
16022.523082,191,1,0,systemd-udevd,ubuntu,4,stat,2,0,"[{'name': 'pathname', 'type': 'const char*', 'value': '/run/systemd/network'}, {'name': 'statbuf', 'type': 'struct stat*', 'value': '0x7FFD8E538F60'}]",0,0
16022.523105,191,1,0,systemd-udevd,ubuntu,4,stat,2,-2,"[{'name': 'pathname', 'type': 'const char*', 'value': '/usr/local/lib/systemd/network'}, {'name': 'statbuf', 'type': 'struct stat*', 'value': '0x7FFD8E538F60'}]",0,0
16022.523131,191,1,0,systemd-udevd,ubuntu,4,stat,2,0,"[{'name': 'pathname', 'type': 'const char*', 'value': '/usr/lib/systemd/network'}, {'name': 'statbuf', 'type': 'struct stat*', 'value': '0x7FFD8E538F60'}]",0,0
16022.523154,191,1,0,systemd-udevd,ubuntu,4,stat,2,0,"[{'name': 'pathname', 'type': 'const char*', 'value': '/lib/systemd/network'}, {'name': 'statbuf', 'type': 'struct stat*', 'value': '0x7FFD8E538F60'}]",0,0
16022.523189,191,1,0,systemd-udevd,ubuntu,41,socket,3,14,"[{'name': 'domain', 'type': 'int', 'value': 'AF_NETLINK'}, {'name': 'type', 'type': 'const char*', 'value': 'SOCK_RAW|SOCK_NONBLOCK|SOCK_CLOEXEC'}, {'name': 'protocol', 'type': 'int', 'value': 15}]",0,0
16022.523225,191,1,0,systemd-udevd,ubuntu,49,bind,3,0,"[{'name': 'sockfd', 'type': 'int', 'value': 14}, {'name': 'addr', 'type': 'struct sockaddr*', 'value': ""{'sa_family': 'AF_NETLINK'}""}, {'name': 'addrlen', 'type': 'int*', 'value': 12}]",0,0
16022.52325,191,1,0,systemd-udevd,ubuntu,51,getsockname,3,0,"[{'name': 'sockfd', 'type': 'int', 'value': 14}, {'name': 'addr', 'type': 'struct sockaddr*', 'value': ""{'sa_family': 'AF_NETLINK'}""}, {'name': 'addrlen', 'type': 'int*', 'value': '0x7FFD8E538FCC'}]",0,0
16022.52358,191,1,0,systemd-udevd,ubuntu,56,clone,5,8910,"[{'name': 'flags', 'type': 'unsigned int', 'value': 'CLONE_CHILD_CLEARTID|CLONE_CHILD_SETTID'}, {'name': 'stack', 'type': 'void*', 'value': '0x0'}, {'name': 'parent_tid', 'type': 'int*', 'value': '0x0'}, {'name': 'child_tid', 'type': 'int*', 'value': '0x7F5887CD20BF'}, {'name': 'tls', 'type': 'unsigned long', 'value': 0}]",0,0
16022.52363,191,1,0,systemd-udevd,ubuntu,3,close,1,0,"[{'name': 'fd', 'type': 'int', 'value': 14}]",0,0
16022.523815,8910,191,0,systemd-udevd,ubuntu,157,prctl,5,0,"[{'name': 'option', 'type': 'int', 'value': 'PR_SET_PDEATHSIG'}, {'name': 'arg2', 'type': 'unsigned long', 'value': 15}, {'name': 'arg3', 'type': 'unsigned long', 'value': 1}, {'name': 'arg4', 'type': 'unsigned long', 'value': 140018212466334}, {'name': 'arg5', 'type': 'unsigned long', 'value': 0}]",0,0
16022.52402,8910,191,0,systemd-udevd,ubuntu,1005,security_file_open,4,0,"[{'name': 'pathname', 'type': 'const char*', 'value': '/proc/8910/oom_score_adj'}, {'name': 'flags', 'type': 'unsigned int', 'value': 'O_WRONLY|O_NOCTTY|O_LARGEFILE'}, {'name': 'dev', 'type': 'dev_t', 'value': 5}, {'name': 'inode', 'type': 'unsigned long', 'value': 155697}]",0,0
18496.208693,307,1,102,systemd-timesyn,ubuntu,41,socket,3,16,"[{'name': 'domain', 'type': 'int', 'value': 'AF_UNIX'}, {'name': 'type', 'type': 'int', 'value': 'SOCK_DGRAM|SOCK_CLOEXEC'}, {'name': 'protocol', 'type': 'int', 'value': 0}]",0,0
18496.20877,307,1,102,systemd-timesyn,ubuntu,3,close,1,0,"[{'name': 'fd', 'type': 'int', 'value': 16}]",0,0
18496.209076,191,1,0,systemd-udevd,ubuntu,41,socket,3,14,"[{'name': 'domain', 'type': 'int', 'value': 'AF_UNIX'}, {'name': 'type', 'type': 'int', 'value': 'SOCK_DGRAM|SOCK_CLOEXEC'}, {'name': 'protocol', 'type': 'int', 'value': 0}]",0,0
18496.209146,191,1,0,systemd-udevd,ubuntu,3,close,1,0,"[{'name': 'fd', 'type': 'int', 'value': 14}]",0,0
18507.708696,307,1,102,systemd-timesyn,ubuntu,41,socket,3,16,"[{'name': 'domain', 'type': 'int', 'value': 'AF_INET'}, {'name': 'type', 'type': 'int', 'value': 'SOCK_DGRAM|SOCK_CLOEXEC'}, {'name': 'protocol', 'type': 'int', 'value': 0}]",0,0
18507.708743,307,1,102,systemd-timesyn,ubuntu,49,bind,3,0,"[{'name': 'sockfd', 'type': 'int', 'value': 16}, {'name': 'addr', 'type': 'void*', 'value': ""{'sa_family': 'AF_INET','sin_port': '0','sin_addr': '0.0.0.0'}""}, {'name': 'addrlen', 'type': 'int', 'value': 16}]",0,0
18507.753281,307,1,102,systemd-timesyn,ubuntu,3,close,1,0,"[{'name': 'fd', 'type': 'int', 'value': 16}]",0,0
18521.746,191,1,0,systemd-udevd,ubuntu,41,socket,3,14,"[{'name': 'domain', 'type': 'int', 'value': 'AF_UNIX'}, {'name': 'type', 'type': 'int', 'value': 'SOCK_DGRAM|SOCK_CLOEXEC'}, {'name': 'protocol', 'type': 'int', 'value': 0}]",0,0
18521.747419,191,1,0,systemd-udevd,ubuntu,3,close,1,0,"[{'name': 'fd', 'type': 'int', 'value': 14}]",0,0
17242.796559,191,1,0,systemd-udevd,ubuntu,1005,security_file_open,4,0,"[{'name': 'pathname', 'type': 'const char*', 'value': '/run/udev/queue'}, {'name': 'flags', 'type': 'int', 'value': 'O_WRONLY|O_CREAT|O_EXCL|O_LARGEFILE'}, {'name': 'dev', 'type': 'dev_t', 'value': 25}, {'name': 'inode', 'type': 'unsigned long', 'value': 397}]",0,0
17242.796519,191,1,0,systemd-udevd,ubuntu,257,openat,4,-2,"[{'name': 'dirfd', 'type': 'int', 'value': -100}, {'name': 'pathname', 'type': 'const char*', 'value': '/run/udev/queue'}, {'name': 'flags', 'type': 'int', 'value': 'O_RDONLY|O_NOFOLLOW|O_CLOEXEC|O_PATH'}, {'name': 'mode', 'type': 'mode_t', 'value': 915717803}]",0,0
17242.796659,191,1,0,systemd-udevd,ubuntu,3,close,1,0,"[{'name': 'fd', 'type': 'int', 'value': 14}]",0,0
17242.796591,191,1,0,systemd-udevd,ubuntu,257,openat,4,14,"[{'name': 'dirfd', 'type': 'int', 'value': -100}, {'name': 'pathname', 'type': 'const char*', 'value': '/run/udev/queue'}, {'name': 'flags', 'type': 'int', 'value': 'O_WRONLY|O_CREAT|O_EXCL|O_CLOEXEC'}, {'name': 'mode', 'type': 'mode_t', 'value': 915717803}]",0,0
17242.796617,191,1,0,systemd-udevd,ubuntu,5,fstat,2,0,"[{'name': 'fd', 'type': 'int', 'value': 14}, {'name': 'statbuf', 'type': 'struct stat*', 'value': '0x7FFFB85BF590'}]",0,0
17242.796712,191,1,0,systemd-udevd,ubuntu,4,stat,2,0,"[{'name': 'pathname', 'type': 'const char*', 'value': '/run/udev/rules.d'}, {'name': 'statbuf', 'type': 'struct stat*', 'value': '0x7FFFB85BF4D0'}]",0,0
17242.796737,191,1,0,systemd-udevd,ubuntu,4,stat,2,-2,"[{'name': 'pathname', 'type': 'const char*', 'value': '/usr/local/lib/udev/rules.d'}, {'name': 'statbuf', 'type': 'struct stat*', 'value': '0x7FFFB85BF4D0'}]",0,0
17242.796688,191,1,0,systemd-udevd,ubuntu,4,stat,2,0,"[{'name': 'pathname', 'type': 'const char*', 'value': '/etc/udev/rules.d'}, {'name': 'statbuf', 'type': 'struct stat*', 'value': '0x7FFFB85BF4D0'}]",0,0
17242.796761,191,1,0,systemd-udevd,ubuntu,4,stat,2,0,"[{'name': 'pathname', 'type': 'const char*', 'value': '/usr/lib/udev/rules.d'}, {'name': 'statbuf', 'type': 'struct stat*', 'value': '0x7FFFB85BF4D0'}]",0,0
17242.796785,191,1,0,systemd-udevd,ubuntu,4,stat,2,0,"[{'name': 'pathname', 'type': 'const char*', 'value': '/lib/udev/rules.d'}, {'name': 'statbuf', 'type': 'struct stat*', 'value': '0x7FFFB85BF4D0'}]",0,0
17242.796809,191,1,0,systemd-udevd,ubuntu,4,stat,2,-2,"[{'name': 'pathname', 'type': 'const char*', 'value': '/etc/systemd/hwdb/hwdb.bin'}, {'name': 'statbuf', 'type': 'struct stat*', 'value': '0x7FFFB85BF540'}]",0,0
17242.796833,191,1,0,systemd-udevd,ubuntu,4,stat,2,-2,"[{'name': 'pathname', 'type': 'const char*', 'value': '/etc/udev/hwdb.bin'}, {'name': 'statbuf', 'type': 'struct stat*', 'value': '0x7FFFB85BF540'}]",0,0
17242.796858,191,1,0,systemd-udevd,ubuntu,4,stat,2,-2,"[{'name': 'pathname', 'type': 'const char*', 'value': '/usr/lib/systemd/hwdb/hwdb.bin'}, {'name': 'statbuf', 'type': 'struct stat*', 'value': '0x7FFFB85BF540'}]",0,0
17242.796881,191,1,0,systemd-udevd,ubuntu,4,stat,2,-2,"[{'name': 'pathname', 'type': 'const char*', 'value': '/lib/systemd/hwdb/hwdb.bin'}, {'name': 'statbuf', 'type': 'struct stat*', 'value': '0x7FFFB85BF540'}]",0,0
17242.796906,191,1,0,systemd-udevd,ubuntu,4,stat,2,0,"[{'name': 'pathname', 'type': 'const char*', 'value': '/lib/udev/hwdb.bin'}, {'name': 'statbuf', 'type': 'struct stat*', 'value': '0x7FFFB85BF540'}]",0,0
17242.796932,191,1,0,systemd-udevd,ubuntu,4,stat,2,0,"[{'name': 'pathname', 'type': 'const char*', 'value': '/etc/modprobe.d'}, {'name': 'statbuf', 'type': 'struct stat*', 'value': '0x7FFFB85BE4F0'}]",0,0
17242.796956,191,1,0,systemd-udevd,ubuntu,4,stat,2,0,"[{'name': 'pathname', 'type': 'const char*', 'value': '/lib/modprobe.d'}, {'name': 'statbuf', 'type': 'struct stat*', 'value': '0x7FFFB85BE4F0'}]",0,0
17242.796983,191,1,0,systemd-udevd,ubuntu,4,stat,2,0,"[{'name': 'pathname', 'type': 'const char*', 'value': '/lib/modules/5.4.0-1048-aws/modules.dep.bin'}, {'name': 'statbuf', 'type': 'struct stat*', 'value': '0x7FFFB85BE4E0'}]",0,0
17242.797008,191,1,0,systemd-udevd,ubuntu,4,stat,2,0,"[{'name': 'pathname', 'type': 'const char*', 'value': '/lib/modules/5.4.0-1048-aws/modules.alias.bin'}, {'name': 'statbuf', 'type': 'struct stat*', 'value': '0x7FFFB85BE4E0'}]",0,0
17242.797038,191,1,0,systemd-udevd,ubuntu,4,stat,2,0,"[{'name': 'pathname', 'type': 'const char*', 'value': '/lib/modules/5.4.0-1048-aws/modules.symbols.bin'}, {'name': 'statbuf', 'type': 'struct stat*', 'value': '0x7FFFB85BE4E0'}]",0,0
17242.797063,191,1,0,systemd-udevd,ubuntu,4,stat,2,0,"[{'name': 'pathname', 'type': 'const char*', 'value': '/lib/modules/5.4.0-1048-aws/modules.builtin.alias.bin'}, {'name': 'statbuf', 'type': 'struct stat*', 'value': '0x7FFFB85BE4E0'}]",0,0
17242.797088,191,1,0,systemd-udevd,ubuntu,4,stat,2,0,"[{'name': 'pathname', 'type': 'const char*', 'value': '/lib/modules/5.4.0-1048-aws/modules.builtin.bin'}, {'name': 'statbuf', 'type': 'struct stat*', 'value': '0x7FFFB85BE4E0'}]",0,0
17242.797113,191,1,0,systemd-udevd,ubuntu,4,stat,2,0,"[{'name': 'pathname', 'type': 'const char*', 'value': '/etc/systemd/network'}, {'name': 'statbuf', 'type': 'struct stat*', 'value': '0x7FFFB85BF4D0'}]",0,0
17242.797137,191,1,0,systemd-udevd,ubuntu,4,stat,2,0,"[{'name': 'pathname', 'type': 'const char*', 'value': '/run/systemd/network'}, {'name': 'statbuf', 'type': 'struct stat*', 'value': '0x7FFFB85BF4D0'}]",0,0
17242.79716,191,1,0,systemd-udevd,ubuntu,4,stat,2,-2,"[{'name': 'pathname', 'type': 'const char*', 'value': '/usr/local/lib/systemd/network'}, {'name': 'statbuf', 'type': 'struct stat*', 'value': '0x7FFFB85BF4D0'}]",0,0
17242.797184,191,1,0,systemd-udevd,ubuntu,4,stat,2,0,"[{'name': 'pathname', 'type': 'const char*', 'value': '/usr/lib/systemd/network'}, {'name': 'statbuf', 'type': 'struct stat*', 'value': '0x7FFFB85BF4D0'}]",0,0
17242.797207,191,1,0,systemd-udevd,ubuntu,4,stat,2,0,"[{'name': 'pathname', 'type': 'const char*', 'value': '/lib/systemd/network'}, {'name': 'statbuf', 'type': 'struct stat*', 'value': '0x7FFFB85BF4D0'}]",0,0
17242.797241,191,1,0,systemd-udevd,ubuntu,41,socket,3,14,"[{'name': 'domain', 'type': 'int', 'value': 'AF_NETLINK'}, {'name': 'type', 'type': 'int', 'value': 'SOCK_RAW|SOCK_NONBLOCK|SOCK_CLOEXEC'}, {'name': 'protocol', 'type': 'int', 'value': 15}]",0,0
17242.797276,191,1,0,systemd-udevd,ubuntu,49,bind,3,0,"[{'name': 'sockfd', 'type': 'int', 'value': 14}, {'name': 'addr', 'type': 'const void*', 'value': ""{'sa_family': 'AF_NETLINK'}""}, {'name': 'addrlen', 'type': 'int*', 'value': 12}]",0,0
17242.797598,191,1,0,systemd-udevd,ubuntu,56,clone,5,8565,"[{'name': 'flags', 'type': 'unsigned int', 'value': 'CLONE_CHILD_CLEARTID|CLONE_CHILD_SETTID'}, {'name': 'stack', 'type': 'void*', 'value': '0x0'}, {'name': 'parent_tid', 'type': 'int*', 'value': '0x0'}, {'name': 'child_tid', 'type': 'int*', 'value': '0x7FAC369210BF'}, {'name': 'tls', 'type': 'unsigned long', 'value': 0}]",0,0
17242.797304,191,1,0,systemd-udevd,ubuntu,51,getsockname,3,0,"[{'name': 'sockfd', 'type': 'int', 'value': 14}, {'name': 'addr', 'type': 'const void*', 'value': ""{'sa_family': 'AF_NETLINK'}""}, {'name': 'addrlen', 'type': 'int*', 'value': '0x7FFFB85BF53C'}]",0,0
17242.797639,191,1,0,systemd-udevd,ubuntu,3,close,1,0,"[{'name': 'fd', 'type': 'int', 'value': 14}]",0,0
17242.799322,8565,191,0,systemd-udevd,ubuntu,157,prctl,5,0,"[{'name': 'option', 'type': 'int', 'value': 'PR_SET_PDEATHSIG'}, {'name': 'arg2', 'type': 'unsigned long', 'value': 15}, {'name': 'arg3', 'type': 'unsigned long', 'value': 1}, {'name': 'arg4', 'type': 'unsigned long', 'value': 140377626893982}, {'name': 'arg5', 'type': 'unsigned long', 'value': 0}]",0,0
17242.799455,8565,191,0,systemd-udevd,ubuntu,1005,security_file_open,4,0,"[{'name': 'pathname', 'type': 'const char*', 'value': '/proc/8565/oom_score_adj'}, {'name': 'flags', 'type': 'int', 'value': 'O_WRONLY|O_NOCTTY|O_LARGEFILE'}, {'name': 'dev', 'type': 'dev_t', 'value': 5}, {'name': 'inode', 'type': 'unsigned long', 'value': 122057}]",0,0
17242.799488,8565,191,0,systemd-udevd,ubuntu,257,openat,4,15,"[{'name': 'dirfd', 'type': 'int', 'value': -100}, {'name': 'pathname', 'type': 'const char*', 'value': '/proc/self/oom_score_adj'}, {'name': 'flags', 'type': 'int', 'value': 'O_WRONLY|O_NOCTTY|O_CLOEXEC'}, {'name': 'mode', 'type': 'mode_t', 'value': 915717803}]",0,0
17242.799588,8565,191,0,systemd-udevd,ubuntu,3,close,1,0,"[{'name': 'fd', 'type': 'int', 'value': 15}]",0,0
17242.799684,8565,191,0,systemd-udevd,ubuntu,3,close,1,0,"[{'name': 'fd', 'type': 'int', 'value': 4}]",0,0
17242.79971,8565,191,0,systemd-udevd,ubuntu,3,close,1,0,"[{'name': 'fd', 'type': 'int', 'value': 3}]",0,0
17242.799733,8565,191,0,systemd-udevd,ubuntu,3,close,1,0,"[{'name': 'fd', 'type': 'int', 'value': 6}]",0,0
17242.799855,8565,191,0,systemd-udevd,ubuntu,257,openat,4,-2,"[{'name': 'dirfd', 'type': 'int', 'value': -100}, {'name': 'pathname', 'type': 'const char*', 'value': '/sys/kernel/slab/kmalloc-rcl-128/cgroup/kmalloc-rcl-128(83:systemd-journald.service)/uevent'}, {'name': 'flags', 'type': 'int', 'value': 'O_RDONLY|O_CLOEXEC'}, {'name': 'mode', 'type': 'mode_t', 'value': 915717803}]",0,0
17242.799888,8565,191,0,systemd-udevd,ubuntu,257,openat,4,-2,"[{'name': 'dirfd', 'type': 'int', 'value': -100}, {'name': 'pathname', 'type': 'const char*', 'value': '/sys/kernel/slab/kmalloc-rcl-128/cgroup/kmalloc-rcl-128(83:systemd-journald.service)/uevent'}, {'name': 'flags', 'type': 'int', 'value': 'O_RDONLY|O_CLOEXEC'}, {'name': 'mode', 'type': 'mode_t', 'value': 915717803}]",0,0
17242.799927,8565,191,0,systemd-udevd,ubuntu,257,openat,4,-2,"[{'name': 'dirfd', 'type': 'int', 'value': -100}, {'name': 'pathname', 'type': 'const char*', 'value': '/run/udev/data/+cgroup:kmalloc-rcl-128(83:systemd-journald.service)'}, {'name': 'flags', 'type': 'int', 'value': 'O_RDONLY|O_CLOEXEC'}, {'name': 'mode', 'type': 'mode_t', 'value': 915717803}]",0,0
17242.800022,8565,191,0,systemd-udevd,ubuntu,21,access,2,-2,"[{'name': 'pathname', 'type': 'const char*', 'value': '/sys/bus/dmi/devices/id'}, {'name': 'mode', 'type': 'mode_t', 'value': 'F_OK'}]",0,0
17242.799993,8565,191,0,systemd-udevd,ubuntu,21,access,2,-2,"[{'name': 'pathname', 'type': 'const char*', 'value': '/sys/subsystem/dmi/devices/id'}, {'name': 'mode', 'type': 'mode_t', 'value': 'F_OK'}]",0,0
17242.80011,8565,191,0,systemd-udevd,ubuntu,257,openat,4,15,"[{'name': 'dirfd', 'type': 'int', 'value': 6}, {'name': 'pathname', 'type': 'const char*', 'value': 'sys'}, {'name': 'flags', 'type': 'int', 'value': 'O_RDONLY|O_NOFOLLOW|O_CLOEXEC|O_PATH'}, {'name': 'mode', 'type': 'mode_t', 'value': 915718182}]",0,0
17242.800135,8565,191,0,systemd-udevd,ubuntu,5,fstat,2,0,"[{'name': 'fd', 'type': 'int', 'value': 15}, {'name': 'statbuf', 'type': 'struct stat*', 'value': '0x7FFFB85B9800'}]",0,0
17242.800056,8565,191,0,systemd-udevd,ubuntu,21,access,2,0,"[{'name': 'pathname', 'type': 'const char*', 'value': '/sys/class/dmi/id'}, {'name': 'mode', 'type': 'mode_t', 'value': 'F_OK'}]",0,0
17242.800158,8565,191,0,systemd-udevd,ubuntu,3,close,1,0,"[{'name': 'fd', 'type': 'int', 'value': 6}]",0,0
17242.800084,8565,191,0,systemd-udevd,ubuntu,257,openat,4,6,"[{'name': 'dirfd', 'type': 'int', 'value': -100}, {'name': 'pathname', 'type': 'const char*', 'value': '/'}, {'name': 'flags', 'type': 'int', 'value': 'O_RDONLY|O_DIRECTORY|O_CLOEXEC|O_PATH'}, {'name': 'mode', 'type': 'mode_t', 'value': 915717803}]",0,0
17242.800184,8565,191,0,systemd-udevd,ubuntu,257,openat,4,6,"[{'name': 'dirfd', 'type': 'int', 'value': 15}, {'name': 'pathname', 'type': 'const char*', 'value': 'class'}, {'name': 'flags', 'type': 'int', 'value': 'O_RDONLY|O_NOFOLLOW|O_CLOEXEC|O_PATH'}, {'name': 'mode', 'type': 'mode_t', 'value': 915718182}]",0,0
17242.800207,8565,191,0,systemd-udevd,ubuntu,5,fstat,2,0,"[{'name': 'fd', 'type': 'int', 'value': 6}, {'name': 'statbuf', 'type': 'struct stat*', 'value': '0x7FFFB85B9800'}]",0,0
17242.800231,8565,191,0,systemd-udevd,ubuntu,3,close,1,0,"[{'name': 'fd', 'type': 'int', 'value': 15}]",0,0
17242.800256,8565,191,0,systemd-udevd,ubuntu,257,openat,4,15,"[{'name': 'dirfd', 'type': 'int', 'value': 6}, {'name': 'pathname', 'type': 'const char*', 'value': 'dmi'}, {'name': 'flags', 'type': 'int', 'value': 'O_RDONLY|O_NOFOLLOW|O_CLOEXEC|O_PATH'}, {'name': 'mode', 'type': 'mode_t', 'value': 915718182}]",0,0
17242.800279,8565,191,0,systemd-udevd,ubuntu,5,fstat,2,0,"[{'name': 'fd', 'type': 'int', 'value': 15}, {'name': 'statbuf', 'type': 'struct stat*', 'value': '0x7FFFB85B9800'}]",0,0
17242.800303,8565,191,0,systemd-udevd,ubuntu,3,close,1,0,"[{'name': 'fd', 'type': 'int', 'value': 6}]",0,0
17242.800328,8565,191,0,systemd-udevd,ubuntu,257,openat,4,6,"[{'name': 'dirfd', 'type': 'int', 'value': 15}, {'name': 'pathname', 'type': 'const char*', 'value': 'id'}, {'name': 'flags', 'type': 'int', 'value': 'O_RDONLY|O_NOFOLLOW|O_CLOEXEC|O_PATH'}, {'name': 'mode', 'type': 'mode_t', 'value': 915718182}]",0,0
17242.800352,8565,191,0,systemd-udevd,ubuntu,5,fstat,2,0,"[{'name': 'fd', 'type': 'int', 'value': 6}, {'name': 'statbuf', 'type': 'struct stat*', 'value': '0x7FFFB85B9800'}]",0,0
17242.800401,8565,191,0,systemd-udevd,ubuntu,3,close,1,0,"[{'name': 'fd', 'type': 'int', 'value': 6}]",0,0
17242.800428,8565,191,0,systemd-udevd,ubuntu,257,openat,4,6,"[{'name': 'dirfd', 'type': 'int', 'value': 15}, {'name': 'pathname', 'type': 'const char*', 'value': '..'}, {'name': 'flags', 'type': 'int', 'value': 'O_RDONLY|O_NOFOLLOW|O_CLOEXEC|O_PATH'}, {'name': 'mode', 'type': 'mode_t', 'value': 915718182}]",0,0
17242.800452,8565,191,0,systemd-udevd,ubuntu,3,close,1,0,"[{'name': 'fd', 'type': 'int', 'value': 15}]",0,0
17242.800477,8565,191,0,systemd-udevd,ubuntu,257,openat,4,15,"[{'name': 'dirfd', 'type': 'int', 'value': 6}, {'name': 'pathname', 'type': 'const char*', 'value': '..'}, {'name': 'flags', 'type': 'int', 'value': 'O_RDONLY|O_NOFOLLOW|O_CLOEXEC|O_PATH'}, {'name': 'mode', 'type': 'mode_t', 'value': 915718182}]",0,0
17242.8005,8565,191,0,systemd-udevd,ubuntu,3,close,1,0,"[{'name': 'fd', 'type': 'int', 'value': 6}]",0,0
17242.800526,8565,191,0,systemd-udevd,ubuntu,257,openat,4,6,"[{'name': 'dirfd', 'type': 'int', 'value': 15}, {'name': 'pathname', 'type': 'const char*', 'value': 'devices'}, {'name': 'flags', 'type': 'int', 'value': 'O_RDONLY|O_NOFOLLOW|O_CLOEXEC|O_PATH'}, {'name': 'mode', 'type': 'mode_t', 'value': 915718182}]",0,0
17242.800549,8565,191,0,systemd-udevd,ubuntu,5,fstat,2,0,"[{'name': 'fd', 'type': 'int', 'value': 6}, {'name': 'statbuf', 'type': 'struct stat*', 'value': '0x7FFFB85B9800'}]",0,0
17242.800571,8565,191,0,systemd-udevd,ubuntu,3,close,1,0,"[{'name': 'fd', 'type': 'int', 'value': 15}]",0,0
17242.800596,8565,191,0,systemd-udevd,ubuntu,257,openat,4,15,"[{'name': 'dirfd', 'type': 'int', 'value': 6}, {'name': 'pathname', 'type': 'const char*', 'value': 'virtual'}, {'name': 'flags', 'type': 'int', 'value': 'O_RDONLY|O_NOFOLLOW|O_CLOEXEC|O_PATH'}, {'name': 'mode', 'type': 'mode_t', 'value': 915718182}]",0,0
17242.800619,8565,191,0,systemd-udevd,ubuntu,5,fstat,2,0,"[{'name': 'fd', 'type': 'int', 'value': 15}, {'name': 'statbuf', 'type': 'struct stat*', 'value': '0x7FFFB85B9800'}]",0,0
17242.800641,8565,191,0,systemd-udevd,ubuntu,3,close,1,0,"[{'name': 'fd', 'type': 'int', 'value': 6}]",0,0
17242.800667,8565,191,0,systemd-udevd,ubuntu,257,openat,4,6,"[{'name': 'dirfd', 'type': 'int', 'value': 15}, {'name': 'pathname', 'type': 'const char*', 'value': 'dmi'}, {'name': 'flags', 'type': 'int', 'value': 'O_RDONLY|O_NOFOLLOW|O_CLOEXEC|O_PATH'}, {'name': 'mode', 'type': 'mode_t', 'value': 915718182}]",0,0
17242.80069,8565,191,0,systemd-udevd,ubuntu,5,fstat,2,0,"[{'name': 'fd', 'type': 'int', 'value': 6}, {'name': 'statbuf', 'type': 'struct stat*', 'value': '0x7FFFB85B9800'}]",0,0
17242.800713,8565,191,0,systemd-udevd,ubuntu,3,close,1,0,"[{'name': 'fd', 'type': 'int', 'value': 15}]",0,0
17242.800739,8565,191,0,systemd-udevd,ubuntu,257,openat,4,15,"[{'name': 'dirfd', 'type': 'int', 'value': 6}, {'name': 'pathname', 'type': 'const char*', 'value': 'id'}, {'name': 'flags', 'type': 'int', 'value': 'O_RDONLY|O_NOFOLLOW|O_CLOEXEC|O_PATH'}, {'name': 'mode', 'type': 'mode_t', 'value': 915718182}]",0,0
17242.800762,8565,191,0,systemd-udevd,ubuntu,5,fstat,2,0,"[{'name': 'fd', 'type': 'int', 'value': 15}, {'name': 'statbuf', 'type': 'struct stat*', 'value': '0x7FFFB85B9800'}]",0,0
17242.800785,8565,191,0,systemd-udevd,ubuntu,3,close,1,0,"[{'name': 'fd', 'type': 'int', 'value': 6}]",0,0
17242.800809,8565,191,0,systemd-udevd,ubuntu,3,close,1,0,"[{'name': 'fd', 'type': 'int', 'value': 15}]",0,0
17242.800836,8565,191,0,systemd-udevd,ubuntu,21,access,2,0,"[{'name': 'pathname', 'type': 'const char*', 'value': '/sys/devices/virtual/dmi/id/uevent'}, {'name': 'mode', 'type': 'mode_t', 'value': 'F_OK'}]",0,0
17242.800865,8565,191,0,systemd-udevd,ubuntu,6,lstat,2,0,"[{'name': 'pathname', 'type': 'const char*', 'value': '/sys/devices/virtual/dmi/id/sys_vendor'}, {'name': 'statbuf', 'type': 'struct stat*', 'value': '0x7FFFB85BA910'}]",0,0
17242.800891,8565,191,0,systemd-udevd,ubuntu,1005,security_file_open,4,0,"[{'name': 'pathname', 'type': 'const char*', 'value': '/sys/devices/virtual/dmi/id/sys_vendor'}, {'name': 'flags', 'type': 'int', 'value': 'O_RDONLY|O_LARGEFILE'}, {'name': 'dev', 'type': 'dev_t', 'value': 22}, {'name': 'inode', 'type': 'unsigned long', 'value': 713}]",0,0
17242.800921,8565,191,0,systemd-udevd,ubuntu,257,openat,4,6,"[{'name': 'dirfd', 'type': 'int', 'value': -100}, {'name': 'pathname', 'type': 'const char*', 'value': '/sys/devices/virtual/dmi/id/sys_vendor'}, {'name': 'flags', 'type': 'int', 'value': 'O_RDONLY|O_CLOEXEC'}, {'name': 'mode', 'type': 'mode_t', 'value': 915717803}]",0,0
17242.800944,8565,191,0,systemd-udevd,ubuntu,5,fstat,2,0,"[{'name': 'fd', 'type': 'int', 'value': 6}, {'name': 'statbuf', 'type': 'struct stat*', 'value': '0x7FFFB85BA9A0'}]",0,0
17242.80098,8565,191,0,systemd-udevd,ubuntu,3,close,1,0,"[{'name': 'fd', 'type': 'int', 'value': 6}]",0,0
17242.801012,8565,191,0,systemd-udevd,ubuntu,21,access,2,-2,"[{'name': 'pathname', 'type': 'const char*', 'value': '/sys/subsystem/dmi/devices/id'}, {'name': 'mode', 'type': 'mode_t', 'value': 'F_OK'}]",0,0
17242.801039,8565,191,0,systemd-udevd,ubuntu,21,access,2,-2,"[{'name': 'pathname', 'type': 'const char*', 'value': '/sys/bus/dmi/devices/id'}, {'name': 'mode', 'type': 'mode_t', 'value': 'F_OK'}]",0,0
17242.801066,8565,191,0,systemd-udevd,ubuntu,21,access,2,0,"[{'name': 'pathname', 'type': 'const char*', 'value': '/sys/class/dmi/id'}, {'name': 'mode', 'type': 'mode_t', 'value': 'F_OK'}]",0,0
17242.801097,8565,191,0,systemd-udevd,ubuntu,257,openat,4,6,"[{'name': 'dirfd', 'type': 'int', 'value': -100}, {'name': 'pathname', 'type': 'const char*', 'value': '/'}, {'name': 'flags', 'type': 'int', 'value': 'O_RDONLY|O_DIRECTORY|O_CLOEXEC|O_PATH'}, {'name': 'mode', 'type': 'mode_t', 'value': 915717803}]",0,0
17242.801122,8565,191,0,systemd-udevd,ubuntu,257,openat,4,15,"[{'name': 'dirfd', 'type': 'int', 'value': 6}, {'name': 'pathname', 'type': 'const char*', 'value': 'sys'}, {'name': 'flags', 'type': 'int', 'value': 'O_RDONLY|O_NOFOLLOW|O_CLOEXEC|O_PATH'}, {'name': 'mode', 'type': 'mode_t', 'value': 915718182}]",0,0
17242.801145,8565,191,0,systemd-udevd,ubuntu,5,fstat,2,0,"[{'name': 'fd', 'type': 'int', 'value': 15}, {'name': 'statbuf', 'type': 'struct stat*', 'value': '0x7FFFB85B9800'}]",0,0
17242.801168,8565,191,0,systemd-udevd,ubuntu,3,close,1,0,"[{'name': 'fd', 'type': 'int', 'value': 6}]",0,0
17242.801194,8565,191,0,systemd-udevd,ubuntu,257,openat,4,6,"[{'name': 'dirfd', 'type': 'int', 'value': 15}, {'name': 'pathname', 'type': 'const char*', 'value': 'class'}, {'name': 'flags', 'type': 'int', 'value': 'O_RDONLY|O_NOFOLLOW|O_CLOEXEC|O_PATH'}, {'name': 'mode', 'type': 'mode_t', 'value': 915718182}]",0,0
17242.801217,8565,191,0,systemd-udevd,ubuntu,5,fstat,2,0,"[{'name': 'fd', 'type': 'int', 'value': 6}, {'name': 'statbuf', 'type': 'struct stat*', 'value': '0x7FFFB85B9800'}]",0,0
17242.80124,8565,191,0,systemd-udevd,ubuntu,3,close,1,0,"[{'name': 'fd', 'type': 'int', 'value': 15}]",0,0
17242.801266,8565,191,0,systemd-udevd,ubuntu,257,openat,4,15,"[{'name': 'dirfd', 'type': 'int', 'value': 6}, {'name': 'pathname', 'type': 'const char*', 'value': 'dmi'}, {'name': 'flags', 'type': 'int', 'value': 'O_RDONLY|O_NOFOLLOW|O_CLOEXEC|O_PATH'}, {'name': 'mode', 'type': 'mode_t', 'value': 915718182}]",0,0
17242.801289,8565,191,0,systemd-udevd,ubuntu,5,fstat,2,0,"[{'name': 'fd', 'type': 'int', 'value': 15}, {'name': 'statbuf', 'type': 'struct stat*', 'value': '0x7FFFB85B9800'}]",0,0
17242.801312,8565,191,0,systemd-udevd,ubuntu,3,close,1,0,"[{'name': 'fd', 'type': 'int', 'value': 6}]",0,0
17242.801337,8565,191,0,systemd-udevd,ubuntu,257,openat,4,6,"[{'name': 'dirfd', 'type': 'int', 'value': 15}, {'name': 'pathname', 'type': 'const char*', 'value': 'id'}, {'name': 'flags', 'type': 'int', 'value': 'O_RDONLY|O_NOFOLLOW|O_CLOEXEC|O_PATH'}, {'name': 'mode', 'type': 'mode_t', 'value': 915718182}]",0,0
17242.801361,8565,191,0,systemd-udevd,ubuntu,5,fstat,2,0,"[{'name': 'fd', 'type': 'int', 'value': 6}, {'name': 'statbuf', 'type': 'struct stat*', 'value': '0x7FFFB85B9800'}]",0,0
17242.801391,8565,191,0,systemd-udevd,ubuntu,3,close,1,0,"[{'name': 'fd', 'type': 'int', 'value': 6}]",0,0
17242.801419,8565,191,0,systemd-udevd,ubuntu,257,openat,4,6,"[{'name': 'dirfd', 'type': 'int', 'value': 15}, {'name': 'pathname', 'type': 'const char*', 'value': '..'}, {'name': 'flags', 'type': 'int', 'value': 'O_RDONLY|O_NOFOLLOW|O_CLOEXEC|O_PATH'}, {'name': 'mode', 'type': 'mode_t', 'value': 915718182}]",0,0
17242.801443,8565,191,0,systemd-udevd,ubuntu,3,close,1,0,"[{'name': 'fd', 'type': 'int', 'value': 15}]",0,0
17242.801468,8565,191,0,systemd-udevd,ubuntu,257,openat,4,15,"[{'name': 'dirfd', 'type': 'int', 'value': 6}, {'name': 'pathname', 'type': 'const char*', 'value': '..'}, {'name': 'flags', 'type': 'int', 'value': 'O_RDONLY|O_NOFOLLOW|O_CLOEXEC|O_PATH'}, {'name': 'mode', 'type': 'mode_t', 'value': 915718182}]",0,0
17242.801491,8565,191,0,systemd-udevd,ubuntu,3,close,1,0,"[{'name': 'fd', 'type': 'int', 'value': 6}]",0,0
17242.801516,8565,191,0,systemd-udevd,ubuntu,257,openat,4,6,"[{'name': 'dirfd', 'type': 'int', 'value': 15}, {'name': 'pathname', 'type': 'const char*', 'value': 'devices'}, {'name': 'flags', 'type': 'int', 'value': 'O_RDONLY|O_NOFOLLOW|O_CLOEXEC|O_PATH'}, {'name': 'mode', 'type': 'mode_t', 'value': 915718182}]",0,0
17242.801539,8565,191,0,systemd-udevd,ubuntu,5,fstat,2,0,"[{'name': 'fd', 'type': 'int', 'value': 6}, {'name': 'statbuf', 'type': 'struct stat*', 'value': '0x7FFFB85B9800'}]",0,0
17242.801561,8565,191,0,systemd-udevd,ubuntu,3,close,1,0,"[{'name': 'fd', 'type': 'int', 'value': 15}]",0,0
17242.801586,8565,191,0,systemd-udevd,ubuntu,257,openat,4,15,"[{'name': 'dirfd', 'type': 'int', 'value': 6}, {'name': 'pathname', 'type': 'const char*', 'value': 'virtual'}, {'name': 'flags', 'type': 'int', 'value': 'O_RDONLY|O_NOFOLLOW|O_CLOEXEC|O_PATH'}, {'name': 'mode', 'type': 'mode_t', 'value': 915718182}]",0,0
17242.801609,8565,191,0,systemd-udevd,ubuntu,5,fstat,2,0,"[{'name': 'fd', 'type': 'int', 'value': 15}, {'name': 'statbuf', 'type': 'struct stat*', 'value': '0x7FFFB85B9800'}]",0,0
17242.801631,8565,191,0,systemd-udevd,ubuntu,3,close,1,0,"[{'name': 'fd', 'type': 'int', 'value': 6}]",0,0
17242.801657,8565,191,0,systemd-udevd,ubuntu,257,openat,4,6,"[{'name': 'dirfd', 'type': 'int', 'value': 15}, {'name': 'pathname', 'type': 'const char*', 'value': 'dmi'}, {'name': 'flags', 'type': 'int', 'value': 'O_RDONLY|O_NOFOLLOW|O_CLOEXEC|O_PATH'}, {'name': 'mode', 'type': 'mode_t', 'value': 915718182}]",0,0
17242.80168,8565,191,0,systemd-udevd,ubuntu,5,fstat,2,0,"[{'name': 'fd', 'type': 'int', 'value': 6}, {'name': 'statbuf', 'type': 'struct stat*', 'value': '0x7FFFB85B9800'}]",0,0
17242.801703,8565,191,0,systemd-udevd,ubuntu,3,close,1,0,"[{'name': 'fd', 'type': 'int', 'value': 15}]",0,0
17242.801728,8565,191,0,systemd-udevd,ubuntu,257,openat,4,15,"[{'name': 'dirfd', 'type': 'int', 'value': 6}, {'name': 'pathname', 'type': 'const char*', 'value': 'id'}, {'name': 'flags', 'type': 'int', 'value': 'O_RDONLY|O_NOFOLLOW|O_CLOEXEC|O_PATH'}, {'name': 'mode', 'type': 'mode_t', 'value': 915718182}]",0,0
17242.801751,8565,191,0,systemd-udevd,ubuntu,5,fstat,2,0,"[{'name': 'fd', 'type': 'int', 'value': 15}, {'name': 'statbuf', 'type': 'struct stat*', 'value': '0x7FFFB85B9800'}]",0,0
17242.801774,8565,191,0,systemd-udevd,ubuntu,3,close,1,0,"[{'name': 'fd', 'type': 'int', 'value': 6}]",0,0
17242.801798,8565,191,0,systemd-udevd,ubuntu,3,close,1,0,"[{'name': 'fd', 'type': 'int', 'value': 15}]",0,0
17242.801824,8565,191,0,systemd-udevd,ubuntu,21,access,2,0,"[{'name': 'pathname', 'type': 'const char*', 'value': '/sys/devices/virtual/dmi/id/uevent'}, {'name': 'mode', 'type': 'mode_t', 'value': 'F_OK'}]",0,0
17242.80185,8565,191,0,systemd-udevd,ubuntu,6,lstat,2,0,"[{'name': 'pathname', 'type': 'const char*', 'value': '/sys/devices/virtual/dmi/id/sys_vendor'}, {'name': 'statbuf', 'type': 'struct stat*', 'value': '0x7FFFB85BA910'}]",0,0
17242.801877,8565,191,0,systemd-udevd,ubuntu,1005,security_file_open,4,0,"[{'name': 'pathname', 'type': 'const char*', 'value': '/sys/devices/virtual/dmi/id/sys_vendor'}, {'name': 'flags', 'type': 'int', 'value': 'O_RDONLY|O_LARGEFILE'}, {'name': 'dev', 'type': 'dev_t', 'value': 22}, {'name': 'inode', 'type': 'unsigned long', 'value': 713}]",0,0
17242.801904,8565,191,0,systemd-udevd,ubuntu,257,openat,4,6,"[{'name': 'dirfd', 'type': 'int', 'value': -100}, {'name': 'pathname', 'type': 'const char*', 'value': '/sys/devices/virtual/dmi/id/sys_vendor'}, {'name': 'flags', 'type': 'int', 'value': 'O_RDONLY|O_CLOEXEC'}, {'name': 'mode', 'type': 'mode_t', 'value': 915717803}]",0,0
17242.801927,8565,191,0,systemd-udevd,ubuntu,5,fstat,2,0,"[{'name': 'fd', 'type': 'int', 'value': 6}, {'name': 'statbuf', 'type': 'struct stat*', 'value': '0x7FFFB85BA9A0'}]",0,0
17242.801958,8565,191,0,systemd-udevd,ubuntu,3,close,1,0,"[{'name': 'fd', 'type': 'int', 'value': 6}]",0,0
17242.802124,8565,191,0,systemd-udevd,ubuntu,257,openat,4,6,"[{'name': 'dirfd', 'type': 'int', 'value': -100}, {'name': 'pathname', 'type': 'const char*', 'value': '/'}, {'name': 'flags', 'type': 'int', 'value': 'O_RDONLY|O_DIRECTORY|O_CLOEXEC|O_PATH'}, {'name': 'mode', 'type': 'mode_t', 'value': 915717803}]",0,0
17242.802151,8565,191,0,systemd-udevd,ubuntu,257,openat,4,15,"[{'name': 'dirfd', 'type': 'int', 'value': 6}, {'name': 'pathname', 'type': 'const char*', 'value': 'sys'}, {'name': 'flags', 'type': 'int', 'value': 'O_RDONLY|O_NOFOLLOW|O_CLOEXEC|O_PATH'}, {'name': 'mode', 'type': 'mode_t', 'value': 915718182}]",0,0
17242.802175,8565,191,0,systemd-udevd,ubuntu,5,fstat,2,0,"[{'name': 'fd', 'type': 'int', 'value': 15}, {'name': 'statbuf', 'type': 'struct stat*', 'value': '0x7FFFB85BF1D0'}]",0,0
17242.802198,8565,191,0,systemd-udevd,ubuntu,3,close,1,0,"[{'name': 'fd', 'type': 'int', 'value': 6}]",0,0
17242.802224,8565,191,0,systemd-udevd,ubuntu,257,openat,4,6,"[{'name': 'dirfd', 'type': 'int', 'value': 15}, {'name': 'pathname', 'type': 'const char*', 'value': 'kernel'}, {'name': 'flags', 'type': 'int', 'value': 'O_RDONLY|O_NOFOLLOW|O_CLOEXEC|O_PATH'}, {'name': 'mode', 'type': 'mode_t', 'value': 915718182}]",0,0
17242.802247,8565,191,0,systemd-udevd,ubuntu,5,fstat,2,0,"[{'name': 'fd', 'type': 'int', 'value': 6}, {'name': 'statbuf', 'type': 'struct stat*', 'value': '0x7FFFB85BF1D0'}]",0,0
17242.802269,8565,191,0,systemd-udevd,ubuntu,3,close,1,0,"[{'name': 'fd', 'type': 'int', 'value': 15}]",0,0
17242.802314,8565,191,0,systemd-udevd,ubuntu,257,openat,4,15,"[{'name': 'dirfd', 'type': 'int', 'value': 6}, {'name': 'pathname', 'type': 'const char*', 'value': 'slab'}, {'name': 'flags', 'type': 'int', 'value': 'O_RDONLY|O_NOFOLLOW|O_CLOEXEC|O_PATH'}, {'name': 'mode', 'type': 'mode_t', 'value': 915718182}]",0,0
17242.806742,8565,191,0,systemd-udevd,ubuntu,5,fstat,2,0,"[{'name': 'fd', 'type': 'int', 'value': 15}, {'name': 'statbuf', 'type': 'struct stat*', 'value': '0x7FFFB85BF1D0'}]",0,0
17242.806773,8565,191,0,systemd-udevd,ubuntu,3,close,1,0,"[{'name': 'fd', 'type': 'int', 'value': 6}]",0,0
17242.806803,8565,191,0,systemd-udevd,ubuntu,257,openat,4,6,"[{'name': 'dirfd', 'type': 'int', 'value': 15}, {'name': 'pathname', 'type': 'const char*', 'value': 'kmalloc-rcl-128'}, {'name': 'flags', 'type': 'int', 'value': 'O_RDONLY|O_NOFOLLOW|O_CLOEXEC|O_PATH'}, {'name': 'mode', 'type': 'mode_t', 'value': 915718182}]",0,0
17242.806827,8565,191,0,systemd-udevd,ubuntu,5,fstat,2,0,"[{'name': 'fd', 'type': 'int', 'value': 6}, {'name': 'statbuf', 'type': 'struct stat*', 'value': '0x7FFFB85BF1D0'}]",0,0
17242.80685,8565,191,0,systemd-udevd,ubuntu,3,close,1,0,"[{'name': 'fd', 'type': 'int', 'value': 15}]",0,0
17242.806875,8565,191,0,systemd-udevd,ubuntu,257,openat,4,15,"[{'name': 'dirfd', 'type': 'int', 'value': 6}, {'name': 'pathname', 'type': 'const char*', 'value': 'cgroup'}, {'name': 'flags', 'type': 'int', 'value': 'O_RDONLY|O_NOFOLLOW|O_CLOEXEC|O_PATH'}, {'name': 'mode', 'type': 'mode_t', 'value': 915718182}]",0,0
17242.806898,8565,191,0,systemd-udevd,ubuntu,5,fstat,2,0,"[{'name': 'fd', 'type': 'int', 'value': 15}, {'name': 'statbuf', 'type': 'struct stat*', 'value': '0x7FFFB85BF1D0'}]",0,0
17242.806921,8565,191,0,systemd-udevd,ubuntu,3,close,1,0,"[{'name': 'fd', 'type': 'int', 'value': 6}]",0,0
17242.806944,8565,191,0,systemd-udevd,ubuntu,3,close,1,0,"[{'name': 'fd', 'type': 'int', 'value': 15}]",0,0
17242.806975,8565,191,0,systemd-udevd,ubuntu,6,lstat,2,0,"[{'name': 'pathname', 'type': 'const char*', 'value': '/sys/kernel/slab/kmalloc-rcl-128/cgroup'}, {'name': 'statbuf', 'type': 'struct stat*', 'value': '0x7FFFB85BF200'}]",0,0
17242.807022,8565,191,0,systemd-udevd,ubuntu,257,openat,4,6,"[{'name': 'dirfd', 'type': 'int', 'value': -100}, {'name': 'pathname', 'type': 'const char*', 'value': '/'}, {'name': 'flags', 'type': 'int', 'value': 'O_RDONLY|O_DIRECTORY|O_CLOEXEC|O_PATH'}, {'name': 'mode', 'type': 'mode_t', 'value': 915717803}]",0,0
17242.807049,8565,191,0,systemd-udevd,ubuntu,257,openat,4,15,"[{'name': 'dirfd', 'type': 'int', 'value': 6}, {'name': 'pathname', 'type': 'const char*', 'value': 'sys'}, {'name': 'flags', 'type': 'int', 'value': 'O_RDONLY|O_NOFOLLOW|O_CLOEXEC|O_PATH'}, {'name': 'mode', 'type': 'mode_t', 'value': 915718182}]",0,0
17242.807073,8565,191,0,systemd-udevd,ubuntu,5,fstat,2,0,"[{'name': 'fd', 'type': 'int', 'value': 15}, {'name': 'statbuf', 'type': 'struct stat*', 'value': '0x7FFFB85BF1D0'}]",0,0
17242.807096,8565,191,0,systemd-udevd,ubuntu,3,close,1,0,"[{'name': 'fd', 'type': 'int', 'value': 6}]",0,0
17242.807121,8565,191,0,systemd-udevd,ubuntu,257,openat,4,6,"[{'name': 'dirfd', 'type': 'int', 'value': 15}, {'name': 'pathname', 'type': 'const char*', 'value': 'kernel'}, {'name': 'flags', 'type': 'int', 'value': 'O_RDONLY|O_NOFOLLOW|O_CLOEXEC|O_PATH'}, {'name': 'mode', 'type': 'mode_t', 'value': 915718182}]",0,0
17242.807144,8565,191,0,systemd-udevd,ubuntu,5,fstat,2,0,"[{'name': 'fd', 'type': 'int', 'value': 6}, {'name': 'statbuf', 'type': 'struct stat*', 'value': '0x7FFFB85BF1D0'}]",0,0
17242.807167,8565,191,0,systemd-udevd,ubuntu,3,close,1,0,"[{'name': 'fd', 'type': 'int', 'value': 15}]",0,0
17242.807192,8565,191,0,systemd-udevd,ubuntu,257,openat,4,15,"[{'name': 'dirfd', 'type': 'int', 'value': 6}, {'name': 'pathname', 'type': 'const char*', 'value': 'slab'}, {'name': 'flags', 'type': 'int', 'value': 'O_RDONLY|O_NOFOLLOW|O_CLOEXEC|O_PATH'}, {'name': 'mode', 'type': 'mode_t', 'value': 915718182}]",0,0
17242.807215,8565,191,0,systemd-udevd,ubuntu,5,fstat,2,0,"[{'name': 'fd', 'type': 'int', 'value': 15}, {'name': 'statbuf', 'type': 'struct stat*', 'value': '0x7FFFB85BF1D0'}]",0,0
17242.807238,8565,191,0,systemd-udevd,ubuntu,3,close,1,0,"[{'name': 'fd', 'type': 'int', 'value': 6}]",0,0
17242.807264,8565,191,0,systemd-udevd,ubuntu,257,openat,4,6,"[{'name': 'dirfd', 'type': 'int', 'value': 15}, {'name': 'pathname', 'type': 'const char*', 'value': 'kmalloc-rcl-128'}, {'name': 'flags', 'type': 'int', 'value': 'O_RDONLY|O_NOFOLLOW|O_CLOEXEC|O_PATH'}, {'name': 'mode', 'type': 'mode_t', 'value': 915718182}]",0,0
17242.807286,8565,191,0,systemd-udevd,ubuntu,5,fstat,2,0,"[{'name': 'fd', 'type': 'int', 'value': 6}, {'name': 'statbuf', 'type': 'struct stat*', 'value': '0x7FFFB85BF1D0'}]",0,0
17242.807309,8565,191,0,systemd-udevd,ubuntu,3,close,1,0,"[{'name': 'fd', 'type': 'int', 'value': 15}]",0,0
17242.807332,8565,191,0,systemd-udevd,ubuntu,3,close,1,0,"[{'name': 'fd', 'type': 'int', 'value': 6}]",0,0
17242.807358,8565,191,0,systemd-udevd,ubuntu,6,lstat,2,0,"[{'name': 'pathname', 'type': 'const char*', 'value': '/sys/kernel/slab/kmalloc-rcl-128'}, {'name': 'statbuf', 'type': 'struct stat*', 'value': '0x7FFFB85BF200'}]",0,0
17242.807397,8565,191,0,systemd-udevd,ubuntu,257,openat,4,6,"[{'name': 'dirfd', 'type': 'int', 'value': -100}, {'name': 'pathname', 'type': 'const char*', 'value': '/'}, {'name': 'flags', 'type': 'int', 'value': 'O_RDONLY|O_DIRECTORY|O_CLOEXEC|O_PATH'}, {'name': 'mode', 'type': 'mode_t', 'value': 915717803}]",0,0
17242.807422,8565,191,0,systemd-udevd,ubuntu,257,openat,4,15,"[{'name': 'dirfd', 'type': 'int', 'value': 6}, {'name': 'pathname', 'type': 'const char*', 'value': 'sys'}, {'name': 'flags', 'type': 'int', 'value': 'O_RDONLY|O_NOFOLLOW|O_CLOEXEC|O_PATH'}, {'name': 'mode', 'type': 'mode_t', 'value': 915718182}]",0,0
17242.807446,8565,191,0,systemd-udevd,ubuntu,5,fstat,2,0,"[{'name': 'fd', 'type': 'int', 'value': 15}, {'name': 'statbuf', 'type': 'struct stat*', 'value': '0x7FFFB85BF1D0'}]",0,0
17242.807469,8565,191,0,systemd-udevd,ubuntu,3,close,1,0,"[{'name': 'fd', 'type': 'int', 'value': 6}]",0,0
17242.80754,8565,191,0,systemd-udevd,ubuntu,3,close,1,0,"[{'name': 'fd', 'type': 'int', 'value': 15}]",0,0
17242.807495,8565,191,0,systemd-udevd,ubuntu,257,openat,4,6,"[{'name': 'dirfd', 'type': 'int', 'value': 15}, {'name': 'pathname', 'type': 'const char*', 'value': 'kernel'}, {'name': 'flags', 'type': 'int', 'value': 'O_RDONLY|O_NOFOLLOW|O_CLOEXEC|O_PATH'}, {'name': 'mode', 'type': 'mode_t', 'value': 915718182}]",0,0
17242.807518,8565,191,0,systemd-udevd,ubuntu,5,fstat,2,0,"[{'name': 'fd', 'type': 'int', 'value': 6}, {'name': 'statbuf', 'type': 'struct stat*', 'value': '0x7FFFB85BF1D0'}]",0,0
17242.807565,8565,191,0,systemd-udevd,ubuntu,257,openat,4,15,"[{'name': 'dirfd', 'type': 'int', 'value': 6}, {'name': 'pathname', 'type': 'const char*', 'value': 'slab'}, {'name': 'flags', 'type': 'int', 'value': 'O_RDONLY|O_NOFOLLOW|O_CLOEXEC|O_PATH'}, {'name': 'mode', 'type': 'mode_t', 'value': 915718182}]",0,0
17242.807589,8565,191,0,systemd-udevd,ubuntu,5,fstat,2,0,"[{'name': 'fd', 'type': 'int', 'value': 15}, {'name': 'statbuf', 'type': 'struct stat*', 'value': '0x7FFFB85BF1D0'}]",0,0
17242.807612,8565,191,0,systemd-udevd,ubuntu,3,close,1,0,"[{'name': 'fd', 'type': 'int', 'value': 6}]",0,0
17242.807635,8565,191,0,systemd-udevd,ubuntu,3,close,1,0,"[{'name': 'fd', 'type': 'int', 'value': 15}]",0,0
17242.80766,8565,191,0,systemd-udevd,ubuntu,6,lstat,2,0,"[{'name': 'pathname', 'type': 'const char*', 'value': '/sys/kernel/slab'}, {'name': 'statbuf', 'type': 'struct stat*', 'value': '0x7FFFB85BF200'}]",0,0
17242.807702,8565,191,0,systemd-udevd,ubuntu,257,openat,4,6,"[{'name': 'dirfd', 'type': 'int', 'value': -100}, {'name': 'pathname', 'type': 'const char*', 'value': '/'}, {'name': 'flags', 'type': 'int', 'value': 'O_RDONLY|O_DIRECTORY|O_CLOEXEC|O_PATH'}, {'name': 'mode', 'type': 'mode_t', 'value': 915717803}]",0,0
17242.807727,8565,191,0,systemd-udevd,ubuntu,257,openat,4,15,"[{'name': 'dirfd', 'type': 'int', 'value': 6}, {'name': 'pathname', 'type': 'const char*', 'value': 'sys'}, {'name': 'flags', 'type': 'int', 'value': 'O_RDONLY|O_NOFOLLOW|O_CLOEXEC|O_PATH'}, {'name': 'mode', 'type': 'mode_t', 'value': 915718182}]",0,0
17242.807751,8565,191,0,systemd-udevd,ubuntu,5,fstat,2,0,"[{'name': 'fd', 'type': 'int', 'value': 15}, {'name': 'statbuf', 'type': 'struct stat*', 'value': '0x7FFFB85BF1D0'}]",0,0
17242.807821,8565,191,0,systemd-udevd,ubuntu,3,close,1,0,"[{'name': 'fd', 'type': 'int', 'value': 6}]",0,0
17242.807852,8565,191,0,systemd-udevd,ubuntu,257,openat,4,6,"[{'name': 'dirfd', 'type': 'int', 'value': 15}, {'name': 'pathname', 'type': 'const char*', 'value': 'kernel'}, {'name': 'flags', 'type': 'int', 'value': 'O_RDONLY|O_NOFOLLOW|O_CLOEXEC|O_PATH'}, {'name': 'mode', 'type': 'mode_t', 'value': 915718182}]",0,0
17242.807875,8565,191,0,systemd-udevd,ubuntu,5,fstat,2,0,"[{'name': 'fd', 'type': 'int', 'value': 6}, {'name': 'statbuf', 'type': 'struct stat*', 'value': '0x7FFFB85BF1D0'}]",0,0
17242.807897,8565,191,0,systemd-udevd,ubuntu,3,close,1,0,"[{'name': 'fd', 'type': 'int', 'value': 15}]",0,0
17242.807921,8565,191,0,systemd-udevd,ubuntu,3,close,1,0,"[{'name': 'fd', 'type': 'int', 'value': 6}]",0,0
17242.807946,8565,191,0,systemd-udevd,ubuntu,6,lstat,2,0,"[{'name': 'pathname', 'type': 'const char*', 'value': '/sys/kernel'}, {'name': 'statbuf', 'type': 'struct stat*', 'value': '0x7FFFB85BF200'}]",0,0
17242.808069,8565,191,0,systemd-udevd,ubuntu,257,openat,4,-2,"[{'name': 'dirfd', 'type': 'int', 'value': -100}, {'name': 'pathname', 'type': 'const char*', 'value': '/sys/kernel/slab/kmalloc-rcl-128/cgroup/uevent'}, {'name': 'flags', 'type': 'int', 'value': 'O_RDONLY|O_CLOEXEC'}, {'name': 'mode', 'type': 'mode_t', 'value': 915717803}]",0,0
17242.808172,8565,191,0,systemd-udevd,ubuntu,87,unlink,1,-2,"[{'name': 'pathname', 'type': 'const char*', 'value': '/run/udev/data/+cgroup:kmalloc-rcl-128(83:systemd-journald.service)'}]",0,0
17242.808208,8565,191,0,systemd-udevd,ubuntu,1003,cap_capable,1,0,"[{'name': 'cap', 'type': 'int', 'value': 'CAP_NET_ADMIN'}]",0,0
17242.81095,191,1,0,systemd-udevd,ubuntu,1006,security_inode_unlink,1,0,"[{'name': 'pathname', 'type': 'const char*', 'value': '/udev/queue'}]",0,0
17242.810983,191,1,0,systemd-udevd,ubuntu,87,unlink,1,0,"[{'name': 'pathname', 'type': 'const char*', 'value': '/run/udev/queue'}]",0,0
17246.062389,191,1,0,systemd-udevd,ubuntu,62,kill,2,0,"[{'name': 'pid', 'type': 'pid_t', 'value': 8565}, {'name': 'sig', 'type': 'int', 'value': 15}]",0,0
17246.062534,8565,191,0,systemd-udevd,ubuntu,3,close,1,0,"[{'name': 'fd', 'type': 'int', 'value': 12}]",0,0
17246.062994,8565,191,0,systemd-udevd,ubuntu,3,close,1,0,"[{'name': 'fd', 'type': 'int', 'value': 8}]",0,0
17246.063021,8565,191,0,systemd-udevd,ubuntu,3,close,1,0,"[{'name': 'fd', 'type': 'int', 'value': 7}]",0,0
17246.063045,8565,191,0,systemd-udevd,ubuntu,3,close,1,0,"[{'name': 'fd', 'type': 'int', 'value': 5}]",0,0
17246.063198,8565,191,0,systemd-udevd,ubuntu,1010,sched_process_exit,0,0,[],0,0
17246.063371,191,1,0,systemd-udevd,ubuntu,1005,security_file_open,4,0,"[{'name': 'pathname', 'type': 'const char*', 'value': '/sys/fs/cgroup/unified/system.slice/systemd-udevd.service/cgroup.procs'}, {'name': 'flags', 'type': 'int', 'value': 'O_RDONLY|O_LARGEFILE'}, {'name': 'dev', 'type': 'dev_t', 'value': 28}, {'name': 'inode', 'type': 'unsigned long', 'value': 438}]",0,0
17246.063412,191,1,0,systemd-udevd,ubuntu,257,openat,4,14,"[{'name': 'dirfd', 'type': 'int', 'value': -100}, {'name': 'pathname', 'type': 'const char*', 'value': '/sys/fs/cgroup/unified/system.slice/systemd-udevd.service/cgroup.procs'}, {'name': 'flags', 'type': 'int', 'value': 'O_RDONLY|O_CLOEXEC'}, {'name': 'mode', 'type': 'mode_t', 'value': 915717803}]",0,0
17246.063442,191,1,0,systemd-udevd,ubuntu,5,fstat,2,0,"[{'name': 'fd', 'type': 'int', 'value': 14}, {'name': 'statbuf', 'type': 'struct stat*', 'value': '0x7FFFB85BED50'}]",0,0
17246.063492,191,1,0,systemd-udevd,ubuntu,3,close,1,0,"[{'name': 'fd', 'type': 'int', 'value': 14}]",0,0
17246.063525,191,1,0,systemd-udevd,ubuntu,1005,security_file_open,4,0,"[{'name': 'pathname', 'type': 'const char*', 'value': '/sys/fs/cgroup/unified/system.slice/systemd-udevd.service/cgroup.threads'}, {'name': 'flags', 'type': 'int', 'value': 'O_RDONLY|O_LARGEFILE'}, {'name': 'dev', 'type': 'dev_t', 'value': 28}, {'name': 'inode', 'type': 'unsigned long', 'value': 439}]",0,0
17246.06356,191,1,0,systemd-udevd,ubuntu,257,openat,4,14,"[{'name': 'dirfd', 'type': 'int', 'value': -100}, {'name': 'pathname', 'type': 'const char*', 'value': '/sys/fs/cgroup/unified/system.slice/systemd-udevd.service/cgroup.threads'}, {'name': 'flags', 'type': 'int', 'value': 'O_RDONLY|O_CLOEXEC'}, {'name': 'mode', 'type': 'mode_t', 'value': 915717803}]",0,0
17246.063584,191,1,0,systemd-udevd,ubuntu,5,fstat,2,0,"[{'name': 'fd', 'type': 'int', 'value': 14}, {'name': 'statbuf', 'type': 'struct stat*', 'value': '0x7FFFB85BED50'}]",0,0
17246.063621,191,1,0,systemd-udevd,ubuntu,3,close,1,0,"[{'name': 'fd', 'type': 'int', 'value': 14}]",0,0
18571.746009,309,1,102,systemd-timesyn,ubuntu,41,socket,3,16,"[{'name': 'domain', 'type': 'int', 'value': 'AF_UNIX'}, {'name': 'type', 'type': 'int', 'value': 'SOCK_DGRAM|SOCK_CLOEXEC'}, {'name': 'protocol', 'type': 'int', 'value': 0}]",0,0
18571.74686,309,1,102,systemd-timesyn,ubuntu,3,close,1,0,"[{'name': 'fd', 'type': 'int', 'value': 16}]",0,0
18616.195657,307,1,102,systemd-timesyn,ubuntu,41,socket,3,16,"[{'name': 'domain', 'type': 'int', 'value': 'AF_UNIX'}, {'name': 'type', 'type': 'int', 'value': 'SOCK_DGRAM|SOCK_CLOEXEC'}, {'name': 'protocol', 'type': 'int', 'value': 0}]",0,0
18616.195726,307,1,102,systemd-timesyn,ubuntu,3,close,1,0,"[{'name': 'fd', 'type': 'int', 'value': 16}]",0,0
18616.195989,191,1,0,systemd-udevd,ubuntu,41,socket,3,14,"[{'name': 'domain', 'type': 'int', 'value': 'AF_UNIX'}, {'name': 'type', 'type': 'int', 'value': 'SOCK_DGRAM|SOCK_CLOEXEC'}, {'name': 'protocol', 'type': 'int', 'value': 0}]",0,0
18616.196076,191,1,0,systemd-udevd,ubuntu,3,close,1,0,"[{'name': 'fd', 'type': 'int', 'value': 14}]",0,0
16022.524052,8910,191,0,systemd-udevd,ubuntu,257,openat,4,15,"[{'name': 'dirfd', 'type': 'int', 'value': -100}, {'name': 'pathname', 'type': 'const char*', 'value': '/proc/self/oom_score_adj'}, {'name': 'flags', 'type': 'unsigned int', 'value': 'O_WRONLY|O_NOCTTY|O_CLOEXEC'}, {'name': 'mode', 'type': 'int', 'value': 2278543019}]",0,0
16022.524203,8910,191,0,systemd-udevd,ubuntu,3,close,1,0,"[{'name': 'fd', 'type': 'int', 'value': 15}]",0,0
16022.524323,8910,191,0,systemd-udevd,ubuntu,3,close,1,0,"[{'name': 'fd', 'type': 'int', 'value': 3}]",0,0
16022.524349,8910,191,0,systemd-udevd,ubuntu,3,close,1,0,"[{'name': 'fd', 'type': 'int', 'value': 4}]",0,0
16022.524394,8910,191,0,systemd-udevd,ubuntu,3,close,1,0,"[{'name': 'fd', 'type': 'int', 'value': 6}]",0,0
16022.524546,8910,191,0,systemd-udevd,ubuntu,257,openat,4,-2,"[{'name': 'dirfd', 'type': 'int', 'value': -100}, {'name': 'pathname', 'type': 'const char*', 'value': '/sys/kernel/slab/kmalloc-rcl-128/cgroup/kmalloc-rcl-128(83:systemd-journald.service)/uevent'}, {'name': 'flags', 'type': 'unsigned int', 'value': 'O_RDONLY|O_CLOEXEC'}, {'name': 'mode', 'type': 'int', 'value': 2278543019}]",0,0
16022.524578,8910,191,0,systemd-udevd,ubuntu,257,openat,4,-2,"[{'name': 'dirfd', 'type': 'int', 'value': -100}, {'name': 'pathname', 'type': 'const char*', 'value': '/sys/kernel/slab/kmalloc-rcl-128/cgroup/kmalloc-rcl-128(83:systemd-journald.service)/uevent'}, {'name': 'flags', 'type': 'unsigned int', 'value': 'O_RDONLY|O_CLOEXEC'}, {'name': 'mode', 'type': 'int', 'value': 2278543019}]",0,0
16022.524617,8910,191,0,systemd-udevd,ubuntu,257,openat,4,-2,"[{'name': 'dirfd', 'type': 'int', 'value': -100}, {'name': 'pathname', 'type': 'const char*', 'value': '/run/udev/data/+cgroup:kmalloc-rcl-128(83:systemd-journald.service)'}, {'name': 'flags', 'type': 'unsigned int', 'value': 'O_RDONLY|O_CLOEXEC'}, {'name': 'mode', 'type': 'int', 'value': 2278543019}]",0,0
16022.524689,8910,191,0,systemd-udevd,ubuntu,21,access,2,-2,"[{'name': 'pathname', 'type': 'const char*', 'value': '/sys/subsystem/dmi/devices/id'}, {'name': 'mode', 'type': 'int', 'value': 'F_OK'}]",0,0
16022.524755,8910,191,0,systemd-udevd,ubuntu,21,access,2,-2,"[{'name': 'pathname', 'type': 'const char*', 'value': '/sys/bus/dmi/devices/id'}, {'name': 'mode', 'type': 'int', 'value': 'F_OK'}]",0,0
16022.524795,8910,191,0,systemd-udevd,ubuntu,21,access,2,0,"[{'name': 'pathname', 'type': 'const char*', 'value': '/sys/class/dmi/id'}, {'name': 'mode', 'type': 'int', 'value': 'F_OK'}]",0,0
16022.52488,8910,191,0,systemd-udevd,ubuntu,257,openat,4,6,"[{'name': 'dirfd', 'type': 'int', 'value': -100}, {'name': 'pathname', 'type': 'const char*', 'value': '/'}, {'name': 'flags', 'type': 'unsigned int', 'value': 'O_RDONLY|O_DIRECTORY|O_CLOEXEC|O_PATH'}, {'name': 'mode', 'type': 'int', 'value': 2278543019}]",0,0
16022.524907,8910,191,0,systemd-udevd,ubuntu,257,openat,4,15,"[{'name': 'dirfd', 'type': 'int', 'value': 6}, {'name': 'pathname', 'type': 'const char*', 'value': 'sys'}, {'name': 'flags', 'type': 'unsigned int', 'value': 'O_RDONLY|O_NOFOLLOW|O_CLOEXEC|O_PATH'}, {'name': 'mode', 'type': 'int', 'value': 2278543398}]",0,0
16022.524931,8910,191,0,systemd-udevd,ubuntu,5,fstat,2,0,"[{'name': 'fd', 'type': 'int', 'value': 15}, {'name': 'statbuf', 'type': 'struct stat*', 'value': '0x7FFD8E533290'}]",0,0
16022.524954,8910,191,0,systemd-udevd,ubuntu,3,close,1,0,"[{'name': 'fd', 'type': 'int', 'value': 6}]",0,0
16022.524979,8910,191,0,systemd-udevd,ubuntu,257,openat,4,6,"[{'name': 'dirfd', 'type': 'int', 'value': 15}, {'name': 'pathname', 'type': 'const char*', 'value': 'class'}, {'name': 'flags', 'type': 'unsigned int', 'value': 'O_RDONLY|O_NOFOLLOW|O_CLOEXEC|O_PATH'}, {'name': 'mode', 'type': 'int', 'value': 2278543398}]",0,0
16022.525001,8910,191,0,systemd-udevd,ubuntu,5,fstat,2,0,"[{'name': 'fd', 'type': 'int', 'value': 6}, {'name': 'statbuf', 'type': 'struct stat*', 'value': '0x7FFD8E533290'}]",0,0
16022.525023,8910,191,0,systemd-udevd,ubuntu,3,close,1,0,"[{'name': 'fd', 'type': 'int', 'value': 15}]",0,0
16022.525047,8910,191,0,systemd-udevd,ubuntu,257,openat,4,15,"[{'name': 'dirfd', 'type': 'int', 'value': 6}, {'name': 'pathname', 'type': 'const char*', 'value': 'dmi'}, {'name': 'flags', 'type': 'unsigned int', 'value': 'O_RDONLY|O_NOFOLLOW|O_CLOEXEC|O_PATH'}, {'name': 'mode', 'type': 'int', 'value': 2278543398}]",0,0
16022.52507,8910,191,0,systemd-udevd,ubuntu,5,fstat,2,0,"[{'name': 'fd', 'type': 'int', 'value': 15}, {'name': 'statbuf', 'type': 'struct stat*', 'value': '0x7FFD8E533290'}]",0,0
16022.525091,8910,191,0,systemd-udevd,ubuntu,3,close,1,0,"[{'name': 'fd', 'type': 'int', 'value': 6}]",0,0
16022.525115,8910,191,0,systemd-udevd,ubuntu,257,openat,4,6,"[{'name': 'dirfd', 'type': 'int', 'value': 15}, {'name': 'pathname', 'type': 'const char*', 'value': 'id'}, {'name': 'flags', 'type': 'unsigned int', 'value': 'O_RDONLY|O_NOFOLLOW|O_CLOEXEC|O_PATH'}, {'name': 'mode', 'type': 'int', 'value': 2278543398}]",0,0
16022.525137,8910,191,0,systemd-udevd,ubuntu,5,fstat,2,0,"[{'name': 'fd', 'type': 'int', 'value': 6}, {'name': 'statbuf', 'type': 'struct stat*', 'value': '0x7FFD8E533290'}]",0,0
16022.52519,8910,191,0,systemd-udevd,ubuntu,3,close,1,0,"[{'name': 'fd', 'type': 'int', 'value': 6}]",0,0
16022.525247,8910,191,0,systemd-udevd,ubuntu,257,openat,4,6,"[{'name': 'dirfd', 'type': 'int', 'value': 15}, {'name': 'pathname', 'type': 'const char*', 'value': '..'}, {'name': 'flags', 'type': 'unsigned int', 'value': 'O_RDONLY|O_NOFOLLOW|O_CLOEXEC|O_PATH'}, {'name': 'mode', 'type': 'int', 'value': 2278543398}]",0,0
16022.525273,8910,191,0,systemd-udevd,ubuntu,3,close,1,0,"[{'name': 'fd', 'type': 'int', 'value': 15}]",0,0
16022.525299,8910,191,0,systemd-udevd,ubuntu,257,openat,4,15,"[{'name': 'dirfd', 'type': 'int', 'value': 6}, {'name': 'pathname', 'type': 'const char*', 'value': '..'}, {'name': 'flags', 'type': 'unsigned int', 'value': 'O_RDONLY|O_NOFOLLOW|O_CLOEXEC|O_PATH'}, {'name': 'mode', 'type': 'int', 'value': 2278543398}]",0,0
16022.525621,8910,191,0,systemd-udevd,ubuntu,257,openat,4,6,"[{'name': 'dirfd', 'type': 'int', 'value': 15}, {'name': 'pathname', 'type': 'const char*', 'value': 'devices'}, {'name': 'flags', 'type': 'unsigned int', 'value': 'O_RDONLY|O_NOFOLLOW|O_CLOEXEC|O_PATH'}, {'name': 'mode', 'type': 'int', 'value': 2278543398}]",0,0
16022.52559,8910,191,0,systemd-udevd,ubuntu,3,close,1,0,"[{'name': 'fd', 'type': 'int', 'value': 6}]",0,0
16022.525644,8910,191,0,systemd-udevd,ubuntu,5,fstat,2,0,"[{'name': 'fd', 'type': 'int', 'value': 6}, {'name': 'statbuf', 'type': 'struct stat*', 'value': '0x7FFD8E533290'}]",0,0
16022.525665,8910,191,0,systemd-udevd,ubuntu,3,close,1,0,"[{'name': 'fd', 'type': 'int', 'value': 15}]",0,0
16022.525689,8910,191,0,systemd-udevd,ubuntu,257,openat,4,15,"[{'name': 'dirfd', 'type': 'int', 'value': 6}, {'name': 'pathname', 'type': 'const char*', 'value': 'virtual'}, {'name': 'flags', 'type': 'unsigned int', 'value': 'O_RDONLY|O_NOFOLLOW|O_CLOEXEC|O_PATH'}, {'name': 'mode', 'type': 'int', 'value': 2278543398}]",0,0
16022.525711,8910,191,0,systemd-udevd,ubuntu,5,fstat,2,0,"[{'name': 'fd', 'type': 'int', 'value': 15}, {'name': 'statbuf', 'type': 'struct stat*', 'value': '0x7FFD8E533290'}]",0,0
16022.525732,8910,191,0,systemd-udevd,ubuntu,3,close,1,0,"[{'name': 'fd', 'type': 'int', 'value': 6}]",0,0
16022.525768,8910,191,0,systemd-udevd,ubuntu,257,openat,4,6,"[{'name': 'dirfd', 'type': 'int', 'value': 15}, {'name': 'pathname', 'type': 'const char*', 'value': 'dmi'}, {'name': 'flags', 'type': 'unsigned int', 'value': 'O_RDONLY|O_NOFOLLOW|O_CLOEXEC|O_PATH'}, {'name': 'mode', 'type': 'int', 'value': 2278543398}]",0,0
16022.525791,8910,191,0,systemd-udevd,ubuntu,5,fstat,2,0,"[{'name': 'fd', 'type': 'int', 'value': 6}, {'name': 'statbuf', 'type': 'struct stat*', 'value': '0x7FFD8E533290'}]",0,0
16022.525818,8910,191,0,systemd-udevd,ubuntu,3,close,1,0,"[{'name': 'fd', 'type': 'int', 'value': 15}]",0,0
16022.525844,8910,191,0,systemd-udevd,ubuntu,257,openat,4,15,"[{'name': 'dirfd', 'type': 'int', 'value': 6}, {'name': 'pathname', 'type': 'const char*', 'value': 'id'}, {'name': 'flags', 'type': 'unsigned int', 'value': 'O_RDONLY|O_NOFOLLOW|O_CLOEXEC|O_PATH'}, {'name': 'mode', 'type': 'int', 'value': 2278543398}]",0,0
16022.525867,8910,191,0,systemd-udevd,ubuntu,5,fstat,2,0,"[{'name': 'fd', 'type': 'int', 'value': 15}, {'name': 'statbuf', 'type': 'struct stat*', 'value': '0x7FFD8E533290'}]",0,0
16022.525892,8910,191,0,systemd-udevd,ubuntu,3,close,1,0,"[{'name': 'fd', 'type': 'int', 'value': 6}]",0,0
16022.525915,8910,191,0,systemd-udevd,ubuntu,3,close,1,0,"[{'name': 'fd', 'type': 'int', 'value': 15}]",0,0
16022.525945,8910,191,0,systemd-udevd,ubuntu,21,access,2,0,"[{'name': 'pathname', 'type': 'const char*', 'value': '/sys/devices/virtual/dmi/id/uevent'}, {'name': 'mode', 'type': 'int', 'value': 'F_OK'}]",0,0
16022.525984,8910,191,0,systemd-udevd,ubuntu,6,lstat,2,0,"[{'name': 'pathname', 'type': 'const char*', 'value': '/sys/devices/virtual/dmi/id/sys_vendor'}, {'name': 'statbuf', 'type': 'struct stat*', 'value': '0x7FFD8E5343A0'}]",0,0
16022.526013,8910,191,0,systemd-udevd,ubuntu,1005,security_file_open,4,0,"[{'name': 'pathname', 'type': 'const char*', 'value': '/sys/devices/virtual/dmi/id/sys_vendor'}, {'name': 'flags', 'type': 'unsigned int', 'value': 'O_RDONLY|O_LARGEFILE'}, {'name': 'dev', 'type': 'dev_t', 'value': 22}, {'name': 'inode', 'type': 'unsigned long', 'value': 713}]",0,0
16022.526041,8910,191,0,systemd-udevd,ubuntu,257,openat,4,6,"[{'name': 'dirfd', 'type': 'int', 'value': -100}, {'name': 'pathname', 'type': 'const char*', 'value': '/sys/devices/virtual/dmi/id/sys_vendor'}, {'name': 'flags', 'type': 'unsigned int', 'value': 'O_RDONLY|O_CLOEXEC'}, {'name': 'mode', 'type': 'int', 'value': 2278543019}]",0,0
16022.526064,8910,191,0,systemd-udevd,ubuntu,5,fstat,2,0,"[{'name': 'fd', 'type': 'int', 'value': 6}, {'name': 'statbuf', 'type': 'struct stat*', 'value': '0x7FFD8E534430'}]",0,0
16022.52611,8910,191,0,systemd-udevd,ubuntu,3,close,1,0,"[{'name': 'fd', 'type': 'int', 'value': 6}]",0,0
16022.534978,8910,191,0,systemd-udevd,ubuntu,21,access,2,-2,"[{'name': 'pathname', 'type': 'const char*', 'value': '/sys/subsystem/dmi/devices/id'}, {'name': 'mode', 'type': 'int', 'value': 'F_OK'}]",0,0
16022.535009,8910,191,0,systemd-udevd,ubuntu,21,access,2,-2,"[{'name': 'pathname', 'type': 'const char*', 'value': '/sys/bus/dmi/devices/id'}, {'name': 'mode', 'type': 'int', 'value': 'F_OK'}]",0,0
16022.535039,8910,191,0,systemd-udevd,ubuntu,21,access,2,0,"[{'name': 'pathname', 'type': 'const char*', 'value': '/sys/class/dmi/id'}, {'name': 'mode', 'type': 'int', 'value': 'F_OK'}]",0,0
16022.535066,8910,191,0,systemd-udevd,ubuntu,257,openat,4,6,"[{'name': 'dirfd', 'type': 'int', 'value': -100}, {'name': 'pathname', 'type': 'const char*', 'value': '/'}, {'name': 'flags', 'type': 'unsigned int', 'value': 'O_RDONLY|O_DIRECTORY|O_CLOEXEC|O_PATH'}, {'name': 'mode', 'type': 'int', 'value': 2278543019}]",0,0
16022.53509,8910,191,0,systemd-udevd,ubuntu,257,openat,4,15,"[{'name': 'dirfd', 'type': 'int', 'value': 6}, {'name': 'pathname', 'type': 'const char*', 'value': 'sys'}, {'name': 'flags', 'type': 'unsigned int', 'value': 'O_RDONLY|O_NOFOLLOW|O_CLOEXEC|O_PATH'}, {'name': 'mode', 'type': 'int', 'value': 2278543398}]",0,0
16022.535138,8910,191,0,systemd-udevd,ubuntu,5,fstat,2,0,"[{'name': 'fd', 'type': 'int', 'value': 15}, {'name': 'statbuf', 'type': 'struct stat*', 'value': '0x7FFD8E533290'}]",0,0
16022.535158,8910,191,0,systemd-udevd,ubuntu,3,close,1,0,"[{'name': 'fd', 'type': 'int', 'value': 6}]",0,0
16022.535184,8910,191,0,systemd-udevd,ubuntu,257,openat,4,6,"[{'name': 'dirfd', 'type': 'int', 'value': 15}, {'name': 'pathname', 'type': 'const char*', 'value': 'class'}, {'name': 'flags', 'type': 'unsigned int', 'value': 'O_RDONLY|O_NOFOLLOW|O_CLOEXEC|O_PATH'}, {'name': 'mode', 'type': 'int', 'value': 2278543398}]",0,0
16022.535205,8910,191,0,systemd-udevd,ubuntu,5,fstat,2,0,"[{'name': 'fd', 'type': 'int', 'value': 6}, {'name': 'statbuf', 'type': 'struct stat*', 'value': '0x7FFD8E533290'}]",0,0
16022.535225,8910,191,0,systemd-udevd,ubuntu,3,close,1,0,"[{'name': 'fd', 'type': 'int', 'value': 15}]",0,0
16022.535247,8910,191,0,systemd-udevd,ubuntu,257,openat,4,15,"[{'name': 'dirfd', 'type': 'int', 'value': 6}, {'name': 'pathname', 'type': 'const char*', 'value': 'dmi'}, {'name': 'flags', 'type': 'unsigned int', 'value': 'O_RDONLY|O_NOFOLLOW|O_CLOEXEC|O_PATH'}, {'name': 'mode', 'type': 'int', 'value': 2278543398}]",0,0
16022.535268,8910,191,0,systemd-udevd,ubuntu,5,fstat,2,0,"[{'name': 'fd', 'type': 'int', 'value': 15}, {'name': 'statbuf', 'type': 'struct stat*', 'value': '0x7FFD8E533290'}]",0,0
16022.535288,8910,191,0,systemd-udevd,ubuntu,3,close,1,0,"[{'name': 'fd', 'type': 'int', 'value': 6}]",0,0
16022.53531,8910,191,0,systemd-udevd,ubuntu,257,openat,4,6,"[{'name': 'dirfd', 'type': 'int', 'value': 15}, {'name': 'pathname', 'type': 'const char*', 'value': 'id'}, {'name': 'flags', 'type': 'unsigned int', 'value': 'O_RDONLY|O_NOFOLLOW|O_CLOEXEC|O_PATH'}, {'name': 'mode', 'type': 'int', 'value': 2278543398}]",0,0
16022.535331,8910,191,0,systemd-udevd,ubuntu,5,fstat,2,0,"[{'name': 'fd', 'type': 'int', 'value': 6}, {'name': 'statbuf', 'type': 'struct stat*', 'value': '0x7FFD8E533290'}]",0,0
16022.535382,8910,191,0,systemd-udevd,ubuntu,257,openat,4,6,"[{'name': 'dirfd', 'type': 'int', 'value': 15}, {'name': 'pathname', 'type': 'const char*', 'value': '..'}, {'name': 'flags', 'type': 'unsigned int', 'value': 'O_RDONLY|O_NOFOLLOW|O_CLOEXEC|O_PATH'}, {'name': 'mode', 'type': 'int', 'value': 2278543398}]",0,0
16022.535359,8910,191,0,systemd-udevd,ubuntu,3,close,1,0,"[{'name': 'fd', 'type': 'int', 'value': 6}]",0,0
16022.535402,8910,191,0,systemd-udevd,ubuntu,3,close,1,0,"[{'name': 'fd', 'type': 'int', 'value': 15}]",0,0
16022.54324,8910,191,0,systemd-udevd,ubuntu,257,openat,4,15,"[{'name': 'dirfd', 'type': 'int', 'value': 6}, {'name': 'pathname', 'type': 'const char*', 'value': '..'}, {'name': 'flags', 'type': 'unsigned int', 'value': 'O_RDONLY|O_NOFOLLOW|O_CLOEXEC|O_PATH'}, {'name': 'mode', 'type': 'int', 'value': 2278543398}]",0,0
16022.543267,8910,191,0,systemd-udevd,ubuntu,3,close,1,0,"[{'name': 'fd', 'type': 'int', 'value': 6}]",0,0
16022.543292,8910,191,0,systemd-udevd,ubuntu,257,openat,4,6,"[{'name': 'dirfd', 'type': 'int', 'value': 15}, {'name': 'pathname', 'type': 'const char*', 'value': 'devices'}, {'name': 'flags', 'type': 'unsigned int', 'value': 'O_RDONLY|O_NOFOLLOW|O_CLOEXEC|O_PATH'}, {'name': 'mode', 'type': 'int', 'value': 2278543398}]",0,0
16022.543333,8910,191,0,systemd-udevd,ubuntu,3,close,1,0,"[{'name': 'fd', 'type': 'int', 'value': 15}]",0,0
16022.543313,8910,191,0,systemd-udevd,ubuntu,5,fstat,2,0,"[{'name': 'fd', 'type': 'int', 'value': 6}, {'name': 'statbuf', 'type': 'struct stat*', 'value': '0x7FFD8E533290'}]",0,0
16022.543402,8910,191,0,systemd-udevd,ubuntu,5,fstat,2,0,"[{'name': 'fd', 'type': 'int', 'value': 15}, {'name': 'statbuf', 'type': 'struct stat*', 'value': '0x7FFD8E533290'}]",0,0
16022.543379,8910,191,0,systemd-udevd,ubuntu,257,openat,4,15,"[{'name': 'dirfd', 'type': 'int', 'value': 6}, {'name': 'pathname', 'type': 'const char*', 'value': 'virtual'}, {'name': 'flags', 'type': 'unsigned int', 'value': 'O_RDONLY|O_NOFOLLOW|O_CLOEXEC|O_PATH'}, {'name': 'mode', 'type': 'int', 'value': 2278543398}]",0,0
16022.543422,8910,191,0,systemd-udevd,ubuntu,3,close,1,0,"[{'name': 'fd', 'type': 'int', 'value': 6}]",0,0
16022.543446,8910,191,0,systemd-udevd,ubuntu,257,openat,4,6,"[{'name': 'dirfd', 'type': 'int', 'value': 15}, {'name': 'pathname', 'type': 'const char*', 'value': 'dmi'}, {'name': 'flags', 'type': 'unsigned int', 'value': 'O_RDONLY|O_NOFOLLOW|O_CLOEXEC|O_PATH'}, {'name': 'mode', 'type': 'int', 'value': 2278543398}]",0,0
16022.543466,8910,191,0,systemd-udevd,ubuntu,5,fstat,2,0,"[{'name': 'fd', 'type': 'int', 'value': 6}, {'name': 'statbuf', 'type': 'struct stat*', 'value': '0x7FFD8E533290'}]",0,0
16022.543486,8910,191,0,systemd-udevd,ubuntu,3,close,1,0,"[{'name': 'fd', 'type': 'int', 'value': 15}]",0,0
16022.543508,8910,191,0,systemd-udevd,ubuntu,257,openat,4,15,"[{'name': 'dirfd', 'type': 'int', 'value': 6}, {'name': 'pathname', 'type': 'const char*', 'value': 'id'}, {'name': 'flags', 'type': 'unsigned int', 'value': 'O_RDONLY|O_NOFOLLOW|O_CLOEXEC|O_PATH'}, {'name': 'mode', 'type': 'int', 'value': 2278543398}]",0,0
16022.543529,8910,191,0,systemd-udevd,ubuntu,5,fstat,2,0,"[{'name': 'fd', 'type': 'int', 'value': 15}, {'name': 'statbuf', 'type': 'struct stat*', 'value': '0x7FFD8E533290'}]",0,0
16022.543549,8910,191,0,systemd-udevd,ubuntu,3,close,1,0,"[{'name': 'fd', 'type': 'int', 'value': 6}]",0,0
16022.543595,8910,191,0,systemd-udevd,ubuntu,21,access,2,0,"[{'name': 'pathname', 'type': 'const char*', 'value': '/sys/devices/virtual/dmi/id/uevent'}, {'name': 'mode', 'type': 'int', 'value': 'F_OK'}]",0,0
16022.543569,8910,191,0,systemd-udevd,ubuntu,3,close,1,0,"[{'name': 'fd', 'type': 'int', 'value': 15}]",0,0
16022.54369,8910,191,0,systemd-udevd,ubuntu,5,fstat,2,0,"[{'name': 'fd', 'type': 'int', 'value': 6}, {'name': 'statbuf', 'type': 'struct stat*', 'value': '0x7FFD8E534430'}]",0,0
16022.543644,8910,191,0,systemd-udevd,ubuntu,1005,security_file_open,4,0,"[{'name': 'pathname', 'type': 'const char*', 'value': '/sys/devices/virtual/dmi/id/sys_vendor'}, {'name': 'flags', 'type': 'unsigned int', 'value': 'O_RDONLY|O_LARGEFILE'}, {'name': 'dev', 'type': 'dev_t', 'value': 22}, {'name': 'inode', 'type': 'unsigned long', 'value': 713}]",0,0
16022.54367,8910,191,0,systemd-udevd,ubuntu,257,openat,4,6,"[{'name': 'dirfd', 'type': 'int', 'value': -100}, {'name': 'pathname', 'type': 'const char*', 'value': '/sys/devices/virtual/dmi/id/sys_vendor'}, {'name': 'flags', 'type': 'unsigned int', 'value': 'O_RDONLY|O_CLOEXEC'}, {'name': 'mode', 'type': 'int', 'value': 2278543019}]",0,0
16022.54362,8910,191,0,systemd-udevd,ubuntu,6,lstat,2,0,"[{'name': 'pathname', 'type': 'const char*', 'value': '/sys/devices/virtual/dmi/id/sys_vendor'}, {'name': 'statbuf', 'type': 'struct stat*', 'value': '0x7FFD8E5343A0'}]",0,0
16022.543719,8910,191,0,systemd-udevd,ubuntu,3,close,1,0,"[{'name': 'fd', 'type': 'int', 'value': 6}]",0,0
16022.544006,8910,191,0,systemd-udevd,ubuntu,257,openat,4,6,"[{'name': 'dirfd', 'type': 'int', 'value': -100}, {'name': 'pathname', 'type': 'const char*', 'value': '/'}, {'name': 'flags', 'type': 'unsigned int', 'value': 'O_RDONLY|O_DIRECTORY|O_CLOEXEC|O_PATH'}, {'name': 'mode', 'type': 'int', 'value': 2278543019}]",0,0
16022.544035,8910,191,0,systemd-udevd,ubuntu,257,openat,4,15,"[{'name': 'dirfd', 'type': 'int', 'value': 6}, {'name': 'pathname', 'type': 'const char*', 'value': 'sys'}, {'name': 'flags', 'type': 'unsigned int', 'value': 'O_RDONLY|O_NOFOLLOW|O_CLOEXEC|O_PATH'}, {'name': 'mode', 'type': 'int', 'value': 2278543398}]",0,0
16022.544083,8910,191,0,systemd-udevd,ubuntu,5,fstat,2,0,"[{'name': 'fd', 'type': 'int', 'value': 15}, {'name': 'statbuf', 'type': 'struct stat*', 'value': '0x7FFD8E538C60'}]",0,0
16022.544193,8910,191,0,systemd-udevd,ubuntu,3,close,1,0,"[{'name': 'fd', 'type': 'int', 'value': 15}]",0,0
16022.544151,8910,191,0,systemd-udevd,ubuntu,257,openat,4,6,"[{'name': 'dirfd', 'type': 'int', 'value': 15}, {'name': 'pathname', 'type': 'const char*', 'value': 'kernel'}, {'name': 'flags', 'type': 'unsigned int', 'value': 'O_RDONLY|O_NOFOLLOW|O_CLOEXEC|O_PATH'}, {'name': 'mode', 'type': 'int', 'value': 2278543398}]",0,0
16022.544236,8910,191,0,systemd-udevd,ubuntu,5,fstat,2,0,"[{'name': 'fd', 'type': 'int', 'value': 15}, {'name': 'statbuf', 'type': 'struct stat*', 'value': '0x7FFD8E538C60'}]",0,0
16022.544268,8910,191,0,systemd-udevd,ubuntu,3,close,1,0,"[{'name': 'fd', 'type': 'int', 'value': 6}]",0,0
16022.544112,8910,191,0,systemd-udevd,ubuntu,3,close,1,0,"[{'name': 'fd', 'type': 'int', 'value': 6}]",0,0
16022.544173,8910,191,0,systemd-udevd,ubuntu,5,fstat,2,0,"[{'name': 'fd', 'type': 'int', 'value': 6}, {'name': 'statbuf', 'type': 'struct stat*', 'value': '0x7FFD8E538C60'}]",0,0
16022.544293,8910,191,0,systemd-udevd,ubuntu,257,openat,4,6,"[{'name': 'dirfd', 'type': 'int', 'value': 15}, {'name': 'pathname', 'type': 'const char*', 'value': 'kmalloc-rcl-128'}, {'name': 'flags', 'type': 'unsigned int', 'value': 'O_RDONLY|O_NOFOLLOW|O_CLOEXEC|O_PATH'}, {'name': 'mode', 'type': 'int', 'value': 2278543398}]",0,0
16022.544215,8910,191,0,systemd-udevd,ubuntu,257,openat,4,15,"[{'name': 'dirfd', 'type': 'int', 'value': 6}, {'name': 'pathname', 'type': 'const char*', 'value': 'slab'}, {'name': 'flags', 'type': 'unsigned int', 'value': 'O_RDONLY|O_NOFOLLOW|O_CLOEXEC|O_PATH'}, {'name': 'mode', 'type': 'int', 'value': 2278543398}]",0,0
16022.544314,8910,191,0,systemd-udevd,ubuntu,5,fstat,2,0,"[{'name': 'fd', 'type': 'int', 'value': 6}, {'name': 'statbuf', 'type': 'struct stat*', 'value': '0x7FFD8E538C60'}]",0,0
16022.544361,8910,191,0,systemd-udevd,ubuntu,3,close,1,0,"[{'name': 'fd', 'type': 'int', 'value': 15}]",0,0
16022.544387,8910,191,0,systemd-udevd,ubuntu,257,openat,4,15,"[{'name': 'dirfd', 'type': 'int', 'value': 6}, {'name': 'pathname', 'type': 'const char*', 'value': 'cgroup'}, {'name': 'flags', 'type': 'unsigned int', 'value': 'O_RDONLY|O_NOFOLLOW|O_CLOEXEC|O_PATH'}, {'name': 'mode', 'type': 'int', 'value': 2278543398}]",0,0
16022.544421,8910,191,0,systemd-udevd,ubuntu,5,fstat,2,0,"[{'name': 'fd', 'type': 'int', 'value': 15}, {'name': 'statbuf', 'type': 'struct stat*', 'value': '0x7FFD8E538C60'}]",0,0
16022.544443,8910,191,0,systemd-udevd,ubuntu,3,close,1,0,"[{'name': 'fd', 'type': 'int', 'value': 6}]",0,0
16022.544465,8910,191,0,systemd-udevd,ubuntu,3,close,1,0,"[{'name': 'fd', 'type': 'int', 'value': 15}]",0,0
16022.544491,8910,191,0,systemd-udevd,ubuntu,6,lstat,2,0,"[{'name': 'pathname', 'type': 'const char*', 'value': '/sys/kernel/slab/kmalloc-rcl-128/cgroup'}, {'name': 'statbuf', 'type': 'struct stat*', 'value': '0x7FFD8E538C90'}]",0,0
16022.54453,8910,191,0,systemd-udevd,ubuntu,257,openat,4,6,"[{'name': 'dirfd', 'type': 'int', 'value': -100}, {'name': 'pathname', 'type': 'const char*', 'value': '/'}, {'name': 'flags', 'type': 'unsigned int', 'value': 'O_RDONLY|O_DIRECTORY|O_CLOEXEC|O_PATH'}, {'name': 'mode', 'type': 'int', 'value': 2278543019}]",0,0
16022.544554,8910,191,0,systemd-udevd,ubuntu,257,openat,4,15,"[{'name': 'dirfd', 'type': 'int', 'value': 6}, {'name': 'pathname', 'type': 'const char*', 'value': 'sys'}, {'name': 'flags', 'type': 'unsigned int', 'value': 'O_RDONLY|O_NOFOLLOW|O_CLOEXEC|O_PATH'}, {'name': 'mode', 'type': 'int', 'value': 2278543398}]",0,0
16022.544577,8910,191,0,systemd-udevd,ubuntu,5,fstat,2,0,"[{'name': 'fd', 'type': 'int', 'value': 15}, {'name': 'statbuf', 'type': 'struct stat*', 'value': '0x7FFD8E538C60'}]",0,0
16022.5446,8910,191,0,systemd-udevd,ubuntu,3,close,1,0,"[{'name': 'fd', 'type': 'int', 'value': 6}]",0,0
16022.544624,8910,191,0,systemd-udevd,ubuntu,257,openat,4,6,"[{'name': 'dirfd', 'type': 'int', 'value': 15}, {'name': 'pathname', 'type': 'const char*', 'value': 'kernel'}, {'name': 'flags', 'type': 'unsigned int', 'value': 'O_RDONLY|O_NOFOLLOW|O_CLOEXEC|O_PATH'}, {'name': 'mode', 'type': 'int', 'value': 2278543398}]",0,0
16022.544646,8910,191,0,systemd-udevd,ubuntu,5,fstat,2,0,"[{'name': 'fd', 'type': 'int', 'value': 6}, {'name': 'statbuf', 'type': 'struct stat*', 'value': '0x7FFD8E538C60'}]",0,0
16022.544668,8910,191,0,systemd-udevd,ubuntu,3,close,1,0,"[{'name': 'fd', 'type': 'int', 'value': 15}]",0,0
16022.544692,8910,191,0,systemd-udevd,ubuntu,257,openat,4,15,"[{'name': 'dirfd', 'type': 'int', 'value': 6}, {'name': 'pathname', 'type': 'const char*', 'value': 'slab'}, {'name': 'flags', 'type': 'unsigned int', 'value': 'O_RDONLY|O_NOFOLLOW|O_CLOEXEC|O_PATH'}, {'name': 'mode', 'type': 'int', 'value': 2278543398}]",0,0
16022.544745,8910,191,0,systemd-udevd,ubuntu,5,fstat,2,0,"[{'name': 'fd', 'type': 'int', 'value': 15}, {'name': 'statbuf', 'type': 'struct stat*', 'value': '0x7FFD8E538C60'}]",0,0
16022.544769,8910,191,0,systemd-udevd,ubuntu,3,close,1,0,"[{'name': 'fd', 'type': 'int', 'value': 6}]",0,0
16022.544817,8910,191,0,systemd-udevd,ubuntu,257,openat,4,6,"[{'name': 'dirfd', 'type': 'int', 'value': 15}, {'name': 'pathname', 'type': 'const char*', 'value': 'kmalloc-rcl-128'}, {'name': 'flags', 'type': 'unsigned int', 'value': 'O_RDONLY|O_NOFOLLOW|O_CLOEXEC|O_PATH'}, {'name': 'mode', 'type': 'int', 'value': 2278543398}]",0,0
16022.544839,8910,191,0,systemd-udevd,ubuntu,5,fstat,2,0,"[{'name': 'fd', 'type': 'int', 'value': 6}, {'name': 'statbuf', 'type': 'struct stat*', 'value': '0x7FFD8E538C60'}]",0,0
16022.544861,8910,191,0,systemd-udevd,ubuntu,3,close,1,0,"[{'name': 'fd', 'type': 'int', 'value': 15}]",0,0
16022.544883,8910,191,0,systemd-udevd,ubuntu,3,close,1,0,"[{'name': 'fd', 'type': 'int', 'value': 6}]",0,0
16022.544907,8910,191,0,systemd-udevd,ubuntu,6,lstat,2,0,"[{'name': 'pathname', 'type': 'const char*', 'value': '/sys/kernel/slab/kmalloc-rcl-128'}, {'name': 'statbuf', 'type': 'struct stat*', 'value': '0x7FFD8E538C90'}]",0,0
16022.544941,8910,191,0,systemd-udevd,ubuntu,257,openat,4,6,"[{'name': 'dirfd', 'type': 'int', 'value': -100}, {'name': 'pathname', 'type': 'const char*', 'value': '/'}, {'name': 'flags', 'type': 'unsigned int', 'value': 'O_RDONLY|O_DIRECTORY|O_CLOEXEC|O_PATH'}, {'name': 'mode', 'type': 'int', 'value': 2278543019}]",0,0
16022.544964,8910,191,0,systemd-udevd,ubuntu,257,openat,4,15,"[{'name': 'dirfd', 'type': 'int', 'value': 6}, {'name': 'pathname', 'type': 'const char*', 'value': 'sys'}, {'name': 'flags', 'type': 'unsigned int', 'value': 'O_RDONLY|O_NOFOLLOW|O_CLOEXEC|O_PATH'}, {'name': 'mode', 'type': 'int', 'value': 2278543398}]",0,0
16022.544986,8910,191,0,systemd-udevd,ubuntu,5,fstat,2,0,"[{'name': 'fd', 'type': 'int', 'value': 15}, {'name': 'statbuf', 'type': 'struct stat*', 'value': '0x7FFD8E538C60'}]",0,0
16022.545008,8910,191,0,systemd-udevd,ubuntu,3,close,1,0,"[{'name': 'fd', 'type': 'int', 'value': 6}]",0,0
16022.545031,8910,191,0,systemd-udevd,ubuntu,257,openat,4,6,"[{'name': 'dirfd', 'type': 'int', 'value': 15}, {'name': 'pathname', 'type': 'const char*', 'value': 'kernel'}, {'name': 'flags', 'type': 'unsigned int', 'value': 'O_RDONLY|O_NOFOLLOW|O_CLOEXEC|O_PATH'}, {'name': 'mode', 'type': 'int', 'value': 2278543398}]",0,0
16022.545052,8910,191,0,systemd-udevd,ubuntu,5,fstat,2,0,"[{'name': 'fd', 'type': 'int', 'value': 6}, {'name': 'statbuf', 'type': 'struct stat*', 'value': '0x7FFD8E538C60'}]",0,0
16022.545087,8910,191,0,systemd-udevd,ubuntu,3,close,1,0,"[{'name': 'fd', 'type': 'int', 'value': 15}]",0,0
16022.545109,8910,191,0,systemd-udevd,ubuntu,257,openat,4,15,"[{'name': 'dirfd', 'type': 'int', 'value': 6}, {'name': 'pathname', 'type': 'const char*', 'value': 'slab'}, {'name': 'flags', 'type': 'unsigned int', 'value': 'O_RDONLY|O_NOFOLLOW|O_CLOEXEC|O_PATH'}, {'name': 'mode', 'type': 'int', 'value': 2278543398}]",0,0
16022.54513,8910,191,0,systemd-udevd,ubuntu,5,fstat,2,0,"[{'name': 'fd', 'type': 'int', 'value': 15}, {'name': 'statbuf', 'type': 'struct stat*', 'value': '0x7FFD8E538C60'}]",0,0
16022.54515,8910,191,0,systemd-udevd,ubuntu,3,close,1,0,"[{'name': 'fd', 'type': 'int', 'value': 6}]",0,0
16022.54517,8910,191,0,systemd-udevd,ubuntu,3,close,1,0,"[{'name': 'fd', 'type': 'int', 'value': 15}]",0,0
16022.545193,8910,191,0,systemd-udevd,ubuntu,6,lstat,2,0,"[{'name': 'pathname', 'type': 'const char*', 'value': '/sys/kernel/slab'}, {'name': 'statbuf', 'type': 'struct stat*', 'value': '0x7FFD8E538C90'}]",0,0
16022.545323,8910,191,0,systemd-udevd,ubuntu,257,openat,4,15,"[{'name': 'dirfd', 'type': 'int', 'value': 6}, {'name': 'pathname', 'type': 'const char*', 'value': 'sys'}, {'name': 'flags', 'type': 'unsigned int', 'value': 'O_RDONLY|O_NOFOLLOW|O_CLOEXEC|O_PATH'}, {'name': 'mode', 'type': 'int', 'value': 2278543398}]",0,0
16022.545346,8910,191,0,systemd-udevd,ubuntu,5,fstat,2,0,"[{'name': 'fd', 'type': 'int', 'value': 15}, {'name': 'statbuf', 'type': 'struct stat*', 'value': '0x7FFD8E538C60'}]",0,0
16022.545367,8910,191,0,systemd-udevd,ubuntu,3,close,1,0,"[{'name': 'fd', 'type': 'int', 'value': 6}]",0,0
16022.54539,8910,191,0,systemd-udevd,ubuntu,257,openat,4,6,"[{'name': 'dirfd', 'type': 'int', 'value': 15}, {'name': 'pathname', 'type': 'const char*', 'value': 'kernel'}, {'name': 'flags', 'type': 'unsigned int', 'value': 'O_RDONLY|O_NOFOLLOW|O_CLOEXEC|O_PATH'}, {'name': 'mode', 'type': 'int', 'value': 2278543398}]",0,0
16022.545231,8910,191,0,systemd-udevd,ubuntu,257,openat,4,6,"[{'name': 'dirfd', 'type': 'int', 'value': -100}, {'name': 'pathname', 'type': 'const char*', 'value': '/'}, {'name': 'flags', 'type': 'unsigned int', 'value': 'O_RDONLY|O_DIRECTORY|O_CLOEXEC|O_PATH'}, {'name': 'mode', 'type': 'int', 'value': 2278543019}]",0,0
16022.545411,8910,191,0,systemd-udevd,ubuntu,5,fstat,2,0,"[{'name': 'fd', 'type': 'int', 'value': 6}, {'name': 'statbuf', 'type': 'struct stat*', 'value': '0x7FFD8E538C60'}]",0,0
16022.54543,8910,191,0,systemd-udevd,ubuntu,3,close,1,0,"[{'name': 'fd', 'type': 'int', 'value': 15}]",0,0
16022.545511,8910,191,0,systemd-udevd,ubuntu,6,lstat,2,0,"[{'name': 'pathname', 'type': 'const char*', 'value': '/sys/kernel'}, {'name': 'statbuf', 'type': 'struct stat*', 'value': '0x7FFD8E538C90'}]",0,0
16022.545451,8910,191,0,systemd-udevd,ubuntu,3,close,1,0,"[{'name': 'fd', 'type': 'int', 'value': 6}]",0,0
16022.545653,8910,191,0,systemd-udevd,ubuntu,257,openat,4,-2,"[{'name': 'dirfd', 'type': 'int', 'value': -100}, {'name': 'pathname', 'type': 'const char*', 'value': '/sys/kernel/slab/kmalloc-rcl-128/cgroup/uevent'}, {'name': 'flags', 'type': 'unsigned int', 'value': 'O_RDONLY|O_CLOEXEC'}, {'name': 'mode', 'type': 'int', 'value': 2278543019}]",0,0
16022.545781,8910,191,0,systemd-udevd,ubuntu,87,unlink,1,-2,"[{'name': 'pathname', 'type': 'const char*', 'value': '/run/udev/data/+cgroup:kmalloc-rcl-128(83:systemd-journald.service)'}]",0,0
16022.545821,8910,191,0,systemd-udevd,ubuntu,1003,cap_capable,1,0,"[{'name': 'cap', 'type': 'int', 'value': 'CAP_NET_ADMIN'}]",0,0
16022.546256,191,1,0,systemd-udevd,ubuntu,1006,security_inode_unlink,1,0,"[{'name': 'pathname', 'type': 'const char*', 'value': '/udev/queue'}]",0,0
16022.54632,191,1,0,systemd-udevd,ubuntu,87,unlink,1,0,"[{'name': 'pathname', 'type': 'const char*', 'value': '/run/udev/queue'}]",0,0
16025.624518,191,1,0,systemd-udevd,ubuntu,62,kill,2,0,"[{'name': 'pid', 'type': 'pid_t', 'value': 8910}, {'name': 'sig', 'type': 'int', 'value': 15}]",0,0
16025.624654,8910,191,0,systemd-udevd,ubuntu,3,close,1,0,"[{'name': 'fd', 'type': 'int', 'value': 12}]",0,0
16025.625181,8910,191,0,systemd-udevd,ubuntu,3,close,1,0,"[{'name': 'fd', 'type': 'int', 'value': 8}]",0,0
16025.625209,8910,191,0,systemd-udevd,ubuntu,3,close,1,0,"[{'name': 'fd', 'type': 'int', 'value': 7}]",0,0
16025.625232,8910,191,0,systemd-udevd,ubuntu,3,close,1,0,"[{'name': 'fd', 'type': 'int', 'value': 5}]",0,0
16025.625419,8910,191,0,systemd-udevd,ubuntu,1010,sched_process_exit,0,0,[],0,0
16025.625601,191,1,0,systemd-udevd,ubuntu,1005,security_file_open,4,0,"[{'name': 'pathname', 'type': 'const char*', 'value': '/sys/fs/cgroup/unified/system.slice/systemd-udevd.service/cgroup.procs'}, {'name': 'flags', 'type': 'unsigned int', 'value': 'O_RDONLY|O_LARGEFILE'}, {'name': 'dev', 'type': 'dev_t', 'value': 28}, {'name': 'inode', 'type': 'unsigned long', 'value': 438}]",0,0
16025.62564,191,1,0,systemd-udevd,ubuntu,257,openat,4,14,"[{'name': 'dirfd', 'type': 'int', 'value': -100}, {'name': 'pathname', 'type': 'const char*', 'value': '/sys/fs/cgroup/unified/system.slice/systemd-udevd.service/cgroup.procs'}, {'name': 'flags', 'type': 'unsigned int', 'value': 'O_RDONLY|O_CLOEXEC'}, {'name': 'mode', 'type': 'int', 'value': 2278543019}]",0,0
16025.625668,191,1,0,systemd-udevd,ubuntu,5,fstat,2,0,"[{'name': 'fd', 'type': 'int', 'value': 14}, {'name': 'statbuf', 'type': 'struct stat*', 'value': '0x7FFD8E5387E0'}]",0,0
16025.625719,191,1,0,systemd-udevd,ubuntu,3,close,1,0,"[{'name': 'fd', 'type': 'int', 'value': 14}]",0,0
16025.625767,191,1,0,systemd-udevd,ubuntu,1005,security_file_open,4,0,"[{'name': 'pathname', 'type': 'const char*', 'value': '/sys/fs/cgroup/unified/system.slice/systemd-udevd.service/cgroup.threads'}, {'name': 'flags', 'type': 'unsigned int', 'value': 'O_RDONLY|O_LARGEFILE'}, {'name': 'dev', 'type': 'dev_t', 'value': 28}, {'name': 'inode', 'type': 'unsigned long', 'value': 439}]",0,0
16025.625805,191,1,0,systemd-udevd,ubuntu,257,openat,4,14,"[{'name': 'dirfd', 'type': 'int', 'value': -100}, {'name': 'pathname', 'type': 'const char*', 'value': '/sys/fs/cgroup/unified/system.slice/systemd-udevd.service/cgroup.threads'}, {'name': 'flags', 'type': 'unsigned int', 'value': 'O_RDONLY|O_CLOEXEC'}, {'name': 'mode', 'type': 'int', 'value': 2278543019}]",0,0
16025.625829,191,1,0,systemd-udevd,ubuntu,5,fstat,2,0,"[{'name': 'fd', 'type': 'int', 'value': 14}, {'name': 'statbuf', 'type': 'struct stat*', 'value': '0x7FFD8E5387E0'}]",0,0
16025.625864,191,1,0,systemd-udevd,ubuntu,3,close,1,0,"[{'name': 'fd', 'type': 'int', 'value': 14}]",0,0
18641.745997,191,1,0,systemd-udevd,ubuntu,41,socket,3,14,"[{'name': 'domain', 'type': 'int', 'value': 'AF_UNIX'}, {'name': 'type', 'type': 'int', 'value': 'SOCK_DGRAM|SOCK_CLOEXEC'}, {'name': 'protocol', 'type': 'int', 'value': 0}]",0,0
18641.747492,191,1,0,systemd-udevd,ubuntu,3,close,1,0,"[{'name': 'fd', 'type': 'int', 'value': 14}]",0,0
18682.464259,191,1,0,systemd-udevd,ubuntu,41,socket,3,14,"[{'name': 'domain', 'type': 'int', 'value': 'AF_UNIX'}, {'name': 'type', 'type': 'int', 'value': 'SOCK_DGRAM|SOCK_CLOEXEC'}, {'name': 'protocol', 'type': 'int', 'value': 0}]",0,0
18682.501374,191,1,0,systemd-udevd,ubuntu,3,close,1,0,"[{'name': 'fd', 'type': 'int', 'value': 14}]",0,0
18683.081122,191,1,0,systemd-udevd,ubuntu,257,openat,4,-2,"[{'name': 'dirfd', 'type': 'int', 'value': -100}, {'name': 'pathname', 'type': 'const char*', 'value': '/run/udev/queue'}, {'name': 'flags', 'type': 'unsigned long', 'value': 'O_RDONLY|O_NOFOLLOW|O_CLOEXEC|O_PATH'}, {'name': 'mode', 'type': 'int*', 'value': 2629963435}]",0,0
18683.081174,191,1,0,systemd-udevd,ubuntu,1005,security_file_open,4,0,"[{'name': 'pathname', 'type': 'const char*', 'value': '/run/udev/queue'}, {'name': 'flags', 'type': 'unsigned long', 'value': 'O_WRONLY|O_CREAT|O_EXCL|O_LARGEFILE'}, {'name': 'dev', 'type': 'dev_t', 'value': 25}, {'name': 'inode', 'type': 'unsigned long', 'value': 389}]",0,0
18683.081206,191,1,0,systemd-udevd,ubuntu,257,openat,4,14,"[{'name': 'dirfd', 'type': 'int', 'value': -100}, {'name': 'pathname', 'type': 'const char*', 'value': '/run/udev/queue'}, {'name': 'flags', 'type': 'unsigned long', 'value': 'O_WRONLY|O_CREAT|O_EXCL|O_CLOEXEC'}, {'name': 'mode', 'type': 'int*', 'value': 2629963435}]",0,0
18683.081235,191,1,0,systemd-udevd,ubuntu,5,fstat,2,0,"[{'name': 'fd', 'type': 'int', 'value': 14}, {'name': 'statbuf', 'type': 'struct stat*', 'value': '0x7FFEBBC83CF0'}]",0,0
18683.081284,191,1,0,systemd-udevd,ubuntu,3,close,1,0,"[{'name': 'fd', 'type': 'int', 'value': 14}]",0,0
18683.199479,191,1,0,systemd-udevd,ubuntu,4,stat,2,0,"[{'name': 'pathname', 'type': 'const char*', 'value': '/etc/udev/rules.d'}, {'name': 'statbuf', 'type': 'struct stat*', 'value': '0x7FFEBBC83C30'}]",0,0
18683.199535,191,1,0,systemd-udevd,ubuntu,4,stat,2,0,"[{'name': 'pathname', 'type': 'const char*', 'value': '/run/udev/rules.d'}, {'name': 'statbuf', 'type': 'struct stat*', 'value': '0x7FFEBBC83C30'}]",0,0
18683.199559,191,1,0,systemd-udevd,ubuntu,4,stat,2,-2,"[{'name': 'pathname', 'type': 'const char*', 'value': '/usr/local/lib/udev/rules.d'}, {'name': 'statbuf', 'type': 'struct stat*', 'value': '0x7FFEBBC83C30'}]",0,0
18683.199582,191,1,0,systemd-udevd,ubuntu,4,stat,2,0,"[{'name': 'pathname', 'type': 'const char*', 'value': '/usr/lib/udev/rules.d'}, {'name': 'statbuf', 'type': 'struct stat*', 'value': '0x7FFEBBC83C30'}]",0,0
18683.199633,191,1,0,systemd-udevd,ubuntu,4,stat,2,0,"[{'name': 'pathname', 'type': 'const char*', 'value': '/lib/udev/rules.d'}, {'name': 'statbuf', 'type': 'struct stat*', 'value': '0x7FFEBBC83C30'}]",0,0
18683.199656,191,1,0,systemd-udevd,ubuntu,4,stat,2,-2,"[{'name': 'pathname', 'type': 'const char*', 'value': '/etc/systemd/hwdb/hwdb.bin'}, {'name': 'statbuf', 'type': 'struct stat*', 'value': '0x7FFEBBC83CA0'}]",0,0
18683.199681,191,1,0,systemd-udevd,ubuntu,4,stat,2,-2,"[{'name': 'pathname', 'type': 'const char*', 'value': '/etc/udev/hwdb.bin'}, {'name': 'statbuf', 'type': 'struct stat*', 'value': '0x7FFEBBC83CA0'}]",0,0
18683.19974,191,1,0,systemd-udevd,ubuntu,4,stat,2,-2,"[{'name': 'pathname', 'type': 'const char*', 'value': '/lib/systemd/hwdb/hwdb.bin'}, {'name': 'statbuf', 'type': 'struct stat*', 'value': '0x7FFEBBC83CA0'}]",0,0
18683.199716,191,1,0,systemd-udevd,ubuntu,4,stat,2,-2,"[{'name': 'pathname', 'type': 'const char*', 'value': '/usr/lib/systemd/hwdb/hwdb.bin'}, {'name': 'statbuf', 'type': 'struct stat*', 'value': '0x7FFEBBC83CA0'}]",0,0
18683.199764,191,1,0,systemd-udevd,ubuntu,4,stat,2,0,"[{'name': 'pathname', 'type': 'const char*', 'value': '/lib/udev/hwdb.bin'}, {'name': 'statbuf', 'type': 'struct stat*', 'value': '0x7FFEBBC83CA0'}]",0,0
18683.20126,191,1,0,systemd-udevd,ubuntu,4,stat,2,0,"[{'name': 'pathname', 'type': 'const char*', 'value': '/etc/modprobe.d'}, {'name': 'statbuf', 'type': 'struct stat*', 'value': '0x7FFEBBC82C50'}]",0,0
18683.20129,191,1,0,systemd-udevd,ubuntu,4,stat,2,0,"[{'name': 'pathname', 'type': 'const char*', 'value': '/lib/modprobe.d'}, {'name': 'statbuf', 'type': 'struct stat*', 'value': '0x7FFEBBC82C50'}]",0,0
18683.201331,191,1,0,systemd-udevd,ubuntu,4,stat,2,0,"[{'name': 'pathname', 'type': 'const char*', 'value': '/lib/modules/5.4.0-1048-aws/modules.dep.bin'}, {'name': 'statbuf', 'type': 'struct stat*', 'value': '0x7FFEBBC82C40'}]",0,0
18683.201357,191,1,0,systemd-udevd,ubuntu,4,stat,2,0,"[{'name': 'pathname', 'type': 'const char*', 'value': '/lib/modules/5.4.0-1048-aws/modules.alias.bin'}, {'name': 'statbuf', 'type': 'struct stat*', 'value': '0x7FFEBBC82C40'}]",0,0
18683.201404,191,1,0,systemd-udevd,ubuntu,4,stat,2,0,"[{'name': 'pathname', 'type': 'const char*', 'value': '/lib/modules/5.4.0-1048-aws/modules.symbols.bin'}, {'name': 'statbuf', 'type': 'struct stat*', 'value': '0x7FFEBBC82C40'}]",0,0
18683.201426,191,1,0,systemd-udevd,ubuntu,4,stat,2,0,"[{'name': 'pathname', 'type': 'const char*', 'value': '/lib/modules/5.4.0-1048-aws/modules.builtin.alias.bin'}, {'name': 'statbuf', 'type': 'struct stat*', 'value': '0x7FFEBBC82C40'}]",0,0
18683.201449,191,1,0,systemd-udevd,ubuntu,4,stat,2,0,"[{'name': 'pathname', 'type': 'const char*', 'value': '/lib/modules/5.4.0-1048-aws/modules.builtin.bin'}, {'name': 'statbuf', 'type': 'struct stat*', 'value': '0x7FFEBBC82C40'}]",0,0
18683.201493,191,1,0,systemd-udevd,ubuntu,4,stat,2,0,"[{'name': 'pathname', 'type': 'const char*', 'value': '/run/systemd/network'}, {'name': 'statbuf', 'type': 'struct stat*', 'value': '0x7FFEBBC83C30'}]",0,0
18683.201471,191,1,0,systemd-udevd,ubuntu,4,stat,2,0,"[{'name': 'pathname', 'type': 'const char*', 'value': '/etc/systemd/network'}, {'name': 'statbuf', 'type': 'struct stat*', 'value': '0x7FFEBBC83C30'}]",0,0
18683.201514,191,1,0,systemd-udevd,ubuntu,4,stat,2,-2,"[{'name': 'pathname', 'type': 'const char*', 'value': '/usr/local/lib/systemd/network'}, {'name': 'statbuf', 'type': 'struct stat*', 'value': '0x7FFEBBC83C30'}]",0,0
18683.201534,191,1,0,systemd-udevd,ubuntu,4,stat,2,0,"[{'name': 'pathname', 'type': 'const char*', 'value': '/usr/lib/systemd/network'}, {'name': 'statbuf', 'type': 'struct stat*', 'value': '0x7FFEBBC83C30'}]",0,0
18683.201555,191,1,0,systemd-udevd,ubuntu,4,stat,2,0,"[{'name': 'pathname', 'type': 'const char*', 'value': '/lib/systemd/network'}, {'name': 'statbuf', 'type': 'struct stat*', 'value': '0x7FFEBBC83C30'}]",0,0
18683.201593,191,1,0,systemd-udevd,ubuntu,41,socket,3,14,"[{'name': 'domain', 'type': 'int', 'value': 'AF_NETLINK'}, {'name': 'type', 'type': 'int', 'value': 'SOCK_RAW|SOCK_NONBLOCK|SOCK_CLOEXEC'}, {'name': 'protocol', 'type': 'int', 'value': 15}]",0,0
18683.201626,191,1,0,systemd-udevd,ubuntu,49,bind,3,0,"[{'name': 'sockfd', 'type': 'int', 'value': 14}, {'name': 'addr', 'type': 'void*', 'value': ""{'sa_family': 'AF_NETLINK'}""}, {'name': 'addrlen', 'type': 'int', 'value': 12}]",0,0
18683.201649,191,1,0,systemd-udevd,ubuntu,51,getsockname,3,0,"[{'name': 'sockfd', 'type': 'int', 'value': 14}, {'name': 'addr', 'type': 'void*', 'value': ""{'sa_family': 'AF_NETLINK'}""}, {'name': 'addrlen', 'type': 'int', 'value': '0x7FFEBBC83C9C'}]",0,0
18683.201957,191,1,0,systemd-udevd,ubuntu,56,clone,5,8045,"[{'name': 'flags', 'type': 'int', 'value': 'CLONE_CHILD_CLEARTID|CLONE_CHILD_SETTID'}, {'name': 'stack', 'type': 'void*', 'value': '0x0'}, {'name': 'parent_tid', 'type': 'int*', 'value': '0x0'}, {'name': 'child_tid', 'type': 'int*', 'value': '0x7EFE9CBF60BF'}, {'name': 'tls', 'type': 'unsigned long', 'value': 0}]",0,0
18683.202001,191,1,0,systemd-udevd,ubuntu,3,close,1,0,"[{'name': 'fd', 'type': 'int', 'value': 14}]",0,0
18683.202173,8045,191,0,systemd-udevd,ubuntu,157,prctl,5,0,"[{'name': 'option', 'type': 'int', 'value': 'PR_SET_PDEATHSIG'}, {'name': 'arg2', 'type': 'unsigned long', 'value': 15}, {'name': 'arg3', 'type': 'unsigned long', 'value': 1}, {'name': 'arg4', 'type': 'unsigned long', 'value': 139632016830110}, {'name': 'arg5', 'type': 'unsigned long', 'value': 0}]",0,0
18683.202296,8045,191,0,systemd-udevd,ubuntu,1005,security_file_open,4,0,"[{'name': 'pathname', 'type': 'const char*', 'value': '/proc/8045/oom_score_adj'}, {'name': 'flags', 'type': 'unsigned long', 'value': 'O_WRONLY|O_NOCTTY|O_LARGEFILE'}, {'name': 'dev', 'type': 'dev_t', 'value': 5}, {'name': 'inode', 'type': 'unsigned long', 'value': 138388}]",0,0
18683.202327,8045,191,0,systemd-udevd,ubuntu,257,openat,4,15,"[{'name': 'dirfd', 'type': 'int', 'value': -100}, {'name': 'pathname', 'type': 'const char*', 'value': '/proc/self/oom_score_adj'}, {'name': 'flags', 'type': 'unsigned long', 'value': 'O_WRONLY|O_NOCTTY|O_CLOEXEC'}, {'name': 'mode', 'type': 'int*', 'value': 2629963435}]",0,0
18683.202432,8045,191,0,systemd-udevd,ubuntu,3,close,1,0,"[{'name': 'fd', 'type': 'int', 'value': 15}]",0,0
18683.202528,8045,191,0,systemd-udevd,ubuntu,3,close,1,0,"[{'name': 'fd', 'type': 'int', 'value': 3}]",0,0
18683.202551,8045,191,0,systemd-udevd,ubuntu,3,close,1,0,"[{'name': 'fd', 'type': 'int', 'value': 4}]",0,0
18683.202571,8045,191,0,systemd-udevd,ubuntu,3,close,1,0,"[{'name': 'fd', 'type': 'int', 'value': 6}]",0,0
18683.202731,8045,191,0,systemd-udevd,ubuntu,257,openat,4,-2,"[{'name': 'dirfd', 'type': 'int', 'value': -100}, {'name': 'pathname', 'type': 'const char*', 'value': '/sys/kernel/slab/kmalloc-2k/cgroup/kmalloc-2k(1705:sensor.service)/uevent'}, {'name': 'flags', 'type': 'unsigned long', 'value': 'O_RDONLY|O_CLOEXEC'}, {'name': 'mode', 'type': 'int*', 'value': 2629963435}]",0,0
18683.202774,8045,191,0,systemd-udevd,ubuntu,257,openat,4,-2,"[{'name': 'dirfd', 'type': 'int', 'value': -100}, {'name': 'pathname', 'type': 'const char*', 'value': '/sys/kernel/slab/kmalloc-2k/cgroup/kmalloc-2k(1705:sensor.service)/uevent'}, {'name': 'flags', 'type': 'unsigned long', 'value': 'O_RDONLY|O_CLOEXEC'}, {'name': 'mode', 'type': 'int*', 'value': 2629963435}]",0,0
18683.202809,8045,191,0,systemd-udevd,ubuntu,257,openat,4,-2,"[{'name': 'dirfd', 'type': 'int', 'value': -100}, {'name': 'pathname', 'type': 'const char*', 'value': '/run/udev/data/+cgroup:kmalloc-2k(1705:sensor.service)'}, {'name': 'flags', 'type': 'unsigned long', 'value': 'O_RDONLY|O_CLOEXEC'}, {'name': 'mode', 'type': 'int*', 'value': 2629963435}]",0,0
18683.202876,8045,191,0,systemd-udevd,ubuntu,21,access,2,-2,"[{'name': 'pathname', 'type': 'const char*', 'value': '/sys/subsystem/dmi/devices/id'}, {'name': 'mode', 'type': 'int*', 'value': 'F_OK'}]",0,0
18683.202907,8045,191,0,systemd-udevd,ubuntu,21,access,2,-2,"[{'name': 'pathname', 'type': 'const char*', 'value': '/sys/bus/dmi/devices/id'}, {'name': 'mode', 'type': 'int*', 'value': 'F_OK'}]",0,0
18683.202947,8045,191,0,systemd-udevd,ubuntu,21,access,2,0,"[{'name': 'pathname', 'type': 'const char*', 'value': '/sys/class/dmi/id'}, {'name': 'mode', 'type': 'int*', 'value': 'F_OK'}]",0,0
18683.202981,8045,191,0,systemd-udevd,ubuntu,257,openat,4,6,"[{'name': 'dirfd', 'type': 'int', 'value': -100}, {'name': 'pathname', 'type': 'const char*', 'value': '/'}, {'name': 'flags', 'type': 'unsigned long', 'value': 'O_RDONLY|O_DIRECTORY|O_CLOEXEC|O_PATH'}, {'name': 'mode', 'type': 'int*', 'value': 2629963435}]",0,0
18683.203006,8045,191,0,systemd-udevd,ubuntu,257,openat,4,15,"[{'name': 'dirfd', 'type': 'int', 'value': 6}, {'name': 'pathname', 'type': 'const char*', 'value': 'sys'}, {'name': 'flags', 'type': 'unsigned long', 'value': 'O_RDONLY|O_NOFOLLOW|O_CLOEXEC|O_PATH'}, {'name': 'mode', 'type': 'int*', 'value': 2629963814}]",0,0
18683.20303,8045,191,0,systemd-udevd,ubuntu,5,fstat,2,0,"[{'name': 'fd', 'type': 'int', 'value': 15}, {'name': 'statbuf', 'type': 'struct stat*', 'value': '0x7FFEBBC7DF60'}]",0,0
18683.203053,8045,191,0,systemd-udevd,ubuntu,3,close,1,0,"[{'name': 'fd', 'type': 'int', 'value': 6}]",0,0
18683.203078,8045,191,0,systemd-udevd,ubuntu,257,openat,4,6,"[{'name': 'dirfd', 'type': 'int', 'value': 15}, {'name': 'pathname', 'type': 'const char*', 'value': 'class'}, {'name': 'flags', 'type': 'unsigned long', 'value': 'O_RDONLY|O_NOFOLLOW|O_CLOEXEC|O_PATH'}, {'name': 'mode', 'type': 'int*', 'value': 2629963814}]",0,0
18683.203101,8045,191,0,systemd-udevd,ubuntu,5,fstat,2,0,"[{'name': 'fd', 'type': 'int', 'value': 6}, {'name': 'statbuf', 'type': 'struct stat*', 'value': '0x7FFEBBC7DF60'}]",0,0
18683.203124,8045,191,0,systemd-udevd,ubuntu,3,close,1,0,"[{'name': 'fd', 'type': 'int', 'value': 15}]",0,0
18683.203149,8045,191,0,systemd-udevd,ubuntu,257,openat,4,15,"[{'name': 'dirfd', 'type': 'int', 'value': 6}, {'name': 'pathname', 'type': 'const char*', 'value': 'dmi'}, {'name': 'flags', 'type': 'unsigned long', 'value': 'O_RDONLY|O_NOFOLLOW|O_CLOEXEC|O_PATH'}, {'name': 'mode', 'type': 'int*', 'value': 2629963814}]",0,0
18683.203171,8045,191,0,systemd-udevd,ubuntu,5,fstat,2,0,"[{'name': 'fd', 'type': 'int', 'value': 15}, {'name': 'statbuf', 'type': 'struct stat*', 'value': '0x7FFEBBC7DF60'}]",0,0
18683.203205,8045,191,0,systemd-udevd,ubuntu,3,close,1,0,"[{'name': 'fd', 'type': 'int', 'value': 6}]",0,0
18683.203229,8045,191,0,systemd-udevd,ubuntu,257,openat,4,6,"[{'name': 'dirfd', 'type': 'int', 'value': 15}, {'name': 'pathname', 'type': 'const char*', 'value': 'id'}, {'name': 'flags', 'type': 'unsigned long', 'value': 'O_RDONLY|O_NOFOLLOW|O_CLOEXEC|O_PATH'}, {'name': 'mode', 'type': 'int*', 'value': 2629963814}]",0,0
18683.239783,8045,191,0,systemd-udevd,ubuntu,5,fstat,2,0,"[{'name': 'fd', 'type': 'int', 'value': 6}, {'name': 'statbuf', 'type': 'struct stat*', 'value': '0x7FFEBBC7DF60'}]",0,0
18683.323368,8045,191,0,systemd-udevd,ubuntu,3,close,1,0,"[{'name': 'fd', 'type': 'int', 'value': 6}]",0,0
18683.323406,8045,191,0,systemd-udevd,ubuntu,257,openat,4,6,"[{'name': 'dirfd', 'type': 'int', 'value': 15}, {'name': 'pathname', 'type': 'const char*', 'value': '..'}, {'name': 'flags', 'type': 'unsigned long', 'value': 'O_RDONLY|O_NOFOLLOW|O_CLOEXEC|O_PATH'}, {'name': 'mode', 'type': 'int*', 'value': 2629963814}]",0,0
18683.32343,8045,191,0,systemd-udevd,ubuntu,3,close,1,0,"[{'name': 'fd', 'type': 'int', 'value': 15}]",0,0
18683.323472,8045,191,0,systemd-udevd,ubuntu,257,openat,4,15,"[{'name': 'dirfd', 'type': 'int', 'value': 6}, {'name': 'pathname', 'type': 'const char*', 'value': '..'}, {'name': 'flags', 'type': 'unsigned long', 'value': 'O_RDONLY|O_NOFOLLOW|O_CLOEXEC|O_PATH'}, {'name': 'mode', 'type': 'int*', 'value': 2629963814}]",0,0
18683.323526,8045,191,0,systemd-udevd,ubuntu,3,close,1,0,"[{'name': 'fd', 'type': 'int', 'value': 6}]",0,0
18683.323555,8045,191,0,systemd-udevd,ubuntu,257,openat,4,6,"[{'name': 'dirfd', 'type': 'int', 'value': 15}, {'name': 'pathname', 'type': 'const char*', 'value': 'devices'}, {'name': 'flags', 'type': 'unsigned long', 'value': 'O_RDONLY|O_NOFOLLOW|O_CLOEXEC|O_PATH'}, {'name': 'mode', 'type': 'int*', 'value': 2629963814}]",0,0
18683.32358,8045,191,0,systemd-udevd,ubuntu,5,fstat,2,0,"[{'name': 'fd', 'type': 'int', 'value': 6}, {'name': 'statbuf', 'type': 'struct stat*', 'value': '0x7FFEBBC7DF60'}]",0,0
18683.323603,8045,191,0,systemd-udevd,ubuntu,3,close,1,0,"[{'name': 'fd', 'type': 'int', 'value': 15}]",0,0
18683.323628,8045,191,0,systemd-udevd,ubuntu,257,openat,4,15,"[{'name': 'dirfd', 'type': 'int', 'value': 6}, {'name': 'pathname', 'type': 'const char*', 'value': 'virtual'}, {'name': 'flags', 'type': 'unsigned long', 'value': 'O_RDONLY|O_NOFOLLOW|O_CLOEXEC|O_PATH'}, {'name': 'mode', 'type': 'int*', 'value': 2629963814}]",0,0
18683.323697,8045,191,0,systemd-udevd,ubuntu,3,close,1,0,"[{'name': 'fd', 'type': 'int', 'value': 6}]",0,0
18683.323651,8045,191,0,systemd-udevd,ubuntu,5,fstat,2,0,"[{'name': 'fd', 'type': 'int', 'value': 15}, {'name': 'statbuf', 'type': 'struct stat*', 'value': '0x7FFEBBC7DF60'}]",0,0
18683.323724,8045,191,0,systemd-udevd,ubuntu,257,openat,4,6,"[{'name': 'dirfd', 'type': 'int', 'value': 15}, {'name': 'pathname', 'type': 'const char*', 'value': 'dmi'}, {'name': 'flags', 'type': 'unsigned long', 'value': 'O_RDONLY|O_NOFOLLOW|O_CLOEXEC|O_PATH'}, {'name': 'mode', 'type': 'int*', 'value': 2629963814}]",0,0
18683.323748,8045,191,0,systemd-udevd,ubuntu,5,fstat,2,0,"[{'name': 'fd', 'type': 'int', 'value': 6}, {'name': 'statbuf', 'type': 'struct stat*', 'value': '0x7FFEBBC7DF60'}]",0,0
18683.323776,8045,191,0,systemd-udevd,ubuntu,3,close,1,0,"[{'name': 'fd', 'type': 'int', 'value': 15}]",0,0
18683.323803,8045,191,0,systemd-udevd,ubuntu,257,openat,4,15,"[{'name': 'dirfd', 'type': 'int', 'value': 6}, {'name': 'pathname', 'type': 'const char*', 'value': 'id'}, {'name': 'flags', 'type': 'unsigned long', 'value': 'O_RDONLY|O_NOFOLLOW|O_CLOEXEC|O_PATH'}, {'name': 'mode', 'type': 'int*', 'value': 2629963814}]",0,0
18683.323826,8045,191,0,systemd-udevd,ubuntu,5,fstat,2,0,"[{'name': 'fd', 'type': 'int', 'value': 15}, {'name': 'statbuf', 'type': 'struct stat*', 'value': '0x7FFEBBC7DF60'}]",0,0
18683.323989,8045,191,0,systemd-udevd,ubuntu,3,close,1,0,"[{'name': 'fd', 'type': 'int', 'value': 6}]",0,0
18683.324021,8045,191,0,systemd-udevd,ubuntu,3,close,1,0,"[{'name': 'fd', 'type': 'int', 'value': 15}]",0,0
18683.324089,8045,191,0,systemd-udevd,ubuntu,21,access,2,0,"[{'name': 'pathname', 'type': 'const char*', 'value': '/sys/devices/virtual/dmi/id/uevent'}, {'name': 'mode', 'type': 'int*', 'value': 'F_OK'}]",0,0
18683.324133,8045,191,0,systemd-udevd,ubuntu,6,lstat,2,0,"[{'name': 'pathname', 'type': 'const char*', 'value': '/sys/devices/virtual/dmi/id/sys_vendor'}, {'name': 'statbuf', 'type': 'struct stat*', 'value': '0x7FFEBBC7F070'}]",0,0
18683.324163,8045,191,0,systemd-udevd,ubuntu,1005,security_file_open,4,0,"[{'name': 'pathname', 'type': 'const char*', 'value': '/sys/devices/virtual/dmi/id/sys_vendor'}, {'name': 'flags', 'type': 'unsigned long', 'value': 'O_RDONLY|O_LARGEFILE'}, {'name': 'dev', 'type': 'dev_t', 'value': 22}, {'name': 'inode', 'type': 'unsigned long', 'value': 713}]",0,0
18683.324197,8045,191,0,systemd-udevd,ubuntu,257,openat,4,6,"[{'name': 'dirfd', 'type': 'int', 'value': -100}, {'name': 'pathname', 'type': 'const char*', 'value': '/sys/devices/virtual/dmi/id/sys_vendor'}, {'name': 'flags', 'type': 'unsigned long', 'value': 'O_RDONLY|O_CLOEXEC'}, {'name': 'mode', 'type': 'int*', 'value': 2629963435}]",0,0
18683.324247,8045,191,0,systemd-udevd,ubuntu,5,fstat,2,0,"[{'name': 'fd', 'type': 'int', 'value': 6}, {'name': 'statbuf', 'type': 'struct stat*', 'value': '0x7FFEBBC7F100'}]",0,0
18683.32429,8045,191,0,systemd-udevd,ubuntu,3,close,1,0,"[{'name': 'fd', 'type': 'int', 'value': 6}]",0,0
18683.324336,8045,191,0,systemd-udevd,ubuntu,21,access,2,-2,"[{'name': 'pathname', 'type': 'const char*', 'value': '/sys/subsystem/dmi/devices/id'}, {'name': 'mode', 'type': 'int*', 'value': 'F_OK'}]",0,0
18683.324366,8045,191,0,systemd-udevd,ubuntu,21,access,2,-2,"[{'name': 'pathname', 'type': 'const char*', 'value': '/sys/bus/dmi/devices/id'}, {'name': 'mode', 'type': 'int*', 'value': 'F_OK'}]",0,0
18683.324421,8045,191,0,systemd-udevd,ubuntu,21,access,2,0,"[{'name': 'pathname', 'type': 'const char*', 'value': '/sys/class/dmi/id'}, {'name': 'mode', 'type': 'int*', 'value': 'F_OK'}]",0,0
18683.324451,8045,191,0,systemd-udevd,ubuntu,257,openat,4,6,"[{'name': 'dirfd', 'type': 'int', 'value': -100}, {'name': 'pathname', 'type': 'const char*', 'value': '/'}, {'name': 'flags', 'type': 'unsigned long', 'value': 'O_RDONLY|O_DIRECTORY|O_CLOEXEC|O_PATH'}, {'name': 'mode', 'type': 'int*', 'value': 2629963435}]",0,0
18683.324475,8045,191,0,systemd-udevd,ubuntu,257,openat,4,15,"[{'name': 'dirfd', 'type': 'int', 'value': 6}, {'name': 'pathname', 'type': 'const char*', 'value': 'sys'}, {'name': 'flags', 'type': 'unsigned long', 'value': 'O_RDONLY|O_NOFOLLOW|O_CLOEXEC|O_PATH'}, {'name': 'mode', 'type': 'int*', 'value': 2629963814}]",0,0
18683.324499,8045,191,0,systemd-udevd,ubuntu,5,fstat,2,0,"[{'name': 'fd', 'type': 'int', 'value': 15}, {'name': 'statbuf', 'type': 'struct stat*', 'value': '0x7FFEBBC7DF60'}]",0,0
18683.324521,8045,191,0,systemd-udevd,ubuntu,3,close,1,0,"[{'name': 'fd', 'type': 'int', 'value': 6}]",0,0
18683.324546,8045,191,0,systemd-udevd,ubuntu,257,openat,4,6,"[{'name': 'dirfd', 'type': 'int', 'value': 15}, {'name': 'pathname', 'type': 'const char*', 'value': 'class'}, {'name': 'flags', 'type': 'unsigned long', 'value': 'O_RDONLY|O_NOFOLLOW|O_CLOEXEC|O_PATH'}, {'name': 'mode', 'type': 'int*', 'value': 2629963814}]",0,0
18683.324596,8045,191,0,systemd-udevd,ubuntu,5,fstat,2,0,"[{'name': 'fd', 'type': 'int', 'value': 6}, {'name': 'statbuf', 'type': 'struct stat*', 'value': '0x7FFEBBC7DF60'}]",0,0
18683.324631,8045,191,0,systemd-udevd,ubuntu,3,close,1,0,"[{'name': 'fd', 'type': 'int', 'value': 15}]",0,0
18683.324657,8045,191,0,systemd-udevd,ubuntu,257,openat,4,15,"[{'name': 'dirfd', 'type': 'int', 'value': 6}, {'name': 'pathname', 'type': 'const char*', 'value': 'dmi'}, {'name': 'flags', 'type': 'unsigned long', 'value': 'O_RDONLY|O_NOFOLLOW|O_CLOEXEC|O_PATH'}, {'name': 'mode', 'type': 'int*', 'value': 2629963814}]",0,0
18683.324679,8045,191,0,systemd-udevd,ubuntu,5,fstat,2,0,"[{'name': 'fd', 'type': 'int', 'value': 15}, {'name': 'statbuf', 'type': 'struct stat*', 'value': '0x7FFEBBC7DF60'}]",0,0
18683.3247,8045,191,0,systemd-udevd,ubuntu,3,close,1,0,"[{'name': 'fd', 'type': 'int', 'value': 6}]",0,0
18683.324724,8045,191,0,systemd-udevd,ubuntu,257,openat,4,6,"[{'name': 'dirfd', 'type': 'int', 'value': 15}, {'name': 'pathname', 'type': 'const char*', 'value': 'id'}, {'name': 'flags', 'type': 'unsigned long', 'value': 'O_RDONLY|O_NOFOLLOW|O_CLOEXEC|O_PATH'}, {'name': 'mode', 'type': 'int*', 'value': 2629963814}]",0,0
18683.447571,8045,191,0,systemd-udevd,ubuntu,5,fstat,2,0,"[{'name': 'fd', 'type': 'int', 'value': 6}, {'name': 'statbuf', 'type': 'struct stat*', 'value': '0x7FFEBBC7DF60'}]",0,0
18683.447894,8045,191,0,systemd-udevd,ubuntu,3,close,1,0,"[{'name': 'fd', 'type': 'int', 'value': 6}]",0,0
18683.447961,8045,191,0,systemd-udevd,ubuntu,3,close,1,0,"[{'name': 'fd', 'type': 'int', 'value': 15}]",0,0
18683.447937,8045,191,0,systemd-udevd,ubuntu,257,openat,4,6,"[{'name': 'dirfd', 'type': 'int', 'value': 15}, {'name': 'pathname', 'type': 'const char*', 'value': '..'}, {'name': 'flags', 'type': 'unsigned long', 'value': 'O_RDONLY|O_NOFOLLOW|O_CLOEXEC|O_PATH'}, {'name': 'mode', 'type': 'int*', 'value': 2629963814}]",0,0
18683.447987,8045,191,0,systemd-udevd,ubuntu,257,openat,4,15,"[{'name': 'dirfd', 'type': 'int', 'value': 6}, {'name': 'pathname', 'type': 'const char*', 'value': '..'}, {'name': 'flags', 'type': 'unsigned long', 'value': 'O_RDONLY|O_NOFOLLOW|O_CLOEXEC|O_PATH'}, {'name': 'mode', 'type': 'int*', 'value': 2629963814}]",0,0
18683.448035,8045,191,0,systemd-udevd,ubuntu,257,openat,4,6,"[{'name': 'dirfd', 'type': 'int', 'value': 15}, {'name': 'pathname', 'type': 'const char*', 'value': 'devices'}, {'name': 'flags', 'type': 'unsigned long', 'value': 'O_RDONLY|O_NOFOLLOW|O_CLOEXEC|O_PATH'}, {'name': 'mode', 'type': 'int*', 'value': 2629963814}]",0,0
18683.44801,8045,191,0,systemd-udevd,ubuntu,3,close,1,0,"[{'name': 'fd', 'type': 'int', 'value': 6}]",0,0
18683.448058,8045,191,0,systemd-udevd,ubuntu,5,fstat,2,0,"[{'name': 'fd', 'type': 'int', 'value': 6}, {'name': 'statbuf', 'type': 'struct stat*', 'value': '0x7FFEBBC7DF60'}]",0,0
18683.448081,8045,191,0,systemd-udevd,ubuntu,3,close,1,0,"[{'name': 'fd', 'type': 'int', 'value': 15}]",0,0
18683.448106,8045,191,0,systemd-udevd,ubuntu,257,openat,4,15,"[{'name': 'dirfd', 'type': 'int', 'value': 6}, {'name': 'pathname', 'type': 'const char*', 'value': 'virtual'}, {'name': 'flags', 'type': 'unsigned long', 'value': 'O_RDONLY|O_NOFOLLOW|O_CLOEXEC|O_PATH'}, {'name': 'mode', 'type': 'int*', 'value': 2629963814}]",0,0
18683.448129,8045,191,0,systemd-udevd,ubuntu,5,fstat,2,0,"[{'name': 'fd', 'type': 'int', 'value': 15}, {'name': 'statbuf', 'type': 'struct stat*', 'value': '0x7FFEBBC7DF60'}]",0,0
18683.44815,8045,191,0,systemd-udevd,ubuntu,3,close,1,0,"[{'name': 'fd', 'type': 'int', 'value': 6}]",0,0
18683.448175,8045,191,0,systemd-udevd,ubuntu,257,openat,4,6,"[{'name': 'dirfd', 'type': 'int', 'value': 15}, {'name': 'pathname', 'type': 'const char*', 'value': 'dmi'}, {'name': 'flags', 'type': 'unsigned long', 'value': 'O_RDONLY|O_NOFOLLOW|O_CLOEXEC|O_PATH'}, {'name': 'mode', 'type': 'int*', 'value': 2629963814}]",0,0
18683.448198,8045,191,0,systemd-udevd,ubuntu,5,fstat,2,0,"[{'name': 'fd', 'type': 'int', 'value': 6}, {'name': 'statbuf', 'type': 'struct stat*', 'value': '0x7FFEBBC7DF60'}]",0,0
18683.448221,8045,191,0,systemd-udevd,ubuntu,3,close,1,0,"[{'name': 'fd', 'type': 'int', 'value': 15}]",0,0
18683.448246,8045,191,0,systemd-udevd,ubuntu,257,openat,4,15,"[{'name': 'dirfd', 'type': 'int', 'value': 6}, {'name': 'pathname', 'type': 'const char*', 'value': 'id'}, {'name': 'flags', 'type': 'unsigned long', 'value': 'O_RDONLY|O_NOFOLLOW|O_CLOEXEC|O_PATH'}, {'name': 'mode', 'type': 'int*', 'value': 2629963814}]",0,0
18683.448269,8045,191,0,systemd-udevd,ubuntu,5,fstat,2,0,"[{'name': 'fd', 'type': 'int', 'value': 15}, {'name': 'statbuf', 'type': 'struct stat*', 'value': '0x7FFEBBC7DF60'}]",0,0
18683.448291,8045,191,0,systemd-udevd,ubuntu,3,close,1,0,"[{'name': 'fd', 'type': 'int', 'value': 6}]",0,0
18683.448314,8045,191,0,systemd-udevd,ubuntu,3,close,1,0,"[{'name': 'fd', 'type': 'int', 'value': 15}]",0,0
18683.448349,8045,191,0,systemd-udevd,ubuntu,21,access,2,0,"[{'name': 'pathname', 'type': 'const char*', 'value': '/sys/devices/virtual/dmi/id/uevent'}, {'name': 'mode', 'type': 'int*', 'value': 'F_OK'}]",0,0
18683.448382,8045,191,0,systemd-udevd,ubuntu,6,lstat,2,0,"[{'name': 'pathname', 'type': 'const char*', 'value': '/sys/devices/virtual/dmi/id/sys_vendor'}, {'name': 'statbuf', 'type': 'struct stat*', 'value': '0x7FFEBBC7F070'}]",0,0
18683.44841,8045,191,0,systemd-udevd,ubuntu,1005,security_file_open,4,0,"[{'name': 'pathname', 'type': 'const char*', 'value': '/sys/devices/virtual/dmi/id/sys_vendor'}, {'name': 'flags', 'type': 'unsigned long', 'value': 'O_RDONLY|O_LARGEFILE'}, {'name': 'dev', 'type': 'dev_t', 'value': 22}, {'name': 'inode', 'type': 'unsigned long', 'value': 713}]",0,0
18683.448443,8045,191,0,systemd-udevd,ubuntu,257,openat,4,6,"[{'name': 'dirfd', 'type': 'int', 'value': -100}, {'name': 'pathname', 'type': 'const char*', 'value': '/sys/devices/virtual/dmi/id/sys_vendor'}, {'name': 'flags', 'type': 'unsigned long', 'value': 'O_RDONLY|O_CLOEXEC'}, {'name': 'mode', 'type': 'int*', 'value': 2629963435}]",0,0
18683.448466,8045,191,0,systemd-udevd,ubuntu,5,fstat,2,0,"[{'name': 'fd', 'type': 'int', 'value': 6}, {'name': 'statbuf', 'type': 'struct stat*', 'value': '0x7FFEBBC7F100'}]",0,0
18683.448501,8045,191,0,systemd-udevd,ubuntu,3,close,1,0,"[{'name': 'fd', 'type': 'int', 'value': 6}]",0,0
18683.448703,8045,191,0,systemd-udevd,ubuntu,257,openat,4,6,"[{'name': 'dirfd', 'type': 'int', 'value': -100}, {'name': 'pathname', 'type': 'const char*', 'value': '/'}, {'name': 'flags', 'type': 'unsigned long', 'value': 'O_RDONLY|O_DIRECTORY|O_CLOEXEC|O_PATH'}, {'name': 'mode', 'type': 'int*', 'value': 2629963435}]",0,0
18683.448731,8045,191,0,systemd-udevd,ubuntu,257,openat,4,15,"[{'name': 'dirfd', 'type': 'int', 'value': 6}, {'name': 'pathname', 'type': 'const char*', 'value': 'sys'}, {'name': 'flags', 'type': 'unsigned long', 'value': 'O_RDONLY|O_NOFOLLOW|O_CLOEXEC|O_PATH'}, {'name': 'mode', 'type': 'int*', 'value': 2629963814}]",0,0
18683.448755,8045,191,0,systemd-udevd,ubuntu,5,fstat,2,0,"[{'name': 'fd', 'type': 'int', 'value': 15}, {'name': 'statbuf', 'type': 'struct stat*', 'value': '0x7FFEBBC83930'}]",0,0
18683.448777,8045,191,0,systemd-udevd,ubuntu,3,close,1,0,"[{'name': 'fd', 'type': 'int', 'value': 6}]",0,0
18683.448803,8045,191,0,systemd-udevd,ubuntu,257,openat,4,6,"[{'name': 'dirfd', 'type': 'int', 'value': 15}, {'name': 'pathname', 'type': 'const char*', 'value': 'kernel'}, {'name': 'flags', 'type': 'unsigned long', 'value': 'O_RDONLY|O_NOFOLLOW|O_CLOEXEC|O_PATH'}, {'name': 'mode', 'type': 'int*', 'value': 2629963814}]",0,0
18683.448826,8045,191,0,systemd-udevd,ubuntu,5,fstat,2,0,"[{'name': 'fd', 'type': 'int', 'value': 6}, {'name': 'statbuf', 'type': 'struct stat*', 'value': '0x7FFEBBC83930'}]",0,0
18683.448848,8045,191,0,systemd-udevd,ubuntu,3,close,1,0,"[{'name': 'fd', 'type': 'int', 'value': 15}]",0,0
18683.448873,8045,191,0,systemd-udevd,ubuntu,257,openat,4,15,"[{'name': 'dirfd', 'type': 'int', 'value': 6}, {'name': 'pathname', 'type': 'const char*', 'value': 'slab'}, {'name': 'flags', 'type': 'unsigned long', 'value': 'O_RDONLY|O_NOFOLLOW|O_CLOEXEC|O_PATH'}, {'name': 'mode', 'type': 'int*', 'value': 2629963814}]",0,0
18683.448896,8045,191,0,systemd-udevd,ubuntu,5,fstat,2,0,"[{'name': 'fd', 'type': 'int', 'value': 15}, {'name': 'statbuf', 'type': 'struct stat*', 'value': '0x7FFEBBC83930'}]",0,0
18683.448918,8045,191,0,systemd-udevd,ubuntu,3,close,1,0,"[{'name': 'fd', 'type': 'int', 'value': 6}]",0,0
18683.448943,8045,191,0,systemd-udevd,ubuntu,257,openat,4,6,"[{'name': 'dirfd', 'type': 'int', 'value': 15}, {'name': 'pathname', 'type': 'const char*', 'value': 'kmalloc-2k'}, {'name': 'flags', 'type': 'unsigned long', 'value': 'O_RDONLY|O_NOFOLLOW|O_CLOEXEC|O_PATH'}, {'name': 'mode', 'type': 'int*', 'value': 2629963814}]",0,0
18683.448988,8045,191,0,systemd-udevd,ubuntu,3,close,1,0,"[{'name': 'fd', 'type': 'int', 'value': 15}]",0,0
18683.448966,8045,191,0,systemd-udevd,ubuntu,5,fstat,2,0,"[{'name': 'fd', 'type': 'int', 'value': 6}, {'name': 'statbuf', 'type': 'struct stat*', 'value': '0x7FFEBBC83930'}]",0,0
18683.449013,8045,191,0,systemd-udevd,ubuntu,257,openat,4,15,"[{'name': 'dirfd', 'type': 'int', 'value': 6}, {'name': 'pathname', 'type': 'const char*', 'value': 'cgroup'}, {'name': 'flags', 'type': 'unsigned long', 'value': 'O_RDONLY|O_NOFOLLOW|O_CLOEXEC|O_PATH'}, {'name': 'mode', 'type': 'int*', 'value': 2629963814}]",0,0
18683.449035,8045,191,0,systemd-udevd,ubuntu,5,fstat,2,0,"[{'name': 'fd', 'type': 'int', 'value': 15}, {'name': 'statbuf', 'type': 'struct stat*', 'value': '0x7FFEBBC83930'}]",0,0
18683.449072,8045,191,0,systemd-udevd,ubuntu,3,close,1,0,"[{'name': 'fd', 'type': 'int', 'value': 6}]",0,0
18683.449102,8045,191,0,systemd-udevd,ubuntu,3,close,1,0,"[{'name': 'fd', 'type': 'int', 'value': 15}]",0,0
18683.44913,8045,191,0,systemd-udevd,ubuntu,6,lstat,2,0,"[{'name': 'pathname', 'type': 'const char*', 'value': '/sys/kernel/slab/kmalloc-2k/cgroup'}, {'name': 'statbuf', 'type': 'struct stat*', 'value': '0x7FFEBBC83960'}]",0,0
18683.449176,8045,191,0,systemd-udevd,ubuntu,257,openat,4,6,"[{'name': 'dirfd', 'type': 'int', 'value': -100}, {'name': 'pathname', 'type': 'const char*', 'value': '/'}, {'name': 'flags', 'type': 'unsigned long', 'value': 'O_RDONLY|O_DIRECTORY|O_CLOEXEC|O_PATH'}, {'name': 'mode', 'type': 'int*', 'value': 2629963435}]",0,0
18683.449202,8045,191,0,systemd-udevd,ubuntu,257,openat,4,15,"[{'name': 'dirfd', 'type': 'int', 'value': 6}, {'name': 'pathname', 'type': 'const char*', 'value': 'sys'}, {'name': 'flags', 'type': 'unsigned long', 'value': 'O_RDONLY|O_NOFOLLOW|O_CLOEXEC|O_PATH'}, {'name': 'mode', 'type': 'int*', 'value': 2629963814}]",0,0
18683.449228,8045,191,0,systemd-udevd,ubuntu,5,fstat,2,0,"[{'name': 'fd', 'type': 'int', 'value': 15}, {'name': 'statbuf', 'type': 'struct stat*', 'value': '0x7FFEBBC83930'}]",0,0
18683.44925,8045,191,0,systemd-udevd,ubuntu,3,close,1,0,"[{'name': 'fd', 'type': 'int', 'value': 6}]",0,0
18683.449275,8045,191,0,systemd-udevd,ubuntu,257,openat,4,6,"[{'name': 'dirfd', 'type': 'int', 'value': 15}, {'name': 'pathname', 'type': 'const char*', 'value': 'kernel'}, {'name': 'flags', 'type': 'unsigned long', 'value': 'O_RDONLY|O_NOFOLLOW|O_CLOEXEC|O_PATH'}, {'name': 'mode', 'type': 'int*', 'value': 2629963814}]",0,0
18683.449297,8045,191,0,systemd-udevd,ubuntu,5,fstat,2,0,"[{'name': 'fd', 'type': 'int', 'value': 6}, {'name': 'statbuf', 'type': 'struct stat*', 'value': '0x7FFEBBC83930'}]",0,0
18683.449319,8045,191,0,systemd-udevd,ubuntu,3,close,1,0,"[{'name': 'fd', 'type': 'int', 'value': 15}]",0,0
18683.449343,8045,191,0,systemd-udevd,ubuntu,257,openat,4,15,"[{'name': 'dirfd', 'type': 'int', 'value': 6}, {'name': 'pathname', 'type': 'const char*', 'value': 'slab'}, {'name': 'flags', 'type': 'unsigned long', 'value': 'O_RDONLY|O_NOFOLLOW|O_CLOEXEC|O_PATH'}, {'name': 'mode', 'type': 'int*', 'value': 2629963814}]",0,0
18683.449366,8045,191,0,systemd-udevd,ubuntu,5,fstat,2,0,"[{'name': 'fd', 'type': 'int', 'value': 15}, {'name': 'statbuf', 'type': 'struct stat*', 'value': '0x7FFEBBC83930'}]",0,0
18683.449388,8045,191,0,systemd-udevd,ubuntu,3,close,1,0,"[{'name': 'fd', 'type': 'int', 'value': 6}]",0,0
18683.449413,8045,191,0,systemd-udevd,ubuntu,257,openat,4,6,"[{'name': 'dirfd', 'type': 'int', 'value': 15}, {'name': 'pathname', 'type': 'const char*', 'value': 'kmalloc-2k'}, {'name': 'flags', 'type': 'unsigned long', 'value': 'O_RDONLY|O_NOFOLLOW|O_CLOEXEC|O_PATH'}, {'name': 'mode', 'type': 'int*', 'value': 2629963814}]",0,0
18683.449435,8045,191,0,systemd-udevd,ubuntu,5,fstat,2,0,"[{'name': 'fd', 'type': 'int', 'value': 6}, {'name': 'statbuf', 'type': 'struct stat*', 'value': '0x7FFEBBC83930'}]",0,0
18683.449457,8045,191,0,systemd-udevd,ubuntu,3,close,1,0,"[{'name': 'fd', 'type': 'int', 'value': 15}]",0,0
18683.44948,8045,191,0,systemd-udevd,ubuntu,3,close,1,0,"[{'name': 'fd', 'type': 'int', 'value': 6}]",0,0
18683.449505,8045,191,0,systemd-udevd,ubuntu,6,lstat,2,0,"[{'name': 'pathname', 'type': 'const char*', 'value': '/sys/kernel/slab/kmalloc-2k'}, {'name': 'statbuf', 'type': 'struct stat*', 'value': '0x7FFEBBC83960'}]",0,0
18683.449539,8045,191,0,systemd-udevd,ubuntu,257,openat,4,6,"[{'name': 'dirfd', 'type': 'int', 'value': -100}, {'name': 'pathname', 'type': 'const char*', 'value': '/'}, {'name': 'flags', 'type': 'unsigned long', 'value': 'O_RDONLY|O_DIRECTORY|O_CLOEXEC|O_PATH'}, {'name': 'mode', 'type': 'int*', 'value': 2629963435}]",0,0
18683.449563,8045,191,0,systemd-udevd,ubuntu,257,openat,4,15,"[{'name': 'dirfd', 'type': 'int', 'value': 6}, {'name': 'pathname', 'type': 'const char*', 'value': 'sys'}, {'name': 'flags', 'type': 'unsigned long', 'value': 'O_RDONLY|O_NOFOLLOW|O_CLOEXEC|O_PATH'}, {'name': 'mode', 'type': 'int*', 'value': 2629963814}]",0,0
18683.449586,8045,191,0,systemd-udevd,ubuntu,5,fstat,2,0,"[{'name': 'fd', 'type': 'int', 'value': 15}, {'name': 'statbuf', 'type': 'struct stat*', 'value': '0x7FFEBBC83930'}]",0,0
18683.449608,8045,191,0,systemd-udevd,ubuntu,3,close,1,0,"[{'name': 'fd', 'type': 'int', 'value': 6}]",0,0
18683.449633,8045,191,0,systemd-udevd,ubuntu,257,openat,4,6,"[{'name': 'dirfd', 'type': 'int', 'value': 15}, {'name': 'pathname', 'type': 'const char*', 'value': 'kernel'}, {'name': 'flags', 'type': 'unsigned long', 'value': 'O_RDONLY|O_NOFOLLOW|O_CLOEXEC|O_PATH'}, {'name': 'mode', 'type': 'int*', 'value': 2629963814}]",0,0
18683.449655,8045,191,0,systemd-udevd,ubuntu,5,fstat,2,0,"[{'name': 'fd', 'type': 'int', 'value': 6}, {'name': 'statbuf', 'type': 'struct stat*', 'value': '0x7FFEBBC83930'}]",0,0
18683.449677,8045,191,0,systemd-udevd,ubuntu,3,close,1,0,"[{'name': 'fd', 'type': 'int', 'value': 15}]",0,0
18683.449702,8045,191,0,systemd-udevd,ubuntu,257,openat,4,15,"[{'name': 'dirfd', 'type': 'int', 'value': 6}, {'name': 'pathname', 'type': 'const char*', 'value': 'slab'}, {'name': 'flags', 'type': 'unsigned long', 'value': 'O_RDONLY|O_NOFOLLOW|O_CLOEXEC|O_PATH'}, {'name': 'mode', 'type': 'int*', 'value': 2629963814}]",0,0
18683.449724,8045,191,0,systemd-udevd,ubuntu,5,fstat,2,0,"[{'name': 'fd', 'type': 'int', 'value': 15}, {'name': 'statbuf', 'type': 'struct stat*', 'value': '0x7FFEBBC83930'}]",0,0
18683.449747,8045,191,0,systemd-udevd,ubuntu,3,close,1,0,"[{'name': 'fd', 'type': 'int', 'value': 6}]",0,0
18683.449769,8045,191,0,systemd-udevd,ubuntu,3,close,1,0,"[{'name': 'fd', 'type': 'int', 'value': 15}]",0,0
18683.449794,8045,191,0,systemd-udevd,ubuntu,6,lstat,2,0,"[{'name': 'pathname', 'type': 'const char*', 'value': '/sys/kernel/slab'}, {'name': 'statbuf', 'type': 'struct stat*', 'value': '0x7FFEBBC83960'}]",0,0
18683.449835,8045,191,0,systemd-udevd,ubuntu,257,openat,4,6,"[{'name': 'dirfd', 'type': 'int', 'value': -100}, {'name': 'pathname', 'type': 'const char*', 'value': '/'}, {'name': 'flags', 'type': 'unsigned long', 'value': 'O_RDONLY|O_DIRECTORY|O_CLOEXEC|O_PATH'}, {'name': 'mode', 'type': 'int*', 'value': 2629963435}]",0,0
18683.449859,8045,191,0,systemd-udevd,ubuntu,257,openat,4,15,"[{'name': 'dirfd', 'type': 'int', 'value': 6}, {'name': 'pathname', 'type': 'const char*', 'value': 'sys'}, {'name': 'flags', 'type': 'unsigned long', 'value': 'O_RDONLY|O_NOFOLLOW|O_CLOEXEC|O_PATH'}, {'name': 'mode', 'type': 'int*', 'value': 2629963814}]",0,0
18683.449882,8045,191,0,systemd-udevd,ubuntu,5,fstat,2,0,"[{'name': 'fd', 'type': 'int', 'value': 15}, {'name': 'statbuf', 'type': 'struct stat*', 'value': '0x7FFEBBC83930'}]",0,0
18683.449904,8045,191,0,systemd-udevd,ubuntu,3,close,1,0,"[{'name': 'fd', 'type': 'int', 'value': 6}]",0,0
18683.449929,8045,191,0,systemd-udevd,ubuntu,257,openat,4,6,"[{'name': 'dirfd', 'type': 'int', 'value': 15}, {'name': 'pathname', 'type': 'const char*', 'value': 'kernel'}, {'name': 'flags', 'type': 'unsigned long', 'value': 'O_RDONLY|O_NOFOLLOW|O_CLOEXEC|O_PATH'}, {'name': 'mode', 'type': 'int*', 'value': 2629963814}]",0,0
18683.449951,8045,191,0,systemd-udevd,ubuntu,5,fstat,2,0,"[{'name': 'fd', 'type': 'int', 'value': 6}, {'name': 'statbuf', 'type': 'struct stat*', 'value': '0x7FFEBBC83930'}]",0,0
18683.449973,8045,191,0,systemd-udevd,ubuntu,3,close,1,0,"[{'name': 'fd', 'type': 'int', 'value': 15}]",0,0
18683.449996,8045,191,0,systemd-udevd,ubuntu,3,close,1,0,"[{'name': 'fd', 'type': 'int', 'value': 6}]",0,0
18683.45002,8045,191,0,systemd-udevd,ubuntu,6,lstat,2,0,"[{'name': 'pathname', 'type': 'const char*', 'value': '/sys/kernel'}, {'name': 'statbuf', 'type': 'struct stat*', 'value': '0x7FFEBBC83960'}]",0,0
18683.450156,8045,191,0,systemd-udevd,ubuntu,257,openat,4,-2,"[{'name': 'dirfd', 'type': 'int', 'value': -100}, {'name': 'pathname', 'type': 'const char*', 'value': '/sys/kernel/slab/kmalloc-2k/cgroup/uevent'}, {'name': 'flags', 'type': 'unsigned long', 'value': 'O_RDONLY|O_CLOEXEC'}, {'name': 'mode', 'type': 'int*', 'value': 2629963435}]",0,0
18683.450259,8045,191,0,systemd-udevd,ubuntu,87,unlink,1,-2,"[{'name': 'pathname', 'type': 'const char*', 'value': '/run/udev/data/+cgroup:kmalloc-2k(1705:sensor.service)'}]",0,0
18683.450297,8045,191,0,systemd-udevd,ubuntu,1003,cap_capable,1,0,"[{'name': 'cap', 'type': 'int', 'value': 'CAP_NET_ADMIN'}]",0,0
18684.018848,191,1,0,systemd-udevd,ubuntu,1006,security_inode_unlink,1,0,"[{'name': 'pathname', 'type': 'const char*', 'value': '/udev/queue'}]",0,0
18684.018902,191,1,0,systemd-udevd,ubuntu,87,unlink,1,0,"[{'name': 'pathname', 'type': 'const char*', 'value': '/run/udev/queue'}]",0,0
18687.331312,191,1,0,systemd-udevd,ubuntu,62,kill,2,0,"[{'name': 'pid', 'type': 'pid_t', 'value': 8045}, {'name': 'sig', 'type': 'int', 'value': 15}]",0,0
18687.619776,8045,191,0,systemd-udevd,ubuntu,3,close,1,0,"[{'name': 'fd', 'type': 'int', 'value': 12}]",0,0
18687.659812,8045,191,0,systemd-udevd,ubuntu,3,close,1,0,"[{'name': 'fd', 'type': 'int', 'value': 8}]",0,0
18687.659851,8045,191,0,systemd-udevd,ubuntu,3,close,1,0,"[{'name': 'fd', 'type': 'int', 'value': 7}]",0,0
18687.659874,8045,191,0,systemd-udevd,ubuntu,3,close,1,0,"[{'name': 'fd', 'type': 'int', 'value': 5}]",0,0
18687.660067,8045,191,0,systemd-udevd,ubuntu,1010,sched_process_exit,0,0,[],0,0
18687.660307,191,1,0,systemd-udevd,ubuntu,1005,security_file_open,4,0,"[{'name': 'pathname', 'type': 'const char*', 'value': '/sys/fs/cgroup/unified/system.slice/systemd-udevd.service/cgroup.procs'}, {'name': 'flags', 'type': 'unsigned long', 'value': 'O_RDONLY|O_LARGEFILE'}, {'name': 'dev', 'type': 'dev_t', 'value': 28}, {'name': 'inode', 'type': 'unsigned long', 'value': 438}]",0,0
18687.660347,191,1,0,systemd-udevd,ubuntu,257,openat,4,14,"[{'name': 'dirfd', 'type': 'int', 'value': -100}, {'name': 'pathname', 'type': 'const char*', 'value': '/sys/fs/cgroup/unified/system.slice/systemd-udevd.service/cgroup.procs'}, {'name': 'flags', 'type': 'unsigned long', 'value': 'O_RDONLY|O_CLOEXEC'}, {'name': 'mode', 'type': 'int*', 'value': 2629963435}]",0,0
18687.660375,191,1,0,systemd-udevd,ubuntu,5,fstat,2,0,"[{'name': 'fd', 'type': 'int', 'value': 14}, {'name': 'statbuf', 'type': 'struct stat*', 'value': '0x7FFEBBC834B0'}]",0,0
18687.660429,191,1,0,systemd-udevd,ubuntu,3,close,1,0,"[{'name': 'fd', 'type': 'int', 'value': 14}]",0,0
18687.660465,191,1,0,systemd-udevd,ubuntu,1005,security_file_open,4,0,"[{'name': 'pathname', 'type': 'const char*', 'value': '/sys/fs/cgroup/unified/system.slice/systemd-udevd.service/cgroup.threads'}, {'name': 'flags', 'type': 'unsigned long', 'value': 'O_RDONLY|O_LARGEFILE'}, {'name': 'dev', 'type': 'dev_t', 'value': 28}, {'name': 'inode', 'type': 'unsigned long', 'value': 439}]",0,0
18687.660495,191,1,0,systemd-udevd,ubuntu,257,openat,4,14,"[{'name': 'dirfd', 'type': 'int', 'value': -100}, {'name': 'pathname', 'type': 'const char*', 'value': '/sys/fs/cgroup/unified/system.slice/systemd-udevd.service/cgroup.threads'}, {'name': 'flags', 'type': 'unsigned long', 'value': 'O_RDONLY|O_CLOEXEC'}, {'name': 'mode', 'type': 'int*', 'value': 2629963435}]",0,0
18687.660519,191,1,0,systemd-udevd,ubuntu,5,fstat,2,0,"[{'name': 'fd', 'type': 'int', 'value': 14}, {'name': 'statbuf', 'type': 'struct stat*', 'value': '0x7FFEBBC834B0'}]",0,0
18687.660555,191,1,0,systemd-udevd,ubuntu,3,close,1,0,"[{'name': 'fd', 'type': 'int', 'value': 14}]",0,0
18688.849177,191,1,0,systemd-udevd,ubuntu,257,openat,4,-2,"[{'name': 'dirfd', 'type': 'int', 'value': -100}, {'name': 'pathname', 'type': 'const char*', 'value': '/run/udev/queue'}, {'name': 'flags', 'type': 'unsigned long', 'value': 'O_RDONLY|O_NOFOLLOW|O_CLOEXEC|O_PATH'}, {'name': 'mode', 'type': 'int*', 'value': 2629963435}]",0,0
18688.849219,191,1,0,systemd-udevd,ubuntu,1005,security_file_open,4,0,"[{'name': 'pathname', 'type': 'const char*', 'value': '/run/udev/queue'}, {'name': 'flags', 'type': 'unsigned long', 'value': 'O_WRONLY|O_CREAT|O_EXCL|O_LARGEFILE'}, {'name': 'dev', 'type': 'dev_t', 'value': 25}, {'name': 'inode', 'type': 'unsigned long', 'value': 389}]",0,0
18688.84925,191,1,0,systemd-udevd,ubuntu,257,openat,4,14,"[{'name': 'dirfd', 'type': 'int', 'value': -100}, {'name': 'pathname', 'type': 'const char*', 'value': '/run/udev/queue'}, {'name': 'flags', 'type': 'unsigned long', 'value': 'O_WRONLY|O_CREAT|O_EXCL|O_CLOEXEC'}, {'name': 'mode', 'type': 'int*', 'value': 2629963435}]",0,0
18688.849276,191,1,0,systemd-udevd,ubuntu,5,fstat,2,0,"[{'name': 'fd', 'type': 'int', 'value': 14}, {'name': 'statbuf', 'type': 'struct stat*', 'value': '0x7FFEBBC83CF0'}]",0,0
18688.849319,191,1,0,systemd-udevd,ubuntu,3,close,1,0,"[{'name': 'fd', 'type': 'int', 'value': 14}]",0,0
18688.849373,191,1,0,systemd-udevd,ubuntu,4,stat,2,0,"[{'name': 'pathname', 'type': 'const char*', 'value': '/run/udev/rules.d'}, {'name': 'statbuf', 'type': 'struct stat*', 'value': '0x7FFEBBC83C30'}]",0,0
18688.849349,191,1,0,systemd-udevd,ubuntu,4,stat,2,0,"[{'name': 'pathname', 'type': 'const char*', 'value': '/etc/udev/rules.d'}, {'name': 'statbuf', 'type': 'struct stat*', 'value': '0x7FFEBBC83C30'}]",0,0
18688.849397,191,1,0,systemd-udevd,ubuntu,4,stat,2,-2,"[{'name': 'pathname', 'type': 'const char*', 'value': '/usr/local/lib/udev/rules.d'}, {'name': 'statbuf', 'type': 'struct stat*', 'value': '0x7FFEBBC83C30'}]",0,0
18688.84942,191,1,0,systemd-udevd,ubuntu,4,stat,2,0,"[{'name': 'pathname', 'type': 'const char*', 'value': '/usr/lib/udev/rules.d'}, {'name': 'statbuf', 'type': 'struct stat*', 'value': '0x7FFEBBC83C30'}]",0,0
18688.849444,191,1,0,systemd-udevd,ubuntu,4,stat,2,0,"[{'name': 'pathname', 'type': 'const char*', 'value': '/lib/udev/rules.d'}, {'name': 'statbuf', 'type': 'struct stat*', 'value': '0x7FFEBBC83C30'}]",0,0
18688.849468,191,1,0,systemd-udevd,ubuntu,4,stat,2,-2,"[{'name': 'pathname', 'type': 'const char*', 'value': '/etc/systemd/hwdb/hwdb.bin'}, {'name': 'statbuf', 'type': 'struct stat*', 'value': '0x7FFEBBC83CA0'}]",0,0
18688.849491,191,1,0,systemd-udevd,ubuntu,4,stat,2,-2,"[{'name': 'pathname', 'type': 'const char*', 'value': '/etc/udev/hwdb.bin'}, {'name': 'statbuf', 'type': 'struct stat*', 'value': '0x7FFEBBC83CA0'}]",0,0
18688.849515,191,1,0,systemd-udevd,ubuntu,4,stat,2,-2,"[{'name': 'pathname', 'type': 'const char*', 'value': '/usr/lib/systemd/hwdb/hwdb.bin'}, {'name': 'statbuf', 'type': 'struct stat*', 'value': '0x7FFEBBC83CA0'}]",0,0
18688.849538,191,1,0,systemd-udevd,ubuntu,4,stat,2,-2,"[{'name': 'pathname', 'type': 'const char*', 'value': '/lib/systemd/hwdb/hwdb.bin'}, {'name': 'statbuf', 'type': 'struct stat*', 'value': '0x7FFEBBC83CA0'}]",0,0
18688.849562,191,1,0,systemd-udevd,ubuntu,4,stat,2,0,"[{'name': 'pathname', 'type': 'const char*', 'value': '/lib/udev/hwdb.bin'}, {'name': 'statbuf', 'type': 'struct stat*', 'value': '0x7FFEBBC83CA0'}]",0,0
18688.849588,191,1,0,systemd-udevd,ubuntu,4,stat,2,0,"[{'name': 'pathname', 'type': 'const char*', 'value': '/etc/modprobe.d'}, {'name': 'statbuf', 'type': 'struct stat*', 'value': '0x7FFEBBC82C50'}]",0,0
18688.849612,191,1,0,systemd-udevd,ubuntu,4,stat,2,0,"[{'name': 'pathname', 'type': 'const char*', 'value': '/lib/modprobe.d'}, {'name': 'statbuf', 'type': 'struct stat*', 'value': '0x7FFEBBC82C50'}]",0,0
18688.849639,191,1,0,systemd-udevd,ubuntu,4,stat,2,0,"[{'name': 'pathname', 'type': 'const char*', 'value': '/lib/modules/5.4.0-1048-aws/modules.dep.bin'}, {'name': 'statbuf', 'type': 'struct stat*', 'value': '0x7FFEBBC82C40'}]",0,0
18688.849663,191,1,0,systemd-udevd,ubuntu,4,stat,2,0,"[{'name': 'pathname', 'type': 'const char*', 'value': '/lib/modules/5.4.0-1048-aws/modules.alias.bin'}, {'name': 'statbuf', 'type': 'struct stat*', 'value': '0x7FFEBBC82C40'}]",0,0
18688.849688,191,1,0,systemd-udevd,ubuntu,4,stat,2,0,"[{'name': 'pathname', 'type': 'const char*', 'value': '/lib/modules/5.4.0-1048-aws/modules.symbols.bin'}, {'name': 'statbuf', 'type': 'struct stat*', 'value': '0x7FFEBBC82C40'}]",0,0
18688.849713,191,1,0,systemd-udevd,ubuntu,4,stat,2,0,"[{'name': 'pathname', 'type': 'const char*', 'value': '/lib/modules/5.4.0-1048-aws/modules.builtin.alias.bin'}, {'name': 'statbuf', 'type': 'struct stat*', 'value': '0x7FFEBBC82C40'}]",0,0
18688.849737,191,1,0,systemd-udevd,ubuntu,4,stat,2,0,"[{'name': 'pathname', 'type': 'const char*', 'value': '/lib/modules/5.4.0-1048-aws/modules.builtin.bin'}, {'name': 'statbuf', 'type': 'struct stat*', 'value': '0x7FFEBBC82C40'}]",0,0
18688.849762,191,1,0,systemd-udevd,ubuntu,4,stat,2,0,"[{'name': 'pathname', 'type': 'const char*', 'value': '/etc/systemd/network'}, {'name': 'statbuf', 'type': 'struct stat*', 'value': '0x7FFEBBC83C30'}]",0,0
18688.849786,191,1,0,systemd-udevd,ubuntu,4,stat,2,0,"[{'name': 'pathname', 'type': 'const char*', 'value': '/run/systemd/network'}, {'name': 'statbuf', 'type': 'struct stat*', 'value': '0x7FFEBBC83C30'}]",0,0
18688.849808,191,1,0,systemd-udevd,ubuntu,4,stat,2,-2,"[{'name': 'pathname', 'type': 'const char*', 'value': '/usr/local/lib/systemd/network'}, {'name': 'statbuf', 'type': 'struct stat*', 'value': '0x7FFEBBC83C30'}]",0,0
18688.849831,191,1,0,systemd-udevd,ubuntu,4,stat,2,0,"[{'name': 'pathname', 'type': 'const char*', 'value': '/usr/lib/systemd/network'}, {'name': 'statbuf', 'type': 'struct stat*', 'value': '0x7FFEBBC83C30'}]",0,0
18688.849854,191,1,0,systemd-udevd,ubuntu,4,stat,2,0,"[{'name': 'pathname', 'type': 'const char*', 'value': '/lib/systemd/network'}, {'name': 'statbuf', 'type': 'struct stat*', 'value': '0x7FFEBBC83C30'}]",0,0
18688.849887,191,1,0,systemd-udevd,ubuntu,41,socket,3,14,"[{'name': 'domain', 'type': 'int', 'value': 'AF_NETLINK'}, {'name': 'type', 'type': 'int', 'value': 'SOCK_RAW|SOCK_NONBLOCK|SOCK_CLOEXEC'}, {'name': 'protocol', 'type': 'int', 'value': 15}]",0,0
18688.849921,191,1,0,systemd-udevd,ubuntu,49,bind,3,0,"[{'name': 'sockfd', 'type': 'int', 'value': 14}, {'name': 'addr', 'type': 'void*', 'value': ""{'sa_family': 'AF_NETLINK'}""}, {'name': 'addrlen', 'type': 'int', 'value': 12}]",0,0
18688.849945,191,1,0,systemd-udevd,ubuntu,51,getsockname,3,0,"[{'name': 'sockfd', 'type': 'int', 'value': 14}, {'name': 'addr', 'type': 'void*', 'value': ""{'sa_family': 'AF_NETLINK'}""}, {'name': 'addrlen', 'type': 'int', 'value': '0x7FFEBBC83C9C'}]",0,0
18688.850246,191,1,0,systemd-udevd,ubuntu,56,clone,5,8046,"[{'name': 'flags', 'type': 'int', 'value': 'CLONE_CHILD_CLEARTID|CLONE_CHILD_SETTID'}, {'name': 'stack', 'type': 'void*', 'value': '0x0'}, {'name': 'parent_tid', 'type': 'int*', 'value': '0x0'}, {'name': 'child_tid', 'type': 'int*', 'value': '0x7EFE9CBF60BF'}, {'name': 'tls', 'type': 'unsigned long', 'value': 0}]",0,0
18688.850288,191,1,0,systemd-udevd,ubuntu,3,close,1,0,"[{'name': 'fd', 'type': 'int', 'value': 14}]",0,0
18688.850456,8046,191,0,systemd-udevd,ubuntu,157,prctl,5,0,"[{'name': 'option', 'type': 'int', 'value': 'PR_SET_PDEATHSIG'}, {'name': 'arg2', 'type': 'unsigned long', 'value': 15}, {'name': 'arg3', 'type': 'unsigned long', 'value': 1}, {'name': 'arg4', 'type': 'unsigned long', 'value': 139632016830110}, {'name': 'arg5', 'type': 'unsigned long', 'value': 0}]",0,0
18688.85057,8046,191,0,systemd-udevd,ubuntu,1005,security_file_open,4,0,"[{'name': 'pathname', 'type': 'const char*', 'value': '/proc/8046/oom_score_adj'}, {'name': 'flags', 'type': 'unsigned long', 'value': 'O_WRONLY|O_NOCTTY|O_LARGEFILE'}, {'name': 'dev', 'type': 'dev_t', 'value': 5}, {'name': 'inode', 'type': 'unsigned long', 'value': 138401}]",0,0
18688.850601,8046,191,0,systemd-udevd,ubuntu,257,openat,4,15,"[{'name': 'dirfd', 'type': 'int', 'value': -100}, {'name': 'pathname', 'type': 'const char*', 'value': '/proc/self/oom_score_adj'}, {'name': 'flags', 'type': 'unsigned long', 'value': 'O_WRONLY|O_NOCTTY|O_CLOEXEC'}, {'name': 'mode', 'type': 'int*', 'value': 2629963435}]",0,0
18688.850709,8046,191,0,systemd-udevd,ubuntu,3,close,1,0,"[{'name': 'fd', 'type': 'int', 'value': 15}]",0,0
18688.850799,8046,191,0,systemd-udevd,ubuntu,3,close,1,0,"[{'name': 'fd', 'type': 'int', 'value': 3}]",0,0
18688.850978,8046,191,0,systemd-udevd,ubuntu,257,openat,4,-2,"[{'name': 'dirfd', 'type': 'int', 'value': -100}, {'name': 'pathname', 'type': 'const char*', 'value': '/sys/kernel/slab/kmalloc-2k/cgroup/kmalloc-2k(83:systemd-journald.service)/uevent'}, {'name': 'flags', 'type': 'unsigned long', 'value': 'O_RDONLY|O_CLOEXEC'}, {'name': 'mode', 'type': 'int*', 'value': 2629963435}]",0,0
18688.850846,8046,191,0,systemd-udevd,ubuntu,3,close,1,0,"[{'name': 'fd', 'type': 'int', 'value': 6}]",0,0
18688.85101,8046,191,0,systemd-udevd,ubuntu,257,openat,4,-2,"[{'name': 'dirfd', 'type': 'int', 'value': -100}, {'name': 'pathname', 'type': 'const char*', 'value': '/sys/kernel/slab/kmalloc-2k/cgroup/kmalloc-2k(83:systemd-journald.service)/uevent'}, {'name': 'flags', 'type': 'unsigned long', 'value': 'O_RDONLY|O_CLOEXEC'}, {'name': 'mode', 'type': 'int*', 'value': 2629963435}]",0,0
18688.850824,8046,191,0,systemd-udevd,ubuntu,3,close,1,0,"[{'name': 'fd', 'type': 'int', 'value': 4}]",0,0
18688.851044,8046,191,0,systemd-udevd,ubuntu,257,openat,4,-2,"[{'name': 'dirfd', 'type': 'int', 'value': -100}, {'name': 'pathname', 'type': 'const char*', 'value': '/run/udev/data/+cgroup:kmalloc-2k(83:systemd-journald.service)'}, {'name': 'flags', 'type': 'unsigned long', 'value': 'O_RDONLY|O_CLOEXEC'}, {'name': 'mode', 'type': 'int*', 'value': 2629963435}]",0,0
18688.851111,8046,191,0,systemd-udevd,ubuntu,21,access,2,-2,"[{'name': 'pathname', 'type': 'const char*', 'value': '/sys/subsystem/dmi/devices/id'}, {'name': 'mode', 'type': 'int*', 'value': 'F_OK'}]",0,0
18688.85114,8046,191,0,systemd-udevd,ubuntu,21,access,2,-2,"[{'name': 'pathname', 'type': 'const char*', 'value': '/sys/bus/dmi/devices/id'}, {'name': 'mode', 'type': 'int*', 'value': 'F_OK'}]",0,0
18688.851173,8046,191,0,systemd-udevd,ubuntu,21,access,2,0,"[{'name': 'pathname', 'type': 'const char*', 'value': '/sys/class/dmi/id'}, {'name': 'mode', 'type': 'int*', 'value': 'F_OK'}]",0,0
18688.851209,8046,191,0,systemd-udevd,ubuntu,257,openat,4,6,"[{'name': 'dirfd', 'type': 'int', 'value': -100}, {'name': 'pathname', 'type': 'const char*', 'value': '/'}, {'name': 'flags', 'type': 'unsigned long', 'value': 'O_RDONLY|O_DIRECTORY|O_CLOEXEC|O_PATH'}, {'name': 'mode', 'type': 'int*', 'value': 2629963435}]",0,0
18688.851234,8046,191,0,systemd-udevd,ubuntu,257,openat,4,15,"[{'name': 'dirfd', 'type': 'int', 'value': 6}, {'name': 'pathname', 'type': 'const char*', 'value': 'sys'}, {'name': 'flags', 'type': 'unsigned long', 'value': 'O_RDONLY|O_NOFOLLOW|O_CLOEXEC|O_PATH'}, {'name': 'mode', 'type': 'int*', 'value': 2629963814}]",0,0
18688.851258,8046,191,0,systemd-udevd,ubuntu,5,fstat,2,0,"[{'name': 'fd', 'type': 'int', 'value': 15}, {'name': 'statbuf', 'type': 'struct stat*', 'value': '0x7FFEBBC7DF60'}]",0,0
18688.851281,8046,191,0,systemd-udevd,ubuntu,3,close,1,0,"[{'name': 'fd', 'type': 'int', 'value': 6}]",0,0
18688.851306,8046,191,0,systemd-udevd,ubuntu,257,openat,4,6,"[{'name': 'dirfd', 'type': 'int', 'value': 15}, {'name': 'pathname', 'type': 'const char*', 'value': 'class'}, {'name': 'flags', 'type': 'unsigned long', 'value': 'O_RDONLY|O_NOFOLLOW|O_CLOEXEC|O_PATH'}, {'name': 'mode', 'type': 'int*', 'value': 2629963814}]",0,0
18689.459857,8046,191,0,systemd-udevd,ubuntu,5,fstat,2,0,"[{'name': 'fd', 'type': 'int', 'value': 6}, {'name': 'statbuf', 'type': 'struct stat*', 'value': '0x7FFEBBC7DF60'}]",0,0
18689.460021,8046,191,0,systemd-udevd,ubuntu,257,openat,4,15,"[{'name': 'dirfd', 'type': 'int', 'value': 6}, {'name': 'pathname', 'type': 'const char*', 'value': 'dmi'}, {'name': 'flags', 'type': 'unsigned long', 'value': 'O_RDONLY|O_NOFOLLOW|O_CLOEXEC|O_PATH'}, {'name': 'mode', 'type': 'int*', 'value': 2629963814}]",0,0
18689.459961,8046,191,0,systemd-udevd,ubuntu,3,close,1,0,"[{'name': 'fd', 'type': 'int', 'value': 15}]",0,0
18689.460116,8046,191,0,systemd-udevd,ubuntu,3,close,1,0,"[{'name': 'fd', 'type': 'int', 'value': 6}]",0,0
18689.46006,8046,191,0,systemd-udevd,ubuntu,5,fstat,2,0,"[{'name': 'fd', 'type': 'int', 'value': 15}, {'name': 'statbuf', 'type': 'struct stat*', 'value': '0x7FFEBBC7DF60'}]",0,0
18689.460156,8046,191,0,systemd-udevd,ubuntu,257,openat,4,6,"[{'name': 'dirfd', 'type': 'int', 'value': 15}, {'name': 'pathname', 'type': 'const char*', 'value': 'id'}, {'name': 'flags', 'type': 'unsigned long', 'value': 'O_RDONLY|O_NOFOLLOW|O_CLOEXEC|O_PATH'}, {'name': 'mode', 'type': 'int*', 'value': 2629963814}]",0,0
18689.460193,8046,191,0,systemd-udevd,ubuntu,5,fstat,2,0,"[{'name': 'fd', 'type': 'int', 'value': 6}, {'name': 'statbuf', 'type': 'struct stat*', 'value': '0x7FFEBBC7DF60'}]",0,0
18689.460292,8046,191,0,systemd-udevd,ubuntu,3,close,1,0,"[{'name': 'fd', 'type': 'int', 'value': 6}]",0,0
18689.460338,8046,191,0,systemd-udevd,ubuntu,257,openat,4,6,"[{'name': 'dirfd', 'type': 'int', 'value': 15}, {'name': 'pathname', 'type': 'const char*', 'value': '..'}, {'name': 'flags', 'type': 'unsigned long', 'value': 'O_RDONLY|O_NOFOLLOW|O_CLOEXEC|O_PATH'}, {'name': 'mode', 'type': 'int*', 'value': 2629963814}]",0,0
18689.460398,8046,191,0,systemd-udevd,ubuntu,3,close,1,0,"[{'name': 'fd', 'type': 'int', 'value': 15}]",0,0
18689.460456,8046,191,0,systemd-udevd,ubuntu,257,openat,4,15,"[{'name': 'dirfd', 'type': 'int', 'value': 6}, {'name': 'pathname', 'type': 'const char*', 'value': '..'}, {'name': 'flags', 'type': 'unsigned long', 'value': 'O_RDONLY|O_NOFOLLOW|O_CLOEXEC|O_PATH'}, {'name': 'mode', 'type': 'int*', 'value': 2629963814}]",0,0
18689.460493,8046,191,0,systemd-udevd,ubuntu,3,close,1,0,"[{'name': 'fd', 'type': 'int', 'value': 6}]",0,0
18689.46053,8046,191,0,systemd-udevd,ubuntu,257,openat,4,6,"[{'name': 'dirfd', 'type': 'int', 'value': 15}, {'name': 'pathname', 'type': 'const char*', 'value': 'devices'}, {'name': 'flags', 'type': 'unsigned long', 'value': 'O_RDONLY|O_NOFOLLOW|O_CLOEXEC|O_PATH'}, {'name': 'mode', 'type': 'int*', 'value': 2629963814}]",0,0
18689.460566,8046,191,0,systemd-udevd,ubuntu,5,fstat,2,0,"[{'name': 'fd', 'type': 'int', 'value': 6}, {'name': 'statbuf', 'type': 'struct stat*', 'value': '0x7FFEBBC7DF60'}]",0,0
18689.46062,8046,191,0,systemd-udevd,ubuntu,3,close,1,0,"[{'name': 'fd', 'type': 'int', 'value': 15}]",0,0
18689.460659,8046,191,0,systemd-udevd,ubuntu,257,openat,4,15,"[{'name': 'dirfd', 'type': 'int', 'value': 6}, {'name': 'pathname', 'type': 'const char*', 'value': 'virtual'}, {'name': 'flags', 'type': 'unsigned long', 'value': 'O_RDONLY|O_NOFOLLOW|O_CLOEXEC|O_PATH'}, {'name': 'mode', 'type': 'int*', 'value': 2629963814}]",0,0
18689.460695,8046,191,0,systemd-udevd,ubuntu,5,fstat,2,0,"[{'name': 'fd', 'type': 'int', 'value': 15}, {'name': 'statbuf', 'type': 'struct stat*', 'value': '0x7FFEBBC7DF60'}]",0,0
18689.460727,8046,191,0,systemd-udevd,ubuntu,3,close,1,0,"[{'name': 'fd', 'type': 'int', 'value': 6}]",0,0
18689.460824,8046,191,0,systemd-udevd,ubuntu,5,fstat,2,0,"[{'name': 'fd', 'type': 'int', 'value': 6}, {'name': 'statbuf', 'type': 'struct stat*', 'value': '0x7FFEBBC7DF60'}]",0,0
18689.460867,8046,191,0,systemd-udevd,ubuntu,3,close,1,0,"[{'name': 'fd', 'type': 'int', 'value': 15}]",0,0
18689.460787,8046,191,0,systemd-udevd,ubuntu,257,openat,4,6,"[{'name': 'dirfd', 'type': 'int', 'value': 15}, {'name': 'pathname', 'type': 'const char*', 'value': 'dmi'}, {'name': 'flags', 'type': 'unsigned long', 'value': 'O_RDONLY|O_NOFOLLOW|O_CLOEXEC|O_PATH'}, {'name': 'mode', 'type': 'int*', 'value': 2629963814}]",0,0
18689.460907,8046,191,0,systemd-udevd,ubuntu,257,openat,4,15,"[{'name': 'dirfd', 'type': 'int', 'value': 6}, {'name': 'pathname', 'type': 'const char*', 'value': 'id'}, {'name': 'flags', 'type': 'unsigned long', 'value': 'O_RDONLY|O_NOFOLLOW|O_CLOEXEC|O_PATH'}, {'name': 'mode', 'type': 'int*', 'value': 2629963814}]",0,0
18689.460963,8046,191,0,systemd-udevd,ubuntu,5,fstat,2,0,"[{'name': 'fd', 'type': 'int', 'value': 15}, {'name': 'statbuf', 'type': 'struct stat*', 'value': '0x7FFEBBC7DF60'}]",0,0
18689.460998,8046,191,0,systemd-udevd,ubuntu,3,close,1,0,"[{'name': 'fd', 'type': 'int', 'value': 6}]",0,0
18689.461167,8046,191,0,systemd-udevd,ubuntu,6,lstat,2,0,"[{'name': 'pathname', 'type': 'const char*', 'value': '/sys/devices/virtual/dmi/id/sys_vendor'}, {'name': 'statbuf', 'type': 'struct stat*', 'value': '0x7FFEBBC7F070'}]",0,0
18689.46108,8046,191,0,systemd-udevd,ubuntu,21,access,2,0,"[{'name': 'pathname', 'type': 'const char*', 'value': '/sys/devices/virtual/dmi/id/uevent'}, {'name': 'mode', 'type': 'int*', 'value': 'F_OK'}]",0,0
18689.461033,8046,191,0,systemd-udevd,ubuntu,3,close,1,0,"[{'name': 'fd', 'type': 'int', 'value': 15}]",0,0
18689.461214,8046,191,0,systemd-udevd,ubuntu,1005,security_file_open,4,0,"[{'name': 'pathname', 'type': 'const char*', 'value': '/sys/devices/virtual/dmi/id/sys_vendor'}, {'name': 'flags', 'type': 'unsigned long', 'value': 'O_RDONLY|O_LARGEFILE'}, {'name': 'dev', 'type': 'dev_t', 'value': 22}, {'name': 'inode', 'type': 'unsigned long', 'value': 713}]",0,0
18689.46126,8046,191,0,systemd-udevd,ubuntu,257,openat,4,6,"[{'name': 'dirfd', 'type': 'int', 'value': -100}, {'name': 'pathname', 'type': 'const char*', 'value': '/sys/devices/virtual/dmi/id/sys_vendor'}, {'name': 'flags', 'type': 'unsigned long', 'value': 'O_RDONLY|O_CLOEXEC'}, {'name': 'mode', 'type': 'int*', 'value': 2629963435}]",0,0
18689.461294,8046,191,0,systemd-udevd,ubuntu,5,fstat,2,0,"[{'name': 'fd', 'type': 'int', 'value': 6}, {'name': 'statbuf', 'type': 'struct stat*', 'value': '0x7FFEBBC7F100'}]",0,0
18689.461369,8046,191,0,systemd-udevd,ubuntu,3,close,1,0,"[{'name': 'fd', 'type': 'int', 'value': 6}]",0,0
18689.461428,8046,191,0,systemd-udevd,ubuntu,21,access,2,-2,"[{'name': 'pathname', 'type': 'const char*', 'value': '/sys/subsystem/dmi/devices/id'}, {'name': 'mode', 'type': 'int*', 'value': 'F_OK'}]",0,0
18689.461473,8046,191,0,systemd-udevd,ubuntu,21,access,2,-2,"[{'name': 'pathname', 'type': 'const char*', 'value': '/sys/bus/dmi/devices/id'}, {'name': 'mode', 'type': 'int*', 'value': 'F_OK'}]",0,0
18689.461514,8046,191,0,systemd-udevd,ubuntu,21,access,2,0,"[{'name': 'pathname', 'type': 'const char*', 'value': '/sys/class/dmi/id'}, {'name': 'mode', 'type': 'int*', 'value': 'F_OK'}]",0,0
18689.461554,8046,191,0,systemd-udevd,ubuntu,257,openat,4,6,"[{'name': 'dirfd', 'type': 'int', 'value': -100}, {'name': 'pathname', 'type': 'const char*', 'value': '/'}, {'name': 'flags', 'type': 'unsigned long', 'value': 'O_RDONLY|O_DIRECTORY|O_CLOEXEC|O_PATH'}, {'name': 'mode', 'type': 'int*', 'value': 2629963435}]",0,0
18689.461601,8046,191,0,systemd-udevd,ubuntu,257,openat,4,15,"[{'name': 'dirfd', 'type': 'int', 'value': 6}, {'name': 'pathname', 'type': 'const char*', 'value': 'sys'}, {'name': 'flags', 'type': 'unsigned long', 'value': 'O_RDONLY|O_NOFOLLOW|O_CLOEXEC|O_PATH'}, {'name': 'mode', 'type': 'int*', 'value': 2629963814}]",0,0
18689.46165,8046,191,0,systemd-udevd,ubuntu,5,fstat,2,0,"[{'name': 'fd', 'type': 'int', 'value': 15}, {'name': 'statbuf', 'type': 'struct stat*', 'value': '0x7FFEBBC7DF60'}]",0,0
18689.461722,8046,191,0,systemd-udevd,ubuntu,257,openat,4,6,"[{'name': 'dirfd', 'type': 'int', 'value': 15}, {'name': 'pathname', 'type': 'const char*', 'value': 'class'}, {'name': 'flags', 'type': 'unsigned long', 'value': 'O_RDONLY|O_NOFOLLOW|O_CLOEXEC|O_PATH'}, {'name': 'mode', 'type': 'int*', 'value': 2629963814}]",0,0
18689.461684,8046,191,0,systemd-udevd,ubuntu,3,close,1,0,"[{'name': 'fd', 'type': 'int', 'value': 6}]",0,0
18689.461758,8046,191,0,systemd-udevd,ubuntu,5,fstat,2,0,"[{'name': 'fd', 'type': 'int', 'value': 6}, {'name': 'statbuf', 'type': 'struct stat*', 'value': '0x7FFEBBC7DF60'}]",0,0
18689.461791,8046,191,0,systemd-udevd,ubuntu,3,close,1,0,"[{'name': 'fd', 'type': 'int', 'value': 15}]",0,0
18689.461829,8046,191,0,systemd-udevd,ubuntu,257,openat,4,15,"[{'name': 'dirfd', 'type': 'int', 'value': 6}, {'name': 'pathname', 'type': 'const char*', 'value': 'dmi'}, {'name': 'flags', 'type': 'unsigned long', 'value': 'O_RDONLY|O_NOFOLLOW|O_CLOEXEC|O_PATH'}, {'name': 'mode', 'type': 'int*', 'value': 2629963814}]",0,0
18689.461865,8046,191,0,systemd-udevd,ubuntu,5,fstat,2,0,"[{'name': 'fd', 'type': 'int', 'value': 15}, {'name': 'statbuf', 'type': 'struct stat*', 'value': '0x7FFEBBC7DF60'}]",0,0
18689.461898,8046,191,0,systemd-udevd,ubuntu,3,close,1,0,"[{'name': 'fd', 'type': 'int', 'value': 6}]",0,0
18689.461935,8046,191,0,systemd-udevd,ubuntu,257,openat,4,6,"[{'name': 'dirfd', 'type': 'int', 'value': 15}, {'name': 'pathname', 'type': 'const char*', 'value': 'id'}, {'name': 'flags', 'type': 'unsigned long', 'value': 'O_RDONLY|O_NOFOLLOW|O_CLOEXEC|O_PATH'}, {'name': 'mode', 'type': 'int*', 'value': 2629963814}]",0,0
18689.462014,8046,191,0,systemd-udevd,ubuntu,3,close,1,0,"[{'name': 'fd', 'type': 'int', 'value': 6}]",0,0
18689.461971,8046,191,0,systemd-udevd,ubuntu,5,fstat,2,0,"[{'name': 'fd', 'type': 'int', 'value': 6}, {'name': 'statbuf', 'type': 'struct stat*', 'value': '0x7FFEBBC7DF60'}]",0,0
18689.462061,8046,191,0,systemd-udevd,ubuntu,257,openat,4,6,"[{'name': 'dirfd', 'type': 'int', 'value': 15}, {'name': 'pathname', 'type': 'const char*', 'value': '..'}, {'name': 'flags', 'type': 'unsigned long', 'value': 'O_RDONLY|O_NOFOLLOW|O_CLOEXEC|O_PATH'}, {'name': 'mode', 'type': 'int*', 'value': 2629963814}]",0,0
18689.462148,8046,191,0,systemd-udevd,ubuntu,257,openat,4,15,"[{'name': 'dirfd', 'type': 'int', 'value': 6}, {'name': 'pathname', 'type': 'const char*', 'value': '..'}, {'name': 'flags', 'type': 'unsigned long', 'value': 'O_RDONLY|O_NOFOLLOW|O_CLOEXEC|O_PATH'}, {'name': 'mode', 'type': 'int*', 'value': 2629963814}]",0,0
18689.462187,8046,191,0,systemd-udevd,ubuntu,3,close,1,0,"[{'name': 'fd', 'type': 'int', 'value': 6}]",0,0
18689.462109,8046,191,0,systemd-udevd,ubuntu,3,close,1,0,"[{'name': 'fd', 'type': 'int', 'value': 15}]",0,0
18689.462225,8046,191,0,systemd-udevd,ubuntu,257,openat,4,6,"[{'name': 'dirfd', 'type': 'int', 'value': 15}, {'name': 'pathname', 'type': 'const char*', 'value': 'devices'}, {'name': 'flags', 'type': 'unsigned long', 'value': 'O_RDONLY|O_NOFOLLOW|O_CLOEXEC|O_PATH'}, {'name': 'mode', 'type': 'int*', 'value': 2629963814}]",0,0
18689.46226,8046,191,0,systemd-udevd,ubuntu,5,fstat,2,0,"[{'name': 'fd', 'type': 'int', 'value': 6}, {'name': 'statbuf', 'type': 'struct stat*', 'value': '0x7FFEBBC7DF60'}]",0,0
18689.462292,8046,191,0,systemd-udevd,ubuntu,3,close,1,0,"[{'name': 'fd', 'type': 'int', 'value': 15}]",0,0
18689.462332,8046,191,0,systemd-udevd,ubuntu,257,openat,4,15,"[{'name': 'dirfd', 'type': 'int', 'value': 6}, {'name': 'pathname', 'type': 'const char*', 'value': 'virtual'}, {'name': 'flags', 'type': 'unsigned long', 'value': 'O_RDONLY|O_NOFOLLOW|O_CLOEXEC|O_PATH'}, {'name': 'mode', 'type': 'int*', 'value': 2629963814}]",0,0
18689.462367,8046,191,0,systemd-udevd,ubuntu,5,fstat,2,0,"[{'name': 'fd', 'type': 'int', 'value': 15}, {'name': 'statbuf', 'type': 'struct stat*', 'value': '0x7FFEBBC7DF60'}]",0,0
18689.4624,8046,191,0,systemd-udevd,ubuntu,3,close,1,0,"[{'name': 'fd', 'type': 'int', 'value': 6}]",0,0
18689.462437,8046,191,0,systemd-udevd,ubuntu,257,openat,4,6,"[{'name': 'dirfd', 'type': 'int', 'value': 15}, {'name': 'pathname', 'type': 'const char*', 'value': 'dmi'}, {'name': 'flags', 'type': 'unsigned long', 'value': 'O_RDONLY|O_NOFOLLOW|O_CLOEXEC|O_PATH'}, {'name': 'mode', 'type': 'int*', 'value': 2629963814}]",0,0
18689.462543,8046,191,0,systemd-udevd,ubuntu,257,openat,4,15,"[{'name': 'dirfd', 'type': 'int', 'value': 6}, {'name': 'pathname', 'type': 'const char*', 'value': 'id'}, {'name': 'flags', 'type': 'unsigned long', 'value': 'O_RDONLY|O_NOFOLLOW|O_CLOEXEC|O_PATH'}, {'name': 'mode', 'type': 'int*', 'value': 2629963814}]",0,0
18689.462506,8046,191,0,systemd-udevd,ubuntu,3,close,1,0,"[{'name': 'fd', 'type': 'int', 'value': 15}]",0,0
18689.462473,8046,191,0,systemd-udevd,ubuntu,5,fstat,2,0,"[{'name': 'fd', 'type': 'int', 'value': 6}, {'name': 'statbuf', 'type': 'struct stat*', 'value': '0x7FFEBBC7DF60'}]",0,0
18689.462579,8046,191,0,systemd-udevd,ubuntu,5,fstat,2,0,"[{'name': 'fd', 'type': 'int', 'value': 15}, {'name': 'statbuf', 'type': 'struct stat*', 'value': '0x7FFEBBC7DF60'}]",0,0
18689.462612,8046,191,0,systemd-udevd,ubuntu,3,close,1,0,"[{'name': 'fd', 'type': 'int', 'value': 6}]",0,0
18689.462646,8046,191,0,systemd-udevd,ubuntu,3,close,1,0,"[{'name': 'fd', 'type': 'int', 'value': 15}]",0,0
18689.462685,8046,191,0,systemd-udevd,ubuntu,21,access,2,0,"[{'name': 'pathname', 'type': 'const char*', 'value': '/sys/devices/virtual/dmi/id/uevent'}, {'name': 'mode', 'type': 'int*', 'value': 'F_OK'}]",0,0
18689.462726,8046,191,0,systemd-udevd,ubuntu,6,lstat,2,0,"[{'name': 'pathname', 'type': 'const char*', 'value': '/sys/devices/virtual/dmi/id/sys_vendor'}, {'name': 'statbuf', 'type': 'struct stat*', 'value': '0x7FFEBBC7F070'}]",0,0
18689.462765,8046,191,0,systemd-udevd,ubuntu,1005,security_file_open,4,0,"[{'name': 'pathname', 'type': 'const char*', 'value': '/sys/devices/virtual/dmi/id/sys_vendor'}, {'name': 'flags', 'type': 'unsigned long', 'value': 'O_RDONLY|O_LARGEFILE'}, {'name': 'dev', 'type': 'dev_t', 'value': 22}, {'name': 'inode', 'type': 'unsigned long', 'value': 713}]",0,0
18689.462806,8046,191,0,systemd-udevd,ubuntu,257,openat,4,6,"[{'name': 'dirfd', 'type': 'int', 'value': -100}, {'name': 'pathname', 'type': 'const char*', 'value': '/sys/devices/virtual/dmi/id/sys_vendor'}, {'name': 'flags', 'type': 'unsigned long', 'value': 'O_RDONLY|O_CLOEXEC'}, {'name': 'mode', 'type': 'int*', 'value': 2629963435}]",0,0
18689.462862,8046,191,0,systemd-udevd,ubuntu,5,fstat,2,0,"[{'name': 'fd', 'type': 'int', 'value': 6}, {'name': 'statbuf', 'type': 'struct stat*', 'value': '0x7FFEBBC7F100'}]",0,0
18689.462906,8046,191,0,systemd-udevd,ubuntu,3,close,1,0,"[{'name': 'fd', 'type': 'int', 'value': 6}]",0,0
18689.463125,8046,191,0,systemd-udevd,ubuntu,257,openat,4,6,"[{'name': 'dirfd', 'type': 'int', 'value': -100}, {'name': 'pathname', 'type': 'const char*', 'value': '/'}, {'name': 'flags', 'type': 'unsigned long', 'value': 'O_RDONLY|O_DIRECTORY|O_CLOEXEC|O_PATH'}, {'name': 'mode', 'type': 'int*', 'value': 2629963435}]",0,0
18689.46317,8046,191,0,systemd-udevd,ubuntu,257,openat,4,15,"[{'name': 'dirfd', 'type': 'int', 'value': 6}, {'name': 'pathname', 'type': 'const char*', 'value': 'sys'}, {'name': 'flags', 'type': 'unsigned long', 'value': 'O_RDONLY|O_NOFOLLOW|O_CLOEXEC|O_PATH'}, {'name': 'mode', 'type': 'int*', 'value': 2629963814}]",0,0
18689.463206,8046,191,0,systemd-udevd,ubuntu,5,fstat,2,0,"[{'name': 'fd', 'type': 'int', 'value': 15}, {'name': 'statbuf', 'type': 'struct stat*', 'value': '0x7FFEBBC83930'}]",0,0
18689.463239,8046,191,0,systemd-udevd,ubuntu,3,close,1,0,"[{'name': 'fd', 'type': 'int', 'value': 6}]",0,0
18689.463277,8046,191,0,systemd-udevd,ubuntu,257,openat,4,6,"[{'name': 'dirfd', 'type': 'int', 'value': 15}, {'name': 'pathname', 'type': 'const char*', 'value': 'kernel'}, {'name': 'flags', 'type': 'unsigned long', 'value': 'O_RDONLY|O_NOFOLLOW|O_CLOEXEC|O_PATH'}, {'name': 'mode', 'type': 'int*', 'value': 2629963814}]",0,0
18689.463312,8046,191,0,systemd-udevd,ubuntu,5,fstat,2,0,"[{'name': 'fd', 'type': 'int', 'value': 6}, {'name': 'statbuf', 'type': 'struct stat*', 'value': '0x7FFEBBC83930'}]",0,0
18689.463345,8046,191,0,systemd-udevd,ubuntu,3,close,1,0,"[{'name': 'fd', 'type': 'int', 'value': 15}]",0,0
18689.463382,8046,191,0,systemd-udevd,ubuntu,257,openat,4,15,"[{'name': 'dirfd', 'type': 'int', 'value': 6}, {'name': 'pathname', 'type': 'const char*', 'value': 'slab'}, {'name': 'flags', 'type': 'unsigned long', 'value': 'O_RDONLY|O_NOFOLLOW|O_CLOEXEC|O_PATH'}, {'name': 'mode', 'type': 'int*', 'value': 2629963814}]",0,0
18689.463418,8046,191,0,systemd-udevd,ubuntu,5,fstat,2,0,"[{'name': 'fd', 'type': 'int', 'value': 15}, {'name': 'statbuf', 'type': 'struct stat*', 'value': '0x7FFEBBC83930'}]",0,0
18690.075674,8046,191,0,systemd-udevd,ubuntu,3,close,1,0,"[{'name': 'fd', 'type': 'int', 'value': 6}]",0,0
18690.075731,8046,191,0,systemd-udevd,ubuntu,257,openat,4,6,"[{'name': 'dirfd', 'type': 'int', 'value': 15}, {'name': 'pathname', 'type': 'const char*', 'value': 'kmalloc-2k'}, {'name': 'flags', 'type': 'unsigned long', 'value': 'O_RDONLY|O_NOFOLLOW|O_CLOEXEC|O_PATH'}, {'name': 'mode', 'type': 'int*', 'value': 2629963814}]",0,0
18690.075757,8046,191,0,systemd-udevd,ubuntu,5,fstat,2,0,"[{'name': 'fd', 'type': 'int', 'value': 6}, {'name': 'statbuf', 'type': 'struct stat*', 'value': '0x7FFEBBC83930'}]",0,0
18690.075808,8046,191,0,systemd-udevd,ubuntu,257,openat,4,15,"[{'name': 'dirfd', 'type': 'int', 'value': 6}, {'name': 'pathname', 'type': 'const char*', 'value': 'cgroup'}, {'name': 'flags', 'type': 'unsigned long', 'value': 'O_RDONLY|O_NOFOLLOW|O_CLOEXEC|O_PATH'}, {'name': 'mode', 'type': 'int*', 'value': 2629963814}]",0,0
18690.075782,8046,191,0,systemd-udevd,ubuntu,3,close,1,0,"[{'name': 'fd', 'type': 'int', 'value': 15}]",0,0
18690.075853,8046,191,0,systemd-udevd,ubuntu,3,close,1,0,"[{'name': 'fd', 'type': 'int', 'value': 6}]",0,0
18690.075831,8046,191,0,systemd-udevd,ubuntu,5,fstat,2,0,"[{'name': 'fd', 'type': 'int', 'value': 15}, {'name': 'statbuf', 'type': 'struct stat*', 'value': '0x7FFEBBC83930'}]",0,0
18690.075966,8046,191,0,systemd-udevd,ubuntu,257,openat,4,6,"[{'name': 'dirfd', 'type': 'int', 'value': -100}, {'name': 'pathname', 'type': 'const char*', 'value': '/'}, {'name': 'flags', 'type': 'unsigned long', 'value': 'O_RDONLY|O_DIRECTORY|O_CLOEXEC|O_PATH'}, {'name': 'mode', 'type': 'int*', 'value': 2629963435}]",0,0
18690.076017,8046,191,0,systemd-udevd,ubuntu,5,fstat,2,0,"[{'name': 'fd', 'type': 'int', 'value': 15}, {'name': 'statbuf', 'type': 'struct stat*', 'value': '0x7FFEBBC83930'}]",0,0
18690.075907,8046,191,0,systemd-udevd,ubuntu,6,lstat,2,0,"[{'name': 'pathname', 'type': 'const char*', 'value': '/sys/kernel/slab/kmalloc-2k/cgroup'}, {'name': 'statbuf', 'type': 'struct stat*', 'value': '0x7FFEBBC83960'}]",0,0
18690.075993,8046,191,0,systemd-udevd,ubuntu,257,openat,4,15,"[{'name': 'dirfd', 'type': 'int', 'value': 6}, {'name': 'pathname', 'type': 'const char*', 'value': 'sys'}, {'name': 'flags', 'type': 'unsigned long', 'value': 'O_RDONLY|O_NOFOLLOW|O_CLOEXEC|O_PATH'}, {'name': 'mode', 'type': 'int*', 'value': 2629963814}]",0,0
18690.075876,8046,191,0,systemd-udevd,ubuntu,3,close,1,0,"[{'name': 'fd', 'type': 'int', 'value': 15}]",0,0
18690.076039,8046,191,0,systemd-udevd,ubuntu,3,close,1,0,"[{'name': 'fd', 'type': 'int', 'value': 6}]",0,0
18690.076064,8046,191,0,systemd-udevd,ubuntu,257,openat,4,6,"[{'name': 'dirfd', 'type': 'int', 'value': 15}, {'name': 'pathname', 'type': 'const char*', 'value': 'kernel'}, {'name': 'flags', 'type': 'unsigned long', 'value': 'O_RDONLY|O_NOFOLLOW|O_CLOEXEC|O_PATH'}, {'name': 'mode', 'type': 'int*', 'value': 2629963814}]",0,0
18690.076108,8046,191,0,systemd-udevd,ubuntu,3,close,1,0,"[{'name': 'fd', 'type': 'int', 'value': 15}]",0,0
18690.076086,8046,191,0,systemd-udevd,ubuntu,5,fstat,2,0,"[{'name': 'fd', 'type': 'int', 'value': 6}, {'name': 'statbuf', 'type': 'struct stat*', 'value': '0x7FFEBBC83930'}]",0,0
18690.076133,8046,191,0,systemd-udevd,ubuntu,257,openat,4,15,"[{'name': 'dirfd', 'type': 'int', 'value': 6}, {'name': 'pathname', 'type': 'const char*', 'value': 'slab'}, {'name': 'flags', 'type': 'unsigned long', 'value': 'O_RDONLY|O_NOFOLLOW|O_CLOEXEC|O_PATH'}, {'name': 'mode', 'type': 'int*', 'value': 2629963814}]",0,0
18690.076179,8046,191,0,systemd-udevd,ubuntu,3,close,1,0,"[{'name': 'fd', 'type': 'int', 'value': 6}]",0,0
18690.076204,8046,191,0,systemd-udevd,ubuntu,257,openat,4,6,"[{'name': 'dirfd', 'type': 'int', 'value': 15}, {'name': 'pathname', 'type': 'const char*', 'value': 'kmalloc-2k'}, {'name': 'flags', 'type': 'unsigned long', 'value': 'O_RDONLY|O_NOFOLLOW|O_CLOEXEC|O_PATH'}, {'name': 'mode', 'type': 'int*', 'value': 2629963814}]",0,0
18690.076156,8046,191,0,systemd-udevd,ubuntu,5,fstat,2,0,"[{'name': 'fd', 'type': 'int', 'value': 15}, {'name': 'statbuf', 'type': 'struct stat*', 'value': '0x7FFEBBC83930'}]",0,0
18690.076226,8046,191,0,systemd-udevd,ubuntu,5,fstat,2,0,"[{'name': 'fd', 'type': 'int', 'value': 6}, {'name': 'statbuf', 'type': 'struct stat*', 'value': '0x7FFEBBC83930'}]",0,0
18690.076249,8046,191,0,systemd-udevd,ubuntu,3,close,1,0,"[{'name': 'fd', 'type': 'int', 'value': 15}]",0,0
18690.076272,8046,191,0,systemd-udevd,ubuntu,3,close,1,0,"[{'name': 'fd', 'type': 'int', 'value': 6}]",0,0
18690.076297,8046,191,0,systemd-udevd,ubuntu,6,lstat,2,0,"[{'name': 'pathname', 'type': 'const char*', 'value': '/sys/kernel/slab/kmalloc-2k'}, {'name': 'statbuf', 'type': 'struct stat*', 'value': '0x7FFEBBC83960'}]",0,0
18690.076332,8046,191,0,systemd-udevd,ubuntu,257,openat,4,6,"[{'name': 'dirfd', 'type': 'int', 'value': -100}, {'name': 'pathname', 'type': 'const char*', 'value': '/'}, {'name': 'flags', 'type': 'unsigned long', 'value': 'O_RDONLY|O_DIRECTORY|O_CLOEXEC|O_PATH'}, {'name': 'mode', 'type': 'int*', 'value': 2629963435}]",0,0
18690.076357,8046,191,0,systemd-udevd,ubuntu,257,openat,4,15,"[{'name': 'dirfd', 'type': 'int', 'value': 6}, {'name': 'pathname', 'type': 'const char*', 'value': 'sys'}, {'name': 'flags', 'type': 'unsigned long', 'value': 'O_RDONLY|O_NOFOLLOW|O_CLOEXEC|O_PATH'}, {'name': 'mode', 'type': 'int*', 'value': 2629963814}]",0,0
18690.07638,8046,191,0,systemd-udevd,ubuntu,5,fstat,2,0,"[{'name': 'fd', 'type': 'int', 'value': 15}, {'name': 'statbuf', 'type': 'struct stat*', 'value': '0x7FFEBBC83930'}]",0,0
18690.076402,8046,191,0,systemd-udevd,ubuntu,3,close,1,0,"[{'name': 'fd', 'type': 'int', 'value': 6}]",0,0
18690.076427,8046,191,0,systemd-udevd,ubuntu,257,openat,4,6,"[{'name': 'dirfd', 'type': 'int', 'value': 15}, {'name': 'pathname', 'type': 'const char*', 'value': 'kernel'}, {'name': 'flags', 'type': 'unsigned long', 'value': 'O_RDONLY|O_NOFOLLOW|O_CLOEXEC|O_PATH'}, {'name': 'mode', 'type': 'int*', 'value': 2629963814}]",0,0
18690.076449,8046,191,0,systemd-udevd,ubuntu,5,fstat,2,0,"[{'name': 'fd', 'type': 'int', 'value': 6}, {'name': 'statbuf', 'type': 'struct stat*', 'value': '0x7FFEBBC83930'}]",0,0
18690.076471,8046,191,0,systemd-udevd,ubuntu,3,close,1,0,"[{'name': 'fd', 'type': 'int', 'value': 15}]",0,0
18690.076496,8046,191,0,systemd-udevd,ubuntu,257,openat,4,15,"[{'name': 'dirfd', 'type': 'int', 'value': 6}, {'name': 'pathname', 'type': 'const char*', 'value': 'slab'}, {'name': 'flags', 'type': 'unsigned long', 'value': 'O_RDONLY|O_NOFOLLOW|O_CLOEXEC|O_PATH'}, {'name': 'mode', 'type': 'int*', 'value': 2629963814}]",0,0
18690.076519,8046,191,0,systemd-udevd,ubuntu,5,fstat,2,0,"[{'name': 'fd', 'type': 'int', 'value': 15}, {'name': 'statbuf', 'type': 'struct stat*', 'value': '0x7FFEBBC83930'}]",0,0
18690.076541,8046,191,0,systemd-udevd,ubuntu,3,close,1,0,"[{'name': 'fd', 'type': 'int', 'value': 6}]",0,0
18690.076563,8046,191,0,systemd-udevd,ubuntu,3,close,1,0,"[{'name': 'fd', 'type': 'int', 'value': 15}]",0,0
18690.076588,8046,191,0,systemd-udevd,ubuntu,6,lstat,2,0,"[{'name': 'pathname', 'type': 'const char*', 'value': '/sys/kernel/slab'}, {'name': 'statbuf', 'type': 'struct stat*', 'value': '0x7FFEBBC83960'}]",0,0
18690.076628,8046,191,0,systemd-udevd,ubuntu,257,openat,4,6,"[{'name': 'dirfd', 'type': 'int', 'value': -100}, {'name': 'pathname', 'type': 'const char*', 'value': '/'}, {'name': 'flags', 'type': 'unsigned long', 'value': 'O_RDONLY|O_DIRECTORY|O_CLOEXEC|O_PATH'}, {'name': 'mode', 'type': 'int*', 'value': 2629963435}]",0,0
18690.076653,8046,191,0,systemd-udevd,ubuntu,257,openat,4,15,"[{'name': 'dirfd', 'type': 'int', 'value': 6}, {'name': 'pathname', 'type': 'const char*', 'value': 'sys'}, {'name': 'flags', 'type': 'unsigned long', 'value': 'O_RDONLY|O_NOFOLLOW|O_CLOEXEC|O_PATH'}, {'name': 'mode', 'type': 'int*', 'value': 2629963814}]",0,0
18690.076676,8046,191,0,systemd-udevd,ubuntu,5,fstat,2,0,"[{'name': 'fd', 'type': 'int', 'value': 15}, {'name': 'statbuf', 'type': 'struct stat*', 'value': '0x7FFEBBC83930'}]",0,0
18690.076698,8046,191,0,systemd-udevd,ubuntu,3,close,1,0,"[{'name': 'fd', 'type': 'int', 'value': 6}]",0,0
18690.076723,8046,191,0,systemd-udevd,ubuntu,257,openat,4,6,"[{'name': 'dirfd', 'type': 'int', 'value': 15}, {'name': 'pathname', 'type': 'const char*', 'value': 'kernel'}, {'name': 'flags', 'type': 'unsigned long', 'value': 'O_RDONLY|O_NOFOLLOW|O_CLOEXEC|O_PATH'}, {'name': 'mode', 'type': 'int*', 'value': 2629963814}]",0,0
18690.076749,8046,191,0,systemd-udevd,ubuntu,5,fstat,2,0,"[{'name': 'fd', 'type': 'int', 'value': 6}, {'name': 'statbuf', 'type': 'struct stat*', 'value': '0x7FFEBBC83930'}]",0,0
18690.076771,8046,191,0,systemd-udevd,ubuntu,3,close,1,0,"[{'name': 'fd', 'type': 'int', 'value': 15}]",0,0
18690.076794,8046,191,0,systemd-udevd,ubuntu,3,close,1,0,"[{'name': 'fd', 'type': 'int', 'value': 6}]",0,0
18690.076818,8046,191,0,systemd-udevd,ubuntu,6,lstat,2,0,"[{'name': 'pathname', 'type': 'const char*', 'value': '/sys/kernel'}, {'name': 'statbuf', 'type': 'struct stat*', 'value': '0x7FFEBBC83960'}]",0,0
18690.076953,8046,191,0,systemd-udevd,ubuntu,257,openat,4,-2,"[{'name': 'dirfd', 'type': 'int', 'value': -100}, {'name': 'pathname', 'type': 'const char*', 'value': '/sys/kernel/slab/kmalloc-2k/cgroup/uevent'}, {'name': 'flags', 'type': 'unsigned long', 'value': 'O_RDONLY|O_CLOEXEC'}, {'name': 'mode', 'type': 'int*', 'value': 2629963435}]",0,0
18690.117156,8046,191,0,systemd-udevd,ubuntu,1003,cap_capable,1,0,"[{'name': 'cap', 'type': 'int', 'value': 'CAP_NET_ADMIN'}]",0,0
18690.117103,8046,191,0,systemd-udevd,ubuntu,87,unlink,1,-2,"[{'name': 'pathname', 'type': 'const char*', 'value': '/run/udev/data/+cgroup:kmalloc-2k(83:systemd-journald.service)'}]",0,0
18690.201088,191,1,0,systemd-udevd,ubuntu,1006,security_inode_unlink,1,0,"[{'name': 'pathname', 'type': 'const char*', 'value': '/udev/queue'}]",0,0
18690.20114,191,1,0,systemd-udevd,ubuntu,87,unlink,1,0,"[{'name': 'pathname', 'type': 'const char*', 'value': '/run/udev/queue'}]",0,0
18701.746006,309,1,102,systemd-timesyn,ubuntu,41,socket,3,16,"[{'name': 'domain', 'type': 'int', 'value': 'AF_UNIX'}, {'name': 'type', 'type': 'int', 'value': 'SOCK_DGRAM|SOCK_CLOEXEC'}, {'name': 'protocol', 'type': 'int', 'value': 0}]",0,0
18701.747525,309,1,102,systemd-timesyn,ubuntu,3,close,1,0,"[{'name': 'fd', 'type': 'int', 'value': 16}]",0,0
18690.97724,191,1,0,systemd-udevd,ubuntu,257,openat,4,-2,"[{'name': 'dirfd', 'type': 'int', 'value': -100}, {'name': 'pathname', 'type': 'const char*', 'value': '/run/udev/queue'}, {'name': 'flags', 'type': 'unsigned long', 'value': 'O_RDONLY|O_NOFOLLOW|O_CLOEXEC|O_PATH'}, {'name': 'mode', 'type': 'int*', 'value': 2629963435}]",0,0
18690.977296,191,1,0,systemd-udevd,ubuntu,1005,security_file_open,4,0,"[{'name': 'pathname', 'type': 'const char*', 'value': '/run/udev/queue'}, {'name': 'flags', 'type': 'unsigned long', 'value': 'O_WRONLY|O_CREAT|O_EXCL|O_LARGEFILE'}, {'name': 'dev', 'type': 'dev_t', 'value': 25}, {'name': 'inode', 'type': 'unsigned long', 'value': 389}]",0,0
18690.977328,191,1,0,systemd-udevd,ubuntu,257,openat,4,14,"[{'name': 'dirfd', 'type': 'int', 'value': -100}, {'name': 'pathname', 'type': 'const char*', 'value': '/run/udev/queue'}, {'name': 'flags', 'type': 'unsigned long', 'value': 'O_WRONLY|O_CREAT|O_EXCL|O_CLOEXEC'}, {'name': 'mode', 'type': 'int*', 'value': 2629963435}]",0,0
18690.977355,191,1,0,systemd-udevd,ubuntu,5,fstat,2,0,"[{'name': 'fd', 'type': 'int', 'value': 14}, {'name': 'statbuf', 'type': 'struct stat*', 'value': '0x7FFEBBC83CF0'}]",0,0
18690.977399,191,1,0,systemd-udevd,ubuntu,3,close,1,0,"[{'name': 'fd', 'type': 'int', 'value': 14}]",0,0
18690.977439,191,1,0,systemd-udevd,ubuntu,1003,cap_capable,1,0,"[{'name': 'cap', 'type': 'int', 'value': 'CAP_NET_ADMIN'}]",0,0
18690.977575,8046,191,0,systemd-udevd,ubuntu,257,openat,4,-2,"[{'name': 'dirfd', 'type': 'int', 'value': -100}, {'name': 'pathname', 'type': 'const char*', 'value': '/sys/kernel/slab/kmalloc-1k/cgroup/kmalloc-1k(815:rsyslog.service)/uevent'}, {'name': 'flags', 'type': 'unsigned long', 'value': 'O_RDONLY|O_CLOEXEC'}, {'name': 'mode', 'type': 'int*', 'value': 2629963435}]",0,0
18690.977609,8046,191,0,systemd-udevd,ubuntu,257,openat,4,-2,"[{'name': 'dirfd', 'type': 'int', 'value': -100}, {'name': 'pathname', 'type': 'const char*', 'value': '/sys/kernel/slab/kmalloc-1k/cgroup/kmalloc-1k(815:rsyslog.service)/uevent'}, {'name': 'flags', 'type': 'unsigned long', 'value': 'O_RDONLY|O_CLOEXEC'}, {'name': 'mode', 'type': 'int*', 'value': 2629963435}]",0,0
18690.977639,8046,191,0,systemd-udevd,ubuntu,257,openat,4,-2,"[{'name': 'dirfd', 'type': 'int', 'value': -100}, {'name': 'pathname', 'type': 'const char*', 'value': '/run/udev/data/+cgroup:kmalloc-1k(815:rsyslog.service)'}, {'name': 'flags', 'type': 'unsigned long', 'value': 'O_RDONLY|O_CLOEXEC'}, {'name': 'mode', 'type': 'int*', 'value': 2629963435}]",0,0
18690.977675,8046,191,0,systemd-udevd,ubuntu,21,access,2,-2,"[{'name': 'pathname', 'type': 'const char*', 'value': '/sys/subsystem/dmi/devices/id'}, {'name': 'mode', 'type': 'int*', 'value': 'F_OK'}]",0,0
18690.977703,8046,191,0,systemd-udevd,ubuntu,21,access,2,-2,"[{'name': 'pathname', 'type': 'const char*', 'value': '/sys/bus/dmi/devices/id'}, {'name': 'mode', 'type': 'int*', 'value': 'F_OK'}]",0,0
18690.977737,8046,191,0,systemd-udevd,ubuntu,21,access,2,0,"[{'name': 'pathname', 'type': 'const char*', 'value': '/sys/class/dmi/id'}, {'name': 'mode', 'type': 'int*', 'value': 'F_OK'}]",0,0
18690.977775,8046,191,0,systemd-udevd,ubuntu,257,openat,4,6,"[{'name': 'dirfd', 'type': 'int', 'value': -100}, {'name': 'pathname', 'type': 'const char*', 'value': '/'}, {'name': 'flags', 'type': 'unsigned long', 'value': 'O_RDONLY|O_DIRECTORY|O_CLOEXEC|O_PATH'}, {'name': 'mode', 'type': 'int*', 'value': 2629963435}]",0,0
18690.977801,8046,191,0,systemd-udevd,ubuntu,257,openat,4,15,"[{'name': 'dirfd', 'type': 'int', 'value': 6}, {'name': 'pathname', 'type': 'const char*', 'value': 'sys'}, {'name': 'flags', 'type': 'unsigned long', 'value': 'O_RDONLY|O_NOFOLLOW|O_CLOEXEC|O_PATH'}, {'name': 'mode', 'type': 'int*', 'value': 2629963814}]",0,0
18690.977848,8046,191,0,systemd-udevd,ubuntu,3,close,1,0,"[{'name': 'fd', 'type': 'int', 'value': 6}]",0,0
18690.977825,8046,191,0,systemd-udevd,ubuntu,5,fstat,2,0,"[{'name': 'fd', 'type': 'int', 'value': 15}, {'name': 'statbuf', 'type': 'struct stat*', 'value': '0x7FFEBBC7DE70'}]",0,0
18690.977873,8046,191,0,systemd-udevd,ubuntu,257,openat,4,6,"[{'name': 'dirfd', 'type': 'int', 'value': 15}, {'name': 'pathname', 'type': 'const char*', 'value': 'class'}, {'name': 'flags', 'type': 'unsigned long', 'value': 'O_RDONLY|O_NOFOLLOW|O_CLOEXEC|O_PATH'}, {'name': 'mode', 'type': 'int*', 'value': 2629963814}]",0,0
18690.977902,8046,191,0,systemd-udevd,ubuntu,5,fstat,2,0,"[{'name': 'fd', 'type': 'int', 'value': 6}, {'name': 'statbuf', 'type': 'struct stat*', 'value': '0x7FFEBBC7DE70'}]",0,0
18690.977926,8046,191,0,systemd-udevd,ubuntu,3,close,1,0,"[{'name': 'fd', 'type': 'int', 'value': 15}]",0,0
18690.977951,8046,191,0,systemd-udevd,ubuntu,257,openat,4,15,"[{'name': 'dirfd', 'type': 'int', 'value': 6}, {'name': 'pathname', 'type': 'const char*', 'value': 'dmi'}, {'name': 'flags', 'type': 'unsigned long', 'value': 'O_RDONLY|O_NOFOLLOW|O_CLOEXEC|O_PATH'}, {'name': 'mode', 'type': 'int*', 'value': 2629963814}]",0,0
18690.977974,8046,191,0,systemd-udevd,ubuntu,5,fstat,2,0,"[{'name': 'fd', 'type': 'int', 'value': 15}, {'name': 'statbuf', 'type': 'struct stat*', 'value': '0x7FFEBBC7DE70'}]",0,0
18690.977996,8046,191,0,systemd-udevd,ubuntu,3,close,1,0,"[{'name': 'fd', 'type': 'int', 'value': 6}]",0,0
18690.978021,8046,191,0,systemd-udevd,ubuntu,257,openat,4,6,"[{'name': 'dirfd', 'type': 'int', 'value': 15}, {'name': 'pathname', 'type': 'const char*', 'value': 'id'}, {'name': 'flags', 'type': 'unsigned long', 'value': 'O_RDONLY|O_NOFOLLOW|O_CLOEXEC|O_PATH'}, {'name': 'mode', 'type': 'int*', 'value': 2629963814}]",0,0
18690.978044,8046,191,0,systemd-udevd,ubuntu,5,fstat,2,0,"[{'name': 'fd', 'type': 'int', 'value': 6}, {'name': 'statbuf', 'type': 'struct stat*', 'value': '0x7FFEBBC7DE70'}]",0,0
18690.978076,8046,191,0,systemd-udevd,ubuntu,3,close,1,0,"[{'name': 'fd', 'type': 'int', 'value': 6}]",0,0
18690.978102,8046,191,0,systemd-udevd,ubuntu,257,openat,4,6,"[{'name': 'dirfd', 'type': 'int', 'value': 15}, {'name': 'pathname', 'type': 'const char*', 'value': '..'}, {'name': 'flags', 'type': 'unsigned long', 'value': 'O_RDONLY|O_NOFOLLOW|O_CLOEXEC|O_PATH'}, {'name': 'mode', 'type': 'int*', 'value': 2629963814}]",0,0
18690.978125,8046,191,0,systemd-udevd,ubuntu,3,close,1,0,"[{'name': 'fd', 'type': 'int', 'value': 15}]",0,0
18690.97815,8046,191,0,systemd-udevd,ubuntu,257,openat,4,15,"[{'name': 'dirfd', 'type': 'int', 'value': 6}, {'name': 'pathname', 'type': 'const char*', 'value': '..'}, {'name': 'flags', 'type': 'unsigned long', 'value': 'O_RDONLY|O_NOFOLLOW|O_CLOEXEC|O_PATH'}, {'name': 'mode', 'type': 'int*', 'value': 2629963814}]",0,0
18690.978172,8046,191,0,systemd-udevd,ubuntu,3,close,1,0,"[{'name': 'fd', 'type': 'int', 'value': 6}]",0,0
18690.978197,8046,191,0,systemd-udevd,ubuntu,257,openat,4,6,"[{'name': 'dirfd', 'type': 'int', 'value': 15}, {'name': 'pathname', 'type': 'const char*', 'value': 'devices'}, {'name': 'flags', 'type': 'unsigned long', 'value': 'O_RDONLY|O_NOFOLLOW|O_CLOEXEC|O_PATH'}, {'name': 'mode', 'type': 'int*', 'value': 2629963814}]",0,0
18690.978219,8046,191,0,systemd-udevd,ubuntu,5,fstat,2,0,"[{'name': 'fd', 'type': 'int', 'value': 6}, {'name': 'statbuf', 'type': 'struct stat*', 'value': '0x7FFEBBC7DE70'}]",0,0
18690.978241,8046,191,0,systemd-udevd,ubuntu,3,close,1,0,"[{'name': 'fd', 'type': 'int', 'value': 15}]",0,0
18690.978265,8046,191,0,systemd-udevd,ubuntu,257,openat,4,15,"[{'name': 'dirfd', 'type': 'int', 'value': 6}, {'name': 'pathname', 'type': 'const char*', 'value': 'virtual'}, {'name': 'flags', 'type': 'unsigned long', 'value': 'O_RDONLY|O_NOFOLLOW|O_CLOEXEC|O_PATH'}, {'name': 'mode', 'type': 'int*', 'value': 2629963814}]",0,0
18690.978288,8046,191,0,systemd-udevd,ubuntu,5,fstat,2,0,"[{'name': 'fd', 'type': 'int', 'value': 15}, {'name': 'statbuf', 'type': 'struct stat*', 'value': '0x7FFEBBC7DE70'}]",0,0
18690.978309,8046,191,0,systemd-udevd,ubuntu,3,close,1,0,"[{'name': 'fd', 'type': 'int', 'value': 6}]",0,0
18690.978334,8046,191,0,systemd-udevd,ubuntu,257,openat,4,6,"[{'name': 'dirfd', 'type': 'int', 'value': 15}, {'name': 'pathname', 'type': 'const char*', 'value': 'dmi'}, {'name': 'flags', 'type': 'unsigned long', 'value': 'O_RDONLY|O_NOFOLLOW|O_CLOEXEC|O_PATH'}, {'name': 'mode', 'type': 'int*', 'value': 2629963814}]",0,0
18690.978357,8046,191,0,systemd-udevd,ubuntu,5,fstat,2,0,"[{'name': 'fd', 'type': 'int', 'value': 6}, {'name': 'statbuf', 'type': 'struct stat*', 'value': '0x7FFEBBC7DE70'}]",0,0
18690.978379,8046,191,0,systemd-udevd,ubuntu,3,close,1,0,"[{'name': 'fd', 'type': 'int', 'value': 15}]",0,0
18690.978404,8046,191,0,systemd-udevd,ubuntu,257,openat,4,15,"[{'name': 'dirfd', 'type': 'int', 'value': 6}, {'name': 'pathname', 'type': 'const char*', 'value': 'id'}, {'name': 'flags', 'type': 'unsigned long', 'value': 'O_RDONLY|O_NOFOLLOW|O_CLOEXEC|O_PATH'}, {'name': 'mode', 'type': 'int*', 'value': 2629963814}]",0,0
18690.978426,8046,191,0,systemd-udevd,ubuntu,5,fstat,2,0,"[{'name': 'fd', 'type': 'int', 'value': 15}, {'name': 'statbuf', 'type': 'struct stat*', 'value': '0x7FFEBBC7DE70'}]",0,0
18690.97846,8046,191,0,systemd-udevd,ubuntu,3,close,1,0,"[{'name': 'fd', 'type': 'int', 'value': 6}]",0,0
18690.978482,8046,191,0,systemd-udevd,ubuntu,3,close,1,0,"[{'name': 'fd', 'type': 'int', 'value': 15}]",0,0
18690.978508,8046,191,0,systemd-udevd,ubuntu,21,access,2,0,"[{'name': 'pathname', 'type': 'const char*', 'value': '/sys/devices/virtual/dmi/id/uevent'}, {'name': 'mode', 'type': 'int*', 'value': 'F_OK'}]",0,0
18690.978536,8046,191,0,systemd-udevd,ubuntu,6,lstat,2,0,"[{'name': 'pathname', 'type': 'const char*', 'value': '/sys/devices/virtual/dmi/id/sys_vendor'}, {'name': 'statbuf', 'type': 'struct stat*', 'value': '0x7FFEBBC7EF80'}]",0,0
18690.978561,8046,191,0,systemd-udevd,ubuntu,1005,security_file_open,4,0,"[{'name': 'pathname', 'type': 'const char*', 'value': '/sys/devices/virtual/dmi/id/sys_vendor'}, {'name': 'flags', 'type': 'unsigned long', 'value': 'O_RDONLY|O_LARGEFILE'}, {'name': 'dev', 'type': 'dev_t', 'value': 22}, {'name': 'inode', 'type': 'unsigned long', 'value': 713}]",0,0
18690.978591,8046,191,0,systemd-udevd,ubuntu,257,openat,4,6,"[{'name': 'dirfd', 'type': 'int', 'value': -100}, {'name': 'pathname', 'type': 'const char*', 'value': '/sys/devices/virtual/dmi/id/sys_vendor'}, {'name': 'flags', 'type': 'unsigned long', 'value': 'O_RDONLY|O_CLOEXEC'}, {'name': 'mode', 'type': 'int*', 'value': 2629963435}]",0,0
18690.978613,8046,191,0,systemd-udevd,ubuntu,5,fstat,2,0,"[{'name': 'fd', 'type': 'int', 'value': 6}, {'name': 'statbuf', 'type': 'struct stat*', 'value': '0x7FFEBBC7F010'}]",0,0
18690.978647,8046,191,0,systemd-udevd,ubuntu,3,close,1,0,"[{'name': 'fd', 'type': 'int', 'value': 6}]",0,0
18690.978685,8046,191,0,systemd-udevd,ubuntu,21,access,2,-2,"[{'name': 'pathname', 'type': 'const char*', 'value': '/sys/subsystem/dmi/devices/id'}, {'name': 'mode', 'type': 'int*', 'value': 'F_OK'}]",0,0
18690.978723,8046,191,0,systemd-udevd,ubuntu,21,access,2,-2,"[{'name': 'pathname', 'type': 'const char*', 'value': '/sys/bus/dmi/devices/id'}, {'name': 'mode', 'type': 'int*', 'value': 'F_OK'}]",0,0
18690.978777,8046,191,0,systemd-udevd,ubuntu,257,openat,4,6,"[{'name': 'dirfd', 'type': 'int', 'value': -100}, {'name': 'pathname', 'type': 'const char*', 'value': '/'}, {'name': 'flags', 'type': 'unsigned long', 'value': 'O_RDONLY|O_DIRECTORY|O_CLOEXEC|O_PATH'}, {'name': 'mode', 'type': 'int*', 'value': 2629963435}]",0,0
18690.978801,8046,191,0,systemd-udevd,ubuntu,257,openat,4,15,"[{'name': 'dirfd', 'type': 'int', 'value': 6}, {'name': 'pathname', 'type': 'const char*', 'value': 'sys'}, {'name': 'flags', 'type': 'unsigned long', 'value': 'O_RDONLY|O_NOFOLLOW|O_CLOEXEC|O_PATH'}, {'name': 'mode', 'type': 'int*', 'value': 2629963814}]",0,0
18690.97875,8046,191,0,systemd-udevd,ubuntu,21,access,2,0,"[{'name': 'pathname', 'type': 'const char*', 'value': '/sys/class/dmi/id'}, {'name': 'mode', 'type': 'int*', 'value': 'F_OK'}]",0,0
18690.978824,8046,191,0,systemd-udevd,ubuntu,5,fstat,2,0,"[{'name': 'fd', 'type': 'int', 'value': 15}, {'name': 'statbuf', 'type': 'struct stat*', 'value': '0x7FFEBBC7DE70'}]",0,0
18690.978846,8046,191,0,systemd-udevd,ubuntu,3,close,1,0,"[{'name': 'fd', 'type': 'int', 'value': 6}]",0,0
18690.978871,8046,191,0,systemd-udevd,ubuntu,257,openat,4,6,"[{'name': 'dirfd', 'type': 'int', 'value': 15}, {'name': 'pathname', 'type': 'const char*', 'value': 'class'}, {'name': 'flags', 'type': 'unsigned long', 'value': 'O_RDONLY|O_NOFOLLOW|O_CLOEXEC|O_PATH'}, {'name': 'mode', 'type': 'int*', 'value': 2629963814}]",0,0
18690.978894,8046,191,0,systemd-udevd,ubuntu,5,fstat,2,0,"[{'name': 'fd', 'type': 'int', 'value': 6}, {'name': 'statbuf', 'type': 'struct stat*', 'value': '0x7FFEBBC7DE70'}]",0,0
18690.978916,8046,191,0,systemd-udevd,ubuntu,3,close,1,0,"[{'name': 'fd', 'type': 'int', 'value': 15}]",0,0
18690.978941,8046,191,0,systemd-udevd,ubuntu,257,openat,4,15,"[{'name': 'dirfd', 'type': 'int', 'value': 6}, {'name': 'pathname', 'type': 'const char*', 'value': 'dmi'}, {'name': 'flags', 'type': 'unsigned long', 'value': 'O_RDONLY|O_NOFOLLOW|O_CLOEXEC|O_PATH'}, {'name': 'mode', 'type': 'int*', 'value': 2629963814}]",0,0
18690.978963,8046,191,0,systemd-udevd,ubuntu,5,fstat,2,0,"[{'name': 'fd', 'type': 'int', 'value': 15}, {'name': 'statbuf', 'type': 'struct stat*', 'value': '0x7FFEBBC7DE70'}]",0,0
18690.978986,8046,191,0,systemd-udevd,ubuntu,3,close,1,0,"[{'name': 'fd', 'type': 'int', 'value': 6}]",0,0
18690.97901,8046,191,0,systemd-udevd,ubuntu,257,openat,4,6,"[{'name': 'dirfd', 'type': 'int', 'value': 15}, {'name': 'pathname', 'type': 'const char*', 'value': 'id'}, {'name': 'flags', 'type': 'unsigned long', 'value': 'O_RDONLY|O_NOFOLLOW|O_CLOEXEC|O_PATH'}, {'name': 'mode', 'type': 'int*', 'value': 2629963814}]",0,0
18690.979033,8046,191,0,systemd-udevd,ubuntu,5,fstat,2,0,"[{'name': 'fd', 'type': 'int', 'value': 6}, {'name': 'statbuf', 'type': 'struct stat*', 'value': '0x7FFEBBC7DE70'}]",0,0
18690.979063,8046,191,0,systemd-udevd,ubuntu,3,close,1,0,"[{'name': 'fd', 'type': 'int', 'value': 6}]",0,0
18690.979088,8046,191,0,systemd-udevd,ubuntu,257,openat,4,6,"[{'name': 'dirfd', 'type': 'int', 'value': 15}, {'name': 'pathname', 'type': 'const char*', 'value': '..'}, {'name': 'flags', 'type': 'unsigned long', 'value': 'O_RDONLY|O_NOFOLLOW|O_CLOEXEC|O_PATH'}, {'name': 'mode', 'type': 'int*', 'value': 2629963814}]",0,0
18690.979111,8046,191,0,systemd-udevd,ubuntu,3,close,1,0,"[{'name': 'fd', 'type': 'int', 'value': 15}]",0,0
18690.979135,8046,191,0,systemd-udevd,ubuntu,257,openat,4,15,"[{'name': 'dirfd', 'type': 'int', 'value': 6}, {'name': 'pathname', 'type': 'const char*', 'value': '..'}, {'name': 'flags', 'type': 'unsigned long', 'value': 'O_RDONLY|O_NOFOLLOW|O_CLOEXEC|O_PATH'}, {'name': 'mode', 'type': 'int*', 'value': 2629963814}]",0,0
18690.979157,8046,191,0,systemd-udevd,ubuntu,3,close,1,0,"[{'name': 'fd', 'type': 'int', 'value': 6}]",0,0
18690.979182,8046,191,0,systemd-udevd,ubuntu,257,openat,4,6,"[{'name': 'dirfd', 'type': 'int', 'value': 15}, {'name': 'pathname', 'type': 'const char*', 'value': 'devices'}, {'name': 'flags', 'type': 'unsigned long', 'value': 'O_RDONLY|O_NOFOLLOW|O_CLOEXEC|O_PATH'}, {'name': 'mode', 'type': 'int*', 'value': 2629963814}]",0,0
18690.979204,8046,191,0,systemd-udevd,ubuntu,5,fstat,2,0,"[{'name': 'fd', 'type': 'int', 'value': 6}, {'name': 'statbuf', 'type': 'struct stat*', 'value': '0x7FFEBBC7DE70'}]",0,0
18690.97925,8046,191,0,systemd-udevd,ubuntu,257,openat,4,15,"[{'name': 'dirfd', 'type': 'int', 'value': 6}, {'name': 'pathname', 'type': 'const char*', 'value': 'virtual'}, {'name': 'flags', 'type': 'unsigned long', 'value': 'O_RDONLY|O_NOFOLLOW|O_CLOEXEC|O_PATH'}, {'name': 'mode', 'type': 'int*', 'value': 2629963814}]",0,0
18690.979225,8046,191,0,systemd-udevd,ubuntu,3,close,1,0,"[{'name': 'fd', 'type': 'int', 'value': 15}]",0,0
18690.979272,8046,191,0,systemd-udevd,ubuntu,5,fstat,2,0,"[{'name': 'fd', 'type': 'int', 'value': 15}, {'name': 'statbuf', 'type': 'struct stat*', 'value': '0x7FFEBBC7DE70'}]",0,0
18690.979296,8046,191,0,systemd-udevd,ubuntu,3,close,1,0,"[{'name': 'fd', 'type': 'int', 'value': 6}]",0,0
18690.979344,8046,191,0,systemd-udevd,ubuntu,5,fstat,2,0,"[{'name': 'fd', 'type': 'int', 'value': 6}, {'name': 'statbuf', 'type': 'struct stat*', 'value': '0x7FFEBBC7DE70'}]",0,0
18690.979321,8046,191,0,systemd-udevd,ubuntu,257,openat,4,6,"[{'name': 'dirfd', 'type': 'int', 'value': 15}, {'name': 'pathname', 'type': 'const char*', 'value': 'dmi'}, {'name': 'flags', 'type': 'unsigned long', 'value': 'O_RDONLY|O_NOFOLLOW|O_CLOEXEC|O_PATH'}, {'name': 'mode', 'type': 'int*', 'value': 2629963814}]",0,0
18690.979366,8046,191,0,systemd-udevd,ubuntu,3,close,1,0,"[{'name': 'fd', 'type': 'int', 'value': 15}]",0,0
18690.979391,8046,191,0,systemd-udevd,ubuntu,257,openat,4,15,"[{'name': 'dirfd', 'type': 'int', 'value': 6}, {'name': 'pathname', 'type': 'const char*', 'value': 'id'}, {'name': 'flags', 'type': 'unsigned long', 'value': 'O_RDONLY|O_NOFOLLOW|O_CLOEXEC|O_PATH'}, {'name': 'mode', 'type': 'int*', 'value': 2629963814}]",0,0
18690.979413,8046,191,0,systemd-udevd,ubuntu,5,fstat,2,0,"[{'name': 'fd', 'type': 'int', 'value': 15}, {'name': 'statbuf', 'type': 'struct stat*', 'value': '0x7FFEBBC7DE70'}]",0,0
18690.979436,8046,191,0,systemd-udevd,ubuntu,3,close,1,0,"[{'name': 'fd', 'type': 'int', 'value': 6}]",0,0
18690.979459,8046,191,0,systemd-udevd,ubuntu,3,close,1,0,"[{'name': 'fd', 'type': 'int', 'value': 15}]",0,0
18690.979484,8046,191,0,systemd-udevd,ubuntu,21,access,2,0,"[{'name': 'pathname', 'type': 'const char*', 'value': '/sys/devices/virtual/dmi/id/uevent'}, {'name': 'mode', 'type': 'int*', 'value': 'F_OK'}]",0,0
18690.979511,8046,191,0,systemd-udevd,ubuntu,6,lstat,2,0,"[{'name': 'pathname', 'type': 'const char*', 'value': '/sys/devices/virtual/dmi/id/sys_vendor'}, {'name': 'statbuf', 'type': 'struct stat*', 'value': '0x7FFEBBC7EF80'}]",0,0
18690.979536,8046,191,0,systemd-udevd,ubuntu,1005,security_file_open,4,0,"[{'name': 'pathname', 'type': 'const char*', 'value': '/sys/devices/virtual/dmi/id/sys_vendor'}, {'name': 'flags', 'type': 'unsigned long', 'value': 'O_RDONLY|O_LARGEFILE'}, {'name': 'dev', 'type': 'dev_t', 'value': 22}, {'name': 'inode', 'type': 'unsigned long', 'value': 713}]",0,0
18690.979586,8046,191,0,systemd-udevd,ubuntu,5,fstat,2,0,"[{'name': 'fd', 'type': 'int', 'value': 6}, {'name': 'statbuf', 'type': 'struct stat*', 'value': '0x7FFEBBC7F010'}]",0,0
18690.979616,8046,191,0,systemd-udevd,ubuntu,3,close,1,0,"[{'name': 'fd', 'type': 'int', 'value': 6}]",0,0
18690.979564,8046,191,0,systemd-udevd,ubuntu,257,openat,4,6,"[{'name': 'dirfd', 'type': 'int', 'value': -100}, {'name': 'pathname', 'type': 'const char*', 'value': '/sys/devices/virtual/dmi/id/sys_vendor'}, {'name': 'flags', 'type': 'unsigned long', 'value': 'O_RDONLY|O_CLOEXEC'}, {'name': 'mode', 'type': 'int*', 'value': 2629963435}]",0,0
18690.979715,8046,191,0,systemd-udevd,ubuntu,257,openat,4,15,"[{'name': 'dirfd', 'type': 'int', 'value': 6}, {'name': 'pathname', 'type': 'const char*', 'value': 'sys'}, {'name': 'flags', 'type': 'unsigned long', 'value': 'O_RDONLY|O_NOFOLLOW|O_CLOEXEC|O_PATH'}, {'name': 'mode', 'type': 'int*', 'value': 2629963814}]",0,0
18690.979689,8046,191,0,systemd-udevd,ubuntu,257,openat,4,6,"[{'name': 'dirfd', 'type': 'int', 'value': -100}, {'name': 'pathname', 'type': 'const char*', 'value': '/'}, {'name': 'flags', 'type': 'unsigned long', 'value': 'O_RDONLY|O_DIRECTORY|O_CLOEXEC|O_PATH'}, {'name': 'mode', 'type': 'int*', 'value': 2629963435}]",0,0
18690.979738,8046,191,0,systemd-udevd,ubuntu,5,fstat,2,0,"[{'name': 'fd', 'type': 'int', 'value': 15}, {'name': 'statbuf', 'type': 'struct stat*', 'value': '0x7FFEBBC83840'}]",0,0
18690.97976,8046,191,0,systemd-udevd,ubuntu,3,close,1,0,"[{'name': 'fd', 'type': 'int', 'value': 6}]",0,0
18690.979785,8046,191,0,systemd-udevd,ubuntu,257,openat,4,6,"[{'name': 'dirfd', 'type': 'int', 'value': 15}, {'name': 'pathname', 'type': 'const char*', 'value': 'kernel'}, {'name': 'flags', 'type': 'unsigned long', 'value': 'O_RDONLY|O_NOFOLLOW|O_CLOEXEC|O_PATH'}, {'name': 'mode', 'type': 'int*', 'value': 2629963814}]",0,0
18690.979807,8046,191,0,systemd-udevd,ubuntu,5,fstat,2,0,"[{'name': 'fd', 'type': 'int', 'value': 6}, {'name': 'statbuf', 'type': 'struct stat*', 'value': '0x7FFEBBC83840'}]",0,0
18690.979829,8046,191,0,systemd-udevd,ubuntu,3,close,1,0,"[{'name': 'fd', 'type': 'int', 'value': 15}]",0,0
18690.979854,8046,191,0,systemd-udevd,ubuntu,257,openat,4,15,"[{'name': 'dirfd', 'type': 'int', 'value': 6}, {'name': 'pathname', 'type': 'const char*', 'value': 'slab'}, {'name': 'flags', 'type': 'unsigned long', 'value': 'O_RDONLY|O_NOFOLLOW|O_CLOEXEC|O_PATH'}, {'name': 'mode', 'type': 'int*', 'value': 2629963814}]",0,0
18690.979876,8046,191,0,systemd-udevd,ubuntu,5,fstat,2,0,"[{'name': 'fd', 'type': 'int', 'value': 15}, {'name': 'statbuf', 'type': 'struct stat*', 'value': '0x7FFEBBC83840'}]",0,0
18690.979899,8046,191,0,systemd-udevd,ubuntu,3,close,1,0,"[{'name': 'fd', 'type': 'int', 'value': 6}]",0,0
18690.979923,8046,191,0,systemd-udevd,ubuntu,257,openat,4,6,"[{'name': 'dirfd', 'type': 'int', 'value': 15}, {'name': 'pathname', 'type': 'const char*', 'value': 'kmalloc-1k'}, {'name': 'flags', 'type': 'unsigned long', 'value': 'O_RDONLY|O_NOFOLLOW|O_CLOEXEC|O_PATH'}, {'name': 'mode', 'type': 'int*', 'value': 2629963814}]",0,0
18690.979946,8046,191,0,systemd-udevd,ubuntu,5,fstat,2,0,"[{'name': 'fd', 'type': 'int', 'value': 6}, {'name': 'statbuf', 'type': 'struct stat*', 'value': '0x7FFEBBC83840'}]",0,0
18691.01652,8046,191,0,systemd-udevd,ubuntu,3,close,1,0,"[{'name': 'fd', 'type': 'int', 'value': 15}]",0,0
18691.795114,8046,191,0,systemd-udevd,ubuntu,257,openat,4,15,"[{'name': 'dirfd', 'type': 'int', 'value': 6}, {'name': 'pathname', 'type': 'const char*', 'value': 'cgroup'}, {'name': 'flags', 'type': 'unsigned long', 'value': 'O_RDONLY|O_NOFOLLOW|O_CLOEXEC|O_PATH'}, {'name': 'mode', 'type': 'int*', 'value': 2629963814}]",0,0
18691.795155,8046,191,0,systemd-udevd,ubuntu,5,fstat,2,0,"[{'name': 'fd', 'type': 'int', 'value': 15}, {'name': 'statbuf', 'type': 'struct stat*', 'value': '0x7FFEBBC83840'}]",0,0
18691.79518,8046,191,0,systemd-udevd,ubuntu,3,close,1,0,"[{'name': 'fd', 'type': 'int', 'value': 6}]",0,0
18691.795205,8046,191,0,systemd-udevd,ubuntu,3,close,1,0,"[{'name': 'fd', 'type': 'int', 'value': 15}]",0,0
18691.795237,8046,191,0,systemd-udevd,ubuntu,6,lstat,2,0,"[{'name': 'pathname', 'type': 'const char*', 'value': '/sys/kernel/slab/kmalloc-1k/cgroup'}, {'name': 'statbuf', 'type': 'struct stat*', 'value': '0x7FFEBBC83870'}]",0,0
18691.795286,8046,191,0,systemd-udevd,ubuntu,257,openat,4,6,"[{'name': 'dirfd', 'type': 'int', 'value': -100}, {'name': 'pathname', 'type': 'const char*', 'value': '/'}, {'name': 'flags', 'type': 'unsigned long', 'value': 'O_RDONLY|O_DIRECTORY|O_CLOEXEC|O_PATH'}, {'name': 'mode', 'type': 'int*', 'value': 2629963435}]",0,0
18691.795312,8046,191,0,systemd-udevd,ubuntu,257,openat,4,15,"[{'name': 'dirfd', 'type': 'int', 'value': 6}, {'name': 'pathname', 'type': 'const char*', 'value': 'sys'}, {'name': 'flags', 'type': 'unsigned long', 'value': 'O_RDONLY|O_NOFOLLOW|O_CLOEXEC|O_PATH'}, {'name': 'mode', 'type': 'int*', 'value': 2629963814}]",0,0
18691.795335,8046,191,0,systemd-udevd,ubuntu,5,fstat,2,0,"[{'name': 'fd', 'type': 'int', 'value': 15}, {'name': 'statbuf', 'type': 'struct stat*', 'value': '0x7FFEBBC83840'}]",0,0
18691.795357,8046,191,0,systemd-udevd,ubuntu,3,close,1,0,"[{'name': 'fd', 'type': 'int', 'value': 6}]",0,0
18691.795382,8046,191,0,systemd-udevd,ubuntu,257,openat,4,6,"[{'name': 'dirfd', 'type': 'int', 'value': 15}, {'name': 'pathname', 'type': 'const char*', 'value': 'kernel'}, {'name': 'flags', 'type': 'unsigned long', 'value': 'O_RDONLY|O_NOFOLLOW|O_CLOEXEC|O_PATH'}, {'name': 'mode', 'type': 'int*', 'value': 2629963814}]",0,0
18691.795404,8046,191,0,systemd-udevd,ubuntu,5,fstat,2,0,"[{'name': 'fd', 'type': 'int', 'value': 6}, {'name': 'statbuf', 'type': 'struct stat*', 'value': '0x7FFEBBC83840'}]",0,0
18691.795426,8046,191,0,systemd-udevd,ubuntu,3,close,1,0,"[{'name': 'fd', 'type': 'int', 'value': 15}]",0,0
18691.795451,8046,191,0,systemd-udevd,ubuntu,257,openat,4,15,"[{'name': 'dirfd', 'type': 'int', 'value': 6}, {'name': 'pathname', 'type': 'const char*', 'value': 'slab'}, {'name': 'flags', 'type': 'unsigned long', 'value': 'O_RDONLY|O_NOFOLLOW|O_CLOEXEC|O_PATH'}, {'name': 'mode', 'type': 'int*', 'value': 2629963814}]",0,0
18691.795473,8046,191,0,systemd-udevd,ubuntu,5,fstat,2,0,"[{'name': 'fd', 'type': 'int', 'value': 15}, {'name': 'statbuf', 'type': 'struct stat*', 'value': '0x7FFEBBC83840'}]",0,0
18691.795496,8046,191,0,systemd-udevd,ubuntu,3,close,1,0,"[{'name': 'fd', 'type': 'int', 'value': 6}]",0,0
18691.79552,8046,191,0,systemd-udevd,ubuntu,257,openat,4,6,"[{'name': 'dirfd', 'type': 'int', 'value': 15}, {'name': 'pathname', 'type': 'const char*', 'value': 'kmalloc-1k'}, {'name': 'flags', 'type': 'unsigned long', 'value': 'O_RDONLY|O_NOFOLLOW|O_CLOEXEC|O_PATH'}, {'name': 'mode', 'type': 'int*', 'value': 2629963814}]",0,0
18691.795543,8046,191,0,systemd-udevd,ubuntu,5,fstat,2,0,"[{'name': 'fd', 'type': 'int', 'value': 6}, {'name': 'statbuf', 'type': 'struct stat*', 'value': '0x7FFEBBC83840'}]",0,0
18691.795587,8046,191,0,systemd-udevd,ubuntu,3,close,1,0,"[{'name': 'fd', 'type': 'int', 'value': 6}]",0,0
18691.795565,8046,191,0,systemd-udevd,ubuntu,3,close,1,0,"[{'name': 'fd', 'type': 'int', 'value': 15}]",0,0
18691.795612,8046,191,0,systemd-udevd,ubuntu,6,lstat,2,0,"[{'name': 'pathname', 'type': 'const char*', 'value': '/sys/kernel/slab/kmalloc-1k'}, {'name': 'statbuf', 'type': 'struct stat*', 'value': '0x7FFEBBC83870'}]",0,0
18691.795646,8046,191,0,systemd-udevd,ubuntu,257,openat,4,6,"[{'name': 'dirfd', 'type': 'int', 'value': -100}, {'name': 'pathname', 'type': 'const char*', 'value': '/'}, {'name': 'flags', 'type': 'unsigned long', 'value': 'O_RDONLY|O_DIRECTORY|O_CLOEXEC|O_PATH'}, {'name': 'mode', 'type': 'int*', 'value': 2629963435}]",0,0
18691.795671,8046,191,0,systemd-udevd,ubuntu,257,openat,4,15,"[{'name': 'dirfd', 'type': 'int', 'value': 6}, {'name': 'pathname', 'type': 'const char*', 'value': 'sys'}, {'name': 'flags', 'type': 'unsigned long', 'value': 'O_RDONLY|O_NOFOLLOW|O_CLOEXEC|O_PATH'}, {'name': 'mode', 'type': 'int*', 'value': 2629963814}]",0,0
18691.795694,8046,191,0,systemd-udevd,ubuntu,5,fstat,2,0,"[{'name': 'fd', 'type': 'int', 'value': 15}, {'name': 'statbuf', 'type': 'struct stat*', 'value': '0x7FFEBBC83840'}]",0,0
18691.795716,8046,191,0,systemd-udevd,ubuntu,3,close,1,0,"[{'name': 'fd', 'type': 'int', 'value': 6}]",0,0
18691.795741,8046,191,0,systemd-udevd,ubuntu,257,openat,4,6,"[{'name': 'dirfd', 'type': 'int', 'value': 15}, {'name': 'pathname', 'type': 'const char*', 'value': 'kernel'}, {'name': 'flags', 'type': 'unsigned long', 'value': 'O_RDONLY|O_NOFOLLOW|O_CLOEXEC|O_PATH'}, {'name': 'mode', 'type': 'int*', 'value': 2629963814}]",0,0
18691.795763,8046,191,0,systemd-udevd,ubuntu,5,fstat,2,0,"[{'name': 'fd', 'type': 'int', 'value': 6}, {'name': 'statbuf', 'type': 'struct stat*', 'value': '0x7FFEBBC83840'}]",0,0
18691.795785,8046,191,0,systemd-udevd,ubuntu,3,close,1,0,"[{'name': 'fd', 'type': 'int', 'value': 15}]",0,0
18692.242237,8046,191,0,systemd-udevd,ubuntu,257,openat,4,15,"[{'name': 'dirfd', 'type': 'int', 'value': 6}, {'name': 'pathname', 'type': 'const char*', 'value': 'slab'}, {'name': 'flags', 'type': 'unsigned long', 'value': 'O_RDONLY|O_NOFOLLOW|O_CLOEXEC|O_PATH'}, {'name': 'mode', 'type': 'int*', 'value': 2629963814}]",0,0
18692.242311,8046,191,0,systemd-udevd,ubuntu,3,close,1,0,"[{'name': 'fd', 'type': 'int', 'value': 6}]",0,0
18692.242335,8046,191,0,systemd-udevd,ubuntu,3,close,1,0,"[{'name': 'fd', 'type': 'int', 'value': 15}]",0,0
18692.242284,8046,191,0,systemd-udevd,ubuntu,5,fstat,2,0,"[{'name': 'fd', 'type': 'int', 'value': 15}, {'name': 'statbuf', 'type': 'struct stat*', 'value': '0x7FFEBBC83840'}]",0,0
18692.242364,8046,191,0,systemd-udevd,ubuntu,6,lstat,2,0,"[{'name': 'pathname', 'type': 'const char*', 'value': '/sys/kernel/slab'}, {'name': 'statbuf', 'type': 'struct stat*', 'value': '0x7FFEBBC83870'}]",0,0
18692.242415,8046,191,0,systemd-udevd,ubuntu,257,openat,4,6,"[{'name': 'dirfd', 'type': 'int', 'value': -100}, {'name': 'pathname', 'type': 'const char*', 'value': '/'}, {'name': 'flags', 'type': 'unsigned long', 'value': 'O_RDONLY|O_DIRECTORY|O_CLOEXEC|O_PATH'}, {'name': 'mode', 'type': 'int*', 'value': 2629963435}]",0,0
18692.242452,8046,191,0,systemd-udevd,ubuntu,257,openat,4,15,"[{'name': 'dirfd', 'type': 'int', 'value': 6}, {'name': 'pathname', 'type': 'const char*', 'value': 'sys'}, {'name': 'flags', 'type': 'unsigned long', 'value': 'O_RDONLY|O_NOFOLLOW|O_CLOEXEC|O_PATH'}, {'name': 'mode', 'type': 'int*', 'value': 2629963814}]",0,0
18692.242475,8046,191,0,systemd-udevd,ubuntu,5,fstat,2,0,"[{'name': 'fd', 'type': 'int', 'value': 15}, {'name': 'statbuf', 'type': 'struct stat*', 'value': '0x7FFEBBC83840'}]",0,0
18692.242497,8046,191,0,systemd-udevd,ubuntu,3,close,1,0,"[{'name': 'fd', 'type': 'int', 'value': 6}]",0,0
18692.242521,8046,191,0,systemd-udevd,ubuntu,257,openat,4,6,"[{'name': 'dirfd', 'type': 'int', 'value': 15}, {'name': 'pathname', 'type': 'const char*', 'value': 'kernel'}, {'name': 'flags', 'type': 'unsigned long', 'value': 'O_RDONLY|O_NOFOLLOW|O_CLOEXEC|O_PATH'}, {'name': 'mode', 'type': 'int*', 'value': 2629963814}]",0,0
18692.242577,8046,191,0,systemd-udevd,ubuntu,3,close,1,0,"[{'name': 'fd', 'type': 'int', 'value': 15}]",0,0
18692.242555,8046,191,0,systemd-udevd,ubuntu,5,fstat,2,0,"[{'name': 'fd', 'type': 'int', 'value': 6}, {'name': 'statbuf', 'type': 'struct stat*', 'value': '0x7FFEBBC83840'}]",0,0
18692.242599,8046,191,0,systemd-udevd,ubuntu,3,close,1,0,"[{'name': 'fd', 'type': 'int', 'value': 6}]",0,0
18692.242624,8046,191,0,systemd-udevd,ubuntu,6,lstat,2,0,"[{'name': 'pathname', 'type': 'const char*', 'value': '/sys/kernel'}, {'name': 'statbuf', 'type': 'struct stat*', 'value': '0x7FFEBBC83870'}]",0,0
18692.242701,8046,191,0,systemd-udevd,ubuntu,257,openat,4,-2,"[{'name': 'dirfd', 'type': 'int', 'value': -100}, {'name': 'pathname', 'type': 'const char*', 'value': '/sys/kernel/slab/kmalloc-1k/cgroup/uevent'}, {'name': 'flags', 'type': 'unsigned long', 'value': 'O_RDONLY|O_CLOEXEC'}, {'name': 'mode', 'type': 'int*', 'value': 2629963435}]",0,0
18692.24278,8046,191,0,systemd-udevd,ubuntu,87,unlink,1,-2,"[{'name': 'pathname', 'type': 'const char*', 'value': '/run/udev/data/+cgroup:kmalloc-1k(815:rsyslog.service)'}]",0,0
18692.24282,8046,191,0,systemd-udevd,ubuntu,1003,cap_capable,1,0,"[{'name': 'cap', 'type': 'int', 'value': 'CAP_NET_ADMIN'}]",0,0
18692.24314,191,1,0,systemd-udevd,ubuntu,1006,security_inode_unlink,1,0,"[{'name': 'pathname', 'type': 'const char*', 'value': '/udev/queue'}]",0,0
18692.243189,191,1,0,systemd-udevd,ubuntu,87,unlink,1,0,"[{'name': 'pathname', 'type': 'const char*', 'value': '/run/udev/queue'}]",0,0
18696.215213,191,1,0,systemd-udevd,ubuntu,62,kill,2,0,"[{'name': 'pid', 'type': 'pid_t', 'value': 8046}, {'name': 'sig', 'type': 'int', 'value': 15}]",0,0
18696.21538,8046,191,0,systemd-udevd,ubuntu,3,close,1,0,"[{'name': 'fd', 'type': 'int', 'value': 12}]",0,0
18696.215871,8046,191,0,systemd-udevd,ubuntu,3,close,1,0,"[{'name': 'fd', 'type': 'int', 'value': 8}]",0,0
18696.215898,8046,191,0,systemd-udevd,ubuntu,3,close,1,0,"[{'name': 'fd', 'type': 'int', 'value': 7}]",0,0
18696.21592,8046,191,0,systemd-udevd,ubuntu,3,close,1,0,"[{'name': 'fd', 'type': 'int', 'value': 5}]",0,0
18696.216116,8046,191,0,systemd-udevd,ubuntu,1010,sched_process_exit,0,0,[],0,0
18696.2163,191,1,0,systemd-udevd,ubuntu,1005,security_file_open,4,0,"[{'name': 'pathname', 'type': 'const char*', 'value': '/sys/fs/cgroup/unified/system.slice/systemd-udevd.service/cgroup.procs'}, {'name': 'flags', 'type': 'unsigned long', 'value': 'O_RDONLY|O_LARGEFILE'}, {'name': 'dev', 'type': 'dev_t', 'value': 28}, {'name': 'inode', 'type': 'unsigned long', 'value': 438}]",0,0
18696.21634,191,1,0,systemd-udevd,ubuntu,257,openat,4,14,"[{'name': 'dirfd', 'type': 'int', 'value': -100}, {'name': 'pathname', 'type': 'const char*', 'value': '/sys/fs/cgroup/unified/system.slice/systemd-udevd.service/cgroup.procs'}, {'name': 'flags', 'type': 'unsigned long', 'value': 'O_RDONLY|O_CLOEXEC'}, {'name': 'mode', 'type': 'int*', 'value': 2629963435}]",0,0
18696.21638,191,1,0,systemd-udevd,ubuntu,5,fstat,2,0,"[{'name': 'fd', 'type': 'int', 'value': 14}, {'name': 'statbuf', 'type': 'struct stat*', 'value': '0x7FFEBBC834B0'}]",0,0
18696.216428,191,1,0,systemd-udevd,ubuntu,3,close,1,0,"[{'name': 'fd', 'type': 'int', 'value': 14}]",0,0
18696.21646,191,1,0,systemd-udevd,ubuntu,1005,security_file_open,4,0,"[{'name': 'pathname', 'type': 'const char*', 'value': '/sys/fs/cgroup/unified/system.slice/systemd-udevd.service/cgroup.threads'}, {'name': 'flags', 'type': 'unsigned long', 'value': 'O_RDONLY|O_LARGEFILE'}, {'name': 'dev', 'type': 'dev_t', 'value': 28}, {'name': 'inode', 'type': 'unsigned long', 'value': 439}]",0,0
18696.216487,191,1,0,systemd-udevd,ubuntu,257,openat,4,14,"[{'name': 'dirfd', 'type': 'int', 'value': -100}, {'name': 'pathname', 'type': 'const char*', 'value': '/sys/fs/cgroup/unified/system.slice/systemd-udevd.service/cgroup.threads'}, {'name': 'flags', 'type': 'unsigned long', 'value': 'O_RDONLY|O_CLOEXEC'}, {'name': 'mode', 'type': 'int*', 'value': 2629963435}]",0,0
18696.216509,191,1,0,systemd-udevd,ubuntu,5,fstat,2,0,"[{'name': 'fd', 'type': 'int', 'value': 14}, {'name': 'statbuf', 'type': 'struct stat*', 'value': '0x7FFEBBC834B0'}]",0,0
18696.216544,191,1,0,systemd-udevd,ubuntu,3,close,1,0,"[{'name': 'fd', 'type': 'int', 'value': 14}]",0,0
18761.746306,191,1,0,systemd-udevd,ubuntu,41,socket,3,14,"[{'name': 'domain', 'type': 'int', 'value': 'AF_UNIX'}, {'name': 'type', 'type': 'int', 'value': 'SOCK_DGRAM|SOCK_CLOEXEC'}, {'name': 'protocol', 'type': 'int', 'value': 0}]",0,0
18761.747394,191,1,0,systemd-udevd,ubuntu,3,close,1,0,"[{'name': 'fd', 'type': 'int', 'value': 14}]",0,0
18821.746319,309,1,102,systemd-timesyn,ubuntu,41,socket,3,16,"[{'name': 'domain', 'type': 'int', 'value': 'AF_UNIX'}, {'name': 'type', 'type': 'int', 'value': 'SOCK_DGRAM|SOCK_CLOEXEC'}, {'name': 'protocol', 'type': 'int', 'value': 0}]",0,0
18821.747415,309,1,102,systemd-timesyn,ubuntu,3,close,1,0,"[{'name': 'fd', 'type': 'int', 'value': 16}]",0,0
18881.745986,191,1,0,systemd-udevd,ubuntu,41,socket,3,14,"[{'name': 'domain', 'type': 'int', 'value': 'AF_UNIX'}, {'name': 'type', 'type': 'int', 'value': 'SOCK_DGRAM|SOCK_CLOEXEC'}, {'name': 'protocol', 'type': 'int', 'value': 0}]",0,0
18881.747393,191,1,0,systemd-udevd,ubuntu,3,close,1,0,"[{'name': 'fd', 'type': 'int', 'value': 14}]",0,0
