timestamp,processId,threadId,parentProcessId,userId,mountNamespace,processName,hostName,eventId,eventName,stackAddresses,argsNum,returnValue,args,sus,evil
3802.368494,7660,7660,7099,0,4026531840,sshd,ip-10-100-1-57,5,fstat,[],2,0,"[{'name': 'fd', 'type': 'int', 'value': 9}, {'name': 'statbuf', 'type': 'struct stat*', 'value': '0x7FFE99DE9360'}]",0,0
3802.369639,7660,7660,7099,0,4026531840,sshd,ip-10-100-1-57,3,close,"[140074345803291, 140074345719323]",1,0,"[{'name': 'fd', 'type': 'int', 'value': 9}]",0,0
3802.369792,7660,7660,7099,0,4026531840,sshd,ip-10-100-1-57,1005,security_file_open,[],4,0,"[{'name': 'pathname', 'type': 'const char*', 'value': '/usr/lib/x86_64-linux-gnu/security/pam_systemd.so'}, {'name': 'flags', 'type': 'int', 'value': 'O_RDONLY|O_LARGEFILE'}, {'name': 'dev', 'type': 'dev_t', 'value': 211812353}, {'name': 'inode', 'type': 'unsigned long', 'value': 3760}]",0,0
3802.369989,7660,7660,7099,0,4026531840,sshd,ip-10-100-1-57,257,openat,[],4,9,"[{'name': 'dirfd', 'type': 'int', 'value': -100}, {'name': 'pathname', 'type': 'const char*', 'value': '/lib/x86_64-linux-gnu/security/pam_systemd.so'}, {'name': 'flags', 'type': 'int', 'value': 'O_RDONLY|O_CLOEXEC'}, {'name': 'mode', 'type': 'mode_t', 'value': 2577379160}]",0,0
3802.370074,7660,7660,7099,0,4026531840,sshd,ip-10-100-1-57,5,fstat,[],2,0,"[{'name': 'fd', 'type': 'int', 'value': 9}, {'name': 'statbuf', 'type': 'struct stat*', 'value': '0x7FFE99DE9360'}]",0,0
3802.370366,7660,7660,7099,0,4026531840,sshd,ip-10-100-1-57,3,close,[],1,0,"[{'name': 'fd', 'type': 'int', 'value': 9}]",0,0
3802.370448,7660,7660,7099,0,4026531840,sshd,ip-10-100-1-57,1005,security_file_open,"[140074345803608, 140074345720202]",4,0,"[{'name': 'pathname', 'type': 'const char*', 'value': '/etc/ld.so.cache'}, {'name': 'flags', 'type': 'int', 'value': 'O_RDONLY|O_LARGEFILE'}, {'name': 'dev', 'type': 'dev_t', 'value': 211812353}, {'name': 'inode', 'type': 'unsigned long', 'value': 62841}]",0,0
3802.370632,7660,7660,7099,0,4026531840,sshd,ip-10-100-1-57,257,openat,[],4,9,"[{'name': 'dirfd', 'type': 'int', 'value': -100}, {'name': 'pathname', 'type': 'const char*', 'value': '/etc/ld.so.cache'}, {'name': 'flags', 'type': 'int', 'value': 'O_RDONLY|O_CLOEXEC'}, {'name': 'mode', 'type': 'mode_t', 'value': 2577379160}]",0,0
3802.370679,7660,7660,7099,0,4026531840,sshd,ip-10-100-1-57,5,fstat,[],2,0,"[{'name': 'fd', 'type': 'int', 'value': 9}, {'name': 'statbuf', 'type': 'struct stat*', 'value': '0x7FFE99DE8C70'}]",0,0
3802.370722,7660,7660,7099,0,4026531840,sshd,ip-10-100-1-57,3,close,[],1,0,"[{'name': 'fd', 'type': 'int', 'value': 9}]",0,0
3802.370789,7660,7660,7099,0,4026531840,sshd,ip-10-100-1-57,1005,security_file_open,[],4,0,"[{'name': 'pathname', 'type': 'const char*', 'value': '/usr/lib/x86_64-linux-gnu/libpam_misc.so.0.82.1'}, {'name': 'flags', 'type': 'int', 'value': 'O_RDONLY|O_LARGEFILE'}, {'name': 'dev', 'type': 'dev_t', 'value': 211812353}, {'name': 'inode', 'type': 'unsigned long', 'value': 4524}]",0,0
3802.370965,7660,7660,7099,0,4026531840,sshd,ip-10-100-1-57,257,openat,[],4,9,"[{'name': 'dirfd', 'type': 'int', 'value': -100}, {'name': 'pathname', 'type': 'const char*', 'value': '/lib/x86_64-linux-gnu/libpam_misc.so.0'}, {'name': 'flags', 'type': 'int', 'value': 'O_RDONLY|O_CLOEXEC'}, {'name': 'mode', 'type': 'mode_t', 'value': 2577379160}]",0,0
3802.371015,7660,7660,7099,0,4026531840,sshd,ip-10-100-1-57,5,fstat,[],2,0,"[{'name': 'fd', 'type': 'int', 'value': 9}, {'name': 'statbuf', 'type': 'struct stat*', 'value': '0x7FFE99DE8CC0'}]",0,0
3802.371163,7660,7660,7099,0,4026531840,sshd,ip-10-100-1-57,3,close,[],1,0,"[{'name': 'fd', 'type': 'int', 'value': 9}]",0,0
3802.3728,7660,7660,7099,0,4026531840,sshd,ip-10-100-1-57,3,close,[140074338927787],1,0,"[{'name': 'fd', 'type': 'int', 'value': 8}]",0,0
3802.373028,7660,7660,7099,0,4026531840,sshd,ip-10-100-1-57,1005,security_file_open,[],4,0,"[{'name': 'pathname', 'type': 'const char*', 'value': '/usr/lib/x86_64-linux-gnu/security/pam_motd.so'}, {'name': 'flags', 'type': 'int', 'value': 'O_RDONLY|O_LARGEFILE'}, {'name': 'dev', 'type': 'dev_t', 'value': 211812353}, {'name': 'inode', 'type': 'unsigned long', 'value': 3778}]",0,0
3802.373129,7660,7660,7099,0,4026531840,sshd,ip-10-100-1-57,257,openat,[],4,8,"[{'name': 'dirfd', 'type': 'int', 'value': -100}, {'name': 'pathname', 'type': 'const char*', 'value': '/lib/x86_64-linux-gnu/security/pam_motd.so'}, {'name': 'flags', 'type': 'int', 'value': 'O_RDONLY|O_CLOEXEC'}, {'name': 'mode', 'type': 'mode_t', 'value': 2577379160}]",0,0
3802.373315,7660,7660,7099,0,4026531840,sshd,ip-10-100-1-57,5,fstat,[],2,0,"[{'name': 'fd', 'type': 'int', 'value': 8}, {'name': 'statbuf', 'type': 'struct stat*', 'value': '0x7FFE99DE9970'}]",0,0
3802.373516,7660,7660,7099,0,4026531840,sshd,ip-10-100-1-57,3,close,"[140074345803291, 140074345719323]",1,0,"[{'name': 'fd', 'type': 'int', 'value': 8}]",0,0
3802.373759,7660,7660,7099,0,4026531840,sshd,ip-10-100-1-57,1005,security_file_open,[],4,0,"[{'name': 'pathname', 'type': 'const char*', 'value': '/usr/lib/x86_64-linux-gnu/security/pam_mail.so'}, {'name': 'flags', 'type': 'int', 'value': 'O_RDONLY|O_LARGEFILE'}, {'name': 'dev', 'type': 'dev_t', 'value': 211812353}, {'name': 'inode', 'type': 'unsigned long', 'value': 3776}]",0,0
3802.374037,7660,7660,7099,0,4026531840,sshd,ip-10-100-1-57,5,fstat,[],2,0,"[{'name': 'fd', 'type': 'int', 'value': 8}, {'name': 'statbuf', 'type': 'struct stat*', 'value': '0x7FFE99DE9970'}]",0,0
3802.37413,7660,7660,7099,0,4026531840,sshd,ip-10-100-1-57,3,close,[],1,0,"[{'name': 'fd', 'type': 'int', 'value': 8}]",0,0
3802.373859,7660,7660,7099,0,4026531840,sshd,ip-10-100-1-57,257,openat,[],4,8,"[{'name': 'dirfd', 'type': 'int', 'value': -100}, {'name': 'pathname', 'type': 'const char*', 'value': '/lib/x86_64-linux-gnu/security/pam_mail.so'}, {'name': 'flags', 'type': 'int', 'value': 'O_RDONLY|O_CLOEXEC'}, {'name': 'mode', 'type': 'mode_t', 'value': 2577379160}]",0,0
3802.374314,7660,7660,7099,0,4026531840,sshd,ip-10-100-1-57,1005,security_file_open,[],4,0,"[{'name': 'pathname', 'type': 'const char*', 'value': '/usr/lib/x86_64-linux-gnu/security/pam_limits.so'}, {'name': 'flags', 'type': 'int', 'value': 'O_RDONLY|O_LARGEFILE'}, {'name': 'dev', 'type': 'dev_t', 'value': 211812353}, {'name': 'inode', 'type': 'unsigned long', 'value': 3772}]",0,0
3802.374483,7660,7660,7099,0,4026531840,sshd,ip-10-100-1-57,257,openat,[],4,8,"[{'name': 'dirfd', 'type': 'int', 'value': -100}, {'name': 'pathname', 'type': 'const char*', 'value': '/lib/x86_64-linux-gnu/security/pam_limits.so'}, {'name': 'flags', 'type': 'int', 'value': 'O_RDONLY|O_CLOEXEC'}, {'name': 'mode', 'type': 'mode_t', 'value': 2577379160}]",0,0
3802.374561,7660,7660,7099,0,4026531840,sshd,ip-10-100-1-57,5,fstat,[],2,0,"[{'name': 'fd', 'type': 'int', 'value': 8}, {'name': 'statbuf', 'type': 'struct stat*', 'value': '0x7FFE99DE9970'}]",0,0
3802.374684,7660,7660,7099,0,4026531840,sshd,ip-10-100-1-57,3,close,[],1,0,"[{'name': 'fd', 'type': 'int', 'value': 8}]",0,0
3802.37634,7660,7660,7099,0,4026531840,sshd,ip-10-100-1-57,1005,security_file_open,[],4,0,"[{'name': 'pathname', 'type': 'const char*', 'value': '/usr/lib/x86_64-linux-gnu/security/pam_env.so'}, {'name': 'flags', 'type': 'int', 'value': 'O_RDONLY|O_LARGEFILE'}, {'name': 'dev', 'type': 'dev_t', 'value': 211812353}, {'name': 'inode', 'type': 'unsigned long', 'value': 3762}]",0,0
3802.376452,7660,7660,7099,0,4026531840,sshd,ip-10-100-1-57,5,fstat,[],2,0,"[{'name': 'fd', 'type': 'int', 'value': 8}, {'name': 'statbuf', 'type': 'struct stat*', 'value': '0x7FFE99DE9970'}]",0,0
3802.376411,7660,7660,7099,0,4026531840,sshd,ip-10-100-1-57,257,openat,[],4,8,"[{'name': 'dirfd', 'type': 'int', 'value': -100}, {'name': 'pathname', 'type': 'const char*', 'value': '/lib/x86_64-linux-gnu/security/pam_env.so'}, {'name': 'flags', 'type': 'int', 'value': 'O_RDONLY|O_CLOEXEC'}, {'name': 'mode', 'type': 'mode_t', 'value': 2577379160}]",0,0
3802.376595,7660,7660,7099,0,4026531840,sshd,ip-10-100-1-57,3,close,"[140074345803291, 140074345719323]",1,0,"[{'name': 'fd', 'type': 'int', 'value': 8}]",0,0
3802.376812,7660,7660,7099,0,4026531840,sshd,ip-10-100-1-57,4,stat,"[140074338903594, 94257801044661]",2,0,"[{'name': 'pathname', 'type': 'const char*', 'value': '/etc/pam.d'}, {'name': 'statbuf', 'type': 'struct stat*', 'value': '0x7FFE99DEA430'}]",0,0
3802.377175,7660,7660,7099,0,4026531840,sshd,ip-10-100-1-57,257,openat,[],4,8,"[{'name': 'dirfd', 'type': 'int', 'value': -100}, {'name': 'pathname', 'type': 'const char*', 'value': '/etc/pam.d/common-password'}, {'name': 'flags', 'type': 'int', 'value': 'O_RDONLY'}, {'name': 'mode', 'type': 'mode_t', 'value': 2570481323}]",0,0
3802.376989,7660,7660,7099,0,4026531840,sshd,ip-10-100-1-57,1005,security_file_open,[],4,0,"[{'name': 'pathname', 'type': 'const char*', 'value': '/etc/pam.d/common-password'}, {'name': 'flags', 'type': 'int', 'value': 'O_RDONLY|O_LARGEFILE'}, {'name': 'dev', 'type': 'dev_t', 'value': 211812353}, {'name': 'inode', 'type': 'unsigned long', 'value': 561}]",0,0
3802.377238,7660,7660,7099,0,4026531840,sshd,ip-10-100-1-57,5,fstat,[140074338903689],2,0,"[{'name': 'fd', 'type': 'int', 'value': 8}, {'name': 'statbuf', 'type': 'struct stat*', 'value': '0x7FFE99DE9B60'}]",0,0
3802.377333,7660,7660,7099,0,4026531840,sshd,ip-10-100-1-57,3,close,[140074338927787],1,0,"[{'name': 'fd', 'type': 'int', 'value': 8}]",0,0
3802.377482,7660,7660,7099,0,4026531840,sshd,ip-10-100-1-57,3,close,[],1,0,"[{'name': 'fd', 'type': 'int', 'value': 5}]",0,0
3802.377556,7660,7660,7099,0,4026531840,sshd,ip-10-100-1-57,1005,security_file_open,[],4,0,"[{'name': 'pathname', 'type': 'const char*', 'value': '/etc/pam.d/other'}, {'name': 'flags', 'type': 'int', 'value': 'O_RDONLY|O_LARGEFILE'}, {'name': 'dev', 'type': 'dev_t', 'value': 211812353}, {'name': 'inode', 'type': 'unsigned long', 'value': 563}]",0,0
3802.377676,7660,7660,7099,0,4026531840,sshd,ip-10-100-1-57,257,openat,[],4,5,"[{'name': 'dirfd', 'type': 'int', 'value': -100}, {'name': 'pathname', 'type': 'const char*', 'value': '/etc/pam.d/other'}, {'name': 'flags', 'type': 'int', 'value': 'O_RDONLY'}, {'name': 'mode', 'type': 'mode_t', 'value': 2570481323}]",0,0
3802.377725,7660,7660,7099,0,4026531840,sshd,ip-10-100-1-57,5,fstat,[],2,0,"[{'name': 'fd', 'type': 'int', 'value': 5}, {'name': 'statbuf', 'type': 'struct stat*', 'value': '0x7FFE99DEA170'}]",0,0
3802.377878,7660,7660,7099,0,4026531840,sshd,ip-10-100-1-57,4,stat,[],2,0,"[{'name': 'pathname', 'type': 'const char*', 'value': '/etc/pam.d'}, {'name': 'statbuf', 'type': 'struct stat*', 'value': '0x7FFE99DEA430'}]",0,0
3802.377953,7660,7660,7099,0,4026531840,sshd,ip-10-100-1-57,1005,security_file_open,[],4,0,"[{'name': 'pathname', 'type': 'const char*', 'value': '/etc/pam.d/common-auth'}, {'name': 'flags', 'type': 'int', 'value': 'O_RDONLY|O_LARGEFILE'}, {'name': 'dev', 'type': 'dev_t', 'value': 211812353}, {'name': 'inode', 'type': 'unsigned long', 'value': 256146}]",0,0
3802.378029,7660,7660,7099,0,4026531840,sshd,ip-10-100-1-57,257,openat,[],4,8,"[{'name': 'dirfd', 'type': 'int', 'value': -100}, {'name': 'pathname', 'type': 'const char*', 'value': '/etc/pam.d/common-auth'}, {'name': 'flags', 'type': 'int', 'value': 'O_RDONLY'}, {'name': 'mode', 'type': 'mode_t', 'value': 2570481323}]",0,0
3802.378172,7660,7660,7099,0,4026531840,sshd,ip-10-100-1-57,5,fstat,[],2,0,"[{'name': 'fd', 'type': 'int', 'value': 8}, {'name': 'statbuf', 'type': 'struct stat*', 'value': '0x7FFE99DE9B60'}]",0,0
3802.37838,7660,7660,7099,0,4026531840,sshd,ip-10-100-1-57,3,close,[],1,0,"[{'name': 'fd', 'type': 'int', 'value': 8}]",0,0
3802.37844,7660,7660,7099,0,4026531840,sshd,ip-10-100-1-57,4,stat,[],2,0,"[{'name': 'pathname', 'type': 'const char*', 'value': '/etc/pam.d'}, {'name': 'statbuf', 'type': 'struct stat*', 'value': '0x7FFE99DEA430'}]",0,0
3802.378555,7660,7660,7099,0,4026531840,sshd,ip-10-100-1-57,1005,security_file_open,[],4,0,"[{'name': 'pathname', 'type': 'const char*', 'value': '/etc/pam.d/common-account'}, {'name': 'flags', 'type': 'int', 'value': 'O_RDONLY|O_LARGEFILE'}, {'name': 'dev', 'type': 'dev_t', 'value': 211812353}, {'name': 'inode', 'type': 'unsigned long', 'value': 560}]",0,0
3802.378617,7660,7660,7099,0,4026531840,sshd,ip-10-100-1-57,257,openat,[],4,8,"[{'name': 'dirfd', 'type': 'int', 'value': -100}, {'name': 'pathname', 'type': 'const char*', 'value': '/etc/pam.d/common-account'}, {'name': 'flags', 'type': 'int', 'value': 'O_RDONLY'}, {'name': 'mode', 'type': 'mode_t', 'value': 2570481323}]",0,0
3802.378756,7660,7660,7099,0,4026531840,sshd,ip-10-100-1-57,5,fstat,[],2,0,"[{'name': 'fd', 'type': 'int', 'value': 8}, {'name': 'statbuf', 'type': 'struct stat*', 'value': '0x7FFE99DE9B60'}]",0,0
3802.378874,7660,7660,7099,0,4026531840,sshd,ip-10-100-1-57,3,close,[],1,0,"[{'name': 'fd', 'type': 'int', 'value': 8}]",0,0
3802.379039,7660,7660,7099,0,4026531840,sshd,ip-10-100-1-57,4,stat,[],2,0,"[{'name': 'pathname', 'type': 'const char*', 'value': '/etc/pam.d'}, {'name': 'statbuf', 'type': 'struct stat*', 'value': '0x7FFE99DEA430'}]",0,0
3802.37909,7660,7660,7099,0,4026531840,sshd,ip-10-100-1-57,1005,security_file_open,[],4,0,"[{'name': 'pathname', 'type': 'const char*', 'value': '/etc/pam.d/common-password'}, {'name': 'flags', 'type': 'int', 'value': 'O_RDONLY|O_LARGEFILE'}, {'name': 'dev', 'type': 'dev_t', 'value': 211812353}, {'name': 'inode', 'type': 'unsigned long', 'value': 561}]",0,0
3802.37926,7660,7660,7099,0,4026531840,sshd,ip-10-100-1-57,257,openat,[],4,8,"[{'name': 'dirfd', 'type': 'int', 'value': -100}, {'name': 'pathname', 'type': 'const char*', 'value': '/etc/pam.d/common-password'}, {'name': 'flags', 'type': 'int', 'value': 'O_RDONLY'}, {'name': 'mode', 'type': 'mode_t', 'value': 2570481323}]",0,0
3802.379303,7660,7660,7099,0,4026531840,sshd,ip-10-100-1-57,5,fstat,[],2,0,"[{'name': 'fd', 'type': 'int', 'value': 8}, {'name': 'statbuf', 'type': 'struct stat*', 'value': '0x7FFE99DE9B60'}]",0,0
3802.379389,7660,7660,7099,0,4026531840,sshd,ip-10-100-1-57,3,close,[],1,0,"[{'name': 'fd', 'type': 'int', 'value': 8}]",0,0
3802.379562,7660,7660,7099,0,4026531840,sshd,ip-10-100-1-57,4,stat,[],2,0,"[{'name': 'pathname', 'type': 'const char*', 'value': '/etc/pam.d'}, {'name': 'statbuf', 'type': 'struct stat*', 'value': '0x7FFE99DEA430'}]",0,0
3802.379609,7660,7660,7099,0,4026531840,sshd,ip-10-100-1-57,1005,security_file_open,[],4,0,"[{'name': 'pathname', 'type': 'const char*', 'value': '/etc/pam.d/common-session'}, {'name': 'flags', 'type': 'int', 'value': 'O_RDONLY|O_LARGEFILE'}, {'name': 'dev', 'type': 'dev_t', 'value': 211812353}, {'name': 'inode', 'type': 'unsigned long', 'value': 562}]",0,0
3802.379657,7660,7660,7099,0,4026531840,sshd,ip-10-100-1-57,257,openat,[],4,8,"[{'name': 'dirfd', 'type': 'int', 'value': -100}, {'name': 'pathname', 'type': 'const char*', 'value': '/etc/pam.d/common-session'}, {'name': 'flags', 'type': 'int', 'value': 'O_RDONLY'}, {'name': 'mode', 'type': 'mode_t', 'value': 2570481323}]",0,0
3802.37976,7660,7660,7099,0,4026531840,sshd,ip-10-100-1-57,5,fstat,[],2,0,"[{'name': 'fd', 'type': 'int', 'value': 8}, {'name': 'statbuf', 'type': 'struct stat*', 'value': '0x7FFE99DE9B60'}]",0,0
3802.379944,7660,7660,7099,0,4026531840,sshd,ip-10-100-1-57,3,close,[],1,0,"[{'name': 'fd', 'type': 'int', 'value': 8}]",0,0
3802.380024,7660,7660,7099,0,4026531840,sshd,ip-10-100-1-57,3,close,[],1,0,"[{'name': 'fd', 'type': 'int', 'value': 5}]",0,0
3802.380139,7660,7660,7099,0,4026531840,sshd,ip-10-100-1-57,51,getsockname,[140074338980811],3,0,"[{'name': 'sockfd', 'type': 'int', 'value': 4}, {'name': 'addr', 'type': 'void*', 'value': ""{'sa_family': 'AF_INET','sin_port': '22','sin_addr': '10.100.1.57'}""}, {'name': 'addrlen', 'type': 'int*', 'value': '0x7FFE99DEA57C'}]",0,0
3802.383177,7660,7660,7099,0,4026531840,sshd,ip-10-100-1-57,1005,security_file_open,[],4,0,"[{'name': 'pathname', 'type': 'const char*', 'value': '/etc/login.defs'}, {'name': 'flags', 'type': 'int', 'value': 'O_RDONLY|O_LARGEFILE'}, {'name': 'dev', 'type': 'dev_t', 'value': 211812353}, {'name': 'inode', 'type': 'unsigned long', 'value': 584}]",0,0
3802.383251,7660,7660,7099,0,4026531840,sshd,ip-10-100-1-57,257,openat,[],4,5,"[{'name': 'dirfd', 'type': 'int', 'value': -100}, {'name': 'pathname', 'type': 'const char*', 'value': '/etc/login.defs'}, {'name': 'flags', 'type': 'int', 'value': 'O_RDONLY'}, {'name': 'mode', 'type': 'mode_t', 'value': 2570481323}]",0,0
3802.383377,7660,7660,7099,0,4026531840,sshd,ip-10-100-1-57,3,close,[140074338927787],1,0,"[{'name': 'fd', 'type': 'int', 'value': 5}]",0,0
3802.383289,7660,7660,7099,0,4026531840,sshd,ip-10-100-1-57,5,fstat,[140074338903689],2,0,"[{'name': 'fd', 'type': 'int', 'value': 5}, {'name': 'statbuf', 'type': 'struct stat*', 'value': '0x7FFE99DEA6A0'}]",0,0
3802.383446,7660,7660,7099,0,4026531840,sshd,ip-10-100-1-57,4,stat,"[140074338903594, 140074339802080]",2,-2,"[{'name': 'pathname', 'type': 'const char*', 'value': '/etc/securetty'}, {'name': 'statbuf', 'type': 'struct stat*', 'value': '0x7FFE99DEA5E0'}]",0,0
3802.383523,7660,7660,7099,0,4026531840,sshd,ip-10-100-1-57,41,socket,[140074338982155],3,5,"[{'name': 'domain', 'type': 'int', 'value': 'AF_UNIX'}, {'name': 'type', 'type': 'const char*', 'value': 'SOCK_DGRAM|SOCK_CLOEXEC'}, {'name': 'protocol', 'type': 'int', 'value': 0}]",0,0
3802.383714,7660,7660,7099,0,4026531840,sshd,ip-10-100-1-57,42,connect,[],3,0,"[{'name': 'sockfd', 'type': 'int', 'value': 5}, {'name': 'addr', 'type': 'struct sockaddr*', 'value': ""{'sa_family': 'AF_UNIX','sun_path': '/dev/log'}""}, {'name': 'addrlen', 'type': 'int*', 'value': 110}]",0,0
3802.385646,7660,7660,7099,0,4026531840,sshd,ip-10-100-1-57,1005,security_file_open,[140074338928220],4,0,"[{'name': 'pathname', 'type': 'const char*', 'value': '/etc/passwd'}, {'name': 'flags', 'type': 'int', 'value': 'O_RDONLY|O_LARGEFILE'}, {'name': 'dev', 'type': 'dev_t', 'value': 211812353}, {'name': 'inode', 'type': 'unsigned long', 'value': 61241}]",0,0
3802.385744,7660,7660,7099,0,4026531840,sshd,ip-10-100-1-57,257,openat,[],4,8,"[{'name': 'dirfd', 'type': 'int', 'value': -100}, {'name': 'pathname', 'type': 'const char*', 'value': '/etc/passwd'}, {'name': 'flags', 'type': 'int', 'value': 'O_RDONLY|O_CLOEXEC'}, {'name': 'mode', 'type': 'mode_t', 'value': 2570503772}]",0,0
3802.385791,7660,7660,7099,0,4026531840,sshd,ip-10-100-1-57,5,fstat,[140074338903689],2,0,"[{'name': 'fd', 'type': 'int', 'value': 8}, {'name': 'statbuf', 'type': 'struct stat*', 'value': '0x7FFE99DEA530'}]",0,0
3802.385881,7660,7660,7099,0,4026531840,sshd,ip-10-100-1-57,3,close,[140074338927787],1,0,"[{'name': 'fd', 'type': 'int', 'value': 8}]",0,0
3802.386008,7660,7660,7099,0,4026531840,sshd,ip-10-100-1-57,41,socket,[140074338982155],3,8,"[{'name': 'domain', 'type': 'int', 'value': 'AF_UNIX'}, {'name': 'type', 'type': 'const char*', 'value': 'SOCK_DGRAM|SOCK_CLOEXEC'}, {'name': 'protocol', 'type': 'int', 'value': 0}]",0,0
3802.387103,7660,7660,7099,0,4026531840,sshd,ip-10-100-1-57,42,connect,[],3,-111,"[{'name': 'sockfd', 'type': 'int', 'value': 8}, {'name': 'addr', 'type': 'struct sockaddr*', 'value': ""{'sa_family': 'AF_UNIX','sun_path': 'userdb-6e744ce7dda760e0722e7174901052af'}""}, {'name': 'addrlen', 'type': 'int*', 'value': 42}]",0,0
3802.387174,7660,7660,7099,0,4026531840,sshd,ip-10-100-1-57,3,close,[],1,0,"[{'name': 'fd', 'type': 'int', 'value': 8}]",0,0
3802.387227,7660,7660,7099,0,4026531840,sshd,ip-10-100-1-57,1005,security_file_open,[140074338928220],4,0,"[{'name': 'pathname', 'type': 'const char*', 'value': '/run/systemd/userdb'}, {'name': 'flags', 'type': 'int', 'value': 'O_RDONLY|O_NONBLOCK|O_LARGEFILE|O_DIRECTORY'}, {'name': 'dev', 'type': 'dev_t', 'value': 25}, {'name': 'inode', 'type': 'unsigned long', 'value': 46}]",0,0
3802.387281,7660,7660,7099,0,4026531840,sshd,ip-10-100-1-57,257,openat,[],4,8,"[{'name': 'dirfd', 'type': 'int', 'value': -100}, {'name': 'pathname', 'type': 'const char*', 'value': '/run/systemd/userdb/'}, {'name': 'flags', 'type': 'int', 'value': 'O_RDONLY|O_NONBLOCK|O_DIRECTORY|O_CLOEXEC'}, {'name': 'mode', 'type': 'mode_t', 'value': 2570503772}]",0,0
3802.387373,7660,7660,7099,0,4026531840,sshd,ip-10-100-1-57,5,fstat,[],2,0,"[{'name': 'fd', 'type': 'int', 'value': 8}, {'name': 'statbuf', 'type': 'struct stat*', 'value': '0x7FFE99DEA440'}]",0,0
3802.387433,7660,7660,7099,0,4026531840,sshd,ip-10-100-1-57,217,getdents64,[],3,96,"[{'name': 'fd', 'type': 'int', 'value': 8}, {'name': 'dirp', 'type': 'struct linux_dirent64*', 'value': '0x55BA1AC06A40'}, {'name': 'count', 'type': 'size_t', 'value': 32768}]",0,0
3802.387595,7660,7660,7099,0,4026531840,sshd,ip-10-100-1-57,41,socket,[],3,9,"[{'name': 'domain', 'type': 'int', 'value': 'AF_UNIX'}, {'name': 'type', 'type': 'const char*', 'value': 'SOCK_STREAM|SOCK_NONBLOCK|SOCK_CLOEXEC'}, {'name': 'protocol', 'type': 'int', 'value': 0}]",0,0
3802.387658,7660,7660,7099,0,4026531840,sshd,ip-10-100-1-57,42,connect,"[140074338980615, 7310315466561250676]",3,0,"[{'name': 'sockfd', 'type': 'int', 'value': 9}, {'name': 'addr', 'type': 'struct sockaddr*', 'value': ""{'sa_family': 'AF_UNIX','sun_path': '/run/systemd/userdb/io.systemd.DynamicUser'}""}, {'name': 'addrlen', 'type': 'int*', 'value': 45}]",0,0
3802.38905,7660,7660,7099,0,4026531840,sshd,ip-10-100-1-57,217,getdents64,[],3,0,"[{'name': 'fd', 'type': 'int', 'value': 8}, {'name': 'dirp', 'type': 'struct linux_dirent64*', 'value': '0x55BA1AC06A40'}, {'name': 'count', 'type': 'size_t', 'value': 32768}]",0,0
3802.389124,7660,7660,7099,0,4026531840,sshd,ip-10-100-1-57,3,close,[140074338927787],1,0,"[{'name': 'fd', 'type': 'int', 'value': 8}]",0,0
3802.390243,7660,7660,7099,0,4026531840,sshd,ip-10-100-1-57,3,close,[],1,0,"[{'name': 'fd', 'type': 'int', 'value': 9}]",0,0
3802.391201,7660,7660,7099,0,4026531840,sshd,ip-10-100-1-57,3,close,[],1,0,"[{'name': 'fd', 'type': 'int', 'value': 10}]",0,0
3802.391245,7660,7660,7099,0,4026531840,sshd,ip-10-100-1-57,3,close,[],1,0,"[{'name': 'fd', 'type': 'int', 'value': 11}]",0,0
3802.391298,7660,7660,7099,0,4026531840,sshd,ip-10-100-1-57,1005,security_file_open,[140074338928220],4,0,"[{'name': 'pathname', 'type': 'const char*', 'value': '/etc/passwd'}, {'name': 'flags', 'type': 'int', 'value': 'O_RDONLY|O_LARGEFILE'}, {'name': 'dev', 'type': 'dev_t', 'value': 211812353}, {'name': 'inode', 'type': 'unsigned long', 'value': 61241}]",0,0
3802.391501,7660,7660,7099,0,4026531840,sshd,ip-10-100-1-57,257,openat,[],4,8,"[{'name': 'dirfd', 'type': 'int', 'value': -100}, {'name': 'pathname', 'type': 'const char*', 'value': '/etc/passwd'}, {'name': 'flags', 'type': 'int', 'value': 'O_RDONLY|O_CLOEXEC'}, {'name': 'mode', 'type': 'mode_t', 'value': 2570503772}]",0,0
3802.391573,7660,7660,7099,0,4026531840,sshd,ip-10-100-1-57,5,fstat,[140074338903689],2,0,"[{'name': 'fd', 'type': 'int', 'value': 8}, {'name': 'statbuf', 'type': 'struct stat*', 'value': '0x7FFE99DEA4F0'}]",0,0
3802.391657,7660,7660,7099,0,4026531840,sshd,ip-10-100-1-57,3,close,[140074338927787],1,0,"[{'name': 'fd', 'type': 'int', 'value': 8}]",0,0
3802.391857,7660,7660,7099,0,4026531840,sshd,ip-10-100-1-57,41,socket,[140074338982155],3,8,"[{'name': 'domain', 'type': 'int', 'value': 'AF_UNIX'}, {'name': 'type', 'type': 'const char*', 'value': 'SOCK_DGRAM|SOCK_CLOEXEC'}, {'name': 'protocol', 'type': 'int', 'value': 0}]",0,0
3802.391932,7660,7660,7099,0,4026531840,sshd,ip-10-100-1-57,42,connect,[],3,-111,"[{'name': 'sockfd', 'type': 'int', 'value': 8}, {'name': 'addr', 'type': 'struct sockaddr*', 'value': ""{'sun_path': 'userdb-6e744ce7dda760e0722e7174901052af','sa_family': 'AF_UNIX'}""}, {'name': 'addrlen', 'type': 'int*', 'value': 42}]",0,0
3802.392041,7660,7660,7099,0,4026531840,sshd,ip-10-100-1-57,3,close,[],1,0,"[{'name': 'fd', 'type': 'int', 'value': 8}]",0,0
3802.392148,7660,7660,7099,0,4026531840,sshd,ip-10-100-1-57,1005,security_file_open,[],4,0,"[{'name': 'pathname', 'type': 'const char*', 'value': '/run/systemd/userdb'}, {'name': 'flags', 'type': 'int', 'value': 'O_RDONLY|O_NONBLOCK|O_LARGEFILE|O_DIRECTORY'}, {'name': 'dev', 'type': 'dev_t', 'value': 25}, {'name': 'inode', 'type': 'unsigned long', 'value': 46}]",0,0
3802.392299,7660,7660,7099,0,4026531840,sshd,ip-10-100-1-57,257,openat,[],4,8,"[{'name': 'dirfd', 'type': 'int', 'value': -100}, {'name': 'pathname', 'type': 'const char*', 'value': '/run/systemd/userdb/'}, {'name': 'flags', 'type': 'int', 'value': 'O_RDONLY|O_NONBLOCK|O_DIRECTORY|O_CLOEXEC'}, {'name': 'mode', 'type': 'mode_t', 'value': 2570503772}]",0,0
3802.39234,7660,7660,7099,0,4026531840,sshd,ip-10-100-1-57,5,fstat,[],2,0,"[{'name': 'fd', 'type': 'int', 'value': 8}, {'name': 'statbuf', 'type': 'struct stat*', 'value': '0x7FFE99DEA400'}]",0,0
3802.392376,7660,7660,7099,0,4026531840,sshd,ip-10-100-1-57,217,getdents64,[],3,96,"[{'name': 'fd', 'type': 'int', 'value': 8}, {'name': 'dirp', 'type': 'struct linux_dirent64*', 'value': '0x55BA1AC06A40'}, {'name': 'count', 'type': 'size_t', 'value': 32768}]",0,0
3802.392557,7660,7660,7099,0,4026531840,sshd,ip-10-100-1-57,41,socket,[],3,9,"[{'name': 'domain', 'type': 'int', 'value': 'AF_UNIX'}, {'name': 'type', 'type': 'const char*', 'value': 'SOCK_STREAM|SOCK_NONBLOCK|SOCK_CLOEXEC'}, {'name': 'protocol', 'type': 'int', 'value': 0}]",0,0
3802.392608,7660,7660,7099,0,4026531840,sshd,ip-10-100-1-57,42,connect,"[140074338980615, 7310315466561250676]",3,0,"[{'name': 'sockfd', 'type': 'int', 'value': 9}, {'name': 'addr', 'type': 'struct sockaddr*', 'value': ""{'sa_family': 'AF_UNIX','sun_path': '/run/systemd/userdb/io.systemd.DynamicUser'}""}, {'name': 'addrlen', 'type': 'int*', 'value': 45}]",0,0
3802.392884,7660,7660,7099,0,4026531840,sshd,ip-10-100-1-57,217,getdents64,[],3,0,"[{'name': 'fd', 'type': 'int', 'value': 8}, {'name': 'dirp', 'type': 'struct linux_dirent64*', 'value': '0x55BA1AC06A40'}, {'name': 'count', 'type': 'size_t', 'value': 32768}]",0,0
3802.393039,7660,7660,7099,0,4026531840,sshd,ip-10-100-1-57,3,close,[],1,0,"[{'name': 'fd', 'type': 'int', 'value': 8}]",0,0
3802.395221,7660,7660,7099,0,4026531840,sshd,ip-10-100-1-57,3,close,[],1,0,"[{'name': 'fd', 'type': 'int', 'value': 9}]",0,0
3802.396269,7660,7660,7099,0,4026531840,sshd,ip-10-100-1-57,3,close,[],1,0,"[{'name': 'fd', 'type': 'int', 'value': 10}]",0,0
3802.396328,7660,7660,7099,0,4026531840,sshd,ip-10-100-1-57,3,close,[],1,0,"[{'name': 'fd', 'type': 'int', 'value': 11}]",0,0
3802.397439,7660,7660,7099,0,4026531840,sshd,ip-10-100-1-57,21,access,"[140074338906795, 1]",2,-2,"[{'name': 'pathname', 'type': 'const char*', 'value': '/var/run/utmpx'}, {'name': 'mode', 'type': 'mode_t', 'value': 'F_OK'}]",0,0
3802.397533,7660,7660,7099,0,4026531840,sshd,ip-10-100-1-57,1005,security_file_open,[],4,0,"[{'name': 'pathname', 'type': 'const char*', 'value': '/run/utmp'}, {'name': 'flags', 'type': 'int', 'value': 'O_RDONLY|O_LARGEFILE'}, {'name': 'dev', 'type': 'dev_t', 'value': 25}, {'name': 'inode', 'type': 'unsigned long', 'value': 348}]",0,0
3802.397579,7660,7660,7099,0,4026531840,sshd,ip-10-100-1-57,257,openat,[],4,8,"[{'name': 'dirfd', 'type': 'int', 'value': -100}, {'name': 'pathname', 'type': 'const char*', 'value': '/var/run/utmp'}, {'name': 'flags', 'type': 'int', 'value': 'O_RDONLY|O_CLOEXEC'}, {'name': 'mode', 'type': 'mode_t', 'value': 2570503772}]",0,0
3802.397834,7660,7660,7099,0,4026531840,sshd,ip-10-100-1-57,3,close,[],1,0,"[{'name': 'fd', 'type': 'int', 'value': 8}]",0,0
3802.399736,7660,7660,7099,0,4026531840,sshd,ip-10-100-1-57,1005,security_file_open,[140074338928220],4,0,"[{'name': 'pathname', 'type': 'const char*', 'value': '/etc/passwd'}, {'name': 'flags', 'type': 'int', 'value': 'O_RDONLY|O_LARGEFILE'}, {'name': 'dev', 'type': 'dev_t', 'value': 211812353}, {'name': 'inode', 'type': 'unsigned long', 'value': 61241}]",0,0
3802.399807,7660,7660,7099,0,4026531840,sshd,ip-10-100-1-57,257,openat,[],4,8,"[{'name': 'dirfd', 'type': 'int', 'value': -100}, {'name': 'pathname', 'type': 'const char*', 'value': '/etc/passwd'}, {'name': 'flags', 'type': 'int', 'value': 'O_RDONLY|O_CLOEXEC'}, {'name': 'mode', 'type': 'mode_t', 'value': 2570503772}]",0,0
3802.399847,7660,7660,7099,0,4026531840,sshd,ip-10-100-1-57,5,fstat,[140074338903689],2,0,"[{'name': 'fd', 'type': 'int', 'value': 8}, {'name': 'statbuf', 'type': 'struct stat*', 'value': '0x7FFE99DEA590'}]",0,0
3802.399905,7660,7660,7099,0,4026531840,sshd,ip-10-100-1-57,3,close,[140074338927787],1,0,"[{'name': 'fd', 'type': 'int', 'value': 8}]",0,0
3802.400098,7660,7660,7099,0,4026531840,sshd,ip-10-100-1-57,41,socket,[140074338982155],3,8,"[{'name': 'domain', 'type': 'int', 'value': 'AF_UNIX'}, {'name': 'type', 'type': 'const char*', 'value': 'SOCK_DGRAM|SOCK_CLOEXEC'}, {'name': 'protocol', 'type': 'int', 'value': 0}]",0,0
3802.40017,7660,7660,7099,0,4026531840,sshd,ip-10-100-1-57,42,connect,[],3,-111,"[{'name': 'sockfd', 'type': 'int', 'value': 8}, {'name': 'addr', 'type': 'struct sockaddr*', 'value': ""{'sa_family': 'AF_UNIX','sun_path': 'userdb-6e744ce7dda760e0722e7174901052af'}""}, {'name': 'addrlen', 'type': 'int*', 'value': 42}]",0,0
3802.400217,7660,7660,7099,0,4026531840,sshd,ip-10-100-1-57,3,close,[],1,0,"[{'name': 'fd', 'type': 'int', 'value': 8}]",0,0
3802.400357,7660,7660,7099,0,4026531840,sshd,ip-10-100-1-57,1005,security_file_open,[],4,0,"[{'name': 'pathname', 'type': 'const char*', 'value': '/run/systemd/userdb'}, {'name': 'flags', 'type': 'int', 'value': 'O_RDONLY|O_NONBLOCK|O_LARGEFILE|O_DIRECTORY'}, {'name': 'dev', 'type': 'dev_t', 'value': 25}, {'name': 'inode', 'type': 'unsigned long', 'value': 46}]",0,0
3802.400407,7660,7660,7099,0,4026531840,sshd,ip-10-100-1-57,257,openat,[],4,8,"[{'name': 'dirfd', 'type': 'int', 'value': -100}, {'name': 'pathname', 'type': 'const char*', 'value': '/run/systemd/userdb/'}, {'name': 'flags', 'type': 'int', 'value': 'O_RDONLY|O_NONBLOCK|O_DIRECTORY|O_CLOEXEC'}, {'name': 'mode', 'type': 'mode_t', 'value': 2570503772}]",0,0
3802.400455,7660,7660,7099,0,4026531840,sshd,ip-10-100-1-57,5,fstat,[],2,0,"[{'name': 'fd', 'type': 'int', 'value': 8}, {'name': 'statbuf', 'type': 'struct stat*', 'value': '0x7FFE99DEA4A0'}]",0,0
3802.400633,7660,7660,7099,0,4026531840,sshd,ip-10-100-1-57,217,getdents64,[],3,96,"[{'name': 'fd', 'type': 'int', 'value': 8}, {'name': 'dirp', 'type': 'struct linux_dirent64*', 'value': '0x55BA1AC0EBA0'}, {'name': 'count', 'type': 'size_t', 'value': 32768}]",0,0
3802.400708,7660,7660,7099,0,4026531840,sshd,ip-10-100-1-57,41,socket,[],3,9,"[{'name': 'domain', 'type': 'int', 'value': 'AF_UNIX'}, {'name': 'type', 'type': 'const char*', 'value': 'SOCK_STREAM|SOCK_NONBLOCK|SOCK_CLOEXEC'}, {'name': 'protocol', 'type': 'int', 'value': 0}]",0,0
3802.400821,7660,7660,7099,0,4026531840,sshd,ip-10-100-1-57,42,connect,"[140074338980615, 7310315466561250676]",3,0,"[{'name': 'sockfd', 'type': 'int', 'value': 9}, {'name': 'addr', 'type': 'struct sockaddr*', 'value': ""{'sa_family': 'AF_UNIX','sun_path': '/run/systemd/userdb/io.systemd.DynamicUser'}""}, {'name': 'addrlen', 'type': 'int*', 'value': 45}]",0,0
3802.402563,7660,7660,7099,0,4026531840,sshd,ip-10-100-1-57,217,getdents64,[],3,0,"[{'name': 'fd', 'type': 'int', 'value': 8}, {'name': 'dirp', 'type': 'struct linux_dirent64*', 'value': '0x55BA1AC0EBA0'}, {'name': 'count', 'type': 'size_t', 'value': 32768}]",0,0
3802.40331,7660,7660,7099,0,4026531840,sshd,ip-10-100-1-57,3,close,[140074338927787],1,0,"[{'name': 'fd', 'type': 'int', 'value': 8}]",0,0
3802.404179,7660,7660,7099,0,4026531840,sshd,ip-10-100-1-57,3,close,[],1,0,"[{'name': 'fd', 'type': 'int', 'value': 9}]",0,0
3802.404547,7660,7660,7099,0,4026531840,sshd,ip-10-100-1-57,3,close,[],1,0,"[{'name': 'fd', 'type': 'int', 'value': 10}]",0,0
3802.404736,7660,7660,7099,0,4026531840,sshd,ip-10-100-1-57,3,close,[],1,0,"[{'name': 'fd', 'type': 'int', 'value': 11}]",0,0
3802.404842,7660,7660,7099,0,4026531840,sshd,ip-10-100-1-57,257,openat,[],4,8,"[{'name': 'dirfd', 'type': 'int', 'value': -100}, {'name': 'pathname', 'type': 'const char*', 'value': '/etc/passwd'}, {'name': 'flags', 'type': 'int', 'value': 'O_RDONLY|O_CLOEXEC'}, {'name': 'mode', 'type': 'mode_t', 'value': 2570503772}]",0,0
3802.404798,7660,7660,7099,0,4026531840,sshd,ip-10-100-1-57,1005,security_file_open,[140074338928220],4,0,"[{'name': 'pathname', 'type': 'const char*', 'value': '/etc/passwd'}, {'name': 'flags', 'type': 'int', 'value': 'O_RDONLY|O_LARGEFILE'}, {'name': 'dev', 'type': 'dev_t', 'value': 211812353}, {'name': 'inode', 'type': 'unsigned long', 'value': 61241}]",0,0
3802.404928,7660,7660,7099,0,4026531840,sshd,ip-10-100-1-57,5,fstat,[140074338903689],2,0,"[{'name': 'fd', 'type': 'int', 'value': 8}, {'name': 'statbuf', 'type': 'struct stat*', 'value': '0x7FFE99DEA590'}]",0,0
3802.405121,7660,7660,7099,0,4026531840,sshd,ip-10-100-1-57,3,close,[140074338927787],1,0,"[{'name': 'fd', 'type': 'int', 'value': 8}]",0,0
3802.405185,7660,7660,7099,0,4026531840,sshd,ip-10-100-1-57,41,socket,[140074338982155],3,8,"[{'name': 'domain', 'type': 'int', 'value': 'AF_UNIX'}, {'name': 'type', 'type': 'const char*', 'value': 'SOCK_DGRAM|SOCK_CLOEXEC'}, {'name': 'protocol', 'type': 'int', 'value': 0}]",0,0
3802.406367,7660,7660,7099,0,4026531840,sshd,ip-10-100-1-57,3,close,[],1,0,"[{'name': 'fd', 'type': 'int', 'value': 8}]",0,0
3802.406274,7660,7660,7099,0,4026531840,sshd,ip-10-100-1-57,42,connect,[],3,-111,"[{'name': 'sockfd', 'type': 'int', 'value': 8}, {'name': 'addr', 'type': 'struct sockaddr*', 'value': ""{'sa_family': 'AF_UNIX','sun_path': 'userdb-6e744ce7dda760e0722e7174901052af'}""}, {'name': 'addrlen', 'type': 'int*', 'value': 42}]",0,0
3802.406423,7660,7660,7099,0,4026531840,sshd,ip-10-100-1-57,1005,security_file_open,[140074338928220],4,0,"[{'name': 'pathname', 'type': 'const char*', 'value': '/run/systemd/userdb'}, {'name': 'flags', 'type': 'int', 'value': 'O_RDONLY|O_NONBLOCK|O_LARGEFILE|O_DIRECTORY'}, {'name': 'dev', 'type': 'dev_t', 'value': 25}, {'name': 'inode', 'type': 'unsigned long', 'value': 46}]",0,0
3802.40652,7660,7660,7099,0,4026531840,sshd,ip-10-100-1-57,5,fstat,[],2,0,"[{'name': 'fd', 'type': 'int', 'value': 8}, {'name': 'statbuf', 'type': 'struct stat*', 'value': '0x7FFE99DEA4A0'}]",0,0
3802.406582,7660,7660,7099,0,4026531840,sshd,ip-10-100-1-57,217,getdents64,[],3,96,"[{'name': 'fd', 'type': 'int', 'value': 8}, {'name': 'dirp', 'type': 'struct linux_dirent64*', 'value': '0x55BA1AC0EBA0'}, {'name': 'count', 'type': 'size_t', 'value': 32768}]",0,0
3802.406468,7660,7660,7099,0,4026531840,sshd,ip-10-100-1-57,257,openat,[],4,8,"[{'name': 'dirfd', 'type': 'int', 'value': -100}, {'name': 'pathname', 'type': 'const char*', 'value': '/run/systemd/userdb/'}, {'name': 'flags', 'type': 'int', 'value': 'O_RDONLY|O_NONBLOCK|O_DIRECTORY|O_CLOEXEC'}, {'name': 'mode', 'type': 'mode_t', 'value': 2570503772}]",0,0
3802.406764,7660,7660,7099,0,4026531840,sshd,ip-10-100-1-57,41,socket,[],3,9,"[{'name': 'domain', 'type': 'int', 'value': 'AF_UNIX'}, {'name': 'type', 'type': 'const char*', 'value': 'SOCK_STREAM|SOCK_NONBLOCK|SOCK_CLOEXEC'}, {'name': 'protocol', 'type': 'int', 'value': 0}]",0,0
3802.406819,7660,7660,7099,0,4026531840,sshd,ip-10-100-1-57,42,connect,"[140074338980615, 7310315466561250676]",3,0,"[{'name': 'sockfd', 'type': 'int', 'value': 9}, {'name': 'addr', 'type': 'struct sockaddr*', 'value': ""{'sa_family': 'AF_UNIX','sun_path': '/run/systemd/userdb/io.systemd.DynamicUser'}""}, {'name': 'addrlen', 'type': 'int*', 'value': 45}]",0,0
3802.407262,7660,7660,7099,0,4026531840,sshd,ip-10-100-1-57,3,close,[140074338927787],1,0,"[{'name': 'fd', 'type': 'int', 'value': 8}]",0,0
3802.407083,7660,7660,7099,0,4026531840,sshd,ip-10-100-1-57,217,getdents64,[],3,0,"[{'name': 'fd', 'type': 'int', 'value': 8}, {'name': 'dirp', 'type': 'struct linux_dirent64*', 'value': '0x55BA1AC0EBA0'}, {'name': 'count', 'type': 'size_t', 'value': 32768}]",0,0
3802.409847,7660,7660,7099,0,4026531840,sshd,ip-10-100-1-57,3,close,[],1,0,"[{'name': 'fd', 'type': 'int', 'value': 10}]",0,0
3802.41002,7660,7660,7099,0,4026531840,sshd,ip-10-100-1-57,257,openat,[],4,8,"[{'name': 'dirfd', 'type': 'int', 'value': -100}, {'name': 'pathname', 'type': 'const char*', 'value': '/etc/passwd'}, {'name': 'flags', 'type': 'int', 'value': 'O_RDONLY|O_CLOEXEC'}, {'name': 'mode', 'type': 'mode_t', 'value': 2570503772}]",0,0
3802.409956,7660,7660,7099,0,4026531840,sshd,ip-10-100-1-57,1005,security_file_open,[140074338928220],4,0,"[{'name': 'pathname', 'type': 'const char*', 'value': '/etc/passwd'}, {'name': 'flags', 'type': 'int', 'value': 'O_RDONLY|O_LARGEFILE'}, {'name': 'dev', 'type': 'dev_t', 'value': 211812353}, {'name': 'inode', 'type': 'unsigned long', 'value': 61241}]",0,0
3802.410217,7660,7660,7099,0,4026531840,sshd,ip-10-100-1-57,41,socket,[140074338982155],3,8,"[{'name': 'domain', 'type': 'int', 'value': 'AF_UNIX'}, {'name': 'type', 'type': 'const char*', 'value': 'SOCK_DGRAM|SOCK_CLOEXEC'}, {'name': 'protocol', 'type': 'int', 'value': 0}]",0,0
3802.409908,7660,7660,7099,0,4026531840,sshd,ip-10-100-1-57,3,close,[],1,0,"[{'name': 'fd', 'type': 'int', 'value': 11}]",0,0
3802.410117,7660,7660,7099,0,4026531840,sshd,ip-10-100-1-57,3,close,[140074338927787],1,0,"[{'name': 'fd', 'type': 'int', 'value': 8}]",0,0
3802.410622,7660,7660,7099,0,4026531840,sshd,ip-10-100-1-57,5,fstat,[],2,0,"[{'name': 'fd', 'type': 'int', 'value': 8}, {'name': 'statbuf', 'type': 'struct stat*', 'value': '0x7FFE99DEA4A0'}]",0,0
3802.410059,7660,7660,7099,0,4026531840,sshd,ip-10-100-1-57,5,fstat,[140074338903689],2,0,"[{'name': 'fd', 'type': 'int', 'value': 8}, {'name': 'statbuf', 'type': 'struct stat*', 'value': '0x7FFE99DEA590'}]",0,0
3802.410539,7660,7660,7099,0,4026531840,sshd,ip-10-100-1-57,1005,security_file_open,[],4,0,"[{'name': 'pathname', 'type': 'const char*', 'value': '/run/systemd/userdb'}, {'name': 'flags', 'type': 'int', 'value': 'O_RDONLY|O_NONBLOCK|O_LARGEFILE|O_DIRECTORY'}, {'name': 'dev', 'type': 'dev_t', 'value': 25}, {'name': 'inode', 'type': 'unsigned long', 'value': 46}]",0,0
3802.410421,7660,7660,7099,0,4026531840,sshd,ip-10-100-1-57,42,connect,[],3,-111,"[{'name': 'sockfd', 'type': 'int', 'value': 8}, {'name': 'addr', 'type': 'struct sockaddr*', 'value': ""{'sa_family': 'AF_UNIX','sun_path': 'userdb-6e744ce7dda760e0722e7174901052af'}""}, {'name': 'addrlen', 'type': 'int*', 'value': 42}]",0,0
3802.410581,7660,7660,7099,0,4026531840,sshd,ip-10-100-1-57,257,openat,[],4,8,"[{'name': 'dirfd', 'type': 'int', 'value': -100}, {'name': 'pathname', 'type': 'const char*', 'value': '/run/systemd/userdb/'}, {'name': 'flags', 'type': 'int', 'value': 'O_RDONLY|O_NONBLOCK|O_DIRECTORY|O_CLOEXEC'}, {'name': 'mode', 'type': 'mode_t', 'value': 2570503772}]",0,0
3802.410468,7660,7660,7099,0,4026531840,sshd,ip-10-100-1-57,3,close,[],1,0,"[{'name': 'fd', 'type': 'int', 'value': 8}]",0,0
3802.40884,7660,7660,7099,0,4026531840,sshd,ip-10-100-1-57,3,close,[],1,0,"[{'name': 'fd', 'type': 'int', 'value': 9}]",0,0
3802.410759,7660,7660,7099,0,4026531840,sshd,ip-10-100-1-57,217,getdents64,[],3,96,"[{'name': 'fd', 'type': 'int', 'value': 8}, {'name': 'dirp', 'type': 'struct linux_dirent64*', 'value': '0x55BA1AC0EBA0'}, {'name': 'count', 'type': 'size_t', 'value': 32768}]",0,0
3802.410842,7660,7660,7099,0,4026531840,sshd,ip-10-100-1-57,41,socket,[],3,9,"[{'name': 'domain', 'type': 'int', 'value': 'AF_UNIX'}, {'name': 'type', 'type': 'const char*', 'value': 'SOCK_STREAM|SOCK_NONBLOCK|SOCK_CLOEXEC'}, {'name': 'protocol', 'type': 'int', 'value': 0}]",0,0
3802.410922,7660,7660,7099,0,4026531840,sshd,ip-10-100-1-57,42,connect,"[140074338980615, 7310315466561250676]",3,0,"[{'name': 'sockfd', 'type': 'int', 'value': 9}, {'name': 'addr', 'type': 'struct sockaddr*', 'value': ""{'sa_family': 'AF_UNIX','sun_path': '/run/systemd/userdb/io.systemd.DynamicUser'}""}, {'name': 'addrlen', 'type': 'int*', 'value': 45}]",0,0
3802.41122,7660,7660,7099,0,4026531840,sshd,ip-10-100-1-57,217,getdents64,[],3,0,"[{'name': 'fd', 'type': 'int', 'value': 8}, {'name': 'dirp', 'type': 'struct linux_dirent64*', 'value': '0x55BA1AC0EBA0'}, {'name': 'count', 'type': 'size_t', 'value': 32768}]",0,0
3802.411332,7660,7660,7099,0,4026531840,sshd,ip-10-100-1-57,3,close,[],1,0,"[{'name': 'fd', 'type': 'int', 'value': 8}]",0,0
3802.413525,7660,7660,7099,0,4026531840,sshd,ip-10-100-1-57,3,close,[],1,0,"[{'name': 'fd', 'type': 'int', 'value': 9}]",0,0
3802.413909,7660,7660,7099,0,4026531840,sshd,ip-10-100-1-57,3,close,[],1,0,"[{'name': 'fd', 'type': 'int', 'value': 10}]",0,0
3802.413968,7660,7660,7099,0,4026531840,sshd,ip-10-100-1-57,3,close,[],1,0,"[{'name': 'fd', 'type': 'int', 'value': 11}]",0,0
3802.414017,7660,7660,7099,0,4026531840,sshd,ip-10-100-1-57,1005,security_file_open,[140074338928220],4,0,"[{'name': 'pathname', 'type': 'const char*', 'value': '/etc/passwd'}, {'name': 'flags', 'type': 'int', 'value': 'O_RDONLY|O_LARGEFILE'}, {'name': 'dev', 'type': 'dev_t', 'value': 211812353}, {'name': 'inode', 'type': 'unsigned long', 'value': 61241}]",0,0
3802.414108,7660,7660,7099,0,4026531840,sshd,ip-10-100-1-57,257,openat,[],4,8,"[{'name': 'dirfd', 'type': 'int', 'value': -100}, {'name': 'pathname', 'type': 'const char*', 'value': '/etc/passwd'}, {'name': 'flags', 'type': 'int', 'value': 'O_RDONLY|O_CLOEXEC'}, {'name': 'mode', 'type': 'mode_t', 'value': 2570503772}]",0,0
3802.414273,7660,7660,7099,0,4026531840,sshd,ip-10-100-1-57,5,fstat,[140074338903689],2,0,"[{'name': 'fd', 'type': 'int', 'value': 8}, {'name': 'statbuf', 'type': 'struct stat*', 'value': '0x7FFE99DEA590'}]",0,0
3802.414338,7660,7660,7099,0,4026531840,sshd,ip-10-100-1-57,3,close,[140074338927787],1,0,"[{'name': 'fd', 'type': 'int', 'value': 8}]",0,0
3802.414442,7660,7660,7099,0,4026531840,sshd,ip-10-100-1-57,41,socket,[140074338982155],3,8,"[{'name': 'domain', 'type': 'int', 'value': 'AF_UNIX'}, {'name': 'type', 'type': 'const char*', 'value': 'SOCK_DGRAM|SOCK_CLOEXEC'}, {'name': 'protocol', 'type': 'int', 'value': 0}]",0,0
3802.414619,7660,7660,7099,0,4026531840,sshd,ip-10-100-1-57,42,connect,[],3,-111,"[{'name': 'sockfd', 'type': 'int', 'value': 8}, {'name': 'addr', 'type': 'struct sockaddr*', 'value': ""{'sa_family': 'AF_UNIX','sun_path': 'userdb-6e744ce7dda760e0722e7174901052af'}""}, {'name': 'addrlen', 'type': 'int*', 'value': 42}]",0,0
3802.41466,7660,7660,7099,0,4026531840,sshd,ip-10-100-1-57,3,close,[],1,0,"[{'name': 'fd', 'type': 'int', 'value': 8}]",0,0
3802.414705,7660,7660,7099,0,4026531840,sshd,ip-10-100-1-57,1005,security_file_open,[],4,0,"[{'name': 'pathname', 'type': 'const char*', 'value': '/run/systemd/userdb'}, {'name': 'flags', 'type': 'int', 'value': 'O_RDONLY|O_NONBLOCK|O_LARGEFILE|O_DIRECTORY'}, {'name': 'dev', 'type': 'dev_t', 'value': 25}, {'name': 'inode', 'type': 'unsigned long', 'value': 46}]",0,0
3802.414899,7660,7660,7099,0,4026531840,sshd,ip-10-100-1-57,257,openat,[],4,8,"[{'name': 'dirfd', 'type': 'int', 'value': -100}, {'name': 'pathname', 'type': 'const char*', 'value': '/run/systemd/userdb/'}, {'name': 'flags', 'type': 'int', 'value': 'O_RDONLY|O_NONBLOCK|O_DIRECTORY|O_CLOEXEC'}, {'name': 'mode', 'type': 'mode_t', 'value': 2570503772}]",0,0
3802.414968,7660,7660,7099,0,4026531840,sshd,ip-10-100-1-57,5,fstat,[],2,0,"[{'name': 'fd', 'type': 'int', 'value': 8}, {'name': 'statbuf', 'type': 'struct stat*', 'value': '0x7FFE99DEA4A0'}]",0,0
3802.415005,7660,7660,7099,0,4026531840,sshd,ip-10-100-1-57,217,getdents64,[],3,96,"[{'name': 'fd', 'type': 'int', 'value': 8}, {'name': 'dirp', 'type': 'struct linux_dirent64*', 'value': '0x55BA1AC0EBA0'}, {'name': 'count', 'type': 'size_t', 'value': 32768}]",0,0
3802.415045,7660,7660,7099,0,4026531840,sshd,ip-10-100-1-57,41,socket,[],3,9,"[{'name': 'domain', 'type': 'int', 'value': 'AF_UNIX'}, {'name': 'type', 'type': 'const char*', 'value': 'SOCK_STREAM|SOCK_NONBLOCK|SOCK_CLOEXEC'}, {'name': 'protocol', 'type': 'int', 'value': 0}]",0,0
3802.415215,7660,7660,7099,0,4026531840,sshd,ip-10-100-1-57,42,connect,"[140074338980615, 7310315466561250676]",3,0,"[{'name': 'sockfd', 'type': 'int', 'value': 9}, {'name': 'addr', 'type': 'struct sockaddr*', 'value': ""{'sa_family': 'AF_UNIX','sun_path': '/run/systemd/userdb/io.systemd.DynamicUser'}""}, {'name': 'addrlen', 'type': 'int*', 'value': 45}]",0,0
3802.417122,7660,7660,7099,0,4026531840,sshd,ip-10-100-1-57,217,getdents64,[],3,0,"[{'name': 'fd', 'type': 'int', 'value': 8}, {'name': 'dirp', 'type': 'struct linux_dirent64*', 'value': '0x55BA1AC0EBA0'}, {'name': 'count', 'type': 'size_t', 'value': 32768}]",0,0
3802.417329,7660,7660,7099,0,4026531840,sshd,ip-10-100-1-57,3,close,[140074338927787],1,0,"[{'name': 'fd', 'type': 'int', 'value': 8}]",0,0
3802.418396,7660,7660,7099,0,4026531840,sshd,ip-10-100-1-57,3,close,[],1,0,"[{'name': 'fd', 'type': 'int', 'value': 9}]",0,0
3802.418789,7660,7660,7099,0,4026531840,sshd,ip-10-100-1-57,3,close,[],1,0,"[{'name': 'fd', 'type': 'int', 'value': 10}]",0,0
3802.418972,7660,7660,7099,0,4026531840,sshd,ip-10-100-1-57,3,close,[],1,0,"[{'name': 'fd', 'type': 'int', 'value': 11}]",0,0
3802.419252,7660,7660,7099,0,4026531840,sshd,ip-10-100-1-57,41,socket,[],3,9,"[{'name': 'domain', 'type': 'int', 'value': 'AF_NETLINK'}, {'name': 'type', 'type': 'const char*', 'value': 'SOCK_RAW|SOCK_CLOEXEC'}, {'name': 'protocol', 'type': 'int', 'value': 0}]",0,0
3802.419418,7660,7660,7099,0,4026531840,sshd,ip-10-100-1-57,49,bind,"[140074338980555, 140074338875887, 140074345445146]",3,0,"[{'name': 'sockfd', 'type': 'int', 'value': 9}, {'name': 'addr', 'type': 'void*', 'value': ""{'sa_family': 'AF_NETLINK'}""}, {'name': 'addrlen', 'type': 'int*', 'value': 12}]",0,0
3802.419139,7660,7660,7099,0,4026531840,sshd,ip-10-100-1-57,41,socket,"[140074338982155, 2]",3,8,"[{'name': 'domain', 'type': 'int', 'value': 'AF_NETLINK'}, {'name': 'type', 'type': 'const char*', 'value': 'SOCK_RAW'}, {'name': 'protocol', 'type': 'int', 'value': 9}]",0,0
3802.41946,7660,7660,7099,0,4026531840,sshd,ip-10-100-1-57,51,getsockname,[],3,0,"[{'name': 'sockfd', 'type': 'int', 'value': 9}, {'name': 'addr', 'type': 'void*', 'value': ""{'sa_family': 'AF_NETLINK'}""}, {'name': 'addrlen', 'type': 'int*', 'value': '0x7FFE99DE7D44'}]",0,0
3802.419577,7660,7660,7099,0,4026531840,sshd,ip-10-100-1-57,3,close,"[140074338927787, 140074338875887, 140074345445146]",1,0,"[{'name': 'fd', 'type': 'int', 'value': 9}]",0,0
3802.420786,7660,7660,7099,0,4026531840,sshd,ip-10-100-1-57,1003,cap_capable,[140074338981866],1,0,"[{'name': 'cap', 'type': 'int', 'value': 'CAP_AUDIT_WRITE'}]",0,0
3802.420902,7660,7660,7099,0,4026531840,sshd,ip-10-100-1-57,3,close,[],1,0,"[{'name': 'fd', 'type': 'int', 'value': 8}]",0,0
3804.28554,7660,7660,7099,0,4026531840,sshd,ip-10-100-1-57,3,close,[],1,0,"[{'name': 'fd', 'type': 'int', 'value': 5}]",0,0
3804.286309,7660,7660,7099,0,4026531840,sshd,ip-10-100-1-57,1005,security_file_open,[],4,0,"[{'name': 'pathname', 'type': 'const char*', 'value': '/var/log/btmp'}, {'name': 'flags', 'type': 'int', 'value': 'O_WRONLY|O_APPEND|O_LARGEFILE'}, {'name': 'dev', 'type': 'dev_t', 'value': 211812353}, {'name': 'inode', 'type': 'unsigned long', 'value': 70285}]",0,0
3804.286417,7660,7660,7099,0,4026531840,sshd,ip-10-100-1-57,257,openat,[],4,5,"[{'name': 'dirfd', 'type': 'int', 'value': -100}, {'name': 'pathname', 'type': 'const char*', 'value': '/var/log/btmp'}, {'name': 'flags', 'type': 'int', 'value': 'O_WRONLY|O_APPEND'}, {'name': 'mode', 'type': 'mode_t', 'value': 2570481323}]",0,0
3804.286543,7660,7660,7099,0,4026531840,sshd,ip-10-100-1-57,5,fstat,"[140074338903689, 94257801009280]",2,0,"[{'name': 'fd', 'type': 'int', 'value': 5}, {'name': 'statbuf', 'type': 'struct stat*', 'value': '0x7FFE99DEA820'}]",0,0
3804.286625,7660,7660,7099,0,4026531840,sshd,ip-10-100-1-57,3,close,[],1,0,"[{'name': 'fd', 'type': 'int', 'value': 5}]",0,0
3804.286871,7660,7660,7099,0,4026531840,sshd,ip-10-100-1-57,41,socket,[140074338982155],3,5,"[{'name': 'domain', 'type': 'int', 'value': 'AF_NETLINK'}, {'name': 'type', 'type': 'const char*', 'value': 'SOCK_RAW'}, {'name': 'protocol', 'type': 'int', 'value': 9}]",0,0
3804.287003,7660,7660,7099,0,4026531840,sshd,ip-10-100-1-57,1003,cap_capable,[140074338981866],1,0,"[{'name': 'cap', 'type': 'int', 'value': 'CAP_AUDIT_WRITE'}]",0,0
3804.287131,7660,7660,7099,0,4026531840,sshd,ip-10-100-1-57,3,close,[],1,0,"[{'name': 'fd', 'type': 'int', 'value': 5}]",0,0
3804.919864,7661,7661,7660,109,4026531840,sshd,ip-10-100-1-57,1010,sched_process_exit,[],0,0,[],0,0
3804.920182,7660,7660,7099,0,4026531840,sshd,ip-10-100-1-57,41,socket,[140074338982155],3,5,"[{'name': 'domain', 'type': 'int', 'value': 'AF_UNIX'}, {'name': 'type', 'type': 'const char*', 'value': 'SOCK_DGRAM|SOCK_CLOEXEC'}, {'name': 'protocol', 'type': 'int', 'value': 0}]",0,0
3804.920322,7660,7660,7099,0,4026531840,sshd,ip-10-100-1-57,42,connect,[],3,0,"[{'name': 'sockfd', 'type': 'int', 'value': 5}, {'name': 'addr', 'type': 'struct sockaddr*', 'value': ""{'sa_family': 'AF_UNIX','sun_path': '/dev/log'}""}, {'name': 'addrlen', 'type': 'int*', 'value': 110}]",0,0
3804.920381,7660,7660,7099,0,4026531840,sshd,ip-10-100-1-57,3,close,[],1,0,"[{'name': 'fd', 'type': 'int', 'value': 5}]",0,0
3804.921365,7660,7660,7099,0,4026531840,sshd,ip-10-100-1-57,41,socket,[140074338982155],3,5,"[{'name': 'domain', 'type': 'int', 'value': 'AF_UNIX'}, {'name': 'type', 'type': 'const char*', 'value': 'SOCK_DGRAM|SOCK_CLOEXEC'}, {'name': 'protocol', 'type': 'int', 'value': 0}]",0,0
3804.921435,7660,7660,7099,0,4026531840,sshd,ip-10-100-1-57,42,connect,[],3,0,"[{'name': 'sockfd', 'type': 'int', 'value': 5}, {'name': 'addr', 'type': 'struct sockaddr*', 'value': ""{'sa_family': 'AF_UNIX','sun_path': '/dev/log'}""}, {'name': 'addrlen', 'type': 'int*', 'value': 110}]",0,0
3804.921481,7660,7660,7099,0,4026531840,sshd,ip-10-100-1-57,3,close,"[140074338908551, 94257794785784, 94257801016224, 7308900669957826884]",1,0,"[{'name': 'fd', 'type': 'int', 'value': 5}]",0,0
3804.922119,7660,7660,7099,0,4026531840,sshd,ip-10-100-1-57,3,close,[],1,0,"[{'name': 'fd', 'type': 'int', 'value': 7}]",0,0
3804.922586,7660,7660,7099,0,4026531840,sshd,ip-10-100-1-57,1003,cap_capable,[140074338075995],1,0,"[{'name': 'cap', 'type': 'int', 'value': 'CAP_KILL'}]",0,0
3804.922617,7660,7660,7099,0,4026531840,sshd,ip-10-100-1-57,62,kill,[],2,0,"[{'name': 'pid', 'type': 'pid_t', 'value': 7661}, {'name': 'sig', 'type': 'u32', 'value': 9}]",0,0
3804.92306,7660,7660,7099,0,4026531840,sshd,ip-10-100-1-57,1010,sched_process_exit,[],0,0,[],0,0
3804.923171,7099,7099,1,0,4026531840,sshd,ip-10-100-1-57,3,close,[],1,0,"[{'name': 'fd', 'type': 'int', 'value': 7}]",0,0
3814.195884,7099,7099,1,0,4026531840,sshd,ip-10-100-1-57,43,accept,[],3,5,"[{'name': 'sockfd', 'type': 'int', 'value': 3}, {'name': 'addr', 'type': 'void*', 'value': ""{'sin_addr': '196.47.67.180','sa_family': 'AF_INET','sin_port': '45156'}""}, {'name': 'addrlen', 'type': 'int*', 'value': '0x7FFF352DF788'}]",0,0
3814.196673,7099,7099,1,0,4026531840,sshd,ip-10-100-1-57,56,clone,[],5,7662,"[{'name': 'flags', 'type': 'unsigned int', 'value': 'CLONE_CHILD_CLEARTID|CLONE_CHILD_SETTID'}, {'name': 'stack', 'type': 'void*', 'value': '0x0'}, {'name': 'parent_tid', 'type': 'int*', 'value': '0x0'}, {'name': 'child_tid', 'type': 'int*', 'value': '0x7F22CC7790BF'}, {'name': 'tls', 'type': 'unsigned long', 'value': 0}]",0,0
3814.19681,7099,7099,1,0,4026531840,sshd,ip-10-100-1-57,3,close,[],1,0,"[{'name': 'fd', 'type': 'int', 'value': 7}]",0,0
3814.19691,7099,7099,1,0,4026531840,sshd,ip-10-100-1-57,3,close,[],1,0,"[{'name': 'fd', 'type': 'int', 'value': 8}]",0,0
3814.19703,7099,7099,1,0,4026531840,sshd,ip-10-100-1-57,3,close,[],1,0,"[{'name': 'fd', 'type': 'int', 'value': 9}]",0,0
3814.197065,7099,7099,1,0,4026531840,sshd,ip-10-100-1-57,3,close,[],1,0,"[{'name': 'fd', 'type': 'int', 'value': 5}]",0,0
3814.197482,7662,7662,7099,0,4026531840,sshd,ip-10-100-1-57,1005,security_file_open,[],4,0,"[{'name': 'pathname', 'type': 'const char*', 'value': '/proc/7662/oom_score_adj'}, {'name': 'flags', 'type': 'int', 'value': 'O_WRONLY|O_CREAT|O_TRUNC|O_LARGEFILE'}, {'name': 'dev', 'type': 'dev_t', 'value': 5}, {'name': 'inode', 'type': 'unsigned long', 'value': 48334}]",0,0
3814.197536,7662,7662,7099,0,4026531840,sshd,ip-10-100-1-57,257,openat,[],4,10,"[{'name': 'dirfd', 'type': 'int', 'value': -100}, {'name': 'pathname', 'type': 'const char*', 'value': '/proc/self/oom_score_adj'}, {'name': 'flags', 'type': 'int', 'value': 'O_WRONLY|O_CREAT|O_TRUNC'}, {'name': 'mode', 'type': 'mode_t', 'value': 3430563499}]",0,0
3814.197608,7662,7662,7099,0,4026531840,sshd,ip-10-100-1-57,5,fstat,[],2,0,"[{'name': 'fd', 'type': 'int', 'value': 10}, {'name': 'statbuf', 'type': 'struct stat*', 'value': '0x7FFF352DEF60'}]",0,0
3814.197665,7662,7662,7099,0,4026531840,sshd,ip-10-100-1-57,3,close,[],1,0,"[{'name': 'fd', 'type': 'int', 'value': 10}]",0,0
3814.197707,7662,7662,7099,0,4026531840,sshd,ip-10-100-1-57,3,close,[],1,0,"[{'name': 'fd', 'type': 'int', 'value': 6}]",0,0
3814.19776,7662,7662,7099,0,4026531840,sshd,ip-10-100-1-57,3,close,[],1,0,"[{'name': 'fd', 'type': 'int', 'value': 3}]",0,0
3814.197812,7662,7662,7099,0,4026531840,sshd,ip-10-100-1-57,3,close,[],1,0,"[{'name': 'fd', 'type': 'int', 'value': 4}]",0,0
3814.197954,7662,7662,7099,0,4026531840,sshd,ip-10-100-1-57,33,dup2,[139787436182075],2,0,"[{'name': 'oldfd', 'type': 'int', 'value': 5}, {'name': 'newfd', 'type': 'int', 'value': 0}]",0,0
3814.197854,7662,7662,7099,0,4026531840,sshd,ip-10-100-1-57,3,close,[],1,0,"[{'name': 'fd', 'type': 'int', 'value': 8}]",0,0
3814.198021,7662,7662,7099,0,4026531840,sshd,ip-10-100-1-57,33,dup2,[139787436182075],2,4,"[{'name': 'oldfd', 'type': 'int', 'value': 7}, {'name': 'newfd', 'type': 'int', 'value': 4}]",0,0
3814.19799,7662,7662,7099,0,4026531840,sshd,ip-10-100-1-57,33,dup2,[],2,1,"[{'name': 'oldfd', 'type': 'int', 'value': 0}, {'name': 'newfd', 'type': 'int', 'value': 1}]",0,0
3814.198051,7662,7662,7099,0,4026531840,sshd,ip-10-100-1-57,3,close,[],1,0,"[{'name': 'fd', 'type': 'int', 'value': 7}]",0,0
3814.198134,7662,7662,7099,0,4026531840,sshd,ip-10-100-1-57,33,dup2,[],2,5,"[{'name': 'oldfd', 'type': 'int', 'value': 9}, {'name': 'newfd', 'type': 'int', 'value': 5}]",0,0
3814.198165,7662,7662,7099,0,4026531840,sshd,ip-10-100-1-57,3,close,[],1,0,"[{'name': 'fd', 'type': 'int', 'value': 9}]",0,0
3814.198195,7662,7662,7099,0,4026531840,sshd,ip-10-100-1-57,59,execve,[139787436004091],2,0,"[{'name': 'pathname', 'type': 'const char*', 'value': '/usr/sbin/sshd'}, {'name': 'argv', 'type': 'const char*const*', 'value': ['/usr/sbin/sshd', '-D', '-o', 'AuthorizedKeysCommand /usr/share/ec2-instance-connect/eic_run_authorized_keys %u %f', '-o', 'AuthorizedKeysCommandUser ec2-instance-connect', '-R']}]",0,0
3814.198306,7662,7662,7099,0,4026531840,sshd,ip-10-100-1-57,1004,security_bprm_check,[],3,0,"[{'name': 'pathname', 'type': 'const char*', 'value': '/usr/sbin/sshd'}, {'name': 'dev', 'type': 'dev_t', 'value': 211812353}, {'name': 'inode', 'type': 'unsigned long', 'value': 2833}]",0,0
3814.199037,7662,7662,7099,0,4026531840,sshd,ip-10-100-1-57,21,access,[],2,-2,"[{'name': 'pathname', 'type': 'const char*', 'value': '/etc/ld.so.preload'}, {'name': 'mode', 'type': 'mode_t', 'value': 'R_OK'}]",0,0
3814.19909,7662,7662,7099,0,4026531840,sshd,ip-10-100-1-57,1005,security_file_open,[],4,0,"[{'name': 'pathname', 'type': 'const char*', 'value': '/etc/ld.so.cache'}, {'name': 'flags', 'type': 'int', 'value': 'O_RDONLY|O_LARGEFILE'}, {'name': 'dev', 'type': 'dev_t', 'value': 211812353}, {'name': 'inode', 'type': 'unsigned long', 'value': 62841}]",0,0
3814.199133,7662,7662,7099,0,4026531840,sshd,ip-10-100-1-57,257,openat,[],4,3,"[{'name': 'dirfd', 'type': 'int', 'value': -100}, {'name': 'pathname', 'type': 'const char*', 'value': '/etc/ld.so.cache'}, {'name': 'flags', 'type': 'int', 'value': 'O_RDONLY|O_CLOEXEC'}, {'name': 'mode', 'type': 'mode_t', 'value': 3301527384}]",0,0
3814.199186,7662,7662,7099,0,4026531840,sshd,ip-10-100-1-57,5,fstat,[140367127727401],2,0,"[{'name': 'fd', 'type': 'int', 'value': 3}, {'name': 'statbuf', 'type': 'struct stat*', 'value': '0x7FFCB028EC20'}]",0,0
3814.199267,7662,7662,7099,0,4026531840,sshd,ip-10-100-1-57,1005,security_file_open,"[140367127727960, 140367127644621]",4,0,"[{'name': 'pathname', 'type': 'const char*', 'value': '/usr/lib/x86_64-linux-gnu/libwrap.so.0.7.6'}, {'name': 'flags', 'type': 'int', 'value': 'O_RDONLY|O_LARGEFILE'}, {'name': 'dev', 'type': 'dev_t', 'value': 211812353}, {'name': 'inode', 'type': 'unsigned long', 'value': 5556}]",0,0
3814.199307,7662,7662,7099,0,4026531840,sshd,ip-10-100-1-57,257,openat,[],4,3,"[{'name': 'dirfd', 'type': 'int', 'value': -100}, {'name': 'pathname', 'type': 'const char*', 'value': '/lib/x86_64-linux-gnu/libwrap.so.0'}, {'name': 'flags', 'type': 'int', 'value': 'O_RDONLY|O_CLOEXEC'}, {'name': 'mode', 'type': 'mode_t', 'value': 3301527384}]",0,0
3814.199226,7662,7662,7099,0,4026531840,sshd,ip-10-100-1-57,3,close,[],1,0,"[{'name': 'fd', 'type': 'int', 'value': 3}]",0,0
3814.199364,7662,7662,7099,0,4026531840,sshd,ip-10-100-1-57,5,fstat,[],2,0,"[{'name': 'fd', 'type': 'int', 'value': 3}, {'name': 'statbuf', 'type': 'struct stat*', 'value': '0x7FFCB028EC70'}]",0,0
3814.199471,7662,7662,7099,0,4026531840,sshd,ip-10-100-1-57,3,close,"[140367127727643, 140367127643675]",1,0,"[{'name': 'fd', 'type': 'int', 'value': 3}]",0,0
3814.19954,7662,7662,7099,0,4026531840,sshd,ip-10-100-1-57,1005,security_file_open,[],4,0,"[{'name': 'pathname', 'type': 'const char*', 'value': '/usr/lib/x86_64-linux-gnu/libaudit.so.1.0.0'}, {'name': 'flags', 'type': 'int', 'value': 'O_RDONLY|O_LARGEFILE'}, {'name': 'dev', 'type': 'dev_t', 'value': 211812353}, {'name': 'inode', 'type': 'unsigned long', 'value': 3471}]",0,0
3814.199581,7662,7662,7099,0,4026531840,sshd,ip-10-100-1-57,257,openat,[],4,3,"[{'name': 'dirfd', 'type': 'int', 'value': -100}, {'name': 'pathname', 'type': 'const char*', 'value': '/lib/x86_64-linux-gnu/libaudit.so.1'}, {'name': 'flags', 'type': 'int', 'value': 'O_RDONLY|O_CLOEXEC'}, {'name': 'mode', 'type': 'mode_t', 'value': 3301527384}]",0,0
3814.199619,7662,7662,7099,0,4026531840,sshd,ip-10-100-1-57,5,fstat,[],2,0,"[{'name': 'fd', 'type': 'int', 'value': 3}, {'name': 'statbuf', 'type': 'struct stat*', 'value': '0x7FFCB028EC50'}]",0,0
3814.199739,7662,7662,7099,0,4026531840,sshd,ip-10-100-1-57,3,close,[],1,0,"[{'name': 'fd', 'type': 'int', 'value': 3}]",0,0
3814.199784,7662,7662,7099,0,4026531840,sshd,ip-10-100-1-57,1005,security_file_open,[],4,0,"[{'name': 'pathname', 'type': 'const char*', 'value': '/usr/lib/x86_64-linux-gnu/libpam.so.0.84.2'}, {'name': 'flags', 'type': 'int', 'value': 'O_RDONLY|O_LARGEFILE'}, {'name': 'dev', 'type': 'dev_t', 'value': 211812353}, {'name': 'inode', 'type': 'unsigned long', 'value': 4523}]",0,0
3814.199848,7662,7662,7099,0,4026531840,sshd,ip-10-100-1-57,257,openat,[],4,3,"[{'name': 'dirfd', 'type': 'int', 'value': -100}, {'name': 'pathname', 'type': 'const char*', 'value': '/lib/x86_64-linux-gnu/libpam.so.0'}, {'name': 'flags', 'type': 'int', 'value': 'O_RDONLY|O_CLOEXEC'}, {'name': 'mode', 'type': 'mode_t', 'value': 3301527384}]",0,0
3814.199886,7662,7662,7099,0,4026531840,sshd,ip-10-100-1-57,5,fstat,[],2,0,"[{'name': 'fd', 'type': 'int', 'value': 3}, {'name': 'statbuf', 'type': 'struct stat*', 'value': '0x7FFCB028EC30'}]",0,0
3814.199963,7662,7662,7099,0,4026531840,sshd,ip-10-100-1-57,3,close,[],1,0,"[{'name': 'fd', 'type': 'int', 'value': 3}]",0,0
3814.200026,7662,7662,7099,0,4026531840,sshd,ip-10-100-1-57,1005,security_file_open,[],4,0,"[{'name': 'pathname', 'type': 'const char*', 'value': '/usr/lib/x86_64-linux-gnu/libselinux.so.1'}, {'name': 'flags', 'type': 'int', 'value': 'O_RDONLY|O_LARGEFILE'}, {'name': 'dev', 'type': 'dev_t', 'value': 211812353}, {'name': 'inode', 'type': 'unsigned long', 'value': 3814}]",0,0
3814.200067,7662,7662,7099,0,4026531840,sshd,ip-10-100-1-57,257,openat,[],4,3,"[{'name': 'dirfd', 'type': 'int', 'value': -100}, {'name': 'pathname', 'type': 'const char*', 'value': '/lib/x86_64-linux-gnu/libselinux.so.1'}, {'name': 'flags', 'type': 'int', 'value': 'O_RDONLY|O_CLOEXEC'}, {'name': 'mode', 'type': 'mode_t', 'value': 3301527384}]",0,0
3814.200104,7662,7662,7099,0,4026531840,sshd,ip-10-100-1-57,5,fstat,[],2,0,"[{'name': 'fd', 'type': 'int', 'value': 3}, {'name': 'statbuf', 'type': 'struct stat*', 'value': '0x7FFCB028EC10'}]",0,0
3814.200224,7662,7662,7099,0,4026531840,sshd,ip-10-100-1-57,3,close,[],1,0,"[{'name': 'fd', 'type': 'int', 'value': 3}]",0,0
3814.20027,7662,7662,7099,0,4026531840,sshd,ip-10-100-1-57,1005,security_file_open,[],4,0,"[{'name': 'pathname', 'type': 'const char*', 'value': '/usr/lib/x86_64-linux-gnu/libsystemd.so.0.28.0'}, {'name': 'flags', 'type': 'int', 'value': 'O_RDONLY|O_LARGEFILE'}, {'name': 'dev', 'type': 'dev_t', 'value': 211812353}, {'name': 'inode', 'type': 'unsigned long', 'value': 4547}]",0,0
3814.200311,7662,7662,7099,0,4026531840,sshd,ip-10-100-1-57,257,openat,[],4,3,"[{'name': 'dirfd', 'type': 'int', 'value': -100}, {'name': 'pathname', 'type': 'const char*', 'value': '/lib/x86_64-linux-gnu/libsystemd.so.0'}, {'name': 'flags', 'type': 'int', 'value': 'O_RDONLY|O_CLOEXEC'}, {'name': 'mode', 'type': 'mode_t', 'value': 3301527384}]",0,0
3814.200369,7662,7662,7099,0,4026531840,sshd,ip-10-100-1-57,5,fstat,[],2,0,"[{'name': 'fd', 'type': 'int', 'value': 3}, {'name': 'statbuf', 'type': 'struct stat*', 'value': '0x7FFCB028EBF0'}]",0,0
3814.200457,7662,7662,7099,0,4026531840,sshd,ip-10-100-1-57,3,close,[],1,0,"[{'name': 'fd', 'type': 'int', 'value': 3}]",0,0
3814.200511,7662,7662,7099,0,4026531840,sshd,ip-10-100-1-57,1005,security_file_open,[],4,0,"[{'name': 'pathname', 'type': 'const char*', 'value': '/usr/lib/x86_64-linux-gnu/libcrypto.so.1.1'}, {'name': 'flags', 'type': 'int', 'value': 'O_RDONLY|O_LARGEFILE'}, {'name': 'dev', 'type': 'dev_t', 'value': 211812353}, {'name': 'inode', 'type': 'unsigned long', 'value': 4567}]",0,0
3814.200563,7662,7662,7099,0,4026531840,sshd,ip-10-100-1-57,257,openat,[],4,3,"[{'name': 'dirfd', 'type': 'int', 'value': -100}, {'name': 'pathname', 'type': 'const char*', 'value': '/lib/x86_64-linux-gnu/libcrypto.so.1.1'}, {'name': 'flags', 'type': 'int', 'value': 'O_RDONLY|O_CLOEXEC'}, {'name': 'mode', 'type': 'mode_t', 'value': 3301527384}]",0,0
3814.200601,7662,7662,7099,0,4026531840,sshd,ip-10-100-1-57,5,fstat,[],2,0,"[{'name': 'fd', 'type': 'int', 'value': 3}, {'name': 'statbuf', 'type': 'struct stat*', 'value': '0x7FFCB028EBD0'}]",0,0
3814.200688,7662,7662,7099,0,4026531840,sshd,ip-10-100-1-57,3,close,[],1,0,"[{'name': 'fd', 'type': 'int', 'value': 3}]",0,0
3814.204382,7662,7662,7099,0,4026531840,sshd,ip-10-100-1-57,1005,security_file_open,"[140367127727960, 140367127644621]",4,0,"[{'name': 'pathname', 'type': 'const char*', 'value': '/usr/lib/x86_64-linux-gnu/libutil-2.31.so'}, {'name': 'flags', 'type': 'int', 'value': 'O_RDONLY|O_LARGEFILE'}, {'name': 'dev', 'type': 'dev_t', 'value': 211812353}, {'name': 'inode', 'type': 'unsigned long', 'value': 3446}]",0,0
3814.205221,7662,7662,7099,0,4026531840,sshd,ip-10-100-1-57,257,openat,"[140367127727960, 140367127644621]",4,3,"[{'name': 'dirfd', 'type': 'int', 'value': -100}, {'name': 'pathname', 'type': 'const char*', 'value': '/lib/x86_64-linux-gnu/libutil.so.1'}, {'name': 'flags', 'type': 'int', 'value': 'O_RDONLY|O_CLOEXEC'}, {'name': 'mode', 'type': 'mode_t', 'value': 3301527384}]",0,0
3814.205288,7662,7662,7099,0,4026531840,sshd,ip-10-100-1-57,5,fstat,[],2,0,"[{'name': 'fd', 'type': 'int', 'value': 3}, {'name': 'statbuf', 'type': 'struct stat*', 'value': '0x7FFCB028EBB0'}]",0,0
3814.206375,7662,7662,7099,0,4026531840,sshd,ip-10-100-1-57,3,close,"[140367127727643, 140367127643675]",1,0,"[{'name': 'fd', 'type': 'int', 'value': 3}]",0,0
3814.207234,7662,7662,7099,0,4026531840,sshd,ip-10-100-1-57,1005,security_file_open,"[140367127727960, 140367127644621]",4,0,"[{'name': 'pathname', 'type': 'const char*', 'value': '/usr/lib/x86_64-linux-gnu/libz.so.1.2.11'}, {'name': 'flags', 'type': 'int', 'value': 'O_RDONLY|O_LARGEFILE'}, {'name': 'dev', 'type': 'dev_t', 'value': 211812353}, {'name': 'inode', 'type': 'unsigned long', 'value': 3823}]",0,0
3814.207363,7662,7662,7099,0,4026531840,sshd,ip-10-100-1-57,257,openat,[],4,3,"[{'name': 'dirfd', 'type': 'int', 'value': -100}, {'name': 'pathname', 'type': 'const char*', 'value': '/lib/x86_64-linux-gnu/libz.so.1'}, {'name': 'flags', 'type': 'int', 'value': 'O_RDONLY|O_CLOEXEC'}, {'name': 'mode', 'type': 'mode_t', 'value': 3301527384}]",0,0
3814.20741,7662,7662,7099,0,4026531840,sshd,ip-10-100-1-57,5,fstat,[],2,0,"[{'name': 'fd', 'type': 'int', 'value': 3}, {'name': 'statbuf', 'type': 'struct stat*', 'value': '0x7FFCB028EB90'}]",0,0
3814.208201,7662,7662,7099,0,4026531840,sshd,ip-10-100-1-57,3,close,"[140367127727643, 140367127643675]",1,0,"[{'name': 'fd', 'type': 'int', 'value': 3}]",0,0
3814.20831,7662,7662,7099,0,4026531840,sshd,ip-10-100-1-57,1005,security_file_open,"[140367127727960, 140367127644621]",4,0,"[{'name': 'pathname', 'type': 'const char*', 'value': '/usr/lib/x86_64-linux-gnu/libcrypt.so.1.1.0'}, {'name': 'flags', 'type': 'int', 'value': 'O_RDONLY|O_LARGEFILE'}, {'name': 'dev', 'type': 'dev_t', 'value': 211812353}, {'name': 'inode', 'type': 'unsigned long', 'value': 3453}]",0,0
3814.208359,7662,7662,7099,0,4026531840,sshd,ip-10-100-1-57,257,openat,[],4,3,"[{'name': 'dirfd', 'type': 'int', 'value': -100}, {'name': 'pathname', 'type': 'const char*', 'value': '/lib/x86_64-linux-gnu/libcrypt.so.1'}, {'name': 'flags', 'type': 'int', 'value': 'O_RDONLY|O_CLOEXEC'}, {'name': 'mode', 'type': 'mode_t', 'value': 3301527384}]",0,0
3814.208398,7662,7662,7099,0,4026531840,sshd,ip-10-100-1-57,5,fstat,[],2,0,"[{'name': 'fd', 'type': 'int', 'value': 3}, {'name': 'statbuf', 'type': 'struct stat*', 'value': '0x7FFCB028EB70'}]",0,0
3814.208514,7662,7662,7099,0,4026531840,sshd,ip-10-100-1-57,3,close,[],1,0,"[{'name': 'fd', 'type': 'int', 'value': 3}]",0,0
3814.208863,7662,7662,7099,0,4026531840,sshd,ip-10-100-1-57,257,openat,[],4,3,"[{'name': 'dirfd', 'type': 'int', 'value': -100}, {'name': 'pathname', 'type': 'const char*', 'value': '/lib/x86_64-linux-gnu/libgssapi_krb5.so.2'}, {'name': 'flags', 'type': 'int', 'value': 'O_RDONLY|O_CLOEXEC'}, {'name': 'mode', 'type': 'mode_t', 'value': 3301527384}]",0,0
3814.208674,7662,7662,7099,0,4026531840,sshd,ip-10-100-1-57,1005,security_file_open,[],4,0,"[{'name': 'pathname', 'type': 'const char*', 'value': '/usr/lib/x86_64-linux-gnu/libgssapi_krb5.so.2.2'}, {'name': 'flags', 'type': 'int', 'value': 'O_RDONLY|O_LARGEFILE'}, {'name': 'dev', 'type': 'dev_t', 'value': 211812353}, {'name': 'inode', 'type': 'unsigned long', 'value': 5207}]",0,0
3814.208919,7662,7662,7099,0,4026531840,sshd,ip-10-100-1-57,5,fstat,[],2,0,"[{'name': 'fd', 'type': 'int', 'value': 3}, {'name': 'statbuf', 'type': 'struct stat*', 'value': '0x7FFCB028EB50'}]",0,0
3814.209028,7662,7662,7099,0,4026531840,sshd,ip-10-100-1-57,3,close,[],1,0,"[{'name': 'fd', 'type': 'int', 'value': 3}]",0,0
3814.209124,7662,7662,7099,0,4026531840,sshd,ip-10-100-1-57,1005,security_file_open,[],4,0,"[{'name': 'pathname', 'type': 'const char*', 'value': '/usr/lib/x86_64-linux-gnu/libkrb5.so.3.3'}, {'name': 'flags', 'type': 'int', 'value': 'O_RDONLY|O_LARGEFILE'}, {'name': 'dev', 'type': 'dev_t', 'value': 211812353}, {'name': 'inode', 'type': 'unsigned long', 'value': 5205}]",0,0
3814.209272,7662,7662,7099,0,4026531840,sshd,ip-10-100-1-57,257,openat,[],4,3,"[{'name': 'dirfd', 'type': 'int', 'value': -100}, {'name': 'pathname', 'type': 'const char*', 'value': '/lib/x86_64-linux-gnu/libkrb5.so.3'}, {'name': 'flags', 'type': 'int', 'value': 'O_RDONLY|O_CLOEXEC'}, {'name': 'mode', 'type': 'mode_t', 'value': 3301527384}]",0,0
3814.209354,7662,7662,7099,0,4026531840,sshd,ip-10-100-1-57,5,fstat,[],2,0,"[{'name': 'fd', 'type': 'int', 'value': 3}, {'name': 'statbuf', 'type': 'struct stat*', 'value': '0x7FFCB028EB30'}]",0,0
3814.209614,7662,7662,7099,0,4026531840,sshd,ip-10-100-1-57,3,close,[],1,0,"[{'name': 'fd', 'type': 'int', 'value': 3}]",0,0
3814.209719,7662,7662,7099,0,4026531840,sshd,ip-10-100-1-57,1005,security_file_open,[],4,0,"[{'name': 'pathname', 'type': 'const char*', 'value': '/usr/lib/x86_64-linux-gnu/libcom_err.so.2.1'}, {'name': 'flags', 'type': 'int', 'value': 'O_RDONLY|O_LARGEFILE'}, {'name': 'dev', 'type': 'dev_t', 'value': 211812353}, {'name': 'inode', 'type': 'unsigned long', 'value': 3451}]",0,0
3814.20989,7662,7662,7099,0,4026531840,sshd,ip-10-100-1-57,257,openat,[],4,3,"[{'name': 'dirfd', 'type': 'int', 'value': -100}, {'name': 'pathname', 'type': 'const char*', 'value': '/lib/x86_64-linux-gnu/libcom_err.so.2'}, {'name': 'flags', 'type': 'int', 'value': 'O_RDONLY|O_CLOEXEC'}, {'name': 'mode', 'type': 'mode_t', 'value': 3301527384}]",0,0
3814.20994,7662,7662,7099,0,4026531840,sshd,ip-10-100-1-57,5,fstat,[],2,0,"[{'name': 'fd', 'type': 'int', 'value': 3}, {'name': 'statbuf', 'type': 'struct stat*', 'value': '0x7FFCB028EB10'}]",0,0
3814.210101,7662,7662,7099,0,4026531840,sshd,ip-10-100-1-57,3,close,[],1,0,"[{'name': 'fd', 'type': 'int', 'value': 3}]",0,0
3814.21027,7662,7662,7099,0,4026531840,sshd,ip-10-100-1-57,1005,security_file_open,[],4,0,"[{'name': 'pathname', 'type': 'const char*', 'value': '/usr/lib/x86_64-linux-gnu/libc-2.31.so'}, {'name': 'flags', 'type': 'int', 'value': 'O_RDONLY|O_LARGEFILE'}, {'name': 'dev', 'type': 'dev_t', 'value': 211812353}, {'name': 'inode', 'type': 'unsigned long', 'value': 3429}]",0,0
3814.210319,7662,7662,7099,0,4026531840,sshd,ip-10-100-1-57,257,openat,[],4,3,"[{'name': 'dirfd', 'type': 'int', 'value': -100}, {'name': 'pathname', 'type': 'const char*', 'value': '/lib/x86_64-linux-gnu/libc.so.6'}, {'name': 'flags', 'type': 'int', 'value': 'O_RDONLY|O_CLOEXEC'}, {'name': 'mode', 'type': 'mode_t', 'value': 3301527384}]",0,0
3814.21042,7662,7662,7099,0,4026531840,sshd,ip-10-100-1-57,5,fstat,[],2,0,"[{'name': 'fd', 'type': 'int', 'value': 3}, {'name': 'statbuf', 'type': 'struct stat*', 'value': '0x7FFCB028EAF0'}]",0,0
3814.212428,7662,7662,7099,0,4026531840,sshd,ip-10-100-1-57,3,close,"[140367127727643, 140367127643675]",1,0,"[{'name': 'fd', 'type': 'int', 'value': 3}]",0,0
3814.212536,7662,7662,7099,0,4026531840,sshd,ip-10-100-1-57,1005,security_file_open,"[140367127727960, 140367127644621]",4,0,"[{'name': 'pathname', 'type': 'const char*', 'value': '/usr/lib/x86_64-linux-gnu/libnsl-2.31.so'}, {'name': 'flags', 'type': 'int', 'value': 'O_RDONLY|O_LARGEFILE'}, {'name': 'dev', 'type': 'dev_t', 'value': 211812353}, {'name': 'inode', 'type': 'unsigned long', 'value': 3434}]",0,0
3814.212586,7662,7662,7099,0,4026531840,sshd,ip-10-100-1-57,257,openat,[],4,3,"[{'name': 'dirfd', 'type': 'int', 'value': -100}, {'name': 'pathname', 'type': 'const char*', 'value': '/lib/x86_64-linux-gnu/libnsl.so.1'}, {'name': 'flags', 'type': 'int', 'value': 'O_RDONLY|O_CLOEXEC'}, {'name': 'mode', 'type': 'mode_t', 'value': 3301527384}]",0,0
3814.212625,7662,7662,7099,0,4026531840,sshd,ip-10-100-1-57,5,fstat,[],2,0,"[{'name': 'fd', 'type': 'int', 'value': 3}, {'name': 'statbuf', 'type': 'struct stat*', 'value': '0x7FFCB028EAD0'}]",0,0
3814.212739,7662,7662,7099,0,4026531840,sshd,ip-10-100-1-57,3,close,[],1,0,"[{'name': 'fd', 'type': 'int', 'value': 3}]",0,0
3814.212788,7662,7662,7099,0,4026531840,sshd,ip-10-100-1-57,1005,security_file_open,[],4,0,"[{'name': 'pathname', 'type': 'const char*', 'value': '/usr/lib/x86_64-linux-gnu/libcap-ng.so.0.0.0'}, {'name': 'flags', 'type': 'int', 'value': 'O_RDONLY|O_LARGEFILE'}, {'name': 'dev', 'type': 'dev_t', 'value': 211812353}, {'name': 'inode', 'type': 'unsigned long', 'value': 3449}]",0,0
3814.213038,7662,7662,7099,0,4026531840,sshd,ip-10-100-1-57,5,fstat,[],2,0,"[{'name': 'fd', 'type': 'int', 'value': 3}, {'name': 'statbuf', 'type': 'struct stat*', 'value': '0x7FFCB028EAB0'}]",0,0
3814.212963,7662,7662,7099,0,4026531840,sshd,ip-10-100-1-57,257,openat,[],4,3,"[{'name': 'dirfd', 'type': 'int', 'value': -100}, {'name': 'pathname', 'type': 'const char*', 'value': '/lib/x86_64-linux-gnu/libcap-ng.so.0'}, {'name': 'flags', 'type': 'int', 'value': 'O_RDONLY|O_CLOEXEC'}, {'name': 'mode', 'type': 'mode_t', 'value': 3301527384}]",0,0
3814.213124,7662,7662,7099,0,4026531840,sshd,ip-10-100-1-57,3,close,[],1,0,"[{'name': 'fd', 'type': 'int', 'value': 3}]",0,0
3814.213339,7662,7662,7099,0,4026531840,sshd,ip-10-100-1-57,1005,security_file_open,[],4,0,"[{'name': 'pathname', 'type': 'const char*', 'value': '/usr/lib/x86_64-linux-gnu/libdl-2.31.so'}, {'name': 'flags', 'type': 'int', 'value': 'O_RDONLY|O_LARGEFILE'}, {'name': 'dev', 'type': 'dev_t', 'value': 211812353}, {'name': 'inode', 'type': 'unsigned long', 'value': 3430}]",0,0
3814.2134,7662,7662,7099,0,4026531840,sshd,ip-10-100-1-57,257,openat,[],4,3,"[{'name': 'dirfd', 'type': 'int', 'value': -100}, {'name': 'pathname', 'type': 'const char*', 'value': '/lib/x86_64-linux-gnu/libdl.so.2'}, {'name': 'flags', 'type': 'int', 'value': 'O_RDONLY|O_CLOEXEC'}, {'name': 'mode', 'type': 'mode_t', 'value': 3301527384}]",0,0
3814.213457,7662,7662,7099,0,4026531840,sshd,ip-10-100-1-57,5,fstat,[],2,0,"[{'name': 'fd', 'type': 'int', 'value': 3}, {'name': 'statbuf', 'type': 'struct stat*', 'value': '0x7FFCB028EA90'}]",0,0
3814.21369,7662,7662,7099,0,4026531840,sshd,ip-10-100-1-57,3,close,[],1,0,"[{'name': 'fd', 'type': 'int', 'value': 3}]",0,0
3814.213882,7662,7662,7099,0,4026531840,sshd,ip-10-100-1-57,1005,security_file_open,[],4,0,"[{'name': 'pathname', 'type': 'const char*', 'value': '/usr/lib/x86_64-linux-gnu/libpcre2-8.so.0.9.0'}, {'name': 'flags', 'type': 'int', 'value': 'O_RDONLY|O_LARGEFILE'}, {'name': 'dev', 'type': 'dev_t', 'value': 211812353}, {'name': 'inode', 'type': 'unsigned long', 'value': 3806}]",0,0
3814.21398,7662,7662,7099,0,4026531840,sshd,ip-10-100-1-57,257,openat,[],4,3,"[{'name': 'dirfd', 'type': 'int', 'value': -100}, {'name': 'pathname', 'type': 'const char*', 'value': '/lib/x86_64-linux-gnu/libpcre2-8.so.0'}, {'name': 'flags', 'type': 'int', 'value': 'O_RDONLY|O_CLOEXEC'}, {'name': 'mode', 'type': 'mode_t', 'value': 3301527384}]",0,0
3814.214088,7662,7662,7099,0,4026531840,sshd,ip-10-100-1-57,5,fstat,[],2,0,"[{'name': 'fd', 'type': 'int', 'value': 3}, {'name': 'statbuf', 'type': 'struct stat*', 'value': '0x7FFCB028EA70'}]",0,0
3814.214234,7662,7662,7099,0,4026531840,sshd,ip-10-100-1-57,3,close,[],1,0,"[{'name': 'fd', 'type': 'int', 'value': 3}]",0,0
3814.214441,7662,7662,7099,0,4026531840,sshd,ip-10-100-1-57,1005,security_file_open,[],4,0,"[{'name': 'pathname', 'type': 'const char*', 'value': '/usr/lib/x86_64-linux-gnu/librt-2.31.so'}, {'name': 'flags', 'type': 'int', 'value': 'O_RDONLY|O_LARGEFILE'}, {'name': 'dev', 'type': 'dev_t', 'value': 211812353}, {'name': 'inode', 'type': 'unsigned long', 'value': 3444}]",0,0
3814.214552,7662,7662,7099,0,4026531840,sshd,ip-10-100-1-57,257,openat,[],4,3,"[{'name': 'dirfd', 'type': 'int', 'value': -100}, {'name': 'pathname', 'type': 'const char*', 'value': '/lib/x86_64-linux-gnu/librt.so.1'}, {'name': 'flags', 'type': 'int', 'value': 'O_RDONLY|O_CLOEXEC'}, {'name': 'mode', 'type': 'mode_t', 'value': 3301527384}]",0,0
3814.214672,7662,7662,7099,0,4026531840,sshd,ip-10-100-1-57,5,fstat,[],2,0,"[{'name': 'fd', 'type': 'int', 'value': 3}, {'name': 'statbuf', 'type': 'struct stat*', 'value': '0x7FFCB028EA30'}]",0,0
3814.214828,7662,7662,7099,0,4026531840,sshd,ip-10-100-1-57,3,close,[],1,0,"[{'name': 'fd', 'type': 'int', 'value': 3}]",0,0
3814.215049,7662,7662,7099,0,4026531840,sshd,ip-10-100-1-57,1005,security_file_open,[],4,0,"[{'name': 'pathname', 'type': 'const char*', 'value': '/usr/lib/x86_64-linux-gnu/liblzma.so.5.2.4'}, {'name': 'flags', 'type': 'int', 'value': 'O_RDONLY|O_LARGEFILE'}, {'name': 'dev', 'type': 'dev_t', 'value': 211812353}, {'name': 'inode', 'type': 'unsigned long', 'value': 3738}]",0,0
3814.215219,7662,7662,7099,0,4026531840,sshd,ip-10-100-1-57,257,openat,[],4,3,"[{'name': 'dirfd', 'type': 'int', 'value': -100}, {'name': 'pathname', 'type': 'const char*', 'value': '/lib/x86_64-linux-gnu/liblzma.so.5'}, {'name': 'flags', 'type': 'int', 'value': 'O_RDONLY|O_CLOEXEC'}, {'name': 'mode', 'type': 'mode_t', 'value': 3301527384}]",0,0
3814.215406,7662,7662,7099,0,4026531840,sshd,ip-10-100-1-57,3,close,[],1,0,"[{'name': 'fd', 'type': 'int', 'value': 3}]",0,0
3814.21527,7662,7662,7099,0,4026531840,sshd,ip-10-100-1-57,5,fstat,[],2,0,"[{'name': 'fd', 'type': 'int', 'value': 3}, {'name': 'statbuf', 'type': 'struct stat*', 'value': '0x7FFCB028EA10'}]",0,0
3814.215605,7662,7662,7099,0,4026531840,sshd,ip-10-100-1-57,1005,security_file_open,[],4,0,"[{'name': 'pathname', 'type': 'const char*', 'value': '/usr/lib/x86_64-linux-gnu/liblz4.so.1.9.2'}, {'name': 'flags', 'type': 'int', 'value': 'O_RDONLY|O_LARGEFILE'}, {'name': 'dev', 'type': 'dev_t', 'value': 211812353}, {'name': 'inode', 'type': 'unsigned long', 'value': 3743}]",0,0
3814.215773,7662,7662,7099,0,4026531840,sshd,ip-10-100-1-57,257,openat,[],4,3,"[{'name': 'dirfd', 'type': 'int', 'value': -100}, {'name': 'pathname', 'type': 'const char*', 'value': '/lib/x86_64-linux-gnu/liblz4.so.1'}, {'name': 'flags', 'type': 'int', 'value': 'O_RDONLY|O_CLOEXEC'}, {'name': 'mode', 'type': 'mode_t', 'value': 3301527384}]",0,0
3814.215849,7662,7662,7099,0,4026531840,sshd,ip-10-100-1-57,5,fstat,[],2,0,"[{'name': 'fd', 'type': 'int', 'value': 3}, {'name': 'statbuf', 'type': 'struct stat*', 'value': '0x7FFCB028E9F0'}]",0,0
3814.215945,7662,7662,7099,0,4026531840,sshd,ip-10-100-1-57,3,close,[],1,0,"[{'name': 'fd', 'type': 'int', 'value': 3}]",0,0
3814.217856,7662,7662,7099,0,4026531840,sshd,ip-10-100-1-57,1005,security_file_open,"[140367127727960, 140367127644621]",4,0,"[{'name': 'pathname', 'type': 'const char*', 'value': '/usr/lib/x86_64-linux-gnu/libgcrypt.so.20.2.5'}, {'name': 'flags', 'type': 'int', 'value': 'O_RDONLY|O_LARGEFILE'}, {'name': 'dev', 'type': 'dev_t', 'value': 211812353}, {'name': 'inode', 'type': 'unsigned long', 'value': 3462}]",0,0
3814.217926,7662,7662,7099,0,4026531840,sshd,ip-10-100-1-57,257,openat,[],4,3,"[{'name': 'dirfd', 'type': 'int', 'value': -100}, {'name': 'pathname', 'type': 'const char*', 'value': '/lib/x86_64-linux-gnu/libgcrypt.so.20'}, {'name': 'flags', 'type': 'int', 'value': 'O_RDONLY|O_CLOEXEC'}, {'name': 'mode', 'type': 'mode_t', 'value': 3301527384}]",0,0
3814.217992,7662,7662,7099,0,4026531840,sshd,ip-10-100-1-57,5,fstat,[],2,0,"[{'name': 'fd', 'type': 'int', 'value': 3}, {'name': 'statbuf', 'type': 'struct stat*', 'value': '0x7FFCB028E9D0'}]",0,0
3814.21808,7662,7662,7099,0,4026531840,sshd,ip-10-100-1-57,3,close,"[140367127727643, 140367127643675]",1,0,"[{'name': 'fd', 'type': 'int', 'value': 3}]",0,0
3814.218317,7662,7662,7099,0,4026531840,sshd,ip-10-100-1-57,1005,security_file_open,[],4,0,"[{'name': 'pathname', 'type': 'const char*', 'value': '/usr/lib/x86_64-linux-gnu/libpthread-2.31.so'}, {'name': 'flags', 'type': 'int', 'value': 'O_RDONLY|O_LARGEFILE'}, {'name': 'dev', 'type': 'dev_t', 'value': 211812353}, {'name': 'inode', 'type': 'unsigned long', 'value': 3442}]",0,0
3814.218379,7662,7662,7099,0,4026531840,sshd,ip-10-100-1-57,257,openat,[],4,3,"[{'name': 'dirfd', 'type': 'int', 'value': -100}, {'name': 'pathname', 'type': 'const char*', 'value': '/lib/x86_64-linux-gnu/libpthread.so.0'}, {'name': 'flags', 'type': 'int', 'value': 'O_RDONLY|O_CLOEXEC'}, {'name': 'mode', 'type': 'mode_t', 'value': 3301527384}]",0,0
3814.218423,7662,7662,7099,0,4026531840,sshd,ip-10-100-1-57,5,fstat,[],2,0,"[{'name': 'fd', 'type': 'int', 'value': 3}, {'name': 'statbuf', 'type': 'struct stat*', 'value': '0x7FFCB028E9B0'}]",0,0
3814.218665,7662,7662,7099,0,4026531840,sshd,ip-10-100-1-57,3,close,[],1,0,"[{'name': 'fd', 'type': 'int', 'value': 3}]",0,0
3814.218761,7662,7662,7099,0,4026531840,sshd,ip-10-100-1-57,1005,security_file_open,[],4,0,"[{'name': 'pathname', 'type': 'const char*', 'value': '/usr/lib/x86_64-linux-gnu/libk5crypto.so.3.1'}, {'name': 'flags', 'type': 'int', 'value': 'O_RDONLY|O_LARGEFILE'}, {'name': 'dev', 'type': 'dev_t', 'value': 211812353}, {'name': 'inode', 'type': 'unsigned long', 'value': 5201}]",0,0
3814.218936,7662,7662,7099,0,4026531840,sshd,ip-10-100-1-57,257,openat,[],4,3,"[{'name': 'dirfd', 'type': 'int', 'value': -100}, {'name': 'pathname', 'type': 'const char*', 'value': '/lib/x86_64-linux-gnu/libk5crypto.so.3'}, {'name': 'flags', 'type': 'int', 'value': 'O_RDONLY|O_CLOEXEC'}, {'name': 'mode', 'type': 'mode_t', 'value': 3301527384}]",0,0
3814.21899,7662,7662,7099,0,4026531840,sshd,ip-10-100-1-57,5,fstat,[],2,0,"[{'name': 'fd', 'type': 'int', 'value': 3}, {'name': 'statbuf', 'type': 'struct stat*', 'value': '0x7FFCB028E990'}]",0,0
3814.219123,7662,7662,7099,0,4026531840,sshd,ip-10-100-1-57,3,close,[],1,0,"[{'name': 'fd', 'type': 'int', 'value': 3}]",0,0
3814.219301,7662,7662,7099,0,4026531840,sshd,ip-10-100-1-57,1005,security_file_open,[],4,0,"[{'name': 'pathname', 'type': 'const char*', 'value': '/usr/lib/x86_64-linux-gnu/libkrb5support.so.0.1'}, {'name': 'flags', 'type': 'int', 'value': 'O_RDONLY|O_LARGEFILE'}, {'name': 'dev', 'type': 'dev_t', 'value': 211812353}, {'name': 'inode', 'type': 'unsigned long', 'value': 5198}]",0,0
3814.219461,7662,7662,7099,0,4026531840,sshd,ip-10-100-1-57,257,openat,[],4,3,"[{'name': 'dirfd', 'type': 'int', 'value': -100}, {'name': 'pathname', 'type': 'const char*', 'value': '/lib/x86_64-linux-gnu/libkrb5support.so.0'}, {'name': 'flags', 'type': 'int', 'value': 'O_RDONLY|O_CLOEXEC'}, {'name': 'mode', 'type': 'mode_t', 'value': 3301527384}]",0,0
3814.21951,7662,7662,7099,0,4026531840,sshd,ip-10-100-1-57,5,fstat,[],2,0,"[{'name': 'fd', 'type': 'int', 'value': 3}, {'name': 'statbuf', 'type': 'struct stat*', 'value': '0x7FFCB028E970'}]",0,0
3814.219718,7662,7662,7099,0,4026531840,sshd,ip-10-100-1-57,3,close,[],1,0,"[{'name': 'fd', 'type': 'int', 'value': 3}]",0,0
3814.219937,7662,7662,7099,0,4026531840,sshd,ip-10-100-1-57,1005,security_file_open,[],4,0,"[{'name': 'pathname', 'type': 'const char*', 'value': '/usr/lib/x86_64-linux-gnu/libkeyutils.so.1.8'}, {'name': 'flags', 'type': 'int', 'value': 'O_RDONLY|O_LARGEFILE'}, {'name': 'dev', 'type': 'dev_t', 'value': 211812353}, {'name': 'inode', 'type': 'unsigned long', 'value': 5203}]",0,0
3814.220062,7662,7662,7099,0,4026531840,sshd,ip-10-100-1-57,257,openat,[],4,3,"[{'name': 'dirfd', 'type': 'int', 'value': -100}, {'name': 'pathname', 'type': 'const char*', 'value': '/lib/x86_64-linux-gnu/libkeyutils.so.1'}, {'name': 'flags', 'type': 'int', 'value': 'O_RDONLY|O_CLOEXEC'}, {'name': 'mode', 'type': 'mode_t', 'value': 3301527384}]",0,0
3814.220185,7662,7662,7099,0,4026531840,sshd,ip-10-100-1-57,5,fstat,[],2,0,"[{'name': 'fd', 'type': 'int', 'value': 3}, {'name': 'statbuf', 'type': 'struct stat*', 'value': '0x7FFCB028E950'}]",0,0
3814.220399,7662,7662,7099,0,4026531840,sshd,ip-10-100-1-57,3,close,[],1,0,"[{'name': 'fd', 'type': 'int', 'value': 3}]",0,0
3814.220561,7662,7662,7099,0,4026531840,sshd,ip-10-100-1-57,1005,security_file_open,[],4,0,"[{'name': 'pathname', 'type': 'const char*', 'value': '/usr/lib/x86_64-linux-gnu/libresolv-2.31.so'}, {'name': 'flags', 'type': 'int', 'value': 'O_RDONLY|O_LARGEFILE'}, {'name': 'dev', 'type': 'dev_t', 'value': 211812353}, {'name': 'inode', 'type': 'unsigned long', 'value': 3443}]",0,0
3814.220747,7662,7662,7099,0,4026531840,sshd,ip-10-100-1-57,257,openat,[],4,3,"[{'name': 'dirfd', 'type': 'int', 'value': -100}, {'name': 'pathname', 'type': 'const char*', 'value': '/lib/x86_64-linux-gnu/libresolv.so.2'}, {'name': 'flags', 'type': 'int', 'value': 'O_RDONLY|O_CLOEXEC'}, {'name': 'mode', 'type': 'mode_t', 'value': 3301527384}]",0,0
3814.220796,7662,7662,7099,0,4026531840,sshd,ip-10-100-1-57,5,fstat,[],2,0,"[{'name': 'fd', 'type': 'int', 'value': 3}, {'name': 'statbuf', 'type': 'struct stat*', 'value': '0x7FFCB028E930'}]",0,0
3814.220942,7662,7662,7099,0,4026531840,sshd,ip-10-100-1-57,3,close,[],1,0,"[{'name': 'fd', 'type': 'int', 'value': 3}]",0,0
3814.221145,7662,7662,7099,0,4026531840,sshd,ip-10-100-1-57,1005,security_file_open,[],4,0,"[{'name': 'pathname', 'type': 'const char*', 'value': '/usr/lib/x86_64-linux-gnu/libgpg-error.so.0.28.0'}, {'name': 'flags', 'type': 'int', 'value': 'O_RDONLY|O_LARGEFILE'}, {'name': 'dev', 'type': 'dev_t', 'value': 211812353}, {'name': 'inode', 'type': 'unsigned long', 'value': 3740}]",0,0
3814.221324,7662,7662,7099,0,4026531840,sshd,ip-10-100-1-57,257,openat,[],4,3,"[{'name': 'dirfd', 'type': 'int', 'value': -100}, {'name': 'pathname', 'type': 'const char*', 'value': '/lib/x86_64-linux-gnu/libgpg-error.so.0'}, {'name': 'flags', 'type': 'int', 'value': 'O_RDONLY|O_CLOEXEC'}, {'name': 'mode', 'type': 'mode_t', 'value': 3301527384}]",0,0
3814.221398,7662,7662,7099,0,4026531840,sshd,ip-10-100-1-57,5,fstat,[],2,0,"[{'name': 'fd', 'type': 'int', 'value': 3}, {'name': 'statbuf', 'type': 'struct stat*', 'value': '0x7FFCB028E910'}]",0,0
3814.22161,7662,7662,7099,0,4026531840,sshd,ip-10-100-1-57,3,close,[],1,0,"[{'name': 'fd', 'type': 'int', 'value': 3}]",0,0
3814.225039,7662,7662,7099,0,4026531840,sshd,ip-10-100-1-57,1005,security_file_open,[],4,0,"[{'name': 'pathname', 'type': 'const char*', 'value': '/proc/filesystems'}, {'name': 'flags', 'type': 'int', 'value': 'O_RDONLY|O_LARGEFILE'}, {'name': 'dev', 'type': 'dev_t', 'value': 5}, {'name': 'inode', 'type': 'unsigned long', 'value': 4026532130}]",0,0
3814.226971,7662,7662,7099,0,4026531840,sshd,ip-10-100-1-57,257,openat,[],4,3,"[{'name': 'dirfd', 'type': 'int', 'value': -100}, {'name': 'pathname', 'type': 'const char*', 'value': '/proc/filesystems'}, {'name': 'flags', 'type': 'int', 'value': 'O_RDONLY|O_CLOEXEC'}, {'name': 'mode', 'type': 'mode_t', 'value': 3294629547}]",0,0
3814.22718,7662,7662,7099,0,4026531840,sshd,ip-10-100-1-57,5,fstat,[140367120828041],2,0,"[{'name': 'fd', 'type': 'int', 'value': 3}, {'name': 'statbuf', 'type': 'struct stat*', 'value': '0x7FFCB028F830'}]",0,0
3814.227312,7662,7662,7099,0,4026531840,sshd,ip-10-100-1-57,3,close,[140367120852139],1,0,"[{'name': 'fd', 'type': 'int', 'value': 3}]",0,0
3814.227478,7662,7662,7099,0,4026531840,sshd,ip-10-100-1-57,21,access,[],2,-2,"[{'name': 'pathname', 'type': 'const char*', 'value': '/etc/selinux/config'}, {'name': 'mode', 'type': 'mode_t', 'value': 'F_OK'}]",0,0
3814.227557,7662,7662,7099,0,4026531840,sshd,ip-10-100-1-57,1003,cap_capable,[],1,0,"[{'name': 'cap', 'type': 'int', 'value': 'CAP_SETGID'}]",0,0
3814.227772,7662,7662,7099,0,4026531840,sshd,ip-10-100-1-57,1005,security_file_open,[],4,0,"[{'name': 'pathname', 'type': 'const char*', 'value': '/dev/null'}, {'name': 'flags', 'type': 'int', 'value': 'O_RDWR|O_LARGEFILE'}, {'name': 'dev', 'type': 'dev_t', 'value': 6}, {'name': 'inode', 'type': 'unsigned long', 'value': 6}]",0,0
3814.227879,7662,7662,7099,0,4026531840,sshd,ip-10-100-1-57,257,openat,[],4,3,"[{'name': 'dirfd', 'type': 'int', 'value': -100}, {'name': 'pathname', 'type': 'const char*', 'value': '/dev/null'}, {'name': 'flags', 'type': 'int', 'value': 'O_RDWR'}, {'name': 'mode', 'type': 'mode_t', 'value': 3294629547}]",0,0
3814.227981,7662,7662,7099,0,4026531840,sshd,ip-10-100-1-57,3,close,[],1,0,"[{'name': 'fd', 'type': 'int', 'value': 3}]",0,0
3814.230319,7662,7662,7099,0,4026531840,sshd,ip-10-100-1-57,1005,security_file_open,[],4,0,"[{'name': 'pathname', 'type': 'const char*', 'value': '/etc/ssl/openssl.cnf'}, {'name': 'flags', 'type': 'int', 'value': 'O_RDONLY|O_LARGEFILE'}, {'name': 'dev', 'type': 'dev_t', 'value': 211812353}, {'name': 'inode', 'type': 'unsigned long', 'value': 1152}]",0,0
3814.231693,7662,7662,7099,0,4026531840,sshd,ip-10-100-1-57,257,openat,[],4,3,"[{'name': 'dirfd', 'type': 'int', 'value': -100}, {'name': 'pathname', 'type': 'const char*', 'value': '/usr/lib/ssl/openssl.cnf'}, {'name': 'flags', 'type': 'int', 'value': 'O_RDONLY'}, {'name': 'mode', 'type': 'mode_t', 'value': 3294629547}]",0,0
3814.231773,7662,7662,7099,0,4026531840,sshd,ip-10-100-1-57,5,fstat,[140367120828041],2,0,"[{'name': 'fd', 'type': 'int', 'value': 3}, {'name': 'statbuf', 'type': 'struct stat*', 'value': '0x7FFCB028EC40'}]",0,0
3814.232714,7662,7662,7099,0,4026531840,sshd,ip-10-100-1-57,3,close,[140367120852139],1,0,"[{'name': 'fd', 'type': 'int', 'value': 3}]",0,0
3814.233601,7662,7662,7099,0,4026531840,sshd,ip-10-100-1-57,1005,security_file_open,[],4,0,"[{'name': 'pathname', 'type': 'const char*', 'value': '/proc/7662/fd'}, {'name': 'flags', 'type': 'int', 'value': 'O_RDONLY|O_NONBLOCK|O_LARGEFILE|O_DIRECTORY'}, {'name': 'dev', 'type': 'dev_t', 'value': 5}, {'name': 'inode', 'type': 'unsigned long', 'value': 48335}]",0,0
3814.233797,7662,7662,7099,0,4026531840,sshd,ip-10-100-1-57,257,openat,[],4,3,"[{'name': 'dirfd', 'type': 'int', 'value': -100}, {'name': 'pathname', 'type': 'const char*', 'value': '/proc/7662/fd'}, {'name': 'flags', 'type': 'int', 'value': 'O_RDONLY|O_NONBLOCK|O_DIRECTORY|O_CLOEXEC'}, {'name': 'mode', 'type': 'mode_t', 'value': 3294651996}]",0,0
3814.233842,7662,7662,7099,0,4026531840,sshd,ip-10-100-1-57,5,fstat,[140367120828041],2,0,"[{'name': 'fd', 'type': 'int', 'value': 3}, {'name': 'statbuf', 'type': 'struct stat*', 'value': '0x7FFCB028DFE0'}]",0,0
3814.233923,7662,7662,7099,0,4026531840,sshd,ip-10-100-1-57,217,getdents64,[],3,192,"[{'name': 'fd', 'type': 'int', 'value': 3}, {'name': 'dirp', 'type': 'struct linux_dirent64*', 'value': '0x55A6A375C490'}, {'name': 'count', 'type': 'size_t', 'value': 32768}]",0,0
3814.234117,7662,7662,7099,0,4026531840,sshd,ip-10-100-1-57,217,getdents64,[],3,0,"[{'name': 'fd', 'type': 'int', 'value': 3}, {'name': 'dirp', 'type': 'struct linux_dirent64*', 'value': '0x55A6A375C490'}, {'name': 'count', 'type': 'size_t', 'value': 32768}]",0,0
3814.234162,7662,7662,7099,0,4026531840,sshd,ip-10-100-1-57,3,close,[140367120852139],1,0,"[{'name': 'fd', 'type': 'int', 'value': 3}]",0,0
3814.234253,7662,7662,7099,0,4026531840,sshd,ip-10-100-1-57,32,dup,[],1,3,"[{'name': 'oldfd', 'type': 'int', 'value': 4}]",0,0
3814.234309,7662,7662,7099,0,4026531840,sshd,ip-10-100-1-57,3,close,[],1,0,"[{'name': 'fd', 'type': 'int', 'value': 4}]",0,0
3814.234577,7662,7662,7099,0,4026531840,sshd,ip-10-100-1-57,1005,security_file_open,[],4,0,"[{'name': 'pathname', 'type': 'const char*', 'value': '/etc/gai.conf'}, {'name': 'flags', 'type': 'int', 'value': 'O_RDONLY|O_LARGEFILE'}, {'name': 'dev', 'type': 'dev_t', 'value': 211812353}, {'name': 'inode', 'type': 'unsigned long', 'value': 535}]",0,0
3814.234767,7662,7662,7099,0,4026531840,sshd,ip-10-100-1-57,257,openat,[],4,4,"[{'name': 'dirfd', 'type': 'int', 'value': -100}, {'name': 'pathname', 'type': 'const char*', 'value': '/etc/gai.conf'}, {'name': 'flags', 'type': 'int', 'value': 'O_RDONLY|O_CLOEXEC'}, {'name': 'mode', 'type': 'mode_t', 'value': 3294651996}]",0,0
3814.234848,7662,7662,7099,0,4026531840,sshd,ip-10-100-1-57,5,fstat,[140367120828041],2,0,"[{'name': 'fd', 'type': 'int', 'value': 4}, {'name': 'statbuf', 'type': 'struct stat*', 'value': '0x7FFCB028E910'}]",0,0
3814.234956,7662,7662,7099,0,4026531840,sshd,ip-10-100-1-57,5,fstat,[],2,0,"[{'name': 'fd', 'type': 'int', 'value': 4}, {'name': 'statbuf', 'type': 'struct stat*', 'value': '0x7FFCB028E700'}]",0,0
3814.235039,7662,7662,7099,0,4026531840,sshd,ip-10-100-1-57,3,close,[],1,0,"[{'name': 'fd', 'type': 'int', 'value': 4}]",0,0
3814.235275,7662,7662,7099,0,4026531840,sshd,ip-10-100-1-57,49,bind,[],3,0,"[{'name': 'sockfd', 'type': 'int', 'value': 4}, {'name': 'addr', 'type': 'void*', 'value': ""{'sa_family': 'AF_NETLINK'}""}, {'name': 'addrlen', 'type': 'int*', 'value': 12}]",0,0
3814.235228,7662,7662,7099,0,4026531840,sshd,ip-10-100-1-57,41,socket,[],3,4,"[{'name': 'domain', 'type': 'int', 'value': 'AF_NETLINK'}, {'name': 'type', 'type': 'const char*', 'value': 'SOCK_RAW|SOCK_CLOEXEC'}, {'name': 'protocol', 'type': 'int', 'value': 0}]",0,0
3814.235323,7662,7662,7099,0,4026531840,sshd,ip-10-100-1-57,51,getsockname,"[140367120905163, 140367120800201, 94174172027593, 94174172024866]",3,0,"[{'name': 'sockfd', 'type': 'int', 'value': 4}, {'name': 'addr', 'type': 'void*', 'value': ""{'sa_family': 'AF_NETLINK'}""}, {'name': 'addrlen', 'type': 'int*', 'value': '0x7FFCB028E8F4'}]",0,0
3814.235535,7662,7662,7099,0,4026531840,sshd,ip-10-100-1-57,41,socket,"[140367120906507, 140367121149232, 140367121140518, 140367120800201, 94174172027593, 94174172024866]",3,6,"[{'name': 'domain', 'type': 'int', 'value': 'AF_UNIX'}, {'name': 'type', 'type': 'const char*', 'value': 'SOCK_STREAM|SOCK_NONBLOCK|SOCK_CLOEXEC'}, {'name': 'protocol', 'type': 'int', 'value': 0}]",0,0
3814.235716,7662,7662,7099,0,4026531840,sshd,ip-10-100-1-57,42,connect,[],3,-2,"[{'name': 'sockfd', 'type': 'int', 'value': 6}, {'name': 'addr', 'type': 'struct sockaddr*', 'value': ""{'sa_family': 'AF_UNIX','sun_path': '/var/run/nscd/socket'}""}, {'name': 'addrlen', 'type': 'int*', 'value': 110}]",0,0
3814.235854,7662,7662,7099,0,4026531840,sshd,ip-10-100-1-57,3,close,[],1,0,"[{'name': 'fd', 'type': 'int', 'value': 6}]",0,0
3814.235901,7662,7662,7099,0,4026531840,sshd,ip-10-100-1-57,3,close,[],1,0,"[{'name': 'fd', 'type': 'int', 'value': 4}]",0,0
3814.236072,7662,7662,7099,0,4026531840,sshd,ip-10-100-1-57,41,socket,[],3,4,"[{'name': 'domain', 'type': 'int', 'value': 'AF_INET6'}, {'name': 'type', 'type': 'const char*', 'value': 'SOCK_DGRAM|SOCK_CLOEXEC'}, {'name': 'protocol', 'type': 'int', 'value': 0}]",0,0
3814.236147,7662,7662,7099,0,4026531840,sshd,ip-10-100-1-57,42,connect,[],3,0,"[{'name': 'sockfd', 'type': 'int', 'value': 4}, {'name': 'addr', 'type': 'struct sockaddr*', 'value': ""{'sin6_port': '22','sin6_flowinfo': '0','sin6_addr': '::','sin6_scopeid': '0','sa_family': 'AF_INET6'}""}, {'name': 'addrlen', 'type': 'int*', 'value': 28}]",0,0
3814.236183,7662,7662,7099,0,4026531840,sshd,ip-10-100-1-57,51,getsockname,"[140367120905163, 94174172027593, 94174172024866]",3,0,"[{'name': 'sockfd', 'type': 'int', 'value': 4}, {'name': 'addr', 'type': 'void*', 'value': ""{'sin6_port': '57520','sin6_flowinfo': '0','sin6_addr': '::1','sin6_scopeid': '0','sa_family': 'AF_INET6'}""}, {'name': 'addrlen', 'type': 'int*', 'value': '0x7FFCB028EAE0'}]",0,0
3814.236238,7662,7662,7099,0,4026531840,sshd,ip-10-100-1-57,42,connect,[],3,0,"[{'name': 'sockfd', 'type': 'int', 'value': 4}, {'name': 'addr', 'type': 'struct sockaddr*', 'value': ""{'sa_family': 'AF_UNSPEC'}""}, {'name': 'addrlen', 'type': 'int*', 'value': 16}]",0,0
3814.23632,7662,7662,7099,0,4026531840,sshd,ip-10-100-1-57,42,connect,[],3,0,"[{'name': 'sockfd', 'type': 'int', 'value': 4}, {'name': 'addr', 'type': 'struct sockaddr*', 'value': ""{'sa_family': 'AF_INET','sin_port': '22','sin_addr': '0.0.0.0'}""}, {'name': 'addrlen', 'type': 'int*', 'value': 16}]",0,0
3814.236478,7662,7662,7099,0,4026531840,sshd,ip-10-100-1-57,51,getsockname,[],3,0,"[{'name': 'sockfd', 'type': 'int', 'value': 4}, {'name': 'addr', 'type': 'void*', 'value': ""{'sa_family': 'AF_INET6','sin6_port': '47354','sin6_flowinfo': '0','sin6_addr': '127.0.0.1','sin6_scopeid': '0'}""}, {'name': 'addrlen', 'type': 'int*', 'value': '0x7FFCB028EAE0'}]",0,0
3814.236518,7662,7662,7099,0,4026531840,sshd,ip-10-100-1-57,3,close,[],1,0,"[{'name': 'fd', 'type': 'int', 'value': 4}]",0,0
3814.236801,7662,7662,7099,0,4026531840,sshd,ip-10-100-1-57,41,socket,"[140367120906507, 140367121149232, 140367121150367, 11778495497684123648]",3,4,"[{'name': 'domain', 'type': 'int', 'value': 'AF_UNIX'}, {'name': 'type', 'type': 'const char*', 'value': 'SOCK_STREAM|SOCK_NONBLOCK|SOCK_CLOEXEC'}, {'name': 'protocol', 'type': 'int', 'value': 0}]",0,0
3814.236875,7662,7662,7099,0,4026531840,sshd,ip-10-100-1-57,42,connect,[],3,-2,"[{'name': 'sockfd', 'type': 'int', 'value': 4}, {'name': 'addr', 'type': 'struct sockaddr*', 'value': ""{'sa_family': 'AF_UNIX','sun_path': '/var/run/nscd/socket'}""}, {'name': 'addrlen', 'type': 'int*', 'value': 110}]",0,0
3814.237017,7662,7662,7099,0,4026531840,sshd,ip-10-100-1-57,3,close,[],1,0,"[{'name': 'fd', 'type': 'int', 'value': 4}]",0,0
3814.237079,7662,7662,7099,0,4026531840,sshd,ip-10-100-1-57,41,socket,[],3,4,"[{'name': 'domain', 'type': 'int', 'value': 'AF_UNIX'}, {'name': 'type', 'type': 'const char*', 'value': 'SOCK_STREAM|SOCK_NONBLOCK|SOCK_CLOEXEC'}, {'name': 'protocol', 'type': 'int', 'value': 0}]",0,0
3814.23712,7662,7662,7099,0,4026531840,sshd,ip-10-100-1-57,42,connect,"[140367120904967, 140367121150987, 94174195326784]",3,-2,"[{'name': 'sockfd', 'type': 'int', 'value': 4}, {'name': 'addr', 'type': 'struct sockaddr*', 'value': ""{'sa_family': 'AF_UNIX','sun_path': '/var/run/nscd/socket'}""}, {'name': 'addrlen', 'type': 'int*', 'value': 110}]",0,0
3814.237191,7662,7662,7099,0,4026531840,sshd,ip-10-100-1-57,3,close,[],1,0,"[{'name': 'fd', 'type': 'int', 'value': 4}]",0,0
3814.237356,7662,7662,7099,0,4026531840,sshd,ip-10-100-1-57,1005,security_file_open,[],4,0,"[{'name': 'pathname', 'type': 'const char*', 'value': '/etc/nsswitch.conf'}, {'name': 'flags', 'type': 'int', 'value': 'O_RDONLY|O_LARGEFILE'}, {'name': 'dev', 'type': 'dev_t', 'value': 211812353}, {'name': 'inode', 'type': 'unsigned long', 'value': 22}]",0,0
3814.23752,7662,7662,7099,0,4026531840,sshd,ip-10-100-1-57,257,openat,[],4,4,"[{'name': 'dirfd', 'type': 'int', 'value': -100}, {'name': 'pathname', 'type': 'const char*', 'value': '/etc/nsswitch.conf'}, {'name': 'flags', 'type': 'int', 'value': 'O_RDONLY|O_CLOEXEC'}, {'name': 'mode', 'type': 'mode_t', 'value': 3294651996}]",0,0
3814.237565,7662,7662,7099,0,4026531840,sshd,ip-10-100-1-57,5,fstat,[],2,0,"[{'name': 'fd', 'type': 'int', 'value': 4}, {'name': 'statbuf', 'type': 'struct stat*', 'value': '0x7FFCB028EDE0'}]",0,0
3814.237803,7662,7662,7099,0,4026531840,sshd,ip-10-100-1-57,3,close,[],1,0,"[{'name': 'fd', 'type': 'int', 'value': 4}]",0,0
3814.237869,7662,7662,7099,0,4026531840,sshd,ip-10-100-1-57,1005,security_file_open,[],4,0,"[{'name': 'pathname', 'type': 'const char*', 'value': '/etc/ld.so.cache'}, {'name': 'flags', 'type': 'int', 'value': 'O_RDONLY|O_LARGEFILE'}, {'name': 'dev', 'type': 'dev_t', 'value': 211812353}, {'name': 'inode', 'type': 'unsigned long', 'value': 62841}]",0,0
3814.237937,7662,7662,7099,0,4026531840,sshd,ip-10-100-1-57,257,openat,[],4,4,"[{'name': 'dirfd', 'type': 'int', 'value': -100}, {'name': 'pathname', 'type': 'const char*', 'value': '/etc/ld.so.cache'}, {'name': 'flags', 'type': 'int', 'value': 'O_RDONLY|O_CLOEXEC'}, {'name': 'mode', 'type': 'mode_t', 'value': 3301527384}]",0,0
3814.238071,7662,7662,7099,0,4026531840,sshd,ip-10-100-1-57,5,fstat,[140367127727401],2,0,"[{'name': 'fd', 'type': 'int', 'value': 4}, {'name': 'statbuf', 'type': 'struct stat*', 'value': '0x7FFCB028E550'}]",0,0
3814.23812,7662,7662,7099,0,4026531840,sshd,ip-10-100-1-57,3,close,[],1,0,"[{'name': 'fd', 'type': 'int', 'value': 4}]",0,0
3814.238184,7662,7662,7099,0,4026531840,sshd,ip-10-100-1-57,1005,security_file_open,"[140367127727960, 140367127644621]",4,0,"[{'name': 'pathname', 'type': 'const char*', 'value': '/usr/lib/x86_64-linux-gnu/libnss_files-2.31.so'}, {'name': 'flags', 'type': 'int', 'value': 'O_RDONLY|O_LARGEFILE'}, {'name': 'dev', 'type': 'dev_t', 'value': 211812353}, {'name': 'inode', 'type': 'unsigned long', 'value': 3437}]",0,0
3814.238352,7662,7662,7099,0,4026531840,sshd,ip-10-100-1-57,257,openat,[],4,4,"[{'name': 'dirfd', 'type': 'int', 'value': -100}, {'name': 'pathname', 'type': 'const char*', 'value': '/lib/x86_64-linux-gnu/libnss_files.so.2'}, {'name': 'flags', 'type': 'int', 'value': 'O_RDONLY|O_CLOEXEC'}, {'name': 'mode', 'type': 'mode_t', 'value': 3301527384}]",0,0
3814.238424,7662,7662,7099,0,4026531840,sshd,ip-10-100-1-57,5,fstat,[],2,0,"[{'name': 'fd', 'type': 'int', 'value': 4}, {'name': 'statbuf', 'type': 'struct stat*', 'value': '0x7FFCB028E5A0'}]",0,0
3814.238663,7662,7662,7099,0,4026531840,sshd,ip-10-100-1-57,3,close,"[140367127727643, 140367127643675]",1,0,"[{'name': 'fd', 'type': 'int', 'value': 4}]",0,0
3814.238797,7662,7662,7099,0,4026531840,sshd,ip-10-100-1-57,1005,security_file_open,[],4,0,"[{'name': 'pathname', 'type': 'const char*', 'value': '/etc/passwd'}, {'name': 'flags', 'type': 'int', 'value': 'O_RDONLY|O_LARGEFILE'}, {'name': 'dev', 'type': 'dev_t', 'value': 211812353}, {'name': 'inode', 'type': 'unsigned long', 'value': 61241}]",0,0
3814.238983,7662,7662,7099,0,4026531840,sshd,ip-10-100-1-57,257,openat,[],4,4,"[{'name': 'dirfd', 'type': 'int', 'value': -100}, {'name': 'pathname', 'type': 'const char*', 'value': '/etc/passwd'}, {'name': 'flags', 'type': 'int', 'value': 'O_RDONLY|O_CLOEXEC'}, {'name': 'mode', 'type': 'mode_t', 'value': 3294651996}]",0,0
3814.239119,7662,7662,7099,0,4026531840,sshd,ip-10-100-1-57,5,fstat,[],2,0,"[{'name': 'fd', 'type': 'int', 'value': 4}, {'name': 'statbuf', 'type': 'struct stat*', 'value': '0x7FFCB028EE10'}]",0,0
3814.239177,7662,7662,7099,0,4026531840,sshd,ip-10-100-1-57,3,close,[],1,0,"[{'name': 'fd', 'type': 'int', 'value': 4}]",0,0
3814.239361,7662,7662,7099,0,4026531840,sshd,ip-10-100-1-57,1005,security_file_open,[],4,0,"[{'name': 'pathname', 'type': 'const char*', 'value': '/etc/ssh/ssh_host_rsa_key'}, {'name': 'flags', 'type': 'int', 'value': 'O_RDONLY|O_LARGEFILE'}, {'name': 'dev', 'type': 'dev_t', 'value': 211812353}, {'name': 'inode', 'type': 'unsigned long', 'value': 61055}]",0,0
3814.239418,7662,7662,7099,0,4026531840,sshd,ip-10-100-1-57,257,openat,[],4,4,"[{'name': 'dirfd', 'type': 'int', 'value': -100}, {'name': 'pathname', 'type': 'const char*', 'value': '/etc/ssh/ssh_host_rsa_key'}, {'name': 'flags', 'type': 'int', 'value': 'O_RDONLY'}, {'name': 'mode', 'type': 'mode_t', 'value': 3294629547}]",0,0
3814.239472,7662,7662,7099,0,4026531840,sshd,ip-10-100-1-57,5,fstat,[],2,0,"[{'name': 'fd', 'type': 'int', 'value': 4}, {'name': 'statbuf', 'type': 'struct stat*', 'value': '0x7FFCB028EFF0'}]",0,0
3814.239583,7662,7662,7099,0,4026531840,sshd,ip-10-100-1-57,5,fstat,[],2,0,"[{'name': 'fd', 'type': 'int', 'value': 4}, {'name': 'statbuf', 'type': 'struct stat*', 'value': '0x7FFCB028DFE0'}]",0,0
3814.244189,7662,7662,7099,0,4026531840,sshd,ip-10-100-1-57,3,close,[140367120832903],1,0,"[{'name': 'fd', 'type': 'int', 'value': 4}]",0,0
3814.246168,7662,7662,7099,0,4026531840,sshd,ip-10-100-1-57,1005,security_file_open,[],4,0,"[{'name': 'pathname', 'type': 'const char*', 'value': '/etc/ssh/ssh_host_rsa_key'}, {'name': 'flags', 'type': 'int', 'value': 'O_RDONLY|O_LARGEFILE'}, {'name': 'dev', 'type': 'dev_t', 'value': 211812353}, {'name': 'inode', 'type': 'unsigned long', 'value': 61055}]",0,0
3814.246887,7662,7662,7099,0,4026531840,sshd,ip-10-100-1-57,257,openat,[],4,4,"[{'name': 'dirfd', 'type': 'int', 'value': -100}, {'name': 'pathname', 'type': 'const char*', 'value': '/etc/ssh/ssh_host_rsa_key'}, {'name': 'flags', 'type': 'int', 'value': 'O_RDONLY'}, {'name': 'mode', 'type': 'mode_t', 'value': 3294629547}]",0,0
3814.246996,7662,7662,7099,0,4026531840,sshd,ip-10-100-1-57,5,fstat,[140367120828041],2,0,"[{'name': 'fd', 'type': 'int', 'value': 4}, {'name': 'statbuf', 'type': 'struct stat*', 'value': '0x7FFCB028EEB0'}]",0,0
3814.247065,7662,7662,7099,0,4026531840,sshd,ip-10-100-1-57,3,close,[140367120852139],1,0,"[{'name': 'fd', 'type': 'int', 'value': 4}]",0,0
3814.247213,7662,7662,7099,0,4026531840,sshd,ip-10-100-1-57,1005,security_file_open,[],4,0,"[{'name': 'pathname', 'type': 'const char*', 'value': '/etc/ssh/ssh_host_rsa_key.pub'}, {'name': 'flags', 'type': 'int', 'value': 'O_RDONLY|O_LARGEFILE'}, {'name': 'dev', 'type': 'dev_t', 'value': 211812353}, {'name': 'inode', 'type': 'unsigned long', 'value': 61060}]",0,0
3814.247261,7662,7662,7099,0,4026531840,sshd,ip-10-100-1-57,257,openat,[],4,4,"[{'name': 'dirfd', 'type': 'int', 'value': -100}, {'name': 'pathname', 'type': 'const char*', 'value': '/etc/ssh/ssh_host_rsa_key.pub'}, {'name': 'flags', 'type': 'int', 'value': 'O_RDONLY'}, {'name': 'mode', 'type': 'mode_t', 'value': 3294629547}]",0,0
3814.247294,7662,7662,7099,0,4026531840,sshd,ip-10-100-1-57,5,fstat,[],2,0,"[{'name': 'fd', 'type': 'int', 'value': 4}, {'name': 'statbuf', 'type': 'struct stat*', 'value': '0x7FFCB028EEB0'}]",0,0
3814.247451,7662,7662,7099,0,4026531840,sshd,ip-10-100-1-57,3,close,[],1,0,"[{'name': 'fd', 'type': 'int', 'value': 4}]",0,0
3814.250762,7662,7662,7099,0,4026531840,sshd,ip-10-100-1-57,1005,security_file_open,[],4,0,"[{'name': 'pathname', 'type': 'const char*', 'value': '/etc/ssh/ssh_host_ecdsa_key'}, {'name': 'flags', 'type': 'int', 'value': 'O_RDONLY|O_LARGEFILE'}, {'name': 'dev', 'type': 'dev_t', 'value': 211812353}, {'name': 'inode', 'type': 'unsigned long', 'value': 61063}]",0,0
3814.251916,7662,7662,7099,0,4026531840,sshd,ip-10-100-1-57,257,openat,[],4,4,"[{'name': 'dirfd', 'type': 'int', 'value': -100}, {'name': 'pathname', 'type': 'const char*', 'value': '/etc/ssh/ssh_host_ecdsa_key'}, {'name': 'flags', 'type': 'int', 'value': 'O_RDONLY'}, {'name': 'mode', 'type': 'mode_t', 'value': 3294629547}]",0,0
3814.251982,7662,7662,7099,0,4026531840,sshd,ip-10-100-1-57,5,fstat,[140367120828041],2,0,"[{'name': 'fd', 'type': 'int', 'value': 4}, {'name': 'statbuf', 'type': 'struct stat*', 'value': '0x7FFCB028EFF0'}]",0,0
3814.252076,7662,7662,7099,0,4026531840,sshd,ip-10-100-1-57,5,fstat,[],2,0,"[{'name': 'fd', 'type': 'int', 'value': 4}, {'name': 'statbuf', 'type': 'struct stat*', 'value': '0x7FFCB028DFE0'}]",0,0
3814.253912,7662,7662,7099,0,4026531840,sshd,ip-10-100-1-57,1005,security_file_open,[],4,0,"[{'name': 'pathname', 'type': 'const char*', 'value': '/etc/ssh/ssh_host_ecdsa_key'}, {'name': 'flags', 'type': 'int', 'value': 'O_RDONLY|O_LARGEFILE'}, {'name': 'dev', 'type': 'dev_t', 'value': 211812353}, {'name': 'inode', 'type': 'unsigned long', 'value': 61063}]",0,0
3814.25308,7662,7662,7099,0,4026531840,sshd,ip-10-100-1-57,3,close,[140367120832903],1,0,"[{'name': 'fd', 'type': 'int', 'value': 4}]",0,0
3814.254008,7662,7662,7099,0,4026531840,sshd,ip-10-100-1-57,257,openat,[],4,4,"[{'name': 'dirfd', 'type': 'int', 'value': -100}, {'name': 'pathname', 'type': 'const char*', 'value': '/etc/ssh/ssh_host_ecdsa_key'}, {'name': 'flags', 'type': 'int', 'value': 'O_RDONLY'}, {'name': 'mode', 'type': 'mode_t', 'value': 3294629547}]",0,0
3814.254064,7662,7662,7099,0,4026531840,sshd,ip-10-100-1-57,5,fstat,[140367120828041],2,0,"[{'name': 'fd', 'type': 'int', 'value': 4}, {'name': 'statbuf', 'type': 'struct stat*', 'value': '0x7FFCB028EEB0'}]",0,0
3814.254252,7662,7662,7099,0,4026531840,sshd,ip-10-100-1-57,3,close,[140367120852139],1,0,"[{'name': 'fd', 'type': 'int', 'value': 4}]",0,0
3814.254326,7662,7662,7099,0,4026531840,sshd,ip-10-100-1-57,1005,security_file_open,[],4,0,"[{'name': 'pathname', 'type': 'const char*', 'value': '/etc/ssh/ssh_host_ecdsa_key.pub'}, {'name': 'flags', 'type': 'int', 'value': 'O_RDONLY|O_LARGEFILE'}, {'name': 'dev', 'type': 'dev_t', 'value': 211812353}, {'name': 'inode', 'type': 'unsigned long', 'value': 61064}]",0,0
3814.254383,7662,7662,7099,0,4026531840,sshd,ip-10-100-1-57,257,openat,[],4,4,"[{'name': 'dirfd', 'type': 'int', 'value': -100}, {'name': 'pathname', 'type': 'const char*', 'value': '/etc/ssh/ssh_host_ecdsa_key.pub'}, {'name': 'flags', 'type': 'int', 'value': 'O_RDONLY'}, {'name': 'mode', 'type': 'mode_t', 'value': 3294629547}]",0,0
3814.254549,7662,7662,7099,0,4026531840,sshd,ip-10-100-1-57,5,fstat,[],2,0,"[{'name': 'fd', 'type': 'int', 'value': 4}, {'name': 'statbuf', 'type': 'struct stat*', 'value': '0x7FFCB028EEB0'}]",0,0
3814.255618,7662,7662,7099,0,4026531840,sshd,ip-10-100-1-57,3,close,[140367120852139],1,0,"[{'name': 'fd', 'type': 'int', 'value': 4}]",0,0
3814.256563,7662,7662,7099,0,4026531840,sshd,ip-10-100-1-57,1005,security_file_open,[],4,0,"[{'name': 'pathname', 'type': 'const char*', 'value': '/etc/ssh/ssh_host_ed25519_key'}, {'name': 'flags', 'type': 'int', 'value': 'O_RDONLY|O_LARGEFILE'}, {'name': 'dev', 'type': 'dev_t', 'value': 211812353}, {'name': 'inode', 'type': 'unsigned long', 'value': 61068}]",0,0
3814.257324,7662,7662,7099,0,4026531840,sshd,ip-10-100-1-57,257,openat,[],4,4,"[{'name': 'dirfd', 'type': 'int', 'value': -100}, {'name': 'pathname', 'type': 'const char*', 'value': '/etc/ssh/ssh_host_ed25519_key'}, {'name': 'flags', 'type': 'int', 'value': 'O_RDONLY'}, {'name': 'mode', 'type': 'mode_t', 'value': 3294629547}]",0,0
3814.257411,7662,7662,7099,0,4026531840,sshd,ip-10-100-1-57,5,fstat,[140367120828041],2,0,"[{'name': 'fd', 'type': 'int', 'value': 4}, {'name': 'statbuf', 'type': 'struct stat*', 'value': '0x7FFCB028EFF0'}]",0,0
3814.257452,7662,7662,7099,0,4026531840,sshd,ip-10-100-1-57,5,fstat,[],2,0,"[{'name': 'fd', 'type': 'int', 'value': 4}, {'name': 'statbuf', 'type': 'struct stat*', 'value': '0x7FFCB028DFE0'}]",0,0
3814.257518,7662,7662,7099,0,4026531840,sshd,ip-10-100-1-57,3,close,[140367120832903],1,0,"[{'name': 'fd', 'type': 'int', 'value': 4}]",0,0
3814.257723,7662,7662,7099,0,4026531840,sshd,ip-10-100-1-57,1005,security_file_open,[],4,0,"[{'name': 'pathname', 'type': 'const char*', 'value': '/etc/ssh/ssh_host_ed25519_key'}, {'name': 'flags', 'type': 'int', 'value': 'O_RDONLY|O_LARGEFILE'}, {'name': 'dev', 'type': 'dev_t', 'value': 211812353}, {'name': 'inode', 'type': 'unsigned long', 'value': 61068}]",0,0
3814.258644,7662,7662,7099,0,4026531840,sshd,ip-10-100-1-57,257,openat,[],4,4,"[{'name': 'dirfd', 'type': 'int', 'value': -100}, {'name': 'pathname', 'type': 'const char*', 'value': '/etc/ssh/ssh_host_ed25519_key'}, {'name': 'flags', 'type': 'int', 'value': 'O_RDONLY'}, {'name': 'mode', 'type': 'mode_t', 'value': 3294629547}]",0,0
3814.258721,7662,7662,7099,0,4026531840,sshd,ip-10-100-1-57,5,fstat,[140367120828041],2,0,"[{'name': 'fd', 'type': 'int', 'value': 4}, {'name': 'statbuf', 'type': 'struct stat*', 'value': '0x7FFCB028EEB0'}]",0,0
3814.258771,7662,7662,7099,0,4026531840,sshd,ip-10-100-1-57,3,close,[140367120852139],1,0,"[{'name': 'fd', 'type': 'int', 'value': 4}]",0,0
3814.258815,7662,7662,7099,0,4026531840,sshd,ip-10-100-1-57,1005,security_file_open,[],4,0,"[{'name': 'pathname', 'type': 'const char*', 'value': '/etc/ssh/ssh_host_ed25519_key.pub'}, {'name': 'flags', 'type': 'int', 'value': 'O_RDONLY|O_LARGEFILE'}, {'name': 'dev', 'type': 'dev_t', 'value': 211812353}, {'name': 'inode', 'type': 'unsigned long', 'value': 61069}]",0,0
3814.258857,7662,7662,7099,0,4026531840,sshd,ip-10-100-1-57,257,openat,[],4,4,"[{'name': 'dirfd', 'type': 'int', 'value': -100}, {'name': 'pathname', 'type': 'const char*', 'value': '/etc/ssh/ssh_host_ed25519_key.pub'}, {'name': 'flags', 'type': 'int', 'value': 'O_RDONLY'}, {'name': 'mode', 'type': 'mode_t', 'value': 3294629547}]",0,0
3814.258931,7662,7662,7099,0,4026531840,sshd,ip-10-100-1-57,5,fstat,[],2,0,"[{'name': 'fd', 'type': 'int', 'value': 4}, {'name': 'statbuf', 'type': 'struct stat*', 'value': '0x7FFCB028EEB0'}]",0,0
3814.258993,7662,7662,7099,0,4026531840,sshd,ip-10-100-1-57,3,close,[],1,0,"[{'name': 'fd', 'type': 'int', 'value': 4}]",0,0
3814.259963,7662,7662,7099,0,4026531840,sshd,ip-10-100-1-57,4,stat,[],2,0,"[{'name': 'pathname', 'type': 'const char*', 'value': '/run/sshd'}, {'name': 'statbuf', 'type': 'struct stat*', 'value': '0x7FFCB028F180'}]",0,0
3814.260113,7662,7662,7099,0,4026531840,sshd,ip-10-100-1-57,1003,cap_capable,[],1,0,"[{'name': 'cap', 'type': 'int', 'value': 'CAP_SETGID'}]",0,0
3814.260842,7662,7662,7099,0,4026531840,sshd,ip-10-100-1-57,1005,security_file_open,[],4,0,"[{'name': 'pathname', 'type': 'const char*', 'value': '/dev/tty'}, {'name': 'flags', 'type': 'int', 'value': 'O_RDONLY|O_NOCTTY|O_LARGEFILE'}, {'name': 'dev', 'type': 'dev_t', 'value': 6}, {'name': 'inode', 'type': 'unsigned long', 'value': 13}]",0,0
3814.260938,7662,7662,7099,0,4026531840,sshd,ip-10-100-1-57,257,openat,[],4,-6,"[{'name': 'dirfd', 'type': 'int', 'value': -100}, {'name': 'pathname', 'type': 'const char*', 'value': '/dev/tty'}, {'name': 'flags', 'type': 'int', 'value': 'O_RDONLY|O_NOCTTY'}, {'name': 'mode', 'type': 'mode_t', 'value': 3294629547}]",0,0
3814.260993,7662,7662,7099,0,4026531840,sshd,ip-10-100-1-57,3,close,[],1,0,"[{'name': 'fd', 'type': 'int', 'value': 5}]",0,0
3814.261033,7662,7662,7099,0,4026531840,sshd,ip-10-100-1-57,32,dup,[],1,4,"[{'name': 'oldfd', 'type': 'int', 'value': 0}]",0,0
3814.261114,7662,7662,7099,0,4026531840,sshd,ip-10-100-1-57,1005,security_file_open,[],4,0,"[{'name': 'pathname', 'type': 'const char*', 'value': '/dev/null'}, {'name': 'flags', 'type': 'int', 'value': 'O_RDWR|O_LARGEFILE'}, {'name': 'dev', 'type': 'dev_t', 'value': 6}, {'name': 'inode', 'type': 'unsigned long', 'value': 6}]",0,0
3814.261287,7662,7662,7099,0,4026531840,sshd,ip-10-100-1-57,257,openat,[],4,5,"[{'name': 'dirfd', 'type': 'int', 'value': -100}, {'name': 'pathname', 'type': 'const char*', 'value': '/dev/null'}, {'name': 'flags', 'type': 'int', 'value': 'O_RDWR'}, {'name': 'mode', 'type': 'mode_t', 'value': 3294629547}]",0,0
3814.261329,7662,7662,7099,0,4026531840,sshd,ip-10-100-1-57,33,dup2,[140367120833083],2,0,"[{'name': 'oldfd', 'type': 'int', 'value': 5}, {'name': 'newfd', 'type': 'int', 'value': 0}]",0,0
3814.261362,7662,7662,7099,0,4026531840,sshd,ip-10-100-1-57,33,dup2,[],2,1,"[{'name': 'oldfd', 'type': 'int', 'value': 5}, {'name': 'newfd', 'type': 'int', 'value': 1}]",0,0
3814.261394,7662,7662,7099,0,4026531840,sshd,ip-10-100-1-57,33,dup2,[],2,2,"[{'name': 'oldfd', 'type': 'int', 'value': 5}, {'name': 'newfd', 'type': 'int', 'value': 2}]",0,0
3814.261445,7662,7662,7099,0,4026531840,sshd,ip-10-100-1-57,3,close,[140367120832903],1,0,"[{'name': 'fd', 'type': 'int', 'value': 5}]",0,0
3814.26158,7662,7662,7099,0,4026531840,sshd,ip-10-100-1-57,51,getsockname,[140367120905163],3,0,"[{'name': 'sockfd', 'type': 'int', 'value': 4}, {'name': 'addr', 'type': 'void*', 'value': ""{'sa_family': 'AF_INET','sin_port': '22','sin_addr': '10.100.1.57'}""}, {'name': 'addrlen', 'type': 'int*', 'value': '0x7FFCB028EBEC'}]",0,0
3814.261767,7662,7662,7099,0,4026531840,sshd,ip-10-100-1-57,51,getsockname,[],3,0,"[{'name': 'sockfd', 'type': 'int', 'value': 4}, {'name': 'addr', 'type': 'void*', 'value': ""{'sa_family': 'AF_INET','sin_port': '22','sin_addr': '10.100.1.57'}""}, {'name': 'addrlen', 'type': 'int*', 'value': '0x7FFCB028EFDC'}]",0,0
3814.261967,7662,7662,7099,0,4026531840,sshd,ip-10-100-1-57,51,getsockname,[140367120905163],3,0,"[{'name': 'sockfd', 'type': 'int', 'value': 4}, {'name': 'addr', 'type': 'void*', 'value': ""{'sa_family': 'AF_INET','sin_port': '22','sin_addr': '10.100.1.57'}""}, {'name': 'addrlen', 'type': 'int*', 'value': '0x7FFCB028D0CC'}]",0,0
3814.262148,7662,7662,7099,0,4026531840,sshd,ip-10-100-1-57,1005,security_file_open,"[140367120830123, 8606216625671009140]",4,0,"[{'name': 'pathname', 'type': 'const char*', 'value': '/etc/hosts.allow'}, {'name': 'flags', 'type': 'int', 'value': 'O_RDONLY|O_LARGEFILE'}, {'name': 'dev', 'type': 'dev_t', 'value': 211812353}, {'name': 'inode', 'type': 'unsigned long', 'value': 757}]",0,0
3814.262246,7662,7662,7099,0,4026531840,sshd,ip-10-100-1-57,257,openat,[],4,5,"[{'name': 'dirfd', 'type': 'int', 'value': -100}, {'name': 'pathname', 'type': 'const char*', 'value': '/etc/hosts.allow'}, {'name': 'flags', 'type': 'int', 'value': 'O_RDONLY'}, {'name': 'mode', 'type': 'mode_t', 'value': 3294629547}]",0,0
3814.26241,7662,7662,7099,0,4026531840,sshd,ip-10-100-1-57,5,fstat,[140367120828041],2,0,"[{'name': 'fd', 'type': 'int', 'value': 5}, {'name': 'statbuf', 'type': 'struct stat*', 'value': '0x7FFCB028E660'}]",0,0
3814.262471,7662,7662,7099,0,4026531840,sshd,ip-10-100-1-57,3,close,[140367120852139],1,0,"[{'name': 'fd', 'type': 'int', 'value': 5}]",0,0
3814.262525,7662,7662,7099,0,4026531840,sshd,ip-10-100-1-57,1005,security_file_open,[],4,0,"[{'name': 'pathname', 'type': 'const char*', 'value': '/etc/hosts.deny'}, {'name': 'flags', 'type': 'int', 'value': 'O_RDONLY|O_LARGEFILE'}, {'name': 'dev', 'type': 'dev_t', 'value': 211812353}, {'name': 'inode', 'type': 'unsigned long', 'value': 758}]",0,0
3814.262646,7662,7662,7099,0,4026531840,sshd,ip-10-100-1-57,257,openat,[],4,5,"[{'name': 'dirfd', 'type': 'int', 'value': -100}, {'name': 'pathname', 'type': 'const char*', 'value': '/etc/hosts.deny'}, {'name': 'flags', 'type': 'int', 'value': 'O_RDONLY'}, {'name': 'mode', 'type': 'mode_t', 'value': 3294629547}]",0,0
3814.262829,7662,7662,7099,0,4026531840,sshd,ip-10-100-1-57,5,fstat,[],2,0,"[{'name': 'fd', 'type': 'int', 'value': 5}, {'name': 'statbuf', 'type': 'struct stat*', 'value': '0x7FFCB028E660'}]",0,0
3814.262886,7662,7662,7099,0,4026531840,sshd,ip-10-100-1-57,3,close,[],1,0,"[{'name': 'fd', 'type': 'int', 'value': 5}]",0,0
3814.262977,7662,7662,7099,0,4026531840,sshd,ip-10-100-1-57,51,getsockname,[],3,0,"[{'name': 'sockfd', 'type': 'int', 'value': 4}, {'name': 'addr', 'type': 'void*', 'value': ""{'sa_family': 'AF_INET','sin_port': '22','sin_addr': '10.100.1.57'}""}, {'name': 'addrlen', 'type': 'int*', 'value': '0x7FFCB028EC3C'}]",0,0
3814.500527,7662,7662,7099,0,4026531840,sshd,ip-10-100-1-57,56,clone,[],5,7663,"[{'name': 'flags', 'type': 'unsigned int', 'value': 'CLONE_CHILD_CLEARTID|CLONE_CHILD_SETTID'}, {'name': 'stack', 'type': 'void*', 'value': '0x0'}, {'name': 'parent_tid', 'type': 'int*', 'value': '0x0'}, {'name': 'child_tid', 'type': 'int*', 'value': '0x7FA9C45D60BF'}, {'name': 'tls', 'type': 'unsigned long', 'value': 0}]",0,0
3814.500645,7662,7662,7099,0,4026531840,sshd,ip-10-100-1-57,3,close,"[140367120832903, 94174195419824]",1,0,"[{'name': 'fd', 'type': 'int', 'value': 5}]",0,0
3814.500684,7662,7662,7099,0,4026531840,sshd,ip-10-100-1-57,3,close,[],1,0,"[{'name': 'fd', 'type': 'int', 'value': 8}]",0,0
3814.500881,7663,7663,7662,0,4026531840,sshd,ip-10-100-1-57,3,close,[],1,0,"[{'name': 'fd', 'type': 'int', 'value': 6}]",0,0
3814.500918,7663,7663,7662,0,4026531840,sshd,ip-10-100-1-57,3,close,[],1,0,"[{'name': 'fd', 'type': 'int', 'value': 7}]",0,0
3814.501772,7663,7663,7662,0,4026531840,sshd,ip-10-100-1-57,6,lstat,[],2,-2,"[{'name': 'pathname', 'type': 'const char*', 'value': '/etc/gss/mech'}, {'name': 'statbuf', 'type': 'struct stat*', 'value': '0x7FFCB028EE10'}]",0,0
3814.501859,7663,7663,7662,0,4026531840,sshd,ip-10-100-1-57,1005,security_file_open,[],4,0,"[{'name': 'pathname', 'type': 'const char*', 'value': '/etc/gss/mech.d'}, {'name': 'flags', 'type': 'int', 'value': 'O_RDONLY|O_NONBLOCK|O_LARGEFILE|O_DIRECTORY'}, {'name': 'dev', 'type': 'dev_t', 'value': 211812353}, {'name': 'inode', 'type': 'unsigned long', 'value': 1421}]",0,0
3814.501908,7663,7663,7662,0,4026531840,sshd,ip-10-100-1-57,257,openat,[],4,6,"[{'name': 'dirfd', 'type': 'int', 'value': -100}, {'name': 'pathname', 'type': 'const char*', 'value': '/etc/gss/mech.d'}, {'name': 'flags', 'type': 'int', 'value': 'O_RDONLY|O_NONBLOCK|O_DIRECTORY|O_CLOEXEC'}, {'name': 'mode', 'type': 'mode_t', 'value': 3294651996}]",0,0
3814.501941,7663,7663,7662,0,4026531840,sshd,ip-10-100-1-57,5,fstat,[140367120828041],2,0,"[{'name': 'fd', 'type': 'int', 'value': 6}, {'name': 'statbuf', 'type': 'struct stat*', 'value': '0x7FFCB028E5E0'}]",0,0
3814.50201,7663,7663,7662,0,4026531840,sshd,ip-10-100-1-57,217,getdents64,[],3,48,"[{'name': 'fd', 'type': 'int', 'value': 6}, {'name': 'dirp', 'type': 'struct linux_dirent64*', 'value': '0x55A6A3772E70'}, {'name': 'count', 'type': 'size_t', 'value': 32768}]",0,0
3814.502052,7663,7663,7662,0,4026531840,sshd,ip-10-100-1-57,217,getdents64,[],3,0,"[{'name': 'fd', 'type': 'int', 'value': 6}, {'name': 'dirp', 'type': 'struct linux_dirent64*', 'value': '0x55A6A3772E70'}, {'name': 'count', 'type': 'size_t', 'value': 32768}]",0,0
3814.502085,7663,7663,7662,0,4026531840,sshd,ip-10-100-1-57,3,close,[],1,0,"[{'name': 'fd', 'type': 'int', 'value': 6}]",0,0
3814.503103,7663,7663,7662,0,4026531840,sshd,ip-10-100-1-57,1003,cap_capable,[],1,0,"[{'name': 'cap', 'type': 'int', 'value': 'CAP_SYS_CHROOT'}]",0,0
3814.503182,7663,7663,7662,0,4026531840,sshd,ip-10-100-1-57,1003,cap_capable,[],1,0,"[{'name': 'cap', 'type': 'int', 'value': 'CAP_SETGID'}]",0,0
3814.503234,7663,7663,7662,0,4026531840,sshd,ip-10-100-1-57,1003,cap_capable,[],1,0,"[{'name': 'cap', 'type': 'int', 'value': 'CAP_SETGID'}]",0,0
3814.503271,7663,7663,7662,0,4026531840,sshd,ip-10-100-1-57,1003,cap_capable,[],1,0,"[{'name': 'cap', 'type': 'int', 'value': 'CAP_SETUID'}]",0,0
3814.503308,7663,7663,7662,109,4026531840,sshd,ip-10-100-1-57,1003,cap_capable,[],1,0,"[{'name': 'cap', 'type': 'int', 'value': 'CAP_SETGID'}]",0,0
3814.503338,7663,7663,7662,109,4026531840,sshd,ip-10-100-1-57,106,setgid,[],1,-1,"[{'name': 'gid', 'type': 'gid_t', 'value': 0}]",0,0
3814.503382,7663,7663,7662,109,4026531840,sshd,ip-10-100-1-57,1003,cap_capable,[],1,0,"[{'name': 'cap', 'type': 'int', 'value': 'CAP_SETGID'}]",0,0
3814.503426,7663,7663,7662,109,4026531840,sshd,ip-10-100-1-57,1003,cap_capable,[],1,0,"[{'name': 'cap', 'type': 'int', 'value': 'CAP_SETUID'}]",0,0
3814.503448,7663,7663,7662,109,4026531840,sshd,ip-10-100-1-57,105,setuid,[],1,-1,"[{'name': 'uid', 'type': 'uid_t', 'value': 0}]",0,0
3814.503478,7663,7663,7662,109,4026531840,sshd,ip-10-100-1-57,1003,cap_capable,[],1,0,"[{'name': 'cap', 'type': 'int', 'value': 'CAP_SETUID'}]",0,0
3814.50358,7663,7663,7662,109,4026531840,sshd,ip-10-100-1-57,157,prctl,[],5,0,"[{'name': 'option', 'type': 'int', 'value': 'PR_SET_NO_NEW_PRIVS'}, {'name': 'arg2', 'type': 'unsigned long', 'value': 1}, {'name': 'arg3', 'type': 'unsigned long', 'value': 0}, {'name': 'arg4', 'type': 'unsigned long', 'value': 140367120903838}, {'name': 'arg5', 'type': 'unsigned long', 'value': 0}]",0,0
3814.503673,7663,7663,7662,109,4026531840,sshd,ip-10-100-1-57,157,prctl,[],5,0,"[{'name': 'option', 'type': 'int', 'value': 'PR_SET_SECCOMP'}, {'name': 'arg2', 'type': 'unsigned long', 'value': 2}, {'name': 'arg3', 'type': 'unsigned long', 'value': 94174172810848}, {'name': 'arg4', 'type': 'unsigned long', 'value': 140367120903838}, {'name': 'arg5', 'type': 'unsigned long', 'value': 0}]",0,0
3818.579982,7662,7662,7099,0,4026531840,sshd,ip-10-100-1-57,1005,security_file_open,[],4,0,"[{'name': 'pathname', 'type': 'const char*', 'value': '/etc/passwd'}, {'name': 'flags', 'type': 'int', 'value': 'O_RDONLY|O_LARGEFILE'}, {'name': 'dev', 'type': 'dev_t', 'value': 211812353}, {'name': 'inode', 'type': 'unsigned long', 'value': 61241}]",0,0
3818.580209,7662,7662,7099,0,4026531840,sshd,ip-10-100-1-57,257,openat,[],4,5,"[{'name': 'dirfd', 'type': 'int', 'value': -100}, {'name': 'pathname', 'type': 'const char*', 'value': '/etc/passwd'}, {'name': 'flags', 'type': 'int', 'value': 'O_RDONLY|O_CLOEXEC'}, {'name': 'mode', 'type': 'mode_t', 'value': 3294651996}]",0,0
3818.580397,7662,7662,7099,0,4026531840,sshd,ip-10-100-1-57,3,close,[140367120852139],1,0,"[{'name': 'fd', 'type': 'int', 'value': 5}]",0,0
3818.580333,7662,7662,7099,0,4026531840,sshd,ip-10-100-1-57,5,fstat,[140367120828041],2,0,"[{'name': 'fd', 'type': 'int', 'value': 5}, {'name': 'statbuf', 'type': 'struct stat*', 'value': '0x7FFCB028ECF0'}]",0,0
3818.580539,7662,7662,7099,0,4026531840,sshd,ip-10-100-1-57,4,stat,[],2,0,"[{'name': 'pathname', 'type': 'const char*', 'value': '/bin/bash'}, {'name': 'statbuf', 'type': 'struct stat*', 'value': '0x7FFCB028EF10'}]",0,0
3818.581268,7662,7662,7099,0,4026531840,sshd,ip-10-100-1-57,4,stat,"[140367120827946, 2]",2,0,"[{'name': 'pathname', 'type': 'const char*', 'value': '/etc/pam.d'}, {'name': 'statbuf', 'type': 'struct stat*', 'value': '0x7FFCB028EEC0'}]",0,0
3818.581365,7662,7662,7099,0,4026531840,sshd,ip-10-100-1-57,1005,security_file_open,[],4,0,"[{'name': 'pathname', 'type': 'const char*', 'value': '/etc/pam.d/sshd'}, {'name': 'flags', 'type': 'int', 'value': 'O_RDONLY|O_LARGEFILE'}, {'name': 'dev', 'type': 'dev_t', 'value': 211812353}, {'name': 'inode', 'type': 'unsigned long', 'value': 579}]",0,0
3818.581409,7662,7662,7099,0,4026531840,sshd,ip-10-100-1-57,257,openat,[],4,5,"[{'name': 'dirfd', 'type': 'int', 'value': -100}, {'name': 'pathname', 'type': 'const char*', 'value': '/etc/pam.d/sshd'}, {'name': 'flags', 'type': 'int', 'value': 'O_RDONLY'}, {'name': 'mode', 'type': 'mode_t', 'value': 3294629547}]",0,0
3818.581444,7662,7662,7099,0,4026531840,sshd,ip-10-100-1-57,5,fstat,[140367120828041],2,0,"[{'name': 'fd', 'type': 'int', 'value': 5}, {'name': 'statbuf', 'type': 'struct stat*', 'value': '0x7FFCB028E710'}]",0,0
3818.581501,7662,7662,7099,0,4026531840,sshd,ip-10-100-1-57,4,stat,"[140367120827946, 94174195451079]",2,0,"[{'name': 'pathname', 'type': 'const char*', 'value': '/etc/pam.d'}, {'name': 'statbuf', 'type': 'struct stat*', 'value': '0x7FFCB028E9D0'}]",0,0
3818.581556,7662,7662,7099,0,4026531840,sshd,ip-10-100-1-57,1005,security_file_open,[],4,0,"[{'name': 'pathname', 'type': 'const char*', 'value': '/etc/pam.d/common-auth'}, {'name': 'flags', 'type': 'int', 'value': 'O_RDONLY|O_LARGEFILE'}, {'name': 'dev', 'type': 'dev_t', 'value': 211812353}, {'name': 'inode', 'type': 'unsigned long', 'value': 256146}]",0,0
3818.581596,7662,7662,7099,0,4026531840,sshd,ip-10-100-1-57,257,openat,[],4,8,"[{'name': 'dirfd', 'type': 'int', 'value': -100}, {'name': 'pathname', 'type': 'const char*', 'value': '/etc/pam.d/common-auth'}, {'name': 'flags', 'type': 'int', 'value': 'O_RDONLY'}, {'name': 'mode', 'type': 'mode_t', 'value': 3294629547}]",0,0
3818.581628,7662,7662,7099,0,4026531840,sshd,ip-10-100-1-57,5,fstat,[],2,0,"[{'name': 'fd', 'type': 'int', 'value': 8}, {'name': 'statbuf', 'type': 'struct stat*', 'value': '0x7FFCB028E100'}]",0,0
3818.581779,7662,7662,7099,0,4026531840,sshd,ip-10-100-1-57,257,openat,[],4,9,"[{'name': 'dirfd', 'type': 'int', 'value': -100}, {'name': 'pathname', 'type': 'const char*', 'value': '/lib/x86_64-linux-gnu/security/pam_unix.so'}, {'name': 'flags', 'type': 'int', 'value': 'O_RDONLY|O_CLOEXEC'}, {'name': 'mode', 'type': 'mode_t', 'value': 3301527384}]",0,0
3818.581735,7662,7662,7099,0,4026531840,sshd,ip-10-100-1-57,1005,security_file_open,[],4,0,"[{'name': 'pathname', 'type': 'const char*', 'value': '/usr/lib/x86_64-linux-gnu/security/pam_unix.so'}, {'name': 'flags', 'type': 'int', 'value': 'O_RDONLY|O_LARGEFILE'}, {'name': 'dev', 'type': 'dev_t', 'value': 211812353}, {'name': 'inode', 'type': 'unsigned long', 'value': 3797}]",0,0
3818.581823,7662,7662,7099,0,4026531840,sshd,ip-10-100-1-57,5,fstat,[],2,0,"[{'name': 'fd', 'type': 'int', 'value': 9}, {'name': 'statbuf', 'type': 'struct stat*', 'value': '0x7FFCB028D900'}]",0,0
3818.581949,7662,7662,7099,0,4026531840,sshd,ip-10-100-1-57,3,close,"[140367127727643, 140367127643675]",1,0,"[{'name': 'fd', 'type': 'int', 'value': 9}]",0,0
3818.58215,7662,7662,7099,0,4026531840,sshd,ip-10-100-1-57,1005,security_file_open,[],4,0,"[{'name': 'pathname', 'type': 'const char*', 'value': '/usr/lib/x86_64-linux-gnu/security/pam_succeed_if.so'}, {'name': 'flags', 'type': 'int', 'value': 'O_RDONLY|O_LARGEFILE'}, {'name': 'dev', 'type': 'dev_t', 'value': 211812353}, {'name': 'inode', 'type': 'unsigned long', 'value': 3790}]",0,0
3818.582197,7662,7662,7099,0,4026531840,sshd,ip-10-100-1-57,257,openat,[],4,9,"[{'name': 'dirfd', 'type': 'int', 'value': -100}, {'name': 'pathname', 'type': 'const char*', 'value': '/lib/x86_64-linux-gnu/security/pam_succeed_if.so'}, {'name': 'flags', 'type': 'int', 'value': 'O_RDONLY|O_CLOEXEC'}, {'name': 'mode', 'type': 'mode_t', 'value': 3301527384}]",0,0
3818.582257,7662,7662,7099,0,4026531840,sshd,ip-10-100-1-57,5,fstat,[],2,0,"[{'name': 'fd', 'type': 'int', 'value': 9}, {'name': 'statbuf', 'type': 'struct stat*', 'value': '0x7FFCB028D900'}]",0,0
3818.582341,7662,7662,7099,0,4026531840,sshd,ip-10-100-1-57,3,close,[],1,0,"[{'name': 'fd', 'type': 'int', 'value': 9}]",0,0
3818.58246,7662,7662,7099,0,4026531840,sshd,ip-10-100-1-57,1005,security_file_open,[],4,0,"[{'name': 'pathname', 'type': 'const char*', 'value': '/usr/lib/x86_64-linux-gnu/security/pam_deny.so'}, {'name': 'flags', 'type': 'int', 'value': 'O_RDONLY|O_LARGEFILE'}, {'name': 'dev', 'type': 'dev_t', 'value': 211812353}, {'name': 'inode', 'type': 'unsigned long', 'value': 3759}]",0,0
3818.58251,7662,7662,7099,0,4026531840,sshd,ip-10-100-1-57,257,openat,[],4,9,"[{'name': 'dirfd', 'type': 'int', 'value': -100}, {'name': 'pathname', 'type': 'const char*', 'value': '/lib/x86_64-linux-gnu/security/pam_deny.so'}, {'name': 'flags', 'type': 'int', 'value': 'O_RDONLY|O_CLOEXEC'}, {'name': 'mode', 'type': 'mode_t', 'value': 3301527384}]",0,0
3818.582549,7662,7662,7099,0,4026531840,sshd,ip-10-100-1-57,5,fstat,[],2,0,"[{'name': 'fd', 'type': 'int', 'value': 9}, {'name': 'statbuf', 'type': 'struct stat*', 'value': '0x7FFCB028D900'}]",0,0
3818.582651,7662,7662,7099,0,4026531840,sshd,ip-10-100-1-57,3,close,[],1,0,"[{'name': 'fd', 'type': 'int', 'value': 9}]",0,0
3818.582718,7662,7662,7099,0,4026531840,sshd,ip-10-100-1-57,1005,security_file_open,[],4,0,"[{'name': 'pathname', 'type': 'const char*', 'value': '/usr/lib/x86_64-linux-gnu/security/pam_permit.so'}, {'name': 'flags', 'type': 'int', 'value': 'O_RDONLY|O_LARGEFILE'}, {'name': 'dev', 'type': 'dev_t', 'value': 211812353}, {'name': 'inode', 'type': 'unsigned long', 'value': 3781}]",0,0
3818.582782,7662,7662,7099,0,4026531840,sshd,ip-10-100-1-57,257,openat,[],4,9,"[{'name': 'dirfd', 'type': 'int', 'value': -100}, {'name': 'pathname', 'type': 'const char*', 'value': '/lib/x86_64-linux-gnu/security/pam_permit.so'}, {'name': 'flags', 'type': 'int', 'value': 'O_RDONLY|O_CLOEXEC'}, {'name': 'mode', 'type': 'mode_t', 'value': 3301527384}]",0,0
3818.582821,7662,7662,7099,0,4026531840,sshd,ip-10-100-1-57,5,fstat,[],2,0,"[{'name': 'fd', 'type': 'int', 'value': 9}, {'name': 'statbuf', 'type': 'struct stat*', 'value': '0x7FFCB028D900'}]",0,0
3818.582899,7662,7662,7099,0,4026531840,sshd,ip-10-100-1-57,3,close,[],1,0,"[{'name': 'fd', 'type': 'int', 'value': 9}]",0,0
3818.582994,7662,7662,7099,0,4026531840,sshd,ip-10-100-1-57,3,close,[140367120852139],1,0,"[{'name': 'fd', 'type': 'int', 'value': 8}]",0,0
3818.583047,7662,7662,7099,0,4026531840,sshd,ip-10-100-1-57,1005,security_file_open,[],4,0,"[{'name': 'pathname', 'type': 'const char*', 'value': '/usr/lib/x86_64-linux-gnu/security/pam_nologin.so'}, {'name': 'flags', 'type': 'int', 'value': 'O_RDONLY|O_LARGEFILE'}, {'name': 'dev', 'type': 'dev_t', 'value': 211812353}, {'name': 'inode', 'type': 'unsigned long', 'value': 3780}]",0,0
3818.58309,7662,7662,7099,0,4026531840,sshd,ip-10-100-1-57,257,openat,[],4,8,"[{'name': 'dirfd', 'type': 'int', 'value': -100}, {'name': 'pathname', 'type': 'const char*', 'value': '/lib/x86_64-linux-gnu/security/pam_nologin.so'}, {'name': 'flags', 'type': 'int', 'value': 'O_RDONLY|O_CLOEXEC'}, {'name': 'mode', 'type': 'mode_t', 'value': 3301527384}]",0,0
3818.583148,7662,7662,7099,0,4026531840,sshd,ip-10-100-1-57,5,fstat,[],2,0,"[{'name': 'fd', 'type': 'int', 'value': 8}, {'name': 'statbuf', 'type': 'struct stat*', 'value': '0x7FFCB028DF10'}]",0,0
3818.583227,7662,7662,7099,0,4026531840,sshd,ip-10-100-1-57,3,close,[],1,0,"[{'name': 'fd', 'type': 'int', 'value': 8}]",0,0
3818.583324,7662,7662,7099,0,4026531840,sshd,ip-10-100-1-57,4,stat,"[140367120827946, 94174195451398]",2,0,"[{'name': 'pathname', 'type': 'const char*', 'value': '/etc/pam.d'}, {'name': 'statbuf', 'type': 'struct stat*', 'value': '0x7FFCB028E9D0'}]",0,0
3818.583366,7662,7662,7099,0,4026531840,sshd,ip-10-100-1-57,1005,security_file_open,[],4,0,"[{'name': 'pathname', 'type': 'const char*', 'value': '/etc/pam.d/common-account'}, {'name': 'flags', 'type': 'int', 'value': 'O_RDONLY|O_LARGEFILE'}, {'name': 'dev', 'type': 'dev_t', 'value': 211812353}, {'name': 'inode', 'type': 'unsigned long', 'value': 560}]",0,0
3818.583408,7662,7662,7099,0,4026531840,sshd,ip-10-100-1-57,257,openat,[],4,8,"[{'name': 'dirfd', 'type': 'int', 'value': -100}, {'name': 'pathname', 'type': 'const char*', 'value': '/etc/pam.d/common-account'}, {'name': 'flags', 'type': 'int', 'value': 'O_RDONLY'}, {'name': 'mode', 'type': 'mode_t', 'value': 3294629547}]",0,0
3818.583441,7662,7662,7099,0,4026531840,sshd,ip-10-100-1-57,5,fstat,[],2,0,"[{'name': 'fd', 'type': 'int', 'value': 8}, {'name': 'statbuf', 'type': 'struct stat*', 'value': '0x7FFCB028E100'}]",0,0
3818.583516,7662,7662,7099,0,4026531840,sshd,ip-10-100-1-57,3,close,[],1,0,"[{'name': 'fd', 'type': 'int', 'value': 8}]",0,0
3818.583565,7662,7662,7099,0,4026531840,sshd,ip-10-100-1-57,1005,security_file_open,[],4,0,"[{'name': 'pathname', 'type': 'const char*', 'value': '/usr/lib/x86_64-linux-gnu/security/pam_selinux.so'}, {'name': 'flags', 'type': 'int', 'value': 'O_RDONLY|O_LARGEFILE'}, {'name': 'dev', 'type': 'dev_t', 'value': 211812353}, {'name': 'inode', 'type': 'unsigned long', 'value': 3786}]",0,0
3818.583608,7662,7662,7099,0,4026531840,sshd,ip-10-100-1-57,257,openat,[],4,8,"[{'name': 'dirfd', 'type': 'int', 'value': -100}, {'name': 'pathname', 'type': 'const char*', 'value': '/lib/x86_64-linux-gnu/security/pam_selinux.so'}, {'name': 'flags', 'type': 'int', 'value': 'O_RDONLY|O_CLOEXEC'}, {'name': 'mode', 'type': 'mode_t', 'value': 3301527384}]",0,0
3818.583671,7662,7662,7099,0,4026531840,sshd,ip-10-100-1-57,5,fstat,[],2,0,"[{'name': 'fd', 'type': 'int', 'value': 8}, {'name': 'statbuf', 'type': 'struct stat*', 'value': '0x7FFCB028DF10'}]",0,0
3818.585788,7662,7662,7099,0,4026531840,sshd,ip-10-100-1-57,3,close,"[140367127727643, 140367127643675]",1,0,"[{'name': 'fd', 'type': 'int', 'value': 8}]",0,0
3818.588254,7662,7662,7099,0,4026531840,sshd,ip-10-100-1-57,1005,security_file_open,[],4,0,"[{'name': 'pathname', 'type': 'const char*', 'value': '/usr/lib/x86_64-linux-gnu/security/pam_loginuid.so'}, {'name': 'flags', 'type': 'int', 'value': 'O_RDONLY|O_LARGEFILE'}, {'name': 'dev', 'type': 'dev_t', 'value': 211812353}, {'name': 'inode', 'type': 'unsigned long', 'value': 3775}]",0,0
3818.589832,7662,7662,7099,0,4026531840,sshd,ip-10-100-1-57,257,openat,[],4,8,"[{'name': 'dirfd', 'type': 'int', 'value': -100}, {'name': 'pathname', 'type': 'const char*', 'value': '/lib/x86_64-linux-gnu/security/pam_loginuid.so'}, {'name': 'flags', 'type': 'int', 'value': 'O_RDONLY|O_CLOEXEC'}, {'name': 'mode', 'type': 'mode_t', 'value': 3301527384}]",0,0
3818.589943,7662,7662,7099,0,4026531840,sshd,ip-10-100-1-57,5,fstat,[],2,0,"[{'name': 'fd', 'type': 'int', 'value': 8}, {'name': 'statbuf', 'type': 'struct stat*', 'value': '0x7FFCB028DF10'}]",0,0
3818.590036,7662,7662,7099,0,4026531840,sshd,ip-10-100-1-57,3,close,"[140367127727643, 140367127643675]",1,0,"[{'name': 'fd', 'type': 'int', 'value': 8}]",0,0
3818.590804,7662,7662,7099,0,4026531840,sshd,ip-10-100-1-57,1005,security_file_open,[],4,0,"[{'name': 'pathname', 'type': 'const char*', 'value': '/usr/lib/x86_64-linux-gnu/security/pam_keyinit.so'}, {'name': 'flags', 'type': 'int', 'value': 'O_RDONLY|O_LARGEFILE'}, {'name': 'dev', 'type': 'dev_t', 'value': 211812353}, {'name': 'inode', 'type': 'unsigned long', 'value': 3770}]",0,0
3818.590877,7662,7662,7099,0,4026531840,sshd,ip-10-100-1-57,257,openat,[],4,8,"[{'name': 'dirfd', 'type': 'int', 'value': -100}, {'name': 'pathname', 'type': 'const char*', 'value': '/lib/x86_64-linux-gnu/security/pam_keyinit.so'}, {'name': 'flags', 'type': 'int', 'value': 'O_RDONLY|O_CLOEXEC'}, {'name': 'mode', 'type': 'mode_t', 'value': 3301527384}]",0,0
3818.591038,7662,7662,7099,0,4026531840,sshd,ip-10-100-1-57,5,fstat,[],2,0,"[{'name': 'fd', 'type': 'int', 'value': 8}, {'name': 'statbuf', 'type': 'struct stat*', 'value': '0x7FFCB028DF10'}]",0,0
3818.591157,7662,7662,7099,0,4026531840,sshd,ip-10-100-1-57,3,close,"[140367127727643, 140367127643675]",1,0,"[{'name': 'fd', 'type': 'int', 'value': 8}]",0,0
3818.591392,7662,7662,7099,0,4026531840,sshd,ip-10-100-1-57,4,stat,[],2,0,"[{'name': 'pathname', 'type': 'const char*', 'value': '/etc/pam.d'}, {'name': 'statbuf', 'type': 'struct stat*', 'value': '0x7FFCB028E9D0'}]",0,0
3818.591463,7662,7662,7099,0,4026531840,sshd,ip-10-100-1-57,1005,security_file_open,[],4,0,"[{'name': 'pathname', 'type': 'const char*', 'value': '/etc/pam.d/common-session'}, {'name': 'flags', 'type': 'int', 'value': 'O_RDONLY|O_LARGEFILE'}, {'name': 'dev', 'type': 'dev_t', 'value': 211812353}, {'name': 'inode', 'type': 'unsigned long', 'value': 562}]",0,0
3818.591552,7662,7662,7099,0,4026531840,sshd,ip-10-100-1-57,257,openat,[],4,8,"[{'name': 'dirfd', 'type': 'int', 'value': -100}, {'name': 'pathname', 'type': 'const char*', 'value': '/etc/pam.d/common-session'}, {'name': 'flags', 'type': 'int', 'value': 'O_RDONLY'}, {'name': 'mode', 'type': 'mode_t', 'value': 3294629547}]",0,0
3818.591753,7662,7662,7099,0,4026531840,sshd,ip-10-100-1-57,5,fstat,[140367120828041],2,0,"[{'name': 'fd', 'type': 'int', 'value': 8}, {'name': 'statbuf', 'type': 'struct stat*', 'value': '0x7FFCB028E100'}]",0,0
3818.591891,7662,7662,7099,0,4026531840,sshd,ip-10-100-1-57,1005,security_file_open,[],4,0,"[{'name': 'pathname', 'type': 'const char*', 'value': '/usr/lib/x86_64-linux-gnu/security/pam_umask.so'}, {'name': 'flags', 'type': 'int', 'value': 'O_RDONLY|O_LARGEFILE'}, {'name': 'dev', 'type': 'dev_t', 'value': 211812353}, {'name': 'inode', 'type': 'unsigned long', 'value': 3796}]",0,0
3818.592079,7662,7662,7099,0,4026531840,sshd,ip-10-100-1-57,257,openat,[],4,9,"[{'name': 'dirfd', 'type': 'int', 'value': -100}, {'name': 'pathname', 'type': 'const char*', 'value': '/lib/x86_64-linux-gnu/security/pam_umask.so'}, {'name': 'flags', 'type': 'int', 'value': 'O_RDONLY|O_CLOEXEC'}, {'name': 'mode', 'type': 'mode_t', 'value': 3301527384}]",0,0
3818.592134,7662,7662,7099,0,4026531840,sshd,ip-10-100-1-57,5,fstat,[],2,0,"[{'name': 'fd', 'type': 'int', 'value': 9}, {'name': 'statbuf', 'type': 'struct stat*', 'value': '0x7FFCB028D900'}]",0,0
3818.592245,7662,7662,7099,0,4026531840,sshd,ip-10-100-1-57,3,close,[],1,0,"[{'name': 'fd', 'type': 'int', 'value': 9}]",0,0
3818.592447,7662,7662,7099,0,4026531840,sshd,ip-10-100-1-57,1005,security_file_open,[],4,0,"[{'name': 'pathname', 'type': 'const char*', 'value': '/usr/lib/x86_64-linux-gnu/security/pam_systemd.so'}, {'name': 'flags', 'type': 'int', 'value': 'O_RDONLY|O_LARGEFILE'}, {'name': 'dev', 'type': 'dev_t', 'value': 211812353}, {'name': 'inode', 'type': 'unsigned long', 'value': 3760}]",0,0
3818.592598,7662,7662,7099,0,4026531840,sshd,ip-10-100-1-57,257,openat,[],4,9,"[{'name': 'dirfd', 'type': 'int', 'value': -100}, {'name': 'pathname', 'type': 'const char*', 'value': '/lib/x86_64-linux-gnu/security/pam_systemd.so'}, {'name': 'flags', 'type': 'int', 'value': 'O_RDONLY|O_CLOEXEC'}, {'name': 'mode', 'type': 'mode_t', 'value': 3301527384}]",0,0
3818.592656,7662,7662,7099,0,4026531840,sshd,ip-10-100-1-57,5,fstat,[],2,0,"[{'name': 'fd', 'type': 'int', 'value': 9}, {'name': 'statbuf', 'type': 'struct stat*', 'value': '0x7FFCB028D900'}]",0,0
3818.594182,7662,7662,7099,0,4026531840,sshd,ip-10-100-1-57,1005,security_file_open,[],4,0,"[{'name': 'pathname', 'type': 'const char*', 'value': '/etc/ld.so.cache'}, {'name': 'flags', 'type': 'int', 'value': 'O_RDONLY|O_LARGEFILE'}, {'name': 'dev', 'type': 'dev_t', 'value': 211812353}, {'name': 'inode', 'type': 'unsigned long', 'value': 62841}]",0,0
3818.594075,7662,7662,7099,0,4026531840,sshd,ip-10-100-1-57,3,close,"[140367127727643, 140367127643675]",1,0,"[{'name': 'fd', 'type': 'int', 'value': 9}]",0,0
3818.594265,7662,7662,7099,0,4026531840,sshd,ip-10-100-1-57,257,openat,[],4,9,"[{'name': 'dirfd', 'type': 'int', 'value': -100}, {'name': 'pathname', 'type': 'const char*', 'value': '/etc/ld.so.cache'}, {'name': 'flags', 'type': 'int', 'value': 'O_RDONLY|O_CLOEXEC'}, {'name': 'mode', 'type': 'mode_t', 'value': 3301527384}]",0,0
3818.594416,7662,7662,7099,0,4026531840,sshd,ip-10-100-1-57,5,fstat,[140367127727401],2,0,"[{'name': 'fd', 'type': 'int', 'value': 9}, {'name': 'statbuf', 'type': 'struct stat*', 'value': '0x7FFCB028D210'}]",0,0
3818.594495,7662,7662,7099,0,4026531840,sshd,ip-10-100-1-57,3,close,[],1,0,"[{'name': 'fd', 'type': 'int', 'value': 9}]",0,0
3818.594538,7662,7662,7099,0,4026531840,sshd,ip-10-100-1-57,1005,security_file_open,"[140367127727960, 140367127644621]",4,0,"[{'name': 'pathname', 'type': 'const char*', 'value': '/usr/lib/x86_64-linux-gnu/libpam_misc.so.0.82.1'}, {'name': 'flags', 'type': 'int', 'value': 'O_RDONLY|O_LARGEFILE'}, {'name': 'dev', 'type': 'dev_t', 'value': 211812353}, {'name': 'inode', 'type': 'unsigned long', 'value': 4524}]",0,0
3818.594695,7662,7662,7099,0,4026531840,sshd,ip-10-100-1-57,257,openat,[],4,9,"[{'name': 'dirfd', 'type': 'int', 'value': -100}, {'name': 'pathname', 'type': 'const char*', 'value': '/lib/x86_64-linux-gnu/libpam_misc.so.0'}, {'name': 'flags', 'type': 'int', 'value': 'O_RDONLY|O_CLOEXEC'}, {'name': 'mode', 'type': 'mode_t', 'value': 3301527384}]",0,0
3818.594744,7662,7662,7099,0,4026531840,sshd,ip-10-100-1-57,5,fstat,[],2,0,"[{'name': 'fd', 'type': 'int', 'value': 9}, {'name': 'statbuf', 'type': 'struct stat*', 'value': '0x7FFCB028D260'}]",0,0
3818.594908,7662,7662,7099,0,4026531840,sshd,ip-10-100-1-57,3,close,[],1,0,"[{'name': 'fd', 'type': 'int', 'value': 9}]",0,0
3818.596179,7662,7662,7099,0,4026531840,sshd,ip-10-100-1-57,3,close,[140367120852139],1,0,"[{'name': 'fd', 'type': 'int', 'value': 8}]",0,0
3818.596785,7662,7662,7099,0,4026531840,sshd,ip-10-100-1-57,1005,security_file_open,[],4,0,"[{'name': 'pathname', 'type': 'const char*', 'value': '/usr/lib/x86_64-linux-gnu/security/pam_motd.so'}, {'name': 'flags', 'type': 'int', 'value': 'O_RDONLY|O_LARGEFILE'}, {'name': 'dev', 'type': 'dev_t', 'value': 211812353}, {'name': 'inode', 'type': 'unsigned long', 'value': 3778}]",0,0
3818.596882,7662,7662,7099,0,4026531840,sshd,ip-10-100-1-57,257,openat,[],4,8,"[{'name': 'dirfd', 'type': 'int', 'value': -100}, {'name': 'pathname', 'type': 'const char*', 'value': '/lib/x86_64-linux-gnu/security/pam_motd.so'}, {'name': 'flags', 'type': 'int', 'value': 'O_RDONLY|O_CLOEXEC'}, {'name': 'mode', 'type': 'mode_t', 'value': 3301527384}]",0,0
3818.597073,7662,7662,7099,0,4026531840,sshd,ip-10-100-1-57,5,fstat,[],2,0,"[{'name': 'fd', 'type': 'int', 'value': 8}, {'name': 'statbuf', 'type': 'struct stat*', 'value': '0x7FFCB028DF10'}]",0,0
3818.597168,7662,7662,7099,0,4026531840,sshd,ip-10-100-1-57,3,close,"[140367127727643, 140367127643675]",1,0,"[{'name': 'fd', 'type': 'int', 'value': 8}]",0,0
3818.597307,7662,7662,7099,0,4026531840,sshd,ip-10-100-1-57,1005,security_file_open,[],4,0,"[{'name': 'pathname', 'type': 'const char*', 'value': '/usr/lib/x86_64-linux-gnu/security/pam_mail.so'}, {'name': 'flags', 'type': 'int', 'value': 'O_RDONLY|O_LARGEFILE'}, {'name': 'dev', 'type': 'dev_t', 'value': 211812353}, {'name': 'inode', 'type': 'unsigned long', 'value': 3776}]",0,0
3818.597498,7662,7662,7099,0,4026531840,sshd,ip-10-100-1-57,257,openat,[],4,8,"[{'name': 'dirfd', 'type': 'int', 'value': -100}, {'name': 'pathname', 'type': 'const char*', 'value': '/lib/x86_64-linux-gnu/security/pam_mail.so'}, {'name': 'flags', 'type': 'int', 'value': 'O_RDONLY|O_CLOEXEC'}, {'name': 'mode', 'type': 'mode_t', 'value': 3301527384}]",0,0
3818.597831,7662,7662,7099,0,4026531840,sshd,ip-10-100-1-57,3,close,[],1,0,"[{'name': 'fd', 'type': 'int', 'value': 8}]",0,0
3818.597574,7662,7662,7099,0,4026531840,sshd,ip-10-100-1-57,5,fstat,[],2,0,"[{'name': 'fd', 'type': 'int', 'value': 8}, {'name': 'statbuf', 'type': 'struct stat*', 'value': '0x7FFCB028DF10'}]",0,0
3818.597968,7662,7662,7099,0,4026531840,sshd,ip-10-100-1-57,1005,security_file_open,[],4,0,"[{'name': 'pathname', 'type': 'const char*', 'value': '/usr/lib/x86_64-linux-gnu/security/pam_limits.so'}, {'name': 'flags', 'type': 'int', 'value': 'O_RDONLY|O_LARGEFILE'}, {'name': 'dev', 'type': 'dev_t', 'value': 211812353}, {'name': 'inode', 'type': 'unsigned long', 'value': 3772}]",0,0
3818.598132,7662,7662,7099,0,4026531840,sshd,ip-10-100-1-57,257,openat,[],4,8,"[{'name': 'dirfd', 'type': 'int', 'value': -100}, {'name': 'pathname', 'type': 'const char*', 'value': '/lib/x86_64-linux-gnu/security/pam_limits.so'}, {'name': 'flags', 'type': 'int', 'value': 'O_RDONLY|O_CLOEXEC'}, {'name': 'mode', 'type': 'mode_t', 'value': 3301527384}]",0,0
3818.598278,7662,7662,7099,0,4026531840,sshd,ip-10-100-1-57,5,fstat,[],2,0,"[{'name': 'fd', 'type': 'int', 'value': 8}, {'name': 'statbuf', 'type': 'struct stat*', 'value': '0x7FFCB028DF10'}]",0,0
3818.598406,7662,7662,7099,0,4026531840,sshd,ip-10-100-1-57,3,close,[],1,0,"[{'name': 'fd', 'type': 'int', 'value': 8}]",0,0
3818.599826,7662,7662,7099,0,4026531840,sshd,ip-10-100-1-57,1005,security_file_open,[],4,0,"[{'name': 'pathname', 'type': 'const char*', 'value': '/usr/lib/x86_64-linux-gnu/security/pam_env.so'}, {'name': 'flags', 'type': 'int', 'value': 'O_RDONLY|O_LARGEFILE'}, {'name': 'dev', 'type': 'dev_t', 'value': 211812353}, {'name': 'inode', 'type': 'unsigned long', 'value': 3762}]",0,0
3818.5999,7662,7662,7099,0,4026531840,sshd,ip-10-100-1-57,257,openat,[],4,8,"[{'name': 'dirfd', 'type': 'int', 'value': -100}, {'name': 'pathname', 'type': 'const char*', 'value': '/lib/x86_64-linux-gnu/security/pam_env.so'}, {'name': 'flags', 'type': 'int', 'value': 'O_RDONLY|O_CLOEXEC'}, {'name': 'mode', 'type': 'mode_t', 'value': 3301527384}]",0,0
3818.599942,7662,7662,7099,0,4026531840,sshd,ip-10-100-1-57,5,fstat,[],2,0,"[{'name': 'fd', 'type': 'int', 'value': 8}, {'name': 'statbuf', 'type': 'struct stat*', 'value': '0x7FFCB028DF10'}]",0,0
3818.600033,7662,7662,7099,0,4026531840,sshd,ip-10-100-1-57,3,close,"[140367127727643, 140367127643675]",1,0,"[{'name': 'fd', 'type': 'int', 'value': 8}]",0,0
3818.600808,7662,7662,7099,0,4026531840,sshd,ip-10-100-1-57,4,stat,[],2,0,"[{'name': 'pathname', 'type': 'const char*', 'value': '/etc/pam.d'}, {'name': 'statbuf', 'type': 'struct stat*', 'value': '0x7FFCB028E9D0'}]",0,0
3818.601404,7662,7662,7099,0,4026531840,sshd,ip-10-100-1-57,1005,security_file_open,[],4,0,"[{'name': 'pathname', 'type': 'const char*', 'value': '/etc/pam.d/common-password'}, {'name': 'flags', 'type': 'int', 'value': 'O_RDONLY|O_LARGEFILE'}, {'name': 'dev', 'type': 'dev_t', 'value': 211812353}, {'name': 'inode', 'type': 'unsigned long', 'value': 561}]",0,0
3818.601497,7662,7662,7099,0,4026531840,sshd,ip-10-100-1-57,257,openat,[],4,8,"[{'name': 'dirfd', 'type': 'int', 'value': -100}, {'name': 'pathname', 'type': 'const char*', 'value': '/etc/pam.d/common-password'}, {'name': 'flags', 'type': 'int', 'value': 'O_RDONLY'}, {'name': 'mode', 'type': 'mode_t', 'value': 3294629547}]",0,0
3818.601535,7662,7662,7099,0,4026531840,sshd,ip-10-100-1-57,5,fstat,[140367120828041],2,0,"[{'name': 'fd', 'type': 'int', 'value': 8}, {'name': 'statbuf', 'type': 'struct stat*', 'value': '0x7FFCB028E100'}]",0,0
3818.601602,7662,7662,7099,0,4026531840,sshd,ip-10-100-1-57,3,close,[140367120852139],1,0,"[{'name': 'fd', 'type': 'int', 'value': 8}]",0,0
3818.601831,7662,7662,7099,0,4026531840,sshd,ip-10-100-1-57,1005,security_file_open,[],4,0,"[{'name': 'pathname', 'type': 'const char*', 'value': '/etc/pam.d/other'}, {'name': 'flags', 'type': 'int', 'value': 'O_RDONLY|O_LARGEFILE'}, {'name': 'dev', 'type': 'dev_t', 'value': 211812353}, {'name': 'inode', 'type': 'unsigned long', 'value': 563}]",0,0
3818.601761,7662,7662,7099,0,4026531840,sshd,ip-10-100-1-57,3,close,[],1,0,"[{'name': 'fd', 'type': 'int', 'value': 5}]",0,0
3818.601873,7662,7662,7099,0,4026531840,sshd,ip-10-100-1-57,257,openat,[],4,5,"[{'name': 'dirfd', 'type': 'int', 'value': -100}, {'name': 'pathname', 'type': 'const char*', 'value': '/etc/pam.d/other'}, {'name': 'flags', 'type': 'int', 'value': 'O_RDONLY'}, {'name': 'mode', 'type': 'mode_t', 'value': 3294629547}]",0,0
3818.601928,7662,7662,7099,0,4026531840,sshd,ip-10-100-1-57,5,fstat,[],2,0,"[{'name': 'fd', 'type': 'int', 'value': 5}, {'name': 'statbuf', 'type': 'struct stat*', 'value': '0x7FFCB028E710'}]",0,0
3818.602075,7662,7662,7099,0,4026531840,sshd,ip-10-100-1-57,4,stat,[],2,0,"[{'name': 'pathname', 'type': 'const char*', 'value': '/etc/pam.d'}, {'name': 'statbuf', 'type': 'struct stat*', 'value': '0x7FFCB028E9D0'}]",0,0
3818.602124,7662,7662,7099,0,4026531840,sshd,ip-10-100-1-57,1005,security_file_open,[],4,0,"[{'name': 'pathname', 'type': 'const char*', 'value': '/etc/pam.d/common-auth'}, {'name': 'flags', 'type': 'int', 'value': 'O_RDONLY|O_LARGEFILE'}, {'name': 'dev', 'type': 'dev_t', 'value': 211812353}, {'name': 'inode', 'type': 'unsigned long', 'value': 256146}]",0,0
3818.602194,7662,7662,7099,0,4026531840,sshd,ip-10-100-1-57,257,openat,[],4,8,"[{'name': 'dirfd', 'type': 'int', 'value': -100}, {'name': 'pathname', 'type': 'const char*', 'value': '/etc/pam.d/common-auth'}, {'name': 'flags', 'type': 'int', 'value': 'O_RDONLY'}, {'name': 'mode', 'type': 'mode_t', 'value': 3294629547}]",0,0
3818.602303,7662,7662,7099,0,4026531840,sshd,ip-10-100-1-57,5,fstat,[],2,0,"[{'name': 'fd', 'type': 'int', 'value': 8}, {'name': 'statbuf', 'type': 'struct stat*', 'value': '0x7FFCB028E100'}]",0,0
3818.602405,7662,7662,7099,0,4026531840,sshd,ip-10-100-1-57,3,close,[],1,0,"[{'name': 'fd', 'type': 'int', 'value': 8}]",0,0
3818.602786,7662,7662,7099,0,4026531840,sshd,ip-10-100-1-57,5,fstat,[],2,0,"[{'name': 'fd', 'type': 'int', 'value': 8}, {'name': 'statbuf', 'type': 'struct stat*', 'value': '0x7FFCB028E100'}]",0,0
3818.602945,7662,7662,7099,0,4026531840,sshd,ip-10-100-1-57,3,close,[],1,0,"[{'name': 'fd', 'type': 'int', 'value': 8}]",0,0
3818.602566,7662,7662,7099,0,4026531840,sshd,ip-10-100-1-57,4,stat,"[140367120827946, 94174195489975]",2,0,"[{'name': 'pathname', 'type': 'const char*', 'value': '/etc/pam.d'}, {'name': 'statbuf', 'type': 'struct stat*', 'value': '0x7FFCB028E9D0'}]",0,0
3818.602618,7662,7662,7099,0,4026531840,sshd,ip-10-100-1-57,1005,security_file_open,[],4,0,"[{'name': 'pathname', 'type': 'const char*', 'value': '/etc/pam.d/common-account'}, {'name': 'flags', 'type': 'int', 'value': 'O_RDONLY|O_LARGEFILE'}, {'name': 'dev', 'type': 'dev_t', 'value': 211812353}, {'name': 'inode', 'type': 'unsigned long', 'value': 560}]",0,0
3818.602666,7662,7662,7099,0,4026531840,sshd,ip-10-100-1-57,257,openat,[],4,8,"[{'name': 'dirfd', 'type': 'int', 'value': -100}, {'name': 'pathname', 'type': 'const char*', 'value': '/etc/pam.d/common-account'}, {'name': 'flags', 'type': 'int', 'value': 'O_RDONLY'}, {'name': 'mode', 'type': 'mode_t', 'value': 3294629547}]",0,0
3818.603061,7662,7662,7099,0,4026531840,sshd,ip-10-100-1-57,4,stat,[],2,0,"[{'name': 'pathname', 'type': 'const char*', 'value': '/etc/pam.d'}, {'name': 'statbuf', 'type': 'struct stat*', 'value': '0x7FFCB028E9D0'}]",0,0
3818.603129,7662,7662,7099,0,4026531840,sshd,ip-10-100-1-57,1005,security_file_open,[],4,0,"[{'name': 'pathname', 'type': 'const char*', 'value': '/etc/pam.d/common-password'}, {'name': 'flags', 'type': 'int', 'value': 'O_RDONLY|O_LARGEFILE'}, {'name': 'dev', 'type': 'dev_t', 'value': 211812353}, {'name': 'inode', 'type': 'unsigned long', 'value': 561}]",0,0
3818.60329,7662,7662,7099,0,4026531840,sshd,ip-10-100-1-57,257,openat,[],4,8,"[{'name': 'dirfd', 'type': 'int', 'value': -100}, {'name': 'pathname', 'type': 'const char*', 'value': '/etc/pam.d/common-password'}, {'name': 'flags', 'type': 'int', 'value': 'O_RDONLY'}, {'name': 'mode', 'type': 'mode_t', 'value': 3294629547}]",0,0
3818.603389,7662,7662,7099,0,4026531840,sshd,ip-10-100-1-57,3,close,[],1,0,"[{'name': 'fd', 'type': 'int', 'value': 8}]",0,0
3818.60349,7662,7662,7099,0,4026531840,sshd,ip-10-100-1-57,4,stat,[],2,0,"[{'name': 'pathname', 'type': 'const char*', 'value': '/etc/pam.d'}, {'name': 'statbuf', 'type': 'struct stat*', 'value': '0x7FFCB028E9D0'}]",0,0
3818.603331,7662,7662,7099,0,4026531840,sshd,ip-10-100-1-57,5,fstat,[],2,0,"[{'name': 'fd', 'type': 'int', 'value': 8}, {'name': 'statbuf', 'type': 'struct stat*', 'value': '0x7FFCB028E100'}]",0,0
3818.603621,7662,7662,7099,0,4026531840,sshd,ip-10-100-1-57,1005,security_file_open,[],4,0,"[{'name': 'pathname', 'type': 'const char*', 'value': '/etc/pam.d/common-session'}, {'name': 'flags', 'type': 'int', 'value': 'O_RDONLY|O_LARGEFILE'}, {'name': 'dev', 'type': 'dev_t', 'value': 211812353}, {'name': 'inode', 'type': 'unsigned long', 'value': 562}]",0,0
3818.603777,7662,7662,7099,0,4026531840,sshd,ip-10-100-1-57,5,fstat,[],2,0,"[{'name': 'fd', 'type': 'int', 'value': 8}, {'name': 'statbuf', 'type': 'struct stat*', 'value': '0x7FFCB028E100'}]",0,0
3818.60368,7662,7662,7099,0,4026531840,sshd,ip-10-100-1-57,257,openat,[],4,8,"[{'name': 'dirfd', 'type': 'int', 'value': -100}, {'name': 'pathname', 'type': 'const char*', 'value': '/etc/pam.d/common-session'}, {'name': 'flags', 'type': 'int', 'value': 'O_RDONLY'}, {'name': 'mode', 'type': 'mode_t', 'value': 3294629547}]",0,0
3818.603907,7662,7662,7099,0,4026531840,sshd,ip-10-100-1-57,3,close,[],1,0,"[{'name': 'fd', 'type': 'int', 'value': 8}]",0,0
3818.604061,7662,7662,7099,0,4026531840,sshd,ip-10-100-1-57,3,close,[],1,0,"[{'name': 'fd', 'type': 'int', 'value': 5}]",0,0
3818.604125,7662,7662,7099,0,4026531840,sshd,ip-10-100-1-57,51,getsockname,[140367120905163],3,0,"[{'name': 'sockfd', 'type': 'int', 'value': 4}, {'name': 'addr', 'type': 'void*', 'value': ""{'sa_family': 'AF_INET','sin_port': '22','sin_addr': '10.100.1.57'}""}, {'name': 'addrlen', 'type': 'int*', 'value': '0x7FFCB028EB1C'}]",0,0
3818.604345,7662,7662,7099,0,4026531840,sshd,ip-10-100-1-57,1005,security_file_open,"[140367120830123, 32482207980220009]",4,0,"[{'name': 'pathname', 'type': 'const char*', 'value': '/etc/login.defs'}, {'name': 'flags', 'type': 'int', 'value': 'O_RDONLY|O_LARGEFILE'}, {'name': 'dev', 'type': 'dev_t', 'value': 211812353}, {'name': 'inode', 'type': 'unsigned long', 'value': 584}]",0,0
3818.604487,7662,7662,7099,0,4026531840,sshd,ip-10-100-1-57,257,openat,[],4,5,"[{'name': 'dirfd', 'type': 'int', 'value': -100}, {'name': 'pathname', 'type': 'const char*', 'value': '/etc/login.defs'}, {'name': 'flags', 'type': 'int', 'value': 'O_RDONLY'}, {'name': 'mode', 'type': 'mode_t', 'value': 3294629547}]",0,0
3818.604535,7662,7662,7099,0,4026531840,sshd,ip-10-100-1-57,5,fstat,[],2,0,"[{'name': 'fd', 'type': 'int', 'value': 5}, {'name': 'statbuf', 'type': 'struct stat*', 'value': '0x7FFCB028EC40'}]",0,0
3818.604653,7662,7662,7099,0,4026531840,sshd,ip-10-100-1-57,3,close,[],1,0,"[{'name': 'fd', 'type': 'int', 'value': 5}]",0,0
3818.607072,7662,7662,7099,0,4026531840,sshd,ip-10-100-1-57,4,stat,[],2,-2,"[{'name': 'pathname', 'type': 'const char*', 'value': '/etc/securetty'}, {'name': 'statbuf', 'type': 'struct stat*', 'value': '0x7FFCB028EB80'}]",0,0
3818.607184,7662,7662,7099,0,4026531840,sshd,ip-10-100-1-57,1005,security_file_open,[],4,0,"[{'name': 'pathname', 'type': 'const char*', 'value': '/usr/share/zoneinfo/Etc/UTC'}, {'name': 'flags', 'type': 'int', 'value': 'O_RDONLY|O_LARGEFILE'}, {'name': 'dev', 'type': 'dev_t', 'value': 211812353}, {'name': 'inode', 'type': 'unsigned long', 'value': 30883}]",0,0
3818.607232,7662,7662,7099,0,4026531840,sshd,ip-10-100-1-57,257,openat,[],4,5,"[{'name': 'dirfd', 'type': 'int', 'value': -100}, {'name': 'pathname', 'type': 'const char*', 'value': '/etc/localtime'}, {'name': 'flags', 'type': 'int', 'value': 'O_RDONLY|O_CLOEXEC'}, {'name': 'mode', 'type': 'mode_t', 'value': 3294651996}]",0,0
3818.607266,7662,7662,7099,0,4026531840,sshd,ip-10-100-1-57,5,fstat,[],2,0,"[{'name': 'fd', 'type': 'int', 'value': 5}, {'name': 'statbuf', 'type': 'struct stat*', 'value': '0x7FFCB028E710'}]",0,0
3818.607319,7662,7662,7099,0,4026531840,sshd,ip-10-100-1-57,5,fstat,[140367120828041],2,0,"[{'name': 'fd', 'type': 'int', 'value': 5}, {'name': 'statbuf', 'type': 'struct stat*', 'value': '0x7FFCB028E540'}]",0,0
3818.607371,7662,7662,7099,0,4026531840,sshd,ip-10-100-1-57,3,close,[140367120852139],1,0,"[{'name': 'fd', 'type': 'int', 'value': 5}]",0,0
3818.607434,7662,7662,7099,0,4026531840,sshd,ip-10-100-1-57,41,socket,[],3,5,"[{'name': 'domain', 'type': 'int', 'value': 'AF_UNIX'}, {'name': 'type', 'type': 'const char*', 'value': 'SOCK_DGRAM|SOCK_CLOEXEC'}, {'name': 'protocol', 'type': 'int', 'value': 0}]",0,0
3818.607592,7662,7662,7099,0,4026531840,sshd,ip-10-100-1-57,42,connect,[140367120904967],3,0,"[{'name': 'sockfd', 'type': 'int', 'value': 5}, {'name': 'addr', 'type': 'struct sockaddr*', 'value': ""{'sa_family': 'AF_UNIX','sun_path': '/dev/log'}""}, {'name': 'addrlen', 'type': 'int*', 'value': 110}]",0,0
3818.613988,7662,7662,7099,0,4026531840,sshd,ip-10-100-1-57,1005,security_file_open,[],4,0,"[{'name': 'pathname', 'type': 'const char*', 'value': '/etc/passwd'}, {'name': 'flags', 'type': 'int', 'value': 'O_RDONLY|O_LARGEFILE'}, {'name': 'dev', 'type': 'dev_t', 'value': 211812353}, {'name': 'inode', 'type': 'unsigned long', 'value': 61241}]",0,0
3818.614058,7662,7662,7099,0,4026531840,sshd,ip-10-100-1-57,257,openat,[],4,8,"[{'name': 'dirfd', 'type': 'int', 'value': -100}, {'name': 'pathname', 'type': 'const char*', 'value': '/etc/passwd'}, {'name': 'flags', 'type': 'int', 'value': 'O_RDONLY|O_CLOEXEC'}, {'name': 'mode', 'type': 'mode_t', 'value': 3294651996}]",0,0
3818.614123,7662,7662,7099,0,4026531840,sshd,ip-10-100-1-57,5,fstat,[140367120828041],2,0,"[{'name': 'fd', 'type': 'int', 'value': 8}, {'name': 'statbuf', 'type': 'struct stat*', 'value': '0x7FFCB028EAD0'}]",0,0
3818.614192,7662,7662,7099,0,4026531840,sshd,ip-10-100-1-57,3,close,[140367120852139],1,0,"[{'name': 'fd', 'type': 'int', 'value': 8}]",0,0
3818.614376,7662,7662,7099,0,4026531840,sshd,ip-10-100-1-57,1005,security_file_open,[],4,0,"[{'name': 'pathname', 'type': 'const char*', 'value': '/etc/shadow'}, {'name': 'flags', 'type': 'int', 'value': 'O_RDONLY|O_LARGEFILE'}, {'name': 'dev', 'type': 'dev_t', 'value': 211812353}, {'name': 'inode', 'type': 'unsigned long', 'value': 61093}]",0,0
3818.614441,7662,7662,7099,0,4026531840,sshd,ip-10-100-1-57,257,openat,[],4,8,"[{'name': 'dirfd', 'type': 'int', 'value': -100}, {'name': 'pathname', 'type': 'const char*', 'value': '/etc/shadow'}, {'name': 'flags', 'type': 'int', 'value': 'O_RDONLY|O_CLOEXEC'}, {'name': 'mode', 'type': 'mode_t', 'value': 3294651996}]",0,0
3818.614494,7662,7662,7099,0,4026531840,sshd,ip-10-100-1-57,5,fstat,[],2,0,"[{'name': 'fd', 'type': 'int', 'value': 8}, {'name': 'statbuf', 'type': 'struct stat*', 'value': '0x7FFCB028EAD0'}]",0,0
3818.614566,7662,7662,7099,0,4026531840,sshd,ip-10-100-1-57,3,close,[],1,0,"[{'name': 'fd', 'type': 'int', 'value': 8}]",0,0
3818.614746,7662,7662,7099,0,4026531840,sshd,ip-10-100-1-57,1005,security_file_open,[],4,0,"[{'name': 'pathname', 'type': 'const char*', 'value': '/etc/passwd'}, {'name': 'flags', 'type': 'int', 'value': 'O_RDONLY|O_LARGEFILE'}, {'name': 'dev', 'type': 'dev_t', 'value': 211812353}, {'name': 'inode', 'type': 'unsigned long', 'value': 61241}]",0,0
3818.614801,7662,7662,7099,0,4026531840,sshd,ip-10-100-1-57,257,openat,[],4,8,"[{'name': 'dirfd', 'type': 'int', 'value': -100}, {'name': 'pathname', 'type': 'const char*', 'value': '/etc/passwd'}, {'name': 'flags', 'type': 'int', 'value': 'O_RDONLY|O_CLOEXEC'}, {'name': 'mode', 'type': 'mode_t', 'value': 3294651996}]",0,0
3818.614871,7662,7662,7099,0,4026531840,sshd,ip-10-100-1-57,5,fstat,[],2,0,"[{'name': 'fd', 'type': 'int', 'value': 8}, {'name': 'statbuf', 'type': 'struct stat*', 'value': '0x7FFCB028EA90'}]",0,0
3818.615007,7662,7662,7099,0,4026531840,sshd,ip-10-100-1-57,3,close,[],1,0,"[{'name': 'fd', 'type': 'int', 'value': 8}]",0,0
3818.615068,7662,7662,7099,0,4026531840,sshd,ip-10-100-1-57,1005,security_file_open,[],4,0,"[{'name': 'pathname', 'type': 'const char*', 'value': '/etc/shadow'}, {'name': 'flags', 'type': 'int', 'value': 'O_RDONLY|O_LARGEFILE'}, {'name': 'dev', 'type': 'dev_t', 'value': 211812353}, {'name': 'inode', 'type': 'unsigned long', 'value': 61093}]",0,0
3818.615181,7662,7662,7099,0,4026531840,sshd,ip-10-100-1-57,257,openat,[],4,8,"[{'name': 'dirfd', 'type': 'int', 'value': -100}, {'name': 'pathname', 'type': 'const char*', 'value': '/etc/shadow'}, {'name': 'flags', 'type': 'int', 'value': 'O_RDONLY|O_CLOEXEC'}, {'name': 'mode', 'type': 'mode_t', 'value': 3294651996}]",0,0
3818.615249,7662,7662,7099,0,4026531840,sshd,ip-10-100-1-57,5,fstat,[],2,0,"[{'name': 'fd', 'type': 'int', 'value': 8}, {'name': 'statbuf', 'type': 'struct stat*', 'value': '0x7FFCB028EA90'}]",0,0
3818.615306,7662,7662,7099,0,4026531840,sshd,ip-10-100-1-57,3,close,[],1,0,"[{'name': 'fd', 'type': 'int', 'value': 8}]",0,0
3818.615456,7662,7662,7099,0,4026531840,sshd,ip-10-100-1-57,4,stat,[],2,-2,"[{'name': 'pathname', 'type': 'const char*', 'value': '/etc/securetty'}, {'name': 'statbuf', 'type': 'struct stat*', 'value': '0x7FFCB028EAF0'}]",0,0
3818.615977,7662,7662,7099,0,4026531840,sshd,ip-10-100-1-57,1005,security_file_open,[],4,0,"[{'name': 'pathname', 'type': 'const char*', 'value': '/etc/passwd'}, {'name': 'flags', 'type': 'int', 'value': 'O_RDONLY|O_LARGEFILE'}, {'name': 'dev', 'type': 'dev_t', 'value': 211812353}, {'name': 'inode', 'type': 'unsigned long', 'value': 61241}]",0,0
3818.616154,7662,7662,7099,0,4026531840,sshd,ip-10-100-1-57,257,openat,[],4,8,"[{'name': 'dirfd', 'type': 'int', 'value': -100}, {'name': 'pathname', 'type': 'const char*', 'value': '/etc/passwd'}, {'name': 'flags', 'type': 'int', 'value': 'O_RDONLY|O_CLOEXEC'}, {'name': 'mode', 'type': 'mode_t', 'value': 3294651996}]",0,0
3818.616202,7662,7662,7099,0,4026531840,sshd,ip-10-100-1-57,5,fstat,[],2,0,"[{'name': 'fd', 'type': 'int', 'value': 8}, {'name': 'statbuf', 'type': 'struct stat*', 'value': '0x7FFCB028EA40'}]",0,0
3818.616244,7662,7662,7099,0,4026531840,sshd,ip-10-100-1-57,3,close,[],1,0,"[{'name': 'fd', 'type': 'int', 'value': 8}]",0,0
3818.616325,7662,7662,7099,0,4026531840,sshd,ip-10-100-1-57,1005,security_file_open,[],4,0,"[{'name': 'pathname', 'type': 'const char*', 'value': '/etc/shadow'}, {'name': 'flags', 'type': 'int', 'value': 'O_RDONLY|O_LARGEFILE'}, {'name': 'dev', 'type': 'dev_t', 'value': 211812353}, {'name': 'inode', 'type': 'unsigned long', 'value': 61093}]",0,0
3818.616475,7662,7662,7099,0,4026531840,sshd,ip-10-100-1-57,257,openat,[],4,8,"[{'name': 'dirfd', 'type': 'int', 'value': -100}, {'name': 'pathname', 'type': 'const char*', 'value': '/etc/shadow'}, {'name': 'flags', 'type': 'int', 'value': 'O_RDONLY|O_CLOEXEC'}, {'name': 'mode', 'type': 'mode_t', 'value': 3294651996}]",0,0
3818.616521,7662,7662,7099,0,4026531840,sshd,ip-10-100-1-57,5,fstat,[],2,0,"[{'name': 'fd', 'type': 'int', 'value': 8}, {'name': 'statbuf', 'type': 'struct stat*', 'value': '0x7FFCB028EA40'}]",0,0
3818.616697,7662,7662,7099,0,4026531840,sshd,ip-10-100-1-57,3,close,[],1,0,"[{'name': 'fd', 'type': 'int', 'value': 8}]",0,0
3818.616757,7662,7662,7099,0,4026531840,sshd,ip-10-100-1-57,21,access,[],2,-2,"[{'name': 'pathname', 'type': 'const char*', 'value': '/var/run/utmpx'}, {'name': 'mode', 'type': 'mode_t', 'value': 'F_OK'}]",0,0
3818.616891,7662,7662,7099,0,4026531840,sshd,ip-10-100-1-57,1005,security_file_open,[],4,0,"[{'name': 'pathname', 'type': 'const char*', 'value': '/run/utmp'}, {'name': 'flags', 'type': 'int', 'value': 'O_RDONLY|O_LARGEFILE'}, {'name': 'dev', 'type': 'dev_t', 'value': 25}, {'name': 'inode', 'type': 'unsigned long', 'value': 348}]",0,0
3818.616937,7662,7662,7099,0,4026531840,sshd,ip-10-100-1-57,257,openat,[],4,8,"[{'name': 'dirfd', 'type': 'int', 'value': -100}, {'name': 'pathname', 'type': 'const char*', 'value': '/var/run/utmp'}, {'name': 'flags', 'type': 'int', 'value': 'O_RDONLY|O_CLOEXEC'}, {'name': 'mode', 'type': 'mode_t', 'value': 3294651996}]",0,0
3818.617092,7662,7662,7099,0,4026531840,sshd,ip-10-100-1-57,3,close,[],1,0,"[{'name': 'fd', 'type': 'int', 'value': 8}]",0,0
3818.620392,7662,7662,7099,0,4026531840,sshd,ip-10-100-1-57,1005,security_file_open,[],4,0,"[{'name': 'pathname', 'type': 'const char*', 'value': '/etc/passwd'}, {'name': 'flags', 'type': 'int', 'value': 'O_RDONLY|O_LARGEFILE'}, {'name': 'dev', 'type': 'dev_t', 'value': 211812353}, {'name': 'inode', 'type': 'unsigned long', 'value': 61241}]",0,0
3818.620487,7662,7662,7099,0,4026531840,sshd,ip-10-100-1-57,257,openat,[],4,8,"[{'name': 'dirfd', 'type': 'int', 'value': -100}, {'name': 'pathname', 'type': 'const char*', 'value': '/etc/passwd'}, {'name': 'flags', 'type': 'int', 'value': 'O_RDONLY|O_CLOEXEC'}, {'name': 'mode', 'type': 'mode_t', 'value': 3294651996}]",0,0
3818.620579,7662,7662,7099,0,4026531840,sshd,ip-10-100-1-57,5,fstat,[140367120828041],2,0,"[{'name': 'fd', 'type': 'int', 'value': 8}, {'name': 'statbuf', 'type': 'struct stat*', 'value': '0x7FFCB028EB30'}]",0,0
3818.620756,7662,7662,7099,0,4026531840,sshd,ip-10-100-1-57,3,close,[140367120852139],1,0,"[{'name': 'fd', 'type': 'int', 'value': 8}]",0,0
3818.62126,7662,7662,7099,0,4026531840,sshd,ip-10-100-1-57,1005,security_file_open,[],4,0,"[{'name': 'pathname', 'type': 'const char*', 'value': '/etc/passwd'}, {'name': 'flags', 'type': 'int', 'value': 'O_RDONLY|O_LARGEFILE'}, {'name': 'dev', 'type': 'dev_t', 'value': 211812353}, {'name': 'inode', 'type': 'unsigned long', 'value': 61241}]",0,0
3818.621378,7662,7662,7099,0,4026531840,sshd,ip-10-100-1-57,257,openat,[],4,8,"[{'name': 'dirfd', 'type': 'int', 'value': -100}, {'name': 'pathname', 'type': 'const char*', 'value': '/etc/passwd'}, {'name': 'flags', 'type': 'int', 'value': 'O_RDONLY|O_CLOEXEC'}, {'name': 'mode', 'type': 'mode_t', 'value': 3294651996}]",0,0
3818.621603,7662,7662,7099,0,4026531840,sshd,ip-10-100-1-57,3,close,[],1,0,"[{'name': 'fd', 'type': 'int', 'value': 8}]",0,0
3818.621552,7662,7662,7099,0,4026531840,sshd,ip-10-100-1-57,5,fstat,[],2,0,"[{'name': 'fd', 'type': 'int', 'value': 8}, {'name': 'statbuf', 'type': 'struct stat*', 'value': '0x7FFCB028EB30'}]",0,0
3818.622121,7662,7662,7099,0,4026531840,sshd,ip-10-100-1-57,1005,security_file_open,[],4,0,"[{'name': 'pathname', 'type': 'const char*', 'value': '/etc/passwd'}, {'name': 'flags', 'type': 'int', 'value': 'O_RDONLY|O_LARGEFILE'}, {'name': 'dev', 'type': 'dev_t', 'value': 211812353}, {'name': 'inode', 'type': 'unsigned long', 'value': 61241}]",0,0
3818.622335,7662,7662,7099,0,4026531840,sshd,ip-10-100-1-57,257,openat,[],4,8,"[{'name': 'dirfd', 'type': 'int', 'value': -100}, {'name': 'pathname', 'type': 'const char*', 'value': '/etc/passwd'}, {'name': 'flags', 'type': 'int', 'value': 'O_RDONLY|O_CLOEXEC'}, {'name': 'mode', 'type': 'mode_t', 'value': 3294651996}]",0,0
3818.622411,7662,7662,7099,0,4026531840,sshd,ip-10-100-1-57,5,fstat,[],2,0,"[{'name': 'fd', 'type': 'int', 'value': 8}, {'name': 'statbuf', 'type': 'struct stat*', 'value': '0x7FFCB028EB30'}]",0,0
3818.622453,7662,7662,7099,0,4026531840,sshd,ip-10-100-1-57,3,close,[],1,0,"[{'name': 'fd', 'type': 'int', 'value': 8}]",0,0
3818.622954,7662,7662,7099,0,4026531840,sshd,ip-10-100-1-57,1005,security_file_open,[],4,0,"[{'name': 'pathname', 'type': 'const char*', 'value': '/etc/passwd'}, {'name': 'flags', 'type': 'int', 'value': 'O_RDONLY|O_LARGEFILE'}, {'name': 'dev', 'type': 'dev_t', 'value': 211812353}, {'name': 'inode', 'type': 'unsigned long', 'value': 61241}]",0,0
3818.623176,7662,7662,7099,0,4026531840,sshd,ip-10-100-1-57,257,openat,[],4,8,"[{'name': 'dirfd', 'type': 'int', 'value': -100}, {'name': 'pathname', 'type': 'const char*', 'value': '/etc/passwd'}, {'name': 'flags', 'type': 'int', 'value': 'O_RDONLY|O_CLOEXEC'}, {'name': 'mode', 'type': 'mode_t', 'value': 3294651996}]",0,0
3818.62325,7662,7662,7099,0,4026531840,sshd,ip-10-100-1-57,5,fstat,[],2,0,"[{'name': 'fd', 'type': 'int', 'value': 8}, {'name': 'statbuf', 'type': 'struct stat*', 'value': '0x7FFCB028EB30'}]",0,0
3818.623293,7662,7662,7099,0,4026531840,sshd,ip-10-100-1-57,3,close,[],1,0,"[{'name': 'fd', 'type': 'int', 'value': 8}]",0,0
3818.623775,7662,7662,7099,0,4026531840,sshd,ip-10-100-1-57,41,socket,[],3,8,"[{'name': 'domain', 'type': 'int', 'value': 'AF_NETLINK'}, {'name': 'type', 'type': 'const char*', 'value': 'SOCK_RAW'}, {'name': 'protocol', 'type': 'int', 'value': 9}]",0,0
3818.623958,7662,7662,7099,0,4026531840,sshd,ip-10-100-1-57,41,socket,[],3,9,"[{'name': 'domain', 'type': 'int', 'value': 'AF_NETLINK'}, {'name': 'type', 'type': 'const char*', 'value': 'SOCK_RAW|SOCK_CLOEXEC'}, {'name': 'protocol', 'type': 'int', 'value': 0}]",0,0
3818.624008,7662,7662,7099,0,4026531840,sshd,ip-10-100-1-57,49,bind,[],3,0,"[{'name': 'sockfd', 'type': 'int', 'value': 9}, {'name': 'addr', 'type': 'void*', 'value': ""{'sa_family': 'AF_NETLINK'}""}, {'name': 'addrlen', 'type': 'int*', 'value': 12}]",0,0
3818.624051,7662,7662,7099,0,4026531840,sshd,ip-10-100-1-57,51,getsockname,[],3,0,"[{'name': 'sockfd', 'type': 'int', 'value': 9}, {'name': 'addr', 'type': 'void*', 'value': ""{'sa_family': 'AF_NETLINK'}""}, {'name': 'addrlen', 'type': 'int*', 'value': '0x7FFCB028C2E4'}]",0,0
3818.624228,7662,7662,7099,0,4026531840,sshd,ip-10-100-1-57,3,close,[],1,0,"[{'name': 'fd', 'type': 'int', 'value': 9}]",0,0
3818.624462,7662,7662,7099,0,4026531840,sshd,ip-10-100-1-57,1003,cap_capable,[],1,0,"[{'name': 'cap', 'type': 'int', 'value': 'CAP_AUDIT_WRITE'}]",0,0
3818.624622,7662,7662,7099,0,4026531840,sshd,ip-10-100-1-57,3,close,[140367120832903],1,0,"[{'name': 'fd', 'type': 'int', 'value': 8}]",0,0
3820.489432,7662,7662,7099,0,4026531840,sshd,ip-10-100-1-57,3,close,"[140367120832903, 94174172316152]",1,0,"[{'name': 'fd', 'type': 'int', 'value': 5}]",0,0
3820.490136,7662,7662,7099,0,4026531840,sshd,ip-10-100-1-57,1005,security_file_open,"[140367120830123, 8297038371372687919]",4,0,"[{'name': 'pathname', 'type': 'const char*', 'value': '/var/log/btmp'}, {'name': 'flags', 'type': 'int', 'value': 'O_WRONLY|O_APPEND|O_LARGEFILE'}, {'name': 'dev', 'type': 'dev_t', 'value': 211812353}, {'name': 'inode', 'type': 'unsigned long', 'value': 70285}]",0,0
3820.49024,7662,7662,7099,0,4026531840,sshd,ip-10-100-1-57,257,openat,[],4,5,"[{'name': 'dirfd', 'type': 'int', 'value': -100}, {'name': 'pathname', 'type': 'const char*', 'value': '/var/log/btmp'}, {'name': 'flags', 'type': 'int', 'value': 'O_WRONLY|O_APPEND'}, {'name': 'mode', 'type': 'mode_t', 'value': 3294629547}]",0,0
3820.490302,7662,7662,7099,0,4026531840,sshd,ip-10-100-1-57,5,fstat,"[140367120828041, 94174195419824]",2,0,"[{'name': 'fd', 'type': 'int', 'value': 5}, {'name': 'statbuf', 'type': 'struct stat*', 'value': '0x7FFCB028EDC0'}]",0,0
3820.490453,7662,7662,7099,0,4026531840,sshd,ip-10-100-1-57,3,close,"[140367120832903, 7255299008283803648]",1,0,"[{'name': 'fd', 'type': 'int', 'value': 5}]",0,0
3820.490699,7662,7662,7099,0,4026531840,sshd,ip-10-100-1-57,41,socket,[],3,5,"[{'name': 'domain', 'type': 'int', 'value': 'AF_NETLINK'}, {'name': 'type', 'type': 'const char*', 'value': 'SOCK_RAW'}, {'name': 'protocol', 'type': 'int', 'value': 9}]",0,0
3820.490906,7662,7662,7099,0,4026531840,sshd,ip-10-100-1-57,1003,cap_capable,[140367120906218],1,0,"[{'name': 'cap', 'type': 'int', 'value': 'CAP_AUDIT_WRITE'}]",0,0
3820.490964,7662,7662,7099,0,4026531840,sshd,ip-10-100-1-57,3,close,[],1,0,"[{'name': 'fd', 'type': 'int', 'value': 5}]",0,0
3822.327087,7663,7663,7662,109,4026531840,sshd,ip-10-100-1-57,1010,sched_process_exit,[],0,0,[],0,0
3822.327391,7662,7662,7099,0,4026531840,sshd,ip-10-100-1-57,41,socket,[],3,5,"[{'name': 'domain', 'type': 'int', 'value': 'AF_UNIX'}, {'name': 'type', 'type': 'const char*', 'value': 'SOCK_DGRAM|SOCK_CLOEXEC'}, {'name': 'protocol', 'type': 'int', 'value': 0}]",0,0
3822.327535,7662,7662,7099,0,4026531840,sshd,ip-10-100-1-57,42,connect,[140367120904967],3,0,"[{'name': 'sockfd', 'type': 'int', 'value': 5}, {'name': 'addr', 'type': 'struct sockaddr*', 'value': ""{'sa_family': 'AF_UNIX','sun_path': '/dev/log'}""}, {'name': 'addrlen', 'type': 'int*', 'value': 110}]",0,0
3822.327608,7662,7662,7099,0,4026531840,sshd,ip-10-100-1-57,3,close,[],1,0,"[{'name': 'fd', 'type': 'int', 'value': 5}]",0,0
3822.328778,7662,7662,7099,0,4026531840,sshd,ip-10-100-1-57,41,socket,[],3,5,"[{'name': 'domain', 'type': 'int', 'value': 'AF_UNIX'}, {'name': 'type', 'type': 'const char*', 'value': 'SOCK_DGRAM|SOCK_CLOEXEC'}, {'name': 'protocol', 'type': 'int', 'value': 0}]",0,0
3822.328964,7662,7662,7099,0,4026531840,sshd,ip-10-100-1-57,42,connect,[140367120904967],3,0,"[{'name': 'sockfd', 'type': 'int', 'value': 5}, {'name': 'addr', 'type': 'struct sockaddr*', 'value': ""{'sa_family': 'AF_UNIX','sun_path': '/dev/log'}""}, {'name': 'addrlen', 'type': 'int*', 'value': 110}]",0,0
3822.329085,7662,7662,7099,0,4026531840,sshd,ip-10-100-1-57,3,close,[],1,0,"[{'name': 'fd', 'type': 'int', 'value': 5}]",0,0
3822.329134,7662,7662,7099,0,4026531840,sshd,ip-10-100-1-57,3,close,[140367120832903],1,0,"[{'name': 'fd', 'type': 'int', 'value': 7}]",0,0
3822.329981,7662,7662,7099,0,4026531840,sshd,ip-10-100-1-57,1003,cap_capable,[],1,0,"[{'name': 'cap', 'type': 'int', 'value': 'CAP_KILL'}]",0,0
3822.330018,7662,7662,7099,0,4026531840,sshd,ip-10-100-1-57,62,kill,[],2,0,"[{'name': 'pid', 'type': 'pid_t', 'value': 7663}, {'name': 'sig', 'type': 'u32', 'value': 9}]",0,0
3822.331664,7662,7662,7099,0,4026531840,sshd,ip-10-100-1-57,1010,sched_process_exit,[],0,0,[],0,0
3822.331782,7099,7099,1,0,4026531840,sshd,ip-10-100-1-57,3,close,[],1,0,"[{'name': 'fd', 'type': 'int', 'value': 6}]",0,0
3867.454242,7099,7099,1,0,4026531840,sshd,ip-10-100-1-57,43,accept,[],3,5,"[{'name': 'sockfd', 'type': 'int', 'value': 3}, {'name': 'addr', 'type': 'void*', 'value': ""{'sin_addr': '182.76.204.237','sa_family': 'AF_INET','sin_port': '60562'}""}, {'name': 'addrlen', 'type': 'int*', 'value': '0x7FFF352DF788'}]",0,0
3867.455032,7099,7099,1,0,4026531840,sshd,ip-10-100-1-57,56,clone,[],5,7665,"[{'name': 'flags', 'type': 'unsigned int', 'value': 'CLONE_CHILD_CLEARTID|CLONE_CHILD_SETTID'}, {'name': 'stack', 'type': 'void*', 'value': '0x0'}, {'name': 'parent_tid', 'type': 'int*', 'value': '0x0'}, {'name': 'child_tid', 'type': 'int*', 'value': '0x7F22CC7790BF'}, {'name': 'tls', 'type': 'unsigned long', 'value': 0}]",0,0
3867.455166,7099,7099,1,0,4026531840,sshd,ip-10-100-1-57,3,close,[],1,0,"[{'name': 'fd', 'type': 'int', 'value': 7}]",0,0
3867.455257,7099,7099,1,0,4026531840,sshd,ip-10-100-1-57,3,close,[],1,0,"[{'name': 'fd', 'type': 'int', 'value': 8}]",0,0
3867.455403,7099,7099,1,0,4026531840,sshd,ip-10-100-1-57,3,close,[],1,0,"[{'name': 'fd', 'type': 'int', 'value': 9}]",0,0
3867.455442,7099,7099,1,0,4026531840,sshd,ip-10-100-1-57,3,close,[],1,0,"[{'name': 'fd', 'type': 'int', 'value': 5}]",0,0
3867.455892,7665,7665,7099,0,4026531840,sshd,ip-10-100-1-57,1005,security_file_open,[],4,0,"[{'name': 'pathname', 'type': 'const char*', 'value': '/proc/7665/oom_score_adj'}, {'name': 'flags', 'type': 'int', 'value': 'O_WRONLY|O_CREAT|O_TRUNC|O_LARGEFILE'}, {'name': 'dev', 'type': 'dev_t', 'value': 5}, {'name': 'inode', 'type': 'unsigned long', 'value': 48387}]",0,0
3867.455946,7665,7665,7099,0,4026531840,sshd,ip-10-100-1-57,257,openat,[],4,10,"[{'name': 'dirfd', 'type': 'int', 'value': -100}, {'name': 'pathname', 'type': 'const char*', 'value': '/proc/self/oom_score_adj'}, {'name': 'flags', 'type': 'int', 'value': 'O_WRONLY|O_CREAT|O_TRUNC'}, {'name': 'mode', 'type': 'mode_t', 'value': 3430563499}]",0,0
3867.456018,7665,7665,7099,0,4026531840,sshd,ip-10-100-1-57,5,fstat,[],2,0,"[{'name': 'fd', 'type': 'int', 'value': 10}, {'name': 'statbuf', 'type': 'struct stat*', 'value': '0x7FFF352DEF60'}]",0,0
3867.456076,7665,7665,7099,0,4026531840,sshd,ip-10-100-1-57,3,close,[],1,0,"[{'name': 'fd', 'type': 'int', 'value': 10}]",0,0
3867.456119,7665,7665,7099,0,4026531840,sshd,ip-10-100-1-57,3,close,[],1,0,"[{'name': 'fd', 'type': 'int', 'value': 6}]",0,0
3867.456173,7665,7665,7099,0,4026531840,sshd,ip-10-100-1-57,3,close,[],1,0,"[{'name': 'fd', 'type': 'int', 'value': 3}]",0,0
3867.456205,7665,7665,7099,0,4026531840,sshd,ip-10-100-1-57,3,close,[],1,0,"[{'name': 'fd', 'type': 'int', 'value': 4}]",0,0
3867.456246,7665,7665,7099,0,4026531840,sshd,ip-10-100-1-57,3,close,[],1,0,"[{'name': 'fd', 'type': 'int', 'value': 8}]",0,0
3867.45636,7665,7665,7099,0,4026531840,sshd,ip-10-100-1-57,33,dup2,[139787436182075],2,0,"[{'name': 'oldfd', 'type': 'int', 'value': 5}, {'name': 'newfd', 'type': 'int', 'value': 0}]",0,0
3867.456394,7665,7665,7099,0,4026531840,sshd,ip-10-100-1-57,33,dup2,[],2,1,"[{'name': 'oldfd', 'type': 'int', 'value': 0}, {'name': 'newfd', 'type': 'int', 'value': 1}]",0,0
3867.456424,7665,7665,7099,0,4026531840,sshd,ip-10-100-1-57,33,dup2,[139787436182075],2,4,"[{'name': 'oldfd', 'type': 'int', 'value': 7}, {'name': 'newfd', 'type': 'int', 'value': 4}]",0,0
3867.456454,7665,7665,7099,0,4026531840,sshd,ip-10-100-1-57,3,close,[],1,0,"[{'name': 'fd', 'type': 'int', 'value': 7}]",0,0
3867.456485,7665,7665,7099,0,4026531840,sshd,ip-10-100-1-57,33,dup2,[],2,5,"[{'name': 'oldfd', 'type': 'int', 'value': 9}, {'name': 'newfd', 'type': 'int', 'value': 5}]",0,0
3867.456533,7665,7665,7099,0,4026531840,sshd,ip-10-100-1-57,3,close,[],1,0,"[{'name': 'fd', 'type': 'int', 'value': 9}]",0,0
3867.456563,7665,7665,7099,0,4026531840,sshd,ip-10-100-1-57,59,execve,[139787436004091],2,0,"[{'name': 'pathname', 'type': 'const char*', 'value': '/usr/sbin/sshd'}, {'name': 'argv', 'type': 'const char*const*', 'value': ['/usr/sbin/sshd', '-D', '-o', 'AuthorizedKeysCommand /usr/share/ec2-instance-connect/eic_run_authorized_keys %u %f', '-o', 'AuthorizedKeysCommandUser ec2-instance-connect', '-R']}]",0,0
3867.456651,7665,7665,7099,0,4026531840,sshd,ip-10-100-1-57,1004,security_bprm_check,[],3,0,"[{'name': 'pathname', 'type': 'const char*', 'value': '/usr/sbin/sshd'}, {'name': 'dev', 'type': 'dev_t', 'value': 211812353}, {'name': 'inode', 'type': 'unsigned long', 'value': 2833}]",0,0
3867.457449,7665,7665,7099,0,4026531840,sshd,ip-10-100-1-57,21,access,"[139836704284139, 139836704275515, 4748352324462752356]",2,-2,"[{'name': 'pathname', 'type': 'const char*', 'value': '/etc/ld.so.preload'}, {'name': 'mode', 'type': 'mode_t', 'value': 'R_OK'}]",0,0
3867.457526,7665,7665,7099,0,4026531840,sshd,ip-10-100-1-57,1005,security_file_open,[],4,0,"[{'name': 'pathname', 'type': 'const char*', 'value': '/etc/ld.so.cache'}, {'name': 'flags', 'type': 'int', 'value': 'O_RDONLY|O_LARGEFILE'}, {'name': 'dev', 'type': 'dev_t', 'value': 211812353}, {'name': 'inode', 'type': 'unsigned long', 'value': 62841}]",0,0
3867.457573,7665,7665,7099,0,4026531840,sshd,ip-10-100-1-57,257,openat,[],4,3,"[{'name': 'dirfd', 'type': 'int', 'value': -100}, {'name': 'pathname', 'type': 'const char*', 'value': '/etc/ld.so.cache'}, {'name': 'flags', 'type': 'int', 'value': 'O_RDONLY|O_CLOEXEC'}, {'name': 'mode', 'type': 'mode_t', 'value': 1159061336}]",0,0
3867.457606,7665,7665,7099,0,4026531840,sshd,ip-10-100-1-57,5,fstat,[],2,0,"[{'name': 'fd', 'type': 'int', 'value': 3}, {'name': 'statbuf', 'type': 'struct stat*', 'value': '0x7FFC98E53BA0'}]",0,0
3867.457645,7665,7665,7099,0,4026531840,sshd,ip-10-100-1-57,3,close,[],1,0,"[{'name': 'fd', 'type': 'int', 'value': 3}]",0,0
3867.457708,7665,7665,7099,0,4026531840,sshd,ip-10-100-1-57,1005,security_file_open,"[139836704284504, 139836704201165]",4,0,"[{'name': 'pathname', 'type': 'const char*', 'value': '/usr/lib/x86_64-linux-gnu/libwrap.so.0.7.6'}, {'name': 'flags', 'type': 'int', 'value': 'O_RDONLY|O_LARGEFILE'}, {'name': 'dev', 'type': 'dev_t', 'value': 211812353}, {'name': 'inode', 'type': 'unsigned long', 'value': 5556}]",0,0
3867.457749,7665,7665,7099,0,4026531840,sshd,ip-10-100-1-57,257,openat,[],4,3,"[{'name': 'dirfd', 'type': 'int', 'value': -100}, {'name': 'pathname', 'type': 'const char*', 'value': '/lib/x86_64-linux-gnu/libwrap.so.0'}, {'name': 'flags', 'type': 'int', 'value': 'O_RDONLY|O_CLOEXEC'}, {'name': 'mode', 'type': 'mode_t', 'value': 1159061336}]",0,0
3867.457788,7665,7665,7099,0,4026531840,sshd,ip-10-100-1-57,5,fstat,"[139836704283945, 139836704200219]",2,0,"[{'name': 'fd', 'type': 'int', 'value': 3}, {'name': 'statbuf', 'type': 'struct stat*', 'value': '0x7FFC98E53BF0'}]",0,0
3867.457904,7665,7665,7099,0,4026531840,sshd,ip-10-100-1-57,3,close,"[139836704284187, 139836704200219]",1,0,"[{'name': 'fd', 'type': 'int', 'value': 3}]",0,0
3867.45795,7665,7665,7099,0,4026531840,sshd,ip-10-100-1-57,1005,security_file_open,[],4,0,"[{'name': 'pathname', 'type': 'const char*', 'value': '/usr/lib/x86_64-linux-gnu/libaudit.so.1.0.0'}, {'name': 'flags', 'type': 'int', 'value': 'O_RDONLY|O_LARGEFILE'}, {'name': 'dev', 'type': 'dev_t', 'value': 211812353}, {'name': 'inode', 'type': 'unsigned long', 'value': 3471}]",0,0
3867.457991,7665,7665,7099,0,4026531840,sshd,ip-10-100-1-57,257,openat,[],4,3,"[{'name': 'dirfd', 'type': 'int', 'value': -100}, {'name': 'pathname', 'type': 'const char*', 'value': '/lib/x86_64-linux-gnu/libaudit.so.1'}, {'name': 'flags', 'type': 'int', 'value': 'O_RDONLY|O_CLOEXEC'}, {'name': 'mode', 'type': 'mode_t', 'value': 1159061336}]",0,0
3867.458049,7665,7665,7099,0,4026531840,sshd,ip-10-100-1-57,5,fstat,[],2,0,"[{'name': 'fd', 'type': 'int', 'value': 3}, {'name': 'statbuf', 'type': 'struct stat*', 'value': '0x7FFC98E53BD0'}]",0,0
3867.458149,7665,7665,7099,0,4026531840,sshd,ip-10-100-1-57,3,close,[],1,0,"[{'name': 'fd', 'type': 'int', 'value': 3}]",0,0
3867.458217,7665,7665,7099,0,4026531840,sshd,ip-10-100-1-57,1005,security_file_open,[],4,0,"[{'name': 'pathname', 'type': 'const char*', 'value': '/usr/lib/x86_64-linux-gnu/libpam.so.0.84.2'}, {'name': 'flags', 'type': 'int', 'value': 'O_RDONLY|O_LARGEFILE'}, {'name': 'dev', 'type': 'dev_t', 'value': 211812353}, {'name': 'inode', 'type': 'unsigned long', 'value': 4523}]",0,0
3867.458259,7665,7665,7099,0,4026531840,sshd,ip-10-100-1-57,257,openat,[],4,3,"[{'name': 'dirfd', 'type': 'int', 'value': -100}, {'name': 'pathname', 'type': 'const char*', 'value': '/lib/x86_64-linux-gnu/libpam.so.0'}, {'name': 'flags', 'type': 'int', 'value': 'O_RDONLY|O_CLOEXEC'}, {'name': 'mode', 'type': 'mode_t', 'value': 1159061336}]",0,0
3867.458296,7665,7665,7099,0,4026531840,sshd,ip-10-100-1-57,5,fstat,[],2,0,"[{'name': 'fd', 'type': 'int', 'value': 3}, {'name': 'statbuf', 'type': 'struct stat*', 'value': '0x7FFC98E53BB0'}]",0,0
3867.458395,7665,7665,7099,0,4026531840,sshd,ip-10-100-1-57,3,close,[],1,0,"[{'name': 'fd', 'type': 'int', 'value': 3}]",0,0
3867.458438,7665,7665,7099,0,4026531840,sshd,ip-10-100-1-57,1005,security_file_open,[],4,0,"[{'name': 'pathname', 'type': 'const char*', 'value': '/usr/lib/x86_64-linux-gnu/libselinux.so.1'}, {'name': 'flags', 'type': 'int', 'value': 'O_RDONLY|O_LARGEFILE'}, {'name': 'dev', 'type': 'dev_t', 'value': 211812353}, {'name': 'inode', 'type': 'unsigned long', 'value': 3814}]",0,0
3867.458478,7665,7665,7099,0,4026531840,sshd,ip-10-100-1-57,257,openat,[],4,3,"[{'name': 'dirfd', 'type': 'int', 'value': -100}, {'name': 'pathname', 'type': 'const char*', 'value': '/lib/x86_64-linux-gnu/libselinux.so.1'}, {'name': 'flags', 'type': 'int', 'value': 'O_RDONLY|O_CLOEXEC'}, {'name': 'mode', 'type': 'mode_t', 'value': 1159061336}]",0,0
3867.458516,7665,7665,7099,0,4026531840,sshd,ip-10-100-1-57,5,fstat,[],2,0,"[{'name': 'fd', 'type': 'int', 'value': 3}, {'name': 'statbuf', 'type': 'struct stat*', 'value': '0x7FFC98E53B90'}]",0,0
3867.458635,7665,7665,7099,0,4026531840,sshd,ip-10-100-1-57,3,close,[],1,0,"[{'name': 'fd', 'type': 'int', 'value': 3}]",0,0
3867.45878,7665,7665,7099,0,4026531840,sshd,ip-10-100-1-57,5,fstat,[],2,0,"[{'name': 'fd', 'type': 'int', 'value': 3}, {'name': 'statbuf', 'type': 'struct stat*', 'value': '0x7FFC98E53B70'}]",0,0
3867.458867,7665,7665,7099,0,4026531840,sshd,ip-10-100-1-57,3,close,[],1,0,"[{'name': 'fd', 'type': 'int', 'value': 3}]",0,0
3867.458681,7665,7665,7099,0,4026531840,sshd,ip-10-100-1-57,1005,security_file_open,[],4,0,"[{'name': 'pathname', 'type': 'const char*', 'value': '/usr/lib/x86_64-linux-gnu/libsystemd.so.0.28.0'}, {'name': 'flags', 'type': 'int', 'value': 'O_RDONLY|O_LARGEFILE'}, {'name': 'dev', 'type': 'dev_t', 'value': 211812353}, {'name': 'inode', 'type': 'unsigned long', 'value': 4547}]",0,0
3867.458742,7665,7665,7099,0,4026531840,sshd,ip-10-100-1-57,257,openat,[],4,3,"[{'name': 'dirfd', 'type': 'int', 'value': -100}, {'name': 'pathname', 'type': 'const char*', 'value': '/lib/x86_64-linux-gnu/libsystemd.so.0'}, {'name': 'flags', 'type': 'int', 'value': 'O_RDONLY|O_CLOEXEC'}, {'name': 'mode', 'type': 'mode_t', 'value': 1159061336}]",0,0
3867.458933,7665,7665,7099,0,4026531840,sshd,ip-10-100-1-57,1005,security_file_open,[],4,0,"[{'name': 'pathname', 'type': 'const char*', 'value': '/usr/lib/x86_64-linux-gnu/libcrypto.so.1.1'}, {'name': 'flags', 'type': 'int', 'value': 'O_RDONLY|O_LARGEFILE'}, {'name': 'dev', 'type': 'dev_t', 'value': 211812353}, {'name': 'inode', 'type': 'unsigned long', 'value': 4567}]",0,0
3867.458974,7665,7665,7099,0,4026531840,sshd,ip-10-100-1-57,257,openat,[],4,3,"[{'name': 'dirfd', 'type': 'int', 'value': -100}, {'name': 'pathname', 'type': 'const char*', 'value': '/lib/x86_64-linux-gnu/libcrypto.so.1.1'}, {'name': 'flags', 'type': 'int', 'value': 'O_RDONLY|O_CLOEXEC'}, {'name': 'mode', 'type': 'mode_t', 'value': 1159061336}]",0,0
3867.459011,7665,7665,7099,0,4026531840,sshd,ip-10-100-1-57,5,fstat,[],2,0,"[{'name': 'fd', 'type': 'int', 'value': 3}, {'name': 'statbuf', 'type': 'struct stat*', 'value': '0x7FFC98E53B50'}]",0,0
3867.459123,7665,7665,7099,0,4026531840,sshd,ip-10-100-1-57,3,close,[],1,0,"[{'name': 'fd', 'type': 'int', 'value': 3}]",0,0
3867.461349,7665,7665,7099,0,4026531840,sshd,ip-10-100-1-57,1005,security_file_open,"[139836704284504, 139836704201165]",4,0,"[{'name': 'pathname', 'type': 'const char*', 'value': '/usr/lib/x86_64-linux-gnu/libutil-2.31.so'}, {'name': 'flags', 'type': 'int', 'value': 'O_RDONLY|O_LARGEFILE'}, {'name': 'dev', 'type': 'dev_t', 'value': 211812353}, {'name': 'inode', 'type': 'unsigned long', 'value': 3446}]",0,0
3867.463625,7665,7665,7099,0,4026531840,sshd,ip-10-100-1-57,257,openat,"[139836704284504, 139836704201165]",4,3,"[{'name': 'dirfd', 'type': 'int', 'value': -100}, {'name': 'pathname', 'type': 'const char*', 'value': '/lib/x86_64-linux-gnu/libutil.so.1'}, {'name': 'flags', 'type': 'int', 'value': 'O_RDONLY|O_CLOEXEC'}, {'name': 'mode', 'type': 'mode_t', 'value': 1159061336}]",0,0
3867.463698,7665,7665,7099,0,4026531840,sshd,ip-10-100-1-57,5,fstat,"[139836704283945, 139836704200219]",2,0,"[{'name': 'fd', 'type': 'int', 'value': 3}, {'name': 'statbuf', 'type': 'struct stat*', 'value': '0x7FFC98E53B30'}]",0,0
3867.464423,7665,7665,7099,0,4026531840,sshd,ip-10-100-1-57,3,close,"[139836704284187, 139836704200219]",1,0,"[{'name': 'fd', 'type': 'int', 'value': 3}]",0,0
3867.465639,7665,7665,7099,0,4026531840,sshd,ip-10-100-1-57,1005,security_file_open,"[139836704284504, 139836704201165]",4,0,"[{'name': 'pathname', 'type': 'const char*', 'value': '/usr/lib/x86_64-linux-gnu/libz.so.1.2.11'}, {'name': 'flags', 'type': 'int', 'value': 'O_RDONLY|O_LARGEFILE'}, {'name': 'dev', 'type': 'dev_t', 'value': 211812353}, {'name': 'inode', 'type': 'unsigned long', 'value': 3823}]",0,0
3867.466096,7665,7665,7099,0,4026531840,sshd,ip-10-100-1-57,257,openat,"[139836704284504, 139836704201165]",4,3,"[{'name': 'dirfd', 'type': 'int', 'value': -100}, {'name': 'pathname', 'type': 'const char*', 'value': '/lib/x86_64-linux-gnu/libz.so.1'}, {'name': 'flags', 'type': 'int', 'value': 'O_RDONLY|O_CLOEXEC'}, {'name': 'mode', 'type': 'mode_t', 'value': 1159061336}]",0,0
3867.466212,7665,7665,7099,0,4026531840,sshd,ip-10-100-1-57,5,fstat,"[139836704283945, 139836704200219]",2,0,"[{'name': 'fd', 'type': 'int', 'value': 3}, {'name': 'statbuf', 'type': 'struct stat*', 'value': '0x7FFC98E53B10'}]",0,0
3867.466337,7665,7665,7099,0,4026531840,sshd,ip-10-100-1-57,3,close,"[139836704284187, 139836704200219]",1,0,"[{'name': 'fd', 'type': 'int', 'value': 3}]",0,0
3867.466384,7665,7665,7099,0,4026531840,sshd,ip-10-100-1-57,1005,security_file_open,[],4,0,"[{'name': 'pathname', 'type': 'const char*', 'value': '/usr/lib/x86_64-linux-gnu/libcrypt.so.1.1.0'}, {'name': 'flags', 'type': 'int', 'value': 'O_RDONLY|O_LARGEFILE'}, {'name': 'dev', 'type': 'dev_t', 'value': 211812353}, {'name': 'inode', 'type': 'unsigned long', 'value': 3453}]",0,0
3867.466473,7665,7665,7099,0,4026531840,sshd,ip-10-100-1-57,5,fstat,[],2,0,"[{'name': 'fd', 'type': 'int', 'value': 3}, {'name': 'statbuf', 'type': 'struct stat*', 'value': '0x7FFC98E53AF0'}]",0,0
3867.467381,7665,7665,7099,0,4026531840,sshd,ip-10-100-1-57,3,close,"[139836704284187, 139836704200219]",1,0,"[{'name': 'fd', 'type': 'int', 'value': 3}]",0,0
3867.466427,7665,7665,7099,0,4026531840,sshd,ip-10-100-1-57,257,openat,[],4,3,"[{'name': 'dirfd', 'type': 'int', 'value': -100}, {'name': 'pathname', 'type': 'const char*', 'value': '/lib/x86_64-linux-gnu/libcrypt.so.1'}, {'name': 'flags', 'type': 'int', 'value': 'O_RDONLY|O_CLOEXEC'}, {'name': 'mode', 'type': 'mode_t', 'value': 1159061336}]",0,0
3867.467481,7665,7665,7099,0,4026531840,sshd,ip-10-100-1-57,1005,security_file_open,"[139836704284504, 139836704201165]",4,0,"[{'name': 'pathname', 'type': 'const char*', 'value': '/usr/lib/x86_64-linux-gnu/libgssapi_krb5.so.2.2'}, {'name': 'flags', 'type': 'int', 'value': 'O_RDONLY|O_LARGEFILE'}, {'name': 'dev', 'type': 'dev_t', 'value': 211812353}, {'name': 'inode', 'type': 'unsigned long', 'value': 5207}]",0,0
3867.467529,7665,7665,7099,0,4026531840,sshd,ip-10-100-1-57,257,openat,[],4,3,"[{'name': 'dirfd', 'type': 'int', 'value': -100}, {'name': 'pathname', 'type': 'const char*', 'value': '/lib/x86_64-linux-gnu/libgssapi_krb5.so.2'}, {'name': 'flags', 'type': 'int', 'value': 'O_RDONLY|O_CLOEXEC'}, {'name': 'mode', 'type': 'mode_t', 'value': 1159061336}]",0,0
3867.467678,7665,7665,7099,0,4026531840,sshd,ip-10-100-1-57,5,fstat,"[139836704283945, 139836704200219]",2,0,"[{'name': 'fd', 'type': 'int', 'value': 3}, {'name': 'statbuf', 'type': 'struct stat*', 'value': '0x7FFC98E53AD0'}]",0,0
3867.467821,7665,7665,7099,0,4026531840,sshd,ip-10-100-1-57,3,close,[],1,0,"[{'name': 'fd', 'type': 'int', 'value': 3}]",0,0
3867.467994,7665,7665,7099,0,4026531840,sshd,ip-10-100-1-57,1005,security_file_open,[],4,0,"[{'name': 'pathname', 'type': 'const char*', 'value': '/usr/lib/x86_64-linux-gnu/libkrb5.so.3.3'}, {'name': 'flags', 'type': 'int', 'value': 'O_RDONLY|O_LARGEFILE'}, {'name': 'dev', 'type': 'dev_t', 'value': 211812353}, {'name': 'inode', 'type': 'unsigned long', 'value': 5205}]",0,0
3867.468044,7665,7665,7099,0,4026531840,sshd,ip-10-100-1-57,257,openat,[],4,3,"[{'name': 'dirfd', 'type': 'int', 'value': -100}, {'name': 'pathname', 'type': 'const char*', 'value': '/lib/x86_64-linux-gnu/libkrb5.so.3'}, {'name': 'flags', 'type': 'int', 'value': 'O_RDONLY|O_CLOEXEC'}, {'name': 'mode', 'type': 'mode_t', 'value': 1159061336}]",0,0
3867.468083,7665,7665,7099,0,4026531840,sshd,ip-10-100-1-57,5,fstat,[],2,0,"[{'name': 'fd', 'type': 'int', 'value': 3}, {'name': 'statbuf', 'type': 'struct stat*', 'value': '0x7FFC98E53AB0'}]",0,0
3867.46822,7665,7665,7099,0,4026531840,sshd,ip-10-100-1-57,3,close,[],1,0,"[{'name': 'fd', 'type': 'int', 'value': 3}]",0,0
3867.468405,7665,7665,7099,0,4026531840,sshd,ip-10-100-1-57,1005,security_file_open,[],4,0,"[{'name': 'pathname', 'type': 'const char*', 'value': '/usr/lib/x86_64-linux-gnu/libcom_err.so.2.1'}, {'name': 'flags', 'type': 'int', 'value': 'O_RDONLY|O_LARGEFILE'}, {'name': 'dev', 'type': 'dev_t', 'value': 211812353}, {'name': 'inode', 'type': 'unsigned long', 'value': 3451}]",0,0
3867.468555,7665,7665,7099,0,4026531840,sshd,ip-10-100-1-57,257,openat,[],4,3,"[{'name': 'dirfd', 'type': 'int', 'value': -100}, {'name': 'pathname', 'type': 'const char*', 'value': '/lib/x86_64-linux-gnu/libcom_err.so.2'}, {'name': 'flags', 'type': 'int', 'value': 'O_RDONLY|O_CLOEXEC'}, {'name': 'mode', 'type': 'mode_t', 'value': 1159061336}]",0,0
3867.468664,7665,7665,7099,0,4026531840,sshd,ip-10-100-1-57,5,fstat,[],2,0,"[{'name': 'fd', 'type': 'int', 'value': 3}, {'name': 'statbuf', 'type': 'struct stat*', 'value': '0x7FFC98E53A90'}]",0,0
3867.468757,7665,7665,7099,0,4026531840,sshd,ip-10-100-1-57,3,close,[],1,0,"[{'name': 'fd', 'type': 'int', 'value': 3}]",0,0
3867.468942,7665,7665,7099,0,4026531840,sshd,ip-10-100-1-57,1005,security_file_open,[],4,0,"[{'name': 'pathname', 'type': 'const char*', 'value': '/usr/lib/x86_64-linux-gnu/libc-2.31.so'}, {'name': 'flags', 'type': 'int', 'value': 'O_RDONLY|O_LARGEFILE'}, {'name': 'dev', 'type': 'dev_t', 'value': 211812353}, {'name': 'inode', 'type': 'unsigned long', 'value': 3429}]",0,0
3867.469029,7665,7665,7099,0,4026531840,sshd,ip-10-100-1-57,257,openat,[],4,3,"[{'name': 'dirfd', 'type': 'int', 'value': -100}, {'name': 'pathname', 'type': 'const char*', 'value': '/lib/x86_64-linux-gnu/libc.so.6'}, {'name': 'flags', 'type': 'int', 'value': 'O_RDONLY|O_CLOEXEC'}, {'name': 'mode', 'type': 'mode_t', 'value': 1159061336}]",0,0
3867.469165,7665,7665,7099,0,4026531840,sshd,ip-10-100-1-57,5,fstat,[],2,0,"[{'name': 'fd', 'type': 'int', 'value': 3}, {'name': 'statbuf', 'type': 'struct stat*', 'value': '0x7FFC98E53A70'}]",0,0
3867.470662,7665,7665,7099,0,4026531840,sshd,ip-10-100-1-57,3,close,"[139836704284187, 139836704200219]",1,0,"[{'name': 'fd', 'type': 'int', 'value': 3}]",0,0
3867.470745,7665,7665,7099,0,4026531840,sshd,ip-10-100-1-57,1005,security_file_open,"[139836704284504, 139836704201165]",4,0,"[{'name': 'pathname', 'type': 'const char*', 'value': '/usr/lib/x86_64-linux-gnu/libnsl-2.31.so'}, {'name': 'flags', 'type': 'int', 'value': 'O_RDONLY|O_LARGEFILE'}, {'name': 'dev', 'type': 'dev_t', 'value': 211812353}, {'name': 'inode', 'type': 'unsigned long', 'value': 3434}]",0,0
3867.470806,7665,7665,7099,0,4026531840,sshd,ip-10-100-1-57,257,openat,[],4,3,"[{'name': 'dirfd', 'type': 'int', 'value': -100}, {'name': 'pathname', 'type': 'const char*', 'value': '/lib/x86_64-linux-gnu/libnsl.so.1'}, {'name': 'flags', 'type': 'int', 'value': 'O_RDONLY|O_CLOEXEC'}, {'name': 'mode', 'type': 'mode_t', 'value': 1159061336}]",0,0
3867.470993,7665,7665,7099,0,4026531840,sshd,ip-10-100-1-57,5,fstat,"[139836704283945, 139836704200219]",2,0,"[{'name': 'fd', 'type': 'int', 'value': 3}, {'name': 'statbuf', 'type': 'struct stat*', 'value': '0x7FFC98E53A50'}]",0,0
3867.471122,7665,7665,7099,0,4026531840,sshd,ip-10-100-1-57,3,close,[],1,0,"[{'name': 'fd', 'type': 'int', 'value': 3}]",0,0
3867.47133,7665,7665,7099,0,4026531840,sshd,ip-10-100-1-57,1005,security_file_open,[],4,0,"[{'name': 'pathname', 'type': 'const char*', 'value': '/usr/lib/x86_64-linux-gnu/libcap-ng.so.0.0.0'}, {'name': 'flags', 'type': 'int', 'value': 'O_RDONLY|O_LARGEFILE'}, {'name': 'dev', 'type': 'dev_t', 'value': 211812353}, {'name': 'inode', 'type': 'unsigned long', 'value': 3449}]",0,0
3867.47138,7665,7665,7099,0,4026531840,sshd,ip-10-100-1-57,257,openat,[],4,3,"[{'name': 'dirfd', 'type': 'int', 'value': -100}, {'name': 'pathname', 'type': 'const char*', 'value': '/lib/x86_64-linux-gnu/libcap-ng.so.0'}, {'name': 'flags', 'type': 'int', 'value': 'O_RDONLY|O_CLOEXEC'}, {'name': 'mode', 'type': 'mode_t', 'value': 1159061336}]",0,0
3867.471441,7665,7665,7099,0,4026531840,sshd,ip-10-100-1-57,5,fstat,[],2,0,"[{'name': 'fd', 'type': 'int', 'value': 3}, {'name': 'statbuf', 'type': 'struct stat*', 'value': '0x7FFC98E53A30'}]",0,0
3867.471563,7665,7665,7099,0,4026531840,sshd,ip-10-100-1-57,3,close,[],1,0,"[{'name': 'fd', 'type': 'int', 'value': 3}]",0,0
3867.471743,7665,7665,7099,0,4026531840,sshd,ip-10-100-1-57,1005,security_file_open,[],4,0,"[{'name': 'pathname', 'type': 'const char*', 'value': '/usr/lib/x86_64-linux-gnu/libdl-2.31.so'}, {'name': 'flags', 'type': 'int', 'value': 'O_RDONLY|O_LARGEFILE'}, {'name': 'dev', 'type': 'dev_t', 'value': 211812353}, {'name': 'inode', 'type': 'unsigned long', 'value': 3430}]",0,0
3867.472738,7665,7665,7099,0,4026531840,sshd,ip-10-100-1-57,257,openat,"[139836704284504, 139836704201165]",4,3,"[{'name': 'dirfd', 'type': 'int', 'value': -100}, {'name': 'pathname', 'type': 'const char*', 'value': '/lib/x86_64-linux-gnu/libdl.so.2'}, {'name': 'flags', 'type': 'int', 'value': 'O_RDONLY|O_CLOEXEC'}, {'name': 'mode', 'type': 'mode_t', 'value': 1159061336}]",0,0
3867.472823,7665,7665,7099,0,4026531840,sshd,ip-10-100-1-57,5,fstat,"[139836704283945, 139836704200219]",2,0,"[{'name': 'fd', 'type': 'int', 'value': 3}, {'name': 'statbuf', 'type': 'struct stat*', 'value': '0x7FFC98E53A10'}]",0,0
3867.472918,7665,7665,7099,0,4026531840,sshd,ip-10-100-1-57,3,close,"[139836704284187, 139836704200219]",1,0,"[{'name': 'fd', 'type': 'int', 'value': 3}]",0,0
3867.473641,7665,7665,7099,0,4026531840,sshd,ip-10-100-1-57,1005,security_file_open,"[139836704284504, 139836704201165]",4,0,"[{'name': 'pathname', 'type': 'const char*', 'value': '/usr/lib/x86_64-linux-gnu/libpcre2-8.so.0.9.0'}, {'name': 'flags', 'type': 'int', 'value': 'O_RDONLY|O_LARGEFILE'}, {'name': 'dev', 'type': 'dev_t', 'value': 211812353}, {'name': 'inode', 'type': 'unsigned long', 'value': 3806}]",0,0
3867.473721,7665,7665,7099,0,4026531840,sshd,ip-10-100-1-57,257,openat,[],4,3,"[{'name': 'dirfd', 'type': 'int', 'value': -100}, {'name': 'pathname', 'type': 'const char*', 'value': '/lib/x86_64-linux-gnu/libpcre2-8.so.0'}, {'name': 'flags', 'type': 'int', 'value': 'O_RDONLY|O_CLOEXEC'}, {'name': 'mode', 'type': 'mode_t', 'value': 1159061336}]",0,0
3867.473781,7665,7665,7099,0,4026531840,sshd,ip-10-100-1-57,5,fstat,"[139836704283945, 139836704200219]",2,0,"[{'name': 'fd', 'type': 'int', 'value': 3}, {'name': 'statbuf', 'type': 'struct stat*', 'value': '0x7FFC98E539F0'}]",0,0
3867.47453,7665,7665,7099,0,4026531840,sshd,ip-10-100-1-57,3,close,"[139836704284187, 139836704200219]",1,0,"[{'name': 'fd', 'type': 'int', 'value': 3}]",0,0
3867.47462,7665,7665,7099,0,4026531840,sshd,ip-10-100-1-57,1005,security_file_open,"[139836704284504, 139836704201165]",4,0,"[{'name': 'pathname', 'type': 'const char*', 'value': '/usr/lib/x86_64-linux-gnu/librt-2.31.so'}, {'name': 'flags', 'type': 'int', 'value': 'O_RDONLY|O_LARGEFILE'}, {'name': 'dev', 'type': 'dev_t', 'value': 211812353}, {'name': 'inode', 'type': 'unsigned long', 'value': 3444}]",0,0
3867.474668,7665,7665,7099,0,4026531840,sshd,ip-10-100-1-57,257,openat,[],4,3,"[{'name': 'dirfd', 'type': 'int', 'value': -100}, {'name': 'pathname', 'type': 'const char*', 'value': '/lib/x86_64-linux-gnu/librt.so.1'}, {'name': 'flags', 'type': 'int', 'value': 'O_RDONLY|O_CLOEXEC'}, {'name': 'mode', 'type': 'mode_t', 'value': 1159061336}]",0,0
3867.474708,7665,7665,7099,0,4026531840,sshd,ip-10-100-1-57,5,fstat,"[139836704283945, 139836704200219]",2,0,"[{'name': 'fd', 'type': 'int', 'value': 3}, {'name': 'statbuf', 'type': 'struct stat*', 'value': '0x7FFC98E539B0'}]",0,0
3867.474819,7665,7665,7099,0,4026531840,sshd,ip-10-100-1-57,3,close,[],1,0,"[{'name': 'fd', 'type': 'int', 'value': 3}]",0,0
3867.474989,7665,7665,7099,0,4026531840,sshd,ip-10-100-1-57,1005,security_file_open,[],4,0,"[{'name': 'pathname', 'type': 'const char*', 'value': '/usr/lib/x86_64-linux-gnu/liblzma.so.5.2.4'}, {'name': 'flags', 'type': 'int', 'value': 'O_RDONLY|O_LARGEFILE'}, {'name': 'dev', 'type': 'dev_t', 'value': 211812353}, {'name': 'inode', 'type': 'unsigned long', 'value': 3738}]",0,0
3867.475184,7665,7665,7099,0,4026531840,sshd,ip-10-100-1-57,257,openat,[],4,3,"[{'name': 'dirfd', 'type': 'int', 'value': -100}, {'name': 'pathname', 'type': 'const char*', 'value': '/lib/x86_64-linux-gnu/liblzma.so.5'}, {'name': 'flags', 'type': 'int', 'value': 'O_RDONLY|O_CLOEXEC'}, {'name': 'mode', 'type': 'mode_t', 'value': 1159061336}]",0,0
3867.47524,7665,7665,7099,0,4026531840,sshd,ip-10-100-1-57,5,fstat,[],2,0,"[{'name': 'fd', 'type': 'int', 'value': 3}, {'name': 'statbuf', 'type': 'struct stat*', 'value': '0x7FFC98E53990'}]",0,0
3867.475363,7665,7665,7099,0,4026531840,sshd,ip-10-100-1-57,3,close,[],1,0,"[{'name': 'fd', 'type': 'int', 'value': 3}]",0,0
3867.475477,7665,7665,7099,0,4026531840,sshd,ip-10-100-1-57,1005,security_file_open,[],4,0,"[{'name': 'pathname', 'type': 'const char*', 'value': '/usr/lib/x86_64-linux-gnu/liblz4.so.1.9.2'}, {'name': 'flags', 'type': 'int', 'value': 'O_RDONLY|O_LARGEFILE'}, {'name': 'dev', 'type': 'dev_t', 'value': 211812353}, {'name': 'inode', 'type': 'unsigned long', 'value': 3743}]",0,0
3867.475664,7665,7665,7099,0,4026531840,sshd,ip-10-100-1-57,257,openat,[],4,3,"[{'name': 'dirfd', 'type': 'int', 'value': -100}, {'name': 'pathname', 'type': 'const char*', 'value': '/lib/x86_64-linux-gnu/liblz4.so.1'}, {'name': 'flags', 'type': 'int', 'value': 'O_RDONLY|O_CLOEXEC'}, {'name': 'mode', 'type': 'mode_t', 'value': 1159061336}]",0,0
3867.475718,7665,7665,7099,0,4026531840,sshd,ip-10-100-1-57,5,fstat,[],2,0,"[{'name': 'fd', 'type': 'int', 'value': 3}, {'name': 'statbuf', 'type': 'struct stat*', 'value': '0x7FFC98E53970'}]",0,0
3867.475847,7665,7665,7099,0,4026531840,sshd,ip-10-100-1-57,3,close,[],1,0,"[{'name': 'fd', 'type': 'int', 'value': 3}]",0,0
3867.47604,7665,7665,7099,0,4026531840,sshd,ip-10-100-1-57,1005,security_file_open,[],4,0,"[{'name': 'pathname', 'type': 'const char*', 'value': '/usr/lib/x86_64-linux-gnu/libgcrypt.so.20.2.5'}, {'name': 'flags', 'type': 'int', 'value': 'O_RDONLY|O_LARGEFILE'}, {'name': 'dev', 'type': 'dev_t', 'value': 211812353}, {'name': 'inode', 'type': 'unsigned long', 'value': 3462}]",0,0
3867.476094,7665,7665,7099,0,4026531840,sshd,ip-10-100-1-57,257,openat,[],4,3,"[{'name': 'dirfd', 'type': 'int', 'value': -100}, {'name': 'pathname', 'type': 'const char*', 'value': '/lib/x86_64-linux-gnu/libgcrypt.so.20'}, {'name': 'flags', 'type': 'int', 'value': 'O_RDONLY|O_CLOEXEC'}, {'name': 'mode', 'type': 'mode_t', 'value': 1159061336}]",0,0
3867.476163,7665,7665,7099,0,4026531840,sshd,ip-10-100-1-57,5,fstat,[],2,0,"[{'name': 'fd', 'type': 'int', 'value': 3}, {'name': 'statbuf', 'type': 'struct stat*', 'value': '0x7FFC98E53950'}]",0,0
3867.476421,7665,7665,7099,0,4026531840,sshd,ip-10-100-1-57,3,close,[],1,0,"[{'name': 'fd', 'type': 'int', 'value': 3}]",0,0
3867.476586,7665,7665,7099,0,4026531840,sshd,ip-10-100-1-57,1005,security_file_open,[],4,0,"[{'name': 'pathname', 'type': 'const char*', 'value': '/usr/lib/x86_64-linux-gnu/libpthread-2.31.so'}, {'name': 'flags', 'type': 'int', 'value': 'O_RDONLY|O_LARGEFILE'}, {'name': 'dev', 'type': 'dev_t', 'value': 211812353}, {'name': 'inode', 'type': 'unsigned long', 'value': 3442}]",0,0
3867.476731,7665,7665,7099,0,4026531840,sshd,ip-10-100-1-57,257,openat,[],4,3,"[{'name': 'dirfd', 'type': 'int', 'value': -100}, {'name': 'pathname', 'type': 'const char*', 'value': '/lib/x86_64-linux-gnu/libpthread.so.0'}, {'name': 'flags', 'type': 'int', 'value': 'O_RDONLY|O_CLOEXEC'}, {'name': 'mode', 'type': 'mode_t', 'value': 1159061336}]",0,0
3867.476818,7665,7665,7099,0,4026531840,sshd,ip-10-100-1-57,5,fstat,[],2,0,"[{'name': 'fd', 'type': 'int', 'value': 3}, {'name': 'statbuf', 'type': 'struct stat*', 'value': '0x7FFC98E53930'}]",0,0
3867.477034,7665,7665,7099,0,4026531840,sshd,ip-10-100-1-57,3,close,[],1,0,"[{'name': 'fd', 'type': 'int', 'value': 3}]",0,0
3867.477216,7665,7665,7099,0,4026531840,sshd,ip-10-100-1-57,1005,security_file_open,[],4,0,"[{'name': 'pathname', 'type': 'const char*', 'value': '/usr/lib/x86_64-linux-gnu/libk5crypto.so.3.1'}, {'name': 'flags', 'type': 'int', 'value': 'O_RDONLY|O_LARGEFILE'}, {'name': 'dev', 'type': 'dev_t', 'value': 211812353}, {'name': 'inode', 'type': 'unsigned long', 'value': 5201}]",0,0
3867.477351,7665,7665,7099,0,4026531840,sshd,ip-10-100-1-57,257,openat,[],4,3,"[{'name': 'dirfd', 'type': 'int', 'value': -100}, {'name': 'pathname', 'type': 'const char*', 'value': '/lib/x86_64-linux-gnu/libk5crypto.so.3'}, {'name': 'flags', 'type': 'int', 'value': 'O_RDONLY|O_CLOEXEC'}, {'name': 'mode', 'type': 'mode_t', 'value': 1159061336}]",0,0
3867.477409,7665,7665,7099,0,4026531840,sshd,ip-10-100-1-57,5,fstat,[],2,0,"[{'name': 'fd', 'type': 'int', 'value': 3}, {'name': 'statbuf', 'type': 'struct stat*', 'value': '0x7FFC98E53910'}]",0,0
3867.479241,7665,7665,7099,0,4026531840,sshd,ip-10-100-1-57,3,close,"[139836704284187, 139836704200219]",1,0,"[{'name': 'fd', 'type': 'int', 'value': 3}]",0,0
3867.479324,7665,7665,7099,0,4026531840,sshd,ip-10-100-1-57,1005,security_file_open,"[139836704284504, 139836704201165]",4,0,"[{'name': 'pathname', 'type': 'const char*', 'value': '/usr/lib/x86_64-linux-gnu/libkrb5support.so.0.1'}, {'name': 'flags', 'type': 'int', 'value': 'O_RDONLY|O_LARGEFILE'}, {'name': 'dev', 'type': 'dev_t', 'value': 211812353}, {'name': 'inode', 'type': 'unsigned long', 'value': 5198}]",0,0
3867.479403,7665,7665,7099,0,4026531840,sshd,ip-10-100-1-57,257,openat,[],4,3,"[{'name': 'dirfd', 'type': 'int', 'value': -100}, {'name': 'pathname', 'type': 'const char*', 'value': '/lib/x86_64-linux-gnu/libkrb5support.so.0'}, {'name': 'flags', 'type': 'int', 'value': 'O_RDONLY|O_CLOEXEC'}, {'name': 'mode', 'type': 'mode_t', 'value': 1159061336}]",0,0
3867.479458,7665,7665,7099,0,4026531840,sshd,ip-10-100-1-57,5,fstat,"[139836704283945, 139836704200219]",2,0,"[{'name': 'fd', 'type': 'int', 'value': 3}, {'name': 'statbuf', 'type': 'struct stat*', 'value': '0x7FFC98E538F0'}]",0,0
3867.479552,7665,7665,7099,0,4026531840,sshd,ip-10-100-1-57,3,close,[],1,0,"[{'name': 'fd', 'type': 'int', 'value': 3}]",0,0
3867.479775,7665,7665,7099,0,4026531840,sshd,ip-10-100-1-57,1005,security_file_open,[],4,0,"[{'name': 'pathname', 'type': 'const char*', 'value': '/usr/lib/x86_64-linux-gnu/libkeyutils.so.1.8'}, {'name': 'flags', 'type': 'int', 'value': 'O_RDONLY|O_LARGEFILE'}, {'name': 'dev', 'type': 'dev_t', 'value': 211812353}, {'name': 'inode', 'type': 'unsigned long', 'value': 5203}]",0,0
3867.47999,7665,7665,7099,0,4026531840,sshd,ip-10-100-1-57,257,openat,[],4,3,"[{'name': 'dirfd', 'type': 'int', 'value': -100}, {'name': 'pathname', 'type': 'const char*', 'value': '/lib/x86_64-linux-gnu/libkeyutils.so.1'}, {'name': 'flags', 'type': 'int', 'value': 'O_RDONLY|O_CLOEXEC'}, {'name': 'mode', 'type': 'mode_t', 'value': 1159061336}]",0,0
3867.480064,7665,7665,7099,0,4026531840,sshd,ip-10-100-1-57,5,fstat,[],2,0,"[{'name': 'fd', 'type': 'int', 'value': 3}, {'name': 'statbuf', 'type': 'struct stat*', 'value': '0x7FFC98E538D0'}]",0,0
3867.480148,7665,7665,7099,0,4026531840,sshd,ip-10-100-1-57,3,close,[],1,0,"[{'name': 'fd', 'type': 'int', 'value': 3}]",0,0
3867.480257,7665,7665,7099,0,4026531840,sshd,ip-10-100-1-57,1005,security_file_open,[],4,0,"[{'name': 'pathname', 'type': 'const char*', 'value': '/usr/lib/x86_64-linux-gnu/libresolv-2.31.so'}, {'name': 'flags', 'type': 'int', 'value': 'O_RDONLY|O_LARGEFILE'}, {'name': 'dev', 'type': 'dev_t', 'value': 211812353}, {'name': 'inode', 'type': 'unsigned long', 'value': 3443}]",0,0
3867.480421,7665,7665,7099,0,4026531840,sshd,ip-10-100-1-57,257,openat,[],4,3,"[{'name': 'dirfd', 'type': 'int', 'value': -100}, {'name': 'pathname', 'type': 'const char*', 'value': '/lib/x86_64-linux-gnu/libresolv.so.2'}, {'name': 'flags', 'type': 'int', 'value': 'O_RDONLY|O_CLOEXEC'}, {'name': 'mode', 'type': 'mode_t', 'value': 1159061336}]",0,0
3867.480469,7665,7665,7099,0,4026531840,sshd,ip-10-100-1-57,5,fstat,[],2,0,"[{'name': 'fd', 'type': 'int', 'value': 3}, {'name': 'statbuf', 'type': 'struct stat*', 'value': '0x7FFC98E538B0'}]",0,0
3867.481672,7665,7665,7099,0,4026531840,sshd,ip-10-100-1-57,3,close,"[139836704284187, 139836704200219]",1,0,"[{'name': 'fd', 'type': 'int', 'value': 3}]",0,0
3867.481788,7665,7665,7099,0,4026531840,sshd,ip-10-100-1-57,1005,security_file_open,"[139836704284504, 139836704201165]",4,0,"[{'name': 'pathname', 'type': 'const char*', 'value': '/usr/lib/x86_64-linux-gnu/libgpg-error.so.0.28.0'}, {'name': 'flags', 'type': 'int', 'value': 'O_RDONLY|O_LARGEFILE'}, {'name': 'dev', 'type': 'dev_t', 'value': 211812353}, {'name': 'inode', 'type': 'unsigned long', 'value': 3740}]",0,0
3867.481838,7665,7665,7099,0,4026531840,sshd,ip-10-100-1-57,257,openat,[],4,3,"[{'name': 'dirfd', 'type': 'int', 'value': -100}, {'name': 'pathname', 'type': 'const char*', 'value': '/lib/x86_64-linux-gnu/libgpg-error.so.0'}, {'name': 'flags', 'type': 'int', 'value': 'O_RDONLY|O_CLOEXEC'}, {'name': 'mode', 'type': 'mode_t', 'value': 1159061336}]",0,0
3867.481926,7665,7665,7099,0,4026531840,sshd,ip-10-100-1-57,5,fstat,"[139836704283945, 139836704200219]",2,0,"[{'name': 'fd', 'type': 'int', 'value': 3}, {'name': 'statbuf', 'type': 'struct stat*', 'value': '0x7FFC98E53890'}]",0,0
3867.48214,7665,7665,7099,0,4026531840,sshd,ip-10-100-1-57,3,close,[],1,0,"[{'name': 'fd', 'type': 'int', 'value': 3}]",0,0
3867.48484,7665,7665,7099,0,4026531840,sshd,ip-10-100-1-57,1005,security_file_open,[],4,0,"[{'name': 'pathname', 'type': 'const char*', 'value': '/proc/filesystems'}, {'name': 'flags', 'type': 'int', 'value': 'O_RDONLY|O_LARGEFILE'}, {'name': 'dev', 'type': 'dev_t', 'value': 5}, {'name': 'inode', 'type': 'unsigned long', 'value': 4026532130}]",0,0
3867.48694,7665,7665,7099,0,4026531840,sshd,ip-10-100-1-57,5,fstat,[],2,0,"[{'name': 'fd', 'type': 'int', 'value': 3}, {'name': 'statbuf', 'type': 'struct stat*', 'value': '0x7FFC98E547B0'}]",0,0
3867.486746,7665,7665,7099,0,4026531840,sshd,ip-10-100-1-57,257,openat,[],4,3,"[{'name': 'dirfd', 'type': 'int', 'value': -100}, {'name': 'pathname', 'type': 'const char*', 'value': '/proc/filesystems'}, {'name': 'flags', 'type': 'int', 'value': 'O_RDONLY|O_CLOEXEC'}, {'name': 'mode', 'type': 'mode_t', 'value': 1152163499}]",0,0
3867.487069,7665,7665,7099,0,4026531840,sshd,ip-10-100-1-57,3,close,[],1,0,"[{'name': 'fd', 'type': 'int', 'value': 3}]",0,0
3867.487227,7665,7665,7099,0,4026531840,sshd,ip-10-100-1-57,21,access,[],2,-2,"[{'name': 'pathname', 'type': 'const char*', 'value': '/etc/selinux/config'}, {'name': 'mode', 'type': 'mode_t', 'value': 'F_OK'}]",0,0
3867.487307,7665,7665,7099,0,4026531840,sshd,ip-10-100-1-57,1003,cap_capable,[139836693868139],1,0,"[{'name': 'cap', 'type': 'int', 'value': 'CAP_SETGID'}]",0,0
3867.487485,7665,7665,7099,0,4026531840,sshd,ip-10-100-1-57,1005,security_file_open,[],4,0,"[{'name': 'pathname', 'type': 'const char*', 'value': '/dev/null'}, {'name': 'flags', 'type': 'int', 'value': 'O_RDWR|O_LARGEFILE'}, {'name': 'dev', 'type': 'dev_t', 'value': 6}, {'name': 'inode', 'type': 'unsigned long', 'value': 6}]",0,0
3867.487554,7665,7665,7099,0,4026531840,sshd,ip-10-100-1-57,257,openat,[],4,3,"[{'name': 'dirfd', 'type': 'int', 'value': -100}, {'name': 'pathname', 'type': 'const char*', 'value': '/dev/null'}, {'name': 'flags', 'type': 'int', 'value': 'O_RDWR'}, {'name': 'mode', 'type': 'mode_t', 'value': 1152163499}]",0,0
3867.487599,7665,7665,7099,0,4026531840,sshd,ip-10-100-1-57,3,close,[],1,0,"[{'name': 'fd', 'type': 'int', 'value': 3}]",0,0
3867.49026,7665,7665,7099,0,4026531840,sshd,ip-10-100-1-57,1005,security_file_open,[],4,0,"[{'name': 'pathname', 'type': 'const char*', 'value': '/etc/ssl/openssl.cnf'}, {'name': 'flags', 'type': 'int', 'value': 'O_RDONLY|O_LARGEFILE'}, {'name': 'dev', 'type': 'dev_t', 'value': 211812353}, {'name': 'inode', 'type': 'unsigned long', 'value': 1152}]",0,0
3867.49116,7665,7665,7099,0,4026531840,sshd,ip-10-100-1-57,257,openat,[],4,3,"[{'name': 'dirfd', 'type': 'int', 'value': -100}, {'name': 'pathname', 'type': 'const char*', 'value': '/usr/lib/ssl/openssl.cnf'}, {'name': 'flags', 'type': 'int', 'value': 'O_RDONLY'}, {'name': 'mode', 'type': 'mode_t', 'value': 1152163499}]",0,0
3867.491273,7665,7665,7099,0,4026531840,sshd,ip-10-100-1-57,5,fstat,[],2,0,"[{'name': 'fd', 'type': 'int', 'value': 3}, {'name': 'statbuf', 'type': 'struct stat*', 'value': '0x7FFC98E53BC0'}]",0,0
3867.493035,7665,7665,7099,0,4026531840,sshd,ip-10-100-1-57,1005,security_file_open,[139836697409116],4,0,"[{'name': 'pathname', 'type': 'const char*', 'value': '/proc/7665/fd'}, {'name': 'flags', 'type': 'int', 'value': 'O_RDONLY|O_NONBLOCK|O_LARGEFILE|O_DIRECTORY'}, {'name': 'dev', 'type': 'dev_t', 'value': 5}, {'name': 'inode', 'type': 'unsigned long', 'value': 48388}]",0,0
3867.492218,7665,7665,7099,0,4026531840,sshd,ip-10-100-1-57,3,close,[],1,0,"[{'name': 'fd', 'type': 'int', 'value': 3}]",0,0
3867.493274,7665,7665,7099,0,4026531840,sshd,ip-10-100-1-57,257,openat,[],4,3,"[{'name': 'dirfd', 'type': 'int', 'value': -100}, {'name': 'pathname', 'type': 'const char*', 'value': '/proc/7665/fd'}, {'name': 'flags', 'type': 'int', 'value': 'O_RDONLY|O_NONBLOCK|O_DIRECTORY|O_CLOEXEC'}, {'name': 'mode', 'type': 'mode_t', 'value': 1152185948}]",0,0
3867.493343,7665,7665,7099,0,4026531840,sshd,ip-10-100-1-57,5,fstat,[],2,0,"[{'name': 'fd', 'type': 'int', 'value': 3}, {'name': 'statbuf', 'type': 'struct stat*', 'value': '0x7FFC98E52F60'}]",0,0
3867.493405,7665,7665,7099,0,4026531840,sshd,ip-10-100-1-57,217,getdents64,[],3,192,"[{'name': 'fd', 'type': 'int', 'value': 3}, {'name': 'dirp', 'type': 'struct linux_dirent64*', 'value': '0x5589FDBB5490'}, {'name': 'count', 'type': 'size_t', 'value': 32768}]",0,0
3867.493505,7665,7665,7099,0,4026531840,sshd,ip-10-100-1-57,217,getdents64,[],3,0,"[{'name': 'fd', 'type': 'int', 'value': 3}, {'name': 'dirp', 'type': 'struct linux_dirent64*', 'value': '0x5589FDBB5490'}, {'name': 'count', 'type': 'size_t', 'value': 32768}]",0,0
3867.493552,7665,7665,7099,0,4026531840,sshd,ip-10-100-1-57,3,close,[],1,0,"[{'name': 'fd', 'type': 'int', 'value': 3}]",0,0
3867.493733,7665,7665,7099,0,4026531840,sshd,ip-10-100-1-57,32,dup,[],1,3,"[{'name': 'oldfd', 'type': 'int', 'value': 4}]",0,0
3867.493775,7665,7665,7099,0,4026531840,sshd,ip-10-100-1-57,3,close,[],1,0,"[{'name': 'fd', 'type': 'int', 'value': 4}]",0,0
3867.494801,7665,7665,7099,0,4026531840,sshd,ip-10-100-1-57,1005,security_file_open,[139836697409116],4,0,"[{'name': 'pathname', 'type': 'const char*', 'value': '/etc/gai.conf'}, {'name': 'flags', 'type': 'int', 'value': 'O_RDONLY|O_LARGEFILE'}, {'name': 'dev', 'type': 'dev_t', 'value': 211812353}, {'name': 'inode', 'type': 'unsigned long', 'value': 535}]",0,0
3867.49488,7665,7665,7099,0,4026531840,sshd,ip-10-100-1-57,257,openat,[],4,4,"[{'name': 'dirfd', 'type': 'int', 'value': -100}, {'name': 'pathname', 'type': 'const char*', 'value': '/etc/gai.conf'}, {'name': 'flags', 'type': 'int', 'value': 'O_RDONLY|O_CLOEXEC'}, {'name': 'mode', 'type': 'mode_t', 'value': 1152185948}]",0,0
3867.494915,7665,7665,7099,0,4026531840,sshd,ip-10-100-1-57,5,fstat,[],2,0,"[{'name': 'fd', 'type': 'int', 'value': 4}, {'name': 'statbuf', 'type': 'struct stat*', 'value': '0x7FFC98E53890'}]",0,0
3867.49495,7665,7665,7099,0,4026531840,sshd,ip-10-100-1-57,5,fstat,[],2,0,"[{'name': 'fd', 'type': 'int', 'value': 4}, {'name': 'statbuf', 'type': 'struct stat*', 'value': '0x7FFC98E53680'}]",0,0
3867.495034,7665,7665,7099,0,4026531840,sshd,ip-10-100-1-57,3,close,[],1,0,"[{'name': 'fd', 'type': 'int', 'value': 4}]",0,0
3867.495218,7665,7665,7099,0,4026531840,sshd,ip-10-100-1-57,41,socket,[],3,4,"[{'name': 'domain', 'type': 'int', 'value': 'AF_NETLINK'}, {'name': 'type', 'type': 'const char*', 'value': 'SOCK_RAW|SOCK_CLOEXEC'}, {'name': 'protocol', 'type': 'int', 'value': 0}]",0,0
3867.495284,7665,7665,7099,0,4026531840,sshd,ip-10-100-1-57,49,bind,"[139836697461451, 139836697356745, 94051149097673, 94051149094946]",3,0,"[{'name': 'sockfd', 'type': 'int', 'value': 4}, {'name': 'addr', 'type': 'void*', 'value': ""{'sa_family': 'AF_NETLINK'}""}, {'name': 'addrlen', 'type': 'int*', 'value': 12}]",0,0
3867.495342,7665,7665,7099,0,4026531840,sshd,ip-10-100-1-57,51,getsockname,[],3,0,"[{'name': 'sockfd', 'type': 'int', 'value': 4}, {'name': 'addr', 'type': 'void*', 'value': ""{'sa_family': 'AF_NETLINK'}""}, {'name': 'addrlen', 'type': 'int*', 'value': '0x7FFC98E53874'}]",0,0
3867.495559,7665,7665,7099,0,4026531840,sshd,ip-10-100-1-57,41,socket,[],3,6,"[{'name': 'domain', 'type': 'int', 'value': 'AF_UNIX'}, {'name': 'type', 'type': 'const char*', 'value': 'SOCK_STREAM|SOCK_NONBLOCK|SOCK_CLOEXEC'}, {'name': 'protocol', 'type': 'int', 'value': 0}]",0,0
3867.495717,7665,7665,7099,0,4026531840,sshd,ip-10-100-1-57,42,connect,"[139836697461511, 139836697705776, 139836697697062, 139836697356745, 94051149097673, 94051149094946]",3,-2,"[{'name': 'sockfd', 'type': 'int', 'value': 6}, {'name': 'addr', 'type': 'struct sockaddr*', 'value': ""{'sa_family': 'AF_UNIX','sun_path': '/var/run/nscd/socket'}""}, {'name': 'addrlen', 'type': 'int*', 'value': 110}]",0,0
3867.495797,7665,7665,7099,0,4026531840,sshd,ip-10-100-1-57,3,close,[],1,0,"[{'name': 'fd', 'type': 'int', 'value': 6}]",0,0
3867.496008,7665,7665,7099,0,4026531840,sshd,ip-10-100-1-57,3,close,[],1,0,"[{'name': 'fd', 'type': 'int', 'value': 4}]",0,0
3867.496061,7665,7665,7099,0,4026531840,sshd,ip-10-100-1-57,41,socket,[],3,4,"[{'name': 'domain', 'type': 'int', 'value': 'AF_INET6'}, {'name': 'type', 'type': 'const char*', 'value': 'SOCK_DGRAM|SOCK_CLOEXEC'}, {'name': 'protocol', 'type': 'int', 'value': 0}]",0,0
3867.496158,7665,7665,7099,0,4026531840,sshd,ip-10-100-1-57,42,connect,[],3,0,"[{'name': 'sockfd', 'type': 'int', 'value': 4}, {'name': 'addr', 'type': 'struct sockaddr*', 'value': ""{'sin6_port': '22','sin6_flowinfo': '0','sin6_addr': '::','sin6_scopeid': '0','sa_family': 'AF_INET6'}""}, {'name': 'addrlen', 'type': 'int*', 'value': 28}]",0,0
3867.496367,7665,7665,7099,0,4026531840,sshd,ip-10-100-1-57,51,getsockname,[],3,0,"[{'name': 'sockfd', 'type': 'int', 'value': 4}, {'name': 'addr', 'type': 'void*', 'value': ""{'sin6_scopeid': '0','sa_family': 'AF_INET6','sin6_port': '40185','sin6_flowinfo': '0','sin6_addr': '::1'}""}, {'name': 'addrlen', 'type': 'int*', 'value': '0x7FFC98E53A60'}]",0,0
3867.496411,7665,7665,7099,0,4026531840,sshd,ip-10-100-1-57,42,connect,[],3,0,"[{'name': 'sockfd', 'type': 'int', 'value': 4}, {'name': 'addr', 'type': 'struct sockaddr*', 'value': ""{'sa_family': 'AF_UNSPEC'}""}, {'name': 'addrlen', 'type': 'int*', 'value': 16}]",0,0
3867.496502,7665,7665,7099,0,4026531840,sshd,ip-10-100-1-57,42,connect,[],3,0,"[{'name': 'sockfd', 'type': 'int', 'value': 4}, {'name': 'addr', 'type': 'struct sockaddr*', 'value': ""{'sa_family': 'AF_INET','sin_port': '22','sin_addr': '0.0.0.0'}""}, {'name': 'addrlen', 'type': 'int*', 'value': 16}]",0,0
3867.496545,7665,7665,7099,0,4026531840,sshd,ip-10-100-1-57,51,getsockname,[],3,0,"[{'name': 'sockfd', 'type': 'int', 'value': 4}, {'name': 'addr', 'type': 'void*', 'value': ""{'sa_family': 'AF_INET6','sin6_port': '58124','sin6_flowinfo': '0','sin6_addr': '127.0.0.1','sin6_scopeid': '0'}""}, {'name': 'addrlen', 'type': 'int*', 'value': '0x7FFC98E53A60'}]",0,0
3867.496577,7665,7665,7099,0,4026531840,sshd,ip-10-100-1-57,3,close,"[139836697408683, 94051149097673, 94051149094946]",1,0,"[{'name': 'fd', 'type': 'int', 'value': 4}]",0,0
3867.498269,7665,7665,7099,0,4026531840,sshd,ip-10-100-1-57,41,socket,[],3,4,"[{'name': 'domain', 'type': 'int', 'value': 'AF_UNIX'}, {'name': 'type', 'type': 'const char*', 'value': 'SOCK_STREAM|SOCK_NONBLOCK|SOCK_CLOEXEC'}, {'name': 'protocol', 'type': 'int', 'value': 0}]",0,0
3867.498344,7665,7665,7099,0,4026531840,sshd,ip-10-100-1-57,42,connect,"[139836697461511, 139836697705776, 139836697706911, 18283259064165072896]",3,-2,"[{'name': 'sockfd', 'type': 'int', 'value': 4}, {'name': 'addr', 'type': 'struct sockaddr*', 'value': ""{'sa_family': 'AF_UNIX','sun_path': '/var/run/nscd/socket'}""}, {'name': 'addrlen', 'type': 'int*', 'value': 110}]",0,0
3867.498382,7665,7665,7099,0,4026531840,sshd,ip-10-100-1-57,3,close,[],1,0,"[{'name': 'fd', 'type': 'int', 'value': 4}]",0,0
3867.49857,7665,7665,7099,0,4026531840,sshd,ip-10-100-1-57,41,socket,[],3,4,"[{'name': 'domain', 'type': 'int', 'value': 'AF_UNIX'}, {'name': 'type', 'type': 'const char*', 'value': 'SOCK_STREAM|SOCK_NONBLOCK|SOCK_CLOEXEC'}, {'name': 'protocol', 'type': 'int', 'value': 0}]",0,0
3867.498639,7665,7665,7099,0,4026531840,sshd,ip-10-100-1-57,42,connect,[],3,-2,"[{'name': 'sockfd', 'type': 'int', 'value': 4}, {'name': 'addr', 'type': 'struct sockaddr*', 'value': ""{'sa_family': 'AF_UNIX','sun_path': '/var/run/nscd/socket'}""}, {'name': 'addrlen', 'type': 'int*', 'value': 110}]",0,0
3867.4987,7665,7665,7099,0,4026531840,sshd,ip-10-100-1-57,3,close,[],1,0,"[{'name': 'fd', 'type': 'int', 'value': 4}]",0,0
3867.498762,7665,7665,7099,0,4026531840,sshd,ip-10-100-1-57,1005,security_file_open,[139836697409116],4,0,"[{'name': 'pathname', 'type': 'const char*', 'value': '/etc/nsswitch.conf'}, {'name': 'flags', 'type': 'int', 'value': 'O_RDONLY|O_LARGEFILE'}, {'name': 'dev', 'type': 'dev_t', 'value': 211812353}, {'name': 'inode', 'type': 'unsigned long', 'value': 22}]",0,0
3867.498943,7665,7665,7099,0,4026531840,sshd,ip-10-100-1-57,257,openat,[],4,4,"[{'name': 'dirfd', 'type': 'int', 'value': -100}, {'name': 'pathname', 'type': 'const char*', 'value': '/etc/nsswitch.conf'}, {'name': 'flags', 'type': 'int', 'value': 'O_RDONLY|O_CLOEXEC'}, {'name': 'mode', 'type': 'mode_t', 'value': 1152185948}]",0,0
3867.498993,7665,7665,7099,0,4026531840,sshd,ip-10-100-1-57,5,fstat,[],2,0,"[{'name': 'fd', 'type': 'int', 'value': 4}, {'name': 'statbuf', 'type': 'struct stat*', 'value': '0x7FFC98E53D60'}]",0,0
3867.499067,7665,7665,7099,0,4026531840,sshd,ip-10-100-1-57,3,close,[],1,0,"[{'name': 'fd', 'type': 'int', 'value': 4}]",0,0
3867.499146,7665,7665,7099,0,4026531840,sshd,ip-10-100-1-57,1005,security_file_open,[],4,0,"[{'name': 'pathname', 'type': 'const char*', 'value': '/etc/ld.so.cache'}, {'name': 'flags', 'type': 'int', 'value': 'O_RDONLY|O_LARGEFILE'}, {'name': 'dev', 'type': 'dev_t', 'value': 211812353}, {'name': 'inode', 'type': 'unsigned long', 'value': 62841}]",0,0
3867.499327,7665,7665,7099,0,4026531840,sshd,ip-10-100-1-57,257,openat,[],4,4,"[{'name': 'dirfd', 'type': 'int', 'value': -100}, {'name': 'pathname', 'type': 'const char*', 'value': '/etc/ld.so.cache'}, {'name': 'flags', 'type': 'int', 'value': 'O_RDONLY|O_CLOEXEC'}, {'name': 'mode', 'type': 'mode_t', 'value': 1159061336}]",0,0
3867.499393,7665,7665,7099,0,4026531840,sshd,ip-10-100-1-57,5,fstat,[],2,0,"[{'name': 'fd', 'type': 'int', 'value': 4}, {'name': 'statbuf', 'type': 'struct stat*', 'value': '0x7FFC98E534D0'}]",0,0
3867.499433,7665,7665,7099,0,4026531840,sshd,ip-10-100-1-57,3,close,[],1,0,"[{'name': 'fd', 'type': 'int', 'value': 4}]",0,0
3867.499475,7665,7665,7099,0,4026531840,sshd,ip-10-100-1-57,1005,security_file_open,"[139836704284504, 139836704201165]",4,0,"[{'name': 'pathname', 'type': 'const char*', 'value': '/usr/lib/x86_64-linux-gnu/libnss_files-2.31.so'}, {'name': 'flags', 'type': 'int', 'value': 'O_RDONLY|O_LARGEFILE'}, {'name': 'dev', 'type': 'dev_t', 'value': 211812353}, {'name': 'inode', 'type': 'unsigned long', 'value': 3437}]",0,0
3867.499574,7665,7665,7099,0,4026531840,sshd,ip-10-100-1-57,257,openat,[],4,4,"[{'name': 'dirfd', 'type': 'int', 'value': -100}, {'name': 'pathname', 'type': 'const char*', 'value': '/lib/x86_64-linux-gnu/libnss_files.so.2'}, {'name': 'flags', 'type': 'int', 'value': 'O_RDONLY|O_CLOEXEC'}, {'name': 'mode', 'type': 'mode_t', 'value': 1159061336}]",0,0
3867.499703,7665,7665,7099,0,4026531840,sshd,ip-10-100-1-57,5,fstat,"[139836704283945, 139836704200219]",2,0,"[{'name': 'fd', 'type': 'int', 'value': 4}, {'name': 'statbuf', 'type': 'struct stat*', 'value': '0x7FFC98E53520'}]",0,0
3867.499833,7665,7665,7099,0,4026531840,sshd,ip-10-100-1-57,3,close,"[139836704284187, 139836704200219]",1,0,"[{'name': 'fd', 'type': 'int', 'value': 4}]",0,0
3867.502865,7665,7665,7099,0,4026531840,sshd,ip-10-100-1-57,1005,security_file_open,[139836697409116],4,0,"[{'name': 'pathname', 'type': 'const char*', 'value': '/etc/passwd'}, {'name': 'flags', 'type': 'int', 'value': 'O_RDONLY|O_LARGEFILE'}, {'name': 'dev', 'type': 'dev_t', 'value': 211812353}, {'name': 'inode', 'type': 'unsigned long', 'value': 61241}]",0,0
3867.502952,7665,7665,7099,0,4026531840,sshd,ip-10-100-1-57,257,openat,[],4,4,"[{'name': 'dirfd', 'type': 'int', 'value': -100}, {'name': 'pathname', 'type': 'const char*', 'value': '/etc/passwd'}, {'name': 'flags', 'type': 'int', 'value': 'O_RDONLY|O_CLOEXEC'}, {'name': 'mode', 'type': 'mode_t', 'value': 1152185948}]",0,0
3867.503019,7665,7665,7099,0,4026531840,sshd,ip-10-100-1-57,5,fstat,[],2,0,"[{'name': 'fd', 'type': 'int', 'value': 4}, {'name': 'statbuf', 'type': 'struct stat*', 'value': '0x7FFC98E53D90'}]",0,0
3867.503088,7665,7665,7099,0,4026531840,sshd,ip-10-100-1-57,3,close,[],1,0,"[{'name': 'fd', 'type': 'int', 'value': 4}]",0,0
3867.503256,7665,7665,7099,0,4026531840,sshd,ip-10-100-1-57,1005,security_file_open,"[139836697386667, 8317981795760173871]",4,0,"[{'name': 'pathname', 'type': 'const char*', 'value': '/etc/ssh/ssh_host_rsa_key'}, {'name': 'flags', 'type': 'int', 'value': 'O_RDONLY|O_LARGEFILE'}, {'name': 'dev', 'type': 'dev_t', 'value': 211812353}, {'name': 'inode', 'type': 'unsigned long', 'value': 61055}]",0,0
3867.503338,7665,7665,7099,0,4026531840,sshd,ip-10-100-1-57,257,openat,[],4,4,"[{'name': 'dirfd', 'type': 'int', 'value': -100}, {'name': 'pathname', 'type': 'const char*', 'value': '/etc/ssh/ssh_host_rsa_key'}, {'name': 'flags', 'type': 'int', 'value': 'O_RDONLY'}, {'name': 'mode', 'type': 'mode_t', 'value': 1152163499}]",0,0
3867.503391,7665,7665,7099,0,4026531840,sshd,ip-10-100-1-57,5,fstat,[],2,0,"[{'name': 'fd', 'type': 'int', 'value': 4}, {'name': 'statbuf', 'type': 'struct stat*', 'value': '0x7FFC98E53F70'}]",0,0
3867.503566,7665,7665,7099,0,4026531840,sshd,ip-10-100-1-57,5,fstat,[],2,0,"[{'name': 'fd', 'type': 'int', 'value': 4}, {'name': 'statbuf', 'type': 'struct stat*', 'value': '0x7FFC98E52F60'}]",0,0
3867.507907,7665,7665,7099,0,4026531840,sshd,ip-10-100-1-57,3,close,[],1,0,"[{'name': 'fd', 'type': 'int', 'value': 4}]",0,0
3867.508858,7665,7665,7099,0,4026531840,sshd,ip-10-100-1-57,1005,security_file_open,"[139836697386667, 8317981795760173871]",4,0,"[{'name': 'pathname', 'type': 'const char*', 'value': '/etc/ssh/ssh_host_rsa_key'}, {'name': 'flags', 'type': 'int', 'value': 'O_RDONLY|O_LARGEFILE'}, {'name': 'dev', 'type': 'dev_t', 'value': 211812353}, {'name': 'inode', 'type': 'unsigned long', 'value': 61055}]",0,0
3867.508932,7665,7665,7099,0,4026531840,sshd,ip-10-100-1-57,257,openat,[],4,4,"[{'name': 'dirfd', 'type': 'int', 'value': -100}, {'name': 'pathname', 'type': 'const char*', 'value': '/etc/ssh/ssh_host_rsa_key'}, {'name': 'flags', 'type': 'int', 'value': 'O_RDONLY'}, {'name': 'mode', 'type': 'mode_t', 'value': 1152163499}]",0,0
3867.508968,7665,7665,7099,0,4026531840,sshd,ip-10-100-1-57,5,fstat,[],2,0,"[{'name': 'fd', 'type': 'int', 'value': 4}, {'name': 'statbuf', 'type': 'struct stat*', 'value': '0x7FFC98E53E30'}]",0,0
3867.50902,7665,7665,7099,0,4026531840,sshd,ip-10-100-1-57,3,close,[],1,0,"[{'name': 'fd', 'type': 'int', 'value': 4}]",0,0
3867.509164,7665,7665,7099,0,4026531840,sshd,ip-10-100-1-57,1005,security_file_open,[],4,0,"[{'name': 'pathname', 'type': 'const char*', 'value': '/etc/ssh/ssh_host_rsa_key.pub'}, {'name': 'flags', 'type': 'int', 'value': 'O_RDONLY|O_LARGEFILE'}, {'name': 'dev', 'type': 'dev_t', 'value': 211812353}, {'name': 'inode', 'type': 'unsigned long', 'value': 61060}]",0,0
3867.509212,7665,7665,7099,0,4026531840,sshd,ip-10-100-1-57,257,openat,[],4,4,"[{'name': 'dirfd', 'type': 'int', 'value': -100}, {'name': 'pathname', 'type': 'const char*', 'value': '/etc/ssh/ssh_host_rsa_key.pub'}, {'name': 'flags', 'type': 'int', 'value': 'O_RDONLY'}, {'name': 'mode', 'type': 'mode_t', 'value': 1152163499}]",0,0
3867.510349,7665,7665,7099,0,4026531840,sshd,ip-10-100-1-57,5,fstat,[],2,0,"[{'name': 'fd', 'type': 'int', 'value': 4}, {'name': 'statbuf', 'type': 'struct stat*', 'value': '0x7FFC98E53E30'}]",0,0
3867.51045,7665,7665,7099,0,4026531840,sshd,ip-10-100-1-57,3,close,[],1,0,"[{'name': 'fd', 'type': 'int', 'value': 4}]",0,0
3867.514085,7665,7665,7099,0,4026531840,sshd,ip-10-100-1-57,1005,security_file_open,"[139836697386667, 8317981795760173871]",4,0,"[{'name': 'pathname', 'type': 'const char*', 'value': '/etc/ssh/ssh_host_ecdsa_key'}, {'name': 'flags', 'type': 'int', 'value': 'O_RDONLY|O_LARGEFILE'}, {'name': 'dev', 'type': 'dev_t', 'value': 211812353}, {'name': 'inode', 'type': 'unsigned long', 'value': 61063}]",0,0
3867.514935,7665,7665,7099,0,4026531840,sshd,ip-10-100-1-57,257,openat,"[139836697386667, 8317981795760173871]",4,4,"[{'name': 'dirfd', 'type': 'int', 'value': -100}, {'name': 'pathname', 'type': 'const char*', 'value': '/etc/ssh/ssh_host_ecdsa_key'}, {'name': 'flags', 'type': 'int', 'value': 'O_RDONLY'}, {'name': 'mode', 'type': 'mode_t', 'value': 1152163499}]",0,0
3867.515034,7665,7665,7099,0,4026531840,sshd,ip-10-100-1-57,5,fstat,[],2,0,"[{'name': 'fd', 'type': 'int', 'value': 4}, {'name': 'statbuf', 'type': 'struct stat*', 'value': '0x7FFC98E53F70'}]",0,0
3867.515146,7665,7665,7099,0,4026531840,sshd,ip-10-100-1-57,5,fstat,[],2,0,"[{'name': 'fd', 'type': 'int', 'value': 4}, {'name': 'statbuf', 'type': 'struct stat*', 'value': '0x7FFC98E52F60'}]",0,0
3867.516152,7665,7665,7099,0,4026531840,sshd,ip-10-100-1-57,3,close,[],1,0,"[{'name': 'fd', 'type': 'int', 'value': 4}]",0,0
3867.517091,7665,7665,7099,0,4026531840,sshd,ip-10-100-1-57,1005,security_file_open,"[139836697386667, 8317981795760173871]",4,0,"[{'name': 'pathname', 'type': 'const char*', 'value': '/etc/ssh/ssh_host_ecdsa_key'}, {'name': 'flags', 'type': 'int', 'value': 'O_RDONLY|O_LARGEFILE'}, {'name': 'dev', 'type': 'dev_t', 'value': 211812353}, {'name': 'inode', 'type': 'unsigned long', 'value': 61063}]",0,0
3867.517253,7665,7665,7099,0,4026531840,sshd,ip-10-100-1-57,257,openat,[],4,4,"[{'name': 'dirfd', 'type': 'int', 'value': -100}, {'name': 'pathname', 'type': 'const char*', 'value': '/etc/ssh/ssh_host_ecdsa_key'}, {'name': 'flags', 'type': 'int', 'value': 'O_RDONLY'}, {'name': 'mode', 'type': 'mode_t', 'value': 1152163499}]",0,0
3867.517351,7665,7665,7099,0,4026531840,sshd,ip-10-100-1-57,5,fstat,[],2,0,"[{'name': 'fd', 'type': 'int', 'value': 4}, {'name': 'statbuf', 'type': 'struct stat*', 'value': '0x7FFC98E53E30'}]",0,0
3867.517415,7665,7665,7099,0,4026531840,sshd,ip-10-100-1-57,3,close,[],1,0,"[{'name': 'fd', 'type': 'int', 'value': 4}]",0,0
3867.517554,7665,7665,7099,0,4026531840,sshd,ip-10-100-1-57,1005,security_file_open,[],4,0,"[{'name': 'pathname', 'type': 'const char*', 'value': '/etc/ssh/ssh_host_ecdsa_key.pub'}, {'name': 'flags', 'type': 'int', 'value': 'O_RDONLY|O_LARGEFILE'}, {'name': 'dev', 'type': 'dev_t', 'value': 211812353}, {'name': 'inode', 'type': 'unsigned long', 'value': 61064}]",0,0
3867.517609,7665,7665,7099,0,4026531840,sshd,ip-10-100-1-57,257,openat,[],4,4,"[{'name': 'dirfd', 'type': 'int', 'value': -100}, {'name': 'pathname', 'type': 'const char*', 'value': '/etc/ssh/ssh_host_ecdsa_key.pub'}, {'name': 'flags', 'type': 'int', 'value': 'O_RDONLY'}, {'name': 'mode', 'type': 'mode_t', 'value': 1152163499}]",0,0
3867.517779,7665,7665,7099,0,4026531840,sshd,ip-10-100-1-57,5,fstat,[],2,0,"[{'name': 'fd', 'type': 'int', 'value': 4}, {'name': 'statbuf', 'type': 'struct stat*', 'value': '0x7FFC98E53E30'}]",0,0
3867.517983,7665,7665,7099,0,4026531840,sshd,ip-10-100-1-57,3,close,[],1,0,"[{'name': 'fd', 'type': 'int', 'value': 4}]",0,0
3867.519755,7665,7665,7099,0,4026531840,sshd,ip-10-100-1-57,1005,security_file_open,"[139836697386667, 8317981795760173871]",4,0,"[{'name': 'pathname', 'type': 'const char*', 'value': '/etc/ssh/ssh_host_ed25519_key'}, {'name': 'flags', 'type': 'int', 'value': 'O_RDONLY|O_LARGEFILE'}, {'name': 'dev', 'type': 'dev_t', 'value': 211812353}, {'name': 'inode', 'type': 'unsigned long', 'value': 61068}]",0,0
3867.519961,7665,7665,7099,0,4026531840,sshd,ip-10-100-1-57,257,openat,[],4,4,"[{'name': 'dirfd', 'type': 'int', 'value': -100}, {'name': 'pathname', 'type': 'const char*', 'value': '/etc/ssh/ssh_host_ed25519_key'}, {'name': 'flags', 'type': 'int', 'value': 'O_RDONLY'}, {'name': 'mode', 'type': 'mode_t', 'value': 1152163499}]",0,0
3867.520116,7665,7665,7099,0,4026531840,sshd,ip-10-100-1-57,5,fstat,[],2,0,"[{'name': 'fd', 'type': 'int', 'value': 4}, {'name': 'statbuf', 'type': 'struct stat*', 'value': '0x7FFC98E53F70'}]",0,0
3867.520163,7665,7665,7099,0,4026531840,sshd,ip-10-100-1-57,5,fstat,[],2,0,"[{'name': 'fd', 'type': 'int', 'value': 4}, {'name': 'statbuf', 'type': 'struct stat*', 'value': '0x7FFC98E52F60'}]",0,0
3867.520291,7665,7665,7099,0,4026531840,sshd,ip-10-100-1-57,3,close,[],1,0,"[{'name': 'fd', 'type': 'int', 'value': 4}]",0,0
3867.521388,7665,7665,7099,0,4026531840,sshd,ip-10-100-1-57,1005,security_file_open,"[139836697386667, 8317981795760173871]",4,0,"[{'name': 'pathname', 'type': 'const char*', 'value': '/etc/ssh/ssh_host_ed25519_key'}, {'name': 'flags', 'type': 'int', 'value': 'O_RDONLY|O_LARGEFILE'}, {'name': 'dev', 'type': 'dev_t', 'value': 211812353}, {'name': 'inode', 'type': 'unsigned long', 'value': 61068}]",0,0
3867.521572,7665,7665,7099,0,4026531840,sshd,ip-10-100-1-57,257,openat,[],4,4,"[{'name': 'dirfd', 'type': 'int', 'value': -100}, {'name': 'pathname', 'type': 'const char*', 'value': '/etc/ssh/ssh_host_ed25519_key'}, {'name': 'flags', 'type': 'int', 'value': 'O_RDONLY'}, {'name': 'mode', 'type': 'mode_t', 'value': 1152163499}]",0,0
3867.521644,7665,7665,7099,0,4026531840,sshd,ip-10-100-1-57,5,fstat,[],2,0,"[{'name': 'fd', 'type': 'int', 'value': 4}, {'name': 'statbuf', 'type': 'struct stat*', 'value': '0x7FFC98E53E30'}]",0,0
3867.521714,7665,7665,7099,0,4026531840,sshd,ip-10-100-1-57,3,close,[],1,0,"[{'name': 'fd', 'type': 'int', 'value': 4}]",0,0
3867.522639,7665,7665,7099,0,4026531840,sshd,ip-10-100-1-57,1005,security_file_open,"[139836697386667, 8317981795760173871]",4,0,"[{'name': 'pathname', 'type': 'const char*', 'value': '/etc/ssh/ssh_host_ed25519_key.pub'}, {'name': 'flags', 'type': 'int', 'value': 'O_RDONLY|O_LARGEFILE'}, {'name': 'dev', 'type': 'dev_t', 'value': 211812353}, {'name': 'inode', 'type': 'unsigned long', 'value': 61069}]",0,0
3867.522707,7665,7665,7099,0,4026531840,sshd,ip-10-100-1-57,257,openat,[],4,4,"[{'name': 'dirfd', 'type': 'int', 'value': -100}, {'name': 'pathname', 'type': 'const char*', 'value': '/etc/ssh/ssh_host_ed25519_key.pub'}, {'name': 'flags', 'type': 'int', 'value': 'O_RDONLY'}, {'name': 'mode', 'type': 'mode_t', 'value': 1152163499}]",0,0
3867.522764,7665,7665,7099,0,4026531840,sshd,ip-10-100-1-57,5,fstat,[],2,0,"[{'name': 'fd', 'type': 'int', 'value': 4}, {'name': 'statbuf', 'type': 'struct stat*', 'value': '0x7FFC98E53E30'}]",0,0
3867.523016,7665,7665,7099,0,4026531840,sshd,ip-10-100-1-57,4,stat,[],2,0,"[{'name': 'pathname', 'type': 'const char*', 'value': '/run/sshd'}, {'name': 'statbuf', 'type': 'struct stat*', 'value': '0x7FFC98E54100'}]",0,0
3867.522813,7665,7665,7099,0,4026531840,sshd,ip-10-100-1-57,3,close,[],1,0,"[{'name': 'fd', 'type': 'int', 'value': 4}]",0,0
3867.523184,7665,7665,7099,0,4026531840,sshd,ip-10-100-1-57,1003,cap_capable,[139836693868139],1,0,"[{'name': 'cap', 'type': 'int', 'value': 'CAP_SETGID'}]",0,0
3867.523487,7665,7665,7099,0,4026531840,sshd,ip-10-100-1-57,257,openat,[],4,-6,"[{'name': 'dirfd', 'type': 'int', 'value': -100}, {'name': 'pathname', 'type': 'const char*', 'value': '/dev/tty'}, {'name': 'flags', 'type': 'int', 'value': 'O_RDONLY|O_NOCTTY'}, {'name': 'mode', 'type': 'mode_t', 'value': 1152163499}]",0,0
3867.523305,7665,7665,7099,0,4026531840,sshd,ip-10-100-1-57,1005,security_file_open,[],4,0,"[{'name': 'pathname', 'type': 'const char*', 'value': '/dev/tty'}, {'name': 'flags', 'type': 'int', 'value': 'O_RDONLY|O_NOCTTY|O_LARGEFILE'}, {'name': 'dev', 'type': 'dev_t', 'value': 6}, {'name': 'inode', 'type': 'unsigned long', 'value': 13}]",0,0
3867.52355,7665,7665,7099,0,4026531840,sshd,ip-10-100-1-57,3,close,[],1,0,"[{'name': 'fd', 'type': 'int', 'value': 5}]",0,0
3867.523635,7665,7665,7099,0,4026531840,sshd,ip-10-100-1-57,32,dup,[],1,4,"[{'name': 'oldfd', 'type': 'int', 'value': 0}]",0,0
3867.523707,7665,7665,7099,0,4026531840,sshd,ip-10-100-1-57,1005,security_file_open,[],4,0,"[{'name': 'pathname', 'type': 'const char*', 'value': '/dev/null'}, {'name': 'flags', 'type': 'int', 'value': 'O_RDWR|O_LARGEFILE'}, {'name': 'dev', 'type': 'dev_t', 'value': 6}, {'name': 'inode', 'type': 'unsigned long', 'value': 6}]",0,0
3867.523858,7665,7665,7099,0,4026531840,sshd,ip-10-100-1-57,257,openat,[],4,5,"[{'name': 'dirfd', 'type': 'int', 'value': -100}, {'name': 'pathname', 'type': 'const char*', 'value': '/dev/null'}, {'name': 'flags', 'type': 'int', 'value': 'O_RDWR'}, {'name': 'mode', 'type': 'mode_t', 'value': 1152163499}]",0,0
3867.523903,7665,7665,7099,0,4026531840,sshd,ip-10-100-1-57,33,dup2,[],2,0,"[{'name': 'oldfd', 'type': 'int', 'value': 5}, {'name': 'newfd', 'type': 'int', 'value': 0}]",0,0
3867.52397,7665,7665,7099,0,4026531840,sshd,ip-10-100-1-57,33,dup2,[],2,1,"[{'name': 'oldfd', 'type': 'int', 'value': 5}, {'name': 'newfd', 'type': 'int', 'value': 1}]",0,0
3867.524102,7665,7665,7099,0,4026531840,sshd,ip-10-100-1-57,33,dup2,[],2,2,"[{'name': 'oldfd', 'type': 'int', 'value': 5}, {'name': 'newfd', 'type': 'int', 'value': 2}]",0,0
3867.524181,7665,7665,7099,0,4026531840,sshd,ip-10-100-1-57,3,close,[],1,0,"[{'name': 'fd', 'type': 'int', 'value': 5}]",0,0
3867.524281,7665,7665,7099,0,4026531840,sshd,ip-10-100-1-57,51,getsockname,[],3,0,"[{'name': 'sockfd', 'type': 'int', 'value': 4}, {'name': 'addr', 'type': 'void*', 'value': ""{'sa_family': 'AF_INET','sin_port': '22','sin_addr': '10.100.1.57'}""}, {'name': 'addrlen', 'type': 'int*', 'value': '0x7FFC98E53B6C'}]",0,0
3867.524467,7665,7665,7099,0,4026531840,sshd,ip-10-100-1-57,51,getsockname,[],3,0,"[{'name': 'sockfd', 'type': 'int', 'value': 4}, {'name': 'addr', 'type': 'void*', 'value': ""{'sa_family': 'AF_INET','sin_port': '22','sin_addr': '10.100.1.57'}""}, {'name': 'addrlen', 'type': 'int*', 'value': '0x7FFC98E53F5C'}]",0,0
3867.524584,7665,7665,7099,0,4026531840,sshd,ip-10-100-1-57,51,getsockname,[139836697461707],3,0,"[{'name': 'sockfd', 'type': 'int', 'value': 4}, {'name': 'addr', 'type': 'void*', 'value': ""{'sa_family': 'AF_INET','sin_port': '22','sin_addr': '10.100.1.57'}""}, {'name': 'addrlen', 'type': 'int*', 'value': '0x7FFC98E5204C'}]",0,0
3867.524776,7665,7665,7099,0,4026531840,sshd,ip-10-100-1-57,1005,security_file_open,"[139836697386667, 8606216625671009140]",4,0,"[{'name': 'pathname', 'type': 'const char*', 'value': '/etc/hosts.allow'}, {'name': 'flags', 'type': 'int', 'value': 'O_RDONLY|O_LARGEFILE'}, {'name': 'dev', 'type': 'dev_t', 'value': 211812353}, {'name': 'inode', 'type': 'unsigned long', 'value': 757}]",0,0
3867.524823,7665,7665,7099,0,4026531840,sshd,ip-10-100-1-57,257,openat,[],4,5,"[{'name': 'dirfd', 'type': 'int', 'value': -100}, {'name': 'pathname', 'type': 'const char*', 'value': '/etc/hosts.allow'}, {'name': 'flags', 'type': 'int', 'value': 'O_RDONLY'}, {'name': 'mode', 'type': 'mode_t', 'value': 1152163499}]",0,0
3867.525071,7665,7665,7099,0,4026531840,sshd,ip-10-100-1-57,3,close,[],1,0,"[{'name': 'fd', 'type': 'int', 'value': 5}]",0,0
3867.524891,7665,7665,7099,0,4026531840,sshd,ip-10-100-1-57,5,fstat,[],2,0,"[{'name': 'fd', 'type': 'int', 'value': 5}, {'name': 'statbuf', 'type': 'struct stat*', 'value': '0x7FFC98E535E0'}]",0,0
3867.525116,7665,7665,7099,0,4026531840,sshd,ip-10-100-1-57,1005,security_file_open,"[139836697386667, 34179853933507444]",4,0,"[{'name': 'pathname', 'type': 'const char*', 'value': '/etc/hosts.deny'}, {'name': 'flags', 'type': 'int', 'value': 'O_RDONLY|O_LARGEFILE'}, {'name': 'dev', 'type': 'dev_t', 'value': 211812353}, {'name': 'inode', 'type': 'unsigned long', 'value': 758}]",0,0
3867.525171,7665,7665,7099,0,4026531840,sshd,ip-10-100-1-57,257,openat,[],4,5,"[{'name': 'dirfd', 'type': 'int', 'value': -100}, {'name': 'pathname', 'type': 'const char*', 'value': '/etc/hosts.deny'}, {'name': 'flags', 'type': 'int', 'value': 'O_RDONLY'}, {'name': 'mode', 'type': 'mode_t', 'value': 1152163499}]",0,0
3867.525319,7665,7665,7099,0,4026531840,sshd,ip-10-100-1-57,5,fstat,[],2,0,"[{'name': 'fd', 'type': 'int', 'value': 5}, {'name': 'statbuf', 'type': 'struct stat*', 'value': '0x7FFC98E535E0'}]",0,0
3867.525504,7665,7665,7099,0,4026531840,sshd,ip-10-100-1-57,3,close,[],1,0,"[{'name': 'fd', 'type': 'int', 'value': 5}]",0,0
3867.525593,7665,7665,7099,0,4026531840,sshd,ip-10-100-1-57,51,getsockname,[],3,0,"[{'name': 'sockfd', 'type': 'int', 'value': 4}, {'name': 'addr', 'type': 'void*', 'value': ""{'sa_family': 'AF_INET','sin_port': '22','sin_addr': '10.100.1.57'}""}, {'name': 'addrlen', 'type': 'int*', 'value': '0x7FFC98E53BBC'}]",0,0
3867.743552,7665,7665,7099,0,4026531840,sshd,ip-10-100-1-57,56,clone,[],5,7666,"[{'name': 'flags', 'type': 'unsigned int', 'value': 'CLONE_CHILD_CLEARTID|CLONE_CHILD_SETTID'}, {'name': 'stack', 'type': 'void*', 'value': '0x0'}, {'name': 'parent_tid', 'type': 'int*', 'value': '0x0'}, {'name': 'child_tid', 'type': 'int*', 'value': '0x7F2E44A9F0BF'}, {'name': 'tls', 'type': 'unsigned long', 'value': 0}]",0,0
3867.743607,7665,7665,7099,0,4026531840,sshd,ip-10-100-1-57,3,close,"[139836697389447, 94051155876784]",1,0,"[{'name': 'fd', 'type': 'int', 'value': 5}]",0,0
3867.743789,7666,7666,7665,0,4026531840,sshd,ip-10-100-1-57,3,close,[],1,0,"[{'name': 'fd', 'type': 'int', 'value': 6}]",0,0
3867.74363,7665,7665,7099,0,4026531840,sshd,ip-10-100-1-57,3,close,[],1,0,"[{'name': 'fd', 'type': 'int', 'value': 8}]",0,0
3867.743813,7666,7666,7665,0,4026531840,sshd,ip-10-100-1-57,3,close,[],1,0,"[{'name': 'fd', 'type': 'int', 'value': 7}]",0,0
3867.74401,7666,7666,7665,0,4026531840,sshd,ip-10-100-1-57,6,lstat,"[139836697384682, 7291046770080312623]",2,-2,"[{'name': 'pathname', 'type': 'const char*', 'value': '/etc/gss/mech'}, {'name': 'statbuf', 'type': 'struct stat*', 'value': '0x7FFC98E53D90'}]",0,0
3867.744043,7666,7666,7665,0,4026531840,sshd,ip-10-100-1-57,1005,security_file_open,[],4,0,"[{'name': 'pathname', 'type': 'const char*', 'value': '/etc/gss/mech.d'}, {'name': 'flags', 'type': 'int', 'value': 'O_RDONLY|O_NONBLOCK|O_LARGEFILE|O_DIRECTORY'}, {'name': 'dev', 'type': 'dev_t', 'value': 211812353}, {'name': 'inode', 'type': 'unsigned long', 'value': 1421}]",0,0
3867.744073,7666,7666,7665,0,4026531840,sshd,ip-10-100-1-57,257,openat,[],4,6,"[{'name': 'dirfd', 'type': 'int', 'value': -100}, {'name': 'pathname', 'type': 'const char*', 'value': '/etc/gss/mech.d'}, {'name': 'flags', 'type': 'int', 'value': 'O_RDONLY|O_NONBLOCK|O_DIRECTORY|O_CLOEXEC'}, {'name': 'mode', 'type': 'mode_t', 'value': 1152185948}]",0,0
3867.744096,7666,7666,7665,0,4026531840,sshd,ip-10-100-1-57,5,fstat,[],2,0,"[{'name': 'fd', 'type': 'int', 'value': 6}, {'name': 'statbuf', 'type': 'struct stat*', 'value': '0x7FFC98E53560'}]",0,0
3867.744129,7666,7666,7665,0,4026531840,sshd,ip-10-100-1-57,217,getdents64,[],3,48,"[{'name': 'fd', 'type': 'int', 'value': 6}, {'name': 'dirp', 'type': 'struct linux_dirent64*', 'value': '0x5589FDBCBD50'}, {'name': 'count', 'type': 'size_t', 'value': 32768}]",0,0
3867.744157,7666,7666,7665,0,4026531840,sshd,ip-10-100-1-57,217,getdents64,[],3,0,"[{'name': 'fd', 'type': 'int', 'value': 6}, {'name': 'dirp', 'type': 'struct linux_dirent64*', 'value': '0x5589FDBCBD50'}, {'name': 'count', 'type': 'size_t', 'value': 32768}]",0,0
3867.744178,7666,7666,7665,0,4026531840,sshd,ip-10-100-1-57,3,close,[],1,0,"[{'name': 'fd', 'type': 'int', 'value': 6}]",0,0
3867.744531,7666,7666,7665,0,4026531840,sshd,ip-10-100-1-57,1003,cap_capable,[],1,0,"[{'name': 'cap', 'type': 'int', 'value': 'CAP_SYS_CHROOT'}]",0,0
3867.744569,7666,7666,7665,0,4026531840,sshd,ip-10-100-1-57,1003,cap_capable,[139836693868139],1,0,"[{'name': 'cap', 'type': 'int', 'value': 'CAP_SETGID'}]",0,0
3867.744605,7666,7666,7665,0,4026531840,sshd,ip-10-100-1-57,1003,cap_capable,[],1,0,"[{'name': 'cap', 'type': 'int', 'value': 'CAP_SETGID'}]",0,0
3867.74463,7666,7666,7665,0,4026531840,sshd,ip-10-100-1-57,1003,cap_capable,[],1,0,"[{'name': 'cap', 'type': 'int', 'value': 'CAP_SETUID'}]",0,0
3867.744655,7666,7666,7665,109,4026531840,sshd,ip-10-100-1-57,1003,cap_capable,[],1,0,"[{'name': 'cap', 'type': 'int', 'value': 'CAP_SETGID'}]",0,0
3867.744675,7666,7666,7665,109,4026531840,sshd,ip-10-100-1-57,106,setgid,[],1,-1,"[{'name': 'gid', 'type': 'gid_t', 'value': 0}]",0,0
3867.744696,7666,7666,7665,109,4026531840,sshd,ip-10-100-1-57,1003,cap_capable,[],1,0,"[{'name': 'cap', 'type': 'int', 'value': 'CAP_SETGID'}]",0,0
3867.744728,7666,7666,7665,109,4026531840,sshd,ip-10-100-1-57,1003,cap_capable,[],1,0,"[{'name': 'cap', 'type': 'int', 'value': 'CAP_SETUID'}]",0,0
3867.744761,7666,7666,7665,109,4026531840,sshd,ip-10-100-1-57,105,setuid,[],1,-1,"[{'name': 'uid', 'type': 'uid_t', 'value': 0}]",0,0
3867.744781,7666,7666,7665,109,4026531840,sshd,ip-10-100-1-57,1003,cap_capable,[],1,0,"[{'name': 'cap', 'type': 'int', 'value': 'CAP_SETUID'}]",0,0
3867.744844,7666,7666,7665,109,4026531840,sshd,ip-10-100-1-57,157,prctl,[],5,0,"[{'name': 'option', 'type': 'int', 'value': 'PR_SET_NO_NEW_PRIVS'}, {'name': 'arg2', 'type': 'unsigned long', 'value': 1}, {'name': 'arg3', 'type': 'unsigned long', 'value': 0}, {'name': 'arg4', 'type': 'unsigned long', 'value': 139836697460382}, {'name': 'arg5', 'type': 'unsigned long', 'value': 0}]",0,0
3867.744917,7666,7666,7665,109,4026531840,sshd,ip-10-100-1-57,157,prctl,[],5,0,"[{'name': 'option', 'type': 'int', 'value': 'PR_SET_SECCOMP'}, {'name': 'arg2', 'type': 'unsigned long', 'value': 2}, {'name': 'arg3', 'type': 'unsigned long', 'value': 94051149880928}, {'name': 'arg4', 'type': 'unsigned long', 'value': 139836697460382}, {'name': 'arg5', 'type': 'unsigned long', 'value': 0}]",0,0
3868.836652,7665,7665,7099,0,4026531840,sshd,ip-10-100-1-57,1005,security_file_open,[139836697409116],4,0,"[{'name': 'pathname', 'type': 'const char*', 'value': '/etc/passwd'}, {'name': 'flags', 'type': 'int', 'value': 'O_RDONLY|O_LARGEFILE'}, {'name': 'dev', 'type': 'dev_t', 'value': 211812353}, {'name': 'inode', 'type': 'unsigned long', 'value': 61241}]",0,0
3868.837584,7665,7665,7099,0,4026531840,sshd,ip-10-100-1-57,257,openat,[139836697409116],4,5,"[{'name': 'dirfd', 'type': 'int', 'value': -100}, {'name': 'pathname', 'type': 'const char*', 'value': '/etc/passwd'}, {'name': 'flags', 'type': 'int', 'value': 'O_RDONLY|O_CLOEXEC'}, {'name': 'mode', 'type': 'mode_t', 'value': 1152185948}]",0,0
3868.838077,7665,7665,7099,0,4026531840,sshd,ip-10-100-1-57,5,fstat,[],2,0,"[{'name': 'fd', 'type': 'int', 'value': 5}, {'name': 'statbuf', 'type': 'struct stat*', 'value': '0x7FFC98E53C70'}]",0,0
3868.838778,7665,7665,7099,0,4026531840,sshd,ip-10-100-1-57,3,close,[],1,0,"[{'name': 'fd', 'type': 'int', 'value': 5}]",0,0
3868.839277,7665,7665,7099,0,4026531840,sshd,ip-10-100-1-57,4,stat,"[139836697384490, 94051155876784]",2,0,"[{'name': 'pathname', 'type': 'const char*', 'value': '/bin/bash'}, {'name': 'statbuf', 'type': 'struct stat*', 'value': '0x7FFC98E53E90'}]",0,0
3868.840595,7665,7665,7099,0,4026531840,sshd,ip-10-100-1-57,4,stat,"[139836697384490, 2]",2,0,"[{'name': 'pathname', 'type': 'const char*', 'value': '/etc/pam.d'}, {'name': 'statbuf', 'type': 'struct stat*', 'value': '0x7FFC98E53E40'}]",0,0
3868.84111,7665,7665,7099,0,4026531840,sshd,ip-10-100-1-57,1005,security_file_open,[],4,0,"[{'name': 'pathname', 'type': 'const char*', 'value': '/etc/pam.d/sshd'}, {'name': 'flags', 'type': 'int', 'value': 'O_RDONLY|O_LARGEFILE'}, {'name': 'dev', 'type': 'dev_t', 'value': 211812353}, {'name': 'inode', 'type': 'unsigned long', 'value': 579}]",0,0
3868.841591,7665,7665,7099,0,4026531840,sshd,ip-10-100-1-57,257,openat,[],4,5,"[{'name': 'dirfd', 'type': 'int', 'value': -100}, {'name': 'pathname', 'type': 'const char*', 'value': '/etc/pam.d/sshd'}, {'name': 'flags', 'type': 'int', 'value': 'O_RDONLY'}, {'name': 'mode', 'type': 'mode_t', 'value': 1152163499}]",0,0
3868.842091,7665,7665,7099,0,4026531840,sshd,ip-10-100-1-57,5,fstat,[],2,0,"[{'name': 'fd', 'type': 'int', 'value': 5}, {'name': 'statbuf', 'type': 'struct stat*', 'value': '0x7FFC98E53690'}]",0,0
3868.842676,7665,7665,7099,0,4026531840,sshd,ip-10-100-1-57,4,stat,"[139836697384490, 94051155908295]",2,0,"[{'name': 'pathname', 'type': 'const char*', 'value': '/etc/pam.d'}, {'name': 'statbuf', 'type': 'struct stat*', 'value': '0x7FFC98E53950'}]",0,0
3868.843201,7665,7665,7099,0,4026531840,sshd,ip-10-100-1-57,1005,security_file_open,[],4,0,"[{'name': 'pathname', 'type': 'const char*', 'value': '/etc/pam.d/common-auth'}, {'name': 'flags', 'type': 'int', 'value': 'O_RDONLY|O_LARGEFILE'}, {'name': 'dev', 'type': 'dev_t', 'value': 211812353}, {'name': 'inode', 'type': 'unsigned long', 'value': 256146}]",0,0
3868.844202,7665,7665,7099,0,4026531840,sshd,ip-10-100-1-57,5,fstat,[],2,0,"[{'name': 'fd', 'type': 'int', 'value': 8}, {'name': 'statbuf', 'type': 'struct stat*', 'value': '0x7FFC98E53080'}]",0,0
3868.843724,7665,7665,7099,0,4026531840,sshd,ip-10-100-1-57,257,openat,[],4,8,"[{'name': 'dirfd', 'type': 'int', 'value': -100}, {'name': 'pathname', 'type': 'const char*', 'value': '/etc/pam.d/common-auth'}, {'name': 'flags', 'type': 'int', 'value': 'O_RDONLY'}, {'name': 'mode', 'type': 'mode_t', 'value': 1152163499}]",0,0
3868.844893,7665,7665,7099,0,4026531840,sshd,ip-10-100-1-57,1005,security_file_open,[],4,0,"[{'name': 'pathname', 'type': 'const char*', 'value': '/usr/lib/x86_64-linux-gnu/security/pam_unix.so'}, {'name': 'flags', 'type': 'int', 'value': 'O_RDONLY|O_LARGEFILE'}, {'name': 'dev', 'type': 'dev_t', 'value': 211812353}, {'name': 'inode', 'type': 'unsigned long', 'value': 3797}]",0,0
3868.84541,7665,7665,7099,0,4026531840,sshd,ip-10-100-1-57,257,openat,[],4,9,"[{'name': 'dirfd', 'type': 'int', 'value': -100}, {'name': 'pathname', 'type': 'const char*', 'value': '/lib/x86_64-linux-gnu/security/pam_unix.so'}, {'name': 'flags', 'type': 'int', 'value': 'O_RDONLY|O_CLOEXEC'}, {'name': 'mode', 'type': 'mode_t', 'value': 1159061336}]",0,0
3868.845943,7665,7665,7099,0,4026531840,sshd,ip-10-100-1-57,5,fstat,"[139836704283945, 139836704200219]",2,0,"[{'name': 'fd', 'type': 'int', 'value': 9}, {'name': 'statbuf', 'type': 'struct stat*', 'value': '0x7FFC98E52880'}]",0,0
3868.847242,7665,7665,7099,0,4026531840,sshd,ip-10-100-1-57,1005,security_file_open,[],4,0,"[{'name': 'pathname', 'type': 'const char*', 'value': '/usr/lib/x86_64-linux-gnu/security/pam_succeed_if.so'}, {'name': 'flags', 'type': 'int', 'value': 'O_RDONLY|O_LARGEFILE'}, {'name': 'dev', 'type': 'dev_t', 'value': 211812353}, {'name': 'inode', 'type': 'unsigned long', 'value': 3790}]",0,0
3868.846512,7665,7665,7099,0,4026531840,sshd,ip-10-100-1-57,3,close,"[139836704284187, 139836704200219]",1,0,"[{'name': 'fd', 'type': 'int', 'value': 9}]",0,0
3868.847784,7665,7665,7099,0,4026531840,sshd,ip-10-100-1-57,257,openat,[],4,9,"[{'name': 'dirfd', 'type': 'int', 'value': -100}, {'name': 'pathname', 'type': 'const char*', 'value': '/lib/x86_64-linux-gnu/security/pam_succeed_if.so'}, {'name': 'flags', 'type': 'int', 'value': 'O_RDONLY|O_CLOEXEC'}, {'name': 'mode', 'type': 'mode_t', 'value': 1159061336}]",0,0
3868.848196,7665,7665,7099,0,4026531840,sshd,ip-10-100-1-57,5,fstat,"[139836704283945, 139836704200219]",2,0,"[{'name': 'fd', 'type': 'int', 'value': 9}, {'name': 'statbuf', 'type': 'struct stat*', 'value': '0x7FFC98E52880'}]",0,0
3868.848737,7665,7665,7099,0,4026531840,sshd,ip-10-100-1-57,3,close,"[139836704284187, 139836704200219]",1,0,"[{'name': 'fd', 'type': 'int', 'value': 9}]",0,0
3868.849284,7665,7665,7099,0,4026531840,sshd,ip-10-100-1-57,1005,security_file_open,[],4,0,"[{'name': 'pathname', 'type': 'const char*', 'value': '/usr/lib/x86_64-linux-gnu/security/pam_deny.so'}, {'name': 'flags', 'type': 'int', 'value': 'O_RDONLY|O_LARGEFILE'}, {'name': 'dev', 'type': 'dev_t', 'value': 211812353}, {'name': 'inode', 'type': 'unsigned long', 'value': 3759}]",0,0
3868.849875,7665,7665,7099,0,4026531840,sshd,ip-10-100-1-57,257,openat,[],4,9,"[{'name': 'dirfd', 'type': 'int', 'value': -100}, {'name': 'pathname', 'type': 'const char*', 'value': '/lib/x86_64-linux-gnu/security/pam_deny.so'}, {'name': 'flags', 'type': 'int', 'value': 'O_RDONLY|O_CLOEXEC'}, {'name': 'mode', 'type': 'mode_t', 'value': 1159061336}]",0,0
3868.850381,7665,7665,7099,0,4026531840,sshd,ip-10-100-1-57,5,fstat,"[139836704283945, 139836704200219]",2,0,"[{'name': 'fd', 'type': 'int', 'value': 9}, {'name': 'statbuf', 'type': 'struct stat*', 'value': '0x7FFC98E52880'}]",0,0
3868.850882,7665,7665,7099,0,4026531840,sshd,ip-10-100-1-57,3,close,"[139836704284187, 139836704200219]",1,0,"[{'name': 'fd', 'type': 'int', 'value': 9}]",0,0
3868.851377,7665,7665,7099,0,4026531840,sshd,ip-10-100-1-57,1005,security_file_open,[],4,0,"[{'name': 'pathname', 'type': 'const char*', 'value': '/usr/lib/x86_64-linux-gnu/security/pam_permit.so'}, {'name': 'flags', 'type': 'int', 'value': 'O_RDONLY|O_LARGEFILE'}, {'name': 'dev', 'type': 'dev_t', 'value': 211812353}, {'name': 'inode', 'type': 'unsigned long', 'value': 3781}]",0,0
3868.851859,7665,7665,7099,0,4026531840,sshd,ip-10-100-1-57,257,openat,[],4,9,"[{'name': 'dirfd', 'type': 'int', 'value': -100}, {'name': 'pathname', 'type': 'const char*', 'value': '/lib/x86_64-linux-gnu/security/pam_permit.so'}, {'name': 'flags', 'type': 'int', 'value': 'O_RDONLY|O_CLOEXEC'}, {'name': 'mode', 'type': 'mode_t', 'value': 1159061336}]",0,0
3868.852358,7665,7665,7099,0,4026531840,sshd,ip-10-100-1-57,5,fstat,"[139836704283945, 139836704200219]",2,0,"[{'name': 'fd', 'type': 'int', 'value': 9}, {'name': 'statbuf', 'type': 'struct stat*', 'value': '0x7FFC98E52880'}]",0,0
3868.852989,7665,7665,7099,0,4026531840,sshd,ip-10-100-1-57,3,close,"[139836704284187, 139836704200219]",1,0,"[{'name': 'fd', 'type': 'int', 'value': 9}]",0,0
3868.853491,7665,7665,7099,0,4026531840,sshd,ip-10-100-1-57,3,close,[],1,0,"[{'name': 'fd', 'type': 'int', 'value': 8}]",0,0
3868.853998,7665,7665,7099,0,4026531840,sshd,ip-10-100-1-57,1005,security_file_open,[],4,0,"[{'name': 'pathname', 'type': 'const char*', 'value': '/usr/lib/x86_64-linux-gnu/security/pam_nologin.so'}, {'name': 'flags', 'type': 'int', 'value': 'O_RDONLY|O_LARGEFILE'}, {'name': 'dev', 'type': 'dev_t', 'value': 211812353}, {'name': 'inode', 'type': 'unsigned long', 'value': 3780}]",0,0
3868.854533,7665,7665,7099,0,4026531840,sshd,ip-10-100-1-57,257,openat,[],4,8,"[{'name': 'dirfd', 'type': 'int', 'value': -100}, {'name': 'pathname', 'type': 'const char*', 'value': '/lib/x86_64-linux-gnu/security/pam_nologin.so'}, {'name': 'flags', 'type': 'int', 'value': 'O_RDONLY|O_CLOEXEC'}, {'name': 'mode', 'type': 'mode_t', 'value': 1159061336}]",0,0
3868.855072,7665,7665,7099,0,4026531840,sshd,ip-10-100-1-57,5,fstat,"[139836704283945, 139836704200219]",2,0,"[{'name': 'fd', 'type': 'int', 'value': 8}, {'name': 'statbuf', 'type': 'struct stat*', 'value': '0x7FFC98E52E90'}]",0,0
3868.855508,7665,7665,7099,0,4026531840,sshd,ip-10-100-1-57,3,close,"[139836704284187, 139836704200219]",1,0,"[{'name': 'fd', 'type': 'int', 'value': 8}]",0,0
3868.856167,7665,7665,7099,0,4026531840,sshd,ip-10-100-1-57,4,stat,[],2,0,"[{'name': 'pathname', 'type': 'const char*', 'value': '/etc/pam.d'}, {'name': 'statbuf', 'type': 'struct stat*', 'value': '0x7FFC98E53950'}]",0,0
3868.856526,7665,7665,7099,0,4026531840,sshd,ip-10-100-1-57,1005,security_file_open,[],4,0,"[{'name': 'pathname', 'type': 'const char*', 'value': '/etc/pam.d/common-account'}, {'name': 'flags', 'type': 'int', 'value': 'O_RDONLY|O_LARGEFILE'}, {'name': 'dev', 'type': 'dev_t', 'value': 211812353}, {'name': 'inode', 'type': 'unsigned long', 'value': 560}]",0,0
3868.856805,7665,7665,7099,0,4026531840,sshd,ip-10-100-1-57,257,openat,[],4,8,"[{'name': 'dirfd', 'type': 'int', 'value': -100}, {'name': 'pathname', 'type': 'const char*', 'value': '/etc/pam.d/common-account'}, {'name': 'flags', 'type': 'int', 'value': 'O_RDONLY'}, {'name': 'mode', 'type': 'mode_t', 'value': 1152163499}]",0,0
3868.857128,7665,7665,7099,0,4026531840,sshd,ip-10-100-1-57,5,fstat,[],2,0,"[{'name': 'fd', 'type': 'int', 'value': 8}, {'name': 'statbuf', 'type': 'struct stat*', 'value': '0x7FFC98E53080'}]",0,0
3868.857263,7665,7665,7099,0,4026531840,sshd,ip-10-100-1-57,3,close,[],1,0,"[{'name': 'fd', 'type': 'int', 'value': 8}]",0,0
3868.857415,7665,7665,7099,0,4026531840,sshd,ip-10-100-1-57,1005,security_file_open,[],4,0,"[{'name': 'pathname', 'type': 'const char*', 'value': '/usr/lib/x86_64-linux-gnu/security/pam_selinux.so'}, {'name': 'flags', 'type': 'int', 'value': 'O_RDONLY|O_LARGEFILE'}, {'name': 'dev', 'type': 'dev_t', 'value': 211812353}, {'name': 'inode', 'type': 'unsigned long', 'value': 3786}]",0,0
3868.858028,7665,7665,7099,0,4026531840,sshd,ip-10-100-1-57,257,openat,[],4,8,"[{'name': 'dirfd', 'type': 'int', 'value': -100}, {'name': 'pathname', 'type': 'const char*', 'value': '/lib/x86_64-linux-gnu/security/pam_selinux.so'}, {'name': 'flags', 'type': 'int', 'value': 'O_RDONLY|O_CLOEXEC'}, {'name': 'mode', 'type': 'mode_t', 'value': 1159061336}]",0,0
3868.858363,7665,7665,7099,0,4026531840,sshd,ip-10-100-1-57,5,fstat,"[139836704283945, 139836704200219]",2,0,"[{'name': 'fd', 'type': 'int', 'value': 8}, {'name': 'statbuf', 'type': 'struct stat*', 'value': '0x7FFC98E52E90'}]",0,0
3868.858755,7665,7665,7099,0,4026531840,sshd,ip-10-100-1-57,3,close,"[139836704284187, 139836704200219]",1,0,"[{'name': 'fd', 'type': 'int', 'value': 8}]",0,0
3868.859148,7665,7665,7099,0,4026531840,sshd,ip-10-100-1-57,1005,security_file_open,[],4,0,"[{'name': 'pathname', 'type': 'const char*', 'value': '/usr/lib/x86_64-linux-gnu/security/pam_loginuid.so'}, {'name': 'flags', 'type': 'int', 'value': 'O_RDONLY|O_LARGEFILE'}, {'name': 'dev', 'type': 'dev_t', 'value': 211812353}, {'name': 'inode', 'type': 'unsigned long', 'value': 3775}]",0,0
3868.860071,7665,7665,7099,0,4026531840,sshd,ip-10-100-1-57,5,fstat,"[139836704283945, 139836704200219]",2,0,"[{'name': 'fd', 'type': 'int', 'value': 8}, {'name': 'statbuf', 'type': 'struct stat*', 'value': '0x7FFC98E52E90'}]",0,0
3868.859739,7665,7665,7099,0,4026531840,sshd,ip-10-100-1-57,257,openat,[],4,8,"[{'name': 'dirfd', 'type': 'int', 'value': -100}, {'name': 'pathname', 'type': 'const char*', 'value': '/lib/x86_64-linux-gnu/security/pam_loginuid.so'}, {'name': 'flags', 'type': 'int', 'value': 'O_RDONLY|O_CLOEXEC'}, {'name': 'mode', 'type': 'mode_t', 'value': 1159061336}]",0,0
3868.860709,7665,7665,7099,0,4026531840,sshd,ip-10-100-1-57,1005,security_file_open,[],4,0,"[{'name': 'pathname', 'type': 'const char*', 'value': '/usr/lib/x86_64-linux-gnu/security/pam_keyinit.so'}, {'name': 'flags', 'type': 'int', 'value': 'O_RDONLY|O_LARGEFILE'}, {'name': 'dev', 'type': 'dev_t', 'value': 211812353}, {'name': 'inode', 'type': 'unsigned long', 'value': 3770}]",0,0
3868.861224,7665,7665,7099,0,4026531840,sshd,ip-10-100-1-57,257,openat,[],4,8,"[{'name': 'dirfd', 'type': 'int', 'value': -100}, {'name': 'pathname', 'type': 'const char*', 'value': '/lib/x86_64-linux-gnu/security/pam_keyinit.so'}, {'name': 'flags', 'type': 'int', 'value': 'O_RDONLY|O_CLOEXEC'}, {'name': 'mode', 'type': 'mode_t', 'value': 1159061336}]",0,0
3868.860314,7665,7665,7099,0,4026531840,sshd,ip-10-100-1-57,3,close,"[139836704284187, 139836704200219]",1,0,"[{'name': 'fd', 'type': 'int', 'value': 8}]",0,0
3868.861603,7665,7665,7099,0,4026531840,sshd,ip-10-100-1-57,5,fstat,"[139836704283945, 139836704200219]",2,0,"[{'name': 'fd', 'type': 'int', 'value': 8}, {'name': 'statbuf', 'type': 'struct stat*', 'value': '0x7FFC98E52E90'}]",0,0
3868.862037,7665,7665,7099,0,4026531840,sshd,ip-10-100-1-57,3,close,"[139836704284187, 139836704200219]",1,0,"[{'name': 'fd', 'type': 'int', 'value': 8}]",0,0
3868.862402,7665,7665,7099,0,4026531840,sshd,ip-10-100-1-57,4,stat,"[139836697384490, 94051155909137]",2,0,"[{'name': 'pathname', 'type': 'const char*', 'value': '/etc/pam.d'}, {'name': 'statbuf', 'type': 'struct stat*', 'value': '0x7FFC98E53950'}]",0,0
3868.862725,7665,7665,7099,0,4026531840,sshd,ip-10-100-1-57,1005,security_file_open,[],4,0,"[{'name': 'pathname', 'type': 'const char*', 'value': '/etc/pam.d/common-session'}, {'name': 'flags', 'type': 'int', 'value': 'O_RDONLY|O_LARGEFILE'}, {'name': 'dev', 'type': 'dev_t', 'value': 211812353}, {'name': 'inode', 'type': 'unsigned long', 'value': 562}]",0,0
3868.863031,7665,7665,7099,0,4026531840,sshd,ip-10-100-1-57,257,openat,[],4,8,"[{'name': 'dirfd', 'type': 'int', 'value': -100}, {'name': 'pathname', 'type': 'const char*', 'value': '/etc/pam.d/common-session'}, {'name': 'flags', 'type': 'int', 'value': 'O_RDONLY'}, {'name': 'mode', 'type': 'mode_t', 'value': 1152163499}]",0,0
3868.863245,7665,7665,7099,0,4026531840,sshd,ip-10-100-1-57,5,fstat,[],2,0,"[{'name': 'fd', 'type': 'int', 'value': 8}, {'name': 'statbuf', 'type': 'struct stat*', 'value': '0x7FFC98E53080'}]",0,0
3868.863932,7665,7665,7099,0,4026531840,sshd,ip-10-100-1-57,1005,security_file_open,[],4,0,"[{'name': 'pathname', 'type': 'const char*', 'value': '/usr/lib/x86_64-linux-gnu/security/pam_umask.so'}, {'name': 'flags', 'type': 'int', 'value': 'O_RDONLY|O_LARGEFILE'}, {'name': 'dev', 'type': 'dev_t', 'value': 211812353}, {'name': 'inode', 'type': 'unsigned long', 'value': 3796}]",0,0
3868.864254,7665,7665,7099,0,4026531840,sshd,ip-10-100-1-57,257,openat,[],4,9,"[{'name': 'dirfd', 'type': 'int', 'value': -100}, {'name': 'pathname', 'type': 'const char*', 'value': '/lib/x86_64-linux-gnu/security/pam_umask.so'}, {'name': 'flags', 'type': 'int', 'value': 'O_RDONLY|O_CLOEXEC'}, {'name': 'mode', 'type': 'mode_t', 'value': 1159061336}]",0,0
3868.864528,7665,7665,7099,0,4026531840,sshd,ip-10-100-1-57,5,fstat,"[139836704283945, 139836704200219]",2,0,"[{'name': 'fd', 'type': 'int', 'value': 9}, {'name': 'statbuf', 'type': 'struct stat*', 'value': '0x7FFC98E52880'}]",0,0
3868.864909,7665,7665,7099,0,4026531840,sshd,ip-10-100-1-57,3,close,"[139836704284187, 139836704200219]",1,0,"[{'name': 'fd', 'type': 'int', 'value': 9}]",0,0
3868.865281,7665,7665,7099,0,4026531840,sshd,ip-10-100-1-57,1005,security_file_open,[],4,0,"[{'name': 'pathname', 'type': 'const char*', 'value': '/usr/lib/x86_64-linux-gnu/security/pam_systemd.so'}, {'name': 'flags', 'type': 'int', 'value': 'O_RDONLY|O_LARGEFILE'}, {'name': 'dev', 'type': 'dev_t', 'value': 211812353}, {'name': 'inode', 'type': 'unsigned long', 'value': 3760}]",0,0
3868.865651,7665,7665,7099,0,4026531840,sshd,ip-10-100-1-57,257,openat,[],4,9,"[{'name': 'dirfd', 'type': 'int', 'value': -100}, {'name': 'pathname', 'type': 'const char*', 'value': '/lib/x86_64-linux-gnu/security/pam_systemd.so'}, {'name': 'flags', 'type': 'int', 'value': 'O_RDONLY|O_CLOEXEC'}, {'name': 'mode', 'type': 'mode_t', 'value': 1159061336}]",0,0
3868.866044,7665,7665,7099,0,4026531840,sshd,ip-10-100-1-57,5,fstat,"[139836704283945, 139836704200219]",2,0,"[{'name': 'fd', 'type': 'int', 'value': 9}, {'name': 'statbuf', 'type': 'struct stat*', 'value': '0x7FFC98E52880'}]",0,0
3868.866463,7665,7665,7099,0,4026531840,sshd,ip-10-100-1-57,3,close,"[139836704284187, 139836704200219]",1,0,"[{'name': 'fd', 'type': 'int', 'value': 9}]",0,0
3868.866768,7665,7665,7099,0,4026531840,sshd,ip-10-100-1-57,1005,security_file_open,[],4,0,"[{'name': 'pathname', 'type': 'const char*', 'value': '/etc/ld.so.cache'}, {'name': 'flags', 'type': 'int', 'value': 'O_RDONLY|O_LARGEFILE'}, {'name': 'dev', 'type': 'dev_t', 'value': 211812353}, {'name': 'inode', 'type': 'unsigned long', 'value': 62841}]",0,0
3868.867144,7665,7665,7099,0,4026531840,sshd,ip-10-100-1-57,257,openat,[],4,9,"[{'name': 'dirfd', 'type': 'int', 'value': -100}, {'name': 'pathname', 'type': 'const char*', 'value': '/etc/ld.so.cache'}, {'name': 'flags', 'type': 'int', 'value': 'O_RDONLY|O_CLOEXEC'}, {'name': 'mode', 'type': 'mode_t', 'value': 1159061336}]",0,0
3868.867271,7665,7665,7099,0,4026531840,sshd,ip-10-100-1-57,5,fstat,[],2,0,"[{'name': 'fd', 'type': 'int', 'value': 9}, {'name': 'statbuf', 'type': 'struct stat*', 'value': '0x7FFC98E52190'}]",0,0
3868.867497,7665,7665,7099,0,4026531840,sshd,ip-10-100-1-57,3,close,[],1,0,"[{'name': 'fd', 'type': 'int', 'value': 9}]",0,0
3868.867738,7665,7665,7099,0,4026531840,sshd,ip-10-100-1-57,1005,security_file_open,"[139836704284504, 139836704201165]",4,0,"[{'name': 'pathname', 'type': 'const char*', 'value': '/usr/lib/x86_64-linux-gnu/libpam_misc.so.0.82.1'}, {'name': 'flags', 'type': 'int', 'value': 'O_RDONLY|O_LARGEFILE'}, {'name': 'dev', 'type': 'dev_t', 'value': 211812353}, {'name': 'inode', 'type': 'unsigned long', 'value': 4524}]",0,0
3868.867934,7665,7665,7099,0,4026531840,sshd,ip-10-100-1-57,257,openat,"[139836704284504, 139836704201165]",4,9,"[{'name': 'dirfd', 'type': 'int', 'value': -100}, {'name': 'pathname', 'type': 'const char*', 'value': '/lib/x86_64-linux-gnu/libpam_misc.so.0'}, {'name': 'flags', 'type': 'int', 'value': 'O_RDONLY|O_CLOEXEC'}, {'name': 'mode', 'type': 'mode_t', 'value': 1159061336}]",0,0
3868.86822,7665,7665,7099,0,4026531840,sshd,ip-10-100-1-57,5,fstat,"[139836704283945, 139836704200219]",2,0,"[{'name': 'fd', 'type': 'int', 'value': 9}, {'name': 'statbuf', 'type': 'struct stat*', 'value': '0x7FFC98E521E0'}]",0,0
3868.868432,7665,7665,7099,0,4026531840,sshd,ip-10-100-1-57,3,close,"[139836704284187, 139836704200219]",1,0,"[{'name': 'fd', 'type': 'int', 'value': 9}]",0,0
3868.869045,7665,7665,7099,0,4026531840,sshd,ip-10-100-1-57,3,close,[],1,0,"[{'name': 'fd', 'type': 'int', 'value': 8}]",0,0
3868.869705,7665,7665,7099,0,4026531840,sshd,ip-10-100-1-57,1005,security_file_open,[],4,0,"[{'name': 'pathname', 'type': 'const char*', 'value': '/usr/lib/x86_64-linux-gnu/security/pam_motd.so'}, {'name': 'flags', 'type': 'int', 'value': 'O_RDONLY|O_LARGEFILE'}, {'name': 'dev', 'type': 'dev_t', 'value': 211812353}, {'name': 'inode', 'type': 'unsigned long', 'value': 3778}]",0,0
3868.870119,7665,7665,7099,0,4026531840,sshd,ip-10-100-1-57,257,openat,[],4,8,"[{'name': 'dirfd', 'type': 'int', 'value': -100}, {'name': 'pathname', 'type': 'const char*', 'value': '/lib/x86_64-linux-gnu/security/pam_motd.so'}, {'name': 'flags', 'type': 'int', 'value': 'O_RDONLY|O_CLOEXEC'}, {'name': 'mode', 'type': 'mode_t', 'value': 1159061336}]",0,0
3868.870295,7665,7665,7099,0,4026531840,sshd,ip-10-100-1-57,5,fstat,"[139836704283945, 139836704200219]",2,0,"[{'name': 'fd', 'type': 'int', 'value': 8}, {'name': 'statbuf', 'type': 'struct stat*', 'value': '0x7FFC98E52E90'}]",0,0
3868.870505,7665,7665,7099,0,4026531840,sshd,ip-10-100-1-57,3,close,"[139836704284187, 139836704200219]",1,0,"[{'name': 'fd', 'type': 'int', 'value': 8}]",0,0
3868.87105,7665,7665,7099,0,4026531840,sshd,ip-10-100-1-57,1005,security_file_open,[],4,0,"[{'name': 'pathname', 'type': 'const char*', 'value': '/usr/lib/x86_64-linux-gnu/security/pam_mail.so'}, {'name': 'flags', 'type': 'int', 'value': 'O_RDONLY|O_LARGEFILE'}, {'name': 'dev', 'type': 'dev_t', 'value': 211812353}, {'name': 'inode', 'type': 'unsigned long', 'value': 3776}]",0,0
3868.871414,7665,7665,7099,0,4026531840,sshd,ip-10-100-1-57,257,openat,[],4,8,"[{'name': 'dirfd', 'type': 'int', 'value': -100}, {'name': 'pathname', 'type': 'const char*', 'value': '/lib/x86_64-linux-gnu/security/pam_mail.so'}, {'name': 'flags', 'type': 'int', 'value': 'O_RDONLY|O_CLOEXEC'}, {'name': 'mode', 'type': 'mode_t', 'value': 1159061336}]",0,0
3868.871557,7665,7665,7099,0,4026531840,sshd,ip-10-100-1-57,5,fstat,"[139836704283945, 139836704200219]",2,0,"[{'name': 'fd', 'type': 'int', 'value': 8}, {'name': 'statbuf', 'type': 'struct stat*', 'value': '0x7FFC98E52E90'}]",0,0
3868.871703,7665,7665,7099,0,4026531840,sshd,ip-10-100-1-57,3,close,"[139836704284187, 139836704200219]",1,0,"[{'name': 'fd', 'type': 'int', 'value': 8}]",0,0
3868.87207,7665,7665,7099,0,4026531840,sshd,ip-10-100-1-57,1005,security_file_open,[],4,0,"[{'name': 'pathname', 'type': 'const char*', 'value': '/usr/lib/x86_64-linux-gnu/security/pam_limits.so'}, {'name': 'flags', 'type': 'int', 'value': 'O_RDONLY|O_LARGEFILE'}, {'name': 'dev', 'type': 'dev_t', 'value': 211812353}, {'name': 'inode', 'type': 'unsigned long', 'value': 3772}]",0,0
3868.872779,7665,7665,7099,0,4026531840,sshd,ip-10-100-1-57,257,openat,[],4,8,"[{'name': 'dirfd', 'type': 'int', 'value': -100}, {'name': 'pathname', 'type': 'const char*', 'value': '/lib/x86_64-linux-gnu/security/pam_limits.so'}, {'name': 'flags', 'type': 'int', 'value': 'O_RDONLY|O_CLOEXEC'}, {'name': 'mode', 'type': 'mode_t', 'value': 1159061336}]",0,0
3868.872865,7665,7665,7099,0,4026531840,sshd,ip-10-100-1-57,5,fstat,"[139836704283945, 139836704200219]",2,0,"[{'name': 'fd', 'type': 'int', 'value': 8}, {'name': 'statbuf', 'type': 'struct stat*', 'value': '0x7FFC98E52E90'}]",0,0
3868.873005,7665,7665,7099,0,4026531840,sshd,ip-10-100-1-57,3,close,"[139836704284187, 139836704200219]",1,0,"[{'name': 'fd', 'type': 'int', 'value': 8}]",0,0
3868.873957,7665,7665,7099,0,4026531840,sshd,ip-10-100-1-57,1005,security_file_open,[],4,0,"[{'name': 'pathname', 'type': 'const char*', 'value': '/usr/lib/x86_64-linux-gnu/security/pam_env.so'}, {'name': 'flags', 'type': 'int', 'value': 'O_RDONLY|O_LARGEFILE'}, {'name': 'dev', 'type': 'dev_t', 'value': 211812353}, {'name': 'inode', 'type': 'unsigned long', 'value': 3762}]",0,0
3868.874029,7665,7665,7099,0,4026531840,sshd,ip-10-100-1-57,257,openat,[],4,8,"[{'name': 'dirfd', 'type': 'int', 'value': -100}, {'name': 'pathname', 'type': 'const char*', 'value': '/lib/x86_64-linux-gnu/security/pam_env.so'}, {'name': 'flags', 'type': 'int', 'value': 'O_RDONLY|O_CLOEXEC'}, {'name': 'mode', 'type': 'mode_t', 'value': 1159061336}]",0,0
3868.87407,7665,7665,7099,0,4026531840,sshd,ip-10-100-1-57,5,fstat,"[139836704283945, 139836704200219]",2,0,"[{'name': 'fd', 'type': 'int', 'value': 8}, {'name': 'statbuf', 'type': 'struct stat*', 'value': '0x7FFC98E52E90'}]",0,0
3868.874161,7665,7665,7099,0,4026531840,sshd,ip-10-100-1-57,3,close,"[139836704284187, 139836704200219]",1,0,"[{'name': 'fd', 'type': 'int', 'value': 8}]",0,0
3868.874326,7665,7665,7099,0,4026531840,sshd,ip-10-100-1-57,4,stat,[],2,0,"[{'name': 'pathname', 'type': 'const char*', 'value': '/etc/pam.d'}, {'name': 'statbuf', 'type': 'struct stat*', 'value': '0x7FFC98E53950'}]",0,0
3868.874549,7665,7665,7099,0,4026531840,sshd,ip-10-100-1-57,1005,security_file_open,[],4,0,"[{'name': 'pathname', 'type': 'const char*', 'value': '/etc/pam.d/common-password'}, {'name': 'flags', 'type': 'int', 'value': 'O_RDONLY|O_LARGEFILE'}, {'name': 'dev', 'type': 'dev_t', 'value': 211812353}, {'name': 'inode', 'type': 'unsigned long', 'value': 561}]",0,0
3868.874622,7665,7665,7099,0,4026531840,sshd,ip-10-100-1-57,257,openat,[],4,8,"[{'name': 'dirfd', 'type': 'int', 'value': -100}, {'name': 'pathname', 'type': 'const char*', 'value': '/etc/pam.d/common-password'}, {'name': 'flags', 'type': 'int', 'value': 'O_RDONLY'}, {'name': 'mode', 'type': 'mode_t', 'value': 1152163499}]",0,0
3868.874676,7665,7665,7099,0,4026531840,sshd,ip-10-100-1-57,5,fstat,[],2,0,"[{'name': 'fd', 'type': 'int', 'value': 8}, {'name': 'statbuf', 'type': 'struct stat*', 'value': '0x7FFC98E53080'}]",0,0
3868.874875,7665,7665,7099,0,4026531840,sshd,ip-10-100-1-57,3,close,[],1,0,"[{'name': 'fd', 'type': 'int', 'value': 8}]",0,0
3868.874939,7665,7665,7099,0,4026531840,sshd,ip-10-100-1-57,3,close,[],1,0,"[{'name': 'fd', 'type': 'int', 'value': 5}]",0,0
3868.875005,7665,7665,7099,0,4026531840,sshd,ip-10-100-1-57,1005,security_file_open,[],4,0,"[{'name': 'pathname', 'type': 'const char*', 'value': '/etc/pam.d/other'}, {'name': 'flags', 'type': 'int', 'value': 'O_RDONLY|O_LARGEFILE'}, {'name': 'dev', 'type': 'dev_t', 'value': 211812353}, {'name': 'inode', 'type': 'unsigned long', 'value': 563}]",0,0
3868.875171,7665,7665,7099,0,4026531840,sshd,ip-10-100-1-57,257,openat,[],4,5,"[{'name': 'dirfd', 'type': 'int', 'value': -100}, {'name': 'pathname', 'type': 'const char*', 'value': '/etc/pam.d/other'}, {'name': 'flags', 'type': 'int', 'value': 'O_RDONLY'}, {'name': 'mode', 'type': 'mode_t', 'value': 1152163499}]",0,0
3868.875213,7665,7665,7099,0,4026531840,sshd,ip-10-100-1-57,5,fstat,[],2,0,"[{'name': 'fd', 'type': 'int', 'value': 5}, {'name': 'statbuf', 'type': 'struct stat*', 'value': '0x7FFC98E53690'}]",0,0
3868.875258,7665,7665,7099,0,4026531840,sshd,ip-10-100-1-57,4,stat,[],2,0,"[{'name': 'pathname', 'type': 'const char*', 'value': '/etc/pam.d'}, {'name': 'statbuf', 'type': 'struct stat*', 'value': '0x7FFC98E53950'}]",0,0
3868.875335,7665,7665,7099,0,4026531840,sshd,ip-10-100-1-57,1005,security_file_open,[],4,0,"[{'name': 'pathname', 'type': 'const char*', 'value': '/etc/pam.d/common-auth'}, {'name': 'flags', 'type': 'int', 'value': 'O_RDONLY|O_LARGEFILE'}, {'name': 'dev', 'type': 'dev_t', 'value': 211812353}, {'name': 'inode', 'type': 'unsigned long', 'value': 256146}]",0,0
3868.875483,7665,7665,7099,0,4026531840,sshd,ip-10-100-1-57,257,openat,[],4,8,"[{'name': 'dirfd', 'type': 'int', 'value': -100}, {'name': 'pathname', 'type': 'const char*', 'value': '/etc/pam.d/common-auth'}, {'name': 'flags', 'type': 'int', 'value': 'O_RDONLY'}, {'name': 'mode', 'type': 'mode_t', 'value': 1152163499}]",0,0
3868.875534,7665,7665,7099,0,4026531840,sshd,ip-10-100-1-57,5,fstat,[],2,0,"[{'name': 'fd', 'type': 'int', 'value': 8}, {'name': 'statbuf', 'type': 'struct stat*', 'value': '0x7FFC98E53080'}]",0,0
3868.875612,7665,7665,7099,0,4026531840,sshd,ip-10-100-1-57,3,close,[],1,0,"[{'name': 'fd', 'type': 'int', 'value': 8}]",0,0
3868.875764,7665,7665,7099,0,4026531840,sshd,ip-10-100-1-57,4,stat,[],2,0,"[{'name': 'pathname', 'type': 'const char*', 'value': '/etc/pam.d'}, {'name': 'statbuf', 'type': 'struct stat*', 'value': '0x7FFC98E53950'}]",0,0
3868.875818,7665,7665,7099,0,4026531840,sshd,ip-10-100-1-57,1005,security_file_open,[],4,0,"[{'name': 'pathname', 'type': 'const char*', 'value': '/etc/pam.d/common-account'}, {'name': 'flags', 'type': 'int', 'value': 'O_RDONLY|O_LARGEFILE'}, {'name': 'dev', 'type': 'dev_t', 'value': 211812353}, {'name': 'inode', 'type': 'unsigned long', 'value': 560}]",0,0
3868.875926,7665,7665,7099,0,4026531840,sshd,ip-10-100-1-57,257,openat,[],4,8,"[{'name': 'dirfd', 'type': 'int', 'value': -100}, {'name': 'pathname', 'type': 'const char*', 'value': '/etc/pam.d/common-account'}, {'name': 'flags', 'type': 'int', 'value': 'O_RDONLY'}, {'name': 'mode', 'type': 'mode_t', 'value': 1152163499}]",0,0
3868.876041,7665,7665,7099,0,4026531840,sshd,ip-10-100-1-57,5,fstat,[],2,0,"[{'name': 'fd', 'type': 'int', 'value': 8}, {'name': 'statbuf', 'type': 'struct stat*', 'value': '0x7FFC98E53080'}]",0,0
3868.876156,7665,7665,7099,0,4026531840,sshd,ip-10-100-1-57,3,close,[],1,0,"[{'name': 'fd', 'type': 'int', 'value': 8}]",0,0
3868.87631,7665,7665,7099,0,4026531840,sshd,ip-10-100-1-57,4,stat,[],2,0,"[{'name': 'pathname', 'type': 'const char*', 'value': '/etc/pam.d'}, {'name': 'statbuf', 'type': 'struct stat*', 'value': '0x7FFC98E53950'}]",0,0
3868.876355,7665,7665,7099,0,4026531840,sshd,ip-10-100-1-57,1005,security_file_open,[],4,0,"[{'name': 'pathname', 'type': 'const char*', 'value': '/etc/pam.d/common-password'}, {'name': 'flags', 'type': 'int', 'value': 'O_RDONLY|O_LARGEFILE'}, {'name': 'dev', 'type': 'dev_t', 'value': 211812353}, {'name': 'inode', 'type': 'unsigned long', 'value': 561}]",0,0
3868.876528,7665,7665,7099,0,4026531840,sshd,ip-10-100-1-57,257,openat,[],4,8,"[{'name': 'dirfd', 'type': 'int', 'value': -100}, {'name': 'pathname', 'type': 'const char*', 'value': '/etc/pam.d/common-password'}, {'name': 'flags', 'type': 'int', 'value': 'O_RDONLY'}, {'name': 'mode', 'type': 'mode_t', 'value': 1152163499}]",0,0
3868.87657,7665,7665,7099,0,4026531840,sshd,ip-10-100-1-57,5,fstat,[],2,0,"[{'name': 'fd', 'type': 'int', 'value': 8}, {'name': 'statbuf', 'type': 'struct stat*', 'value': '0x7FFC98E53080'}]",0,0
3868.876662,7665,7665,7099,0,4026531840,sshd,ip-10-100-1-57,3,close,[],1,0,"[{'name': 'fd', 'type': 'int', 'value': 8}]",0,0
3868.876829,7665,7665,7099,0,4026531840,sshd,ip-10-100-1-57,4,stat,"[139836697384490, 94051155946888]",2,0,"[{'name': 'pathname', 'type': 'const char*', 'value': '/etc/pam.d'}, {'name': 'statbuf', 'type': 'struct stat*', 'value': '0x7FFC98E53950'}]",0,0
3868.876888,7665,7665,7099,0,4026531840,sshd,ip-10-100-1-57,1005,security_file_open,[],4,0,"[{'name': 'pathname', 'type': 'const char*', 'value': '/etc/pam.d/common-session'}, {'name': 'flags', 'type': 'int', 'value': 'O_RDONLY|O_LARGEFILE'}, {'name': 'dev', 'type': 'dev_t', 'value': 211812353}, {'name': 'inode', 'type': 'unsigned long', 'value': 562}]",0,0
3868.877069,7665,7665,7099,0,4026531840,sshd,ip-10-100-1-57,257,openat,[],4,8,"[{'name': 'dirfd', 'type': 'int', 'value': -100}, {'name': 'pathname', 'type': 'const char*', 'value': '/etc/pam.d/common-session'}, {'name': 'flags', 'type': 'int', 'value': 'O_RDONLY'}, {'name': 'mode', 'type': 'mode_t', 'value': 1152163499}]",0,0
3868.877112,7665,7665,7099,0,4026531840,sshd,ip-10-100-1-57,5,fstat,[],2,0,"[{'name': 'fd', 'type': 'int', 'value': 8}, {'name': 'statbuf', 'type': 'struct stat*', 'value': '0x7FFC98E53080'}]",0,0
3868.877198,7665,7665,7099,0,4026531840,sshd,ip-10-100-1-57,3,close,[],1,0,"[{'name': 'fd', 'type': 'int', 'value': 8}]",0,0
3868.877283,7665,7665,7099,0,4026531840,sshd,ip-10-100-1-57,3,close,[],1,0,"[{'name': 'fd', 'type': 'int', 'value': 5}]",0,0
3868.877446,7665,7665,7099,0,4026531840,sshd,ip-10-100-1-57,51,getsockname,[],3,0,"[{'name': 'sockfd', 'type': 'int', 'value': 4}, {'name': 'addr', 'type': 'void*', 'value': ""{'sa_family': 'AF_INET','sin_port': '22','sin_addr': '10.100.1.57'}""}, {'name': 'addrlen', 'type': 'int*', 'value': '0x7FFC98E53A9C'}]",0,0
3868.879815,7665,7665,7099,0,4026531840,sshd,ip-10-100-1-57,1005,security_file_open,[],4,0,"[{'name': 'pathname', 'type': 'const char*', 'value': '/etc/login.defs'}, {'name': 'flags', 'type': 'int', 'value': 'O_RDONLY|O_LARGEFILE'}, {'name': 'dev', 'type': 'dev_t', 'value': 211812353}, {'name': 'inode', 'type': 'unsigned long', 'value': 584}]",0,0
3868.879911,7665,7665,7099,0,4026531840,sshd,ip-10-100-1-57,257,openat,[],4,5,"[{'name': 'dirfd', 'type': 'int', 'value': -100}, {'name': 'pathname', 'type': 'const char*', 'value': '/etc/login.defs'}, {'name': 'flags', 'type': 'int', 'value': 'O_RDONLY'}, {'name': 'mode', 'type': 'mode_t', 'value': 1152163499}]",0,0
3868.879951,7665,7665,7099,0,4026531840,sshd,ip-10-100-1-57,5,fstat,[],2,0,"[{'name': 'fd', 'type': 'int', 'value': 5}, {'name': 'statbuf', 'type': 'struct stat*', 'value': '0x7FFC98E53BC0'}]",0,0
3868.880018,7665,7665,7099,0,4026531840,sshd,ip-10-100-1-57,3,close,[],1,0,"[{'name': 'fd', 'type': 'int', 'value': 5}]",0,0
3868.88017,7665,7665,7099,0,4026531840,sshd,ip-10-100-1-57,4,stat,"[139836697384490, 139836698282976]",2,-2,"[{'name': 'pathname', 'type': 'const char*', 'value': '/etc/securetty'}, {'name': 'statbuf', 'type': 'struct stat*', 'value': '0x7FFC98E53B00'}]",0,0
3868.880271,7665,7665,7099,0,4026531840,sshd,ip-10-100-1-57,1005,security_file_open,[139836697409116],4,0,"[{'name': 'pathname', 'type': 'const char*', 'value': '/usr/share/zoneinfo/Etc/UTC'}, {'name': 'flags', 'type': 'int', 'value': 'O_RDONLY|O_LARGEFILE'}, {'name': 'dev', 'type': 'dev_t', 'value': 211812353}, {'name': 'inode', 'type': 'unsigned long', 'value': 30883}]",0,0
3868.880463,7665,7665,7099,0,4026531840,sshd,ip-10-100-1-57,257,openat,[],4,5,"[{'name': 'dirfd', 'type': 'int', 'value': -100}, {'name': 'pathname', 'type': 'const char*', 'value': '/etc/localtime'}, {'name': 'flags', 'type': 'int', 'value': 'O_RDONLY|O_CLOEXEC'}, {'name': 'mode', 'type': 'mode_t', 'value': 1152185948}]",0,0
3868.880507,7665,7665,7099,0,4026531840,sshd,ip-10-100-1-57,5,fstat,[],2,0,"[{'name': 'fd', 'type': 'int', 'value': 5}, {'name': 'statbuf', 'type': 'struct stat*', 'value': '0x7FFC98E53690'}]",0,0
3868.880539,7665,7665,7099,0,4026531840,sshd,ip-10-100-1-57,5,fstat,[],2,0,"[{'name': 'fd', 'type': 'int', 'value': 5}, {'name': 'statbuf', 'type': 'struct stat*', 'value': '0x7FFC98E534C0'}]",0,0
3868.880866,7665,7665,7099,0,4026531840,sshd,ip-10-100-1-57,41,socket,[139836697463051],3,5,"[{'name': 'domain', 'type': 'int', 'value': 'AF_UNIX'}, {'name': 'type', 'type': 'const char*', 'value': 'SOCK_DGRAM|SOCK_CLOEXEC'}, {'name': 'protocol', 'type': 'int', 'value': 0}]",0,0
3868.880942,7665,7665,7099,0,4026531840,sshd,ip-10-100-1-57,42,connect,[],3,0,"[{'name': 'sockfd', 'type': 'int', 'value': 5}, {'name': 'addr', 'type': 'struct sockaddr*', 'value': ""{'sa_family': 'AF_UNIX','sun_path': '/dev/log'}""}, {'name': 'addrlen', 'type': 'int*', 'value': 110}]",0,0
3868.880629,7665,7665,7099,0,4026531840,sshd,ip-10-100-1-57,3,close,[],1,0,"[{'name': 'fd', 'type': 'int', 'value': 5}]",0,0
3868.886943,7665,7665,7099,0,4026531840,sshd,ip-10-100-1-57,1005,security_file_open,[139836697409116],4,0,"[{'name': 'pathname', 'type': 'const char*', 'value': '/etc/passwd'}, {'name': 'flags', 'type': 'int', 'value': 'O_RDONLY|O_LARGEFILE'}, {'name': 'dev', 'type': 'dev_t', 'value': 211812353}, {'name': 'inode', 'type': 'unsigned long', 'value': 61241}]",0,0
3868.887016,7665,7665,7099,0,4026531840,sshd,ip-10-100-1-57,257,openat,[],4,8,"[{'name': 'dirfd', 'type': 'int', 'value': -100}, {'name': 'pathname', 'type': 'const char*', 'value': '/etc/passwd'}, {'name': 'flags', 'type': 'int', 'value': 'O_RDONLY|O_CLOEXEC'}, {'name': 'mode', 'type': 'mode_t', 'value': 1152185948}]",0,0
3868.887057,7665,7665,7099,0,4026531840,sshd,ip-10-100-1-57,5,fstat,[],2,0,"[{'name': 'fd', 'type': 'int', 'value': 8}, {'name': 'statbuf', 'type': 'struct stat*', 'value': '0x7FFC98E53A50'}]",0,0
3868.8871,7665,7665,7099,0,4026531840,sshd,ip-10-100-1-57,3,close,[],1,0,"[{'name': 'fd', 'type': 'int', 'value': 8}]",0,0
3868.887217,7665,7665,7099,0,4026531840,sshd,ip-10-100-1-57,1005,security_file_open,[],4,0,"[{'name': 'pathname', 'type': 'const char*', 'value': '/etc/shadow'}, {'name': 'flags', 'type': 'int', 'value': 'O_RDONLY|O_LARGEFILE'}, {'name': 'dev', 'type': 'dev_t', 'value': 211812353}, {'name': 'inode', 'type': 'unsigned long', 'value': 61093}]",0,0
3868.887806,7665,7665,7099,0,4026531840,sshd,ip-10-100-1-57,257,openat,[139836697409116],4,8,"[{'name': 'dirfd', 'type': 'int', 'value': -100}, {'name': 'pathname', 'type': 'const char*', 'value': '/etc/shadow'}, {'name': 'flags', 'type': 'int', 'value': 'O_RDONLY|O_CLOEXEC'}, {'name': 'mode', 'type': 'mode_t', 'value': 1152185948}]",0,0
3868.887873,7665,7665,7099,0,4026531840,sshd,ip-10-100-1-57,5,fstat,[],2,0,"[{'name': 'fd', 'type': 'int', 'value': 8}, {'name': 'statbuf', 'type': 'struct stat*', 'value': '0x7FFC98E53A50'}]",0,0
3868.887929,7665,7665,7099,0,4026531840,sshd,ip-10-100-1-57,3,close,[],1,0,"[{'name': 'fd', 'type': 'int', 'value': 8}]",0,0
3868.888126,7665,7665,7099,0,4026531840,sshd,ip-10-100-1-57,1005,security_file_open,[],4,0,"[{'name': 'pathname', 'type': 'const char*', 'value': '/etc/passwd'}, {'name': 'flags', 'type': 'int', 'value': 'O_RDONLY|O_LARGEFILE'}, {'name': 'dev', 'type': 'dev_t', 'value': 211812353}, {'name': 'inode', 'type': 'unsigned long', 'value': 61241}]",0,0
3868.888693,7665,7665,7099,0,4026531840,sshd,ip-10-100-1-57,5,fstat,[],2,0,"[{'name': 'fd', 'type': 'int', 'value': 8}, {'name': 'statbuf', 'type': 'struct stat*', 'value': '0x7FFC98E53A10'}]",0,0
3868.888879,7665,7665,7099,0,4026531840,sshd,ip-10-100-1-57,3,close,[],1,0,"[{'name': 'fd', 'type': 'int', 'value': 8}]",0,0
3868.889368,7665,7665,7099,0,4026531840,sshd,ip-10-100-1-57,1005,security_file_open,[139836697409116],4,0,"[{'name': 'pathname', 'type': 'const char*', 'value': '/etc/shadow'}, {'name': 'flags', 'type': 'int', 'value': 'O_RDONLY|O_LARGEFILE'}, {'name': 'dev', 'type': 'dev_t', 'value': 211812353}, {'name': 'inode', 'type': 'unsigned long', 'value': 61093}]",0,0
3868.888616,7665,7665,7099,0,4026531840,sshd,ip-10-100-1-57,257,openat,[139836697409116],4,8,"[{'name': 'dirfd', 'type': 'int', 'value': -100}, {'name': 'pathname', 'type': 'const char*', 'value': '/etc/passwd'}, {'name': 'flags', 'type': 'int', 'value': 'O_RDONLY|O_CLOEXEC'}, {'name': 'mode', 'type': 'mode_t', 'value': 1152185948}]",0,0
3868.889444,7665,7665,7099,0,4026531840,sshd,ip-10-100-1-57,257,openat,[],4,8,"[{'name': 'dirfd', 'type': 'int', 'value': -100}, {'name': 'pathname', 'type': 'const char*', 'value': '/etc/shadow'}, {'name': 'flags', 'type': 'int', 'value': 'O_RDONLY|O_CLOEXEC'}, {'name': 'mode', 'type': 'mode_t', 'value': 1152185948}]",0,0
3868.889623,7665,7665,7099,0,4026531840,sshd,ip-10-100-1-57,5,fstat,[],2,0,"[{'name': 'fd', 'type': 'int', 'value': 8}, {'name': 'statbuf', 'type': 'struct stat*', 'value': '0x7FFC98E53A10'}]",0,0
3868.889701,7665,7665,7099,0,4026531840,sshd,ip-10-100-1-57,3,close,[],1,0,"[{'name': 'fd', 'type': 'int', 'value': 8}]",0,0
3868.889744,7665,7665,7099,0,4026531840,sshd,ip-10-100-1-57,4,stat,"[139836697384490, 139836698282976]",2,-2,"[{'name': 'pathname', 'type': 'const char*', 'value': '/etc/securetty'}, {'name': 'statbuf', 'type': 'struct stat*', 'value': '0x7FFC98E53A70'}]",0,0
3868.890267,7665,7665,7099,0,4026531840,sshd,ip-10-100-1-57,1005,security_file_open,[],4,0,"[{'name': 'pathname', 'type': 'const char*', 'value': '/etc/passwd'}, {'name': 'flags', 'type': 'int', 'value': 'O_RDONLY|O_LARGEFILE'}, {'name': 'dev', 'type': 'dev_t', 'value': 211812353}, {'name': 'inode', 'type': 'unsigned long', 'value': 61241}]",0,0
3868.890981,7665,7665,7099,0,4026531840,sshd,ip-10-100-1-57,257,openat,[139836697409116],4,8,"[{'name': 'dirfd', 'type': 'int', 'value': -100}, {'name': 'pathname', 'type': 'const char*', 'value': '/etc/passwd'}, {'name': 'flags', 'type': 'int', 'value': 'O_RDONLY|O_CLOEXEC'}, {'name': 'mode', 'type': 'mode_t', 'value': 1152185948}]",0,0
3868.891049,7665,7665,7099,0,4026531840,sshd,ip-10-100-1-57,5,fstat,[],2,0,"[{'name': 'fd', 'type': 'int', 'value': 8}, {'name': 'statbuf', 'type': 'struct stat*', 'value': '0x7FFC98E539C0'}]",0,0
3868.891147,7665,7665,7099,0,4026531840,sshd,ip-10-100-1-57,3,close,[],1,0,"[{'name': 'fd', 'type': 'int', 'value': 8}]",0,0
3868.891318,7665,7665,7099,0,4026531840,sshd,ip-10-100-1-57,1005,security_file_open,[],4,0,"[{'name': 'pathname', 'type': 'const char*', 'value': '/etc/shadow'}, {'name': 'flags', 'type': 'int', 'value': 'O_RDONLY|O_LARGEFILE'}, {'name': 'dev', 'type': 'dev_t', 'value': 211812353}, {'name': 'inode', 'type': 'unsigned long', 'value': 61093}]",0,0
3868.891456,7665,7665,7099,0,4026531840,sshd,ip-10-100-1-57,257,openat,[],4,8,"[{'name': 'dirfd', 'type': 'int', 'value': -100}, {'name': 'pathname', 'type': 'const char*', 'value': '/etc/shadow'}, {'name': 'flags', 'type': 'int', 'value': 'O_RDONLY|O_CLOEXEC'}, {'name': 'mode', 'type': 'mode_t', 'value': 1152185948}]",0,0
3868.891518,7665,7665,7099,0,4026531840,sshd,ip-10-100-1-57,5,fstat,[],2,0,"[{'name': 'fd', 'type': 'int', 'value': 8}, {'name': 'statbuf', 'type': 'struct stat*', 'value': '0x7FFC98E539C0'}]",0,0
3868.891717,7665,7665,7099,0,4026531840,sshd,ip-10-100-1-57,3,close,[],1,0,"[{'name': 'fd', 'type': 'int', 'value': 8}]",0,0
3868.892268,7665,7665,7099,0,4026531840,sshd,ip-10-100-1-57,21,access,[],2,-2,"[{'name': 'pathname', 'type': 'const char*', 'value': '/var/run/utmpx'}, {'name': 'mode', 'type': 'mode_t', 'value': 'F_OK'}]",0,0
3868.892332,7665,7665,7099,0,4026531840,sshd,ip-10-100-1-57,1005,security_file_open,[],4,0,"[{'name': 'pathname', 'type': 'const char*', 'value': '/run/utmp'}, {'name': 'flags', 'type': 'int', 'value': 'O_RDONLY|O_LARGEFILE'}, {'name': 'dev', 'type': 'dev_t', 'value': 25}, {'name': 'inode', 'type': 'unsigned long', 'value': 348}]",0,0
3868.892655,7665,7665,7099,0,4026531840,sshd,ip-10-100-1-57,3,close,"[139836697408683, 1, 82]",1,0,"[{'name': 'fd', 'type': 'int', 'value': 8}]",0,0
3868.892509,7665,7665,7099,0,4026531840,sshd,ip-10-100-1-57,257,openat,[],4,8,"[{'name': 'dirfd', 'type': 'int', 'value': -100}, {'name': 'pathname', 'type': 'const char*', 'value': '/var/run/utmp'}, {'name': 'flags', 'type': 'int', 'value': 'O_RDONLY|O_CLOEXEC'}, {'name': 'mode', 'type': 'mode_t', 'value': 1152185948}]",0,0
3868.894166,7665,7665,7099,0,4026531840,sshd,ip-10-100-1-57,1005,security_file_open,[139836697409116],4,0,"[{'name': 'pathname', 'type': 'const char*', 'value': '/etc/passwd'}, {'name': 'flags', 'type': 'int', 'value': 'O_RDONLY|O_LARGEFILE'}, {'name': 'dev', 'type': 'dev_t', 'value': 211812353}, {'name': 'inode', 'type': 'unsigned long', 'value': 61241}]",0,0
3868.894684,7665,7665,7099,0,4026531840,sshd,ip-10-100-1-57,257,openat,[139836697409116],4,8,"[{'name': 'dirfd', 'type': 'int', 'value': -100}, {'name': 'pathname', 'type': 'const char*', 'value': '/etc/passwd'}, {'name': 'flags', 'type': 'int', 'value': 'O_RDONLY|O_CLOEXEC'}, {'name': 'mode', 'type': 'mode_t', 'value': 1152185948}]",0,0
3868.895016,7665,7665,7099,0,4026531840,sshd,ip-10-100-1-57,5,fstat,[],2,0,"[{'name': 'fd', 'type': 'int', 'value': 8}, {'name': 'statbuf', 'type': 'struct stat*', 'value': '0x7FFC98E53AB0'}]",0,0
3868.895354,7665,7665,7099,0,4026531840,sshd,ip-10-100-1-57,3,close,[],1,0,"[{'name': 'fd', 'type': 'int', 'value': 8}]",0,0
3868.896179,7665,7665,7099,0,4026531840,sshd,ip-10-100-1-57,1005,security_file_open,[139836697409116],4,0,"[{'name': 'pathname', 'type': 'const char*', 'value': '/etc/passwd'}, {'name': 'flags', 'type': 'int', 'value': 'O_RDONLY|O_LARGEFILE'}, {'name': 'dev', 'type': 'dev_t', 'value': 211812353}, {'name': 'inode', 'type': 'unsigned long', 'value': 61241}]",0,0
3868.896246,7665,7665,7099,0,4026531840,sshd,ip-10-100-1-57,257,openat,[],4,8,"[{'name': 'dirfd', 'type': 'int', 'value': -100}, {'name': 'pathname', 'type': 'const char*', 'value': '/etc/passwd'}, {'name': 'flags', 'type': 'int', 'value': 'O_RDONLY|O_CLOEXEC'}, {'name': 'mode', 'type': 'mode_t', 'value': 1152185948}]",0,0
3868.896327,7665,7665,7099,0,4026531840,sshd,ip-10-100-1-57,5,fstat,[],2,0,"[{'name': 'fd', 'type': 'int', 'value': 8}, {'name': 'statbuf', 'type': 'struct stat*', 'value': '0x7FFC98E53AB0'}]",0,0
3868.896487,7665,7665,7099,0,4026531840,sshd,ip-10-100-1-57,3,close,[],1,0,"[{'name': 'fd', 'type': 'int', 'value': 8}]",0,0
3868.897558,7665,7665,7099,0,4026531840,sshd,ip-10-100-1-57,1005,security_file_open,[139836697409116],4,0,"[{'name': 'pathname', 'type': 'const char*', 'value': '/etc/passwd'}, {'name': 'flags', 'type': 'int', 'value': 'O_RDONLY|O_LARGEFILE'}, {'name': 'dev', 'type': 'dev_t', 'value': 211812353}, {'name': 'inode', 'type': 'unsigned long', 'value': 61241}]",0,0
3868.897839,7665,7665,7099,0,4026531840,sshd,ip-10-100-1-57,257,openat,[139836697409116],4,8,"[{'name': 'dirfd', 'type': 'int', 'value': -100}, {'name': 'pathname', 'type': 'const char*', 'value': '/etc/passwd'}, {'name': 'flags', 'type': 'int', 'value': 'O_RDONLY|O_CLOEXEC'}, {'name': 'mode', 'type': 'mode_t', 'value': 1152185948}]",0,0
3868.898344,7665,7665,7099,0,4026531840,sshd,ip-10-100-1-57,3,close,[],1,0,"[{'name': 'fd', 'type': 'int', 'value': 8}]",0,0
3868.898276,7665,7665,7099,0,4026531840,sshd,ip-10-100-1-57,5,fstat,[],2,0,"[{'name': 'fd', 'type': 'int', 'value': 8}, {'name': 'statbuf', 'type': 'struct stat*', 'value': '0x7FFC98E53AB0'}]",0,0
3868.899398,7665,7665,7099,0,4026531840,sshd,ip-10-100-1-57,1005,security_file_open,[139836697409116],4,0,"[{'name': 'pathname', 'type': 'const char*', 'value': '/etc/passwd'}, {'name': 'flags', 'type': 'int', 'value': 'O_RDONLY|O_LARGEFILE'}, {'name': 'dev', 'type': 'dev_t', 'value': 211812353}, {'name': 'inode', 'type': 'unsigned long', 'value': 61241}]",0,0
3868.899904,7665,7665,7099,0,4026531840,sshd,ip-10-100-1-57,257,openat,[139836697409116],4,8,"[{'name': 'dirfd', 'type': 'int', 'value': -100}, {'name': 'pathname', 'type': 'const char*', 'value': '/etc/passwd'}, {'name': 'flags', 'type': 'int', 'value': 'O_RDONLY|O_CLOEXEC'}, {'name': 'mode', 'type': 'mode_t', 'value': 1152185948}]",0,0
3868.899971,7665,7665,7099,0,4026531840,sshd,ip-10-100-1-57,5,fstat,[],2,0,"[{'name': 'fd', 'type': 'int', 'value': 8}, {'name': 'statbuf', 'type': 'struct stat*', 'value': '0x7FFC98E53AB0'}]",0,0
3868.900038,7665,7665,7099,0,4026531840,sshd,ip-10-100-1-57,3,close,[],1,0,"[{'name': 'fd', 'type': 'int', 'value': 8}]",0,0
3868.90112,7665,7665,7099,0,4026531840,sshd,ip-10-100-1-57,41,socket,"[139836697463051, 2, 82]",3,8,"[{'name': 'domain', 'type': 'int', 'value': 'AF_NETLINK'}, {'name': 'type', 'type': 'const char*', 'value': 'SOCK_RAW'}, {'name': 'protocol', 'type': 'int', 'value': 9}]",0,0
3868.901213,7665,7665,7099,0,4026531840,sshd,ip-10-100-1-57,41,socket,[],3,9,"[{'name': 'domain', 'type': 'int', 'value': 'AF_NETLINK'}, {'name': 'type', 'type': 'const char*', 'value': 'SOCK_RAW|SOCK_CLOEXEC'}, {'name': 'protocol', 'type': 'int', 'value': 0}]",0,0
3868.901256,7665,7665,7099,0,4026531840,sshd,ip-10-100-1-57,49,bind,[],3,0,"[{'name': 'sockfd', 'type': 'int', 'value': 9}, {'name': 'addr', 'type': 'void*', 'value': ""{'sa_family': 'AF_NETLINK'}""}, {'name': 'addrlen', 'type': 'int*', 'value': 12}]",0,0
3868.901327,7665,7665,7099,0,4026531840,sshd,ip-10-100-1-57,51,getsockname,[],3,0,"[{'name': 'sockfd', 'type': 'int', 'value': 9}, {'name': 'addr', 'type': 'void*', 'value': ""{'sa_family': 'AF_NETLINK'}""}, {'name': 'addrlen', 'type': 'int*', 'value': '0x7FFC98E51264'}]",0,0
3868.901986,7665,7665,7099,0,4026531840,sshd,ip-10-100-1-57,3,close,[],1,0,"[{'name': 'fd', 'type': 'int', 'value': 9}]",0,0
3868.902128,7665,7665,7099,0,4026531840,sshd,ip-10-100-1-57,1003,cap_capable,[139836697462762],1,0,"[{'name': 'cap', 'type': 'int', 'value': 'CAP_AUDIT_WRITE'}]",0,0
3868.902636,7665,7665,7099,0,4026531840,sshd,ip-10-100-1-57,3,close,[],1,0,"[{'name': 'fd', 'type': 'int', 'value': 8}]",0,0
3871.299149,7665,7665,7099,0,4026531840,sshd,ip-10-100-1-57,3,close,[],1,0,"[{'name': 'fd', 'type': 'int', 'value': 5}]",0,0
3871.299952,7665,7665,7099,0,4026531840,sshd,ip-10-100-1-57,1005,security_file_open,[],4,0,"[{'name': 'pathname', 'type': 'const char*', 'value': '/var/log/btmp'}, {'name': 'flags', 'type': 'int', 'value': 'O_WRONLY|O_APPEND|O_LARGEFILE'}, {'name': 'dev', 'type': 'dev_t', 'value': 211812353}, {'name': 'inode', 'type': 'unsigned long', 'value': 70285}]",0,0
3871.30008,7665,7665,7099,0,4026531840,sshd,ip-10-100-1-57,257,openat,[],4,5,"[{'name': 'dirfd', 'type': 'int', 'value': -100}, {'name': 'pathname', 'type': 'const char*', 'value': '/var/log/btmp'}, {'name': 'flags', 'type': 'int', 'value': 'O_WRONLY|O_APPEND'}, {'name': 'mode', 'type': 'mode_t', 'value': 1152163499}]",0,0
3871.300114,7665,7665,7099,0,4026531840,sshd,ip-10-100-1-57,5,fstat,"[139836697384585, 94051155876784]",2,0,"[{'name': 'fd', 'type': 'int', 'value': 5}, {'name': 'statbuf', 'type': 'struct stat*', 'value': '0x7FFC98E53D40'}]",0,0
3871.300185,7665,7665,7099,0,4026531840,sshd,ip-10-100-1-57,3,close,[],1,0,"[{'name': 'fd', 'type': 'int', 'value': 5}]",0,0
3871.300453,7665,7665,7099,0,4026531840,sshd,ip-10-100-1-57,41,socket,[139836697463051],3,5,"[{'name': 'domain', 'type': 'int', 'value': 'AF_NETLINK'}, {'name': 'type', 'type': 'const char*', 'value': 'SOCK_RAW'}, {'name': 'protocol', 'type': 'int', 'value': 9}]",0,0
3871.300589,7665,7665,7099,0,4026531840,sshd,ip-10-100-1-57,1003,cap_capable,[139836697462762],1,0,"[{'name': 'cap', 'type': 'int', 'value': 'CAP_AUDIT_WRITE'}]",0,0
3871.300721,7665,7665,7099,0,4026531840,sshd,ip-10-100-1-57,3,close,"[139836697389447, 139836697965760]",1,0,"[{'name': 'fd', 'type': 'int', 'value': 5}]",0,0
3872.564078,7666,7666,7665,109,4026531840,sshd,ip-10-100-1-57,1010,sched_process_exit,[],0,0,[],0,0
3872.564386,7665,7665,7099,0,4026531840,sshd,ip-10-100-1-57,41,socket,[139836697463051],3,5,"[{'name': 'domain', 'type': 'int', 'value': 'AF_UNIX'}, {'name': 'type', 'type': 'const char*', 'value': 'SOCK_DGRAM|SOCK_CLOEXEC'}, {'name': 'protocol', 'type': 'int', 'value': 0}]",0,0
3872.564534,7665,7665,7099,0,4026531840,sshd,ip-10-100-1-57,42,connect,[],3,0,"[{'name': 'sockfd', 'type': 'int', 'value': 5}, {'name': 'addr', 'type': 'struct sockaddr*', 'value': ""{'sa_family': 'AF_UNIX','sun_path': '/dev/log'}""}, {'name': 'addrlen', 'type': 'int*', 'value': 110}]",0,0
3872.564602,7665,7665,7099,0,4026531840,sshd,ip-10-100-1-57,3,close,"[139836697389447, 94051149386232, 94051155946528, 7234318571485226322]",1,0,"[{'name': 'fd', 'type': 'int', 'value': 5}]",0,0
3872.565826,7665,7665,7099,0,4026531840,sshd,ip-10-100-1-57,41,socket,[139836697463051],3,5,"[{'name': 'domain', 'type': 'int', 'value': 'AF_UNIX'}, {'name': 'type', 'type': 'const char*', 'value': 'SOCK_DGRAM|SOCK_CLOEXEC'}, {'name': 'protocol', 'type': 'int', 'value': 0}]",0,0
3872.565963,7665,7665,7099,0,4026531840,sshd,ip-10-100-1-57,42,connect,[],3,0,"[{'name': 'sockfd', 'type': 'int', 'value': 5}, {'name': 'addr', 'type': 'struct sockaddr*', 'value': ""{'sa_family': 'AF_UNIX','sun_path': '/dev/log'}""}, {'name': 'addrlen', 'type': 'int*', 'value': 110}]",0,0
3872.566064,7665,7665,7099,0,4026531840,sshd,ip-10-100-1-57,3,close,[],1,0,"[{'name': 'fd', 'type': 'int', 'value': 5}]",0,0
3872.566141,7665,7665,7099,0,4026531840,sshd,ip-10-100-1-57,3,close,[],1,0,"[{'name': 'fd', 'type': 'int', 'value': 7}]",0,0
3872.567104,7665,7665,7099,0,4026531840,sshd,ip-10-100-1-57,62,kill,[],2,0,"[{'name': 'pid', 'type': 'pid_t', 'value': 7666}, {'name': 'sig', 'type': 'u32', 'value': 9}]",0,0
3872.567075,7665,7665,7099,0,4026531840,sshd,ip-10-100-1-57,1003,cap_capable,[],1,0,"[{'name': 'cap', 'type': 'int', 'value': 'CAP_KILL'}]",0,0
3872.568942,7665,7665,7099,0,4026531840,sshd,ip-10-100-1-57,1010,sched_process_exit,[],0,0,[],0,0
3872.569119,7099,7099,1,0,4026531840,sshd,ip-10-100-1-57,3,close,[],1,0,"[{'name': 'fd', 'type': 'int', 'value': 6}]",0,0
3875.955528,7099,7099,1,0,4026531840,sshd,ip-10-100-1-57,43,accept,[],3,5,"[{'name': 'sockfd', 'type': 'int', 'value': 3}, {'name': 'addr', 'type': 'void*', 'value': ""{'sin_port': '25111','sin_addr': '60.191.29.210','sa_family': 'AF_INET'}""}, {'name': 'addrlen', 'type': 'int*', 'value': '0x7FFF352DF788'}]",0,0
3875.956327,7099,7099,1,0,4026531840,sshd,ip-10-100-1-57,56,clone,[],5,7667,"[{'name': 'flags', 'type': 'unsigned int', 'value': 'CLONE_CHILD_CLEARTID|CLONE_CHILD_SETTID'}, {'name': 'stack', 'type': 'void*', 'value': '0x0'}, {'name': 'parent_tid', 'type': 'int*', 'value': '0x0'}, {'name': 'child_tid', 'type': 'int*', 'value': '0x7F22CC7790BF'}, {'name': 'tls', 'type': 'unsigned long', 'value': 0}]",0,0
3875.956484,7099,7099,1,0,4026531840,sshd,ip-10-100-1-57,3,close,[],1,0,"[{'name': 'fd', 'type': 'int', 'value': 7}]",0,0
3875.95666,7099,7099,1,0,4026531840,sshd,ip-10-100-1-57,3,close,[],1,0,"[{'name': 'fd', 'type': 'int', 'value': 8}]",0,0
3875.956704,7099,7099,1,0,4026531840,sshd,ip-10-100-1-57,3,close,[],1,0,"[{'name': 'fd', 'type': 'int', 'value': 9}]",0,0
3875.956819,7099,7099,1,0,4026531840,sshd,ip-10-100-1-57,3,close,[],1,0,"[{'name': 'fd', 'type': 'int', 'value': 5}]",0,0
3875.957252,7667,7667,7099,0,4026531840,sshd,ip-10-100-1-57,1005,security_file_open,[],4,0,"[{'name': 'pathname', 'type': 'const char*', 'value': '/proc/7667/oom_score_adj'}, {'name': 'flags', 'type': 'int', 'value': 'O_WRONLY|O_CREAT|O_TRUNC|O_LARGEFILE'}, {'name': 'dev', 'type': 'dev_t', 'value': 5}, {'name': 'inode', 'type': 'unsigned long', 'value': 48427}]",0,0
3875.957354,7667,7667,7099,0,4026531840,sshd,ip-10-100-1-57,257,openat,[],4,10,"[{'name': 'dirfd', 'type': 'int', 'value': -100}, {'name': 'pathname', 'type': 'const char*', 'value': '/proc/self/oom_score_adj'}, {'name': 'flags', 'type': 'int', 'value': 'O_WRONLY|O_CREAT|O_TRUNC'}, {'name': 'mode', 'type': 'mode_t', 'value': 3430563499}]",0,0
3875.957408,7667,7667,7099,0,4026531840,sshd,ip-10-100-1-57,5,fstat,[],2,0,"[{'name': 'fd', 'type': 'int', 'value': 10}, {'name': 'statbuf', 'type': 'struct stat*', 'value': '0x7FFF352DEF60'}]",0,0
3875.957468,7667,7667,7099,0,4026531840,sshd,ip-10-100-1-57,3,close,[],1,0,"[{'name': 'fd', 'type': 'int', 'value': 10}]",0,0
3875.957538,7667,7667,7099,0,4026531840,sshd,ip-10-100-1-57,3,close,[],1,0,"[{'name': 'fd', 'type': 'int', 'value': 6}]",0,0
3875.957573,7667,7667,7099,0,4026531840,sshd,ip-10-100-1-57,3,close,[],1,0,"[{'name': 'fd', 'type': 'int', 'value': 3}]",0,0
3875.957604,7667,7667,7099,0,4026531840,sshd,ip-10-100-1-57,3,close,[],1,0,"[{'name': 'fd', 'type': 'int', 'value': 4}]",0,0
3875.957645,7667,7667,7099,0,4026531840,sshd,ip-10-100-1-57,3,close,[],1,0,"[{'name': 'fd', 'type': 'int', 'value': 8}]",0,0
3875.957747,7667,7667,7099,0,4026531840,sshd,ip-10-100-1-57,33,dup2,[139787436182075],2,0,"[{'name': 'oldfd', 'type': 'int', 'value': 5}, {'name': 'newfd', 'type': 'int', 'value': 0}]",0,0
3875.957786,7667,7667,7099,0,4026531840,sshd,ip-10-100-1-57,33,dup2,[],2,1,"[{'name': 'oldfd', 'type': 'int', 'value': 0}, {'name': 'newfd', 'type': 'int', 'value': 1}]",0,0
3875.957818,7667,7667,7099,0,4026531840,sshd,ip-10-100-1-57,33,dup2,[139787436182075],2,4,"[{'name': 'oldfd', 'type': 'int', 'value': 7}, {'name': 'newfd', 'type': 'int', 'value': 4}]",0,0
3875.957869,7667,7667,7099,0,4026531840,sshd,ip-10-100-1-57,3,close,[],1,0,"[{'name': 'fd', 'type': 'int', 'value': 7}]",0,0
3875.957902,7667,7667,7099,0,4026531840,sshd,ip-10-100-1-57,33,dup2,[],2,5,"[{'name': 'oldfd', 'type': 'int', 'value': 9}, {'name': 'newfd', 'type': 'int', 'value': 5}]",0,0
3875.957933,7667,7667,7099,0,4026531840,sshd,ip-10-100-1-57,3,close,[],1,0,"[{'name': 'fd', 'type': 'int', 'value': 9}]",0,0
3875.957964,7667,7667,7099,0,4026531840,sshd,ip-10-100-1-57,59,execve,[139787436004091],2,0,"[{'name': 'pathname', 'type': 'const char*', 'value': '/usr/sbin/sshd'}, {'name': 'argv', 'type': 'const char*const*', 'value': ['/usr/sbin/sshd', '-D', '-o', 'AuthorizedKeysCommand /usr/share/ec2-instance-connect/eic_run_authorized_keys %u %f', '-o', 'AuthorizedKeysCommandUser ec2-instance-connect', '-R']}]",0,0
3875.958076,7667,7667,7099,0,4026531840,sshd,ip-10-100-1-57,1004,security_bprm_check,[],3,0,"[{'name': 'pathname', 'type': 'const char*', 'value': '/usr/sbin/sshd'}, {'name': 'dev', 'type': 'dev_t', 'value': 211812353}, {'name': 'inode', 'type': 'unsigned long', 'value': 2833}]",0,0
3875.958862,7667,7667,7099,0,4026531840,sshd,ip-10-100-1-57,21,access,"[140313713540587, 140313713531963, 4748352324462752356]",2,-2,"[{'name': 'pathname', 'type': 'const char*', 'value': '/etc/ld.so.preload'}, {'name': 'mode', 'type': 'mode_t', 'value': 'R_OK'}]",0,0
3875.95894,7667,7667,7099,0,4026531840,sshd,ip-10-100-1-57,1005,security_file_open,"[140313713540952, 140313713457546]",4,0,"[{'name': 'pathname', 'type': 'const char*', 'value': '/etc/ld.so.cache'}, {'name': 'flags', 'type': 'int', 'value': 'O_RDONLY|O_LARGEFILE'}, {'name': 'dev', 'type': 'dev_t', 'value': 211812353}, {'name': 'inode', 'type': 'unsigned long', 'value': 62841}]",0,0
3875.958986,7667,7667,7099,0,4026531840,sshd,ip-10-100-1-57,257,openat,[],4,3,"[{'name': 'dirfd', 'type': 'int', 'value': -100}, {'name': 'pathname', 'type': 'const char*', 'value': '/etc/ld.so.cache'}, {'name': 'flags', 'type': 'int', 'value': 'O_RDONLY|O_CLOEXEC'}, {'name': 'mode', 'type': 'mode_t', 'value': 1426947928}]",0,0
3875.95902,7667,7667,7099,0,4026531840,sshd,ip-10-100-1-57,5,fstat,[],2,0,"[{'name': 'fd', 'type': 'int', 'value': 3}, {'name': 'statbuf', 'type': 'struct stat*', 'value': '0x7FFC12F389A0'}]",0,0
3875.95906,7667,7667,7099,0,4026531840,sshd,ip-10-100-1-57,3,close,[],1,0,"[{'name': 'fd', 'type': 'int', 'value': 3}]",0,0
3875.959126,7667,7667,7099,0,4026531840,sshd,ip-10-100-1-57,1005,security_file_open,[],4,0,"[{'name': 'pathname', 'type': 'const char*', 'value': '/usr/lib/x86_64-linux-gnu/libwrap.so.0.7.6'}, {'name': 'flags', 'type': 'int', 'value': 'O_RDONLY|O_LARGEFILE'}, {'name': 'dev', 'type': 'dev_t', 'value': 211812353}, {'name': 'inode', 'type': 'unsigned long', 'value': 5556}]",0,0
3875.959169,7667,7667,7099,0,4026531840,sshd,ip-10-100-1-57,257,openat,[],4,3,"[{'name': 'dirfd', 'type': 'int', 'value': -100}, {'name': 'pathname', 'type': 'const char*', 'value': '/lib/x86_64-linux-gnu/libwrap.so.0'}, {'name': 'flags', 'type': 'int', 'value': 'O_RDONLY|O_CLOEXEC'}, {'name': 'mode', 'type': 'mode_t', 'value': 1426947928}]",0,0
3875.959208,7667,7667,7099,0,4026531840,sshd,ip-10-100-1-57,5,fstat,"[140313713540393, 140313713456667]",2,0,"[{'name': 'fd', 'type': 'int', 'value': 3}, {'name': 'statbuf', 'type': 'struct stat*', 'value': '0x7FFC12F389F0'}]",0,0
3875.959331,7667,7667,7099,0,4026531840,sshd,ip-10-100-1-57,3,close,"[140313713540635, 140313713456667]",1,0,"[{'name': 'fd', 'type': 'int', 'value': 3}]",0,0
3875.959378,7667,7667,7099,0,4026531840,sshd,ip-10-100-1-57,1005,security_file_open,[],4,0,"[{'name': 'pathname', 'type': 'const char*', 'value': '/usr/lib/x86_64-linux-gnu/libaudit.so.1.0.0'}, {'name': 'flags', 'type': 'int', 'value': 'O_RDONLY|O_LARGEFILE'}, {'name': 'dev', 'type': 'dev_t', 'value': 211812353}, {'name': 'inode', 'type': 'unsigned long', 'value': 3471}]",0,0
3875.959421,7667,7667,7099,0,4026531840,sshd,ip-10-100-1-57,257,openat,[],4,3,"[{'name': 'dirfd', 'type': 'int', 'value': -100}, {'name': 'pathname', 'type': 'const char*', 'value': '/lib/x86_64-linux-gnu/libaudit.so.1'}, {'name': 'flags', 'type': 'int', 'value': 'O_RDONLY|O_CLOEXEC'}, {'name': 'mode', 'type': 'mode_t', 'value': 1426947928}]",0,0
3875.959484,7667,7667,7099,0,4026531840,sshd,ip-10-100-1-57,5,fstat,[],2,0,"[{'name': 'fd', 'type': 'int', 'value': 3}, {'name': 'statbuf', 'type': 'struct stat*', 'value': '0x7FFC12F389D0'}]",0,0
3875.959584,7667,7667,7099,0,4026531840,sshd,ip-10-100-1-57,3,close,[],1,0,"[{'name': 'fd', 'type': 'int', 'value': 3}]",0,0
3875.959654,7667,7667,7099,0,4026531840,sshd,ip-10-100-1-57,1005,security_file_open,[],4,0,"[{'name': 'pathname', 'type': 'const char*', 'value': '/usr/lib/x86_64-linux-gnu/libpam.so.0.84.2'}, {'name': 'flags', 'type': 'int', 'value': 'O_RDONLY|O_LARGEFILE'}, {'name': 'dev', 'type': 'dev_t', 'value': 211812353}, {'name': 'inode', 'type': 'unsigned long', 'value': 4523}]",0,0
3875.959696,7667,7667,7099,0,4026531840,sshd,ip-10-100-1-57,257,openat,[],4,3,"[{'name': 'dirfd', 'type': 'int', 'value': -100}, {'name': 'pathname', 'type': 'const char*', 'value': '/lib/x86_64-linux-gnu/libpam.so.0'}, {'name': 'flags', 'type': 'int', 'value': 'O_RDONLY|O_CLOEXEC'}, {'name': 'mode', 'type': 'mode_t', 'value': 1426947928}]",0,0
3875.959734,7667,7667,7099,0,4026531840,sshd,ip-10-100-1-57,5,fstat,[],2,0,"[{'name': 'fd', 'type': 'int', 'value': 3}, {'name': 'statbuf', 'type': 'struct stat*', 'value': '0x7FFC12F389B0'}]",0,0
3875.959837,7667,7667,7099,0,4026531840,sshd,ip-10-100-1-57,3,close,[],1,0,"[{'name': 'fd', 'type': 'int', 'value': 3}]",0,0
3875.959883,7667,7667,7099,0,4026531840,sshd,ip-10-100-1-57,1005,security_file_open,[],4,0,"[{'name': 'pathname', 'type': 'const char*', 'value': '/usr/lib/x86_64-linux-gnu/libselinux.so.1'}, {'name': 'flags', 'type': 'int', 'value': 'O_RDONLY|O_LARGEFILE'}, {'name': 'dev', 'type': 'dev_t', 'value': 211812353}, {'name': 'inode', 'type': 'unsigned long', 'value': 3814}]",0,0
3875.959925,7667,7667,7099,0,4026531840,sshd,ip-10-100-1-57,257,openat,[],4,3,"[{'name': 'dirfd', 'type': 'int', 'value': -100}, {'name': 'pathname', 'type': 'const char*', 'value': '/lib/x86_64-linux-gnu/libselinux.so.1'}, {'name': 'flags', 'type': 'int', 'value': 'O_RDONLY|O_CLOEXEC'}, {'name': 'mode', 'type': 'mode_t', 'value': 1426947928}]",0,0
3875.959986,7667,7667,7099,0,4026531840,sshd,ip-10-100-1-57,5,fstat,[],2,0,"[{'name': 'fd', 'type': 'int', 'value': 3}, {'name': 'statbuf', 'type': 'struct stat*', 'value': '0x7FFC12F38990'}]",0,0
3875.960084,7667,7667,7099,0,4026531840,sshd,ip-10-100-1-57,3,close,[],1,0,"[{'name': 'fd', 'type': 'int', 'value': 3}]",0,0
3875.960153,7667,7667,7099,0,4026531840,sshd,ip-10-100-1-57,1005,security_file_open,[],4,0,"[{'name': 'pathname', 'type': 'const char*', 'value': '/usr/lib/x86_64-linux-gnu/libsystemd.so.0.28.0'}, {'name': 'flags', 'type': 'int', 'value': 'O_RDONLY|O_LARGEFILE'}, {'name': 'dev', 'type': 'dev_t', 'value': 211812353}, {'name': 'inode', 'type': 'unsigned long', 'value': 4547}]",0,0
3875.960195,7667,7667,7099,0,4026531840,sshd,ip-10-100-1-57,257,openat,[],4,3,"[{'name': 'dirfd', 'type': 'int', 'value': -100}, {'name': 'pathname', 'type': 'const char*', 'value': '/lib/x86_64-linux-gnu/libsystemd.so.0'}, {'name': 'flags', 'type': 'int', 'value': 'O_RDONLY|O_CLOEXEC'}, {'name': 'mode', 'type': 'mode_t', 'value': 1426947928}]",0,0
3875.960233,7667,7667,7099,0,4026531840,sshd,ip-10-100-1-57,5,fstat,[],2,0,"[{'name': 'fd', 'type': 'int', 'value': 3}, {'name': 'statbuf', 'type': 'struct stat*', 'value': '0x7FFC12F38970'}]",0,0
3875.96035,7667,7667,7099,0,4026531840,sshd,ip-10-100-1-57,3,close,[],1,0,"[{'name': 'fd', 'type': 'int', 'value': 3}]",0,0
3875.960399,7667,7667,7099,0,4026531840,sshd,ip-10-100-1-57,1005,security_file_open,[],4,0,"[{'name': 'pathname', 'type': 'const char*', 'value': '/usr/lib/x86_64-linux-gnu/libcrypto.so.1.1'}, {'name': 'flags', 'type': 'int', 'value': 'O_RDONLY|O_LARGEFILE'}, {'name': 'dev', 'type': 'dev_t', 'value': 211812353}, {'name': 'inode', 'type': 'unsigned long', 'value': 4567}]",0,0
3875.962612,7667,7667,7099,0,4026531840,sshd,ip-10-100-1-57,257,openat,[],4,3,"[{'name': 'dirfd', 'type': 'int', 'value': -100}, {'name': 'pathname', 'type': 'const char*', 'value': '/lib/x86_64-linux-gnu/libcrypto.so.1.1'}, {'name': 'flags', 'type': 'int', 'value': 'O_RDONLY|O_CLOEXEC'}, {'name': 'mode', 'type': 'mode_t', 'value': 1426947928}]",0,0
3875.964341,7667,7667,7099,0,4026531840,sshd,ip-10-100-1-57,5,fstat,"[140313713540393, 140313713456667]",2,0,"[{'name': 'fd', 'type': 'int', 'value': 3}, {'name': 'statbuf', 'type': 'struct stat*', 'value': '0x7FFC12F38950'}]",0,0
3875.965202,7667,7667,7099,0,4026531840,sshd,ip-10-100-1-57,3,close,"[140313713540635, 140313713456667]",1,0,"[{'name': 'fd', 'type': 'int', 'value': 3}]",0,0
3875.966241,7667,7667,7099,0,4026531840,sshd,ip-10-100-1-57,1005,security_file_open,[],4,0,"[{'name': 'pathname', 'type': 'const char*', 'value': '/usr/lib/x86_64-linux-gnu/libutil-2.31.so'}, {'name': 'flags', 'type': 'int', 'value': 'O_RDONLY|O_LARGEFILE'}, {'name': 'dev', 'type': 'dev_t', 'value': 211812353}, {'name': 'inode', 'type': 'unsigned long', 'value': 3446}]",0,0
3875.966857,7667,7667,7099,0,4026531840,sshd,ip-10-100-1-57,257,openat,[],4,3,"[{'name': 'dirfd', 'type': 'int', 'value': -100}, {'name': 'pathname', 'type': 'const char*', 'value': '/lib/x86_64-linux-gnu/libutil.so.1'}, {'name': 'flags', 'type': 'int', 'value': 'O_RDONLY|O_CLOEXEC'}, {'name': 'mode', 'type': 'mode_t', 'value': 1426947928}]",0,0
3875.967491,7667,7667,7099,0,4026531840,sshd,ip-10-100-1-57,5,fstat,"[140313713540393, 140313713456667]",2,0,"[{'name': 'fd', 'type': 'int', 'value': 3}, {'name': 'statbuf', 'type': 'struct stat*', 'value': '0x7FFC12F38930'}]",0,0
3875.968029,7667,7667,7099,0,4026531840,sshd,ip-10-100-1-57,3,close,"[140313713540635, 140313713456667]",1,0,"[{'name': 'fd', 'type': 'int', 'value': 3}]",0,0
3875.968847,7667,7667,7099,0,4026531840,sshd,ip-10-100-1-57,1005,security_file_open,[],4,0,"[{'name': 'pathname', 'type': 'const char*', 'value': '/usr/lib/x86_64-linux-gnu/libz.so.1.2.11'}, {'name': 'flags', 'type': 'int', 'value': 'O_RDONLY|O_LARGEFILE'}, {'name': 'dev', 'type': 'dev_t', 'value': 211812353}, {'name': 'inode', 'type': 'unsigned long', 'value': 3823}]",0,0
3875.968947,7667,7667,7099,0,4026531840,sshd,ip-10-100-1-57,257,openat,[],4,3,"[{'name': 'dirfd', 'type': 'int', 'value': -100}, {'name': 'pathname', 'type': 'const char*', 'value': '/lib/x86_64-linux-gnu/libz.so.1'}, {'name': 'flags', 'type': 'int', 'value': 'O_RDONLY|O_CLOEXEC'}, {'name': 'mode', 'type': 'mode_t', 'value': 1426947928}]",0,0
3875.969017,7667,7667,7099,0,4026531840,sshd,ip-10-100-1-57,5,fstat,"[140313713540393, 140313713456667]",2,0,"[{'name': 'fd', 'type': 'int', 'value': 3}, {'name': 'statbuf', 'type': 'struct stat*', 'value': '0x7FFC12F38910'}]",0,0
3875.969141,7667,7667,7099,0,4026531840,sshd,ip-10-100-1-57,3,close,"[140313713540635, 140313713456667]",1,0,"[{'name': 'fd', 'type': 'int', 'value': 3}]",0,0
3875.969192,7667,7667,7099,0,4026531840,sshd,ip-10-100-1-57,1005,security_file_open,[],4,0,"[{'name': 'pathname', 'type': 'const char*', 'value': '/usr/lib/x86_64-linux-gnu/libcrypt.so.1.1.0'}, {'name': 'flags', 'type': 'int', 'value': 'O_RDONLY|O_LARGEFILE'}, {'name': 'dev', 'type': 'dev_t', 'value': 211812353}, {'name': 'inode', 'type': 'unsigned long', 'value': 3453}]",0,0
3875.969235,7667,7667,7099,0,4026531840,sshd,ip-10-100-1-57,257,openat,[],4,3,"[{'name': 'dirfd', 'type': 'int', 'value': -100}, {'name': 'pathname', 'type': 'const char*', 'value': '/lib/x86_64-linux-gnu/libcrypt.so.1'}, {'name': 'flags', 'type': 'int', 'value': 'O_RDONLY|O_CLOEXEC'}, {'name': 'mode', 'type': 'mode_t', 'value': 1426947928}]",0,0
3875.969308,7667,7667,7099,0,4026531840,sshd,ip-10-100-1-57,5,fstat,[],2,0,"[{'name': 'fd', 'type': 'int', 'value': 3}, {'name': 'statbuf', 'type': 'struct stat*', 'value': '0x7FFC12F388F0'}]",0,0
3875.969474,7667,7667,7099,0,4026531840,sshd,ip-10-100-1-57,1005,security_file_open,[],4,0,"[{'name': 'pathname', 'type': 'const char*', 'value': '/usr/lib/x86_64-linux-gnu/libgssapi_krb5.so.2.2'}, {'name': 'flags', 'type': 'int', 'value': 'O_RDONLY|O_LARGEFILE'}, {'name': 'dev', 'type': 'dev_t', 'value': 211812353}, {'name': 'inode', 'type': 'unsigned long', 'value': 5207}]",0,0
3875.969403,7667,7667,7099,0,4026531840,sshd,ip-10-100-1-57,3,close,[],1,0,"[{'name': 'fd', 'type': 'int', 'value': 3}]",0,0
3875.969518,7667,7667,7099,0,4026531840,sshd,ip-10-100-1-57,257,openat,[],4,3,"[{'name': 'dirfd', 'type': 'int', 'value': -100}, {'name': 'pathname', 'type': 'const char*', 'value': '/lib/x86_64-linux-gnu/libgssapi_krb5.so.2'}, {'name': 'flags', 'type': 'int', 'value': 'O_RDONLY|O_CLOEXEC'}, {'name': 'mode', 'type': 'mode_t', 'value': 1426947928}]",0,0
3875.969557,7667,7667,7099,0,4026531840,sshd,ip-10-100-1-57,5,fstat,[],2,0,"[{'name': 'fd', 'type': 'int', 'value': 3}, {'name': 'statbuf', 'type': 'struct stat*', 'value': '0x7FFC12F388D0'}]",0,0
3875.969664,7667,7667,7099,0,4026531840,sshd,ip-10-100-1-57,3,close,[],1,0,"[{'name': 'fd', 'type': 'int', 'value': 3}]",0,0
3875.969925,7667,7667,7099,0,4026531840,sshd,ip-10-100-1-57,1005,security_file_open,[],4,0,"[{'name': 'pathname', 'type': 'const char*', 'value': '/usr/lib/x86_64-linux-gnu/libkrb5.so.3.3'}, {'name': 'flags', 'type': 'int', 'value': 'O_RDONLY|O_LARGEFILE'}, {'name': 'dev', 'type': 'dev_t', 'value': 211812353}, {'name': 'inode', 'type': 'unsigned long', 'value': 5205}]",0,0
3875.970009,7667,7667,7099,0,4026531840,sshd,ip-10-100-1-57,257,openat,[],4,3,"[{'name': 'dirfd', 'type': 'int', 'value': -100}, {'name': 'pathname', 'type': 'const char*', 'value': '/lib/x86_64-linux-gnu/libkrb5.so.3'}, {'name': 'flags', 'type': 'int', 'value': 'O_RDONLY|O_CLOEXEC'}, {'name': 'mode', 'type': 'mode_t', 'value': 1426947928}]",0,0
3875.970051,7667,7667,7099,0,4026531840,sshd,ip-10-100-1-57,5,fstat,[],2,0,"[{'name': 'fd', 'type': 'int', 'value': 3}, {'name': 'statbuf', 'type': 'struct stat*', 'value': '0x7FFC12F388B0'}]",0,0
3875.970218,7667,7667,7099,0,4026531840,sshd,ip-10-100-1-57,3,close,[],1,0,"[{'name': 'fd', 'type': 'int', 'value': 3}]",0,0
3875.970405,7667,7667,7099,0,4026531840,sshd,ip-10-100-1-57,1005,security_file_open,[],4,0,"[{'name': 'pathname', 'type': 'const char*', 'value': '/usr/lib/x86_64-linux-gnu/libcom_err.so.2.1'}, {'name': 'flags', 'type': 'int', 'value': 'O_RDONLY|O_LARGEFILE'}, {'name': 'dev', 'type': 'dev_t', 'value': 211812353}, {'name': 'inode', 'type': 'unsigned long', 'value': 3451}]",0,0
3875.970457,7667,7667,7099,0,4026531840,sshd,ip-10-100-1-57,257,openat,[],4,3,"[{'name': 'dirfd', 'type': 'int', 'value': -100}, {'name': 'pathname', 'type': 'const char*', 'value': '/lib/x86_64-linux-gnu/libcom_err.so.2'}, {'name': 'flags', 'type': 'int', 'value': 'O_RDONLY|O_CLOEXEC'}, {'name': 'mode', 'type': 'mode_t', 'value': 1426947928}]",0,0
3875.970497,7667,7667,7099,0,4026531840,sshd,ip-10-100-1-57,5,fstat,[],2,0,"[{'name': 'fd', 'type': 'int', 'value': 3}, {'name': 'statbuf', 'type': 'struct stat*', 'value': '0x7FFC12F38890'}]",0,0
3875.970635,7667,7667,7099,0,4026531840,sshd,ip-10-100-1-57,3,close,[],1,0,"[{'name': 'fd', 'type': 'int', 'value': 3}]",0,0
3875.970827,7667,7667,7099,0,4026531840,sshd,ip-10-100-1-57,1005,security_file_open,[],4,0,"[{'name': 'pathname', 'type': 'const char*', 'value': '/usr/lib/x86_64-linux-gnu/libc-2.31.so'}, {'name': 'flags', 'type': 'int', 'value': 'O_RDONLY|O_LARGEFILE'}, {'name': 'dev', 'type': 'dev_t', 'value': 211812353}, {'name': 'inode', 'type': 'unsigned long', 'value': 3429}]",0,0
3875.970921,7667,7667,7099,0,4026531840,sshd,ip-10-100-1-57,257,openat,[],4,3,"[{'name': 'dirfd', 'type': 'int', 'value': -100}, {'name': 'pathname', 'type': 'const char*', 'value': '/lib/x86_64-linux-gnu/libc.so.6'}, {'name': 'flags', 'type': 'int', 'value': 'O_RDONLY|O_CLOEXEC'}, {'name': 'mode', 'type': 'mode_t', 'value': 1426947928}]",0,0
3875.971083,7667,7667,7099,0,4026531840,sshd,ip-10-100-1-57,5,fstat,[],2,0,"[{'name': 'fd', 'type': 'int', 'value': 3}, {'name': 'statbuf', 'type': 'struct stat*', 'value': '0x7FFC12F38870'}]",0,0
3875.971413,7667,7667,7099,0,4026531840,sshd,ip-10-100-1-57,3,close,[],1,0,"[{'name': 'fd', 'type': 'int', 'value': 3}]",0,0
3875.973145,7667,7667,7099,0,4026531840,sshd,ip-10-100-1-57,1005,security_file_open,[],4,0,"[{'name': 'pathname', 'type': 'const char*', 'value': '/usr/lib/x86_64-linux-gnu/libnsl-2.31.so'}, {'name': 'flags', 'type': 'int', 'value': 'O_RDONLY|O_LARGEFILE'}, {'name': 'dev', 'type': 'dev_t', 'value': 211812353}, {'name': 'inode', 'type': 'unsigned long', 'value': 3434}]",0,0
3875.97322,7667,7667,7099,0,4026531840,sshd,ip-10-100-1-57,257,openat,[],4,3,"[{'name': 'dirfd', 'type': 'int', 'value': -100}, {'name': 'pathname', 'type': 'const char*', 'value': '/lib/x86_64-linux-gnu/libnsl.so.1'}, {'name': 'flags', 'type': 'int', 'value': 'O_RDONLY|O_CLOEXEC'}, {'name': 'mode', 'type': 'mode_t', 'value': 1426947928}]",0,0
3875.973308,7667,7667,7099,0,4026531840,sshd,ip-10-100-1-57,5,fstat,"[140313713540393, 140313713456667]",2,0,"[{'name': 'fd', 'type': 'int', 'value': 3}, {'name': 'statbuf', 'type': 'struct stat*', 'value': '0x7FFC12F38850'}]",0,0
3875.974144,7667,7667,7099,0,4026531840,sshd,ip-10-100-1-57,3,close,"[140313713540635, 140313713456667]",1,0,"[{'name': 'fd', 'type': 'int', 'value': 3}]",0,0
3875.974242,7667,7667,7099,0,4026531840,sshd,ip-10-100-1-57,1005,security_file_open,[],4,0,"[{'name': 'pathname', 'type': 'const char*', 'value': '/usr/lib/x86_64-linux-gnu/libcap-ng.so.0.0.0'}, {'name': 'flags', 'type': 'int', 'value': 'O_RDONLY|O_LARGEFILE'}, {'name': 'dev', 'type': 'dev_t', 'value': 211812353}, {'name': 'inode', 'type': 'unsigned long', 'value': 3449}]",0,0
3875.974293,7667,7667,7099,0,4026531840,sshd,ip-10-100-1-57,257,openat,[],4,3,"[{'name': 'dirfd', 'type': 'int', 'value': -100}, {'name': 'pathname', 'type': 'const char*', 'value': '/lib/x86_64-linux-gnu/libcap-ng.so.0'}, {'name': 'flags', 'type': 'int', 'value': 'O_RDONLY|O_CLOEXEC'}, {'name': 'mode', 'type': 'mode_t', 'value': 1426947928}]",0,0
3875.974448,7667,7667,7099,0,4026531840,sshd,ip-10-100-1-57,5,fstat,"[140313713540393, 140313713456667]",2,0,"[{'name': 'fd', 'type': 'int', 'value': 3}, {'name': 'statbuf', 'type': 'struct stat*', 'value': '0x7FFC12F38830'}]",0,0
3875.974599,7667,7667,7099,0,4026531840,sshd,ip-10-100-1-57,3,close,[],1,0,"[{'name': 'fd', 'type': 'int', 'value': 3}]",0,0
3875.974819,7667,7667,7099,0,4026531840,sshd,ip-10-100-1-57,1005,security_file_open,[],4,0,"[{'name': 'pathname', 'type': 'const char*', 'value': '/usr/lib/x86_64-linux-gnu/libdl-2.31.so'}, {'name': 'flags', 'type': 'int', 'value': 'O_RDONLY|O_LARGEFILE'}, {'name': 'dev', 'type': 'dev_t', 'value': 211812353}, {'name': 'inode', 'type': 'unsigned long', 'value': 3430}]",0,0
3875.974871,7667,7667,7099,0,4026531840,sshd,ip-10-100-1-57,257,openat,[],4,3,"[{'name': 'dirfd', 'type': 'int', 'value': -100}, {'name': 'pathname', 'type': 'const char*', 'value': '/lib/x86_64-linux-gnu/libdl.so.2'}, {'name': 'flags', 'type': 'int', 'value': 'O_RDONLY|O_CLOEXEC'}, {'name': 'mode', 'type': 'mode_t', 'value': 1426947928}]",0,0
3875.974934,7667,7667,7099,0,4026531840,sshd,ip-10-100-1-57,5,fstat,[],2,0,"[{'name': 'fd', 'type': 'int', 'value': 3}, {'name': 'statbuf', 'type': 'struct stat*', 'value': '0x7FFC12F38810'}]",0,0
3875.975026,7667,7667,7099,0,4026531840,sshd,ip-10-100-1-57,3,close,[],1,0,"[{'name': 'fd', 'type': 'int', 'value': 3}]",0,0
3875.975187,7667,7667,7099,0,4026531840,sshd,ip-10-100-1-57,1005,security_file_open,[],4,0,"[{'name': 'pathname', 'type': 'const char*', 'value': '/usr/lib/x86_64-linux-gnu/libpcre2-8.so.0.9.0'}, {'name': 'flags', 'type': 'int', 'value': 'O_RDONLY|O_LARGEFILE'}, {'name': 'dev', 'type': 'dev_t', 'value': 211812353}, {'name': 'inode', 'type': 'unsigned long', 'value': 3806}]",0,0
3875.975363,7667,7667,7099,0,4026531840,sshd,ip-10-100-1-57,257,openat,[],4,3,"[{'name': 'dirfd', 'type': 'int', 'value': -100}, {'name': 'pathname', 'type': 'const char*', 'value': '/lib/x86_64-linux-gnu/libpcre2-8.so.0'}, {'name': 'flags', 'type': 'int', 'value': 'O_RDONLY|O_CLOEXEC'}, {'name': 'mode', 'type': 'mode_t', 'value': 1426947928}]",0,0
3875.975444,7667,7667,7099,0,4026531840,sshd,ip-10-100-1-57,5,fstat,[],2,0,"[{'name': 'fd', 'type': 'int', 'value': 3}, {'name': 'statbuf', 'type': 'struct stat*', 'value': '0x7FFC12F387F0'}]",0,0
3875.975536,7667,7667,7099,0,4026531840,sshd,ip-10-100-1-57,3,close,[],1,0,"[{'name': 'fd', 'type': 'int', 'value': 3}]",0,0
3875.975719,7667,7667,7099,0,4026531840,sshd,ip-10-100-1-57,1005,security_file_open,[],4,0,"[{'name': 'pathname', 'type': 'const char*', 'value': '/usr/lib/x86_64-linux-gnu/librt-2.31.so'}, {'name': 'flags', 'type': 'int', 'value': 'O_RDONLY|O_LARGEFILE'}, {'name': 'dev', 'type': 'dev_t', 'value': 211812353}, {'name': 'inode', 'type': 'unsigned long', 'value': 3444}]",0,0
3875.975909,7667,7667,7099,0,4026531840,sshd,ip-10-100-1-57,257,openat,[],4,3,"[{'name': 'dirfd', 'type': 'int', 'value': -100}, {'name': 'pathname', 'type': 'const char*', 'value': '/lib/x86_64-linux-gnu/librt.so.1'}, {'name': 'flags', 'type': 'int', 'value': 'O_RDONLY|O_CLOEXEC'}, {'name': 'mode', 'type': 'mode_t', 'value': 1426947928}]",0,0
3875.975961,7667,7667,7099,0,4026531840,sshd,ip-10-100-1-57,5,fstat,[],2,0,"[{'name': 'fd', 'type': 'int', 'value': 3}, {'name': 'statbuf', 'type': 'struct stat*', 'value': '0x7FFC12F387B0'}]",0,0
3875.977348,7667,7667,7099,0,4026531840,sshd,ip-10-100-1-57,3,close,"[140313713540635, 140313713456667]",1,0,"[{'name': 'fd', 'type': 'int', 'value': 3}]",0,0
3875.977548,7667,7667,7099,0,4026531840,sshd,ip-10-100-1-57,1005,security_file_open,[],4,0,"[{'name': 'pathname', 'type': 'const char*', 'value': '/usr/lib/x86_64-linux-gnu/liblzma.so.5.2.4'}, {'name': 'flags', 'type': 'int', 'value': 'O_RDONLY|O_LARGEFILE'}, {'name': 'dev', 'type': 'dev_t', 'value': 211812353}, {'name': 'inode', 'type': 'unsigned long', 'value': 3738}]",0,0
3875.977648,7667,7667,7099,0,4026531840,sshd,ip-10-100-1-57,257,openat,[],4,3,"[{'name': 'dirfd', 'type': 'int', 'value': -100}, {'name': 'pathname', 'type': 'const char*', 'value': '/lib/x86_64-linux-gnu/liblzma.so.5'}, {'name': 'flags', 'type': 'int', 'value': 'O_RDONLY|O_CLOEXEC'}, {'name': 'mode', 'type': 'mode_t', 'value': 1426947928}]",0,0
3875.977712,7667,7667,7099,0,4026531840,sshd,ip-10-100-1-57,5,fstat,"[140313713540393, 140313713456667]",2,0,"[{'name': 'fd', 'type': 'int', 'value': 3}, {'name': 'statbuf', 'type': 'struct stat*', 'value': '0x7FFC12F38790'}]",0,0
3875.978506,7667,7667,7099,0,4026531840,sshd,ip-10-100-1-57,3,close,"[140313713540635, 140313713456667]",1,0,"[{'name': 'fd', 'type': 'int', 'value': 3}]",0,0
3875.978698,7667,7667,7099,0,4026531840,sshd,ip-10-100-1-57,1005,security_file_open,[],4,0,"[{'name': 'pathname', 'type': 'const char*', 'value': '/usr/lib/x86_64-linux-gnu/liblz4.so.1.9.2'}, {'name': 'flags', 'type': 'int', 'value': 'O_RDONLY|O_LARGEFILE'}, {'name': 'dev', 'type': 'dev_t', 'value': 211812353}, {'name': 'inode', 'type': 'unsigned long', 'value': 3743}]",0,0
3875.978775,7667,7667,7099,0,4026531840,sshd,ip-10-100-1-57,257,openat,[],4,3,"[{'name': 'dirfd', 'type': 'int', 'value': -100}, {'name': 'pathname', 'type': 'const char*', 'value': '/lib/x86_64-linux-gnu/liblz4.so.1'}, {'name': 'flags', 'type': 'int', 'value': 'O_RDONLY|O_CLOEXEC'}, {'name': 'mode', 'type': 'mode_t', 'value': 1426947928}]",0,0
3875.978958,7667,7667,7099,0,4026531840,sshd,ip-10-100-1-57,5,fstat,"[140313713540393, 140313713456667]",2,0,"[{'name': 'fd', 'type': 'int', 'value': 3}, {'name': 'statbuf', 'type': 'struct stat*', 'value': '0x7FFC12F38770'}]",0,0
3875.979054,7667,7667,7099,0,4026531840,sshd,ip-10-100-1-57,3,close,[],1,0,"[{'name': 'fd', 'type': 'int', 'value': 3}]",0,0
3875.979213,7667,7667,7099,0,4026531840,sshd,ip-10-100-1-57,1005,security_file_open,[],4,0,"[{'name': 'pathname', 'type': 'const char*', 'value': '/usr/lib/x86_64-linux-gnu/libgcrypt.so.20.2.5'}, {'name': 'flags', 'type': 'int', 'value': 'O_RDONLY|O_LARGEFILE'}, {'name': 'dev', 'type': 'dev_t', 'value': 211812353}, {'name': 'inode', 'type': 'unsigned long', 'value': 3462}]",0,0
3875.979317,7667,7667,7099,0,4026531840,sshd,ip-10-100-1-57,257,openat,[],4,3,"[{'name': 'dirfd', 'type': 'int', 'value': -100}, {'name': 'pathname', 'type': 'const char*', 'value': '/lib/x86_64-linux-gnu/libgcrypt.so.20'}, {'name': 'flags', 'type': 'int', 'value': 'O_RDONLY|O_CLOEXEC'}, {'name': 'mode', 'type': 'mode_t', 'value': 1426947928}]",0,0
3875.979479,7667,7667,7099,0,4026531840,sshd,ip-10-100-1-57,5,fstat,[],2,0,"[{'name': 'fd', 'type': 'int', 'value': 3}, {'name': 'statbuf', 'type': 'struct stat*', 'value': '0x7FFC12F38750'}]",0,0
3875.979576,7667,7667,7099,0,4026531840,sshd,ip-10-100-1-57,3,close,[],1,0,"[{'name': 'fd', 'type': 'int', 'value': 3}]",0,0
3875.979764,7667,7667,7099,0,4026531840,sshd,ip-10-100-1-57,1005,security_file_open,[],4,0,"[{'name': 'pathname', 'type': 'const char*', 'value': '/usr/lib/x86_64-linux-gnu/libpthread-2.31.so'}, {'name': 'flags', 'type': 'int', 'value': 'O_RDONLY|O_LARGEFILE'}, {'name': 'dev', 'type': 'dev_t', 'value': 211812353}, {'name': 'inode', 'type': 'unsigned long', 'value': 3442}]",0,0
3875.979925,7667,7667,7099,0,4026531840,sshd,ip-10-100-1-57,257,openat,[],4,3,"[{'name': 'dirfd', 'type': 'int', 'value': -100}, {'name': 'pathname', 'type': 'const char*', 'value': '/lib/x86_64-linux-gnu/libpthread.so.0'}, {'name': 'flags', 'type': 'int', 'value': 'O_RDONLY|O_CLOEXEC'}, {'name': 'mode', 'type': 'mode_t', 'value': 1426947928}]",0,0
3875.981237,7667,7667,7099,0,4026531840,sshd,ip-10-100-1-57,5,fstat,"[140313713540393, 140313713456667]",2,0,"[{'name': 'fd', 'type': 'int', 'value': 3}, {'name': 'statbuf', 'type': 'struct stat*', 'value': '0x7FFC12F38730'}]",0,0
3875.98186,7667,7667,7099,0,4026531840,sshd,ip-10-100-1-57,3,close,"[140313713540635, 140313713456667]",1,0,"[{'name': 'fd', 'type': 'int', 'value': 3}]",0,0
3875.982045,7667,7667,7099,0,4026531840,sshd,ip-10-100-1-57,1005,security_file_open,[],4,0,"[{'name': 'pathname', 'type': 'const char*', 'value': '/usr/lib/x86_64-linux-gnu/libk5crypto.so.3.1'}, {'name': 'flags', 'type': 'int', 'value': 'O_RDONLY|O_LARGEFILE'}, {'name': 'dev', 'type': 'dev_t', 'value': 211812353}, {'name': 'inode', 'type': 'unsigned long', 'value': 5201}]",0,0
3875.982147,7667,7667,7099,0,4026531840,sshd,ip-10-100-1-57,257,openat,[],4,3,"[{'name': 'dirfd', 'type': 'int', 'value': -100}, {'name': 'pathname', 'type': 'const char*', 'value': '/lib/x86_64-linux-gnu/libk5crypto.so.3'}, {'name': 'flags', 'type': 'int', 'value': 'O_RDONLY|O_CLOEXEC'}, {'name': 'mode', 'type': 'mode_t', 'value': 1426947928}]",0,0
3875.98232,7667,7667,7099,0,4026531840,sshd,ip-10-100-1-57,5,fstat,"[140313713540393, 140313713456667]",2,0,"[{'name': 'fd', 'type': 'int', 'value': 3}, {'name': 'statbuf', 'type': 'struct stat*', 'value': '0x7FFC12F38710'}]",0,0
3875.982438,7667,7667,7099,0,4026531840,sshd,ip-10-100-1-57,3,close,[],1,0,"[{'name': 'fd', 'type': 'int', 'value': 3}]",0,0
3875.983239,7667,7667,7099,0,4026531840,sshd,ip-10-100-1-57,1005,security_file_open,[],4,0,"[{'name': 'pathname', 'type': 'const char*', 'value': '/usr/lib/x86_64-linux-gnu/libkrb5support.so.0.1'}, {'name': 'flags', 'type': 'int', 'value': 'O_RDONLY|O_LARGEFILE'}, {'name': 'dev', 'type': 'dev_t', 'value': 211812353}, {'name': 'inode', 'type': 'unsigned long', 'value': 5198}]",0,0
3875.983361,7667,7667,7099,0,4026531840,sshd,ip-10-100-1-57,257,openat,[],4,3,"[{'name': 'dirfd', 'type': 'int', 'value': -100}, {'name': 'pathname', 'type': 'const char*', 'value': '/lib/x86_64-linux-gnu/libkrb5support.so.0'}, {'name': 'flags', 'type': 'int', 'value': 'O_RDONLY|O_CLOEXEC'}, {'name': 'mode', 'type': 'mode_t', 'value': 1426947928}]",0,0
3875.983411,7667,7667,7099,0,4026531840,sshd,ip-10-100-1-57,5,fstat,"[140313713540393, 140313713456667]",2,0,"[{'name': 'fd', 'type': 'int', 'value': 3}, {'name': 'statbuf', 'type': 'struct stat*', 'value': '0x7FFC12F386F0'}]",0,0
3875.983613,7667,7667,7099,0,4026531840,sshd,ip-10-100-1-57,3,close,"[140313713540635, 140313713456667]",1,0,"[{'name': 'fd', 'type': 'int', 'value': 3}]",0,0
3875.983745,7667,7667,7099,0,4026531840,sshd,ip-10-100-1-57,1005,security_file_open,[],4,0,"[{'name': 'pathname', 'type': 'const char*', 'value': '/usr/lib/x86_64-linux-gnu/libkeyutils.so.1.8'}, {'name': 'flags', 'type': 'int', 'value': 'O_RDONLY|O_LARGEFILE'}, {'name': 'dev', 'type': 'dev_t', 'value': 211812353}, {'name': 'inode', 'type': 'unsigned long', 'value': 5203}]",0,0
3875.983967,7667,7667,7099,0,4026531840,sshd,ip-10-100-1-57,257,openat,[],4,3,"[{'name': 'dirfd', 'type': 'int', 'value': -100}, {'name': 'pathname', 'type': 'const char*', 'value': '/lib/x86_64-linux-gnu/libkeyutils.so.1'}, {'name': 'flags', 'type': 'int', 'value': 'O_RDONLY|O_CLOEXEC'}, {'name': 'mode', 'type': 'mode_t', 'value': 1426947928}]",0,0
3875.984042,7667,7667,7099,0,4026531840,sshd,ip-10-100-1-57,5,fstat,[],2,0,"[{'name': 'fd', 'type': 'int', 'value': 3}, {'name': 'statbuf', 'type': 'struct stat*', 'value': '0x7FFC12F386D0'}]",0,0
3875.98413,7667,7667,7099,0,4026531840,sshd,ip-10-100-1-57,3,close,[],1,0,"[{'name': 'fd', 'type': 'int', 'value': 3}]",0,0
3875.984248,7667,7667,7099,0,4026531840,sshd,ip-10-100-1-57,1005,security_file_open,[],4,0,"[{'name': 'pathname', 'type': 'const char*', 'value': '/usr/lib/x86_64-linux-gnu/libresolv-2.31.so'}, {'name': 'flags', 'type': 'int', 'value': 'O_RDONLY|O_LARGEFILE'}, {'name': 'dev', 'type': 'dev_t', 'value': 211812353}, {'name': 'inode', 'type': 'unsigned long', 'value': 3443}]",0,0
3875.984422,7667,7667,7099,0,4026531840,sshd,ip-10-100-1-57,257,openat,[],4,3,"[{'name': 'dirfd', 'type': 'int', 'value': -100}, {'name': 'pathname', 'type': 'const char*', 'value': '/lib/x86_64-linux-gnu/libresolv.so.2'}, {'name': 'flags', 'type': 'int', 'value': 'O_RDONLY|O_CLOEXEC'}, {'name': 'mode', 'type': 'mode_t', 'value': 1426947928}]",0,0
3875.984475,7667,7667,7099,0,4026531840,sshd,ip-10-100-1-57,5,fstat,[],2,0,"[{'name': 'fd', 'type': 'int', 'value': 3}, {'name': 'statbuf', 'type': 'struct stat*', 'value': '0x7FFC12F386B0'}]",0,0
3875.984692,7667,7667,7099,0,4026531840,sshd,ip-10-100-1-57,3,close,[],1,0,"[{'name': 'fd', 'type': 'int', 'value': 3}]",0,0
3875.984864,7667,7667,7099,0,4026531840,sshd,ip-10-100-1-57,1005,security_file_open,[],4,0,"[{'name': 'pathname', 'type': 'const char*', 'value': '/usr/lib/x86_64-linux-gnu/libgpg-error.so.0.28.0'}, {'name': 'flags', 'type': 'int', 'value': 'O_RDONLY|O_LARGEFILE'}, {'name': 'dev', 'type': 'dev_t', 'value': 211812353}, {'name': 'inode', 'type': 'unsigned long', 'value': 3740}]",0,0
3875.985041,7667,7667,7099,0,4026531840,sshd,ip-10-100-1-57,257,openat,[],4,3,"[{'name': 'dirfd', 'type': 'int', 'value': -100}, {'name': 'pathname', 'type': 'const char*', 'value': '/lib/x86_64-linux-gnu/libgpg-error.so.0'}, {'name': 'flags', 'type': 'int', 'value': 'O_RDONLY|O_CLOEXEC'}, {'name': 'mode', 'type': 'mode_t', 'value': 1426947928}]",0,0
3875.985119,7667,7667,7099,0,4026531840,sshd,ip-10-100-1-57,5,fstat,[],2,0,"[{'name': 'fd', 'type': 'int', 'value': 3}, {'name': 'statbuf', 'type': 'struct stat*', 'value': '0x7FFC12F38690'}]",0,0
3875.985249,7667,7667,7099,0,4026531840,sshd,ip-10-100-1-57,3,close,[],1,0,"[{'name': 'fd', 'type': 'int', 'value': 3}]",0,0
3875.988527,7667,7667,7099,0,4026531840,sshd,ip-10-100-1-57,1005,security_file_open,[],4,0,"[{'name': 'pathname', 'type': 'const char*', 'value': '/proc/filesystems'}, {'name': 'flags', 'type': 'int', 'value': 'O_RDONLY|O_LARGEFILE'}, {'name': 'dev', 'type': 'dev_t', 'value': 5}, {'name': 'inode', 'type': 'unsigned long', 'value': 4026532130}]",0,0
3875.990549,7667,7667,7099,0,4026531840,sshd,ip-10-100-1-57,257,openat,[],4,3,"[{'name': 'dirfd', 'type': 'int', 'value': -100}, {'name': 'pathname', 'type': 'const char*', 'value': '/proc/filesystems'}, {'name': 'flags', 'type': 'int', 'value': 'O_RDONLY|O_CLOEXEC'}, {'name': 'mode', 'type': 'mode_t', 'value': 1420050091}]",0,0
3875.990628,7667,7667,7099,0,4026531840,sshd,ip-10-100-1-57,5,fstat,[],2,0,"[{'name': 'fd', 'type': 'int', 'value': 3}, {'name': 'statbuf', 'type': 'struct stat*', 'value': '0x7FFC12F395B0'}]",0,0
3875.990845,7667,7667,7099,0,4026531840,sshd,ip-10-100-1-57,3,close,[140313706665131],1,0,"[{'name': 'fd', 'type': 'int', 'value': 3}]",0,0
3875.990918,7667,7667,7099,0,4026531840,sshd,ip-10-100-1-57,21,access,[],2,-2,"[{'name': 'pathname', 'type': 'const char*', 'value': '/etc/selinux/config'}, {'name': 'mode', 'type': 'mode_t', 'value': 'F_OK'}]",0,0
3875.991134,7667,7667,7099,0,4026531840,sshd,ip-10-100-1-57,1003,cap_capable,[],1,0,"[{'name': 'cap', 'type': 'int', 'value': 'CAP_SETGID'}]",0,0
3875.991291,7667,7667,7099,0,4026531840,sshd,ip-10-100-1-57,1005,security_file_open,[],4,0,"[{'name': 'pathname', 'type': 'const char*', 'value': '/dev/null'}, {'name': 'flags', 'type': 'int', 'value': 'O_RDWR|O_LARGEFILE'}, {'name': 'dev', 'type': 'dev_t', 'value': 6}, {'name': 'inode', 'type': 'unsigned long', 'value': 6}]",0,0
3875.991439,7667,7667,7099,0,4026531840,sshd,ip-10-100-1-57,257,openat,[],4,3,"[{'name': 'dirfd', 'type': 'int', 'value': -100}, {'name': 'pathname', 'type': 'const char*', 'value': '/dev/null'}, {'name': 'flags', 'type': 'int', 'value': 'O_RDWR'}, {'name': 'mode', 'type': 'mode_t', 'value': 1420050091}]",0,0
3875.991482,7667,7667,7099,0,4026531840,sshd,ip-10-100-1-57,3,close,"[140313706645895, 94167311792592, 110399776305006]",1,0,"[{'name': 'fd', 'type': 'int', 'value': 3}]",0,0
3875.994284,7667,7667,7099,0,4026531840,sshd,ip-10-100-1-57,1005,security_file_open,[],4,0,"[{'name': 'pathname', 'type': 'const char*', 'value': '/etc/ssl/openssl.cnf'}, {'name': 'flags', 'type': 'int', 'value': 'O_RDONLY|O_LARGEFILE'}, {'name': 'dev', 'type': 'dev_t', 'value': 211812353}, {'name': 'inode', 'type': 'unsigned long', 'value': 1152}]",0,0
3875.996264,7667,7667,7099,0,4026531840,sshd,ip-10-100-1-57,3,close,[140313706665131],1,0,"[{'name': 'fd', 'type': 'int', 'value': 3}]",0,0
3875.997192,7667,7667,7099,0,4026531840,sshd,ip-10-100-1-57,257,openat,[],4,3,"[{'name': 'dirfd', 'type': 'int', 'value': -100}, {'name': 'pathname', 'type': 'const char*', 'value': '/proc/7667/fd'}, {'name': 'flags', 'type': 'int', 'value': 'O_RDONLY|O_NONBLOCK|O_DIRECTORY|O_CLOEXEC'}, {'name': 'mode', 'type': 'mode_t', 'value': 1420072540}]",0,0
3875.995169,7667,7667,7099,0,4026531840,sshd,ip-10-100-1-57,257,openat,[],4,3,"[{'name': 'dirfd', 'type': 'int', 'value': -100}, {'name': 'pathname', 'type': 'const char*', 'value': '/usr/lib/ssl/openssl.cnf'}, {'name': 'flags', 'type': 'int', 'value': 'O_RDONLY'}, {'name': 'mode', 'type': 'mode_t', 'value': 1420050091}]",0,0
3875.995252,7667,7667,7099,0,4026531840,sshd,ip-10-100-1-57,5,fstat,[],2,0,"[{'name': 'fd', 'type': 'int', 'value': 3}, {'name': 'statbuf', 'type': 'struct stat*', 'value': '0x7FFC12F389C0'}]",0,0
3875.99756,7667,7667,7099,0,4026531840,sshd,ip-10-100-1-57,217,getdents64,[],3,0,"[{'name': 'fd', 'type': 'int', 'value': 3}, {'name': 'dirp', 'type': 'struct linux_dirent64*', 'value': '0x55A5092D5490'}, {'name': 'count', 'type': 'size_t', 'value': 32768}]",0,0
3875.997604,7667,7667,7099,0,4026531840,sshd,ip-10-100-1-57,3,close,[140313706665131],1,0,"[{'name': 'fd', 'type': 'int', 'value': 3}]",0,0
3875.997692,7667,7667,7099,0,4026531840,sshd,ip-10-100-1-57,32,dup,[],1,3,"[{'name': 'oldfd', 'type': 'int', 'value': 4}]",0,0
3875.997118,7667,7667,7099,0,4026531840,sshd,ip-10-100-1-57,1005,security_file_open,[],4,0,"[{'name': 'pathname', 'type': 'const char*', 'value': '/proc/7667/fd'}, {'name': 'flags', 'type': 'int', 'value': 'O_RDONLY|O_NONBLOCK|O_LARGEFILE|O_DIRECTORY'}, {'name': 'dev', 'type': 'dev_t', 'value': 5}, {'name': 'inode', 'type': 'unsigned long', 'value': 48428}]",0,0
3875.997251,7667,7667,7099,0,4026531840,sshd,ip-10-100-1-57,5,fstat,[140313706641033],2,0,"[{'name': 'fd', 'type': 'int', 'value': 3}, {'name': 'statbuf', 'type': 'struct stat*', 'value': '0x7FFC12F37D60'}]",0,0
3875.997358,7667,7667,7099,0,4026531840,sshd,ip-10-100-1-57,217,getdents64,[],3,192,"[{'name': 'fd', 'type': 'int', 'value': 3}, {'name': 'dirp', 'type': 'struct linux_dirent64*', 'value': '0x55A5092D5490'}, {'name': 'count', 'type': 'size_t', 'value': 32768}]",0,0
3875.997768,7667,7667,7099,0,4026531840,sshd,ip-10-100-1-57,3,close,"[140313706645895, 94167311792592, 110399776305006]",1,0,"[{'name': 'fd', 'type': 'int', 'value': 4}]",0,0
3875.998833,7667,7667,7099,0,4026531840,sshd,ip-10-100-1-57,1005,security_file_open,[],4,0,"[{'name': 'pathname', 'type': 'const char*', 'value': '/etc/gai.conf'}, {'name': 'flags', 'type': 'int', 'value': 'O_RDONLY|O_LARGEFILE'}, {'name': 'dev', 'type': 'dev_t', 'value': 211812353}, {'name': 'inode', 'type': 'unsigned long', 'value': 535}]",0,0
3875.99893,7667,7667,7099,0,4026531840,sshd,ip-10-100-1-57,257,openat,[],4,4,"[{'name': 'dirfd', 'type': 'int', 'value': -100}, {'name': 'pathname', 'type': 'const char*', 'value': '/etc/gai.conf'}, {'name': 'flags', 'type': 'int', 'value': 'O_RDONLY|O_CLOEXEC'}, {'name': 'mode', 'type': 'mode_t', 'value': 1420072540}]",0,0
3875.999096,7667,7667,7099,0,4026531840,sshd,ip-10-100-1-57,5,fstat,[],2,0,"[{'name': 'fd', 'type': 'int', 'value': 4}, {'name': 'statbuf', 'type': 'struct stat*', 'value': '0x7FFC12F38690'}]",0,0
3875.999164,7667,7667,7099,0,4026531840,sshd,ip-10-100-1-57,5,fstat,[],2,0,"[{'name': 'fd', 'type': 'int', 'value': 4}, {'name': 'statbuf', 'type': 'struct stat*', 'value': '0x7FFC12F38480'}]",0,0
3875.999221,7667,7667,7099,0,4026531840,sshd,ip-10-100-1-57,3,close,[140313706665131],1,0,"[{'name': 'fd', 'type': 'int', 'value': 4}]",0,0
3875.999311,7667,7667,7099,0,4026531840,sshd,ip-10-100-1-57,41,socket,"[140313706719499, 140313706613193, 94167298235081, 94167298232354]",3,4,"[{'name': 'domain', 'type': 'int', 'value': 'AF_NETLINK'}, {'name': 'type', 'type': 'const char*', 'value': 'SOCK_RAW|SOCK_CLOEXEC'}, {'name': 'protocol', 'type': 'int', 'value': 0}]",0,0
3875.999488,7667,7667,7099,0,4026531840,sshd,ip-10-100-1-57,49,bind,"[140313706717899, 140313706613193, 94167298235081, 94167298232354]",3,0,"[{'name': 'sockfd', 'type': 'int', 'value': 4}, {'name': 'addr', 'type': 'void*', 'value': ""{'sa_family': 'AF_NETLINK'}""}, {'name': 'addrlen', 'type': 'int*', 'value': 12}]",0,0
3875.999556,7667,7667,7099,0,4026531840,sshd,ip-10-100-1-57,51,getsockname,[],3,0,"[{'name': 'sockfd', 'type': 'int', 'value': 4}, {'name': 'addr', 'type': 'void*', 'value': ""{'sa_family': 'AF_NETLINK'}""}, {'name': 'addrlen', 'type': 'int*', 'value': '0x7FFC12F38674'}]",0,0
3875.999672,7667,7667,7099,0,4026531840,sshd,ip-10-100-1-57,41,socket,[],3,6,"[{'name': 'domain', 'type': 'int', 'value': 'AF_UNIX'}, {'name': 'type', 'type': 'const char*', 'value': 'SOCK_STREAM|SOCK_NONBLOCK|SOCK_CLOEXEC'}, {'name': 'protocol', 'type': 'int', 'value': 0}]",0,0
3875.999862,7667,7667,7099,0,4026531840,sshd,ip-10-100-1-57,42,connect,"[140313706717959, 140313706962224, 140313706953510, 140313706613193, 94167298235081, 94167298232354]",3,-2,"[{'name': 'sockfd', 'type': 'int', 'value': 6}, {'name': 'addr', 'type': 'struct sockaddr*', 'value': ""{'sa_family': 'AF_UNIX','sun_path': '/var/run/nscd/socket'}""}, {'name': 'addrlen', 'type': 'int*', 'value': 110}]",0,0
3876.000047,7667,7667,7099,0,4026531840,sshd,ip-10-100-1-57,3,close,[],1,0,"[{'name': 'fd', 'type': 'int', 'value': 6}]",0,0
3876.00012,7667,7667,7099,0,4026531840,sshd,ip-10-100-1-57,3,close,[],1,0,"[{'name': 'fd', 'type': 'int', 'value': 4}]",0,0
3876.000167,7667,7667,7099,0,4026531840,sshd,ip-10-100-1-57,41,socket,"[140313706719499, 94167298235081, 94167298232354]",3,4,"[{'name': 'domain', 'type': 'int', 'value': 'AF_INET6'}, {'name': 'type', 'type': 'const char*', 'value': 'SOCK_DGRAM|SOCK_CLOEXEC'}, {'name': 'protocol', 'type': 'int', 'value': 0}]",0,0
3876.000358,7667,7667,7099,0,4026531840,sshd,ip-10-100-1-57,42,connect,[],3,0,"[{'name': 'sockfd', 'type': 'int', 'value': 4}, {'name': 'addr', 'type': 'struct sockaddr*', 'value': ""{'sin6_addr': '::','sin6_scopeid': '0','sa_family': 'AF_INET6','sin6_port': '22','sin6_flowinfo': '0'}""}, {'name': 'addrlen', 'type': 'int*', 'value': 28}]",0,0
3876.000409,7667,7667,7099,0,4026531840,sshd,ip-10-100-1-57,51,getsockname,[],3,0,"[{'name': 'sockfd', 'type': 'int', 'value': 4}, {'name': 'addr', 'type': 'void*', 'value': ""{'sa_family': 'AF_INET6','sin6_port': '32944','sin6_flowinfo': '0','sin6_addr': '::1','sin6_scopeid': '0'}""}, {'name': 'addrlen', 'type': 'int*', 'value': '0x7FFC12F38860'}]",0,0
3876.000466,7667,7667,7099,0,4026531840,sshd,ip-10-100-1-57,42,connect,[],3,0,"[{'name': 'sockfd', 'type': 'int', 'value': 4}, {'name': 'addr', 'type': 'struct sockaddr*', 'value': ""{'sa_family': 'AF_UNSPEC'}""}, {'name': 'addrlen', 'type': 'int*', 'value': 16}]",0,0
3876.000506,7667,7667,7099,0,4026531840,sshd,ip-10-100-1-57,42,connect,[],3,0,"[{'name': 'sockfd', 'type': 'int', 'value': 4}, {'name': 'addr', 'type': 'struct sockaddr*', 'value': ""{'sin_port': '22','sin_addr': '0.0.0.0','sa_family': 'AF_INET'}""}, {'name': 'addrlen', 'type': 'int*', 'value': 16}]",0,0
3876.000572,7667,7667,7099,0,4026531840,sshd,ip-10-100-1-57,51,getsockname,[],3,0,"[{'name': 'sockfd', 'type': 'int', 'value': 4}, {'name': 'addr', 'type': 'void*', 'value': ""{'sin6_addr': '127.0.0.1','sin6_scopeid': '0','sa_family': 'AF_INET6','sin6_port': '41756','sin6_flowinfo': '0'}""}, {'name': 'addrlen', 'type': 'int*', 'value': '0x7FFC12F38860'}]",0,0
3876.00065,7667,7667,7099,0,4026531840,sshd,ip-10-100-1-57,3,close,[],1,0,"[{'name': 'fd', 'type': 'int', 'value': 4}]",0,0
3876.000916,7667,7667,7099,0,4026531840,sshd,ip-10-100-1-57,41,socket,[],3,4,"[{'name': 'domain', 'type': 'int', 'value': 'AF_UNIX'}, {'name': 'type', 'type': 'const char*', 'value': 'SOCK_STREAM|SOCK_NONBLOCK|SOCK_CLOEXEC'}, {'name': 'protocol', 'type': 'int', 'value': 0}]",0,0
3876.001084,7667,7667,7099,0,4026531840,sshd,ip-10-100-1-57,42,connect,[],3,-2,"[{'name': 'sockfd', 'type': 'int', 'value': 4}, {'name': 'addr', 'type': 'struct sockaddr*', 'value': ""{'sa_family': 'AF_UNIX','sun_path': '/var/run/nscd/socket'}""}, {'name': 'addrlen', 'type': 'int*', 'value': 110}]",0,0
3876.001162,7667,7667,7099,0,4026531840,sshd,ip-10-100-1-57,3,close,[],1,0,"[{'name': 'fd', 'type': 'int', 'value': 4}]",0,0
3876.001277,7667,7667,7099,0,4026531840,sshd,ip-10-100-1-57,41,socket,[],3,4,"[{'name': 'domain', 'type': 'int', 'value': 'AF_UNIX'}, {'name': 'type', 'type': 'const char*', 'value': 'SOCK_STREAM|SOCK_NONBLOCK|SOCK_CLOEXEC'}, {'name': 'protocol', 'type': 'int', 'value': 0}]",0,0
3876.001372,7667,7667,7099,0,4026531840,sshd,ip-10-100-1-57,42,connect,[],3,-2,"[{'name': 'sockfd', 'type': 'int', 'value': 4}, {'name': 'addr', 'type': 'struct sockaddr*', 'value': ""{'sa_family': 'AF_UNIX','sun_path': '/var/run/nscd/socket'}""}, {'name': 'addrlen', 'type': 'int*', 'value': 110}]",0,0
3876.001559,7667,7667,7099,0,4026531840,sshd,ip-10-100-1-57,3,close,[],1,0,"[{'name': 'fd', 'type': 'int', 'value': 4}]",0,0
3876.001625,7667,7667,7099,0,4026531840,sshd,ip-10-100-1-57,1005,security_file_open,[],4,0,"[{'name': 'pathname', 'type': 'const char*', 'value': '/etc/nsswitch.conf'}, {'name': 'flags', 'type': 'int', 'value': 'O_RDONLY|O_LARGEFILE'}, {'name': 'dev', 'type': 'dev_t', 'value': 211812353}, {'name': 'inode', 'type': 'unsigned long', 'value': 22}]",0,0
3876.001724,7667,7667,7099,0,4026531840,sshd,ip-10-100-1-57,257,openat,[],4,4,"[{'name': 'dirfd', 'type': 'int', 'value': -100}, {'name': 'pathname', 'type': 'const char*', 'value': '/etc/nsswitch.conf'}, {'name': 'flags', 'type': 'int', 'value': 'O_RDONLY|O_CLOEXEC'}, {'name': 'mode', 'type': 'mode_t', 'value': 1420072540}]",0,0
3876.001911,7667,7667,7099,0,4026531840,sshd,ip-10-100-1-57,5,fstat,[],2,0,"[{'name': 'fd', 'type': 'int', 'value': 4}, {'name': 'statbuf', 'type': 'struct stat*', 'value': '0x7FFC12F38B60'}]",0,0
3876.001973,7667,7667,7099,0,4026531840,sshd,ip-10-100-1-57,3,close,[],1,0,"[{'name': 'fd', 'type': 'int', 'value': 4}]",0,0
3876.002051,7667,7667,7099,0,4026531840,sshd,ip-10-100-1-57,1005,security_file_open,"[140313713540952, 140313713457546]",4,0,"[{'name': 'pathname', 'type': 'const char*', 'value': '/etc/ld.so.cache'}, {'name': 'flags', 'type': 'int', 'value': 'O_RDONLY|O_LARGEFILE'}, {'name': 'dev', 'type': 'dev_t', 'value': 211812353}, {'name': 'inode', 'type': 'unsigned long', 'value': 62841}]",0,0
3876.002116,7667,7667,7099,0,4026531840,sshd,ip-10-100-1-57,257,openat,[],4,4,"[{'name': 'dirfd', 'type': 'int', 'value': -100}, {'name': 'pathname', 'type': 'const char*', 'value': '/etc/ld.so.cache'}, {'name': 'flags', 'type': 'int', 'value': 'O_RDONLY|O_CLOEXEC'}, {'name': 'mode', 'type': 'mode_t', 'value': 1426947928}]",0,0
3876.002279,7667,7667,7099,0,4026531840,sshd,ip-10-100-1-57,5,fstat,[],2,0,"[{'name': 'fd', 'type': 'int', 'value': 4}, {'name': 'statbuf', 'type': 'struct stat*', 'value': '0x7FFC12F382D0'}]",0,0
3876.002332,7667,7667,7099,0,4026531840,sshd,ip-10-100-1-57,3,close,[],1,0,"[{'name': 'fd', 'type': 'int', 'value': 4}]",0,0
3876.002401,7667,7667,7099,0,4026531840,sshd,ip-10-100-1-57,1005,security_file_open,[],4,0,"[{'name': 'pathname', 'type': 'const char*', 'value': '/usr/lib/x86_64-linux-gnu/libnss_files-2.31.so'}, {'name': 'flags', 'type': 'int', 'value': 'O_RDONLY|O_LARGEFILE'}, {'name': 'dev', 'type': 'dev_t', 'value': 211812353}, {'name': 'inode', 'type': 'unsigned long', 'value': 3437}]",0,0
3876.002462,7667,7667,7099,0,4026531840,sshd,ip-10-100-1-57,257,openat,[],4,4,"[{'name': 'dirfd', 'type': 'int', 'value': -100}, {'name': 'pathname', 'type': 'const char*', 'value': '/lib/x86_64-linux-gnu/libnss_files.so.2'}, {'name': 'flags', 'type': 'int', 'value': 'O_RDONLY|O_CLOEXEC'}, {'name': 'mode', 'type': 'mode_t', 'value': 1426947928}]",0,0
3876.002645,7667,7667,7099,0,4026531840,sshd,ip-10-100-1-57,5,fstat,"[140313713540393, 140313713456667]",2,0,"[{'name': 'fd', 'type': 'int', 'value': 4}, {'name': 'statbuf', 'type': 'struct stat*', 'value': '0x7FFC12F38320'}]",0,0
3876.002791,7667,7667,7099,0,4026531840,sshd,ip-10-100-1-57,3,close,"[140313713540635, 140313713456667]",1,0,"[{'name': 'fd', 'type': 'int', 'value': 4}]",0,0
3876.003019,7667,7667,7099,0,4026531840,sshd,ip-10-100-1-57,1005,security_file_open,[],4,0,"[{'name': 'pathname', 'type': 'const char*', 'value': '/etc/passwd'}, {'name': 'flags', 'type': 'int', 'value': 'O_RDONLY|O_LARGEFILE'}, {'name': 'dev', 'type': 'dev_t', 'value': 211812353}, {'name': 'inode', 'type': 'unsigned long', 'value': 61241}]",0,0
3876.005794,7667,7667,7099,0,4026531840,sshd,ip-10-100-1-57,257,openat,[],4,4,"[{'name': 'dirfd', 'type': 'int', 'value': -100}, {'name': 'pathname', 'type': 'const char*', 'value': '/etc/passwd'}, {'name': 'flags', 'type': 'int', 'value': 'O_RDONLY|O_CLOEXEC'}, {'name': 'mode', 'type': 'mode_t', 'value': 1420072540}]",0,0
3876.005871,7667,7667,7099,0,4026531840,sshd,ip-10-100-1-57,5,fstat,[],2,0,"[{'name': 'fd', 'type': 'int', 'value': 4}, {'name': 'statbuf', 'type': 'struct stat*', 'value': '0x7FFC12F38B90'}]",0,0
3876.005954,7667,7667,7099,0,4026531840,sshd,ip-10-100-1-57,3,close,[140313706665131],1,0,"[{'name': 'fd', 'type': 'int', 'value': 4}]",0,0
3876.006002,7667,7667,7099,0,4026531840,sshd,ip-10-100-1-57,1005,security_file_open,[],4,0,"[{'name': 'pathname', 'type': 'const char*', 'value': '/etc/ssh/ssh_host_rsa_key'}, {'name': 'flags', 'type': 'int', 'value': 'O_RDONLY|O_LARGEFILE'}, {'name': 'dev', 'type': 'dev_t', 'value': 211812353}, {'name': 'inode', 'type': 'unsigned long', 'value': 61055}]",0,0
3876.00619,7667,7667,7099,0,4026531840,sshd,ip-10-100-1-57,257,openat,[],4,4,"[{'name': 'dirfd', 'type': 'int', 'value': -100}, {'name': 'pathname', 'type': 'const char*', 'value': '/etc/ssh/ssh_host_rsa_key'}, {'name': 'flags', 'type': 'int', 'value': 'O_RDONLY'}, {'name': 'mode', 'type': 'mode_t', 'value': 1420050091}]",0,0
3876.00624,7667,7667,7099,0,4026531840,sshd,ip-10-100-1-57,5,fstat,[140313706641033],2,0,"[{'name': 'fd', 'type': 'int', 'value': 4}, {'name': 'statbuf', 'type': 'struct stat*', 'value': '0x7FFC12F38D70'}]",0,0
3876.006302,7667,7667,7099,0,4026531840,sshd,ip-10-100-1-57,5,fstat,[],2,0,"[{'name': 'fd', 'type': 'int', 'value': 4}, {'name': 'statbuf', 'type': 'struct stat*', 'value': '0x7FFC12F37D60'}]",0,0
3876.008838,7667,7667,7099,0,4026531840,sshd,ip-10-100-1-57,3,close,[],1,0,"[{'name': 'fd', 'type': 'int', 'value': 4}]",0,0
3876.010959,7667,7667,7099,0,4026531840,sshd,ip-10-100-1-57,1005,security_file_open,[],4,0,"[{'name': 'pathname', 'type': 'const char*', 'value': '/etc/ssh/ssh_host_rsa_key'}, {'name': 'flags', 'type': 'int', 'value': 'O_RDONLY|O_LARGEFILE'}, {'name': 'dev', 'type': 'dev_t', 'value': 211812353}, {'name': 'inode', 'type': 'unsigned long', 'value': 61055}]",0,0
3876.011717,7667,7667,7099,0,4026531840,sshd,ip-10-100-1-57,257,openat,[],4,4,"[{'name': 'dirfd', 'type': 'int', 'value': -100}, {'name': 'pathname', 'type': 'const char*', 'value': '/etc/ssh/ssh_host_rsa_key'}, {'name': 'flags', 'type': 'int', 'value': 'O_RDONLY'}, {'name': 'mode', 'type': 'mode_t', 'value': 1420050091}]",0,0
3876.011793,7667,7667,7099,0,4026531840,sshd,ip-10-100-1-57,5,fstat,[],2,0,"[{'name': 'fd', 'type': 'int', 'value': 4}, {'name': 'statbuf', 'type': 'struct stat*', 'value': '0x7FFC12F38C30'}]",0,0
3876.011839,7667,7667,7099,0,4026531840,sshd,ip-10-100-1-57,3,close,[140313706665131],1,0,"[{'name': 'fd', 'type': 'int', 'value': 4}]",0,0
3876.011884,7667,7667,7099,0,4026531840,sshd,ip-10-100-1-57,1005,security_file_open,[],4,0,"[{'name': 'pathname', 'type': 'const char*', 'value': '/etc/ssh/ssh_host_rsa_key.pub'}, {'name': 'flags', 'type': 'int', 'value': 'O_RDONLY|O_LARGEFILE'}, {'name': 'dev', 'type': 'dev_t', 'value': 211812353}, {'name': 'inode', 'type': 'unsigned long', 'value': 61060}]",0,0
3876.011973,7667,7667,7099,0,4026531840,sshd,ip-10-100-1-57,257,openat,[],4,4,"[{'name': 'dirfd', 'type': 'int', 'value': -100}, {'name': 'pathname', 'type': 'const char*', 'value': '/etc/ssh/ssh_host_rsa_key.pub'}, {'name': 'flags', 'type': 'int', 'value': 'O_RDONLY'}, {'name': 'mode', 'type': 'mode_t', 'value': 1420050091}]",0,0
3876.012021,7667,7667,7099,0,4026531840,sshd,ip-10-100-1-57,5,fstat,[],2,0,"[{'name': 'fd', 'type': 'int', 'value': 4}, {'name': 'statbuf', 'type': 'struct stat*', 'value': '0x7FFC12F38C30'}]",0,0
3876.012254,7667,7667,7099,0,4026531840,sshd,ip-10-100-1-57,3,close,[],1,0,"[{'name': 'fd', 'type': 'int', 'value': 4}]",0,0
3876.016752,7667,7667,7099,0,4026531840,sshd,ip-10-100-1-57,257,openat,[],4,4,"[{'name': 'dirfd', 'type': 'int', 'value': -100}, {'name': 'pathname', 'type': 'const char*', 'value': '/etc/ssh/ssh_host_ecdsa_key'}, {'name': 'flags', 'type': 'int', 'value': 'O_RDONLY'}, {'name': 'mode', 'type': 'mode_t', 'value': 1420050091}]",0,0
3876.014825,7667,7667,7099,0,4026531840,sshd,ip-10-100-1-57,1005,security_file_open,[],4,0,"[{'name': 'pathname', 'type': 'const char*', 'value': '/etc/ssh/ssh_host_ecdsa_key'}, {'name': 'flags', 'type': 'int', 'value': 'O_RDONLY|O_LARGEFILE'}, {'name': 'dev', 'type': 'dev_t', 'value': 211812353}, {'name': 'inode', 'type': 'unsigned long', 'value': 61063}]",0,0
3876.016825,7667,7667,7099,0,4026531840,sshd,ip-10-100-1-57,5,fstat,[140313706641033],2,0,"[{'name': 'fd', 'type': 'int', 'value': 4}, {'name': 'statbuf', 'type': 'struct stat*', 'value': '0x7FFC12F38D70'}]",0,0
3876.01687,7667,7667,7099,0,4026531840,sshd,ip-10-100-1-57,5,fstat,[],2,0,"[{'name': 'fd', 'type': 'int', 'value': 4}, {'name': 'statbuf', 'type': 'struct stat*', 'value': '0x7FFC12F37D60'}]",0,0
3876.017882,7667,7667,7099,0,4026531840,sshd,ip-10-100-1-57,3,close,[],1,0,"[{'name': 'fd', 'type': 'int', 'value': 4}]",0,0
3876.018707,7667,7667,7099,0,4026531840,sshd,ip-10-100-1-57,1005,security_file_open,[],4,0,"[{'name': 'pathname', 'type': 'const char*', 'value': '/etc/ssh/ssh_host_ecdsa_key'}, {'name': 'flags', 'type': 'int', 'value': 'O_RDONLY|O_LARGEFILE'}, {'name': 'dev', 'type': 'dev_t', 'value': 211812353}, {'name': 'inode', 'type': 'unsigned long', 'value': 61063}]",0,0
3876.018857,7667,7667,7099,0,4026531840,sshd,ip-10-100-1-57,257,openat,[],4,4,"[{'name': 'dirfd', 'type': 'int', 'value': -100}, {'name': 'pathname', 'type': 'const char*', 'value': '/etc/ssh/ssh_host_ecdsa_key'}, {'name': 'flags', 'type': 'int', 'value': 'O_RDONLY'}, {'name': 'mode', 'type': 'mode_t', 'value': 1420050091}]",0,0
3876.018903,7667,7667,7099,0,4026531840,sshd,ip-10-100-1-57,5,fstat,[],2,0,"[{'name': 'fd', 'type': 'int', 'value': 4}, {'name': 'statbuf', 'type': 'struct stat*', 'value': '0x7FFC12F38C30'}]",0,0
3876.019115,7667,7667,7099,0,4026531840,sshd,ip-10-100-1-57,3,close,[140313706665131],1,0,"[{'name': 'fd', 'type': 'int', 'value': 4}]",0,0
3876.019215,7667,7667,7099,0,4026531840,sshd,ip-10-100-1-57,1005,security_file_open,[],4,0,"[{'name': 'pathname', 'type': 'const char*', 'value': '/etc/ssh/ssh_host_ecdsa_key.pub'}, {'name': 'flags', 'type': 'int', 'value': 'O_RDONLY|O_LARGEFILE'}, {'name': 'dev', 'type': 'dev_t', 'value': 211812353}, {'name': 'inode', 'type': 'unsigned long', 'value': 61064}]",0,0
3876.019446,7667,7667,7099,0,4026531840,sshd,ip-10-100-1-57,5,fstat,[],2,0,"[{'name': 'fd', 'type': 'int', 'value': 4}, {'name': 'statbuf', 'type': 'struct stat*', 'value': '0x7FFC12F38C30'}]",0,0
3876.019401,7667,7667,7099,0,4026531840,sshd,ip-10-100-1-57,257,openat,[],4,4,"[{'name': 'dirfd', 'type': 'int', 'value': -100}, {'name': 'pathname', 'type': 'const char*', 'value': '/etc/ssh/ssh_host_ecdsa_key.pub'}, {'name': 'flags', 'type': 'int', 'value': 'O_RDONLY'}, {'name': 'mode', 'type': 'mode_t', 'value': 1420050091}]",0,0
3876.020584,7667,7667,7099,0,4026531840,sshd,ip-10-100-1-57,3,close,[140313706665131],1,0,"[{'name': 'fd', 'type': 'int', 'value': 4}]",0,0
3876.021635,7667,7667,7099,0,4026531840,sshd,ip-10-100-1-57,1005,security_file_open,[],4,0,"[{'name': 'pathname', 'type': 'const char*', 'value': '/etc/ssh/ssh_host_ed25519_key'}, {'name': 'flags', 'type': 'int', 'value': 'O_RDONLY|O_LARGEFILE'}, {'name': 'dev', 'type': 'dev_t', 'value': 211812353}, {'name': 'inode', 'type': 'unsigned long', 'value': 61068}]",0,0
3876.022391,7667,7667,7099,0,4026531840,sshd,ip-10-100-1-57,5,fstat,[140313706641033],2,0,"[{'name': 'fd', 'type': 'int', 'value': 4}, {'name': 'statbuf', 'type': 'struct stat*', 'value': '0x7FFC12F38D70'}]",0,0
3876.022317,7667,7667,7099,0,4026531840,sshd,ip-10-100-1-57,257,openat,[],4,4,"[{'name': 'dirfd', 'type': 'int', 'value': -100}, {'name': 'pathname', 'type': 'const char*', 'value': '/etc/ssh/ssh_host_ed25519_key'}, {'name': 'flags', 'type': 'int', 'value': 'O_RDONLY'}, {'name': 'mode', 'type': 'mode_t', 'value': 1420050091}]",0,0
3876.022455,7667,7667,7099,0,4026531840,sshd,ip-10-100-1-57,5,fstat,[],2,0,"[{'name': 'fd', 'type': 'int', 'value': 4}, {'name': 'statbuf', 'type': 'struct stat*', 'value': '0x7FFC12F37D60'}]",0,0
3876.022685,7667,7667,7099,0,4026531840,sshd,ip-10-100-1-57,3,close,[],1,0,"[{'name': 'fd', 'type': 'int', 'value': 4}]",0,0
3876.022863,7667,7667,7099,0,4026531840,sshd,ip-10-100-1-57,1005,security_file_open,[],4,0,"[{'name': 'pathname', 'type': 'const char*', 'value': '/etc/ssh/ssh_host_ed25519_key'}, {'name': 'flags', 'type': 'int', 'value': 'O_RDONLY|O_LARGEFILE'}, {'name': 'dev', 'type': 'dev_t', 'value': 211812353}, {'name': 'inode', 'type': 'unsigned long', 'value': 61068}]",0,0
3876.02308,7667,7667,7099,0,4026531840,sshd,ip-10-100-1-57,257,openat,[],4,4,"[{'name': 'dirfd', 'type': 'int', 'value': -100}, {'name': 'pathname', 'type': 'const char*', 'value': '/etc/ssh/ssh_host_ed25519_key'}, {'name': 'flags', 'type': 'int', 'value': 'O_RDONLY'}, {'name': 'mode', 'type': 'mode_t', 'value': 1420050091}]",0,0
3876.023182,7667,7667,7099,0,4026531840,sshd,ip-10-100-1-57,5,fstat,[],2,0,"[{'name': 'fd', 'type': 'int', 'value': 4}, {'name': 'statbuf', 'type': 'struct stat*', 'value': '0x7FFC12F38C30'}]",0,0
3876.023327,7667,7667,7099,0,4026531840,sshd,ip-10-100-1-57,3,close,[140313706665131],1,0,"[{'name': 'fd', 'type': 'int', 'value': 4}]",0,0
3876.023384,7667,7667,7099,0,4026531840,sshd,ip-10-100-1-57,1005,security_file_open,[],4,0,"[{'name': 'pathname', 'type': 'const char*', 'value': '/etc/ssh/ssh_host_ed25519_key.pub'}, {'name': 'flags', 'type': 'int', 'value': 'O_RDONLY|O_LARGEFILE'}, {'name': 'dev', 'type': 'dev_t', 'value': 211812353}, {'name': 'inode', 'type': 'unsigned long', 'value': 61069}]",0,0
3876.02356,7667,7667,7099,0,4026531840,sshd,ip-10-100-1-57,257,openat,[],4,4,"[{'name': 'dirfd', 'type': 'int', 'value': -100}, {'name': 'pathname', 'type': 'const char*', 'value': '/etc/ssh/ssh_host_ed25519_key.pub'}, {'name': 'flags', 'type': 'int', 'value': 'O_RDONLY'}, {'name': 'mode', 'type': 'mode_t', 'value': 1420050091}]",0,0
3876.023604,7667,7667,7099,0,4026531840,sshd,ip-10-100-1-57,5,fstat,[],2,0,"[{'name': 'fd', 'type': 'int', 'value': 4}, {'name': 'statbuf', 'type': 'struct stat*', 'value': '0x7FFC12F38C30'}]",0,0
3876.023673,7667,7667,7099,0,4026531840,sshd,ip-10-100-1-57,3,close,[],1,0,"[{'name': 'fd', 'type': 'int', 'value': 4}]",0,0
3876.02512,7667,7667,7099,0,4026531840,sshd,ip-10-100-1-57,4,stat,"[140313706640938, 94167311792592, 110399776305006]",2,0,"[{'name': 'pathname', 'type': 'const char*', 'value': '/run/sshd'}, {'name': 'statbuf', 'type': 'struct stat*', 'value': '0x7FFC12F38F00'}]",0,0
3876.025796,7667,7667,7099,0,4026531840,sshd,ip-10-100-1-57,1003,cap_capable,[],1,0,"[{'name': 'cap', 'type': 'int', 'value': 'CAP_SETGID'}]",0,0
3876.025891,7667,7667,7099,0,4026531840,sshd,ip-10-100-1-57,1005,security_file_open,"[140313706643115, 6064216145394624768]",4,0,"[{'name': 'pathname', 'type': 'const char*', 'value': '/dev/tty'}, {'name': 'flags', 'type': 'int', 'value': 'O_RDONLY|O_NOCTTY|O_LARGEFILE'}, {'name': 'dev', 'type': 'dev_t', 'value': 6}, {'name': 'inode', 'type': 'unsigned long', 'value': 13}]",0,0
3876.025962,7667,7667,7099,0,4026531840,sshd,ip-10-100-1-57,257,openat,[],4,-6,"[{'name': 'dirfd', 'type': 'int', 'value': -100}, {'name': 'pathname', 'type': 'const char*', 'value': '/dev/tty'}, {'name': 'flags', 'type': 'int', 'value': 'O_RDONLY|O_NOCTTY'}, {'name': 'mode', 'type': 'mode_t', 'value': 1420050091}]",0,0
3876.026015,7667,7667,7099,0,4026531840,sshd,ip-10-100-1-57,3,close,"[140313706645895, 94167311792592, 110399776305006]",1,0,"[{'name': 'fd', 'type': 'int', 'value': 5}]",0,0
3876.026081,7667,7667,7099,0,4026531840,sshd,ip-10-100-1-57,32,dup,[],1,4,"[{'name': 'oldfd', 'type': 'int', 'value': 0}]",0,0
3876.026177,7667,7667,7099,0,4026531840,sshd,ip-10-100-1-57,1005,security_file_open,[],4,0,"[{'name': 'pathname', 'type': 'const char*', 'value': '/dev/null'}, {'name': 'flags', 'type': 'int', 'value': 'O_RDWR|O_LARGEFILE'}, {'name': 'dev', 'type': 'dev_t', 'value': 6}, {'name': 'inode', 'type': 'unsigned long', 'value': 6}]",0,0
3876.026387,7667,7667,7099,0,4026531840,sshd,ip-10-100-1-57,257,openat,[],4,5,"[{'name': 'dirfd', 'type': 'int', 'value': -100}, {'name': 'pathname', 'type': 'const char*', 'value': '/dev/null'}, {'name': 'flags', 'type': 'int', 'value': 'O_RDWR'}, {'name': 'mode', 'type': 'mode_t', 'value': 1420050091}]",0,0
3876.026437,7667,7667,7099,0,4026531840,sshd,ip-10-100-1-57,33,dup2,[140313706646075],2,0,"[{'name': 'oldfd', 'type': 'int', 'value': 5}, {'name': 'newfd', 'type': 'int', 'value': 0}]",0,0
3876.026492,7667,7667,7099,0,4026531840,sshd,ip-10-100-1-57,33,dup2,[],2,1,"[{'name': 'oldfd', 'type': 'int', 'value': 5}, {'name': 'newfd', 'type': 'int', 'value': 1}]",0,0
3876.026524,7667,7667,7099,0,4026531840,sshd,ip-10-100-1-57,33,dup2,[],2,2,"[{'name': 'oldfd', 'type': 'int', 'value': 5}, {'name': 'newfd', 'type': 'int', 'value': 2}]",0,0
3876.02656,7667,7667,7099,0,4026531840,sshd,ip-10-100-1-57,3,close,[],1,0,"[{'name': 'fd', 'type': 'int', 'value': 5}]",0,0
3876.026822,7667,7667,7099,0,4026531840,sshd,ip-10-100-1-57,51,getsockname,[],3,0,"[{'name': 'sockfd', 'type': 'int', 'value': 4}, {'name': 'addr', 'type': 'void*', 'value': ""{'sa_family': 'AF_INET','sin_port': '22','sin_addr': '10.100.1.57'}""}, {'name': 'addrlen', 'type': 'int*', 'value': '0x7FFC12F3896C'}]",0,0
3876.026977,7667,7667,7099,0,4026531840,sshd,ip-10-100-1-57,51,getsockname,[],3,0,"[{'name': 'sockfd', 'type': 'int', 'value': 4}, {'name': 'addr', 'type': 'void*', 'value': ""{'sa_family': 'AF_INET','sin_port': '22','sin_addr': '10.100.1.57'}""}, {'name': 'addrlen', 'type': 'int*', 'value': '0x7FFC12F38D5C'}]",0,0
3876.027141,7667,7667,7099,0,4026531840,sshd,ip-10-100-1-57,51,getsockname,[],3,0,"[{'name': 'sockfd', 'type': 'int', 'value': 4}, {'name': 'addr', 'type': 'void*', 'value': ""{'sa_family': 'AF_INET','sin_port': '22','sin_addr': '10.100.1.57'}""}, {'name': 'addrlen', 'type': 'int*', 'value': '0x7FFC12F36E4C'}]",0,0
3876.027293,7667,7667,7099,0,4026531840,sshd,ip-10-100-1-57,1005,security_file_open,[],4,0,"[{'name': 'pathname', 'type': 'const char*', 'value': '/etc/hosts.allow'}, {'name': 'flags', 'type': 'int', 'value': 'O_RDONLY|O_LARGEFILE'}, {'name': 'dev', 'type': 'dev_t', 'value': 211812353}, {'name': 'inode', 'type': 'unsigned long', 'value': 757}]",0,0
3876.027451,7667,7667,7099,0,4026531840,sshd,ip-10-100-1-57,257,openat,[],4,5,"[{'name': 'dirfd', 'type': 'int', 'value': -100}, {'name': 'pathname', 'type': 'const char*', 'value': '/etc/hosts.allow'}, {'name': 'flags', 'type': 'int', 'value': 'O_RDONLY'}, {'name': 'mode', 'type': 'mode_t', 'value': 1420050091}]",0,0
3876.027497,7667,7667,7099,0,4026531840,sshd,ip-10-100-1-57,5,fstat,[],2,0,"[{'name': 'fd', 'type': 'int', 'value': 5}, {'name': 'statbuf', 'type': 'struct stat*', 'value': '0x7FFC12F383E0'}]",0,0
3876.027555,7667,7667,7099,0,4026531840,sshd,ip-10-100-1-57,3,close,[140313706665131],1,0,"[{'name': 'fd', 'type': 'int', 'value': 5}]",0,0
3876.027727,7667,7667,7099,0,4026531840,sshd,ip-10-100-1-57,1005,security_file_open,[],4,0,"[{'name': 'pathname', 'type': 'const char*', 'value': '/etc/hosts.deny'}, {'name': 'flags', 'type': 'int', 'value': 'O_RDONLY|O_LARGEFILE'}, {'name': 'dev', 'type': 'dev_t', 'value': 211812353}, {'name': 'inode', 'type': 'unsigned long', 'value': 758}]",0,0
3876.027796,7667,7667,7099,0,4026531840,sshd,ip-10-100-1-57,257,openat,[],4,5,"[{'name': 'dirfd', 'type': 'int', 'value': -100}, {'name': 'pathname', 'type': 'const char*', 'value': '/etc/hosts.deny'}, {'name': 'flags', 'type': 'int', 'value': 'O_RDONLY'}, {'name': 'mode', 'type': 'mode_t', 'value': 1420050091}]",0,0
3876.027847,7667,7667,7099,0,4026531840,sshd,ip-10-100-1-57,5,fstat,[],2,0,"[{'name': 'fd', 'type': 'int', 'value': 5}, {'name': 'statbuf', 'type': 'struct stat*', 'value': '0x7FFC12F383E0'}]",0,0
3876.027972,7667,7667,7099,0,4026531840,sshd,ip-10-100-1-57,3,close,[],1,0,"[{'name': 'fd', 'type': 'int', 'value': 5}]",0,0
3876.028123,7667,7667,7099,0,4026531840,sshd,ip-10-100-1-57,51,getsockname,[],3,0,"[{'name': 'sockfd', 'type': 'int', 'value': 4}, {'name': 'addr', 'type': 'void*', 'value': ""{'sin_port': '22','sin_addr': '10.100.1.57','sa_family': 'AF_INET'}""}, {'name': 'addrlen', 'type': 'int*', 'value': '0x7FFC12F389BC'}]",0,0
3876.236999,7667,7667,7099,0,4026531840,sshd,ip-10-100-1-57,56,clone,[],5,7668,"[{'name': 'flags', 'type': 'unsigned int', 'value': 'CLONE_CHILD_CLEARTID|CLONE_CHILD_SETTID'}, {'name': 'stack', 'type': 'void*', 'value': '0x0'}, {'name': 'parent_tid', 'type': 'int*', 'value': '0x0'}, {'name': 'child_tid', 'type': 'int*', 'value': '0x7F9D54A190BF'}, {'name': 'tls', 'type': 'unsigned long', 'value': 0}]",0,0
3876.237317,7667,7667,7099,0,4026531840,sshd,ip-10-100-1-57,3,close,[],1,0,"[{'name': 'fd', 'type': 'int', 'value': 5}]",0,0
3876.237433,7667,7667,7099,0,4026531840,sshd,ip-10-100-1-57,3,close,[],1,0,"[{'name': 'fd', 'type': 'int', 'value': 8}]",0,0
3876.237694,7668,7668,7667,0,4026531840,sshd,ip-10-100-1-57,3,close,[],1,0,"[{'name': 'fd', 'type': 'int', 'value': 6}]",0,0
3876.237803,7668,7668,7667,0,4026531840,sshd,ip-10-100-1-57,3,close,[],1,0,"[{'name': 'fd', 'type': 'int', 'value': 7}]",0,0
3876.238089,7668,7668,7667,0,4026531840,sshd,ip-10-100-1-57,6,lstat,[],2,-2,"[{'name': 'pathname', 'type': 'const char*', 'value': '/etc/gss/mech'}, {'name': 'statbuf', 'type': 'struct stat*', 'value': '0x7FFC12F38B90'}]",0,0
3876.238207,7668,7668,7667,0,4026531840,sshd,ip-10-100-1-57,1005,security_file_open,[],4,0,"[{'name': 'pathname', 'type': 'const char*', 'value': '/etc/gss/mech.d'}, {'name': 'flags', 'type': 'int', 'value': 'O_RDONLY|O_NONBLOCK|O_LARGEFILE|O_DIRECTORY'}, {'name': 'dev', 'type': 'dev_t', 'value': 211812353}, {'name': 'inode', 'type': 'unsigned long', 'value': 1421}]",0,0
3876.23826,7668,7668,7667,0,4026531840,sshd,ip-10-100-1-57,257,openat,[],4,6,"[{'name': 'dirfd', 'type': 'int', 'value': -100}, {'name': 'pathname', 'type': 'const char*', 'value': '/etc/gss/mech.d'}, {'name': 'flags', 'type': 'int', 'value': 'O_RDONLY|O_NONBLOCK|O_DIRECTORY|O_CLOEXEC'}, {'name': 'mode', 'type': 'mode_t', 'value': 1420072540}]",0,0
3876.238397,7668,7668,7667,0,4026531840,sshd,ip-10-100-1-57,5,fstat,[140313706641033],2,0,"[{'name': 'fd', 'type': 'int', 'value': 6}, {'name': 'statbuf', 'type': 'struct stat*', 'value': '0x7FFC12F38360'}]",0,0
3876.238454,7668,7668,7667,0,4026531840,sshd,ip-10-100-1-57,217,getdents64,[],3,48,"[{'name': 'fd', 'type': 'int', 'value': 6}, {'name': 'dirp', 'type': 'struct linux_dirent64*', 'value': '0x55A5092EBD30'}, {'name': 'count', 'type': 'size_t', 'value': 32768}]",0,0
3876.23852,7668,7668,7667,0,4026531840,sshd,ip-10-100-1-57,217,getdents64,[],3,0,"[{'name': 'fd', 'type': 'int', 'value': 6}, {'name': 'dirp', 'type': 'struct linux_dirent64*', 'value': '0x55A5092EBD30'}, {'name': 'count', 'type': 'size_t', 'value': 32768}]",0,0
3876.238555,7668,7668,7667,0,4026531840,sshd,ip-10-100-1-57,3,close,[],1,0,"[{'name': 'fd', 'type': 'int', 'value': 6}]",0,0
3876.239747,7668,7668,7667,0,4026531840,sshd,ip-10-100-1-57,1003,cap_capable,[],1,0,"[{'name': 'cap', 'type': 'int', 'value': 'CAP_SYS_CHROOT'}]",0,0
3876.23983,7668,7668,7667,0,4026531840,sshd,ip-10-100-1-57,1003,cap_capable,[],1,0,"[{'name': 'cap', 'type': 'int', 'value': 'CAP_SETGID'}]",0,0
3876.239884,7668,7668,7667,0,4026531840,sshd,ip-10-100-1-57,1003,cap_capable,[],1,0,"[{'name': 'cap', 'type': 'int', 'value': 'CAP_SETGID'}]",0,0
3876.239924,7668,7668,7667,0,4026531840,sshd,ip-10-100-1-57,1003,cap_capable,[],1,0,"[{'name': 'cap', 'type': 'int', 'value': 'CAP_SETUID'}]",0,0
3876.239984,7668,7668,7667,109,4026531840,sshd,ip-10-100-1-57,1003,cap_capable,[],1,0,"[{'name': 'cap', 'type': 'int', 'value': 'CAP_SETGID'}]",0,0
3876.240007,7668,7668,7667,109,4026531840,sshd,ip-10-100-1-57,106,setgid,[],1,-1,"[{'name': 'gid', 'type': 'gid_t', 'value': 0}]",0,0
3876.24004,7668,7668,7667,109,4026531840,sshd,ip-10-100-1-57,1003,cap_capable,[],1,0,"[{'name': 'cap', 'type': 'int', 'value': 'CAP_SETGID'}]",0,0
3876.240084,7668,7668,7667,109,4026531840,sshd,ip-10-100-1-57,1003,cap_capable,[],1,0,"[{'name': 'cap', 'type': 'int', 'value': 'CAP_SETUID'}]",0,0
3876.240106,7668,7668,7667,109,4026531840,sshd,ip-10-100-1-57,105,setuid,[],1,-1,"[{'name': 'uid', 'type': 'uid_t', 'value': 0}]",0,0
3876.240159,7668,7668,7667,109,4026531840,sshd,ip-10-100-1-57,1003,cap_capable,[],1,0,"[{'name': 'cap', 'type': 'int', 'value': 'CAP_SETUID'}]",0,0
3876.240243,7668,7668,7667,109,4026531840,sshd,ip-10-100-1-57,157,prctl,[140313706716830],5,0,"[{'name': 'option', 'type': 'int', 'value': 'PR_SET_NO_NEW_PRIVS'}, {'name': 'arg2', 'type': 'unsigned long', 'value': 1}, {'name': 'arg3', 'type': 'unsigned long', 'value': 0}, {'name': 'arg4', 'type': 'unsigned long', 'value': 140313706716830}, {'name': 'arg5', 'type': 'unsigned long', 'value': 0}]",0,0
3876.240361,7668,7668,7667,109,4026531840,sshd,ip-10-100-1-57,157,prctl,[],5,0,"[{'name': 'option', 'type': 'int', 'value': 'PR_SET_SECCOMP'}, {'name': 'arg2', 'type': 'unsigned long', 'value': 2}, {'name': 'arg3', 'type': 'unsigned long', 'value': 94167299018336}, {'name': 'arg4', 'type': 'unsigned long', 'value': 140313706716830}, {'name': 'arg5', 'type': 'unsigned long', 'value': 0}]",0,0
3877.618533,7667,7667,7099,0,4026531840,sshd,ip-10-100-1-57,1005,security_file_open,[],4,0,"[{'name': 'pathname', 'type': 'const char*', 'value': '/etc/passwd'}, {'name': 'flags', 'type': 'int', 'value': 'O_RDONLY|O_LARGEFILE'}, {'name': 'dev', 'type': 'dev_t', 'value': 211812353}, {'name': 'inode', 'type': 'unsigned long', 'value': 61241}]",0,0
3877.619606,7667,7667,7099,0,4026531840,sshd,ip-10-100-1-57,257,openat,[],4,5,"[{'name': 'dirfd', 'type': 'int', 'value': -100}, {'name': 'pathname', 'type': 'const char*', 'value': '/etc/passwd'}, {'name': 'flags', 'type': 'int', 'value': 'O_RDONLY|O_CLOEXEC'}, {'name': 'mode', 'type': 'mode_t', 'value': 1420072540}]",0,0
3877.620408,7667,7667,7099,0,4026531840,sshd,ip-10-100-1-57,5,fstat,[],2,0,"[{'name': 'fd', 'type': 'int', 'value': 5}, {'name': 'statbuf', 'type': 'struct stat*', 'value': '0x7FFC12F38A70'}]",0,0
3877.621258,7667,7667,7099,0,4026531840,sshd,ip-10-100-1-57,3,close,[140313706665131],1,0,"[{'name': 'fd', 'type': 'int', 'value': 5}]",0,0
3877.622046,7667,7667,7099,0,4026531840,sshd,ip-10-100-1-57,4,stat,[],2,0,"[{'name': 'pathname', 'type': 'const char*', 'value': '/bin/bash'}, {'name': 'statbuf', 'type': 'struct stat*', 'value': '0x7FFC12F38C90'}]",0,0
3877.62413,7667,7667,7099,0,4026531840,sshd,ip-10-100-1-57,1005,security_file_open,[],4,0,"[{'name': 'pathname', 'type': 'const char*', 'value': '/etc/pam.d/sshd'}, {'name': 'flags', 'type': 'int', 'value': 'O_RDONLY|O_LARGEFILE'}, {'name': 'dev', 'type': 'dev_t', 'value': 211812353}, {'name': 'inode', 'type': 'unsigned long', 'value': 579}]",0,0
3877.623373,7667,7667,7099,0,4026531840,sshd,ip-10-100-1-57,4,stat,[],2,0,"[{'name': 'pathname', 'type': 'const char*', 'value': '/etc/pam.d'}, {'name': 'statbuf', 'type': 'struct stat*', 'value': '0x7FFC12F38C40'}]",0,0
3877.625596,7667,7667,7099,0,4026531840,sshd,ip-10-100-1-57,5,fstat,[],2,0,"[{'name': 'fd', 'type': 'int', 'value': 5}, {'name': 'statbuf', 'type': 'struct stat*', 'value': '0x7FFC12F38490'}]",0,0
3877.624906,7667,7667,7099,0,4026531840,sshd,ip-10-100-1-57,257,openat,[],4,5,"[{'name': 'dirfd', 'type': 'int', 'value': -100}, {'name': 'pathname', 'type': 'const char*', 'value': '/etc/pam.d/sshd'}, {'name': 'flags', 'type': 'int', 'value': 'O_RDONLY'}, {'name': 'mode', 'type': 'mode_t', 'value': 1420050091}]",0,0
3877.626105,7667,7667,7099,0,4026531840,sshd,ip-10-100-1-57,4,stat,[],2,0,"[{'name': 'pathname', 'type': 'const char*', 'value': '/etc/pam.d'}, {'name': 'statbuf', 'type': 'struct stat*', 'value': '0x7FFC12F38750'}]",0,0
3877.626589,7667,7667,7099,0,4026531840,sshd,ip-10-100-1-57,1005,security_file_open,[],4,0,"[{'name': 'pathname', 'type': 'const char*', 'value': '/etc/pam.d/common-auth'}, {'name': 'flags', 'type': 'int', 'value': 'O_RDONLY|O_LARGEFILE'}, {'name': 'dev', 'type': 'dev_t', 'value': 211812353}, {'name': 'inode', 'type': 'unsigned long', 'value': 256146}]",0,0
3877.627127,7667,7667,7099,0,4026531840,sshd,ip-10-100-1-57,257,openat,[],4,8,"[{'name': 'dirfd', 'type': 'int', 'value': -100}, {'name': 'pathname', 'type': 'const char*', 'value': '/etc/pam.d/common-auth'}, {'name': 'flags', 'type': 'int', 'value': 'O_RDONLY'}, {'name': 'mode', 'type': 'mode_t', 'value': 1420050091}]",0,0
3877.62764,7667,7667,7099,0,4026531840,sshd,ip-10-100-1-57,5,fstat,[],2,0,"[{'name': 'fd', 'type': 'int', 'value': 8}, {'name': 'statbuf', 'type': 'struct stat*', 'value': '0x7FFC12F37E80'}]",0,0
3877.628203,7667,7667,7099,0,4026531840,sshd,ip-10-100-1-57,1005,security_file_open,[],4,0,"[{'name': 'pathname', 'type': 'const char*', 'value': '/usr/lib/x86_64-linux-gnu/security/pam_unix.so'}, {'name': 'flags', 'type': 'int', 'value': 'O_RDONLY|O_LARGEFILE'}, {'name': 'dev', 'type': 'dev_t', 'value': 211812353}, {'name': 'inode', 'type': 'unsigned long', 'value': 3797}]",0,0
3877.628734,7667,7667,7099,0,4026531840,sshd,ip-10-100-1-57,257,openat,[],4,9,"[{'name': 'dirfd', 'type': 'int', 'value': -100}, {'name': 'pathname', 'type': 'const char*', 'value': '/lib/x86_64-linux-gnu/security/pam_unix.so'}, {'name': 'flags', 'type': 'int', 'value': 'O_RDONLY|O_CLOEXEC'}, {'name': 'mode', 'type': 'mode_t', 'value': 1426947928}]",0,0
3877.629408,7667,7667,7099,0,4026531840,sshd,ip-10-100-1-57,5,fstat,"[140313713540393, 140313713456667]",2,0,"[{'name': 'fd', 'type': 'int', 'value': 9}, {'name': 'statbuf', 'type': 'struct stat*', 'value': '0x7FFC12F37680'}]",0,0
3877.630008,7667,7667,7099,0,4026531840,sshd,ip-10-100-1-57,3,close,"[140313713540635, 140313713456667]",1,0,"[{'name': 'fd', 'type': 'int', 'value': 9}]",0,0
3877.630678,7667,7667,7099,0,4026531840,sshd,ip-10-100-1-57,1005,security_file_open,[],4,0,"[{'name': 'pathname', 'type': 'const char*', 'value': '/usr/lib/x86_64-linux-gnu/security/pam_succeed_if.so'}, {'name': 'flags', 'type': 'int', 'value': 'O_RDONLY|O_LARGEFILE'}, {'name': 'dev', 'type': 'dev_t', 'value': 211812353}, {'name': 'inode', 'type': 'unsigned long', 'value': 3790}]",0,0
3877.631195,7667,7667,7099,0,4026531840,sshd,ip-10-100-1-57,257,openat,[],4,9,"[{'name': 'dirfd', 'type': 'int', 'value': -100}, {'name': 'pathname', 'type': 'const char*', 'value': '/lib/x86_64-linux-gnu/security/pam_succeed_if.so'}, {'name': 'flags', 'type': 'int', 'value': 'O_RDONLY|O_CLOEXEC'}, {'name': 'mode', 'type': 'mode_t', 'value': 1426947928}]",0,0
3877.631744,7667,7667,7099,0,4026531840,sshd,ip-10-100-1-57,5,fstat,"[140313713540393, 140313713456667]",2,0,"[{'name': 'fd', 'type': 'int', 'value': 9}, {'name': 'statbuf', 'type': 'struct stat*', 'value': '0x7FFC12F37680'}]",0,0
3877.631862,7667,7667,7099,0,4026531840,sshd,ip-10-100-1-57,3,close,"[140313713540635, 140313713456667]",1,0,"[{'name': 'fd', 'type': 'int', 'value': 9}]",0,0
3877.631992,7667,7667,7099,0,4026531840,sshd,ip-10-100-1-57,1005,security_file_open,[],4,0,"[{'name': 'pathname', 'type': 'const char*', 'value': '/usr/lib/x86_64-linux-gnu/security/pam_deny.so'}, {'name': 'flags', 'type': 'int', 'value': 'O_RDONLY|O_LARGEFILE'}, {'name': 'dev', 'type': 'dev_t', 'value': 211812353}, {'name': 'inode', 'type': 'unsigned long', 'value': 3759}]",0,0
3877.632042,7667,7667,7099,0,4026531840,sshd,ip-10-100-1-57,257,openat,[],4,9,"[{'name': 'dirfd', 'type': 'int', 'value': -100}, {'name': 'pathname', 'type': 'const char*', 'value': '/lib/x86_64-linux-gnu/security/pam_deny.so'}, {'name': 'flags', 'type': 'int', 'value': 'O_RDONLY|O_CLOEXEC'}, {'name': 'mode', 'type': 'mode_t', 'value': 1426947928}]",0,0
3877.632103,7667,7667,7099,0,4026531840,sshd,ip-10-100-1-57,5,fstat,[],2,0,"[{'name': 'fd', 'type': 'int', 'value': 9}, {'name': 'statbuf', 'type': 'struct stat*', 'value': '0x7FFC12F37680'}]",0,0
3877.63219,7667,7667,7099,0,4026531840,sshd,ip-10-100-1-57,3,close,[],1,0,"[{'name': 'fd', 'type': 'int', 'value': 9}]",0,0
3877.63311,7667,7667,7099,0,4026531840,sshd,ip-10-100-1-57,1005,security_file_open,[],4,0,"[{'name': 'pathname', 'type': 'const char*', 'value': '/usr/lib/x86_64-linux-gnu/security/pam_permit.so'}, {'name': 'flags', 'type': 'int', 'value': 'O_RDONLY|O_LARGEFILE'}, {'name': 'dev', 'type': 'dev_t', 'value': 211812353}, {'name': 'inode', 'type': 'unsigned long', 'value': 3781}]",0,0
3877.633212,7667,7667,7099,0,4026531840,sshd,ip-10-100-1-57,257,openat,[],4,9,"[{'name': 'dirfd', 'type': 'int', 'value': -100}, {'name': 'pathname', 'type': 'const char*', 'value': '/lib/x86_64-linux-gnu/security/pam_permit.so'}, {'name': 'flags', 'type': 'int', 'value': 'O_RDONLY|O_CLOEXEC'}, {'name': 'mode', 'type': 'mode_t', 'value': 1426947928}]",0,0
3877.633261,7667,7667,7099,0,4026531840,sshd,ip-10-100-1-57,5,fstat,"[140313713540393, 140313713456667]",2,0,"[{'name': 'fd', 'type': 'int', 'value': 9}, {'name': 'statbuf', 'type': 'struct stat*', 'value': '0x7FFC12F37680'}]",0,0
3877.633388,7667,7667,7099,0,4026531840,sshd,ip-10-100-1-57,3,close,"[140313713540635, 140313713456667]",1,0,"[{'name': 'fd', 'type': 'int', 'value': 9}]",0,0
3877.633472,7667,7667,7099,0,4026531840,sshd,ip-10-100-1-57,3,close,[140313706665131],1,0,"[{'name': 'fd', 'type': 'int', 'value': 8}]",0,0
3877.633648,7667,7667,7099,0,4026531840,sshd,ip-10-100-1-57,1005,security_file_open,[],4,0,"[{'name': 'pathname', 'type': 'const char*', 'value': '/usr/lib/x86_64-linux-gnu/security/pam_nologin.so'}, {'name': 'flags', 'type': 'int', 'value': 'O_RDONLY|O_LARGEFILE'}, {'name': 'dev', 'type': 'dev_t', 'value': 211812353}, {'name': 'inode', 'type': 'unsigned long', 'value': 3780}]",0,0
3877.633723,7667,7667,7099,0,4026531840,sshd,ip-10-100-1-57,257,openat,[],4,8,"[{'name': 'dirfd', 'type': 'int', 'value': -100}, {'name': 'pathname', 'type': 'const char*', 'value': '/lib/x86_64-linux-gnu/security/pam_nologin.so'}, {'name': 'flags', 'type': 'int', 'value': 'O_RDONLY|O_CLOEXEC'}, {'name': 'mode', 'type': 'mode_t', 'value': 1426947928}]",0,0
3877.633909,7667,7667,7099,0,4026531840,sshd,ip-10-100-1-57,5,fstat,[],2,0,"[{'name': 'fd', 'type': 'int', 'value': 8}, {'name': 'statbuf', 'type': 'struct stat*', 'value': '0x7FFC12F37C90'}]",0,0
3877.634007,7667,7667,7099,0,4026531840,sshd,ip-10-100-1-57,3,close,[],1,0,"[{'name': 'fd', 'type': 'int', 'value': 8}]",0,0
3877.634337,7667,7667,7099,0,4026531840,sshd,ip-10-100-1-57,1005,security_file_open,[],4,0,"[{'name': 'pathname', 'type': 'const char*', 'value': '/etc/pam.d/common-account'}, {'name': 'flags', 'type': 'int', 'value': 'O_RDONLY|O_LARGEFILE'}, {'name': 'dev', 'type': 'dev_t', 'value': 211812353}, {'name': 'inode', 'type': 'unsigned long', 'value': 560}]",0,0
3877.634155,7667,7667,7099,0,4026531840,sshd,ip-10-100-1-57,4,stat,"[140313706640938, 94167312044982]",2,0,"[{'name': 'pathname', 'type': 'const char*', 'value': '/etc/pam.d'}, {'name': 'statbuf', 'type': 'struct stat*', 'value': '0x7FFC12F38750'}]",0,0
3877.634426,7667,7667,7099,0,4026531840,sshd,ip-10-100-1-57,257,openat,[],4,8,"[{'name': 'dirfd', 'type': 'int', 'value': -100}, {'name': 'pathname', 'type': 'const char*', 'value': '/etc/pam.d/common-account'}, {'name': 'flags', 'type': 'int', 'value': 'O_RDONLY'}, {'name': 'mode', 'type': 'mode_t', 'value': 1420050091}]",0,0
3877.634607,7667,7667,7099,0,4026531840,sshd,ip-10-100-1-57,5,fstat,[],2,0,"[{'name': 'fd', 'type': 'int', 'value': 8}, {'name': 'statbuf', 'type': 'struct stat*', 'value': '0x7FFC12F37E80'}]",0,0
3877.634676,7667,7667,7099,0,4026531840,sshd,ip-10-100-1-57,3,close,[],1,0,"[{'name': 'fd', 'type': 'int', 'value': 8}]",0,0
3877.634741,7667,7667,7099,0,4026531840,sshd,ip-10-100-1-57,1005,security_file_open,[],4,0,"[{'name': 'pathname', 'type': 'const char*', 'value': '/usr/lib/x86_64-linux-gnu/security/pam_selinux.so'}, {'name': 'flags', 'type': 'int', 'value': 'O_RDONLY|O_LARGEFILE'}, {'name': 'dev', 'type': 'dev_t', 'value': 211812353}, {'name': 'inode', 'type': 'unsigned long', 'value': 3786}]",0,0
3877.634911,7667,7667,7099,0,4026531840,sshd,ip-10-100-1-57,257,openat,[],4,8,"[{'name': 'dirfd', 'type': 'int', 'value': -100}, {'name': 'pathname', 'type': 'const char*', 'value': '/lib/x86_64-linux-gnu/security/pam_selinux.so'}, {'name': 'flags', 'type': 'int', 'value': 'O_RDONLY|O_CLOEXEC'}, {'name': 'mode', 'type': 'mode_t', 'value': 1426947928}]",0,0
3877.634993,7667,7667,7099,0,4026531840,sshd,ip-10-100-1-57,5,fstat,[],2,0,"[{'name': 'fd', 'type': 'int', 'value': 8}, {'name': 'statbuf', 'type': 'struct stat*', 'value': '0x7FFC12F37C90'}]",0,0
3877.635215,7667,7667,7099,0,4026531840,sshd,ip-10-100-1-57,3,close,[],1,0,"[{'name': 'fd', 'type': 'int', 'value': 8}]",0,0
3877.635485,7667,7667,7099,0,4026531840,sshd,ip-10-100-1-57,1005,security_file_open,[],4,0,"[{'name': 'pathname', 'type': 'const char*', 'value': '/usr/lib/x86_64-linux-gnu/security/pam_loginuid.so'}, {'name': 'flags', 'type': 'int', 'value': 'O_RDONLY|O_LARGEFILE'}, {'name': 'dev', 'type': 'dev_t', 'value': 211812353}, {'name': 'inode', 'type': 'unsigned long', 'value': 3775}]",0,0
3877.637413,7667,7667,7099,0,4026531840,sshd,ip-10-100-1-57,257,openat,[],4,8,"[{'name': 'dirfd', 'type': 'int', 'value': -100}, {'name': 'pathname', 'type': 'const char*', 'value': '/lib/x86_64-linux-gnu/security/pam_loginuid.so'}, {'name': 'flags', 'type': 'int', 'value': 'O_RDONLY|O_CLOEXEC'}, {'name': 'mode', 'type': 'mode_t', 'value': 1426947928}]",0,0
3877.637489,7667,7667,7099,0,4026531840,sshd,ip-10-100-1-57,5,fstat,"[140313713540393, 140313713456667]",2,0,"[{'name': 'fd', 'type': 'int', 'value': 8}, {'name': 'statbuf', 'type': 'struct stat*', 'value': '0x7FFC12F37C90'}]",0,0
3877.637601,7667,7667,7099,0,4026531840,sshd,ip-10-100-1-57,3,close,"[140313713540635, 140313713456667]",1,0,"[{'name': 'fd', 'type': 'int', 'value': 8}]",0,0
3877.637933,7667,7667,7099,0,4026531840,sshd,ip-10-100-1-57,1005,security_file_open,[],4,0,"[{'name': 'pathname', 'type': 'const char*', 'value': '/usr/lib/x86_64-linux-gnu/security/pam_keyinit.so'}, {'name': 'flags', 'type': 'int', 'value': 'O_RDONLY|O_LARGEFILE'}, {'name': 'dev', 'type': 'dev_t', 'value': 211812353}, {'name': 'inode', 'type': 'unsigned long', 'value': 3770}]",0,0
3877.638138,7667,7667,7099,0,4026531840,sshd,ip-10-100-1-57,257,openat,[],4,8,"[{'name': 'dirfd', 'type': 'int', 'value': -100}, {'name': 'pathname', 'type': 'const char*', 'value': '/lib/x86_64-linux-gnu/security/pam_keyinit.so'}, {'name': 'flags', 'type': 'int', 'value': 'O_RDONLY|O_CLOEXEC'}, {'name': 'mode', 'type': 'mode_t', 'value': 1426947928}]",0,0
3877.638217,7667,7667,7099,0,4026531840,sshd,ip-10-100-1-57,5,fstat,[],2,0,"[{'name': 'fd', 'type': 'int', 'value': 8}, {'name': 'statbuf', 'type': 'struct stat*', 'value': '0x7FFC12F37C90'}]",0,0
3877.638307,7667,7667,7099,0,4026531840,sshd,ip-10-100-1-57,3,close,[],1,0,"[{'name': 'fd', 'type': 'int', 'value': 8}]",0,0
3877.639397,7667,7667,7099,0,4026531840,sshd,ip-10-100-1-57,4,stat,[],2,0,"[{'name': 'pathname', 'type': 'const char*', 'value': '/etc/pam.d'}, {'name': 'statbuf', 'type': 'struct stat*', 'value': '0x7FFC12F38750'}]",0,0
3877.639469,7667,7667,7099,0,4026531840,sshd,ip-10-100-1-57,1005,security_file_open,[],4,0,"[{'name': 'pathname', 'type': 'const char*', 'value': '/etc/pam.d/common-session'}, {'name': 'flags', 'type': 'int', 'value': 'O_RDONLY|O_LARGEFILE'}, {'name': 'dev', 'type': 'dev_t', 'value': 211812353}, {'name': 'inode', 'type': 'unsigned long', 'value': 562}]",0,0
3877.63957,7667,7667,7099,0,4026531840,sshd,ip-10-100-1-57,5,fstat,[],2,0,"[{'name': 'fd', 'type': 'int', 'value': 8}, {'name': 'statbuf', 'type': 'struct stat*', 'value': '0x7FFC12F37E80'}]",0,0
3877.639536,7667,7667,7099,0,4026531840,sshd,ip-10-100-1-57,257,openat,[],4,8,"[{'name': 'dirfd', 'type': 'int', 'value': -100}, {'name': 'pathname', 'type': 'const char*', 'value': '/etc/pam.d/common-session'}, {'name': 'flags', 'type': 'int', 'value': 'O_RDONLY'}, {'name': 'mode', 'type': 'mode_t', 'value': 1420050091}]",0,0
3877.639658,7667,7667,7099,0,4026531840,sshd,ip-10-100-1-57,1005,security_file_open,[],4,0,"[{'name': 'pathname', 'type': 'const char*', 'value': '/usr/lib/x86_64-linux-gnu/security/pam_umask.so'}, {'name': 'flags', 'type': 'int', 'value': 'O_RDONLY|O_LARGEFILE'}, {'name': 'dev', 'type': 'dev_t', 'value': 211812353}, {'name': 'inode', 'type': 'unsigned long', 'value': 3796}]",0,0
3877.639841,7667,7667,7099,0,4026531840,sshd,ip-10-100-1-57,257,openat,[],4,9,"[{'name': 'dirfd', 'type': 'int', 'value': -100}, {'name': 'pathname', 'type': 'const char*', 'value': '/lib/x86_64-linux-gnu/security/pam_umask.so'}, {'name': 'flags', 'type': 'int', 'value': 'O_RDONLY|O_CLOEXEC'}, {'name': 'mode', 'type': 'mode_t', 'value': 1426947928}]",0,0
3877.639919,7667,7667,7099,0,4026531840,sshd,ip-10-100-1-57,5,fstat,"[140313713540393, 140313713456667]",2,0,"[{'name': 'fd', 'type': 'int', 'value': 9}, {'name': 'statbuf', 'type': 'struct stat*', 'value': '0x7FFC12F37680'}]",0,0
3877.640025,7667,7667,7099,0,4026531840,sshd,ip-10-100-1-57,3,close,"[140313713540635, 140313713456667]",1,0,"[{'name': 'fd', 'type': 'int', 'value': 9}]",0,0
3877.640317,7667,7667,7099,0,4026531840,sshd,ip-10-100-1-57,1005,security_file_open,[],4,0,"[{'name': 'pathname', 'type': 'const char*', 'value': '/usr/lib/x86_64-linux-gnu/security/pam_systemd.so'}, {'name': 'flags', 'type': 'int', 'value': 'O_RDONLY|O_LARGEFILE'}, {'name': 'dev', 'type': 'dev_t', 'value': 211812353}, {'name': 'inode', 'type': 'unsigned long', 'value': 3760}]",0,0
3877.640535,7667,7667,7099,0,4026531840,sshd,ip-10-100-1-57,257,openat,[],4,9,"[{'name': 'dirfd', 'type': 'int', 'value': -100}, {'name': 'pathname', 'type': 'const char*', 'value': '/lib/x86_64-linux-gnu/security/pam_systemd.so'}, {'name': 'flags', 'type': 'int', 'value': 'O_RDONLY|O_CLOEXEC'}, {'name': 'mode', 'type': 'mode_t', 'value': 1426947928}]",0,0
3877.640617,7667,7667,7099,0,4026531840,sshd,ip-10-100-1-57,5,fstat,[],2,0,"[{'name': 'fd', 'type': 'int', 'value': 9}, {'name': 'statbuf', 'type': 'struct stat*', 'value': '0x7FFC12F37680'}]",0,0
3877.640743,7667,7667,7099,0,4026531840,sshd,ip-10-100-1-57,3,close,[],1,0,"[{'name': 'fd', 'type': 'int', 'value': 9}]",0,0
3877.642103,7667,7667,7099,0,4026531840,sshd,ip-10-100-1-57,1005,security_file_open,"[140313713540952, 140313713457546]",4,0,"[{'name': 'pathname', 'type': 'const char*', 'value': '/etc/ld.so.cache'}, {'name': 'flags', 'type': 'int', 'value': 'O_RDONLY|O_LARGEFILE'}, {'name': 'dev', 'type': 'dev_t', 'value': 211812353}, {'name': 'inode', 'type': 'unsigned long', 'value': 62841}]",0,0
3877.642175,7667,7667,7099,0,4026531840,sshd,ip-10-100-1-57,257,openat,[],4,9,"[{'name': 'dirfd', 'type': 'int', 'value': -100}, {'name': 'pathname', 'type': 'const char*', 'value': '/etc/ld.so.cache'}, {'name': 'flags', 'type': 'int', 'value': 'O_RDONLY|O_CLOEXEC'}, {'name': 'mode', 'type': 'mode_t', 'value': 1426947928}]",0,0
3877.642237,7667,7667,7099,0,4026531840,sshd,ip-10-100-1-57,5,fstat,[],2,0,"[{'name': 'fd', 'type': 'int', 'value': 9}, {'name': 'statbuf', 'type': 'struct stat*', 'value': '0x7FFC12F36F90'}]",0,0
3877.642303,7667,7667,7099,0,4026531840,sshd,ip-10-100-1-57,3,close,[],1,0,"[{'name': 'fd', 'type': 'int', 'value': 9}]",0,0
3877.642483,7667,7667,7099,0,4026531840,sshd,ip-10-100-1-57,1005,security_file_open,[],4,0,"[{'name': 'pathname', 'type': 'const char*', 'value': '/usr/lib/x86_64-linux-gnu/libpam_misc.so.0.82.1'}, {'name': 'flags', 'type': 'int', 'value': 'O_RDONLY|O_LARGEFILE'}, {'name': 'dev', 'type': 'dev_t', 'value': 211812353}, {'name': 'inode', 'type': 'unsigned long', 'value': 4524}]",0,0
3877.642541,7667,7667,7099,0,4026531840,sshd,ip-10-100-1-57,257,openat,[],4,9,"[{'name': 'dirfd', 'type': 'int', 'value': -100}, {'name': 'pathname', 'type': 'const char*', 'value': '/lib/x86_64-linux-gnu/libpam_misc.so.0'}, {'name': 'flags', 'type': 'int', 'value': 'O_RDONLY|O_CLOEXEC'}, {'name': 'mode', 'type': 'mode_t', 'value': 1426947928}]",0,0
3877.642604,7667,7667,7099,0,4026531840,sshd,ip-10-100-1-57,5,fstat,"[140313713540393, 140313713456667]",2,0,"[{'name': 'fd', 'type': 'int', 'value': 9}, {'name': 'statbuf', 'type': 'struct stat*', 'value': '0x7FFC12F36FE0'}]",0,0
3877.642881,7667,7667,7099,0,4026531840,sshd,ip-10-100-1-57,3,close,"[140313713540635, 140313713456667]",1,0,"[{'name': 'fd', 'type': 'int', 'value': 9}]",0,0
3877.64436,7667,7667,7099,0,4026531840,sshd,ip-10-100-1-57,3,close,[140313706665131],1,0,"[{'name': 'fd', 'type': 'int', 'value': 8}]",0,0
3877.645054,7667,7667,7099,0,4026531840,sshd,ip-10-100-1-57,1005,security_file_open,[],4,0,"[{'name': 'pathname', 'type': 'const char*', 'value': '/usr/lib/x86_64-linux-gnu/security/pam_motd.so'}, {'name': 'flags', 'type': 'int', 'value': 'O_RDONLY|O_LARGEFILE'}, {'name': 'dev', 'type': 'dev_t', 'value': 211812353}, {'name': 'inode', 'type': 'unsigned long', 'value': 3778}]",0,0
3877.645127,7667,7667,7099,0,4026531840,sshd,ip-10-100-1-57,257,openat,[],4,8,"[{'name': 'dirfd', 'type': 'int', 'value': -100}, {'name': 'pathname', 'type': 'const char*', 'value': '/lib/x86_64-linux-gnu/security/pam_motd.so'}, {'name': 'flags', 'type': 'int', 'value': 'O_RDONLY|O_CLOEXEC'}, {'name': 'mode', 'type': 'mode_t', 'value': 1426947928}]",0,0
3877.64519,7667,7667,7099,0,4026531840,sshd,ip-10-100-1-57,5,fstat,"[140313713540393, 140313713456667]",2,0,"[{'name': 'fd', 'type': 'int', 'value': 8}, {'name': 'statbuf', 'type': 'struct stat*', 'value': '0x7FFC12F37C90'}]",0,0
3877.64528,7667,7667,7099,0,4026531840,sshd,ip-10-100-1-57,3,close,"[140313713540635, 140313713456667]",1,0,"[{'name': 'fd', 'type': 'int', 'value': 8}]",0,0
3877.645593,7667,7667,7099,0,4026531840,sshd,ip-10-100-1-57,1005,security_file_open,[],4,0,"[{'name': 'pathname', 'type': 'const char*', 'value': '/usr/lib/x86_64-linux-gnu/security/pam_mail.so'}, {'name': 'flags', 'type': 'int', 'value': 'O_RDONLY|O_LARGEFILE'}, {'name': 'dev', 'type': 'dev_t', 'value': 211812353}, {'name': 'inode', 'type': 'unsigned long', 'value': 3776}]",0,0
3877.645671,7667,7667,7099,0,4026531840,sshd,ip-10-100-1-57,257,openat,[],4,8,"[{'name': 'dirfd', 'type': 'int', 'value': -100}, {'name': 'pathname', 'type': 'const char*', 'value': '/lib/x86_64-linux-gnu/security/pam_mail.so'}, {'name': 'flags', 'type': 'int', 'value': 'O_RDONLY|O_CLOEXEC'}, {'name': 'mode', 'type': 'mode_t', 'value': 1426947928}]",0,0
3877.645909,7667,7667,7099,0,4026531840,sshd,ip-10-100-1-57,5,fstat,[],2,0,"[{'name': 'fd', 'type': 'int', 'value': 8}, {'name': 'statbuf', 'type': 'struct stat*', 'value': '0x7FFC12F37C90'}]",0,0
3877.646007,7667,7667,7099,0,4026531840,sshd,ip-10-100-1-57,3,close,[],1,0,"[{'name': 'fd', 'type': 'int', 'value': 8}]",0,0
3877.646161,7667,7667,7099,0,4026531840,sshd,ip-10-100-1-57,1005,security_file_open,[],4,0,"[{'name': 'pathname', 'type': 'const char*', 'value': '/usr/lib/x86_64-linux-gnu/security/pam_limits.so'}, {'name': 'flags', 'type': 'int', 'value': 'O_RDONLY|O_LARGEFILE'}, {'name': 'dev', 'type': 'dev_t', 'value': 211812353}, {'name': 'inode', 'type': 'unsigned long', 'value': 3772}]",0,0
3877.646345,7667,7667,7099,0,4026531840,sshd,ip-10-100-1-57,257,openat,[],4,8,"[{'name': 'dirfd', 'type': 'int', 'value': -100}, {'name': 'pathname', 'type': 'const char*', 'value': '/lib/x86_64-linux-gnu/security/pam_limits.so'}, {'name': 'flags', 'type': 'int', 'value': 'O_RDONLY|O_CLOEXEC'}, {'name': 'mode', 'type': 'mode_t', 'value': 1426947928}]",0,0
3877.64654,7667,7667,7099,0,4026531840,sshd,ip-10-100-1-57,5,fstat,[],2,0,"[{'name': 'fd', 'type': 'int', 'value': 8}, {'name': 'statbuf', 'type': 'struct stat*', 'value': '0x7FFC12F37C90'}]",0,0
3877.6467,7667,7667,7099,0,4026531840,sshd,ip-10-100-1-57,3,close,[],1,0,"[{'name': 'fd', 'type': 'int', 'value': 8}]",0,0
3877.646934,7667,7667,7099,0,4026531840,sshd,ip-10-100-1-57,1005,security_file_open,[],4,0,"[{'name': 'pathname', 'type': 'const char*', 'value': '/usr/lib/x86_64-linux-gnu/security/pam_env.so'}, {'name': 'flags', 'type': 'int', 'value': 'O_RDONLY|O_LARGEFILE'}, {'name': 'dev', 'type': 'dev_t', 'value': 211812353}, {'name': 'inode', 'type': 'unsigned long', 'value': 3762}]",0,0
3877.648366,7667,7667,7099,0,4026531840,sshd,ip-10-100-1-57,257,openat,[],4,8,"[{'name': 'dirfd', 'type': 'int', 'value': -100}, {'name': 'pathname', 'type': 'const char*', 'value': '/lib/x86_64-linux-gnu/security/pam_env.so'}, {'name': 'flags', 'type': 'int', 'value': 'O_RDONLY|O_CLOEXEC'}, {'name': 'mode', 'type': 'mode_t', 'value': 1426947928}]",0,0
3877.648988,7667,7667,7099,0,4026531840,sshd,ip-10-100-1-57,5,fstat,"[140313713540393, 140313713456667]",2,0,"[{'name': 'fd', 'type': 'int', 'value': 8}, {'name': 'statbuf', 'type': 'struct stat*', 'value': '0x7FFC12F37C90'}]",0,0
3877.649127,7667,7667,7099,0,4026531840,sshd,ip-10-100-1-57,3,close,"[140313713540635, 140313713456667]",1,0,"[{'name': 'fd', 'type': 'int', 'value': 8}]",0,0
3877.649281,7667,7667,7099,0,4026531840,sshd,ip-10-100-1-57,4,stat,[],2,0,"[{'name': 'pathname', 'type': 'const char*', 'value': '/etc/pam.d'}, {'name': 'statbuf', 'type': 'struct stat*', 'value': '0x7FFC12F38750'}]",0,0
3877.649452,7667,7667,7099,0,4026531840,sshd,ip-10-100-1-57,1005,security_file_open,[],4,0,"[{'name': 'pathname', 'type': 'const char*', 'value': '/etc/pam.d/common-password'}, {'name': 'flags', 'type': 'int', 'value': 'O_RDONLY|O_LARGEFILE'}, {'name': 'dev', 'type': 'dev_t', 'value': 211812353}, {'name': 'inode', 'type': 'unsigned long', 'value': 561}]",0,0
3877.649505,7667,7667,7099,0,4026531840,sshd,ip-10-100-1-57,257,openat,[],4,8,"[{'name': 'dirfd', 'type': 'int', 'value': -100}, {'name': 'pathname', 'type': 'const char*', 'value': '/etc/pam.d/common-password'}, {'name': 'flags', 'type': 'int', 'value': 'O_RDONLY'}, {'name': 'mode', 'type': 'mode_t', 'value': 1420050091}]",0,0
3877.649538,7667,7667,7099,0,4026531840,sshd,ip-10-100-1-57,5,fstat,[],2,0,"[{'name': 'fd', 'type': 'int', 'value': 8}, {'name': 'statbuf', 'type': 'struct stat*', 'value': '0x7FFC12F37E80'}]",0,0
3877.64966,7667,7667,7099,0,4026531840,sshd,ip-10-100-1-57,3,close,[140313706665131],1,0,"[{'name': 'fd', 'type': 'int', 'value': 8}]",0,0
3877.649808,7667,7667,7099,0,4026531840,sshd,ip-10-100-1-57,3,close,[],1,0,"[{'name': 'fd', 'type': 'int', 'value': 5}]",0,0
3877.649871,7667,7667,7099,0,4026531840,sshd,ip-10-100-1-57,1005,security_file_open,[],4,0,"[{'name': 'pathname', 'type': 'const char*', 'value': '/etc/pam.d/other'}, {'name': 'flags', 'type': 'int', 'value': 'O_RDONLY|O_LARGEFILE'}, {'name': 'dev', 'type': 'dev_t', 'value': 211812353}, {'name': 'inode', 'type': 'unsigned long', 'value': 563}]",0,0
3877.650036,7667,7667,7099,0,4026531840,sshd,ip-10-100-1-57,257,openat,[],4,5,"[{'name': 'dirfd', 'type': 'int', 'value': -100}, {'name': 'pathname', 'type': 'const char*', 'value': '/etc/pam.d/other'}, {'name': 'flags', 'type': 'int', 'value': 'O_RDONLY'}, {'name': 'mode', 'type': 'mode_t', 'value': 1420050091}]",0,0
3877.650108,7667,7667,7099,0,4026531840,sshd,ip-10-100-1-57,5,fstat,[],2,0,"[{'name': 'fd', 'type': 'int', 'value': 5}, {'name': 'statbuf', 'type': 'struct stat*', 'value': '0x7FFC12F38490'}]",0,0
3877.650194,7667,7667,7099,0,4026531840,sshd,ip-10-100-1-57,4,stat,[],2,0,"[{'name': 'pathname', 'type': 'const char*', 'value': '/etc/pam.d'}, {'name': 'statbuf', 'type': 'struct stat*', 'value': '0x7FFC12F38750'}]",0,0
3877.650389,7667,7667,7099,0,4026531840,sshd,ip-10-100-1-57,1005,security_file_open,[],4,0,"[{'name': 'pathname', 'type': 'const char*', 'value': '/etc/pam.d/common-auth'}, {'name': 'flags', 'type': 'int', 'value': 'O_RDONLY|O_LARGEFILE'}, {'name': 'dev', 'type': 'dev_t', 'value': 211812353}, {'name': 'inode', 'type': 'unsigned long', 'value': 256146}]",0,0
3877.650484,7667,7667,7099,0,4026531840,sshd,ip-10-100-1-57,257,openat,[],4,8,"[{'name': 'dirfd', 'type': 'int', 'value': -100}, {'name': 'pathname', 'type': 'const char*', 'value': '/etc/pam.d/common-auth'}, {'name': 'flags', 'type': 'int', 'value': 'O_RDONLY'}, {'name': 'mode', 'type': 'mode_t', 'value': 1420050091}]",0,0
3877.650651,7667,7667,7099,0,4026531840,sshd,ip-10-100-1-57,5,fstat,[],2,0,"[{'name': 'fd', 'type': 'int', 'value': 8}, {'name': 'statbuf', 'type': 'struct stat*', 'value': '0x7FFC12F37E80'}]",0,0
3877.650772,7667,7667,7099,0,4026531840,sshd,ip-10-100-1-57,3,close,[],1,0,"[{'name': 'fd', 'type': 'int', 'value': 8}]",0,0
3877.650913,7667,7667,7099,0,4026531840,sshd,ip-10-100-1-57,4,stat,"[140313706640938, 94167312083975]",2,0,"[{'name': 'pathname', 'type': 'const char*', 'value': '/etc/pam.d'}, {'name': 'statbuf', 'type': 'struct stat*', 'value': '0x7FFC12F38750'}]",0,0
3877.650973,7667,7667,7099,0,4026531840,sshd,ip-10-100-1-57,1005,security_file_open,[],4,0,"[{'name': 'pathname', 'type': 'const char*', 'value': '/etc/pam.d/common-account'}, {'name': 'flags', 'type': 'int', 'value': 'O_RDONLY|O_LARGEFILE'}, {'name': 'dev', 'type': 'dev_t', 'value': 211812353}, {'name': 'inode', 'type': 'unsigned long', 'value': 560}]",0,0
3877.651102,7667,7667,7099,0,4026531840,sshd,ip-10-100-1-57,257,openat,[],4,8,"[{'name': 'dirfd', 'type': 'int', 'value': -100}, {'name': 'pathname', 'type': 'const char*', 'value': '/etc/pam.d/common-account'}, {'name': 'flags', 'type': 'int', 'value': 'O_RDONLY'}, {'name': 'mode', 'type': 'mode_t', 'value': 1420050091}]",0,0
3877.651198,7667,7667,7099,0,4026531840,sshd,ip-10-100-1-57,5,fstat,[],2,0,"[{'name': 'fd', 'type': 'int', 'value': 8}, {'name': 'statbuf', 'type': 'struct stat*', 'value': '0x7FFC12F37E80'}]",0,0
3877.651279,7667,7667,7099,0,4026531840,sshd,ip-10-100-1-57,3,close,[],1,0,"[{'name': 'fd', 'type': 'int', 'value': 8}]",0,0
3877.651457,7667,7667,7099,0,4026531840,sshd,ip-10-100-1-57,4,stat,"[140313706640938, 94167312084000]",2,0,"[{'name': 'pathname', 'type': 'const char*', 'value': '/etc/pam.d'}, {'name': 'statbuf', 'type': 'struct stat*', 'value': '0x7FFC12F38750'}]",0,0
3877.651535,7667,7667,7099,0,4026531840,sshd,ip-10-100-1-57,1005,security_file_open,[],4,0,"[{'name': 'pathname', 'type': 'const char*', 'value': '/etc/pam.d/common-password'}, {'name': 'flags', 'type': 'int', 'value': 'O_RDONLY|O_LARGEFILE'}, {'name': 'dev', 'type': 'dev_t', 'value': 211812353}, {'name': 'inode', 'type': 'unsigned long', 'value': 561}]",0,0
3877.651593,7667,7667,7099,0,4026531840,sshd,ip-10-100-1-57,257,openat,[],4,8,"[{'name': 'dirfd', 'type': 'int', 'value': -100}, {'name': 'pathname', 'type': 'const char*', 'value': '/etc/pam.d/common-password'}, {'name': 'flags', 'type': 'int', 'value': 'O_RDONLY'}, {'name': 'mode', 'type': 'mode_t', 'value': 1420050091}]",0,0
3877.651766,7667,7667,7099,0,4026531840,sshd,ip-10-100-1-57,5,fstat,[],2,0,"[{'name': 'fd', 'type': 'int', 'value': 8}, {'name': 'statbuf', 'type': 'struct stat*', 'value': '0x7FFC12F37E80'}]",0,0
3877.651832,7667,7667,7099,0,4026531840,sshd,ip-10-100-1-57,3,close,[],1,0,"[{'name': 'fd', 'type': 'int', 'value': 8}]",0,0
3877.651918,7667,7667,7099,0,4026531840,sshd,ip-10-100-1-57,4,stat,"[140313706640938, 94167312084024]",2,0,"[{'name': 'pathname', 'type': 'const char*', 'value': '/etc/pam.d'}, {'name': 'statbuf', 'type': 'struct stat*', 'value': '0x7FFC12F38750'}]",0,0
3877.652066,7667,7667,7099,0,4026531840,sshd,ip-10-100-1-57,1005,security_file_open,[],4,0,"[{'name': 'pathname', 'type': 'const char*', 'value': '/etc/pam.d/common-session'}, {'name': 'flags', 'type': 'int', 'value': 'O_RDONLY|O_LARGEFILE'}, {'name': 'dev', 'type': 'dev_t', 'value': 211812353}, {'name': 'inode', 'type': 'unsigned long', 'value': 562}]",0,0
3877.652219,7667,7667,7099,0,4026531840,sshd,ip-10-100-1-57,257,openat,[],4,8,"[{'name': 'dirfd', 'type': 'int', 'value': -100}, {'name': 'pathname', 'type': 'const char*', 'value': '/etc/pam.d/common-session'}, {'name': 'flags', 'type': 'int', 'value': 'O_RDONLY'}, {'name': 'mode', 'type': 'mode_t', 'value': 1420050091}]",0,0
3877.652272,7667,7667,7099,0,4026531840,sshd,ip-10-100-1-57,5,fstat,[],2,0,"[{'name': 'fd', 'type': 'int', 'value': 8}, {'name': 'statbuf', 'type': 'struct stat*', 'value': '0x7FFC12F37E80'}]",0,0
3877.652379,7667,7667,7099,0,4026531840,sshd,ip-10-100-1-57,3,close,[],1,0,"[{'name': 'fd', 'type': 'int', 'value': 8}]",0,0
3877.652544,7667,7667,7099,0,4026531840,sshd,ip-10-100-1-57,3,close,[],1,0,"[{'name': 'fd', 'type': 'int', 'value': 5}]",0,0
3877.652714,7667,7667,7099,0,4026531840,sshd,ip-10-100-1-57,51,getsockname,[],3,0,"[{'name': 'sockfd', 'type': 'int', 'value': 4}, {'name': 'addr', 'type': 'void*', 'value': ""{'sin_port': '22','sin_addr': '10.100.1.57','sa_family': 'AF_INET'}""}, {'name': 'addrlen', 'type': 'int*', 'value': '0x7FFC12F3889C'}]",0,0
3877.655281,7667,7667,7099,0,4026531840,sshd,ip-10-100-1-57,1005,security_file_open,[],4,0,"[{'name': 'pathname', 'type': 'const char*', 'value': '/etc/login.defs'}, {'name': 'flags', 'type': 'int', 'value': 'O_RDONLY|O_LARGEFILE'}, {'name': 'dev', 'type': 'dev_t', 'value': 211812353}, {'name': 'inode', 'type': 'unsigned long', 'value': 584}]",0,0
3877.655356,7667,7667,7099,0,4026531840,sshd,ip-10-100-1-57,257,openat,[],4,5,"[{'name': 'dirfd', 'type': 'int', 'value': -100}, {'name': 'pathname', 'type': 'const char*', 'value': '/etc/login.defs'}, {'name': 'flags', 'type': 'int', 'value': 'O_RDONLY'}, {'name': 'mode', 'type': 'mode_t', 'value': 1420050091}]",0,0
3877.655393,7667,7667,7099,0,4026531840,sshd,ip-10-100-1-57,5,fstat,[],2,0,"[{'name': 'fd', 'type': 'int', 'value': 5}, {'name': 'statbuf', 'type': 'struct stat*', 'value': '0x7FFC12F389C0'}]",0,0
3877.655553,7667,7667,7099,0,4026531840,sshd,ip-10-100-1-57,4,stat,[],2,-2,"[{'name': 'pathname', 'type': 'const char*', 'value': '/etc/securetty'}, {'name': 'statbuf', 'type': 'struct stat*', 'value': '0x7FFC12F38900'}]",0,0
3877.655484,7667,7667,7099,0,4026531840,sshd,ip-10-100-1-57,3,close,[140313706665131],1,0,"[{'name': 'fd', 'type': 'int', 'value': 5}]",0,0
3877.65565,7667,7667,7099,0,4026531840,sshd,ip-10-100-1-57,1005,security_file_open,[],4,0,"[{'name': 'pathname', 'type': 'const char*', 'value': '/usr/share/zoneinfo/Etc/UTC'}, {'name': 'flags', 'type': 'int', 'value': 'O_RDONLY|O_LARGEFILE'}, {'name': 'dev', 'type': 'dev_t', 'value': 211812353}, {'name': 'inode', 'type': 'unsigned long', 'value': 30883}]",0,0
3877.655837,7667,7667,7099,0,4026531840,sshd,ip-10-100-1-57,257,openat,[],4,5,"[{'name': 'dirfd', 'type': 'int', 'value': -100}, {'name': 'pathname', 'type': 'const char*', 'value': '/etc/localtime'}, {'name': 'flags', 'type': 'int', 'value': 'O_RDONLY|O_CLOEXEC'}, {'name': 'mode', 'type': 'mode_t', 'value': 1420072540}]",0,0
3877.655911,7667,7667,7099,0,4026531840,sshd,ip-10-100-1-57,5,fstat,[],2,0,"[{'name': 'fd', 'type': 'int', 'value': 5}, {'name': 'statbuf', 'type': 'struct stat*', 'value': '0x7FFC12F38490'}]",0,0
3877.655959,7667,7667,7099,0,4026531840,sshd,ip-10-100-1-57,5,fstat,[],2,0,"[{'name': 'fd', 'type': 'int', 'value': 5}, {'name': 'statbuf', 'type': 'struct stat*', 'value': '0x7FFC12F382C0'}]",0,0
3877.656171,7667,7667,7099,0,4026531840,sshd,ip-10-100-1-57,3,close,[],1,0,"[{'name': 'fd', 'type': 'int', 'value': 5}]",0,0
3877.656265,7667,7667,7099,0,4026531840,sshd,ip-10-100-1-57,41,socket,[],3,5,"[{'name': 'domain', 'type': 'int', 'value': 'AF_UNIX'}, {'name': 'type', 'type': 'const char*', 'value': 'SOCK_DGRAM|SOCK_CLOEXEC'}, {'name': 'protocol', 'type': 'int', 'value': 0}]",0,0
3877.656464,7667,7667,7099,0,4026531840,sshd,ip-10-100-1-57,42,connect,[],3,0,"[{'name': 'sockfd', 'type': 'int', 'value': 5}, {'name': 'addr', 'type': 'struct sockaddr*', 'value': ""{'sa_family': 'AF_UNIX','sun_path': '/dev/log'}""}, {'name': 'addrlen', 'type': 'int*', 'value': 110}]",0,0
3877.663374,7667,7667,7099,0,4026531840,sshd,ip-10-100-1-57,1005,security_file_open,[],4,0,"[{'name': 'pathname', 'type': 'const char*', 'value': '/etc/passwd'}, {'name': 'flags', 'type': 'int', 'value': 'O_RDONLY|O_LARGEFILE'}, {'name': 'dev', 'type': 'dev_t', 'value': 211812353}, {'name': 'inode', 'type': 'unsigned long', 'value': 61241}]",0,0
3877.663474,7667,7667,7099,0,4026531840,sshd,ip-10-100-1-57,257,openat,[],4,8,"[{'name': 'dirfd', 'type': 'int', 'value': -100}, {'name': 'pathname', 'type': 'const char*', 'value': '/etc/passwd'}, {'name': 'flags', 'type': 'int', 'value': 'O_RDONLY|O_CLOEXEC'}, {'name': 'mode', 'type': 'mode_t', 'value': 1420072540}]",0,0
3877.663523,7667,7667,7099,0,4026531840,sshd,ip-10-100-1-57,5,fstat,[],2,0,"[{'name': 'fd', 'type': 'int', 'value': 8}, {'name': 'statbuf', 'type': 'struct stat*', 'value': '0x7FFC12F38850'}]",0,0
3877.663742,7667,7667,7099,0,4026531840,sshd,ip-10-100-1-57,3,close,[140313706665131],1,0,"[{'name': 'fd', 'type': 'int', 'value': 8}]",0,0
3877.663887,7667,7667,7099,0,4026531840,sshd,ip-10-100-1-57,257,openat,[],4,8,"[{'name': 'dirfd', 'type': 'int', 'value': -100}, {'name': 'pathname', 'type': 'const char*', 'value': '/etc/shadow'}, {'name': 'flags', 'type': 'int', 'value': 'O_RDONLY|O_CLOEXEC'}, {'name': 'mode', 'type': 'mode_t', 'value': 1420072540}]",0,0
3877.66384,7667,7667,7099,0,4026531840,sshd,ip-10-100-1-57,1005,security_file_open,[],4,0,"[{'name': 'pathname', 'type': 'const char*', 'value': '/etc/shadow'}, {'name': 'flags', 'type': 'int', 'value': 'O_RDONLY|O_LARGEFILE'}, {'name': 'dev', 'type': 'dev_t', 'value': 211812353}, {'name': 'inode', 'type': 'unsigned long', 'value': 61093}]",0,0
3877.663926,7667,7667,7099,0,4026531840,sshd,ip-10-100-1-57,5,fstat,[],2,0,"[{'name': 'fd', 'type': 'int', 'value': 8}, {'name': 'statbuf', 'type': 'struct stat*', 'value': '0x7FFC12F38850'}]",0,0
3877.664022,7667,7667,7099,0,4026531840,sshd,ip-10-100-1-57,3,close,[],1,0,"[{'name': 'fd', 'type': 'int', 'value': 8}]",0,0
3877.664247,7667,7667,7099,0,4026531840,sshd,ip-10-100-1-57,1005,security_file_open,[],4,0,"[{'name': 'pathname', 'type': 'const char*', 'value': '/etc/passwd'}, {'name': 'flags', 'type': 'int', 'value': 'O_RDONLY|O_LARGEFILE'}, {'name': 'dev', 'type': 'dev_t', 'value': 211812353}, {'name': 'inode', 'type': 'unsigned long', 'value': 61241}]",0,0
3877.664367,7667,7667,7099,0,4026531840,sshd,ip-10-100-1-57,5,fstat,[],2,0,"[{'name': 'fd', 'type': 'int', 'value': 8}, {'name': 'statbuf', 'type': 'struct stat*', 'value': '0x7FFC12F38810'}]",0,0
3877.664429,7667,7667,7099,0,4026531840,sshd,ip-10-100-1-57,3,close,[],1,0,"[{'name': 'fd', 'type': 'int', 'value': 8}]",0,0
3877.664305,7667,7667,7099,0,4026531840,sshd,ip-10-100-1-57,257,openat,[],4,8,"[{'name': 'dirfd', 'type': 'int', 'value': -100}, {'name': 'pathname', 'type': 'const char*', 'value': '/etc/passwd'}, {'name': 'flags', 'type': 'int', 'value': 'O_RDONLY|O_CLOEXEC'}, {'name': 'mode', 'type': 'mode_t', 'value': 1420072540}]",0,0
3877.664613,7667,7667,7099,0,4026531840,sshd,ip-10-100-1-57,1005,security_file_open,[],4,0,"[{'name': 'pathname', 'type': 'const char*', 'value': '/etc/shadow'}, {'name': 'flags', 'type': 'int', 'value': 'O_RDONLY|O_LARGEFILE'}, {'name': 'dev', 'type': 'dev_t', 'value': 211812353}, {'name': 'inode', 'type': 'unsigned long', 'value': 61093}]",0,0
3877.664677,7667,7667,7099,0,4026531840,sshd,ip-10-100-1-57,257,openat,[],4,8,"[{'name': 'dirfd', 'type': 'int', 'value': -100}, {'name': 'pathname', 'type': 'const char*', 'value': '/etc/shadow'}, {'name': 'flags', 'type': 'int', 'value': 'O_RDONLY|O_CLOEXEC'}, {'name': 'mode', 'type': 'mode_t', 'value': 1420072540}]",0,0
3877.664747,7667,7667,7099,0,4026531840,sshd,ip-10-100-1-57,5,fstat,[],2,0,"[{'name': 'fd', 'type': 'int', 'value': 8}, {'name': 'statbuf', 'type': 'struct stat*', 'value': '0x7FFC12F38810'}]",0,0
3877.664873,7667,7667,7099,0,4026531840,sshd,ip-10-100-1-57,3,close,[],1,0,"[{'name': 'fd', 'type': 'int', 'value': 8}]",0,0
3877.664985,7667,7667,7099,0,4026531840,sshd,ip-10-100-1-57,4,stat,[],2,-2,"[{'name': 'pathname', 'type': 'const char*', 'value': '/etc/securetty'}, {'name': 'statbuf', 'type': 'struct stat*', 'value': '0x7FFC12F38870'}]",0,0
3877.667229,7667,7667,7099,0,4026531840,sshd,ip-10-100-1-57,1005,security_file_open,[],4,0,"[{'name': 'pathname', 'type': 'const char*', 'value': '/etc/passwd'}, {'name': 'flags', 'type': 'int', 'value': 'O_RDONLY|O_LARGEFILE'}, {'name': 'dev', 'type': 'dev_t', 'value': 211812353}, {'name': 'inode', 'type': 'unsigned long', 'value': 61241}]",0,0
3877.667774,7667,7667,7099,0,4026531840,sshd,ip-10-100-1-57,257,openat,[],4,8,"[{'name': 'dirfd', 'type': 'int', 'value': -100}, {'name': 'pathname', 'type': 'const char*', 'value': '/etc/passwd'}, {'name': 'flags', 'type': 'int', 'value': 'O_RDONLY|O_CLOEXEC'}, {'name': 'mode', 'type': 'mode_t', 'value': 1420072540}]",0,0
3877.667893,7667,7667,7099,0,4026531840,sshd,ip-10-100-1-57,5,fstat,[],2,0,"[{'name': 'fd', 'type': 'int', 'value': 8}, {'name': 'statbuf', 'type': 'struct stat*', 'value': '0x7FFC12F387C0'}]",0,0
3877.667946,7667,7667,7099,0,4026531840,sshd,ip-10-100-1-57,3,close,[140313706665131],1,0,"[{'name': 'fd', 'type': 'int', 'value': 8}]",0,0
3877.668002,7667,7667,7099,0,4026531840,sshd,ip-10-100-1-57,1005,security_file_open,[],4,0,"[{'name': 'pathname', 'type': 'const char*', 'value': '/etc/shadow'}, {'name': 'flags', 'type': 'int', 'value': 'O_RDONLY|O_LARGEFILE'}, {'name': 'dev', 'type': 'dev_t', 'value': 211812353}, {'name': 'inode', 'type': 'unsigned long', 'value': 61093}]",0,0
3877.668186,7667,7667,7099,0,4026531840,sshd,ip-10-100-1-57,257,openat,[],4,8,"[{'name': 'dirfd', 'type': 'int', 'value': -100}, {'name': 'pathname', 'type': 'const char*', 'value': '/etc/shadow'}, {'name': 'flags', 'type': 'int', 'value': 'O_RDONLY|O_CLOEXEC'}, {'name': 'mode', 'type': 'mode_t', 'value': 1420072540}]",0,0
3877.668263,7667,7667,7099,0,4026531840,sshd,ip-10-100-1-57,5,fstat,[],2,0,"[{'name': 'fd', 'type': 'int', 'value': 8}, {'name': 'statbuf', 'type': 'struct stat*', 'value': '0x7FFC12F387C0'}]",0,0
3877.668307,7667,7667,7099,0,4026531840,sshd,ip-10-100-1-57,3,close,[],1,0,"[{'name': 'fd', 'type': 'int', 'value': 8}]",0,0
3877.66837,7667,7667,7099,0,4026531840,sshd,ip-10-100-1-57,21,access,[],2,-2,"[{'name': 'pathname', 'type': 'const char*', 'value': '/var/run/utmpx'}, {'name': 'mode', 'type': 'mode_t', 'value': 'F_OK'}]",0,0
3877.668562,7667,7667,7099,0,4026531840,sshd,ip-10-100-1-57,1005,security_file_open,"[140313706665564, 1]",4,0,"[{'name': 'pathname', 'type': 'const char*', 'value': '/run/utmp'}, {'name': 'flags', 'type': 'int', 'value': 'O_RDONLY|O_LARGEFILE'}, {'name': 'dev', 'type': 'dev_t', 'value': 25}, {'name': 'inode', 'type': 'unsigned long', 'value': 348}]",0,0
3877.668633,7667,7667,7099,0,4026531840,sshd,ip-10-100-1-57,257,openat,[],4,8,"[{'name': 'dirfd', 'type': 'int', 'value': -100}, {'name': 'pathname', 'type': 'const char*', 'value': '/var/run/utmp'}, {'name': 'flags', 'type': 'int', 'value': 'O_RDONLY|O_CLOEXEC'}, {'name': 'mode', 'type': 'mode_t', 'value': 1420072540}]",0,0
3877.668767,7667,7667,7099,0,4026531840,sshd,ip-10-100-1-57,3,close,"[140313706665131, 1]",1,0,"[{'name': 'fd', 'type': 'int', 'value': 8}]",0,0
3877.670784,7667,7667,7099,0,4026531840,sshd,ip-10-100-1-57,1005,security_file_open,[],4,0,"[{'name': 'pathname', 'type': 'const char*', 'value': '/etc/passwd'}, {'name': 'flags', 'type': 'int', 'value': 'O_RDONLY|O_LARGEFILE'}, {'name': 'dev', 'type': 'dev_t', 'value': 211812353}, {'name': 'inode', 'type': 'unsigned long', 'value': 61241}]",0,0
3877.671527,7667,7667,7099,0,4026531840,sshd,ip-10-100-1-57,257,openat,[],4,8,"[{'name': 'dirfd', 'type': 'int', 'value': -100}, {'name': 'pathname', 'type': 'const char*', 'value': '/etc/passwd'}, {'name': 'flags', 'type': 'int', 'value': 'O_RDONLY|O_CLOEXEC'}, {'name': 'mode', 'type': 'mode_t', 'value': 1420072540}]",0,0
3877.671646,7667,7667,7099,0,4026531840,sshd,ip-10-100-1-57,5,fstat,[],2,0,"[{'name': 'fd', 'type': 'int', 'value': 8}, {'name': 'statbuf', 'type': 'struct stat*', 'value': '0x7FFC12F388B0'}]",0,0
3877.671696,7667,7667,7099,0,4026531840,sshd,ip-10-100-1-57,3,close,[140313706665131],1,0,"[{'name': 'fd', 'type': 'int', 'value': 8}]",0,0
3877.672177,7667,7667,7099,0,4026531840,sshd,ip-10-100-1-57,1005,security_file_open,[],4,0,"[{'name': 'pathname', 'type': 'const char*', 'value': '/etc/passwd'}, {'name': 'flags', 'type': 'int', 'value': 'O_RDONLY|O_LARGEFILE'}, {'name': 'dev', 'type': 'dev_t', 'value': 211812353}, {'name': 'inode', 'type': 'unsigned long', 'value': 61241}]",0,0
3877.672226,7667,7667,7099,0,4026531840,sshd,ip-10-100-1-57,257,openat,[],4,8,"[{'name': 'dirfd', 'type': 'int', 'value': -100}, {'name': 'pathname', 'type': 'const char*', 'value': '/etc/passwd'}, {'name': 'flags', 'type': 'int', 'value': 'O_RDONLY|O_CLOEXEC'}, {'name': 'mode', 'type': 'mode_t', 'value': 1420072540}]",0,0
3877.67229,7667,7667,7099,0,4026531840,sshd,ip-10-100-1-57,5,fstat,[],2,0,"[{'name': 'fd', 'type': 'int', 'value': 8}, {'name': 'statbuf', 'type': 'struct stat*', 'value': '0x7FFC12F388B0'}]",0,0
3877.672483,7667,7667,7099,0,4026531840,sshd,ip-10-100-1-57,3,close,[],1,0,"[{'name': 'fd', 'type': 'int', 'value': 8}]",0,0
3877.672965,7667,7667,7099,0,4026531840,sshd,ip-10-100-1-57,1005,security_file_open,[],4,0,"[{'name': 'pathname', 'type': 'const char*', 'value': '/etc/passwd'}, {'name': 'flags', 'type': 'int', 'value': 'O_RDONLY|O_LARGEFILE'}, {'name': 'dev', 'type': 'dev_t', 'value': 211812353}, {'name': 'inode', 'type': 'unsigned long', 'value': 61241}]",0,0
3877.673053,7667,7667,7099,0,4026531840,sshd,ip-10-100-1-57,257,openat,[],4,8,"[{'name': 'dirfd', 'type': 'int', 'value': -100}, {'name': 'pathname', 'type': 'const char*', 'value': '/etc/passwd'}, {'name': 'flags', 'type': 'int', 'value': 'O_RDONLY|O_CLOEXEC'}, {'name': 'mode', 'type': 'mode_t', 'value': 1420072540}]",0,0
3877.673221,7667,7667,7099,0,4026531840,sshd,ip-10-100-1-57,5,fstat,[],2,0,"[{'name': 'fd', 'type': 'int', 'value': 8}, {'name': 'statbuf', 'type': 'struct stat*', 'value': '0x7FFC12F388B0'}]",0,0
3877.67328,7667,7667,7099,0,4026531840,sshd,ip-10-100-1-57,3,close,[],1,0,"[{'name': 'fd', 'type': 'int', 'value': 8}]",0,0
3877.675243,7667,7667,7099,0,4026531840,sshd,ip-10-100-1-57,1005,security_file_open,[],4,0,"[{'name': 'pathname', 'type': 'const char*', 'value': '/etc/passwd'}, {'name': 'flags', 'type': 'int', 'value': 'O_RDONLY|O_LARGEFILE'}, {'name': 'dev', 'type': 'dev_t', 'value': 211812353}, {'name': 'inode', 'type': 'unsigned long', 'value': 61241}]",0,0
3877.675414,7667,7667,7099,0,4026531840,sshd,ip-10-100-1-57,257,openat,[],4,8,"[{'name': 'dirfd', 'type': 'int', 'value': -100}, {'name': 'pathname', 'type': 'const char*', 'value': '/etc/passwd'}, {'name': 'flags', 'type': 'int', 'value': 'O_RDONLY|O_CLOEXEC'}, {'name': 'mode', 'type': 'mode_t', 'value': 1420072540}]",0,0
3877.675495,7667,7667,7099,0,4026531840,sshd,ip-10-100-1-57,5,fstat,[],2,0,"[{'name': 'fd', 'type': 'int', 'value': 8}, {'name': 'statbuf', 'type': 'struct stat*', 'value': '0x7FFC12F388B0'}]",0,0
3877.67554,7667,7667,7099,0,4026531840,sshd,ip-10-100-1-57,3,close,[140313706665131],1,0,"[{'name': 'fd', 'type': 'int', 'value': 8}]",0,0
3877.677217,7667,7667,7099,0,4026531840,sshd,ip-10-100-1-57,41,socket,"[140313706719499, 2]",3,8,"[{'name': 'domain', 'type': 'int', 'value': 'AF_NETLINK'}, {'name': 'type', 'type': 'const char*', 'value': 'SOCK_RAW'}, {'name': 'protocol', 'type': 'int', 'value': 9}]",0,0
3877.677318,7667,7667,7099,0,4026531840,sshd,ip-10-100-1-57,41,socket,"[140313706719499, 140313706613231, 140313713182490]",3,9,"[{'name': 'domain', 'type': 'int', 'value': 'AF_NETLINK'}, {'name': 'type', 'type': 'const char*', 'value': 'SOCK_RAW|SOCK_CLOEXEC'}, {'name': 'protocol', 'type': 'int', 'value': 0}]",0,0
3877.678007,7667,7667,7099,0,4026531840,sshd,ip-10-100-1-57,49,bind,[],3,0,"[{'name': 'sockfd', 'type': 'int', 'value': 9}, {'name': 'addr', 'type': 'void*', 'value': ""{'sa_family': 'AF_NETLINK'}""}, {'name': 'addrlen', 'type': 'int*', 'value': 12}]",0,0
3877.6781,7667,7667,7099,0,4026531840,sshd,ip-10-100-1-57,51,getsockname,[],3,0,"[{'name': 'sockfd', 'type': 'int', 'value': 9}, {'name': 'addr', 'type': 'void*', 'value': ""{'sa_family': 'AF_NETLINK'}""}, {'name': 'addrlen', 'type': 'int*', 'value': '0x7FFC12F36064'}]",0,0
3877.678188,7667,7667,7099,0,4026531840,sshd,ip-10-100-1-57,3,close,"[140313706665131, 140313706613231, 140313713182490]",1,0,"[{'name': 'fd', 'type': 'int', 'value': 9}]",0,0
3877.678943,7667,7667,7099,0,4026531840,sshd,ip-10-100-1-57,1003,cap_capable,[],1,0,"[{'name': 'cap', 'type': 'int', 'value': 'CAP_AUDIT_WRITE'}]",0,0
3877.679107,7667,7667,7099,0,4026531840,sshd,ip-10-100-1-57,3,close,[],1,0,"[{'name': 'fd', 'type': 'int', 'value': 8}]",0,0
3879.644234,7667,7667,7099,0,4026531840,sshd,ip-10-100-1-57,3,close,[],1,0,"[{'name': 'fd', 'type': 'int', 'value': 5}]",0,0
3879.645014,7667,7667,7099,0,4026531840,sshd,ip-10-100-1-57,1005,security_file_open,[],4,0,"[{'name': 'pathname', 'type': 'const char*', 'value': '/var/log/btmp'}, {'name': 'flags', 'type': 'int', 'value': 'O_WRONLY|O_APPEND|O_LARGEFILE'}, {'name': 'dev', 'type': 'dev_t', 'value': 211812353}, {'name': 'inode', 'type': 'unsigned long', 'value': 70285}]",0,0
3879.645125,7667,7667,7099,0,4026531840,sshd,ip-10-100-1-57,257,openat,[],4,5,"[{'name': 'dirfd', 'type': 'int', 'value': -100}, {'name': 'pathname', 'type': 'const char*', 'value': '/var/log/btmp'}, {'name': 'flags', 'type': 'int', 'value': 'O_WRONLY|O_APPEND'}, {'name': 'mode', 'type': 'mode_t', 'value': 1420050091}]",0,0
3879.645253,7667,7667,7099,0,4026531840,sshd,ip-10-100-1-57,5,fstat,"[140313706641033, 94167312013872]",2,0,"[{'name': 'fd', 'type': 'int', 'value': 5}, {'name': 'statbuf', 'type': 'struct stat*', 'value': '0x7FFC12F38B40'}]",0,0
3879.64541,7667,7667,7099,0,4026531840,sshd,ip-10-100-1-57,3,close,[],1,0,"[{'name': 'fd', 'type': 'int', 'value': 5}]",0,0
3879.64571,7667,7667,7099,0,4026531840,sshd,ip-10-100-1-57,41,socket,[],3,5,"[{'name': 'domain', 'type': 'int', 'value': 'AF_NETLINK'}, {'name': 'type', 'type': 'const char*', 'value': 'SOCK_RAW'}, {'name': 'protocol', 'type': 'int', 'value': 9}]",0,0
3879.645843,7667,7667,7099,0,4026531840,sshd,ip-10-100-1-57,1003,cap_capable,[],1,0,"[{'name': 'cap', 'type': 'int', 'value': 'CAP_AUDIT_WRITE'}]",0,0
3879.645954,7667,7667,7099,0,4026531840,sshd,ip-10-100-1-57,3,close,[],1,0,"[{'name': 'fd', 'type': 'int', 'value': 5}]",0,0
3881.360288,7668,7668,7667,109,4026531840,sshd,ip-10-100-1-57,1010,sched_process_exit,[],0,0,[],0,0
3881.360608,7667,7667,7099,0,4026531840,sshd,ip-10-100-1-57,41,socket,[],3,5,"[{'name': 'domain', 'type': 'int', 'value': 'AF_UNIX'}, {'name': 'type', 'type': 'const char*', 'value': 'SOCK_DGRAM|SOCK_CLOEXEC'}, {'name': 'protocol', 'type': 'int', 'value': 0}]",0,0
3881.360833,7667,7667,7099,0,4026531840,sshd,ip-10-100-1-57,3,close,[],1,0,"[{'name': 'fd', 'type': 'int', 'value': 5}]",0,0
3881.360761,7667,7667,7099,0,4026531840,sshd,ip-10-100-1-57,42,connect,[],3,0,"[{'name': 'sockfd', 'type': 'int', 'value': 5}, {'name': 'addr', 'type': 'struct sockaddr*', 'value': ""{'sun_path': '/dev/log','sa_family': 'AF_UNIX'}""}, {'name': 'addrlen', 'type': 'int*', 'value': 110}]",0,0
3881.361996,7667,7667,7099,0,4026531840,sshd,ip-10-100-1-57,41,socket,[],3,5,"[{'name': 'domain', 'type': 'int', 'value': 'AF_UNIX'}, {'name': 'type', 'type': 'const char*', 'value': 'SOCK_DGRAM|SOCK_CLOEXEC'}, {'name': 'protocol', 'type': 'int', 'value': 0}]",0,0
3881.362161,7667,7667,7099,0,4026531840,sshd,ip-10-100-1-57,42,connect,[],3,0,"[{'name': 'sockfd', 'type': 'int', 'value': 5}, {'name': 'addr', 'type': 'struct sockaddr*', 'value': ""{'sa_family': 'AF_UNIX','sun_path': '/dev/log'}""}, {'name': 'addrlen', 'type': 'int*', 'value': 110}]",0,0
3881.362271,7667,7667,7099,0,4026531840,sshd,ip-10-100-1-57,3,close,[],1,0,"[{'name': 'fd', 'type': 'int', 'value': 5}]",0,0
3881.362376,7667,7667,7099,0,4026531840,sshd,ip-10-100-1-57,3,close,[140313706645895],1,0,"[{'name': 'fd', 'type': 'int', 'value': 7}]",0,0
3881.363245,7667,7667,7099,0,4026531840,sshd,ip-10-100-1-57,1003,cap_capable,[],1,0,"[{'name': 'cap', 'type': 'int', 'value': 'CAP_KILL'}]",0,0
3881.363283,7667,7667,7099,0,4026531840,sshd,ip-10-100-1-57,62,kill,[],2,0,"[{'name': 'pid', 'type': 'pid_t', 'value': 7668}, {'name': 'sig', 'type': 'u32', 'value': 9}]",0,0
3881.365148,7667,7667,7099,0,4026531840,sshd,ip-10-100-1-57,1010,sched_process_exit,[],0,0,[],0,0
3881.36565,7099,7099,1,0,4026531840,sshd,ip-10-100-1-57,3,close,[],1,0,"[{'name': 'fd', 'type': 'int', 'value': 6}]",0,0
3889.42818,7099,7099,1,0,4026531840,sshd,ip-10-100-1-57,43,accept,[],3,5,"[{'name': 'sockfd', 'type': 'int', 'value': 3}, {'name': 'addr', 'type': 'void*', 'value': ""{'sa_family': 'AF_INET','sin_port': '54094','sin_addr': '206.189.124.254'}""}, {'name': 'addrlen', 'type': 'int*', 'value': '0x7FFF352DF788'}]",0,0
3889.428981,7099,7099,1,0,4026531840,sshd,ip-10-100-1-57,56,clone,[],5,7670,"[{'name': 'flags', 'type': 'unsigned int', 'value': 'CLONE_CHILD_CLEARTID|CLONE_CHILD_SETTID'}, {'name': 'stack', 'type': 'void*', 'value': '0x0'}, {'name': 'parent_tid', 'type': 'int*', 'value': '0x0'}, {'name': 'child_tid', 'type': 'int*', 'value': '0x7F22CC7790BF'}, {'name': 'tls', 'type': 'unsigned long', 'value': 0}]",0,0
3889.429134,7099,7099,1,0,4026531840,sshd,ip-10-100-1-57,3,close,[],1,0,"[{'name': 'fd', 'type': 'int', 'value': 7}]",0,0
3889.429315,7099,7099,1,0,4026531840,sshd,ip-10-100-1-57,3,close,[],1,0,"[{'name': 'fd', 'type': 'int', 'value': 8}]",0,0
3889.42942,7099,7099,1,0,4026531840,sshd,ip-10-100-1-57,3,close,[],1,0,"[{'name': 'fd', 'type': 'int', 'value': 9}]",0,0
3889.429459,7099,7099,1,0,4026531840,sshd,ip-10-100-1-57,3,close,[],1,0,"[{'name': 'fd', 'type': 'int', 'value': 5}]",0,0
3889.429969,7670,7670,7099,0,4026531840,sshd,ip-10-100-1-57,257,openat,[],4,10,"[{'name': 'dirfd', 'type': 'int', 'value': -100}, {'name': 'pathname', 'type': 'const char*', 'value': '/proc/self/oom_score_adj'}, {'name': 'flags', 'type': 'int', 'value': 'O_WRONLY|O_CREAT|O_TRUNC'}, {'name': 'mode', 'type': 'mode_t', 'value': 3430563499}]",0,0
3889.429894,7670,7670,7099,0,4026531840,sshd,ip-10-100-1-57,1005,security_file_open,[],4,0,"[{'name': 'pathname', 'type': 'const char*', 'value': '/proc/7670/oom_score_adj'}, {'name': 'flags', 'type': 'int', 'value': 'O_WRONLY|O_CREAT|O_TRUNC|O_LARGEFILE'}, {'name': 'dev', 'type': 'dev_t', 'value': 5}, {'name': 'inode', 'type': 'unsigned long', 'value': 48476}]",0,0
3889.430021,7670,7670,7099,0,4026531840,sshd,ip-10-100-1-57,5,fstat,[],2,0,"[{'name': 'fd', 'type': 'int', 'value': 10}, {'name': 'statbuf', 'type': 'struct stat*', 'value': '0x7FFF352DEF60'}]",0,0
3889.43008,7670,7670,7099,0,4026531840,sshd,ip-10-100-1-57,3,close,[],1,0,"[{'name': 'fd', 'type': 'int', 'value': 10}]",0,0
3889.430147,7670,7670,7099,0,4026531840,sshd,ip-10-100-1-57,3,close,[],1,0,"[{'name': 'fd', 'type': 'int', 'value': 6}]",0,0
3889.430183,7670,7670,7099,0,4026531840,sshd,ip-10-100-1-57,3,close,[],1,0,"[{'name': 'fd', 'type': 'int', 'value': 3}]",0,0
3889.430231,7670,7670,7099,0,4026531840,sshd,ip-10-100-1-57,3,close,[],1,0,"[{'name': 'fd', 'type': 'int', 'value': 4}]",0,0
3889.430271,7670,7670,7099,0,4026531840,sshd,ip-10-100-1-57,3,close,[],1,0,"[{'name': 'fd', 'type': 'int', 'value': 8}]",0,0
3889.430369,7670,7670,7099,0,4026531840,sshd,ip-10-100-1-57,33,dup2,[139787436182075],2,0,"[{'name': 'oldfd', 'type': 'int', 'value': 5}, {'name': 'newfd', 'type': 'int', 'value': 0}]",0,0
3889.430406,7670,7670,7099,0,4026531840,sshd,ip-10-100-1-57,33,dup2,[],2,1,"[{'name': 'oldfd', 'type': 'int', 'value': 0}, {'name': 'newfd', 'type': 'int', 'value': 1}]",0,0
3889.430437,7670,7670,7099,0,4026531840,sshd,ip-10-100-1-57,33,dup2,[139787436182075],2,4,"[{'name': 'oldfd', 'type': 'int', 'value': 7}, {'name': 'newfd', 'type': 'int', 'value': 4}]",0,0
3889.430475,7670,7670,7099,0,4026531840,sshd,ip-10-100-1-57,3,close,[],1,0,"[{'name': 'fd', 'type': 'int', 'value': 7}]",0,0
3889.430517,7670,7670,7099,0,4026531840,sshd,ip-10-100-1-57,33,dup2,[],2,5,"[{'name': 'oldfd', 'type': 'int', 'value': 9}, {'name': 'newfd', 'type': 'int', 'value': 5}]",0,0
3889.430548,7670,7670,7099,0,4026531840,sshd,ip-10-100-1-57,3,close,[],1,0,"[{'name': 'fd', 'type': 'int', 'value': 9}]",0,0
3889.430578,7670,7670,7099,0,4026531840,sshd,ip-10-100-1-57,59,execve,[139787436004091],2,0,"[{'name': 'pathname', 'type': 'const char*', 'value': '/usr/sbin/sshd'}, {'name': 'argv', 'type': 'const char*const*', 'value': ['/usr/sbin/sshd', '-D', '-o', 'AuthorizedKeysCommand /usr/share/ec2-instance-connect/eic_run_authorized_keys %u %f', '-o', 'AuthorizedKeysCommandUser ec2-instance-connect', '-R']}]",0,0
3889.430689,7670,7670,7099,0,4026531840,sshd,ip-10-100-1-57,1004,security_bprm_check,[],3,0,"[{'name': 'pathname', 'type': 'const char*', 'value': '/usr/sbin/sshd'}, {'name': 'dev', 'type': 'dev_t', 'value': 211812353}, {'name': 'inode', 'type': 'unsigned long', 'value': 2833}]",0,0
3889.431485,7670,7670,7099,0,4026531840,sshd,ip-10-100-1-57,21,access,[],2,-2,"[{'name': 'pathname', 'type': 'const char*', 'value': '/etc/ld.so.preload'}, {'name': 'mode', 'type': 'mode_t', 'value': 'R_OK'}]",0,0
3889.431562,7670,7670,7099,0,4026531840,sshd,ip-10-100-1-57,1005,security_file_open,[],4,0,"[{'name': 'pathname', 'type': 'const char*', 'value': '/etc/ld.so.cache'}, {'name': 'flags', 'type': 'int', 'value': 'O_RDONLY|O_LARGEFILE'}, {'name': 'dev', 'type': 'dev_t', 'value': 211812353}, {'name': 'inode', 'type': 'unsigned long', 'value': 62841}]",0,0
3889.431607,7670,7670,7099,0,4026531840,sshd,ip-10-100-1-57,257,openat,[],4,3,"[{'name': 'dirfd', 'type': 'int', 'value': -100}, {'name': 'pathname', 'type': 'const char*', 'value': '/etc/ld.so.cache'}, {'name': 'flags', 'type': 'int', 'value': 'O_RDONLY|O_CLOEXEC'}, {'name': 'mode', 'type': 'mode_t', 'value': 576847704}]",0,0
3889.431641,7670,7670,7099,0,4026531840,sshd,ip-10-100-1-57,5,fstat,[139844712004905],2,0,"[{'name': 'fd', 'type': 'int', 'value': 3}, {'name': 'statbuf', 'type': 'struct stat*', 'value': '0x7FFF1BBB4E20'}]",0,0
3889.431681,7670,7670,7099,0,4026531840,sshd,ip-10-100-1-57,3,close,[],1,0,"[{'name': 'fd', 'type': 'int', 'value': 3}]",0,0
3889.431749,7670,7670,7099,0,4026531840,sshd,ip-10-100-1-57,1005,security_file_open,[],4,0,"[{'name': 'pathname', 'type': 'const char*', 'value': '/usr/lib/x86_64-linux-gnu/libwrap.so.0.7.6'}, {'name': 'flags', 'type': 'int', 'value': 'O_RDONLY|O_LARGEFILE'}, {'name': 'dev', 'type': 'dev_t', 'value': 211812353}, {'name': 'inode', 'type': 'unsigned long', 'value': 5556}]",0,0
3889.431791,7670,7670,7099,0,4026531840,sshd,ip-10-100-1-57,257,openat,[],4,3,"[{'name': 'dirfd', 'type': 'int', 'value': -100}, {'name': 'pathname', 'type': 'const char*', 'value': '/lib/x86_64-linux-gnu/libwrap.so.0'}, {'name': 'flags', 'type': 'int', 'value': 'O_RDONLY|O_CLOEXEC'}, {'name': 'mode', 'type': 'mode_t', 'value': 576847704}]",0,0
3889.431831,7670,7670,7099,0,4026531840,sshd,ip-10-100-1-57,5,fstat,"[139844712004905, 139844711921179]",2,0,"[{'name': 'fd', 'type': 'int', 'value': 3}, {'name': 'statbuf', 'type': 'struct stat*', 'value': '0x7FFF1BBB4E70'}]",0,0
3889.431949,7670,7670,7099,0,4026531840,sshd,ip-10-100-1-57,3,close,"[139844712005147, 139844711921179]",1,0,"[{'name': 'fd', 'type': 'int', 'value': 3}]",0,0
3889.431998,7670,7670,7099,0,4026531840,sshd,ip-10-100-1-57,1005,security_file_open,[],4,0,"[{'name': 'pathname', 'type': 'const char*', 'value': '/usr/lib/x86_64-linux-gnu/libaudit.so.1.0.0'}, {'name': 'flags', 'type': 'int', 'value': 'O_RDONLY|O_LARGEFILE'}, {'name': 'dev', 'type': 'dev_t', 'value': 211812353}, {'name': 'inode', 'type': 'unsigned long', 'value': 3471}]",0,0
3889.43204,7670,7670,7099,0,4026531840,sshd,ip-10-100-1-57,257,openat,[],4,3,"[{'name': 'dirfd', 'type': 'int', 'value': -100}, {'name': 'pathname', 'type': 'const char*', 'value': '/lib/x86_64-linux-gnu/libaudit.so.1'}, {'name': 'flags', 'type': 'int', 'value': 'O_RDONLY|O_CLOEXEC'}, {'name': 'mode', 'type': 'mode_t', 'value': 576847704}]",0,0
3889.432101,7670,7670,7099,0,4026531840,sshd,ip-10-100-1-57,5,fstat,[],2,0,"[{'name': 'fd', 'type': 'int', 'value': 3}, {'name': 'statbuf', 'type': 'struct stat*', 'value': '0x7FFF1BBB4E50'}]",0,0
3889.432202,7670,7670,7099,0,4026531840,sshd,ip-10-100-1-57,3,close,[],1,0,"[{'name': 'fd', 'type': 'int', 'value': 3}]",0,0
3889.43227,7670,7670,7099,0,4026531840,sshd,ip-10-100-1-57,1005,security_file_open,[],4,0,"[{'name': 'pathname', 'type': 'const char*', 'value': '/usr/lib/x86_64-linux-gnu/libpam.so.0.84.2'}, {'name': 'flags', 'type': 'int', 'value': 'O_RDONLY|O_LARGEFILE'}, {'name': 'dev', 'type': 'dev_t', 'value': 211812353}, {'name': 'inode', 'type': 'unsigned long', 'value': 4523}]",0,0
3889.432313,7670,7670,7099,0,4026531840,sshd,ip-10-100-1-57,257,openat,[],4,3,"[{'name': 'dirfd', 'type': 'int', 'value': -100}, {'name': 'pathname', 'type': 'const char*', 'value': '/lib/x86_64-linux-gnu/libpam.so.0'}, {'name': 'flags', 'type': 'int', 'value': 'O_RDONLY|O_CLOEXEC'}, {'name': 'mode', 'type': 'mode_t', 'value': 576847704}]",0,0
3889.432351,7670,7670,7099,0,4026531840,sshd,ip-10-100-1-57,5,fstat,[],2,0,"[{'name': 'fd', 'type': 'int', 'value': 3}, {'name': 'statbuf', 'type': 'struct stat*', 'value': '0x7FFF1BBB4E30'}]",0,0
3889.432453,7670,7670,7099,0,4026531840,sshd,ip-10-100-1-57,3,close,[],1,0,"[{'name': 'fd', 'type': 'int', 'value': 3}]",0,0
3889.432499,7670,7670,7099,0,4026531840,sshd,ip-10-100-1-57,1005,security_file_open,[],4,0,"[{'name': 'pathname', 'type': 'const char*', 'value': '/usr/lib/x86_64-linux-gnu/libselinux.so.1'}, {'name': 'flags', 'type': 'int', 'value': 'O_RDONLY|O_LARGEFILE'}, {'name': 'dev', 'type': 'dev_t', 'value': 211812353}, {'name': 'inode', 'type': 'unsigned long', 'value': 3814}]",0,0
3889.432541,7670,7670,7099,0,4026531840,sshd,ip-10-100-1-57,257,openat,[],4,3,"[{'name': 'dirfd', 'type': 'int', 'value': -100}, {'name': 'pathname', 'type': 'const char*', 'value': '/lib/x86_64-linux-gnu/libselinux.so.1'}, {'name': 'flags', 'type': 'int', 'value': 'O_RDONLY|O_CLOEXEC'}, {'name': 'mode', 'type': 'mode_t', 'value': 576847704}]",0,0
3889.432602,7670,7670,7099,0,4026531840,sshd,ip-10-100-1-57,5,fstat,[],2,0,"[{'name': 'fd', 'type': 'int', 'value': 3}, {'name': 'statbuf', 'type': 'struct stat*', 'value': '0x7FFF1BBB4E10'}]",0,0
3889.432704,7670,7670,7099,0,4026531840,sshd,ip-10-100-1-57,3,close,[],1,0,"[{'name': 'fd', 'type': 'int', 'value': 3}]",0,0
3889.432774,7670,7670,7099,0,4026531840,sshd,ip-10-100-1-57,1005,security_file_open,[],4,0,"[{'name': 'pathname', 'type': 'const char*', 'value': '/usr/lib/x86_64-linux-gnu/libsystemd.so.0.28.0'}, {'name': 'flags', 'type': 'int', 'value': 'O_RDONLY|O_LARGEFILE'}, {'name': 'dev', 'type': 'dev_t', 'value': 211812353}, {'name': 'inode', 'type': 'unsigned long', 'value': 4547}]",0,0
3889.432817,7670,7670,7099,0,4026531840,sshd,ip-10-100-1-57,257,openat,[],4,3,"[{'name': 'dirfd', 'type': 'int', 'value': -100}, {'name': 'pathname', 'type': 'const char*', 'value': '/lib/x86_64-linux-gnu/libsystemd.so.0'}, {'name': 'flags', 'type': 'int', 'value': 'O_RDONLY|O_CLOEXEC'}, {'name': 'mode', 'type': 'mode_t', 'value': 576847704}]",0,0
3889.432855,7670,7670,7099,0,4026531840,sshd,ip-10-100-1-57,5,fstat,[],2,0,"[{'name': 'fd', 'type': 'int', 'value': 3}, {'name': 'statbuf', 'type': 'struct stat*', 'value': '0x7FFF1BBB4DF0'}]",0,0
3889.432969,7670,7670,7099,0,4026531840,sshd,ip-10-100-1-57,3,close,[],1,0,"[{'name': 'fd', 'type': 'int', 'value': 3}]",0,0
3889.433016,7670,7670,7099,0,4026531840,sshd,ip-10-100-1-57,1005,security_file_open,[],4,0,"[{'name': 'pathname', 'type': 'const char*', 'value': '/usr/lib/x86_64-linux-gnu/libcrypto.so.1.1'}, {'name': 'flags', 'type': 'int', 'value': 'O_RDONLY|O_LARGEFILE'}, {'name': 'dev', 'type': 'dev_t', 'value': 211812353}, {'name': 'inode', 'type': 'unsigned long', 'value': 4567}]",0,0
3889.433111,7670,7670,7099,0,4026531840,sshd,ip-10-100-1-57,257,openat,[],4,3,"[{'name': 'dirfd', 'type': 'int', 'value': -100}, {'name': 'pathname', 'type': 'const char*', 'value': '/lib/x86_64-linux-gnu/libcrypto.so.1.1'}, {'name': 'flags', 'type': 'int', 'value': 'O_RDONLY|O_CLOEXEC'}, {'name': 'mode', 'type': 'mode_t', 'value': 576847704}]",0,0
3889.433166,7670,7670,7099,0,4026531840,sshd,ip-10-100-1-57,5,fstat,[],2,0,"[{'name': 'fd', 'type': 'int', 'value': 3}, {'name': 'statbuf', 'type': 'struct stat*', 'value': '0x7FFF1BBB4DD0'}]",0,0
3889.433301,7670,7670,7099,0,4026531840,sshd,ip-10-100-1-57,3,close,[],1,0,"[{'name': 'fd', 'type': 'int', 'value': 3}]",0,0
3889.433355,7670,7670,7099,0,4026531840,sshd,ip-10-100-1-57,1005,security_file_open,[],4,0,"[{'name': 'pathname', 'type': 'const char*', 'value': '/usr/lib/x86_64-linux-gnu/libutil-2.31.so'}, {'name': 'flags', 'type': 'int', 'value': 'O_RDONLY|O_LARGEFILE'}, {'name': 'dev', 'type': 'dev_t', 'value': 211812353}, {'name': 'inode', 'type': 'unsigned long', 'value': 3446}]",0,0
3889.433398,7670,7670,7099,0,4026531840,sshd,ip-10-100-1-57,257,openat,[],4,3,"[{'name': 'dirfd', 'type': 'int', 'value': -100}, {'name': 'pathname', 'type': 'const char*', 'value': '/lib/x86_64-linux-gnu/libutil.so.1'}, {'name': 'flags', 'type': 'int', 'value': 'O_RDONLY|O_CLOEXEC'}, {'name': 'mode', 'type': 'mode_t', 'value': 576847704}]",0,0
3889.433459,7670,7670,7099,0,4026531840,sshd,ip-10-100-1-57,5,fstat,[],2,0,"[{'name': 'fd', 'type': 'int', 'value': 3}, {'name': 'statbuf', 'type': 'struct stat*', 'value': '0x7FFF1BBB4DB0'}]",0,0
3889.433549,7670,7670,7099,0,4026531840,sshd,ip-10-100-1-57,3,close,[],1,0,"[{'name': 'fd', 'type': 'int', 'value': 3}]",0,0
3889.433595,7670,7670,7099,0,4026531840,sshd,ip-10-100-1-57,1005,security_file_open,[],4,0,"[{'name': 'pathname', 'type': 'const char*', 'value': '/usr/lib/x86_64-linux-gnu/libz.so.1.2.11'}, {'name': 'flags', 'type': 'int', 'value': 'O_RDONLY|O_LARGEFILE'}, {'name': 'dev', 'type': 'dev_t', 'value': 211812353}, {'name': 'inode', 'type': 'unsigned long', 'value': 3823}]",0,0
3889.433658,7670,7670,7099,0,4026531840,sshd,ip-10-100-1-57,257,openat,[],4,3,"[{'name': 'dirfd', 'type': 'int', 'value': -100}, {'name': 'pathname', 'type': 'const char*', 'value': '/lib/x86_64-linux-gnu/libz.so.1'}, {'name': 'flags', 'type': 'int', 'value': 'O_RDONLY|O_CLOEXEC'}, {'name': 'mode', 'type': 'mode_t', 'value': 576847704}]",0,0
3889.433697,7670,7670,7099,0,4026531840,sshd,ip-10-100-1-57,5,fstat,[],2,0,"[{'name': 'fd', 'type': 'int', 'value': 3}, {'name': 'statbuf', 'type': 'struct stat*', 'value': '0x7FFF1BBB4D90'}]",0,0
3889.433781,7670,7670,7099,0,4026531840,sshd,ip-10-100-1-57,3,close,[],1,0,"[{'name': 'fd', 'type': 'int', 'value': 3}]",0,0
3889.433848,7670,7670,7099,0,4026531840,sshd,ip-10-100-1-57,1005,security_file_open,[],4,0,"[{'name': 'pathname', 'type': 'const char*', 'value': '/usr/lib/x86_64-linux-gnu/libcrypt.so.1.1.0'}, {'name': 'flags', 'type': 'int', 'value': 'O_RDONLY|O_LARGEFILE'}, {'name': 'dev', 'type': 'dev_t', 'value': 211812353}, {'name': 'inode', 'type': 'unsigned long', 'value': 3453}]",0,0
3889.433891,7670,7670,7099,0,4026531840,sshd,ip-10-100-1-57,257,openat,[],4,3,"[{'name': 'dirfd', 'type': 'int', 'value': -100}, {'name': 'pathname', 'type': 'const char*', 'value': '/lib/x86_64-linux-gnu/libcrypt.so.1'}, {'name': 'flags', 'type': 'int', 'value': 'O_RDONLY|O_CLOEXEC'}, {'name': 'mode', 'type': 'mode_t', 'value': 576847704}]",0,0
3889.433929,7670,7670,7099,0,4026531840,sshd,ip-10-100-1-57,5,fstat,[],2,0,"[{'name': 'fd', 'type': 'int', 'value': 3}, {'name': 'statbuf', 'type': 'struct stat*', 'value': '0x7FFF1BBB4D70'}]",0,0
3889.434044,7670,7670,7099,0,4026531840,sshd,ip-10-100-1-57,3,close,[],1,0,"[{'name': 'fd', 'type': 'int', 'value': 3}]",0,0
3889.434091,7670,7670,7099,0,4026531840,sshd,ip-10-100-1-57,1005,security_file_open,[],4,0,"[{'name': 'pathname', 'type': 'const char*', 'value': '/usr/lib/x86_64-linux-gnu/libgssapi_krb5.so.2.2'}, {'name': 'flags', 'type': 'int', 'value': 'O_RDONLY|O_LARGEFILE'}, {'name': 'dev', 'type': 'dev_t', 'value': 211812353}, {'name': 'inode', 'type': 'unsigned long', 'value': 5207}]",0,0
3889.434134,7670,7670,7099,0,4026531840,sshd,ip-10-100-1-57,257,openat,[],4,3,"[{'name': 'dirfd', 'type': 'int', 'value': -100}, {'name': 'pathname', 'type': 'const char*', 'value': '/lib/x86_64-linux-gnu/libgssapi_krb5.so.2'}, {'name': 'flags', 'type': 'int', 'value': 'O_RDONLY|O_CLOEXEC'}, {'name': 'mode', 'type': 'mode_t', 'value': 576847704}]",0,0
3889.434194,7670,7670,7099,0,4026531840,sshd,ip-10-100-1-57,5,fstat,[],2,0,"[{'name': 'fd', 'type': 'int', 'value': 3}, {'name': 'statbuf', 'type': 'struct stat*', 'value': '0x7FFF1BBB4D50'}]",0,0
3889.434274,7670,7670,7099,0,4026531840,sshd,ip-10-100-1-57,3,close,[],1,0,"[{'name': 'fd', 'type': 'int', 'value': 3}]",0,0
3889.43433,7670,7670,7099,0,4026531840,sshd,ip-10-100-1-57,1005,security_file_open,[],4,0,"[{'name': 'pathname', 'type': 'const char*', 'value': '/usr/lib/x86_64-linux-gnu/libkrb5.so.3.3'}, {'name': 'flags', 'type': 'int', 'value': 'O_RDONLY|O_LARGEFILE'}, {'name': 'dev', 'type': 'dev_t', 'value': 211812353}, {'name': 'inode', 'type': 'unsigned long', 'value': 5205}]",0,0
3889.434389,7670,7670,7099,0,4026531840,sshd,ip-10-100-1-57,257,openat,[],4,3,"[{'name': 'dirfd', 'type': 'int', 'value': -100}, {'name': 'pathname', 'type': 'const char*', 'value': '/lib/x86_64-linux-gnu/libkrb5.so.3'}, {'name': 'flags', 'type': 'int', 'value': 'O_RDONLY|O_CLOEXEC'}, {'name': 'mode', 'type': 'mode_t', 'value': 576847704}]",0,0
3889.434431,7670,7670,7099,0,4026531840,sshd,ip-10-100-1-57,5,fstat,[],2,0,"[{'name': 'fd', 'type': 'int', 'value': 3}, {'name': 'statbuf', 'type': 'struct stat*', 'value': '0x7FFF1BBB4D30'}]",0,0
3889.434526,7670,7670,7099,0,4026531840,sshd,ip-10-100-1-57,3,close,[],1,0,"[{'name': 'fd', 'type': 'int', 'value': 3}]",0,0
3889.434586,7670,7670,7099,0,4026531840,sshd,ip-10-100-1-57,1005,security_file_open,[],4,0,"[{'name': 'pathname', 'type': 'const char*', 'value': '/usr/lib/x86_64-linux-gnu/libcom_err.so.2.1'}, {'name': 'flags', 'type': 'int', 'value': 'O_RDONLY|O_LARGEFILE'}, {'name': 'dev', 'type': 'dev_t', 'value': 211812353}, {'name': 'inode', 'type': 'unsigned long', 'value': 3451}]",0,0
3889.443305,7670,7670,7099,0,4026531840,sshd,ip-10-100-1-57,257,openat,[],4,3,"[{'name': 'dirfd', 'type': 'int', 'value': -100}, {'name': 'pathname', 'type': 'const char*', 'value': '/lib/x86_64-linux-gnu/libcom_err.so.2'}, {'name': 'flags', 'type': 'int', 'value': 'O_RDONLY|O_CLOEXEC'}, {'name': 'mode', 'type': 'mode_t', 'value': 576847704}]",0,0
3889.444059,7670,7670,7099,0,4026531840,sshd,ip-10-100-1-57,5,fstat,"[139844712004905, 139844711921179]",2,0,"[{'name': 'fd', 'type': 'int', 'value': 3}, {'name': 'statbuf', 'type': 'struct stat*', 'value': '0x7FFF1BBB4D10'}]",0,0
3889.444224,7670,7670,7099,0,4026531840,sshd,ip-10-100-1-57,3,close,"[139844712005147, 139844711921179]",1,0,"[{'name': 'fd', 'type': 'int', 'value': 3}]",0,0
3889.44431,7670,7670,7099,0,4026531840,sshd,ip-10-100-1-57,1005,security_file_open,[],4,0,"[{'name': 'pathname', 'type': 'const char*', 'value': '/usr/lib/x86_64-linux-gnu/libc-2.31.so'}, {'name': 'flags', 'type': 'int', 'value': 'O_RDONLY|O_LARGEFILE'}, {'name': 'dev', 'type': 'dev_t', 'value': 211812353}, {'name': 'inode', 'type': 'unsigned long', 'value': 3429}]",0,0
3889.44444,7670,7670,7099,0,4026531840,sshd,ip-10-100-1-57,257,openat,[],4,3,"[{'name': 'dirfd', 'type': 'int', 'value': -100}, {'name': 'pathname', 'type': 'const char*', 'value': '/lib/x86_64-linux-gnu/libc.so.6'}, {'name': 'flags', 'type': 'int', 'value': 'O_RDONLY|O_CLOEXEC'}, {'name': 'mode', 'type': 'mode_t', 'value': 576847704}]",0,0
3889.444527,7670,7670,7099,0,4026531840,sshd,ip-10-100-1-57,5,fstat,[],2,0,"[{'name': 'fd', 'type': 'int', 'value': 3}, {'name': 'statbuf', 'type': 'struct stat*', 'value': '0x7FFF1BBB4CF0'}]",0,0
3889.444819,7670,7670,7099,0,4026531840,sshd,ip-10-100-1-57,3,close,[],1,0,"[{'name': 'fd', 'type': 'int', 'value': 3}]",0,0
3889.445759,7670,7670,7099,0,4026531840,sshd,ip-10-100-1-57,1005,security_file_open,[],4,0,"[{'name': 'pathname', 'type': 'const char*', 'value': '/usr/lib/x86_64-linux-gnu/libnsl-2.31.so'}, {'name': 'flags', 'type': 'int', 'value': 'O_RDONLY|O_LARGEFILE'}, {'name': 'dev', 'type': 'dev_t', 'value': 211812353}, {'name': 'inode', 'type': 'unsigned long', 'value': 3434}]",0,0
3889.445923,7670,7670,7099,0,4026531840,sshd,ip-10-100-1-57,257,openat,[],4,3,"[{'name': 'dirfd', 'type': 'int', 'value': -100}, {'name': 'pathname', 'type': 'const char*', 'value': '/lib/x86_64-linux-gnu/libnsl.so.1'}, {'name': 'flags', 'type': 'int', 'value': 'O_RDONLY|O_CLOEXEC'}, {'name': 'mode', 'type': 'mode_t', 'value': 576847704}]",0,0
3889.445974,7670,7670,7099,0,4026531840,sshd,ip-10-100-1-57,5,fstat,"[139844712004905, 139844711921179]",2,0,"[{'name': 'fd', 'type': 'int', 'value': 3}, {'name': 'statbuf', 'type': 'struct stat*', 'value': '0x7FFF1BBB4CD0'}]",0,0
3889.446098,7670,7670,7099,0,4026531840,sshd,ip-10-100-1-57,3,close,"[139844712005147, 139844711921179]",1,0,"[{'name': 'fd', 'type': 'int', 'value': 3}]",0,0
3889.446307,7670,7670,7099,0,4026531840,sshd,ip-10-100-1-57,1005,security_file_open,[],4,0,"[{'name': 'pathname', 'type': 'const char*', 'value': '/usr/lib/x86_64-linux-gnu/libcap-ng.so.0.0.0'}, {'name': 'flags', 'type': 'int', 'value': 'O_RDONLY|O_LARGEFILE'}, {'name': 'dev', 'type': 'dev_t', 'value': 211812353}, {'name': 'inode', 'type': 'unsigned long', 'value': 3449}]",0,0
3889.446398,7670,7670,7099,0,4026531840,sshd,ip-10-100-1-57,257,openat,[],4,3,"[{'name': 'dirfd', 'type': 'int', 'value': -100}, {'name': 'pathname', 'type': 'const char*', 'value': '/lib/x86_64-linux-gnu/libcap-ng.so.0'}, {'name': 'flags', 'type': 'int', 'value': 'O_RDONLY|O_CLOEXEC'}, {'name': 'mode', 'type': 'mode_t', 'value': 576847704}]",0,0
3889.446562,7670,7670,7099,0,4026531840,sshd,ip-10-100-1-57,5,fstat,[],2,0,"[{'name': 'fd', 'type': 'int', 'value': 3}, {'name': 'statbuf', 'type': 'struct stat*', 'value': '0x7FFF1BBB4CB0'}]",0,0
3889.446691,7670,7670,7099,0,4026531840,sshd,ip-10-100-1-57,3,close,[],1,0,"[{'name': 'fd', 'type': 'int', 'value': 3}]",0,0
3889.446854,7670,7670,7099,0,4026531840,sshd,ip-10-100-1-57,1005,security_file_open,[],4,0,"[{'name': 'pathname', 'type': 'const char*', 'value': '/usr/lib/x86_64-linux-gnu/libdl-2.31.so'}, {'name': 'flags', 'type': 'int', 'value': 'O_RDONLY|O_LARGEFILE'}, {'name': 'dev', 'type': 'dev_t', 'value': 211812353}, {'name': 'inode', 'type': 'unsigned long', 'value': 3430}]",0,0
3889.447048,7670,7670,7099,0,4026531840,sshd,ip-10-100-1-57,257,openat,[],4,3,"[{'name': 'dirfd', 'type': 'int', 'value': -100}, {'name': 'pathname', 'type': 'const char*', 'value': '/lib/x86_64-linux-gnu/libdl.so.2'}, {'name': 'flags', 'type': 'int', 'value': 'O_RDONLY|O_CLOEXEC'}, {'name': 'mode', 'type': 'mode_t', 'value': 576847704}]",0,0
3889.447108,7670,7670,7099,0,4026531840,sshd,ip-10-100-1-57,5,fstat,[],2,0,"[{'name': 'fd', 'type': 'int', 'value': 3}, {'name': 'statbuf', 'type': 'struct stat*', 'value': '0x7FFF1BBB4C90'}]",0,0
3889.447407,7670,7670,7099,0,4026531840,sshd,ip-10-100-1-57,3,close,[],1,0,"[{'name': 'fd', 'type': 'int', 'value': 3}]",0,0
3889.447467,7670,7670,7099,0,4026531840,sshd,ip-10-100-1-57,1005,security_file_open,[],4,0,"[{'name': 'pathname', 'type': 'const char*', 'value': '/usr/lib/x86_64-linux-gnu/libpcre2-8.so.0.9.0'}, {'name': 'flags', 'type': 'int', 'value': 'O_RDONLY|O_LARGEFILE'}, {'name': 'dev', 'type': 'dev_t', 'value': 211812353}, {'name': 'inode', 'type': 'unsigned long', 'value': 3806}]",0,0
3889.447647,7670,7670,7099,0,4026531840,sshd,ip-10-100-1-57,257,openat,[],4,3,"[{'name': 'dirfd', 'type': 'int', 'value': -100}, {'name': 'pathname', 'type': 'const char*', 'value': '/lib/x86_64-linux-gnu/libpcre2-8.so.0'}, {'name': 'flags', 'type': 'int', 'value': 'O_RDONLY|O_CLOEXEC'}, {'name': 'mode', 'type': 'mode_t', 'value': 576847704}]",0,0
3889.4477,7670,7670,7099,0,4026531840,sshd,ip-10-100-1-57,5,fstat,[],2,0,"[{'name': 'fd', 'type': 'int', 'value': 3}, {'name': 'statbuf', 'type': 'struct stat*', 'value': '0x7FFF1BBB4C70'}]",0,0
3889.449259,7670,7670,7099,0,4026531840,sshd,ip-10-100-1-57,3,close,"[139844712005147, 139844711921179]",1,0,"[{'name': 'fd', 'type': 'int', 'value': 3}]",0,0
3889.449935,7670,7670,7099,0,4026531840,sshd,ip-10-100-1-57,1005,security_file_open,[],4,0,"[{'name': 'pathname', 'type': 'const char*', 'value': '/usr/lib/x86_64-linux-gnu/librt-2.31.so'}, {'name': 'flags', 'type': 'int', 'value': 'O_RDONLY|O_LARGEFILE'}, {'name': 'dev', 'type': 'dev_t', 'value': 211812353}, {'name': 'inode', 'type': 'unsigned long', 'value': 3444}]",0,0
3889.450039,7670,7670,7099,0,4026531840,sshd,ip-10-100-1-57,257,openat,[],4,3,"[{'name': 'dirfd', 'type': 'int', 'value': -100}, {'name': 'pathname', 'type': 'const char*', 'value': '/lib/x86_64-linux-gnu/librt.so.1'}, {'name': 'flags', 'type': 'int', 'value': 'O_RDONLY|O_CLOEXEC'}, {'name': 'mode', 'type': 'mode_t', 'value': 576847704}]",0,0
3889.450087,7670,7670,7099,0,4026531840,sshd,ip-10-100-1-57,5,fstat,"[139844712004905, 139844711921179]",2,0,"[{'name': 'fd', 'type': 'int', 'value': 3}, {'name': 'statbuf', 'type': 'struct stat*', 'value': '0x7FFF1BBB4C30'}]",0,0
3889.450295,7670,7670,7099,0,4026531840,sshd,ip-10-100-1-57,3,close,"[139844712005147, 139844711921179]",1,0,"[{'name': 'fd', 'type': 'int', 'value': 3}]",0,0
3889.450399,7670,7670,7099,0,4026531840,sshd,ip-10-100-1-57,1005,security_file_open,[],4,0,"[{'name': 'pathname', 'type': 'const char*', 'value': '/usr/lib/x86_64-linux-gnu/liblzma.so.5.2.4'}, {'name': 'flags', 'type': 'int', 'value': 'O_RDONLY|O_LARGEFILE'}, {'name': 'dev', 'type': 'dev_t', 'value': 211812353}, {'name': 'inode', 'type': 'unsigned long', 'value': 3738}]",0,0
3889.450468,7670,7670,7099,0,4026531840,sshd,ip-10-100-1-57,257,openat,[],4,3,"[{'name': 'dirfd', 'type': 'int', 'value': -100}, {'name': 'pathname', 'type': 'const char*', 'value': '/lib/x86_64-linux-gnu/liblzma.so.5'}, {'name': 'flags', 'type': 'int', 'value': 'O_RDONLY|O_CLOEXEC'}, {'name': 'mode', 'type': 'mode_t', 'value': 576847704}]",0,0
3889.450641,7670,7670,7099,0,4026531840,sshd,ip-10-100-1-57,5,fstat,[],2,0,"[{'name': 'fd', 'type': 'int', 'value': 3}, {'name': 'statbuf', 'type': 'struct stat*', 'value': '0x7FFF1BBB4C10'}]",0,0
3889.450788,7670,7670,7099,0,4026531840,sshd,ip-10-100-1-57,3,close,[],1,0,"[{'name': 'fd', 'type': 'int', 'value': 3}]",0,0
3889.45101,7670,7670,7099,0,4026531840,sshd,ip-10-100-1-57,1005,security_file_open,[],4,0,"[{'name': 'pathname', 'type': 'const char*', 'value': '/usr/lib/x86_64-linux-gnu/liblz4.so.1.9.2'}, {'name': 'flags', 'type': 'int', 'value': 'O_RDONLY|O_LARGEFILE'}, {'name': 'dev', 'type': 'dev_t', 'value': 211812353}, {'name': 'inode', 'type': 'unsigned long', 'value': 3743}]",0,0
3889.451084,7670,7670,7099,0,4026531840,sshd,ip-10-100-1-57,257,openat,[],4,3,"[{'name': 'dirfd', 'type': 'int', 'value': -100}, {'name': 'pathname', 'type': 'const char*', 'value': '/lib/x86_64-linux-gnu/liblz4.so.1'}, {'name': 'flags', 'type': 'int', 'value': 'O_RDONLY|O_CLOEXEC'}, {'name': 'mode', 'type': 'mode_t', 'value': 576847704}]",0,0
3889.451139,7670,7670,7099,0,4026531840,sshd,ip-10-100-1-57,5,fstat,[],2,0,"[{'name': 'fd', 'type': 'int', 'value': 3}, {'name': 'statbuf', 'type': 'struct stat*', 'value': '0x7FFF1BBB4BF0'}]",0,0
3889.451373,7670,7670,7099,0,4026531840,sshd,ip-10-100-1-57,3,close,[],1,0,"[{'name': 'fd', 'type': 'int', 'value': 3}]",0,0
3889.451538,7670,7670,7099,0,4026531840,sshd,ip-10-100-1-57,1005,security_file_open,[],4,0,"[{'name': 'pathname', 'type': 'const char*', 'value': '/usr/lib/x86_64-linux-gnu/libgcrypt.so.20.2.5'}, {'name': 'flags', 'type': 'int', 'value': 'O_RDONLY|O_LARGEFILE'}, {'name': 'dev', 'type': 'dev_t', 'value': 211812353}, {'name': 'inode', 'type': 'unsigned long', 'value': 3462}]",0,0
3889.45174,7670,7670,7099,0,4026531840,sshd,ip-10-100-1-57,5,fstat,[],2,0,"[{'name': 'fd', 'type': 'int', 'value': 3}, {'name': 'statbuf', 'type': 'struct stat*', 'value': '0x7FFF1BBB4BD0'}]",0,0
3889.45159,7670,7670,7099,0,4026531840,sshd,ip-10-100-1-57,257,openat,[],4,3,"[{'name': 'dirfd', 'type': 'int', 'value': -100}, {'name': 'pathname', 'type': 'const char*', 'value': '/lib/x86_64-linux-gnu/libgcrypt.so.20'}, {'name': 'flags', 'type': 'int', 'value': 'O_RDONLY|O_CLOEXEC'}, {'name': 'mode', 'type': 'mode_t', 'value': 576847704}]",0,0
3889.451891,7670,7670,7099,0,4026531840,sshd,ip-10-100-1-57,3,close,[],1,0,"[{'name': 'fd', 'type': 'int', 'value': 3}]",0,0
3889.452084,7670,7670,7099,0,4026531840,sshd,ip-10-100-1-57,1005,security_file_open,[],4,0,"[{'name': 'pathname', 'type': 'const char*', 'value': '/usr/lib/x86_64-linux-gnu/libpthread-2.31.so'}, {'name': 'flags', 'type': 'int', 'value': 'O_RDONLY|O_LARGEFILE'}, {'name': 'dev', 'type': 'dev_t', 'value': 211812353}, {'name': 'inode', 'type': 'unsigned long', 'value': 3442}]",0,0
3889.452136,7670,7670,7099,0,4026531840,sshd,ip-10-100-1-57,257,openat,[],4,3,"[{'name': 'dirfd', 'type': 'int', 'value': -100}, {'name': 'pathname', 'type': 'const char*', 'value': '/lib/x86_64-linux-gnu/libpthread.so.0'}, {'name': 'flags', 'type': 'int', 'value': 'O_RDONLY|O_CLOEXEC'}, {'name': 'mode', 'type': 'mode_t', 'value': 576847704}]",0,0
3889.452226,7670,7670,7099,0,4026531840,sshd,ip-10-100-1-57,5,fstat,[],2,0,"[{'name': 'fd', 'type': 'int', 'value': 3}, {'name': 'statbuf', 'type': 'struct stat*', 'value': '0x7FFF1BBB4BB0'}]",0,0
3889.452499,7670,7670,7099,0,4026531840,sshd,ip-10-100-1-57,3,close,[],1,0,"[{'name': 'fd', 'type': 'int', 'value': 3}]",0,0
3889.452699,7670,7670,7099,0,4026531840,sshd,ip-10-100-1-57,1005,security_file_open,[],4,0,"[{'name': 'pathname', 'type': 'const char*', 'value': '/usr/lib/x86_64-linux-gnu/libk5crypto.so.3.1'}, {'name': 'flags', 'type': 'int', 'value': 'O_RDONLY|O_LARGEFILE'}, {'name': 'dev', 'type': 'dev_t', 'value': 211812353}, {'name': 'inode', 'type': 'unsigned long', 'value': 5201}]",0,0
3889.452854,7670,7670,7099,0,4026531840,sshd,ip-10-100-1-57,257,openat,[],4,3,"[{'name': 'dirfd', 'type': 'int', 'value': -100}, {'name': 'pathname', 'type': 'const char*', 'value': '/lib/x86_64-linux-gnu/libk5crypto.so.3'}, {'name': 'flags', 'type': 'int', 'value': 'O_RDONLY|O_CLOEXEC'}, {'name': 'mode', 'type': 'mode_t', 'value': 576847704}]",0,0
3889.452913,7670,7670,7099,0,4026531840,sshd,ip-10-100-1-57,5,fstat,[],2,0,"[{'name': 'fd', 'type': 'int', 'value': 3}, {'name': 'statbuf', 'type': 'struct stat*', 'value': '0x7FFF1BBB4B90'}]",0,0
3889.454959,7670,7670,7099,0,4026531840,sshd,ip-10-100-1-57,3,close,"[139844712005147, 139844711921179]",1,0,"[{'name': 'fd', 'type': 'int', 'value': 3}]",0,0
3889.455041,7670,7670,7099,0,4026531840,sshd,ip-10-100-1-57,1005,security_file_open,[],4,0,"[{'name': 'pathname', 'type': 'const char*', 'value': '/usr/lib/x86_64-linux-gnu/libkrb5support.so.0.1'}, {'name': 'flags', 'type': 'int', 'value': 'O_RDONLY|O_LARGEFILE'}, {'name': 'dev', 'type': 'dev_t', 'value': 211812353}, {'name': 'inode', 'type': 'unsigned long', 'value': 5198}]",0,0
3889.455146,7670,7670,7099,0,4026531840,sshd,ip-10-100-1-57,257,openat,[],4,3,"[{'name': 'dirfd', 'type': 'int', 'value': -100}, {'name': 'pathname', 'type': 'const char*', 'value': '/lib/x86_64-linux-gnu/libkrb5support.so.0'}, {'name': 'flags', 'type': 'int', 'value': 'O_RDONLY|O_CLOEXEC'}, {'name': 'mode', 'type': 'mode_t', 'value': 576847704}]",0,0
3889.455314,7670,7670,7099,0,4026531840,sshd,ip-10-100-1-57,5,fstat,"[139844712004905, 139844711921179]",2,0,"[{'name': 'fd', 'type': 'int', 'value': 3}, {'name': 'statbuf', 'type': 'struct stat*', 'value': '0x7FFF1BBB4B70'}]",0,0
3889.455412,7670,7670,7099,0,4026531840,sshd,ip-10-100-1-57,3,close,[],1,0,"[{'name': 'fd', 'type': 'int', 'value': 3}]",0,0
3889.456343,7670,7670,7099,0,4026531840,sshd,ip-10-100-1-57,1005,security_file_open,[],4,0,"[{'name': 'pathname', 'type': 'const char*', 'value': '/usr/lib/x86_64-linux-gnu/libkeyutils.so.1.8'}, {'name': 'flags', 'type': 'int', 'value': 'O_RDONLY|O_LARGEFILE'}, {'name': 'dev', 'type': 'dev_t', 'value': 211812353}, {'name': 'inode', 'type': 'unsigned long', 'value': 5203}]",0,0
3889.45642,7670,7670,7099,0,4026531840,sshd,ip-10-100-1-57,257,openat,[],4,3,"[{'name': 'dirfd', 'type': 'int', 'value': -100}, {'name': 'pathname', 'type': 'const char*', 'value': '/lib/x86_64-linux-gnu/libkeyutils.so.1'}, {'name': 'flags', 'type': 'int', 'value': 'O_RDONLY|O_CLOEXEC'}, {'name': 'mode', 'type': 'mode_t', 'value': 576847704}]",0,0
3889.456485,7670,7670,7099,0,4026531840,sshd,ip-10-100-1-57,5,fstat,"[139844712004905, 139844711921179]",2,0,"[{'name': 'fd', 'type': 'int', 'value': 3}, {'name': 'statbuf', 'type': 'struct stat*', 'value': '0x7FFF1BBB4B50'}]",0,0
3889.456572,7670,7670,7099,0,4026531840,sshd,ip-10-100-1-57,3,close,"[139844712005147, 139844711921179]",1,0,"[{'name': 'fd', 'type': 'int', 'value': 3}]",0,0
3889.45669,7670,7670,7099,0,4026531840,sshd,ip-10-100-1-57,1005,security_file_open,[],4,0,"[{'name': 'pathname', 'type': 'const char*', 'value': '/usr/lib/x86_64-linux-gnu/libresolv-2.31.so'}, {'name': 'flags', 'type': 'int', 'value': 'O_RDONLY|O_LARGEFILE'}, {'name': 'dev', 'type': 'dev_t', 'value': 211812353}, {'name': 'inode', 'type': 'unsigned long', 'value': 3443}]",0,0
3889.456874,7670,7670,7099,0,4026531840,sshd,ip-10-100-1-57,257,openat,[],4,3,"[{'name': 'dirfd', 'type': 'int', 'value': -100}, {'name': 'pathname', 'type': 'const char*', 'value': '/lib/x86_64-linux-gnu/libresolv.so.2'}, {'name': 'flags', 'type': 'int', 'value': 'O_RDONLY|O_CLOEXEC'}, {'name': 'mode', 'type': 'mode_t', 'value': 576847704}]",0,0
3889.456931,7670,7670,7099,0,4026531840,sshd,ip-10-100-1-57,5,fstat,[],2,0,"[{'name': 'fd', 'type': 'int', 'value': 3}, {'name': 'statbuf', 'type': 'struct stat*', 'value': '0x7FFF1BBB4B30'}]",0,0
3889.45706,7670,7670,7099,0,4026531840,sshd,ip-10-100-1-57,3,close,[],1,0,"[{'name': 'fd', 'type': 'int', 'value': 3}]",0,0
3889.458305,7670,7670,7099,0,4026531840,sshd,ip-10-100-1-57,1005,security_file_open,[],4,0,"[{'name': 'pathname', 'type': 'const char*', 'value': '/usr/lib/x86_64-linux-gnu/libgpg-error.so.0.28.0'}, {'name': 'flags', 'type': 'int', 'value': 'O_RDONLY|O_LARGEFILE'}, {'name': 'dev', 'type': 'dev_t', 'value': 211812353}, {'name': 'inode', 'type': 'unsigned long', 'value': 3740}]",0,0
3889.458396,7670,7670,7099,0,4026531840,sshd,ip-10-100-1-57,257,openat,[],4,3,"[{'name': 'dirfd', 'type': 'int', 'value': -100}, {'name': 'pathname', 'type': 'const char*', 'value': '/lib/x86_64-linux-gnu/libgpg-error.so.0'}, {'name': 'flags', 'type': 'int', 'value': 'O_RDONLY|O_CLOEXEC'}, {'name': 'mode', 'type': 'mode_t', 'value': 576847704}]",0,0
3889.458439,7670,7670,7099,0,4026531840,sshd,ip-10-100-1-57,5,fstat,"[139844712004905, 139844711921179]",2,0,"[{'name': 'fd', 'type': 'int', 'value': 3}, {'name': 'statbuf', 'type': 'struct stat*', 'value': '0x7FFF1BBB4B10'}]",0,0
3889.458531,7670,7670,7099,0,4026531840,sshd,ip-10-100-1-57,3,close,"[139844712005147, 139844711921179]",1,0,"[{'name': 'fd', 'type': 'int', 'value': 3}]",0,0
3889.463009,7670,7670,7099,0,4026531840,sshd,ip-10-100-1-57,1005,security_file_open,"[139844705107627, 7882834762089588076]",4,0,"[{'name': 'pathname', 'type': 'const char*', 'value': '/proc/filesystems'}, {'name': 'flags', 'type': 'int', 'value': 'O_RDONLY|O_LARGEFILE'}, {'name': 'dev', 'type': 'dev_t', 'value': 5}, {'name': 'inode', 'type': 'unsigned long', 'value': 4026532130}]",0,0
3889.463748,7670,7670,7099,0,4026531840,sshd,ip-10-100-1-57,257,openat,"[139844705107627, 7882834762089588076]",4,3,"[{'name': 'dirfd', 'type': 'int', 'value': -100}, {'name': 'pathname', 'type': 'const char*', 'value': '/proc/filesystems'}, {'name': 'flags', 'type': 'int', 'value': 'O_RDONLY|O_CLOEXEC'}, {'name': 'mode', 'type': 'mode_t', 'value': 569949867}]",0,0
3889.463836,7670,7670,7099,0,4026531840,sshd,ip-10-100-1-57,5,fstat,[],2,0,"[{'name': 'fd', 'type': 'int', 'value': 3}, {'name': 'statbuf', 'type': 'struct stat*', 'value': '0x7FFF1BBB5A30'}]",0,0
3889.463907,7670,7670,7099,0,4026531840,sshd,ip-10-100-1-57,3,close,[],1,0,"[{'name': 'fd', 'type': 'int', 'value': 3}]",0,0
3889.464047,7670,7670,7099,0,4026531840,sshd,ip-10-100-1-57,21,access,[139844705108651],2,-2,"[{'name': 'pathname', 'type': 'const char*', 'value': '/etc/selinux/config'}, {'name': 'mode', 'type': 'mode_t', 'value': 'F_OK'}]",0,0
3889.464227,7670,7670,7099,0,4026531840,sshd,ip-10-100-1-57,1003,cap_capable,[],1,0,"[{'name': 'cap', 'type': 'int', 'value': 'CAP_SETGID'}]",0,0
3889.464311,7670,7670,7099,0,4026531840,sshd,ip-10-100-1-57,1005,security_file_open,[],4,0,"[{'name': 'pathname', 'type': 'const char*', 'value': '/dev/null'}, {'name': 'flags', 'type': 'int', 'value': 'O_RDWR|O_LARGEFILE'}, {'name': 'dev', 'type': 'dev_t', 'value': 6}, {'name': 'inode', 'type': 'unsigned long', 'value': 6}]",0,0
3889.465298,7670,7670,7099,0,4026531840,sshd,ip-10-100-1-57,257,openat,[],4,3,"[{'name': 'dirfd', 'type': 'int', 'value': -100}, {'name': 'pathname', 'type': 'const char*', 'value': '/dev/null'}, {'name': 'flags', 'type': 'int', 'value': 'O_RDWR'}, {'name': 'mode', 'type': 'mode_t', 'value': 569949867}]",0,0
3889.465385,7670,7670,7099,0,4026531840,sshd,ip-10-100-1-57,3,close,[],1,0,"[{'name': 'fd', 'type': 'int', 'value': 3}]",0,0
3889.467908,7670,7670,7099,0,4026531840,sshd,ip-10-100-1-57,1005,security_file_open,"[139844705107627, 7309464444695966511]",4,0,"[{'name': 'pathname', 'type': 'const char*', 'value': '/etc/ssl/openssl.cnf'}, {'name': 'flags', 'type': 'int', 'value': 'O_RDONLY|O_LARGEFILE'}, {'name': 'dev', 'type': 'dev_t', 'value': 211812353}, {'name': 'inode', 'type': 'unsigned long', 'value': 1152}]",0,0
3889.468769,7670,7670,7099,0,4026531840,sshd,ip-10-100-1-57,257,openat,"[139844705107627, 7309464444695966511]",4,3,"[{'name': 'dirfd', 'type': 'int', 'value': -100}, {'name': 'pathname', 'type': 'const char*', 'value': '/usr/lib/ssl/openssl.cnf'}, {'name': 'flags', 'type': 'int', 'value': 'O_RDONLY'}, {'name': 'mode', 'type': 'mode_t', 'value': 569949867}]",0,0
3889.468863,7670,7670,7099,0,4026531840,sshd,ip-10-100-1-57,5,fstat,[],2,0,"[{'name': 'fd', 'type': 'int', 'value': 3}, {'name': 'statbuf', 'type': 'struct stat*', 'value': '0x7FFF1BBB4E40'}]",0,0
3889.469892,7670,7670,7099,0,4026531840,sshd,ip-10-100-1-57,3,close,[],1,0,"[{'name': 'fd', 'type': 'int', 'value': 3}]",0,0
3889.470699,7670,7670,7099,0,4026531840,sshd,ip-10-100-1-57,1005,security_file_open,[],4,0,"[{'name': 'pathname', 'type': 'const char*', 'value': '/proc/7670/fd'}, {'name': 'flags', 'type': 'int', 'value': 'O_RDONLY|O_NONBLOCK|O_LARGEFILE|O_DIRECTORY'}, {'name': 'dev', 'type': 'dev_t', 'value': 5}, {'name': 'inode', 'type': 'unsigned long', 'value': 48477}]",0,0
3889.471572,7670,7670,7099,0,4026531840,sshd,ip-10-100-1-57,5,fstat,[139844705105545],2,0,"[{'name': 'fd', 'type': 'int', 'value': 3}, {'name': 'statbuf', 'type': 'struct stat*', 'value': '0x7FFF1BBB41E0'}]",0,0
3889.471494,7670,7670,7099,0,4026531840,sshd,ip-10-100-1-57,257,openat,[],4,3,"[{'name': 'dirfd', 'type': 'int', 'value': -100}, {'name': 'pathname', 'type': 'const char*', 'value': '/proc/7670/fd'}, {'name': 'flags', 'type': 'int', 'value': 'O_RDONLY|O_NONBLOCK|O_DIRECTORY|O_CLOEXEC'}, {'name': 'mode', 'type': 'mode_t', 'value': 569972316}]",0,0
3889.471649,7670,7670,7099,0,4026531840,sshd,ip-10-100-1-57,217,getdents64,[],3,192,"[{'name': 'fd', 'type': 'int', 'value': 3}, {'name': 'dirp', 'type': 'struct linux_dirent64*', 'value': '0x55D76814E490'}, {'name': 'count', 'type': 'size_t', 'value': 32768}]",0,0
3889.471709,7670,7670,7099,0,4026531840,sshd,ip-10-100-1-57,217,getdents64,[],3,0,"[{'name': 'fd', 'type': 'int', 'value': 3}, {'name': 'dirp', 'type': 'struct linux_dirent64*', 'value': '0x55D76814E490'}, {'name': 'count', 'type': 'size_t', 'value': 32768}]",0,0
3889.471767,7670,7670,7099,0,4026531840,sshd,ip-10-100-1-57,3,close,[],1,0,"[{'name': 'fd', 'type': 'int', 'value': 3}]",0,0
3889.471986,7670,7670,7099,0,4026531840,sshd,ip-10-100-1-57,32,dup,"[139844705110539, 94383652391376, 110399776305006]",1,3,"[{'name': 'oldfd', 'type': 'int', 'value': 4}]",0,0
3889.472358,7670,7670,7099,0,4026531840,sshd,ip-10-100-1-57,1005,security_file_open,[],4,0,"[{'name': 'pathname', 'type': 'const char*', 'value': '/etc/gai.conf'}, {'name': 'flags', 'type': 'int', 'value': 'O_RDONLY|O_LARGEFILE'}, {'name': 'dev', 'type': 'dev_t', 'value': 211812353}, {'name': 'inode', 'type': 'unsigned long', 'value': 535}]",0,0
3889.47205,7670,7670,7099,0,4026531840,sshd,ip-10-100-1-57,3,close,[],1,0,"[{'name': 'fd', 'type': 'int', 'value': 4}]",0,0
3889.472436,7670,7670,7099,0,4026531840,sshd,ip-10-100-1-57,257,openat,[],4,4,"[{'name': 'dirfd', 'type': 'int', 'value': -100}, {'name': 'pathname', 'type': 'const char*', 'value': '/etc/gai.conf'}, {'name': 'flags', 'type': 'int', 'value': 'O_RDONLY|O_CLOEXEC'}, {'name': 'mode', 'type': 'mode_t', 'value': 569972316}]",0,0
3889.47248,7670,7670,7099,0,4026531840,sshd,ip-10-100-1-57,5,fstat,[],2,0,"[{'name': 'fd', 'type': 'int', 'value': 4}, {'name': 'statbuf', 'type': 'struct stat*', 'value': '0x7FFF1BBB4B10'}]",0,0
3889.472662,7670,7670,7099,0,4026531840,sshd,ip-10-100-1-57,5,fstat,[],2,0,"[{'name': 'fd', 'type': 'int', 'value': 4}, {'name': 'statbuf', 'type': 'struct stat*', 'value': '0x7FFF1BBB4900'}]",0,0
3889.47273,7670,7670,7099,0,4026531840,sshd,ip-10-100-1-57,3,close,[],1,0,"[{'name': 'fd', 'type': 'int', 'value': 4}]",0,0
3889.472834,7670,7670,7099,0,4026531840,sshd,ip-10-100-1-57,41,socket,[],3,4,"[{'name': 'domain', 'type': 'int', 'value': 'AF_NETLINK'}, {'name': 'type', 'type': 'const char*', 'value': 'SOCK_RAW|SOCK_CLOEXEC'}, {'name': 'protocol', 'type': 'int', 'value': 0}]",0,0
3889.473013,7670,7670,7099,0,4026531840,sshd,ip-10-100-1-57,49,bind,[],3,0,"[{'name': 'sockfd', 'type': 'int', 'value': 4}, {'name': 'addr', 'type': 'void*', 'value': ""{'sa_family': 'AF_NETLINK'}""}, {'name': 'addrlen', 'type': 'int*', 'value': 12}]",0,0
3889.473059,7670,7670,7099,0,4026531840,sshd,ip-10-100-1-57,51,getsockname,"[139844705182667, 139844705077705, 94383639435977, 94383639433250]",3,0,"[{'name': 'sockfd', 'type': 'int', 'value': 4}, {'name': 'addr', 'type': 'void*', 'value': ""{'sa_family': 'AF_NETLINK'}""}, {'name': 'addrlen', 'type': 'int*', 'value': '0x7FFF1BBB4AF4'}]",0,0
3889.473298,7670,7670,7099,0,4026531840,sshd,ip-10-100-1-57,41,socket,"[139844705184011, 139844705426736, 139844705418022, 139844705077705, 94383639435977, 94383639433250]",3,6,"[{'name': 'domain', 'type': 'int', 'value': 'AF_UNIX'}, {'name': 'type', 'type': 'const char*', 'value': 'SOCK_STREAM|SOCK_NONBLOCK|SOCK_CLOEXEC'}, {'name': 'protocol', 'type': 'int', 'value': 0}]",0,0
3889.473388,7670,7670,7099,0,4026531840,sshd,ip-10-100-1-57,42,connect,[],3,-2,"[{'name': 'sockfd', 'type': 'int', 'value': 6}, {'name': 'addr', 'type': 'struct sockaddr*', 'value': ""{'sa_family': 'AF_UNIX','sun_path': '/var/run/nscd/socket'}""}, {'name': 'addrlen', 'type': 'int*', 'value': 110}]",0,0
3889.473449,7670,7670,7099,0,4026531840,sshd,ip-10-100-1-57,3,close,[],1,0,"[{'name': 'fd', 'type': 'int', 'value': 6}]",0,0
3889.473575,7670,7670,7099,0,4026531840,sshd,ip-10-100-1-57,3,close,[],1,0,"[{'name': 'fd', 'type': 'int', 'value': 4}]",0,0
3889.473627,7670,7670,7099,0,4026531840,sshd,ip-10-100-1-57,41,socket,[],3,4,"[{'name': 'domain', 'type': 'int', 'value': 'AF_INET6'}, {'name': 'type', 'type': 'const char*', 'value': 'SOCK_DGRAM|SOCK_CLOEXEC'}, {'name': 'protocol', 'type': 'int', 'value': 0}]",0,0
3889.47379,7670,7670,7099,0,4026531840,sshd,ip-10-100-1-57,42,connect,[],3,0,"[{'name': 'sockfd', 'type': 'int', 'value': 4}, {'name': 'addr', 'type': 'struct sockaddr*', 'value': ""{'sin6_port': '22','sin6_flowinfo': '0','sin6_addr': '::','sin6_scopeid': '0','sa_family': 'AF_INET6'}""}, {'name': 'addrlen', 'type': 'int*', 'value': 28}]",0,0
3889.473835,7670,7670,7099,0,4026531840,sshd,ip-10-100-1-57,51,getsockname,[],3,0,"[{'name': 'sockfd', 'type': 'int', 'value': 4}, {'name': 'addr', 'type': 'void*', 'value': ""{'sa_family': 'AF_INET6','sin6_port': '36731','sin6_flowinfo': '0','sin6_addr': '::1','sin6_scopeid': '0'}""}, {'name': 'addrlen', 'type': 'int*', 'value': '0x7FFF1BBB4CE0'}]",0,0
3889.473891,7670,7670,7099,0,4026531840,sshd,ip-10-100-1-57,42,connect,[],3,0,"[{'name': 'sockfd', 'type': 'int', 'value': 4}, {'name': 'addr', 'type': 'struct sockaddr*', 'value': ""{'sa_family': 'AF_UNSPEC'}""}, {'name': 'addrlen', 'type': 'int*', 'value': 16}]",0,0
3889.473944,7670,7670,7099,0,4026531840,sshd,ip-10-100-1-57,42,connect,[],3,0,"[{'name': 'sockfd', 'type': 'int', 'value': 4}, {'name': 'addr', 'type': 'struct sockaddr*', 'value': ""{'sa_family': 'AF_INET','sin_port': '22','sin_addr': '0.0.0.0'}""}, {'name': 'addrlen', 'type': 'int*', 'value': 16}]",0,0
3889.474128,7670,7670,7099,0,4026531840,sshd,ip-10-100-1-57,51,getsockname,[],3,0,"[{'name': 'sockfd', 'type': 'int', 'value': 4}, {'name': 'addr', 'type': 'void*', 'value': ""{'sa_family': 'AF_INET6','sin6_port': '42853','sin6_flowinfo': '0','sin6_addr': '127.0.0.1','sin6_scopeid': '0'}""}, {'name': 'addrlen', 'type': 'int*', 'value': '0x7FFF1BBB4CE0'}]",0,0
3889.474177,7670,7670,7099,0,4026531840,sshd,ip-10-100-1-57,3,close,"[139844705129643, 94383639435977, 94383639433250]",1,0,"[{'name': 'fd', 'type': 'int', 'value': 4}]",0,0
3889.474331,7670,7670,7099,0,4026531840,sshd,ip-10-100-1-57,41,socket,"[139844705184011, 139844705426736, 139844705427871, 7499829561077530624]",3,4,"[{'name': 'domain', 'type': 'int', 'value': 'AF_UNIX'}, {'name': 'type', 'type': 'const char*', 'value': 'SOCK_STREAM|SOCK_NONBLOCK|SOCK_CLOEXEC'}, {'name': 'protocol', 'type': 'int', 'value': 0}]",0,0
3889.474495,7670,7670,7099,0,4026531840,sshd,ip-10-100-1-57,42,connect,"[139844705182471, 139844705426736, 139844705427871, 7499829561077530624]",3,-2,"[{'name': 'sockfd', 'type': 'int', 'value': 4}, {'name': 'addr', 'type': 'struct sockaddr*', 'value': ""{'sa_family': 'AF_UNIX','sun_path': '/var/run/nscd/socket'}""}, {'name': 'addrlen', 'type': 'int*', 'value': 110}]",0,0
3889.474629,7670,7670,7099,0,4026531840,sshd,ip-10-100-1-57,3,close,[],1,0,"[{'name': 'fd', 'type': 'int', 'value': 4}]",0,0
3889.474681,7670,7670,7099,0,4026531840,sshd,ip-10-100-1-57,41,socket,"[139844705184011, 139844705428491, 94383652519744]",3,4,"[{'name': 'domain', 'type': 'int', 'value': 'AF_UNIX'}, {'name': 'type', 'type': 'const char*', 'value': 'SOCK_STREAM|SOCK_NONBLOCK|SOCK_CLOEXEC'}, {'name': 'protocol', 'type': 'int', 'value': 0}]",0,0
3889.474796,7670,7670,7099,0,4026531840,sshd,ip-10-100-1-57,42,connect,"[139844705182471, 139844705428491, 94383652519744]",3,-2,"[{'name': 'sockfd', 'type': 'int', 'value': 4}, {'name': 'addr', 'type': 'struct sockaddr*', 'value': ""{'sa_family': 'AF_UNIX','sun_path': '/var/run/nscd/socket'}""}, {'name': 'addrlen', 'type': 'int*', 'value': 110}]",0,0
3889.474905,7670,7670,7099,0,4026531840,sshd,ip-10-100-1-57,3,close,"[139844705129643, 139844705428491, 94383652519744]",1,0,"[{'name': 'fd', 'type': 'int', 'value': 4}]",0,0
3889.475012,7670,7670,7099,0,4026531840,sshd,ip-10-100-1-57,1005,security_file_open,[],4,0,"[{'name': 'pathname', 'type': 'const char*', 'value': '/etc/nsswitch.conf'}, {'name': 'flags', 'type': 'int', 'value': 'O_RDONLY|O_LARGEFILE'}, {'name': 'dev', 'type': 'dev_t', 'value': 211812353}, {'name': 'inode', 'type': 'unsigned long', 'value': 22}]",0,0
3889.475243,7670,7670,7099,0,4026531840,sshd,ip-10-100-1-57,5,fstat,[],2,0,"[{'name': 'fd', 'type': 'int', 'value': 4}, {'name': 'statbuf', 'type': 'struct stat*', 'value': '0x7FFF1BBB4FE0'}]",0,0
3889.475196,7670,7670,7099,0,4026531840,sshd,ip-10-100-1-57,257,openat,[],4,4,"[{'name': 'dirfd', 'type': 'int', 'value': -100}, {'name': 'pathname', 'type': 'const char*', 'value': '/etc/nsswitch.conf'}, {'name': 'flags', 'type': 'int', 'value': 'O_RDONLY|O_CLOEXEC'}, {'name': 'mode', 'type': 'mode_t', 'value': 569972316}]",0,0
3889.475335,7670,7670,7099,0,4026531840,sshd,ip-10-100-1-57,3,close,[],1,0,"[{'name': 'fd', 'type': 'int', 'value': 4}]",0,0
3889.475521,7670,7670,7099,0,4026531840,sshd,ip-10-100-1-57,1005,security_file_open,[],4,0,"[{'name': 'pathname', 'type': 'const char*', 'value': '/etc/ld.so.cache'}, {'name': 'flags', 'type': 'int', 'value': 'O_RDONLY|O_LARGEFILE'}, {'name': 'dev', 'type': 'dev_t', 'value': 211812353}, {'name': 'inode', 'type': 'unsigned long', 'value': 62841}]",0,0
3889.47575,7670,7670,7099,0,4026531840,sshd,ip-10-100-1-57,5,fstat,[139844712004905],2,0,"[{'name': 'fd', 'type': 'int', 'value': 4}, {'name': 'statbuf', 'type': 'struct stat*', 'value': '0x7FFF1BBB4750'}]",0,0
3889.475846,7670,7670,7099,0,4026531840,sshd,ip-10-100-1-57,3,close,[],1,0,"[{'name': 'fd', 'type': 'int', 'value': 4}]",0,0
3889.4759,7670,7670,7099,0,4026531840,sshd,ip-10-100-1-57,1005,security_file_open,[],4,0,"[{'name': 'pathname', 'type': 'const char*', 'value': '/usr/lib/x86_64-linux-gnu/libnss_files-2.31.so'}, {'name': 'flags', 'type': 'int', 'value': 'O_RDONLY|O_LARGEFILE'}, {'name': 'dev', 'type': 'dev_t', 'value': 211812353}, {'name': 'inode', 'type': 'unsigned long', 'value': 3437}]",0,0
3889.475705,7670,7670,7099,0,4026531840,sshd,ip-10-100-1-57,257,openat,[],4,4,"[{'name': 'dirfd', 'type': 'int', 'value': -100}, {'name': 'pathname', 'type': 'const char*', 'value': '/etc/ld.so.cache'}, {'name': 'flags', 'type': 'int', 'value': 'O_RDONLY|O_CLOEXEC'}, {'name': 'mode', 'type': 'mode_t', 'value': 576847704}]",0,0
3889.476037,7670,7670,7099,0,4026531840,sshd,ip-10-100-1-57,257,openat,[],4,4,"[{'name': 'dirfd', 'type': 'int', 'value': -100}, {'name': 'pathname', 'type': 'const char*', 'value': '/lib/x86_64-linux-gnu/libnss_files.so.2'}, {'name': 'flags', 'type': 'int', 'value': 'O_RDONLY|O_CLOEXEC'}, {'name': 'mode', 'type': 'mode_t', 'value': 576847704}]",0,0
3889.476119,7670,7670,7099,0,4026531840,sshd,ip-10-100-1-57,5,fstat,"[139844712004905, 139844711921179]",2,0,"[{'name': 'fd', 'type': 'int', 'value': 4}, {'name': 'statbuf', 'type': 'struct stat*', 'value': '0x7FFF1BBB47A0'}]",0,0
3889.476341,7670,7670,7099,0,4026531840,sshd,ip-10-100-1-57,3,close,"[139844712005147, 139844711921179]",1,0,"[{'name': 'fd', 'type': 'int', 'value': 4}]",0,0
3889.479879,7670,7670,7099,0,4026531840,sshd,ip-10-100-1-57,1005,security_file_open,[],4,0,"[{'name': 'pathname', 'type': 'const char*', 'value': '/etc/passwd'}, {'name': 'flags', 'type': 'int', 'value': 'O_RDONLY|O_LARGEFILE'}, {'name': 'dev', 'type': 'dev_t', 'value': 211812353}, {'name': 'inode', 'type': 'unsigned long', 'value': 61241}]",0,0
3889.480034,7670,7670,7099,0,4026531840,sshd,ip-10-100-1-57,5,fstat,[],2,0,"[{'name': 'fd', 'type': 'int', 'value': 4}, {'name': 'statbuf', 'type': 'struct stat*', 'value': '0x7FFF1BBB5010'}]",0,0
3889.479986,7670,7670,7099,0,4026531840,sshd,ip-10-100-1-57,257,openat,[],4,4,"[{'name': 'dirfd', 'type': 'int', 'value': -100}, {'name': 'pathname', 'type': 'const char*', 'value': '/etc/passwd'}, {'name': 'flags', 'type': 'int', 'value': 'O_RDONLY|O_CLOEXEC'}, {'name': 'mode', 'type': 'mode_t', 'value': 569972316}]",0,0
3889.480288,7670,7670,7099,0,4026531840,sshd,ip-10-100-1-57,3,close,[],1,0,"[{'name': 'fd', 'type': 'int', 'value': 4}]",0,0
3889.480365,7670,7670,7099,0,4026531840,sshd,ip-10-100-1-57,1005,security_file_open,"[139844705107627, 8317981795760173871]",4,0,"[{'name': 'pathname', 'type': 'const char*', 'value': '/etc/ssh/ssh_host_rsa_key'}, {'name': 'flags', 'type': 'int', 'value': 'O_RDONLY|O_LARGEFILE'}, {'name': 'dev', 'type': 'dev_t', 'value': 211812353}, {'name': 'inode', 'type': 'unsigned long', 'value': 61055}]",0,0
3889.480409,7670,7670,7099,0,4026531840,sshd,ip-10-100-1-57,257,openat,[],4,4,"[{'name': 'dirfd', 'type': 'int', 'value': -100}, {'name': 'pathname', 'type': 'const char*', 'value': '/etc/ssh/ssh_host_rsa_key'}, {'name': 'flags', 'type': 'int', 'value': 'O_RDONLY'}, {'name': 'mode', 'type': 'mode_t', 'value': 569949867}]",0,0
3889.480533,7670,7670,7099,0,4026531840,sshd,ip-10-100-1-57,5,fstat,[],2,0,"[{'name': 'fd', 'type': 'int', 'value': 4}, {'name': 'statbuf', 'type': 'struct stat*', 'value': '0x7FFF1BBB41E0'}]",0,0
3889.480442,7670,7670,7099,0,4026531840,sshd,ip-10-100-1-57,5,fstat,[139844705105545],2,0,"[{'name': 'fd', 'type': 'int', 'value': 4}, {'name': 'statbuf', 'type': 'struct stat*', 'value': '0x7FFF1BBB51F0'}]",0,0
3889.483285,7670,7670,7099,0,4026531840,sshd,ip-10-100-1-57,3,close,[139844705110407],1,0,"[{'name': 'fd', 'type': 'int', 'value': 4}]",0,0
3889.485693,7670,7670,7099,0,4026531840,sshd,ip-10-100-1-57,257,openat,[],4,4,"[{'name': 'dirfd', 'type': 'int', 'value': -100}, {'name': 'pathname', 'type': 'const char*', 'value': '/etc/ssh/ssh_host_rsa_key'}, {'name': 'flags', 'type': 'int', 'value': 'O_RDONLY'}, {'name': 'mode', 'type': 'mode_t', 'value': 569949867}]",0,0
3889.48549,7670,7670,7099,0,4026531840,sshd,ip-10-100-1-57,1005,security_file_open,"[139844705107627, 8317981795760173871]",4,0,"[{'name': 'pathname', 'type': 'const char*', 'value': '/etc/ssh/ssh_host_rsa_key'}, {'name': 'flags', 'type': 'int', 'value': 'O_RDONLY|O_LARGEFILE'}, {'name': 'dev', 'type': 'dev_t', 'value': 211812353}, {'name': 'inode', 'type': 'unsigned long', 'value': 61055}]",0,0
3889.485783,7670,7670,7099,0,4026531840,sshd,ip-10-100-1-57,5,fstat,[],2,0,"[{'name': 'fd', 'type': 'int', 'value': 4}, {'name': 'statbuf', 'type': 'struct stat*', 'value': '0x7FFF1BBB50B0'}]",0,0
3889.485937,7670,7670,7099,0,4026531840,sshd,ip-10-100-1-57,3,close,[],1,0,"[{'name': 'fd', 'type': 'int', 'value': 4}]",0,0
3889.485991,7670,7670,7099,0,4026531840,sshd,ip-10-100-1-57,1005,security_file_open,[],4,0,"[{'name': 'pathname', 'type': 'const char*', 'value': '/etc/ssh/ssh_host_rsa_key.pub'}, {'name': 'flags', 'type': 'int', 'value': 'O_RDONLY|O_LARGEFILE'}, {'name': 'dev', 'type': 'dev_t', 'value': 211812353}, {'name': 'inode', 'type': 'unsigned long', 'value': 61060}]",0,0
3889.486179,7670,7670,7099,0,4026531840,sshd,ip-10-100-1-57,257,openat,[],4,4,"[{'name': 'dirfd', 'type': 'int', 'value': -100}, {'name': 'pathname', 'type': 'const char*', 'value': '/etc/ssh/ssh_host_rsa_key.pub'}, {'name': 'flags', 'type': 'int', 'value': 'O_RDONLY'}, {'name': 'mode', 'type': 'mode_t', 'value': 569949867}]",0,0
3889.486224,7670,7670,7099,0,4026531840,sshd,ip-10-100-1-57,5,fstat,[],2,0,"[{'name': 'fd', 'type': 'int', 'value': 4}, {'name': 'statbuf', 'type': 'struct stat*', 'value': '0x7FFF1BBB50B0'}]",0,0
3889.486379,7670,7670,7099,0,4026531840,sshd,ip-10-100-1-57,3,close,[],1,0,"[{'name': 'fd', 'type': 'int', 'value': 4}]",0,0
3889.491042,7670,7670,7099,0,4026531840,sshd,ip-10-100-1-57,1005,security_file_open,"[139844705107627, 8317981795760173871]",4,0,"[{'name': 'pathname', 'type': 'const char*', 'value': '/etc/ssh/ssh_host_ecdsa_key'}, {'name': 'flags', 'type': 'int', 'value': 'O_RDONLY|O_LARGEFILE'}, {'name': 'dev', 'type': 'dev_t', 'value': 211812353}, {'name': 'inode', 'type': 'unsigned long', 'value': 61063}]",0,0
3889.49127,7670,7670,7099,0,4026531840,sshd,ip-10-100-1-57,257,openat,[],4,4,"[{'name': 'dirfd', 'type': 'int', 'value': -100}, {'name': 'pathname', 'type': 'const char*', 'value': '/etc/ssh/ssh_host_ecdsa_key'}, {'name': 'flags', 'type': 'int', 'value': 'O_RDONLY'}, {'name': 'mode', 'type': 'mode_t', 'value': 569949867}]",0,0
3889.491415,7670,7670,7099,0,4026531840,sshd,ip-10-100-1-57,5,fstat,[139844705105545],2,0,"[{'name': 'fd', 'type': 'int', 'value': 4}, {'name': 'statbuf', 'type': 'struct stat*', 'value': '0x7FFF1BBB51F0'}]",0,0
3889.491478,7670,7670,7099,0,4026531840,sshd,ip-10-100-1-57,5,fstat,[],2,0,"[{'name': 'fd', 'type': 'int', 'value': 4}, {'name': 'statbuf', 'type': 'struct stat*', 'value': '0x7FFF1BBB41E0'}]",0,0
3889.492632,7670,7670,7099,0,4026531840,sshd,ip-10-100-1-57,3,close,[139844705110407],1,0,"[{'name': 'fd', 'type': 'int', 'value': 4}]",0,0
3889.493481,7670,7670,7099,0,4026531840,sshd,ip-10-100-1-57,1005,security_file_open,"[139844705107627, 8317981795760173871]",4,0,"[{'name': 'pathname', 'type': 'const char*', 'value': '/etc/ssh/ssh_host_ecdsa_key'}, {'name': 'flags', 'type': 'int', 'value': 'O_RDONLY|O_LARGEFILE'}, {'name': 'dev', 'type': 'dev_t', 'value': 211812353}, {'name': 'inode', 'type': 'unsigned long', 'value': 61063}]",0,0
3889.493669,7670,7670,7099,0,4026531840,sshd,ip-10-100-1-57,257,openat,[],4,4,"[{'name': 'dirfd', 'type': 'int', 'value': -100}, {'name': 'pathname', 'type': 'const char*', 'value': '/etc/ssh/ssh_host_ecdsa_key'}, {'name': 'flags', 'type': 'int', 'value': 'O_RDONLY'}, {'name': 'mode', 'type': 'mode_t', 'value': 569949867}]",0,0
3889.493771,7670,7670,7099,0,4026531840,sshd,ip-10-100-1-57,5,fstat,[],2,0,"[{'name': 'fd', 'type': 'int', 'value': 4}, {'name': 'statbuf', 'type': 'struct stat*', 'value': '0x7FFF1BBB50B0'}]",0,0
3889.494027,7670,7670,7099,0,4026531840,sshd,ip-10-100-1-57,3,close,[],1,0,"[{'name': 'fd', 'type': 'int', 'value': 4}]",0,0
3889.494112,7670,7670,7099,0,4026531840,sshd,ip-10-100-1-57,1005,security_file_open,[],4,0,"[{'name': 'pathname', 'type': 'const char*', 'value': '/etc/ssh/ssh_host_ecdsa_key.pub'}, {'name': 'flags', 'type': 'int', 'value': 'O_RDONLY|O_LARGEFILE'}, {'name': 'dev', 'type': 'dev_t', 'value': 211812353}, {'name': 'inode', 'type': 'unsigned long', 'value': 61064}]",0,0
3889.494156,7670,7670,7099,0,4026531840,sshd,ip-10-100-1-57,257,openat,[],4,4,"[{'name': 'dirfd', 'type': 'int', 'value': -100}, {'name': 'pathname', 'type': 'const char*', 'value': '/etc/ssh/ssh_host_ecdsa_key.pub'}, {'name': 'flags', 'type': 'int', 'value': 'O_RDONLY'}, {'name': 'mode', 'type': 'mode_t', 'value': 569949867}]",0,0
3889.494189,7670,7670,7099,0,4026531840,sshd,ip-10-100-1-57,5,fstat,[],2,0,"[{'name': 'fd', 'type': 'int', 'value': 4}, {'name': 'statbuf', 'type': 'struct stat*', 'value': '0x7FFF1BBB50B0'}]",0,0
3889.494375,7670,7670,7099,0,4026531840,sshd,ip-10-100-1-57,3,close,[],1,0,"[{'name': 'fd', 'type': 'int', 'value': 4}]",0,0
3889.49631,7670,7670,7099,0,4026531840,sshd,ip-10-100-1-57,1005,security_file_open,"[139844705107627, 8317981795760173871]",4,0,"[{'name': 'pathname', 'type': 'const char*', 'value': '/etc/ssh/ssh_host_ed25519_key'}, {'name': 'flags', 'type': 'int', 'value': 'O_RDONLY|O_LARGEFILE'}, {'name': 'dev', 'type': 'dev_t', 'value': 211812353}, {'name': 'inode', 'type': 'unsigned long', 'value': 61068}]",0,0
3889.496517,7670,7670,7099,0,4026531840,sshd,ip-10-100-1-57,257,openat,[],4,4,"[{'name': 'dirfd', 'type': 'int', 'value': -100}, {'name': 'pathname', 'type': 'const char*', 'value': '/etc/ssh/ssh_host_ed25519_key'}, {'name': 'flags', 'type': 'int', 'value': 'O_RDONLY'}, {'name': 'mode', 'type': 'mode_t', 'value': 569949867}]",0,0
3889.496655,7670,7670,7099,0,4026531840,sshd,ip-10-100-1-57,5,fstat,[139844705105545],2,0,"[{'name': 'fd', 'type': 'int', 'value': 4}, {'name': 'statbuf', 'type': 'struct stat*', 'value': '0x7FFF1BBB51F0'}]",0,0
3889.496747,7670,7670,7099,0,4026531840,sshd,ip-10-100-1-57,5,fstat,[],2,0,"[{'name': 'fd', 'type': 'int', 'value': 4}, {'name': 'statbuf', 'type': 'struct stat*', 'value': '0x7FFF1BBB41E0'}]",0,0
3889.496915,7670,7670,7099,0,4026531840,sshd,ip-10-100-1-57,3,close,[139844705110407],1,0,"[{'name': 'fd', 'type': 'int', 'value': 4}]",0,0
3889.497103,7670,7670,7099,0,4026531840,sshd,ip-10-100-1-57,1005,security_file_open,[],4,0,"[{'name': 'pathname', 'type': 'const char*', 'value': '/etc/ssh/ssh_host_ed25519_key'}, {'name': 'flags', 'type': 'int', 'value': 'O_RDONLY|O_LARGEFILE'}, {'name': 'dev', 'type': 'dev_t', 'value': 211812353}, {'name': 'inode', 'type': 'unsigned long', 'value': 61068}]",0,0
3889.49825,7670,7670,7099,0,4026531840,sshd,ip-10-100-1-57,257,openat,"[139844705107627, 8317981795760173871]",4,4,"[{'name': 'dirfd', 'type': 'int', 'value': -100}, {'name': 'pathname', 'type': 'const char*', 'value': '/etc/ssh/ssh_host_ed25519_key'}, {'name': 'flags', 'type': 'int', 'value': 'O_RDONLY'}, {'name': 'mode', 'type': 'mode_t', 'value': 569949867}]",0,0
3889.498337,7670,7670,7099,0,4026531840,sshd,ip-10-100-1-57,5,fstat,[],2,0,"[{'name': 'fd', 'type': 'int', 'value': 4}, {'name': 'statbuf', 'type': 'struct stat*', 'value': '0x7FFF1BBB50B0'}]",0,0
3889.498389,7670,7670,7099,0,4026531840,sshd,ip-10-100-1-57,3,close,[],1,0,"[{'name': 'fd', 'type': 'int', 'value': 4}]",0,0
3889.498435,7670,7670,7099,0,4026531840,sshd,ip-10-100-1-57,1005,security_file_open,[],4,0,"[{'name': 'pathname', 'type': 'const char*', 'value': '/etc/ssh/ssh_host_ed25519_key.pub'}, {'name': 'flags', 'type': 'int', 'value': 'O_RDONLY|O_LARGEFILE'}, {'name': 'dev', 'type': 'dev_t', 'value': 211812353}, {'name': 'inode', 'type': 'unsigned long', 'value': 61069}]",0,0
3889.498531,7670,7670,7099,0,4026531840,sshd,ip-10-100-1-57,257,openat,[],4,4,"[{'name': 'dirfd', 'type': 'int', 'value': -100}, {'name': 'pathname', 'type': 'const char*', 'value': '/etc/ssh/ssh_host_ed25519_key.pub'}, {'name': 'flags', 'type': 'int', 'value': 'O_RDONLY'}, {'name': 'mode', 'type': 'mode_t', 'value': 569949867}]",0,0
3889.498611,7670,7670,7099,0,4026531840,sshd,ip-10-100-1-57,5,fstat,[],2,0,"[{'name': 'fd', 'type': 'int', 'value': 4}, {'name': 'statbuf', 'type': 'struct stat*', 'value': '0x7FFF1BBB50B0'}]",0,0
3889.498786,7670,7670,7099,0,4026531840,sshd,ip-10-100-1-57,3,close,[],1,0,"[{'name': 'fd', 'type': 'int', 'value': 4}]",0,0
3889.499968,7670,7670,7099,0,4026531840,sshd,ip-10-100-1-57,4,stat,[],2,0,"[{'name': 'pathname', 'type': 'const char*', 'value': '/run/sshd'}, {'name': 'statbuf', 'type': 'struct stat*', 'value': '0x7FFF1BBB5380'}]",0,0
3889.500036,7670,7670,7099,0,4026531840,sshd,ip-10-100-1-57,1003,cap_capable,[],1,0,"[{'name': 'cap', 'type': 'int', 'value': 'CAP_SETGID'}]",0,0
3889.500124,7670,7670,7099,0,4026531840,sshd,ip-10-100-1-57,1005,security_file_open,[],4,0,"[{'name': 'pathname', 'type': 'const char*', 'value': '/dev/tty'}, {'name': 'flags', 'type': 'int', 'value': 'O_RDONLY|O_NOCTTY|O_LARGEFILE'}, {'name': 'dev', 'type': 'dev_t', 'value': 6}, {'name': 'inode', 'type': 'unsigned long', 'value': 13}]",0,0
3889.500285,7670,7670,7099,0,4026531840,sshd,ip-10-100-1-57,257,openat,[],4,-6,"[{'name': 'dirfd', 'type': 'int', 'value': -100}, {'name': 'pathname', 'type': 'const char*', 'value': '/dev/tty'}, {'name': 'flags', 'type': 'int', 'value': 'O_RDONLY|O_NOCTTY'}, {'name': 'mode', 'type': 'mode_t', 'value': 569949867}]",0,0
3889.500359,7670,7670,7099,0,4026531840,sshd,ip-10-100-1-57,3,close,[],1,0,"[{'name': 'fd', 'type': 'int', 'value': 5}]",0,0
3889.500494,7670,7670,7099,0,4026531840,sshd,ip-10-100-1-57,32,dup,"[139844705110539, 94383652391376, 110399776305006]",1,4,"[{'name': 'oldfd', 'type': 'int', 'value': 0}]",0,0
3889.50055,7670,7670,7099,0,4026531840,sshd,ip-10-100-1-57,1005,security_file_open,[],4,0,"[{'name': 'pathname', 'type': 'const char*', 'value': '/dev/null'}, {'name': 'flags', 'type': 'int', 'value': 'O_RDWR|O_LARGEFILE'}, {'name': 'dev', 'type': 'dev_t', 'value': 6}, {'name': 'inode', 'type': 'unsigned long', 'value': 6}]",0,0
3889.500654,7670,7670,7099,0,4026531840,sshd,ip-10-100-1-57,257,openat,[],4,5,"[{'name': 'dirfd', 'type': 'int', 'value': -100}, {'name': 'pathname', 'type': 'const char*', 'value': '/dev/null'}, {'name': 'flags', 'type': 'int', 'value': 'O_RDWR'}, {'name': 'mode', 'type': 'mode_t', 'value': 569949867}]",0,0
3889.500796,7670,7670,7099,0,4026531840,sshd,ip-10-100-1-57,33,dup2,[],2,0,"[{'name': 'oldfd', 'type': 'int', 'value': 5}, {'name': 'newfd', 'type': 'int', 'value': 0}]",0,0
3889.500838,7670,7670,7099,0,4026531840,sshd,ip-10-100-1-57,33,dup2,[],2,1,"[{'name': 'oldfd', 'type': 'int', 'value': 5}, {'name': 'newfd', 'type': 'int', 'value': 1}]",0,0
3889.50087,7670,7670,7099,0,4026531840,sshd,ip-10-100-1-57,33,dup2,[],2,2,"[{'name': 'oldfd', 'type': 'int', 'value': 5}, {'name': 'newfd', 'type': 'int', 'value': 2}]",0,0
3889.502716,7670,7670,7099,0,4026531840,sshd,ip-10-100-1-57,51,getsockname,[139844705182667],3,0,"[{'name': 'sockfd', 'type': 'int', 'value': 4}, {'name': 'addr', 'type': 'void*', 'value': ""{'sa_family': 'AF_INET','sin_port': '22','sin_addr': '10.100.1.57'}""}, {'name': 'addrlen', 'type': 'int*', 'value': '0x7FFF1BBB4DEC'}]",0,0
3889.502792,7670,7670,7099,0,4026531840,sshd,ip-10-100-1-57,51,getsockname,[],3,0,"[{'name': 'sockfd', 'type': 'int', 'value': 4}, {'name': 'addr', 'type': 'void*', 'value': ""{'sin_addr': '10.100.1.57','sa_family': 'AF_INET','sin_port': '22'}""}, {'name': 'addrlen', 'type': 'int*', 'value': '0x7FFF1BBB51DC'}]",0,0
3889.500921,7670,7670,7099,0,4026531840,sshd,ip-10-100-1-57,3,close,[139844705110407],1,0,"[{'name': 'fd', 'type': 'int', 'value': 5}]",0,0
3889.502875,7670,7670,7099,0,4026531840,sshd,ip-10-100-1-57,51,getsockname,[],3,0,"[{'name': 'sockfd', 'type': 'int', 'value': 4}, {'name': 'addr', 'type': 'void*', 'value': ""{'sa_family': 'AF_INET','sin_port': '22','sin_addr': '10.100.1.57'}""}, {'name': 'addrlen', 'type': 'int*', 'value': '0x7FFF1BBB32CC'}]",0,0
3889.502987,7670,7670,7099,0,4026531840,sshd,ip-10-100-1-57,1005,security_file_open,"[139844705107627, 8606216625671009140]",4,0,"[{'name': 'pathname', 'type': 'const char*', 'value': '/etc/hosts.allow'}, {'name': 'flags', 'type': 'int', 'value': 'O_RDONLY|O_LARGEFILE'}, {'name': 'dev', 'type': 'dev_t', 'value': 211812353}, {'name': 'inode', 'type': 'unsigned long', 'value': 757}]",0,0
3889.503033,7670,7670,7099,0,4026531840,sshd,ip-10-100-1-57,257,openat,[],4,5,"[{'name': 'dirfd', 'type': 'int', 'value': -100}, {'name': 'pathname', 'type': 'const char*', 'value': '/etc/hosts.allow'}, {'name': 'flags', 'type': 'int', 'value': 'O_RDONLY'}, {'name': 'mode', 'type': 'mode_t', 'value': 569949867}]",0,0
3889.503068,7670,7670,7099,0,4026531840,sshd,ip-10-100-1-57,5,fstat,[],2,0,"[{'name': 'fd', 'type': 'int', 'value': 5}, {'name': 'statbuf', 'type': 'struct stat*', 'value': '0x7FFF1BBB4860'}]",0,0
3889.50325,7670,7670,7099,0,4026531840,sshd,ip-10-100-1-57,3,close,[],1,0,"[{'name': 'fd', 'type': 'int', 'value': 5}]",0,0
3889.503328,7670,7670,7099,0,4026531840,sshd,ip-10-100-1-57,1005,security_file_open,"[139844705107627, 34179853933507444]",4,0,"[{'name': 'pathname', 'type': 'const char*', 'value': '/etc/hosts.deny'}, {'name': 'flags', 'type': 'int', 'value': 'O_RDONLY|O_LARGEFILE'}, {'name': 'dev', 'type': 'dev_t', 'value': 211812353}, {'name': 'inode', 'type': 'unsigned long', 'value': 758}]",0,0
3889.50337,7670,7670,7099,0,4026531840,sshd,ip-10-100-1-57,257,openat,[],4,5,"[{'name': 'dirfd', 'type': 'int', 'value': -100}, {'name': 'pathname', 'type': 'const char*', 'value': '/etc/hosts.deny'}, {'name': 'flags', 'type': 'int', 'value': 'O_RDONLY'}, {'name': 'mode', 'type': 'mode_t', 'value': 569949867}]",0,0
3889.503418,7670,7670,7099,0,4026531840,sshd,ip-10-100-1-57,5,fstat,[],2,0,"[{'name': 'fd', 'type': 'int', 'value': 5}, {'name': 'statbuf', 'type': 'struct stat*', 'value': '0x7FFF1BBB4860'}]",0,0
3889.503603,7670,7670,7099,0,4026531840,sshd,ip-10-100-1-57,3,close,[],1,0,"[{'name': 'fd', 'type': 'int', 'value': 5}]",0,0
3889.505163,7670,7670,7099,0,4026531840,sshd,ip-10-100-1-57,51,getsockname,[139844705182667],3,0,"[{'name': 'sockfd', 'type': 'int', 'value': 4}, {'name': 'addr', 'type': 'void*', 'value': ""{'sin_port': '22','sin_addr': '10.100.1.57','sa_family': 'AF_INET'}""}, {'name': 'addrlen', 'type': 'int*', 'value': '0x7FFF1BBB4E3C'}]",0,0
3889.603095,7670,7670,7099,0,4026531840,sshd,ip-10-100-1-57,56,clone,[139844704932031],5,7671,"[{'name': 'flags', 'type': 'unsigned int', 'value': 'CLONE_CHILD_CLEARTID|CLONE_CHILD_SETTID'}, {'name': 'stack', 'type': 'void*', 'value': '0x0'}, {'name': 'parent_tid', 'type': 'int*', 'value': '0x0'}, {'name': 'child_tid', 'type': 'int*', 'value': '0x7F3021F610BF'}, {'name': 'tls', 'type': 'unsigned long', 'value': 0}]",0,0
3889.603219,7670,7670,7099,0,4026531840,sshd,ip-10-100-1-57,3,close,[],1,0,"[{'name': 'fd', 'type': 'int', 'value': 5}]",0,0
3889.603257,7670,7670,7099,0,4026531840,sshd,ip-10-100-1-57,3,close,[],1,0,"[{'name': 'fd', 'type': 'int', 'value': 8}]",0,0
3889.603469,7671,7671,7670,0,4026531840,sshd,ip-10-100-1-57,3,close,[],1,0,"[{'name': 'fd', 'type': 'int', 'value': 6}]",0,0
3889.603559,7671,7671,7670,0,4026531840,sshd,ip-10-100-1-57,3,close,[],1,0,"[{'name': 'fd', 'type': 'int', 'value': 7}]",0,0
3889.6038,7671,7671,7670,0,4026531840,sshd,ip-10-100-1-57,6,lstat,"[139844705105642, 7291046770080312623]",2,-2,"[{'name': 'pathname', 'type': 'const char*', 'value': '/etc/gss/mech'}, {'name': 'statbuf', 'type': 'struct stat*', 'value': '0x7FFF1BBB5010'}]",0,0
3889.603889,7671,7671,7670,0,4026531840,sshd,ip-10-100-1-57,1005,security_file_open,"[139844705130076, 139844704949007, 139844707075790]",4,0,"[{'name': 'pathname', 'type': 'const char*', 'value': '/etc/gss/mech.d'}, {'name': 'flags', 'type': 'int', 'value': 'O_RDONLY|O_NONBLOCK|O_LARGEFILE|O_DIRECTORY'}, {'name': 'dev', 'type': 'dev_t', 'value': 211812353}, {'name': 'inode', 'type': 'unsigned long', 'value': 1421}]",0,0
3889.603934,7671,7671,7670,0,4026531840,sshd,ip-10-100-1-57,257,openat,[],4,6,"[{'name': 'dirfd', 'type': 'int', 'value': -100}, {'name': 'pathname', 'type': 'const char*', 'value': '/etc/gss/mech.d'}, {'name': 'flags', 'type': 'int', 'value': 'O_RDONLY|O_NONBLOCK|O_DIRECTORY|O_CLOEXEC'}, {'name': 'mode', 'type': 'mode_t', 'value': 569972316}]",0,0
3889.603965,7671,7671,7670,0,4026531840,sshd,ip-10-100-1-57,5,fstat,[139844705105545],2,0,"[{'name': 'fd', 'type': 'int', 'value': 6}, {'name': 'statbuf', 'type': 'struct stat*', 'value': '0x7FFF1BBB47E0'}]",0,0
3889.604008,7671,7671,7670,0,4026531840,sshd,ip-10-100-1-57,217,getdents64,[],3,48,"[{'name': 'fd', 'type': 'int', 'value': 6}, {'name': 'dirp', 'type': 'struct linux_dirent64*', 'value': '0x55D768164CE0'}, {'name': 'count', 'type': 'size_t', 'value': 32768}]",0,0
3889.60407,7671,7671,7670,0,4026531840,sshd,ip-10-100-1-57,217,getdents64,[],3,0,"[{'name': 'fd', 'type': 'int', 'value': 6}, {'name': 'dirp', 'type': 'struct linux_dirent64*', 'value': '0x55D768164CE0'}, {'name': 'count', 'type': 'size_t', 'value': 32768}]",0,0
3889.605597,7671,7671,7670,0,4026531840,sshd,ip-10-100-1-57,1003,cap_capable,[],1,0,"[{'name': 'cap', 'type': 'int', 'value': 'CAP_SYS_CHROOT'}]",0,0
3889.605673,7671,7671,7670,0,4026531840,sshd,ip-10-100-1-57,1003,cap_capable,[],1,0,"[{'name': 'cap', 'type': 'int', 'value': 'CAP_SETGID'}]",0,0
3889.605744,7671,7671,7670,0,4026531840,sshd,ip-10-100-1-57,1003,cap_capable,[],1,0,"[{'name': 'cap', 'type': 'int', 'value': 'CAP_SETGID'}]",0,0
3889.605782,7671,7671,7670,0,4026531840,sshd,ip-10-100-1-57,1003,cap_capable,[],1,0,"[{'name': 'cap', 'type': 'int', 'value': 'CAP_SETUID'}]",0,0
3889.604102,7671,7671,7670,0,4026531840,sshd,ip-10-100-1-57,3,close,[],1,0,"[{'name': 'fd', 'type': 'int', 'value': 6}]",0,0
3889.60584,7671,7671,7670,109,4026531840,sshd,ip-10-100-1-57,1003,cap_capable,[],1,0,"[{'name': 'cap', 'type': 'int', 'value': 'CAP_SETGID'}]",0,0
3889.605862,7671,7671,7670,109,4026531840,sshd,ip-10-100-1-57,106,setgid,[],1,-1,"[{'name': 'gid', 'type': 'gid_t', 'value': 0}]",0,0
3889.605898,7671,7671,7670,109,4026531840,sshd,ip-10-100-1-57,1003,cap_capable,[],1,0,"[{'name': 'cap', 'type': 'int', 'value': 'CAP_SETGID'}]",0,0
3889.605941,7671,7671,7670,109,4026531840,sshd,ip-10-100-1-57,1003,cap_capable,[],1,0,"[{'name': 'cap', 'type': 'int', 'value': 'CAP_SETUID'}]",0,0
3889.605962,7671,7671,7670,109,4026531840,sshd,ip-10-100-1-57,105,setuid,[],1,-1,"[{'name': 'uid', 'type': 'uid_t', 'value': 0}]",0,0
3889.606027,7671,7671,7670,109,4026531840,sshd,ip-10-100-1-57,1003,cap_capable,[],1,0,"[{'name': 'cap', 'type': 'int', 'value': 'CAP_SETUID'}]",0,0
3889.606101,7671,7671,7670,109,4026531840,sshd,ip-10-100-1-57,157,prctl,[139844705181342],5,0,"[{'name': 'option', 'type': 'int', 'value': 'PR_SET_NO_NEW_PRIVS'}, {'name': 'arg2', 'type': 'unsigned long', 'value': 1}, {'name': 'arg3', 'type': 'unsigned long', 'value': 0}, {'name': 'arg4', 'type': 'unsigned long', 'value': 139844705181342}, {'name': 'arg5', 'type': 'unsigned long', 'value': 0}]",0,0
3889.606209,7671,7671,7670,109,4026531840,sshd,ip-10-100-1-57,157,prctl,[],5,0,"[{'name': 'option', 'type': 'int', 'value': 'PR_SET_SECCOMP'}, {'name': 'arg2', 'type': 'unsigned long', 'value': 2}, {'name': 'arg3', 'type': 'unsigned long', 'value': 94383640219232}, {'name': 'arg4', 'type': 'unsigned long', 'value': 139844705181342}, {'name': 'arg5', 'type': 'unsigned long', 'value': 0}]",0,0
3890.097792,7670,7670,7099,0,4026531840,sshd,ip-10-100-1-57,1005,security_file_open,[],4,0,"[{'name': 'pathname', 'type': 'const char*', 'value': '/etc/passwd'}, {'name': 'flags', 'type': 'int', 'value': 'O_RDONLY|O_LARGEFILE'}, {'name': 'dev', 'type': 'dev_t', 'value': 211812353}, {'name': 'inode', 'type': 'unsigned long', 'value': 61241}]",0,0
3890.098848,7670,7670,7099,0,4026531840,sshd,ip-10-100-1-57,257,openat,[],4,5,"[{'name': 'dirfd', 'type': 'int', 'value': -100}, {'name': 'pathname', 'type': 'const char*', 'value': '/etc/passwd'}, {'name': 'flags', 'type': 'int', 'value': 'O_RDONLY|O_CLOEXEC'}, {'name': 'mode', 'type': 'mode_t', 'value': 569972316}]",0,0
3890.099696,7670,7670,7099,0,4026531840,sshd,ip-10-100-1-57,5,fstat,[],2,0,"[{'name': 'fd', 'type': 'int', 'value': 5}, {'name': 'statbuf', 'type': 'struct stat*', 'value': '0x7FFF1BBB4EF0'}]",0,0
3890.100545,7670,7670,7099,0,4026531840,sshd,ip-10-100-1-57,3,close,[],1,0,"[{'name': 'fd', 'type': 'int', 'value': 5}]",0,0
3890.101384,7670,7670,7099,0,4026531840,sshd,ip-10-100-1-57,1005,security_file_open,[],4,0,"[{'name': 'pathname', 'type': 'const char*', 'value': '/etc/ld.so.cache'}, {'name': 'flags', 'type': 'int', 'value': 'O_RDONLY|O_LARGEFILE'}, {'name': 'dev', 'type': 'dev_t', 'value': 211812353}, {'name': 'inode', 'type': 'unsigned long', 'value': 62841}]",0,0
3890.102157,7670,7670,7099,0,4026531840,sshd,ip-10-100-1-57,257,openat,[],4,5,"[{'name': 'dirfd', 'type': 'int', 'value': -100}, {'name': 'pathname', 'type': 'const char*', 'value': '/etc/ld.so.cache'}, {'name': 'flags', 'type': 'int', 'value': 'O_RDONLY|O_CLOEXEC'}, {'name': 'mode', 'type': 'mode_t', 'value': 576847704}]",0,0
3890.10289,7670,7670,7099,0,4026531840,sshd,ip-10-100-1-57,5,fstat,[139844712004905],2,0,"[{'name': 'fd', 'type': 'int', 'value': 5}, {'name': 'statbuf', 'type': 'struct stat*', 'value': '0x7FFF1BBB4690'}]",0,0
3890.103446,7670,7670,7099,0,4026531840,sshd,ip-10-100-1-57,3,close,[],1,0,"[{'name': 'fd', 'type': 'int', 'value': 5}]",0,0
3890.103996,7670,7670,7099,0,4026531840,sshd,ip-10-100-1-57,1005,security_file_open,[],4,0,"[{'name': 'pathname', 'type': 'const char*', 'value': '/usr/lib/x86_64-linux-gnu/libnss_systemd.so.2'}, {'name': 'flags', 'type': 'int', 'value': 'O_RDONLY|O_LARGEFILE'}, {'name': 'dev', 'type': 'dev_t', 'value': 211812353}, {'name': 'inode', 'type': 'unsigned long', 'value': 4522}]",0,0
3890.104501,7670,7670,7099,0,4026531840,sshd,ip-10-100-1-57,257,openat,[],4,5,"[{'name': 'dirfd', 'type': 'int', 'value': -100}, {'name': 'pathname', 'type': 'const char*', 'value': '/lib/x86_64-linux-gnu/libnss_systemd.so.2'}, {'name': 'flags', 'type': 'int', 'value': 'O_RDONLY|O_CLOEXEC'}, {'name': 'mode', 'type': 'mode_t', 'value': 576847704}]",0,0
3890.105188,7670,7670,7099,0,4026531840,sshd,ip-10-100-1-57,5,fstat,"[139844712004905, 139844711921179]",2,0,"[{'name': 'fd', 'type': 'int', 'value': 5}, {'name': 'statbuf', 'type': 'struct stat*', 'value': '0x7FFF1BBB46E0'}]",0,0
3890.105848,7670,7670,7099,0,4026531840,sshd,ip-10-100-1-57,3,close,"[139844712005147, 139844711921179]",1,0,"[{'name': 'fd', 'type': 'int', 'value': 5}]",0,0
3890.106539,7670,7670,7099,0,4026531840,sshd,ip-10-100-1-57,41,socket,[],3,5,"[{'name': 'domain', 'type': 'int', 'value': 'AF_UNIX'}, {'name': 'type', 'type': 'const char*', 'value': 'SOCK_DGRAM|SOCK_CLOEXEC'}, {'name': 'protocol', 'type': 'int', 'value': 0}]",0,0
3890.107132,7670,7670,7099,0,4026531840,sshd,ip-10-100-1-57,42,connect,[139844705182471],3,-111,"[{'name': 'sockfd', 'type': 'int', 'value': 5}, {'name': 'addr', 'type': 'struct sockaddr*', 'value': ""{'sa_family': 'AF_UNIX','sun_path': 'userdb-6d4b7dc5e27fc75915122c41c2481d99'}""}, {'name': 'addrlen', 'type': 'int*', 'value': 42}]",0,0
3890.107681,7670,7670,7099,0,4026531840,sshd,ip-10-100-1-57,3,close,[139844705110407],1,0,"[{'name': 'fd', 'type': 'int', 'value': 5}]",0,0
3890.108135,7670,7670,7099,0,4026531840,sshd,ip-10-100-1-57,1005,security_file_open,[],4,0,"[{'name': 'pathname', 'type': 'const char*', 'value': '/run/systemd/userdb'}, {'name': 'flags', 'type': 'int', 'value': 'O_RDONLY|O_NONBLOCK|O_LARGEFILE|O_DIRECTORY'}, {'name': 'dev', 'type': 'dev_t', 'value': 25}, {'name': 'inode', 'type': 'unsigned long', 'value': 46}]",0,0
3890.10863,7670,7670,7099,0,4026531840,sshd,ip-10-100-1-57,257,openat,[],4,5,"[{'name': 'dirfd', 'type': 'int', 'value': -100}, {'name': 'pathname', 'type': 'const char*', 'value': '/run/systemd/userdb/'}, {'name': 'flags', 'type': 'int', 'value': 'O_RDONLY|O_NONBLOCK|O_DIRECTORY|O_CLOEXEC'}, {'name': 'mode', 'type': 'mode_t', 'value': 569972316}]",0,0
3890.109132,7670,7670,7099,0,4026531840,sshd,ip-10-100-1-57,5,fstat,[139844705105545],2,0,"[{'name': 'fd', 'type': 'int', 'value': 5}, {'name': 'statbuf', 'type': 'struct stat*', 'value': '0x7FFF1BBB4E00'}]",0,0
3890.109649,7670,7670,7099,0,4026531840,sshd,ip-10-100-1-57,217,getdents64,[],3,96,"[{'name': 'fd', 'type': 'int', 'value': 5}, {'name': 'dirp', 'type': 'struct linux_dirent64*', 'value': '0x55D76816A830'}, {'name': 'count', 'type': 'size_t', 'value': 32768}]",0,0
3890.110326,7670,7670,7099,0,4026531840,sshd,ip-10-100-1-57,41,socket,"[139844705184011, 7310315466561250676]",3,8,"[{'name': 'domain', 'type': 'int', 'value': 'AF_UNIX'}, {'name': 'type', 'type': 'const char*', 'value': 'SOCK_STREAM|SOCK_NONBLOCK|SOCK_CLOEXEC'}, {'name': 'protocol', 'type': 'int', 'value': 0}]",0,0
3890.111703,7670,7670,7099,0,4026531840,sshd,ip-10-100-1-57,3,close,[],1,0,"[{'name': 'fd', 'type': 'int', 'value': 5}]",0,0
3890.111754,7670,7670,7099,0,4026531840,sshd,ip-10-100-1-57,1005,security_file_open,"[139844705107627, 7810770566350843763]",4,0,"[{'name': 'pathname', 'type': 'const char*', 'value': '/proc/sys/kernel/random/boot_id'}, {'name': 'flags', 'type': 'int', 'value': 'O_RDONLY|O_NOCTTY|O_LARGEFILE'}, {'name': 'dev', 'type': 'dev_t', 'value': 5}, {'name': 'inode', 'type': 'unsigned long', 'value': 47320}]",0,0
3890.111799,7670,7670,7099,0,4026531840,sshd,ip-10-100-1-57,257,openat,[],4,5,"[{'name': 'dirfd', 'type': 'int', 'value': -100}, {'name': 'pathname', 'type': 'const char*', 'value': '/proc/sys/kernel/random/boot_id'}, {'name': 'flags', 'type': 'int', 'value': 'O_RDONLY|O_NOCTTY|O_CLOEXEC'}, {'name': 'mode', 'type': 'mode_t', 'value': 569949867}]",0,0
3890.111639,7670,7670,7099,0,4026531840,sshd,ip-10-100-1-57,217,getdents64,[],3,0,"[{'name': 'fd', 'type': 'int', 'value': 5}, {'name': 'dirp', 'type': 'struct linux_dirent64*', 'value': '0x55D76816A830'}, {'name': 'count', 'type': 'size_t', 'value': 32768}]",0,0
3890.110862,7670,7670,7099,0,4026531840,sshd,ip-10-100-1-57,42,connect,[],3,0,"[{'name': 'sockfd', 'type': 'int', 'value': 8}, {'name': 'addr', 'type': 'struct sockaddr*', 'value': ""{'sa_family': 'AF_UNIX','sun_path': '/run/systemd/userdb/io.systemd.DynamicUser'}""}, {'name': 'addrlen', 'type': 'int*', 'value': 45}]",0,0
3890.111851,7670,7670,7099,0,4026531840,sshd,ip-10-100-1-57,3,close,[139844705110407],1,0,"[{'name': 'fd', 'type': 'int', 'value': 5}]",0,0
3890.111922,7670,7670,7099,0,4026531840,sshd,ip-10-100-1-57,3,close,[],1,0,"[{'name': 'fd', 'type': 'int', 'value': 5}]",0,0
3890.112316,7670,7670,7099,0,4026531840,sshd,ip-10-100-1-57,3,close,[],1,0,"[{'name': 'fd', 'type': 'int', 'value': 8}]",0,0
3890.112597,7670,7670,7099,0,4026531840,sshd,ip-10-100-1-57,3,close,[],1,0,"[{'name': 'fd', 'type': 'int', 'value': 9}]",0,0
3890.112637,7670,7670,7099,0,4026531840,sshd,ip-10-100-1-57,3,close,[],1,0,"[{'name': 'fd', 'type': 'int', 'value': 10}]",0,0
3890.112766,7670,7670,7099,0,4026531840,sshd,ip-10-100-1-57,257,openat,[],4,5,"[{'name': 'dirfd', 'type': 'int', 'value': -100}, {'name': 'pathname', 'type': 'const char*', 'value': '/etc/localtime'}, {'name': 'flags', 'type': 'int', 'value': 'O_RDONLY|O_CLOEXEC'}, {'name': 'mode', 'type': 'mode_t', 'value': 569972316}]",0,0
3890.112698,7670,7670,7099,0,4026531840,sshd,ip-10-100-1-57,1005,security_file_open,[],4,0,"[{'name': 'pathname', 'type': 'const char*', 'value': '/usr/share/zoneinfo/Etc/UTC'}, {'name': 'flags', 'type': 'int', 'value': 'O_RDONLY|O_LARGEFILE'}, {'name': 'dev', 'type': 'dev_t', 'value': 211812353}, {'name': 'inode', 'type': 'unsigned long', 'value': 30883}]",0,0
3890.112802,7670,7670,7099,0,4026531840,sshd,ip-10-100-1-57,5,fstat,"[139844705105545, 5116200697287961697]",2,0,"[{'name': 'fd', 'type': 'int', 'value': 5}, {'name': 'statbuf', 'type': 'struct stat*', 'value': '0x7FFF1BBB4570'}]",0,0
3890.112835,7670,7670,7099,0,4026531840,sshd,ip-10-100-1-57,5,fstat,[],2,0,"[{'name': 'fd', 'type': 'int', 'value': 5}, {'name': 'statbuf', 'type': 'struct stat*', 'value': '0x7FFF1BBB43A0'}]",0,0
3890.112889,7670,7670,7099,0,4026531840,sshd,ip-10-100-1-57,3,close,[],1,0,"[{'name': 'fd', 'type': 'int', 'value': 5}]",0,0
3890.112967,7670,7670,7099,0,4026531840,sshd,ip-10-100-1-57,41,socket,[],3,5,"[{'name': 'domain', 'type': 'int', 'value': 'AF_UNIX'}, {'name': 'type', 'type': 'const char*', 'value': 'SOCK_DGRAM|SOCK_CLOEXEC'}, {'name': 'protocol', 'type': 'int', 'value': 0}]",0,0
3890.113011,7670,7670,7099,0,4026531840,sshd,ip-10-100-1-57,42,connect,[139844705182471],3,0,"[{'name': 'sockfd', 'type': 'int', 'value': 5}, {'name': 'addr', 'type': 'struct sockaddr*', 'value': ""{'sa_family': 'AF_UNIX','sun_path': '/dev/log'}""}, {'name': 'addrlen', 'type': 'int*', 'value': 110}]",0,0
3890.119985,7670,7670,7099,0,4026531840,sshd,ip-10-100-1-57,3,close,[],1,0,"[{'name': 'fd', 'type': 'int', 'value': 5}]",0,0
3890.120064,7670,7670,7099,0,4026531840,sshd,ip-10-100-1-57,1005,security_file_open,[],4,0,"[{'name': 'pathname', 'type': 'const char*', 'value': '/var/log/btmp'}, {'name': 'flags', 'type': 'int', 'value': 'O_WRONLY|O_APPEND|O_LARGEFILE'}, {'name': 'dev', 'type': 'dev_t', 'value': 211812353}, {'name': 'inode', 'type': 'unsigned long', 'value': 70285}]",0,0
3890.120108,7670,7670,7099,0,4026531840,sshd,ip-10-100-1-57,257,openat,[],4,5,"[{'name': 'dirfd', 'type': 'int', 'value': -100}, {'name': 'pathname', 'type': 'const char*', 'value': '/var/log/btmp'}, {'name': 'flags', 'type': 'int', 'value': 'O_WRONLY|O_APPEND'}, {'name': 'mode', 'type': 'mode_t', 'value': 569949867}]",0,0
3890.120139,7670,7670,7099,0,4026531840,sshd,ip-10-100-1-57,5,fstat,[],2,0,"[{'name': 'fd', 'type': 'int', 'value': 5}, {'name': 'statbuf', 'type': 'struct stat*', 'value': '0x7FFF1BBB4F90'}]",0,0
3890.120356,7670,7670,7099,0,4026531840,sshd,ip-10-100-1-57,3,close,"[139844705110407, 5679883563634262016]",1,0,"[{'name': 'fd', 'type': 'int', 'value': 5}]",0,0
3890.120441,7670,7670,7099,0,4026531840,sshd,ip-10-100-1-57,41,socket,[],3,5,"[{'name': 'domain', 'type': 'int', 'value': 'AF_NETLINK'}, {'name': 'type', 'type': 'const char*', 'value': 'SOCK_RAW'}, {'name': 'protocol', 'type': 'int', 'value': 9}]",0,0
3890.121345,7670,7670,7099,0,4026531840,sshd,ip-10-100-1-57,1003,cap_capable,[],1,0,"[{'name': 'cap', 'type': 'int', 'value': 'CAP_AUDIT_WRITE'}]",0,0
3890.121428,7670,7670,7099,0,4026531840,sshd,ip-10-100-1-57,3,close,[],1,0,"[{'name': 'fd', 'type': 'int', 'value': 5}]",0,0
3890.123134,7670,7670,7099,0,4026531840,sshd,ip-10-100-1-57,41,socket,"[139844705184011, 94383652525968]",3,5,"[{'name': 'domain', 'type': 'int', 'value': 'AF_NETLINK'}, {'name': 'type', 'type': 'const char*', 'value': 'SOCK_RAW'}, {'name': 'protocol', 'type': 'int', 'value': 9}]",0,0
3890.123245,7670,7670,7099,0,4026531840,sshd,ip-10-100-1-57,1003,cap_capable,[],1,0,"[{'name': 'cap', 'type': 'int', 'value': 'CAP_AUDIT_WRITE'}]",0,0
3890.123979,7670,7670,7099,0,4026531840,sshd,ip-10-100-1-57,3,close,[],1,0,"[{'name': 'fd', 'type': 'int', 'value': 5}]",0,0
3890.124136,7670,7670,7099,0,4026531840,sshd,ip-10-100-1-57,4,stat,[],2,0,"[{'name': 'pathname', 'type': 'const char*', 'value': '/etc/pam.d'}, {'name': 'statbuf', 'type': 'struct stat*', 'value': '0x7FFF1BBB50C0'}]",0,0
3890.124332,7670,7670,7099,0,4026531840,sshd,ip-10-100-1-57,1005,security_file_open,[],4,0,"[{'name': 'pathname', 'type': 'const char*', 'value': '/etc/pam.d/sshd'}, {'name': 'flags', 'type': 'int', 'value': 'O_RDONLY|O_LARGEFILE'}, {'name': 'dev', 'type': 'dev_t', 'value': 211812353}, {'name': 'inode', 'type': 'unsigned long', 'value': 579}]",0,0
3890.124412,7670,7670,7099,0,4026531840,sshd,ip-10-100-1-57,257,openat,[],4,5,"[{'name': 'dirfd', 'type': 'int', 'value': -100}, {'name': 'pathname', 'type': 'const char*', 'value': '/etc/pam.d/sshd'}, {'name': 'flags', 'type': 'int', 'value': 'O_RDONLY'}, {'name': 'mode', 'type': 'mode_t', 'value': 569949867}]",0,0
3890.124477,7670,7670,7099,0,4026531840,sshd,ip-10-100-1-57,5,fstat,[],2,0,"[{'name': 'fd', 'type': 'int', 'value': 5}, {'name': 'statbuf', 'type': 'struct stat*', 'value': '0x7FFF1BBB4910'}]",0,0
3890.124699,7670,7670,7099,0,4026531840,sshd,ip-10-100-1-57,4,stat,"[139844705105450, 94383652645655]",2,0,"[{'name': 'pathname', 'type': 'const char*', 'value': '/etc/pam.d'}, {'name': 'statbuf', 'type': 'struct stat*', 'value': '0x7FFF1BBB4BD0'}]",0,0
3890.12479,7670,7670,7099,0,4026531840,sshd,ip-10-100-1-57,1005,security_file_open,[],4,0,"[{'name': 'pathname', 'type': 'const char*', 'value': '/etc/pam.d/common-auth'}, {'name': 'flags', 'type': 'int', 'value': 'O_RDONLY|O_LARGEFILE'}, {'name': 'dev', 'type': 'dev_t', 'value': 211812353}, {'name': 'inode', 'type': 'unsigned long', 'value': 256146}]",0,0
3890.124831,7670,7670,7099,0,4026531840,sshd,ip-10-100-1-57,257,openat,[],4,8,"[{'name': 'dirfd', 'type': 'int', 'value': -100}, {'name': 'pathname', 'type': 'const char*', 'value': '/etc/pam.d/common-auth'}, {'name': 'flags', 'type': 'int', 'value': 'O_RDONLY'}, {'name': 'mode', 'type': 'mode_t', 'value': 569949867}]",0,0
3890.124893,7670,7670,7099,0,4026531840,sshd,ip-10-100-1-57,5,fstat,[],2,0,"[{'name': 'fd', 'type': 'int', 'value': 8}, {'name': 'statbuf', 'type': 'struct stat*', 'value': '0x7FFF1BBB4300'}]",0,0
3890.12502,7670,7670,7099,0,4026531840,sshd,ip-10-100-1-57,1005,security_file_open,[],4,0,"[{'name': 'pathname', 'type': 'const char*', 'value': '/usr/lib/x86_64-linux-gnu/security/pam_unix.so'}, {'name': 'flags', 'type': 'int', 'value': 'O_RDONLY|O_LARGEFILE'}, {'name': 'dev', 'type': 'dev_t', 'value': 211812353}, {'name': 'inode', 'type': 'unsigned long', 'value': 3797}]",0,0
3890.125198,7670,7670,7099,0,4026531840,sshd,ip-10-100-1-57,257,openat,[],4,9,"[{'name': 'dirfd', 'type': 'int', 'value': -100}, {'name': 'pathname', 'type': 'const char*', 'value': '/lib/x86_64-linux-gnu/security/pam_unix.so'}, {'name': 'flags', 'type': 'int', 'value': 'O_RDONLY|O_CLOEXEC'}, {'name': 'mode', 'type': 'mode_t', 'value': 576847704}]",0,0
3890.125288,7670,7670,7099,0,4026531840,sshd,ip-10-100-1-57,5,fstat,"[139844712004905, 139844711921179]",2,0,"[{'name': 'fd', 'type': 'int', 'value': 9}, {'name': 'statbuf', 'type': 'struct stat*', 'value': '0x7FFF1BBB3B00'}]",0,0
3890.127299,7670,7670,7099,0,4026531840,sshd,ip-10-100-1-57,1005,security_file_open,[],4,0,"[{'name': 'pathname', 'type': 'const char*', 'value': '/usr/lib/x86_64-linux-gnu/security/pam_succeed_if.so'}, {'name': 'flags', 'type': 'int', 'value': 'O_RDONLY|O_LARGEFILE'}, {'name': 'dev', 'type': 'dev_t', 'value': 211812353}, {'name': 'inode', 'type': 'unsigned long', 'value': 3790}]",0,0
3890.126613,7670,7670,7099,0,4026531840,sshd,ip-10-100-1-57,3,close,"[139844712005147, 139844711921179]",1,0,"[{'name': 'fd', 'type': 'int', 'value': 9}]",0,0
3890.12751,7670,7670,7099,0,4026531840,sshd,ip-10-100-1-57,257,openat,[],4,9,"[{'name': 'dirfd', 'type': 'int', 'value': -100}, {'name': 'pathname', 'type': 'const char*', 'value': '/lib/x86_64-linux-gnu/security/pam_succeed_if.so'}, {'name': 'flags', 'type': 'int', 'value': 'O_RDONLY|O_CLOEXEC'}, {'name': 'mode', 'type': 'mode_t', 'value': 576847704}]",0,0
3890.127604,7670,7670,7099,0,4026531840,sshd,ip-10-100-1-57,5,fstat,"[139844712004905, 139844711921179]",2,0,"[{'name': 'fd', 'type': 'int', 'value': 9}, {'name': 'statbuf', 'type': 'struct stat*', 'value': '0x7FFF1BBB3B00'}]",0,0
3890.127708,7670,7670,7099,0,4026531840,sshd,ip-10-100-1-57,3,close,"[139844712005147, 139844711921179]",1,0,"[{'name': 'fd', 'type': 'int', 'value': 9}]",0,0
3890.128532,7670,7670,7099,0,4026531840,sshd,ip-10-100-1-57,1005,security_file_open,[],4,0,"[{'name': 'pathname', 'type': 'const char*', 'value': '/usr/lib/x86_64-linux-gnu/security/pam_deny.so'}, {'name': 'flags', 'type': 'int', 'value': 'O_RDONLY|O_LARGEFILE'}, {'name': 'dev', 'type': 'dev_t', 'value': 211812353}, {'name': 'inode', 'type': 'unsigned long', 'value': 3759}]",0,0
3890.128717,7670,7670,7099,0,4026531840,sshd,ip-10-100-1-57,257,openat,[],4,9,"[{'name': 'dirfd', 'type': 'int', 'value': -100}, {'name': 'pathname', 'type': 'const char*', 'value': '/lib/x86_64-linux-gnu/security/pam_deny.so'}, {'name': 'flags', 'type': 'int', 'value': 'O_RDONLY|O_CLOEXEC'}, {'name': 'mode', 'type': 'mode_t', 'value': 576847704}]",0,0
3890.128814,7670,7670,7099,0,4026531840,sshd,ip-10-100-1-57,5,fstat,"[139844712004905, 139844711921179]",2,0,"[{'name': 'fd', 'type': 'int', 'value': 9}, {'name': 'statbuf', 'type': 'struct stat*', 'value': '0x7FFF1BBB3B00'}]",0,0
3890.12965,7670,7670,7099,0,4026531840,sshd,ip-10-100-1-57,3,close,"[139844712005147, 139844711921179]",1,0,"[{'name': 'fd', 'type': 'int', 'value': 9}]",0,0
3890.129761,7670,7670,7099,0,4026531840,sshd,ip-10-100-1-57,1005,security_file_open,[],4,0,"[{'name': 'pathname', 'type': 'const char*', 'value': '/usr/lib/x86_64-linux-gnu/security/pam_permit.so'}, {'name': 'flags', 'type': 'int', 'value': 'O_RDONLY|O_LARGEFILE'}, {'name': 'dev', 'type': 'dev_t', 'value': 211812353}, {'name': 'inode', 'type': 'unsigned long', 'value': 3781}]",0,0
3890.129941,7670,7670,7099,0,4026531840,sshd,ip-10-100-1-57,257,openat,[],4,9,"[{'name': 'dirfd', 'type': 'int', 'value': -100}, {'name': 'pathname', 'type': 'const char*', 'value': '/lib/x86_64-linux-gnu/security/pam_permit.so'}, {'name': 'flags', 'type': 'int', 'value': 'O_RDONLY|O_CLOEXEC'}, {'name': 'mode', 'type': 'mode_t', 'value': 576847704}]",0,0
3890.12999,7670,7670,7099,0,4026531840,sshd,ip-10-100-1-57,5,fstat,"[139844712004905, 139844711921179]",2,0,"[{'name': 'fd', 'type': 'int', 'value': 9}, {'name': 'statbuf', 'type': 'struct stat*', 'value': '0x7FFF1BBB3B00'}]",0,0
3890.130779,7670,7670,7099,0,4026531840,sshd,ip-10-100-1-57,3,close,"[139844712005147, 139844711921179]",1,0,"[{'name': 'fd', 'type': 'int', 'value': 9}]",0,0
3890.130923,7670,7670,7099,0,4026531840,sshd,ip-10-100-1-57,3,close,[],1,0,"[{'name': 'fd', 'type': 'int', 'value': 8}]",0,0
3890.131096,7670,7670,7099,0,4026531840,sshd,ip-10-100-1-57,1005,security_file_open,[],4,0,"[{'name': 'pathname', 'type': 'const char*', 'value': '/usr/lib/x86_64-linux-gnu/security/pam_nologin.so'}, {'name': 'flags', 'type': 'int', 'value': 'O_RDONLY|O_LARGEFILE'}, {'name': 'dev', 'type': 'dev_t', 'value': 211812353}, {'name': 'inode', 'type': 'unsigned long', 'value': 3780}]",0,0
3890.131296,7670,7670,7099,0,4026531840,sshd,ip-10-100-1-57,257,openat,[],4,8,"[{'name': 'dirfd', 'type': 'int', 'value': -100}, {'name': 'pathname', 'type': 'const char*', 'value': '/lib/x86_64-linux-gnu/security/pam_nologin.so'}, {'name': 'flags', 'type': 'int', 'value': 'O_RDONLY|O_CLOEXEC'}, {'name': 'mode', 'type': 'mode_t', 'value': 576847704}]",0,0
3890.131378,7670,7670,7099,0,4026531840,sshd,ip-10-100-1-57,5,fstat,"[139844712004905, 139844711921179]",2,0,"[{'name': 'fd', 'type': 'int', 'value': 8}, {'name': 'statbuf', 'type': 'struct stat*', 'value': '0x7FFF1BBB4110'}]",0,0
3890.131468,7670,7670,7099,0,4026531840,sshd,ip-10-100-1-57,3,close,[],1,0,"[{'name': 'fd', 'type': 'int', 'value': 8}]",0,0
3890.132375,7670,7670,7099,0,4026531840,sshd,ip-10-100-1-57,4,stat,[],2,0,"[{'name': 'pathname', 'type': 'const char*', 'value': '/etc/pam.d'}, {'name': 'statbuf', 'type': 'struct stat*', 'value': '0x7FFF1BBB4BD0'}]",0,0
3890.132447,7670,7670,7099,0,4026531840,sshd,ip-10-100-1-57,1005,security_file_open,[],4,0,"[{'name': 'pathname', 'type': 'const char*', 'value': '/etc/pam.d/common-account'}, {'name': 'flags', 'type': 'int', 'value': 'O_RDONLY|O_LARGEFILE'}, {'name': 'dev', 'type': 'dev_t', 'value': 211812353}, {'name': 'inode', 'type': 'unsigned long', 'value': 560}]",0,0
3890.132533,7670,7670,7099,0,4026531840,sshd,ip-10-100-1-57,257,openat,[],4,8,"[{'name': 'dirfd', 'type': 'int', 'value': -100}, {'name': 'pathname', 'type': 'const char*', 'value': '/etc/pam.d/common-account'}, {'name': 'flags', 'type': 'int', 'value': 'O_RDONLY'}, {'name': 'mode', 'type': 'mode_t', 'value': 569949867}]",0,0
3890.132789,7670,7670,7099,0,4026531840,sshd,ip-10-100-1-57,5,fstat,[],2,0,"[{'name': 'fd', 'type': 'int', 'value': 8}, {'name': 'statbuf', 'type': 'struct stat*', 'value': '0x7FFF1BBB4300'}]",0,0
3890.132884,7670,7670,7099,0,4026531840,sshd,ip-10-100-1-57,3,close,[],1,0,"[{'name': 'fd', 'type': 'int', 'value': 8}]",0,0
3890.13294,7670,7670,7099,0,4026531840,sshd,ip-10-100-1-57,1005,security_file_open,[],4,0,"[{'name': 'pathname', 'type': 'const char*', 'value': '/usr/lib/x86_64-linux-gnu/security/pam_selinux.so'}, {'name': 'flags', 'type': 'int', 'value': 'O_RDONLY|O_LARGEFILE'}, {'name': 'dev', 'type': 'dev_t', 'value': 211812353}, {'name': 'inode', 'type': 'unsigned long', 'value': 3786}]",0,0
3890.133015,7670,7670,7099,0,4026531840,sshd,ip-10-100-1-57,257,openat,[],4,8,"[{'name': 'dirfd', 'type': 'int', 'value': -100}, {'name': 'pathname', 'type': 'const char*', 'value': '/lib/x86_64-linux-gnu/security/pam_selinux.so'}, {'name': 'flags', 'type': 'int', 'value': 'O_RDONLY|O_CLOEXEC'}, {'name': 'mode', 'type': 'mode_t', 'value': 576847704}]",0,0
3890.13308,7670,7670,7099,0,4026531840,sshd,ip-10-100-1-57,5,fstat,"[139844712004905, 139844711921179]",2,0,"[{'name': 'fd', 'type': 'int', 'value': 8}, {'name': 'statbuf', 'type': 'struct stat*', 'value': '0x7FFF1BBB4110'}]",0,0
3890.133195,7670,7670,7099,0,4026531840,sshd,ip-10-100-1-57,3,close,"[139844712005147, 139844711921179]",1,0,"[{'name': 'fd', 'type': 'int', 'value': 8}]",0,0
3890.134397,7670,7670,7099,0,4026531840,sshd,ip-10-100-1-57,1005,security_file_open,[],4,0,"[{'name': 'pathname', 'type': 'const char*', 'value': '/usr/lib/x86_64-linux-gnu/security/pam_loginuid.so'}, {'name': 'flags', 'type': 'int', 'value': 'O_RDONLY|O_LARGEFILE'}, {'name': 'dev', 'type': 'dev_t', 'value': 211812353}, {'name': 'inode', 'type': 'unsigned long', 'value': 3775}]",0,0
3890.134523,7670,7670,7099,0,4026531840,sshd,ip-10-100-1-57,257,openat,[],4,8,"[{'name': 'dirfd', 'type': 'int', 'value': -100}, {'name': 'pathname', 'type': 'const char*', 'value': '/lib/x86_64-linux-gnu/security/pam_loginuid.so'}, {'name': 'flags', 'type': 'int', 'value': 'O_RDONLY|O_CLOEXEC'}, {'name': 'mode', 'type': 'mode_t', 'value': 576847704}]",0,0
3890.134883,7670,7670,7099,0,4026531840,sshd,ip-10-100-1-57,3,close,"[139844712005147, 139844711921179]",1,0,"[{'name': 'fd', 'type': 'int', 'value': 8}]",0,0
3890.134713,7670,7670,7099,0,4026531840,sshd,ip-10-100-1-57,5,fstat,"[139844712004905, 139844711921179]",2,0,"[{'name': 'fd', 'type': 'int', 'value': 8}, {'name': 'statbuf', 'type': 'struct stat*', 'value': '0x7FFF1BBB4110'}]",0,0
3890.135144,7670,7670,7099,0,4026531840,sshd,ip-10-100-1-57,1005,security_file_open,[],4,0,"[{'name': 'pathname', 'type': 'const char*', 'value': '/usr/lib/x86_64-linux-gnu/security/pam_keyinit.so'}, {'name': 'flags', 'type': 'int', 'value': 'O_RDONLY|O_LARGEFILE'}, {'name': 'dev', 'type': 'dev_t', 'value': 211812353}, {'name': 'inode', 'type': 'unsigned long', 'value': 3770}]",0,0
3890.136122,7670,7670,7099,0,4026531840,sshd,ip-10-100-1-57,257,openat,[],4,8,"[{'name': 'dirfd', 'type': 'int', 'value': -100}, {'name': 'pathname', 'type': 'const char*', 'value': '/lib/x86_64-linux-gnu/security/pam_keyinit.so'}, {'name': 'flags', 'type': 'int', 'value': 'O_RDONLY|O_CLOEXEC'}, {'name': 'mode', 'type': 'mode_t', 'value': 576847704}]",0,0
3890.136194,7670,7670,7099,0,4026531840,sshd,ip-10-100-1-57,5,fstat,"[139844712004905, 139844711921179]",2,0,"[{'name': 'fd', 'type': 'int', 'value': 8}, {'name': 'statbuf', 'type': 'struct stat*', 'value': '0x7FFF1BBB4110'}]",0,0
3890.136447,7670,7670,7099,0,4026531840,sshd,ip-10-100-1-57,4,stat,"[139844705105450, 94383652646497]",2,0,"[{'name': 'pathname', 'type': 'const char*', 'value': '/etc/pam.d'}, {'name': 'statbuf', 'type': 'struct stat*', 'value': '0x7FFF1BBB4BD0'}]",0,0
3890.13633,7670,7670,7099,0,4026531840,sshd,ip-10-100-1-57,3,close,"[139844712005147, 139844711921179]",1,0,"[{'name': 'fd', 'type': 'int', 'value': 8}]",0,0
3890.136814,7670,7670,7099,0,4026531840,sshd,ip-10-100-1-57,1005,security_file_open,[],4,0,"[{'name': 'pathname', 'type': 'const char*', 'value': '/usr/lib/x86_64-linux-gnu/security/pam_umask.so'}, {'name': 'flags', 'type': 'int', 'value': 'O_RDONLY|O_LARGEFILE'}, {'name': 'dev', 'type': 'dev_t', 'value': 211812353}, {'name': 'inode', 'type': 'unsigned long', 'value': 3796}]",0,0
3890.136993,7670,7670,7099,0,4026531840,sshd,ip-10-100-1-57,257,openat,[],4,9,"[{'name': 'dirfd', 'type': 'int', 'value': -100}, {'name': 'pathname', 'type': 'const char*', 'value': '/lib/x86_64-linux-gnu/security/pam_umask.so'}, {'name': 'flags', 'type': 'int', 'value': 'O_RDONLY|O_CLOEXEC'}, {'name': 'mode', 'type': 'mode_t', 'value': 576847704}]",0,0
3890.138846,7670,7670,7099,0,4026531840,sshd,ip-10-100-1-57,1005,security_file_open,[],4,0,"[{'name': 'pathname', 'type': 'const char*', 'value': '/usr/lib/x86_64-linux-gnu/security/pam_systemd.so'}, {'name': 'flags', 'type': 'int', 'value': 'O_RDONLY|O_LARGEFILE'}, {'name': 'dev', 'type': 'dev_t', 'value': 211812353}, {'name': 'inode', 'type': 'unsigned long', 'value': 3760}]",0,0
3890.136659,7670,7670,7099,0,4026531840,sshd,ip-10-100-1-57,257,openat,[],4,8,"[{'name': 'dirfd', 'type': 'int', 'value': -100}, {'name': 'pathname', 'type': 'const char*', 'value': '/etc/pam.d/common-session'}, {'name': 'flags', 'type': 'int', 'value': 'O_RDONLY'}, {'name': 'mode', 'type': 'mode_t', 'value': 569949867}]",0,0
3890.137044,7670,7670,7099,0,4026531840,sshd,ip-10-100-1-57,5,fstat,[],2,0,"[{'name': 'fd', 'type': 'int', 'value': 9}, {'name': 'statbuf', 'type': 'struct stat*', 'value': '0x7FFF1BBB3B00'}]",0,0
3890.136716,7670,7670,7099,0,4026531840,sshd,ip-10-100-1-57,5,fstat,[],2,0,"[{'name': 'fd', 'type': 'int', 'value': 8}, {'name': 'statbuf', 'type': 'struct stat*', 'value': '0x7FFF1BBB4300'}]",0,0
3890.138236,7670,7670,7099,0,4026531840,sshd,ip-10-100-1-57,3,close,"[139844712005147, 139844711921179]",1,0,"[{'name': 'fd', 'type': 'int', 'value': 9}]",0,0
3890.136614,7670,7670,7099,0,4026531840,sshd,ip-10-100-1-57,1005,security_file_open,[],4,0,"[{'name': 'pathname', 'type': 'const char*', 'value': '/etc/pam.d/common-session'}, {'name': 'flags', 'type': 'int', 'value': 'O_RDONLY|O_LARGEFILE'}, {'name': 'dev', 'type': 'dev_t', 'value': 211812353}, {'name': 'inode', 'type': 'unsigned long', 'value': 562}]",0,0
3890.13903,7670,7670,7099,0,4026531840,sshd,ip-10-100-1-57,257,openat,[],4,9,"[{'name': 'dirfd', 'type': 'int', 'value': -100}, {'name': 'pathname', 'type': 'const char*', 'value': '/lib/x86_64-linux-gnu/security/pam_systemd.so'}, {'name': 'flags', 'type': 'int', 'value': 'O_RDONLY|O_CLOEXEC'}, {'name': 'mode', 'type': 'mode_t', 'value': 576847704}]",0,0
3890.139822,7670,7670,7099,0,4026531840,sshd,ip-10-100-1-57,3,close,[],1,0,"[{'name': 'fd', 'type': 'int', 'value': 9}]",0,0
3890.139252,7670,7670,7099,0,4026531840,sshd,ip-10-100-1-57,3,close,"[139844712005147, 139844711921179]",1,0,"[{'name': 'fd', 'type': 'int', 'value': 9}]",0,0
3890.139437,7670,7670,7099,0,4026531840,sshd,ip-10-100-1-57,1005,security_file_open,[],4,0,"[{'name': 'pathname', 'type': 'const char*', 'value': '/etc/ld.so.cache'}, {'name': 'flags', 'type': 'int', 'value': 'O_RDONLY|O_LARGEFILE'}, {'name': 'dev', 'type': 'dev_t', 'value': 211812353}, {'name': 'inode', 'type': 'unsigned long', 'value': 62841}]",0,0
3890.139107,7670,7670,7099,0,4026531840,sshd,ip-10-100-1-57,5,fstat,"[139844712004905, 139844711921179]",2,0,"[{'name': 'fd', 'type': 'int', 'value': 9}, {'name': 'statbuf', 'type': 'struct stat*', 'value': '0x7FFF1BBB3B00'}]",0,0
3890.14018,7670,7670,7099,0,4026531840,sshd,ip-10-100-1-57,5,fstat,[],2,0,"[{'name': 'fd', 'type': 'int', 'value': 9}, {'name': 'statbuf', 'type': 'struct stat*', 'value': '0x7FFF1BBB3460'}]",0,0
3890.141391,7670,7670,7099,0,4026531840,sshd,ip-10-100-1-57,3,close,"[139844712005147, 139844711921179]",1,0,"[{'name': 'fd', 'type': 'int', 'value': 9}]",0,0
3890.140091,7670,7670,7099,0,4026531840,sshd,ip-10-100-1-57,257,openat,[],4,9,"[{'name': 'dirfd', 'type': 'int', 'value': -100}, {'name': 'pathname', 'type': 'const char*', 'value': '/lib/x86_64-linux-gnu/libpam_misc.so.0'}, {'name': 'flags', 'type': 'int', 'value': 'O_RDONLY|O_CLOEXEC'}, {'name': 'mode', 'type': 'mode_t', 'value': 576847704}]",0,0
3890.142969,7670,7670,7099,0,4026531840,sshd,ip-10-100-1-57,257,openat,[],4,8,"[{'name': 'dirfd', 'type': 'int', 'value': -100}, {'name': 'pathname', 'type': 'const char*', 'value': '/lib/x86_64-linux-gnu/security/pam_motd.so'}, {'name': 'flags', 'type': 'int', 'value': 'O_RDONLY|O_CLOEXEC'}, {'name': 'mode', 'type': 'mode_t', 'value': 576847704}]",0,0
3890.143145,7670,7670,7099,0,4026531840,sshd,ip-10-100-1-57,5,fstat,"[139844712004905, 139844711921179]",2,0,"[{'name': 'fd', 'type': 'int', 'value': 8}, {'name': 'statbuf', 'type': 'struct stat*', 'value': '0x7FFF1BBB4110'}]",0,0
3890.1397,7670,7670,7099,0,4026531840,sshd,ip-10-100-1-57,5,fstat,[139844712004905],2,0,"[{'name': 'fd', 'type': 'int', 'value': 9}, {'name': 'statbuf', 'type': 'struct stat*', 'value': '0x7FFF1BBB3410'}]",0,0
3890.139929,7670,7670,7099,0,4026531840,sshd,ip-10-100-1-57,1005,security_file_open,[],4,0,"[{'name': 'pathname', 'type': 'const char*', 'value': '/usr/lib/x86_64-linux-gnu/libpam_misc.so.0.82.1'}, {'name': 'flags', 'type': 'int', 'value': 'O_RDONLY|O_LARGEFILE'}, {'name': 'dev', 'type': 'dev_t', 'value': 211812353}, {'name': 'inode', 'type': 'unsigned long', 'value': 4524}]",0,0
3890.142848,7670,7670,7099,0,4026531840,sshd,ip-10-100-1-57,1005,security_file_open,[],4,0,"[{'name': 'pathname', 'type': 'const char*', 'value': '/usr/lib/x86_64-linux-gnu/security/pam_motd.so'}, {'name': 'flags', 'type': 'int', 'value': 'O_RDONLY|O_LARGEFILE'}, {'name': 'dev', 'type': 'dev_t', 'value': 211812353}, {'name': 'inode', 'type': 'unsigned long', 'value': 3778}]",0,0
3890.139589,7670,7670,7099,0,4026531840,sshd,ip-10-100-1-57,257,openat,[],4,9,"[{'name': 'dirfd', 'type': 'int', 'value': -100}, {'name': 'pathname', 'type': 'const char*', 'value': '/etc/ld.so.cache'}, {'name': 'flags', 'type': 'int', 'value': 'O_RDONLY|O_CLOEXEC'}, {'name': 'mode', 'type': 'mode_t', 'value': 576847704}]",0,0
3890.143243,7670,7670,7099,0,4026531840,sshd,ip-10-100-1-57,3,close,"[139844712005147, 139844711921179]",1,0,"[{'name': 'fd', 'type': 'int', 'value': 8}]",0,0
3890.142241,7670,7670,7099,0,4026531840,sshd,ip-10-100-1-57,3,close,[],1,0,"[{'name': 'fd', 'type': 'int', 'value': 8}]",0,0
3890.143417,7670,7670,7099,0,4026531840,sshd,ip-10-100-1-57,1005,security_file_open,[],4,0,"[{'name': 'pathname', 'type': 'const char*', 'value': '/usr/lib/x86_64-linux-gnu/security/pam_mail.so'}, {'name': 'flags', 'type': 'int', 'value': 'O_RDONLY|O_LARGEFILE'}, {'name': 'dev', 'type': 'dev_t', 'value': 211812353}, {'name': 'inode', 'type': 'unsigned long', 'value': 3776}]",0,0
3890.1443,7670,7670,7099,0,4026531840,sshd,ip-10-100-1-57,257,openat,[],4,8,"[{'name': 'dirfd', 'type': 'int', 'value': -100}, {'name': 'pathname', 'type': 'const char*', 'value': '/lib/x86_64-linux-gnu/security/pam_mail.so'}, {'name': 'flags', 'type': 'int', 'value': 'O_RDONLY|O_CLOEXEC'}, {'name': 'mode', 'type': 'mode_t', 'value': 576847704}]",0,0
3890.144372,7670,7670,7099,0,4026531840,sshd,ip-10-100-1-57,5,fstat,"[139844712004905, 139844711921179]",2,0,"[{'name': 'fd', 'type': 'int', 'value': 8}, {'name': 'statbuf', 'type': 'struct stat*', 'value': '0x7FFF1BBB4110'}]",0,0
3890.144507,7670,7670,7099,0,4026531840,sshd,ip-10-100-1-57,3,close,"[139844712005147, 139844711921179]",1,0,"[{'name': 'fd', 'type': 'int', 'value': 8}]",0,0
3890.144929,7670,7670,7099,0,4026531840,sshd,ip-10-100-1-57,257,openat,[],4,8,"[{'name': 'dirfd', 'type': 'int', 'value': -100}, {'name': 'pathname', 'type': 'const char*', 'value': '/lib/x86_64-linux-gnu/security/pam_limits.so'}, {'name': 'flags', 'type': 'int', 'value': 'O_RDONLY|O_CLOEXEC'}, {'name': 'mode', 'type': 'mode_t', 'value': 576847704}]",0,0
3890.145097,7670,7670,7099,0,4026531840,sshd,ip-10-100-1-57,3,close,[],1,0,"[{'name': 'fd', 'type': 'int', 'value': 8}]",0,0
3890.145008,7670,7670,7099,0,4026531840,sshd,ip-10-100-1-57,5,fstat,[],2,0,"[{'name': 'fd', 'type': 'int', 'value': 8}, {'name': 'statbuf', 'type': 'struct stat*', 'value': '0x7FFF1BBB4110'}]",0,0
3890.146231,7670,7670,7099,0,4026531840,sshd,ip-10-100-1-57,257,openat,[],4,8,"[{'name': 'dirfd', 'type': 'int', 'value': -100}, {'name': 'pathname', 'type': 'const char*', 'value': '/lib/x86_64-linux-gnu/security/pam_env.so'}, {'name': 'flags', 'type': 'int', 'value': 'O_RDONLY|O_CLOEXEC'}, {'name': 'mode', 'type': 'mode_t', 'value': 576847704}]",0,0
3890.146352,7670,7670,7099,0,4026531840,sshd,ip-10-100-1-57,5,fstat,"[139844712004905, 139844711921179]",2,0,"[{'name': 'fd', 'type': 'int', 'value': 8}, {'name': 'statbuf', 'type': 'struct stat*', 'value': '0x7FFF1BBB4110'}]",0,0
3890.147302,7670,7670,7099,0,4026531840,sshd,ip-10-100-1-57,4,stat,[],2,0,"[{'name': 'pathname', 'type': 'const char*', 'value': '/etc/pam.d'}, {'name': 'statbuf', 'type': 'struct stat*', 'value': '0x7FFF1BBB4BD0'}]",0,0
3890.146051,7670,7670,7099,0,4026531840,sshd,ip-10-100-1-57,1005,security_file_open,[],4,0,"[{'name': 'pathname', 'type': 'const char*', 'value': '/usr/lib/x86_64-linux-gnu/security/pam_env.so'}, {'name': 'flags', 'type': 'int', 'value': 'O_RDONLY|O_LARGEFILE'}, {'name': 'dev', 'type': 'dev_t', 'value': 211812353}, {'name': 'inode', 'type': 'unsigned long', 'value': 3762}]",0,0
3890.147504,7670,7670,7099,0,4026531840,sshd,ip-10-100-1-57,1005,security_file_open,[],4,0,"[{'name': 'pathname', 'type': 'const char*', 'value': '/etc/pam.d/common-password'}, {'name': 'flags', 'type': 'int', 'value': 'O_RDONLY|O_LARGEFILE'}, {'name': 'dev', 'type': 'dev_t', 'value': 211812353}, {'name': 'inode', 'type': 'unsigned long', 'value': 561}]",0,0
3890.147582,7670,7670,7099,0,4026531840,sshd,ip-10-100-1-57,257,openat,[],4,8,"[{'name': 'dirfd', 'type': 'int', 'value': -100}, {'name': 'pathname', 'type': 'const char*', 'value': '/etc/pam.d/common-password'}, {'name': 'flags', 'type': 'int', 'value': 'O_RDONLY'}, {'name': 'mode', 'type': 'mode_t', 'value': 569949867}]",0,0
3890.146461,7670,7670,7099,0,4026531840,sshd,ip-10-100-1-57,3,close,"[139844712005147, 139844711921179]",1,0,"[{'name': 'fd', 'type': 'int', 'value': 8}]",0,0
3890.147956,7670,7670,7099,0,4026531840,sshd,ip-10-100-1-57,3,close,[],1,0,"[{'name': 'fd', 'type': 'int', 'value': 5}]",0,0
3890.147639,7670,7670,7099,0,4026531840,sshd,ip-10-100-1-57,5,fstat,[],2,0,"[{'name': 'fd', 'type': 'int', 'value': 8}, {'name': 'statbuf', 'type': 'struct stat*', 'value': '0x7FFF1BBB4300'}]",0,0
3890.144722,7670,7670,7099,0,4026531840,sshd,ip-10-100-1-57,1005,security_file_open,[],4,0,"[{'name': 'pathname', 'type': 'const char*', 'value': '/usr/lib/x86_64-linux-gnu/security/pam_limits.so'}, {'name': 'flags', 'type': 'int', 'value': 'O_RDONLY|O_LARGEFILE'}, {'name': 'dev', 'type': 'dev_t', 'value': 211812353}, {'name': 'inode', 'type': 'unsigned long', 'value': 3772}]",0,0
3890.147879,7670,7670,7099,0,4026531840,sshd,ip-10-100-1-57,3,close,[],1,0,"[{'name': 'fd', 'type': 'int', 'value': 8}]",0,0
3890.148008,7670,7670,7099,0,4026531840,sshd,ip-10-100-1-57,1005,security_file_open,"[139844705107627, 8243109542262432814]",4,0,"[{'name': 'pathname', 'type': 'const char*', 'value': '/etc/pam.d/other'}, {'name': 'flags', 'type': 'int', 'value': 'O_RDONLY|O_LARGEFILE'}, {'name': 'dev', 'type': 'dev_t', 'value': 211812353}, {'name': 'inode', 'type': 'unsigned long', 'value': 563}]",0,0
3890.148198,7670,7670,7099,0,4026531840,sshd,ip-10-100-1-57,257,openat,[],4,5,"[{'name': 'dirfd', 'type': 'int', 'value': -100}, {'name': 'pathname', 'type': 'const char*', 'value': '/etc/pam.d/other'}, {'name': 'flags', 'type': 'int', 'value': 'O_RDONLY'}, {'name': 'mode', 'type': 'mode_t', 'value': 569949867}]",0,0
3890.148249,7670,7670,7099,0,4026531840,sshd,ip-10-100-1-57,5,fstat,[],2,0,"[{'name': 'fd', 'type': 'int', 'value': 5}, {'name': 'statbuf', 'type': 'struct stat*', 'value': '0x7FFF1BBB4910'}]",0,0
3890.148318,7670,7670,7099,0,4026531840,sshd,ip-10-100-1-57,4,stat,[],2,0,"[{'name': 'pathname', 'type': 'const char*', 'value': '/etc/pam.d'}, {'name': 'statbuf', 'type': 'struct stat*', 'value': '0x7FFF1BBB4BD0'}]",0,0
3890.148375,7670,7670,7099,0,4026531840,sshd,ip-10-100-1-57,1005,security_file_open,[],4,0,"[{'name': 'pathname', 'type': 'const char*', 'value': '/etc/pam.d/common-auth'}, {'name': 'flags', 'type': 'int', 'value': 'O_RDONLY|O_LARGEFILE'}, {'name': 'dev', 'type': 'dev_t', 'value': 211812353}, {'name': 'inode', 'type': 'unsigned long', 'value': 256146}]",0,0
3890.148561,7670,7670,7099,0,4026531840,sshd,ip-10-100-1-57,257,openat,[],4,8,"[{'name': 'dirfd', 'type': 'int', 'value': -100}, {'name': 'pathname', 'type': 'const char*', 'value': '/etc/pam.d/common-auth'}, {'name': 'flags', 'type': 'int', 'value': 'O_RDONLY'}, {'name': 'mode', 'type': 'mode_t', 'value': 569949867}]",0,0
3890.14861,7670,7670,7099,0,4026531840,sshd,ip-10-100-1-57,5,fstat,[],2,0,"[{'name': 'fd', 'type': 'int', 'value': 8}, {'name': 'statbuf', 'type': 'struct stat*', 'value': '0x7FFF1BBB4300'}]",0,0
3890.148933,7670,7670,7099,0,4026531840,sshd,ip-10-100-1-57,4,stat,[],2,0,"[{'name': 'pathname', 'type': 'const char*', 'value': '/etc/pam.d'}, {'name': 'statbuf', 'type': 'struct stat*', 'value': '0x7FFF1BBB4BD0'}]",0,0
3890.148983,7670,7670,7099,0,4026531840,sshd,ip-10-100-1-57,1005,security_file_open,[],4,0,"[{'name': 'pathname', 'type': 'const char*', 'value': '/etc/pam.d/common-account'}, {'name': 'flags', 'type': 'int', 'value': 'O_RDONLY|O_LARGEFILE'}, {'name': 'dev', 'type': 'dev_t', 'value': 211812353}, {'name': 'inode', 'type': 'unsigned long', 'value': 560}]",0,0
3890.148707,7670,7670,7099,0,4026531840,sshd,ip-10-100-1-57,3,close,[],1,0,"[{'name': 'fd', 'type': 'int', 'value': 8}]",0,0
3890.149046,7670,7670,7099,0,4026531840,sshd,ip-10-100-1-57,257,openat,[],4,8,"[{'name': 'dirfd', 'type': 'int', 'value': -100}, {'name': 'pathname', 'type': 'const char*', 'value': '/etc/pam.d/common-account'}, {'name': 'flags', 'type': 'int', 'value': 'O_RDONLY'}, {'name': 'mode', 'type': 'mode_t', 'value': 569949867}]",0,0
3890.149088,7670,7670,7099,0,4026531840,sshd,ip-10-100-1-57,5,fstat,[],2,0,"[{'name': 'fd', 'type': 'int', 'value': 8}, {'name': 'statbuf', 'type': 'struct stat*', 'value': '0x7FFF1BBB4300'}]",0,0
3890.149284,7670,7670,7099,0,4026531840,sshd,ip-10-100-1-57,3,close,[],1,0,"[{'name': 'fd', 'type': 'int', 'value': 8}]",0,0
3890.149337,7670,7670,7099,0,4026531840,sshd,ip-10-100-1-57,4,stat,"[139844705105450, 94383652685488]",2,0,"[{'name': 'pathname', 'type': 'const char*', 'value': '/etc/pam.d'}, {'name': 'statbuf', 'type': 'struct stat*', 'value': '0x7FFF1BBB4BD0'}]",0,0
3890.149517,7670,7670,7099,0,4026531840,sshd,ip-10-100-1-57,1005,security_file_open,[],4,0,"[{'name': 'pathname', 'type': 'const char*', 'value': '/etc/pam.d/common-password'}, {'name': 'flags', 'type': 'int', 'value': 'O_RDONLY|O_LARGEFILE'}, {'name': 'dev', 'type': 'dev_t', 'value': 211812353}, {'name': 'inode', 'type': 'unsigned long', 'value': 561}]",0,0
3890.149591,7670,7670,7099,0,4026531840,sshd,ip-10-100-1-57,257,openat,[],4,8,"[{'name': 'dirfd', 'type': 'int', 'value': -100}, {'name': 'pathname', 'type': 'const char*', 'value': '/etc/pam.d/common-password'}, {'name': 'flags', 'type': 'int', 'value': 'O_RDONLY'}, {'name': 'mode', 'type': 'mode_t', 'value': 569949867}]",0,0
3890.149625,7670,7670,7099,0,4026531840,sshd,ip-10-100-1-57,5,fstat,[],2,0,"[{'name': 'fd', 'type': 'int', 'value': 8}, {'name': 'statbuf', 'type': 'struct stat*', 'value': '0x7FFF1BBB4300'}]",0,0
3890.14981,7670,7670,7099,0,4026531840,sshd,ip-10-100-1-57,3,close,[],1,0,"[{'name': 'fd', 'type': 'int', 'value': 8}]",0,0
3890.149861,7670,7670,7099,0,4026531840,sshd,ip-10-100-1-57,4,stat,"[139844705105450, 94383652685512]",2,0,"[{'name': 'pathname', 'type': 'const char*', 'value': '/etc/pam.d'}, {'name': 'statbuf', 'type': 'struct stat*', 'value': '0x7FFF1BBB4BD0'}]",0,0
3890.149903,7670,7670,7099,0,4026531840,sshd,ip-10-100-1-57,1005,security_file_open,[],4,0,"[{'name': 'pathname', 'type': 'const char*', 'value': '/etc/pam.d/common-session'}, {'name': 'flags', 'type': 'int', 'value': 'O_RDONLY|O_LARGEFILE'}, {'name': 'dev', 'type': 'dev_t', 'value': 211812353}, {'name': 'inode', 'type': 'unsigned long', 'value': 562}]",0,0
3890.150181,7670,7670,7099,0,4026531840,sshd,ip-10-100-1-57,5,fstat,[],2,0,"[{'name': 'fd', 'type': 'int', 'value': 8}, {'name': 'statbuf', 'type': 'struct stat*', 'value': '0x7FFF1BBB4300'}]",0,0
3890.149987,7670,7670,7099,0,4026531840,sshd,ip-10-100-1-57,257,openat,[],4,8,"[{'name': 'dirfd', 'type': 'int', 'value': -100}, {'name': 'pathname', 'type': 'const char*', 'value': '/etc/pam.d/common-session'}, {'name': 'flags', 'type': 'int', 'value': 'O_RDONLY'}, {'name': 'mode', 'type': 'mode_t', 'value': 569949867}]",0,0
3890.150258,7670,7670,7099,0,4026531840,sshd,ip-10-100-1-57,3,close,[],1,0,"[{'name': 'fd', 'type': 'int', 'value': 8}]",0,0
3890.150329,7670,7670,7099,0,4026531840,sshd,ip-10-100-1-57,3,close,[],1,0,"[{'name': 'fd', 'type': 'int', 'value': 5}]",0,0
3890.150369,7670,7670,7099,0,4026531840,sshd,ip-10-100-1-57,51,getsockname,[139844705182667],3,0,"[{'name': 'sockfd', 'type': 'int', 'value': 4}, {'name': 'addr', 'type': 'void*', 'value': ""{'sin_addr': '10.100.1.57','sa_family': 'AF_INET','sin_port': '22'}""}, {'name': 'addrlen', 'type': 'int*', 'value': '0x7FFF1BBB4D1C'}]",0,0
3890.152701,7670,7670,7099,0,4026531840,sshd,ip-10-100-1-57,1005,security_file_open,"[139844705107627, 32482207980220009]",4,0,"[{'name': 'pathname', 'type': 'const char*', 'value': '/etc/login.defs'}, {'name': 'flags', 'type': 'int', 'value': 'O_RDONLY|O_LARGEFILE'}, {'name': 'dev', 'type': 'dev_t', 'value': 211812353}, {'name': 'inode', 'type': 'unsigned long', 'value': 584}]",0,0
3890.152777,7670,7670,7099,0,4026531840,sshd,ip-10-100-1-57,257,openat,[],4,5,"[{'name': 'dirfd', 'type': 'int', 'value': -100}, {'name': 'pathname', 'type': 'const char*', 'value': '/etc/login.defs'}, {'name': 'flags', 'type': 'int', 'value': 'O_RDONLY'}, {'name': 'mode', 'type': 'mode_t', 'value': 569949867}]",0,0
3890.152826,7670,7670,7099,0,4026531840,sshd,ip-10-100-1-57,5,fstat,[],2,0,"[{'name': 'fd', 'type': 'int', 'value': 5}, {'name': 'statbuf', 'type': 'struct stat*', 'value': '0x7FFF1BBB4E40'}]",0,0
3890.153026,7670,7670,7099,0,4026531840,sshd,ip-10-100-1-57,3,close,[],1,0,"[{'name': 'fd', 'type': 'int', 'value': 5}]",0,0
3890.153101,7670,7670,7099,0,4026531840,sshd,ip-10-100-1-57,4,stat,"[139844705105450, 139844706003936]",2,-2,"[{'name': 'pathname', 'type': 'const char*', 'value': '/etc/securetty'}, {'name': 'statbuf', 'type': 'struct stat*', 'value': '0x7FFF1BBB4D80'}]",0,0
3890.153282,7670,7670,7099,0,4026531840,sshd,ip-10-100-1-57,41,socket,[],3,5,"[{'name': 'domain', 'type': 'int', 'value': 'AF_UNIX'}, {'name': 'type', 'type': 'const char*', 'value': 'SOCK_DGRAM|SOCK_CLOEXEC'}, {'name': 'protocol', 'type': 'int', 'value': 0}]",0,0
3890.153463,7670,7670,7099,0,4026531840,sshd,ip-10-100-1-57,42,connect,[139844705182471],3,0,"[{'name': 'sockfd', 'type': 'int', 'value': 5}, {'name': 'addr', 'type': 'struct sockaddr*', 'value': ""{'sa_family': 'AF_UNIX','sun_path': '/dev/log'}""}, {'name': 'addrlen', 'type': 'int*', 'value': 110}]",0,0
3890.154875,7670,7670,7099,0,4026531840,sshd,ip-10-100-1-57,1005,security_file_open,[],4,0,"[{'name': 'pathname', 'type': 'const char*', 'value': '/etc/passwd'}, {'name': 'flags', 'type': 'int', 'value': 'O_RDONLY|O_LARGEFILE'}, {'name': 'dev', 'type': 'dev_t', 'value': 211812353}, {'name': 'inode', 'type': 'unsigned long', 'value': 61241}]",0,0
3890.154976,7670,7670,7099,0,4026531840,sshd,ip-10-100-1-57,257,openat,[],4,8,"[{'name': 'dirfd', 'type': 'int', 'value': -100}, {'name': 'pathname', 'type': 'const char*', 'value': '/etc/passwd'}, {'name': 'flags', 'type': 'int', 'value': 'O_RDONLY|O_CLOEXEC'}, {'name': 'mode', 'type': 'mode_t', 'value': 569972316}]",0,0
3890.155051,7670,7670,7099,0,4026531840,sshd,ip-10-100-1-57,5,fstat,[],2,0,"[{'name': 'fd', 'type': 'int', 'value': 8}, {'name': 'statbuf', 'type': 'struct stat*', 'value': '0x7FFF1BBB4CD0'}]",0,0
3890.155239,7670,7670,7099,0,4026531840,sshd,ip-10-100-1-57,3,close,[],1,0,"[{'name': 'fd', 'type': 'int', 'value': 8}]",0,0
3890.15533,7670,7670,7099,0,4026531840,sshd,ip-10-100-1-57,41,socket,[],3,8,"[{'name': 'domain', 'type': 'int', 'value': 'AF_UNIX'}, {'name': 'type', 'type': 'const char*', 'value': 'SOCK_DGRAM|SOCK_CLOEXEC'}, {'name': 'protocol', 'type': 'int', 'value': 0}]",0,0
3890.156279,7670,7670,7099,0,4026531840,sshd,ip-10-100-1-57,42,connect,[139844705182471],3,-111,"[{'name': 'sockfd', 'type': 'int', 'value': 8}, {'name': 'addr', 'type': 'struct sockaddr*', 'value': ""{'sa_family': 'AF_UNIX','sun_path': 'userdb-6d4b7dc5e27fc75915122c41c2481d99'}""}, {'name': 'addrlen', 'type': 'int*', 'value': 42}]",0,0
3890.156342,7670,7670,7099,0,4026531840,sshd,ip-10-100-1-57,3,close,[139844705110407],1,0,"[{'name': 'fd', 'type': 'int', 'value': 8}]",0,0
3890.156437,7670,7670,7099,0,4026531840,sshd,ip-10-100-1-57,1005,security_file_open,[],4,0,"[{'name': 'pathname', 'type': 'const char*', 'value': '/run/systemd/userdb'}, {'name': 'flags', 'type': 'int', 'value': 'O_RDONLY|O_NONBLOCK|O_LARGEFILE|O_DIRECTORY'}, {'name': 'dev', 'type': 'dev_t', 'value': 25}, {'name': 'inode', 'type': 'unsigned long', 'value': 46}]",0,0
3890.156486,7670,7670,7099,0,4026531840,sshd,ip-10-100-1-57,257,openat,[],4,8,"[{'name': 'dirfd', 'type': 'int', 'value': -100}, {'name': 'pathname', 'type': 'const char*', 'value': '/run/systemd/userdb/'}, {'name': 'flags', 'type': 'int', 'value': 'O_RDONLY|O_NONBLOCK|O_DIRECTORY|O_CLOEXEC'}, {'name': 'mode', 'type': 'mode_t', 'value': 569972316}]",0,0
3890.156519,7670,7670,7099,0,4026531840,sshd,ip-10-100-1-57,5,fstat,[139844705105545],2,0,"[{'name': 'fd', 'type': 'int', 'value': 8}, {'name': 'statbuf', 'type': 'struct stat*', 'value': '0x7FFF1BBB4BE0'}]",0,0
3890.15657,7670,7670,7099,0,4026531840,sshd,ip-10-100-1-57,217,getdents64,[],3,96,"[{'name': 'fd', 'type': 'int', 'value': 8}, {'name': 'dirp', 'type': 'struct linux_dirent64*', 'value': '0x55D768177BE0'}, {'name': 'count', 'type': 'size_t', 'value': 32768}]",0,0
3890.156627,7670,7670,7099,0,4026531840,sshd,ip-10-100-1-57,41,socket,"[139844705184011, 7310315466561250676]",3,9,"[{'name': 'domain', 'type': 'int', 'value': 'AF_UNIX'}, {'name': 'type', 'type': 'const char*', 'value': 'SOCK_STREAM|SOCK_NONBLOCK|SOCK_CLOEXEC'}, {'name': 'protocol', 'type': 'int', 'value': 0}]",0,0
3890.156674,7670,7670,7099,0,4026531840,sshd,ip-10-100-1-57,42,connect,[],3,0,"[{'name': 'sockfd', 'type': 'int', 'value': 9}, {'name': 'addr', 'type': 'struct sockaddr*', 'value': ""{'sa_family': 'AF_UNIX','sun_path': '/run/systemd/userdb/io.systemd.DynamicUser'}""}, {'name': 'addrlen', 'type': 'int*', 'value': 45}]",0,0
3890.158813,7670,7670,7099,0,4026531840,sshd,ip-10-100-1-57,3,close,[139844705110407],1,0,"[{'name': 'fd', 'type': 'int', 'value': 9}]",0,0
3890.15714,7670,7670,7099,0,4026531840,sshd,ip-10-100-1-57,3,close,[],1,0,"[{'name': 'fd', 'type': 'int', 'value': 8}]",0,0
3890.159652,7670,7670,7099,0,4026531840,sshd,ip-10-100-1-57,257,openat,[],4,8,"[{'name': 'dirfd', 'type': 'int', 'value': -100}, {'name': 'pathname', 'type': 'const char*', 'value': '/etc/passwd'}, {'name': 'flags', 'type': 'int', 'value': 'O_RDONLY|O_CLOEXEC'}, {'name': 'mode', 'type': 'mode_t', 'value': 569972316}]",0,0
3890.159496,7670,7670,7099,0,4026531840,sshd,ip-10-100-1-57,1005,security_file_open,[],4,0,"[{'name': 'pathname', 'type': 'const char*', 'value': '/etc/passwd'}, {'name': 'flags', 'type': 'int', 'value': 'O_RDONLY|O_LARGEFILE'}, {'name': 'dev', 'type': 'dev_t', 'value': 211812353}, {'name': 'inode', 'type': 'unsigned long', 'value': 61241}]",0,0
3890.15924,7670,7670,7099,0,4026531840,sshd,ip-10-100-1-57,3,close,[],1,0,"[{'name': 'fd', 'type': 'int', 'value': 10}]",0,0
3890.159376,7670,7670,7099,0,4026531840,sshd,ip-10-100-1-57,3,close,[],1,0,"[{'name': 'fd', 'type': 'int', 'value': 11}]",0,0
3890.156934,7670,7670,7099,0,4026531840,sshd,ip-10-100-1-57,217,getdents64,[],3,0,"[{'name': 'fd', 'type': 'int', 'value': 8}, {'name': 'dirp', 'type': 'struct linux_dirent64*', 'value': '0x55D768177BE0'}, {'name': 'count', 'type': 'size_t', 'value': 32768}]",0,0
3890.159702,7670,7670,7099,0,4026531840,sshd,ip-10-100-1-57,5,fstat,[],2,0,"[{'name': 'fd', 'type': 'int', 'value': 8}, {'name': 'statbuf', 'type': 'struct stat*', 'value': '0x7FFF1BBB4C90'}]",0,0
3890.159915,7670,7670,7099,0,4026531840,sshd,ip-10-100-1-57,3,close,[],1,0,"[{'name': 'fd', 'type': 'int', 'value': 8}]",0,0
3890.160008,7670,7670,7099,0,4026531840,sshd,ip-10-100-1-57,41,socket,[],3,8,"[{'name': 'domain', 'type': 'int', 'value': 'AF_UNIX'}, {'name': 'type', 'type': 'const char*', 'value': 'SOCK_DGRAM|SOCK_CLOEXEC'}, {'name': 'protocol', 'type': 'int', 'value': 0}]",0,0
3890.160095,7670,7670,7099,0,4026531840,sshd,ip-10-100-1-57,42,connect,[139844705182471],3,-111,"[{'name': 'sockfd', 'type': 'int', 'value': 8}, {'name': 'addr', 'type': 'struct sockaddr*', 'value': ""{'sa_family': 'AF_UNIX','sun_path': 'userdb-6d4b7dc5e27fc75915122c41c2481d99'}""}, {'name': 'addrlen', 'type': 'int*', 'value': 42}]",0,0
3890.160236,7670,7670,7099,0,4026531840,sshd,ip-10-100-1-57,3,close,[],1,0,"[{'name': 'fd', 'type': 'int', 'value': 8}]",0,0
3890.160294,7670,7670,7099,0,4026531840,sshd,ip-10-100-1-57,1005,security_file_open,[],4,0,"[{'name': 'pathname', 'type': 'const char*', 'value': '/run/systemd/userdb'}, {'name': 'flags', 'type': 'int', 'value': 'O_RDONLY|O_NONBLOCK|O_LARGEFILE|O_DIRECTORY'}, {'name': 'dev', 'type': 'dev_t', 'value': 25}, {'name': 'inode', 'type': 'unsigned long', 'value': 46}]",0,0
3890.160498,7670,7670,7099,0,4026531840,sshd,ip-10-100-1-57,257,openat,[],4,8,"[{'name': 'dirfd', 'type': 'int', 'value': -100}, {'name': 'pathname', 'type': 'const char*', 'value': '/run/systemd/userdb/'}, {'name': 'flags', 'type': 'int', 'value': 'O_RDONLY|O_NONBLOCK|O_DIRECTORY|O_CLOEXEC'}, {'name': 'mode', 'type': 'mode_t', 'value': 569972316}]",0,0
3890.160603,7670,7670,7099,0,4026531840,sshd,ip-10-100-1-57,217,getdents64,[],3,96,"[{'name': 'fd', 'type': 'int', 'value': 8}, {'name': 'dirp', 'type': 'struct linux_dirent64*', 'value': '0x55D768177BE0'}, {'name': 'count', 'type': 'size_t', 'value': 32768}]",0,0
3890.160565,7670,7670,7099,0,4026531840,sshd,ip-10-100-1-57,5,fstat,[139844705105545],2,0,"[{'name': 'fd', 'type': 'int', 'value': 8}, {'name': 'statbuf', 'type': 'struct stat*', 'value': '0x7FFF1BBB4BA0'}]",0,0
3890.160646,7670,7670,7099,0,4026531840,sshd,ip-10-100-1-57,41,socket,"[139844705184011, 7310315466561250676]",3,9,"[{'name': 'domain', 'type': 'int', 'value': 'AF_UNIX'}, {'name': 'type', 'type': 'const char*', 'value': 'SOCK_STREAM|SOCK_NONBLOCK|SOCK_CLOEXEC'}, {'name': 'protocol', 'type': 'int', 'value': 0}]",0,0
3890.160822,7670,7670,7099,0,4026531840,sshd,ip-10-100-1-57,42,connect,[],3,0,"[{'name': 'sockfd', 'type': 'int', 'value': 9}, {'name': 'addr', 'type': 'struct sockaddr*', 'value': ""{'sa_family': 'AF_UNIX','sun_path': '/run/systemd/userdb/io.systemd.DynamicUser'}""}, {'name': 'addrlen', 'type': 'int*', 'value': 45}]",0,0
3890.161255,7670,7670,7099,0,4026531840,sshd,ip-10-100-1-57,3,close,[],1,0,"[{'name': 'fd', 'type': 'int', 'value': 8}]",0,0
3890.161105,7670,7670,7099,0,4026531840,sshd,ip-10-100-1-57,217,getdents64,[],3,0,"[{'name': 'fd', 'type': 'int', 'value': 8}, {'name': 'dirp', 'type': 'struct linux_dirent64*', 'value': '0x55D768177BE0'}, {'name': 'count', 'type': 'size_t', 'value': 32768}]",0,0
3890.163177,7670,7670,7099,0,4026531840,sshd,ip-10-100-1-57,3,close,[139844705110407],1,0,"[{'name': 'fd', 'type': 'int', 'value': 9}]",0,0
3890.164106,7670,7670,7099,0,4026531840,sshd,ip-10-100-1-57,3,close,[139844705110407],1,0,"[{'name': 'fd', 'type': 'int', 'value': 10}]",0,0
3890.16415,7670,7670,7099,0,4026531840,sshd,ip-10-100-1-57,3,close,[],1,0,"[{'name': 'fd', 'type': 'int', 'value': 11}]",0,0
3890.165349,7670,7670,7099,0,4026531840,sshd,ip-10-100-1-57,21,access,[],2,-2,"[{'name': 'pathname', 'type': 'const char*', 'value': '/var/run/utmpx'}, {'name': 'mode', 'type': 'mode_t', 'value': 'F_OK'}]",0,0
3890.165447,7670,7670,7099,0,4026531840,sshd,ip-10-100-1-57,1005,security_file_open,"[139844705130076, 1]",4,0,"[{'name': 'pathname', 'type': 'const char*', 'value': '/run/utmp'}, {'name': 'flags', 'type': 'int', 'value': 'O_RDONLY|O_LARGEFILE'}, {'name': 'dev', 'type': 'dev_t', 'value': 25}, {'name': 'inode', 'type': 'unsigned long', 'value': 348}]",0,0
3890.165493,7670,7670,7099,0,4026531840,sshd,ip-10-100-1-57,257,openat,[],4,8,"[{'name': 'dirfd', 'type': 'int', 'value': -100}, {'name': 'pathname', 'type': 'const char*', 'value': '/var/run/utmp'}, {'name': 'flags', 'type': 'int', 'value': 'O_RDONLY|O_CLOEXEC'}, {'name': 'mode', 'type': 'mode_t', 'value': 569972316}]",0,0
3890.166309,7670,7670,7099,0,4026531840,sshd,ip-10-100-1-57,3,close,[],1,0,"[{'name': 'fd', 'type': 'int', 'value': 8}]",0,0
3890.167856,7670,7670,7099,0,4026531840,sshd,ip-10-100-1-57,1005,security_file_open,[],4,0,"[{'name': 'pathname', 'type': 'const char*', 'value': '/etc/passwd'}, {'name': 'flags', 'type': 'int', 'value': 'O_RDONLY|O_LARGEFILE'}, {'name': 'dev', 'type': 'dev_t', 'value': 211812353}, {'name': 'inode', 'type': 'unsigned long', 'value': 61241}]",0,0
3890.167985,7670,7670,7099,0,4026531840,sshd,ip-10-100-1-57,257,openat,[],4,8,"[{'name': 'dirfd', 'type': 'int', 'value': -100}, {'name': 'pathname', 'type': 'const char*', 'value': '/etc/passwd'}, {'name': 'flags', 'type': 'int', 'value': 'O_RDONLY|O_CLOEXEC'}, {'name': 'mode', 'type': 'mode_t', 'value': 569972316}]",0,0
3890.168043,7670,7670,7099,0,4026531840,sshd,ip-10-100-1-57,5,fstat,[],2,0,"[{'name': 'fd', 'type': 'int', 'value': 8}, {'name': 'statbuf', 'type': 'struct stat*', 'value': '0x7FFF1BBB4D30'}]",0,0
3890.168884,7670,7670,7099,0,4026531840,sshd,ip-10-100-1-57,41,socket,[],3,8,"[{'name': 'domain', 'type': 'int', 'value': 'AF_UNIX'}, {'name': 'type', 'type': 'const char*', 'value': 'SOCK_DGRAM|SOCK_CLOEXEC'}, {'name': 'protocol', 'type': 'int', 'value': 0}]",0,0
3890.168771,7670,7670,7099,0,4026531840,sshd,ip-10-100-1-57,3,close,[],1,0,"[{'name': 'fd', 'type': 'int', 'value': 8}]",0,0
3890.168928,7670,7670,7099,0,4026531840,sshd,ip-10-100-1-57,42,connect,[139844705182471],3,-111,"[{'name': 'sockfd', 'type': 'int', 'value': 8}, {'name': 'addr', 'type': 'struct sockaddr*', 'value': ""{'sa_family': 'AF_UNIX','sun_path': 'userdb-6d4b7dc5e27fc75915122c41c2481d99'}""}, {'name': 'addrlen', 'type': 'int*', 'value': 42}]",0,0
3890.16898,7670,7670,7099,0,4026531840,sshd,ip-10-100-1-57,3,close,[139844705110407],1,0,"[{'name': 'fd', 'type': 'int', 'value': 8}]",0,0
3890.169158,7670,7670,7099,0,4026531840,sshd,ip-10-100-1-57,1005,security_file_open,[],4,0,"[{'name': 'pathname', 'type': 'const char*', 'value': '/run/systemd/userdb'}, {'name': 'flags', 'type': 'int', 'value': 'O_RDONLY|O_NONBLOCK|O_LARGEFILE|O_DIRECTORY'}, {'name': 'dev', 'type': 'dev_t', 'value': 25}, {'name': 'inode', 'type': 'unsigned long', 'value': 46}]",0,0
3890.169231,7670,7670,7099,0,4026531840,sshd,ip-10-100-1-57,257,openat,[],4,8,"[{'name': 'dirfd', 'type': 'int', 'value': -100}, {'name': 'pathname', 'type': 'const char*', 'value': '/run/systemd/userdb/'}, {'name': 'flags', 'type': 'int', 'value': 'O_RDONLY|O_NONBLOCK|O_DIRECTORY|O_CLOEXEC'}, {'name': 'mode', 'type': 'mode_t', 'value': 569972316}]",0,0
3890.169275,7670,7670,7099,0,4026531840,sshd,ip-10-100-1-57,5,fstat,[139844705105545],2,0,"[{'name': 'fd', 'type': 'int', 'value': 8}, {'name': 'statbuf', 'type': 'struct stat*', 'value': '0x7FFF1BBB4C40'}]",0,0
3890.169492,7670,7670,7099,0,4026531840,sshd,ip-10-100-1-57,217,getdents64,[],3,96,"[{'name': 'fd', 'type': 'int', 'value': 8}, {'name': 'dirp', 'type': 'struct linux_dirent64*', 'value': '0x55D76817FD20'}, {'name': 'count', 'type': 'size_t', 'value': 32768}]",0,0
3890.169573,7670,7670,7099,0,4026531840,sshd,ip-10-100-1-57,41,socket,"[139844705184011, 7310315466561250676]",3,9,"[{'name': 'domain', 'type': 'int', 'value': 'AF_UNIX'}, {'name': 'type', 'type': 'const char*', 'value': 'SOCK_STREAM|SOCK_NONBLOCK|SOCK_CLOEXEC'}, {'name': 'protocol', 'type': 'int', 'value': 0}]",0,0
3890.169624,7670,7670,7099,0,4026531840,sshd,ip-10-100-1-57,42,connect,[],3,0,"[{'name': 'sockfd', 'type': 'int', 'value': 9}, {'name': 'addr', 'type': 'struct sockaddr*', 'value': ""{'sa_family': 'AF_UNIX','sun_path': '/run/systemd/userdb/io.systemd.DynamicUser'}""}, {'name': 'addrlen', 'type': 'int*', 'value': 45}]",0,0
3890.169884,7670,7670,7099,0,4026531840,sshd,ip-10-100-1-57,217,getdents64,[],3,0,"[{'name': 'fd', 'type': 'int', 'value': 8}, {'name': 'dirp', 'type': 'struct linux_dirent64*', 'value': '0x55D76817FD20'}, {'name': 'count', 'type': 'size_t', 'value': 32768}]",0,0
3890.170068,7670,7670,7099,0,4026531840,sshd,ip-10-100-1-57,3,close,[],1,0,"[{'name': 'fd', 'type': 'int', 'value': 8}]",0,0
3890.17161,7670,7670,7099,0,4026531840,sshd,ip-10-100-1-57,3,close,[139844705110407],1,0,"[{'name': 'fd', 'type': 'int', 'value': 9}]",0,0
3890.172009,7670,7670,7099,0,4026531840,sshd,ip-10-100-1-57,3,close,[],1,0,"[{'name': 'fd', 'type': 'int', 'value': 10}]",0,0
3890.172209,7670,7670,7099,0,4026531840,sshd,ip-10-100-1-57,3,close,[],1,0,"[{'name': 'fd', 'type': 'int', 'value': 11}]",0,0
3890.17227,7670,7670,7099,0,4026531840,sshd,ip-10-100-1-57,1005,security_file_open,[],4,0,"[{'name': 'pathname', 'type': 'const char*', 'value': '/etc/passwd'}, {'name': 'flags', 'type': 'int', 'value': 'O_RDONLY|O_LARGEFILE'}, {'name': 'dev', 'type': 'dev_t', 'value': 211812353}, {'name': 'inode', 'type': 'unsigned long', 'value': 61241}]",0,0
3890.172345,7670,7670,7099,0,4026531840,sshd,ip-10-100-1-57,257,openat,[],4,8,"[{'name': 'dirfd', 'type': 'int', 'value': -100}, {'name': 'pathname', 'type': 'const char*', 'value': '/etc/passwd'}, {'name': 'flags', 'type': 'int', 'value': 'O_RDONLY|O_CLOEXEC'}, {'name': 'mode', 'type': 'mode_t', 'value': 569972316}]",0,0
3890.172388,7670,7670,7099,0,4026531840,sshd,ip-10-100-1-57,5,fstat,[],2,0,"[{'name': 'fd', 'type': 'int', 'value': 8}, {'name': 'statbuf', 'type': 'struct stat*', 'value': '0x7FFF1BBB4D30'}]",0,0
3890.172664,7670,7670,7099,0,4026531840,sshd,ip-10-100-1-57,41,socket,[],3,8,"[{'name': 'domain', 'type': 'int', 'value': 'AF_UNIX'}, {'name': 'type', 'type': 'const char*', 'value': 'SOCK_DGRAM|SOCK_CLOEXEC'}, {'name': 'protocol', 'type': 'int', 'value': 0}]",0,0
3890.172483,7670,7670,7099,0,4026531840,sshd,ip-10-100-1-57,3,close,[],1,0,"[{'name': 'fd', 'type': 'int', 'value': 8}]",0,0
3890.172763,7670,7670,7099,0,4026531840,sshd,ip-10-100-1-57,42,connect,[139844705182471],3,-111,"[{'name': 'sockfd', 'type': 'int', 'value': 8}, {'name': 'addr', 'type': 'struct sockaddr*', 'value': ""{'sun_path': 'userdb-6d4b7dc5e27fc75915122c41c2481d99','sa_family': 'AF_UNIX'}""}, {'name': 'addrlen', 'type': 'int*', 'value': 42}]",0,0
3890.172939,7670,7670,7099,0,4026531840,sshd,ip-10-100-1-57,3,close,[],1,0,"[{'name': 'fd', 'type': 'int', 'value': 8}]",0,0
3890.173002,7670,7670,7099,0,4026531840,sshd,ip-10-100-1-57,1005,security_file_open,[],4,0,"[{'name': 'pathname', 'type': 'const char*', 'value': '/run/systemd/userdb'}, {'name': 'flags', 'type': 'int', 'value': 'O_RDONLY|O_NONBLOCK|O_LARGEFILE|O_DIRECTORY'}, {'name': 'dev', 'type': 'dev_t', 'value': 25}, {'name': 'inode', 'type': 'unsigned long', 'value': 46}]",0,0
3890.17306,7670,7670,7099,0,4026531840,sshd,ip-10-100-1-57,257,openat,[],4,8,"[{'name': 'dirfd', 'type': 'int', 'value': -100}, {'name': 'pathname', 'type': 'const char*', 'value': '/run/systemd/userdb/'}, {'name': 'flags', 'type': 'int', 'value': 'O_RDONLY|O_NONBLOCK|O_DIRECTORY|O_CLOEXEC'}, {'name': 'mode', 'type': 'mode_t', 'value': 569972316}]",0,0
3890.173189,7670,7670,7099,0,4026531840,sshd,ip-10-100-1-57,5,fstat,[139844705105545],2,0,"[{'name': 'fd', 'type': 'int', 'value': 8}, {'name': 'statbuf', 'type': 'struct stat*', 'value': '0x7FFF1BBB4C40'}]",0,0
3890.17332,7670,7670,7099,0,4026531840,sshd,ip-10-100-1-57,217,getdents64,[],3,96,"[{'name': 'fd', 'type': 'int', 'value': 8}, {'name': 'dirp', 'type': 'struct linux_dirent64*', 'value': '0x55D76817FD20'}, {'name': 'count', 'type': 'size_t', 'value': 32768}]",0,0
3890.173521,7670,7670,7099,0,4026531840,sshd,ip-10-100-1-57,42,connect,[],3,0,"[{'name': 'sockfd', 'type': 'int', 'value': 9}, {'name': 'addr', 'type': 'struct sockaddr*', 'value': ""{'sa_family': 'AF_UNIX','sun_path': '/run/systemd/userdb/io.systemd.DynamicUser'}""}, {'name': 'addrlen', 'type': 'int*', 'value': 45}]",0,0
3890.173456,7670,7670,7099,0,4026531840,sshd,ip-10-100-1-57,41,socket,"[139844705184011, 7310315466561250676]",3,9,"[{'name': 'domain', 'type': 'int', 'value': 'AF_UNIX'}, {'name': 'type', 'type': 'const char*', 'value': 'SOCK_STREAM|SOCK_NONBLOCK|SOCK_CLOEXEC'}, {'name': 'protocol', 'type': 'int', 'value': 0}]",0,0
3890.175197,7670,7670,7099,0,4026531840,sshd,ip-10-100-1-57,217,getdents64,[],3,0,"[{'name': 'fd', 'type': 'int', 'value': 8}, {'name': 'dirp', 'type': 'struct linux_dirent64*', 'value': '0x55D76817FD20'}, {'name': 'count', 'type': 'size_t', 'value': 32768}]",0,0
3890.175358,7670,7670,7099,0,4026531840,sshd,ip-10-100-1-57,3,close,[],1,0,"[{'name': 'fd', 'type': 'int', 'value': 8}]",0,0
3890.176441,7670,7670,7099,0,4026531840,sshd,ip-10-100-1-57,3,close,[139844705110407],1,0,"[{'name': 'fd', 'type': 'int', 'value': 9}]",0,0
3890.176751,7670,7670,7099,0,4026531840,sshd,ip-10-100-1-57,3,close,[],1,0,"[{'name': 'fd', 'type': 'int', 'value': 10}]",0,0
3890.176927,7670,7670,7099,0,4026531840,sshd,ip-10-100-1-57,3,close,[],1,0,"[{'name': 'fd', 'type': 'int', 'value': 11}]",0,0
3890.176986,7670,7670,7099,0,4026531840,sshd,ip-10-100-1-57,1005,security_file_open,[],4,0,"[{'name': 'pathname', 'type': 'const char*', 'value': '/etc/passwd'}, {'name': 'flags', 'type': 'int', 'value': 'O_RDONLY|O_LARGEFILE'}, {'name': 'dev', 'type': 'dev_t', 'value': 211812353}, {'name': 'inode', 'type': 'unsigned long', 'value': 61241}]",0,0
3890.177041,7670,7670,7099,0,4026531840,sshd,ip-10-100-1-57,257,openat,[],4,8,"[{'name': 'dirfd', 'type': 'int', 'value': -100}, {'name': 'pathname', 'type': 'const char*', 'value': '/etc/passwd'}, {'name': 'flags', 'type': 'int', 'value': 'O_RDONLY|O_CLOEXEC'}, {'name': 'mode', 'type': 'mode_t', 'value': 569972316}]",0,0
3890.177185,7670,7670,7099,0,4026531840,sshd,ip-10-100-1-57,5,fstat,[],2,0,"[{'name': 'fd', 'type': 'int', 'value': 8}, {'name': 'statbuf', 'type': 'struct stat*', 'value': '0x7FFF1BBB4D30'}]",0,0
3890.177509,7670,7670,7099,0,4026531840,sshd,ip-10-100-1-57,41,socket,[],3,8,"[{'name': 'domain', 'type': 'int', 'value': 'AF_UNIX'}, {'name': 'type', 'type': 'const char*', 'value': 'SOCK_DGRAM|SOCK_CLOEXEC'}, {'name': 'protocol', 'type': 'int', 'value': 0}]",0,0
3890.177346,7670,7670,7099,0,4026531840,sshd,ip-10-100-1-57,3,close,[],1,0,"[{'name': 'fd', 'type': 'int', 'value': 8}]",0,0
3890.177686,7670,7670,7099,0,4026531840,sshd,ip-10-100-1-57,42,connect,[139844705182471],3,-111,"[{'name': 'sockfd', 'type': 'int', 'value': 8}, {'name': 'addr', 'type': 'struct sockaddr*', 'value': ""{'sa_family': 'AF_UNIX','sun_path': 'userdb-6d4b7dc5e27fc75915122c41c2481d99'}""}, {'name': 'addrlen', 'type': 'int*', 'value': 42}]",0,0
3890.177736,7670,7670,7099,0,4026531840,sshd,ip-10-100-1-57,3,close,[],1,0,"[{'name': 'fd', 'type': 'int', 'value': 8}]",0,0
3890.177784,7670,7670,7099,0,4026531840,sshd,ip-10-100-1-57,1005,security_file_open,[],4,0,"[{'name': 'pathname', 'type': 'const char*', 'value': '/run/systemd/userdb'}, {'name': 'flags', 'type': 'int', 'value': 'O_RDONLY|O_NONBLOCK|O_LARGEFILE|O_DIRECTORY'}, {'name': 'dev', 'type': 'dev_t', 'value': 25}, {'name': 'inode', 'type': 'unsigned long', 'value': 46}]",0,0
3890.177873,7670,7670,7099,0,4026531840,sshd,ip-10-100-1-57,257,openat,[],4,8,"[{'name': 'dirfd', 'type': 'int', 'value': -100}, {'name': 'pathname', 'type': 'const char*', 'value': '/run/systemd/userdb/'}, {'name': 'flags', 'type': 'int', 'value': 'O_RDONLY|O_NONBLOCK|O_DIRECTORY|O_CLOEXEC'}, {'name': 'mode', 'type': 'mode_t', 'value': 569972316}]",0,0
3890.179327,7670,7670,7099,0,4026531840,sshd,ip-10-100-1-57,5,fstat,[139844705105545],2,0,"[{'name': 'fd', 'type': 'int', 'value': 8}, {'name': 'statbuf', 'type': 'struct stat*', 'value': '0x7FFF1BBB4C40'}]",0,0
3890.179424,7670,7670,7099,0,4026531840,sshd,ip-10-100-1-57,217,getdents64,[],3,96,"[{'name': 'fd', 'type': 'int', 'value': 8}, {'name': 'dirp', 'type': 'struct linux_dirent64*', 'value': '0x55D76817FD20'}, {'name': 'count', 'type': 'size_t', 'value': 32768}]",0,0
3890.179473,7670,7670,7099,0,4026531840,sshd,ip-10-100-1-57,41,socket,"[139844705184011, 7310315466561250676]",3,9,"[{'name': 'domain', 'type': 'int', 'value': 'AF_UNIX'}, {'name': 'type', 'type': 'const char*', 'value': 'SOCK_STREAM|SOCK_NONBLOCK|SOCK_CLOEXEC'}, {'name': 'protocol', 'type': 'int', 'value': 0}]",0,0
3890.179518,7670,7670,7099,0,4026531840,sshd,ip-10-100-1-57,42,connect,[],3,0,"[{'name': 'sockfd', 'type': 'int', 'value': 9}, {'name': 'addr', 'type': 'struct sockaddr*', 'value': ""{'sa_family': 'AF_UNIX','sun_path': '/run/systemd/userdb/io.systemd.DynamicUser'}""}, {'name': 'addrlen', 'type': 'int*', 'value': 45}]",0,0
3890.17976,7670,7670,7099,0,4026531840,sshd,ip-10-100-1-57,217,getdents64,[],3,0,"[{'name': 'fd', 'type': 'int', 'value': 8}, {'name': 'dirp', 'type': 'struct linux_dirent64*', 'value': '0x55D76817FD20'}, {'name': 'count', 'type': 'size_t', 'value': 32768}]",0,0
3890.179802,7670,7670,7099,0,4026531840,sshd,ip-10-100-1-57,3,close,[],1,0,"[{'name': 'fd', 'type': 'int', 'value': 8}]",0,0
3890.180952,7670,7670,7099,0,4026531840,sshd,ip-10-100-1-57,3,close,[139844705110407],1,0,"[{'name': 'fd', 'type': 'int', 'value': 9}]",0,0
3890.18137,7670,7670,7099,0,4026531840,sshd,ip-10-100-1-57,3,close,[],1,0,"[{'name': 'fd', 'type': 'int', 'value': 10}]",0,0
3890.181486,7670,7670,7099,0,4026531840,sshd,ip-10-100-1-57,1005,security_file_open,[],4,0,"[{'name': 'pathname', 'type': 'const char*', 'value': '/etc/passwd'}, {'name': 'flags', 'type': 'int', 'value': 'O_RDONLY|O_LARGEFILE'}, {'name': 'dev', 'type': 'dev_t', 'value': 211812353}, {'name': 'inode', 'type': 'unsigned long', 'value': 61241}]",0,0
3890.181812,7670,7670,7099,0,4026531840,sshd,ip-10-100-1-57,3,close,[],1,0,"[{'name': 'fd', 'type': 'int', 'value': 8}]",0,0
3890.181674,7670,7670,7099,0,4026531840,sshd,ip-10-100-1-57,257,openat,[],4,8,"[{'name': 'dirfd', 'type': 'int', 'value': -100}, {'name': 'pathname', 'type': 'const char*', 'value': '/etc/passwd'}, {'name': 'flags', 'type': 'int', 'value': 'O_RDONLY|O_CLOEXEC'}, {'name': 'mode', 'type': 'mode_t', 'value': 569972316}]",0,0
3890.18204,7670,7670,7099,0,4026531840,sshd,ip-10-100-1-57,41,socket,[],3,8,"[{'name': 'domain', 'type': 'int', 'value': 'AF_UNIX'}, {'name': 'type', 'type': 'const char*', 'value': 'SOCK_DGRAM|SOCK_CLOEXEC'}, {'name': 'protocol', 'type': 'int', 'value': 0}]",0,0
3890.181412,7670,7670,7099,0,4026531840,sshd,ip-10-100-1-57,3,close,[],1,0,"[{'name': 'fd', 'type': 'int', 'value': 11}]",0,0
3890.183226,7670,7670,7099,0,4026531840,sshd,ip-10-100-1-57,3,close,[139844705110407],1,0,"[{'name': 'fd', 'type': 'int', 'value': 8}]",0,0
3890.183133,7670,7670,7099,0,4026531840,sshd,ip-10-100-1-57,42,connect,[139844705182471],3,-111,"[{'name': 'sockfd', 'type': 'int', 'value': 8}, {'name': 'addr', 'type': 'struct sockaddr*', 'value': ""{'sa_family': 'AF_UNIX','sun_path': 'userdb-6d4b7dc5e27fc75915122c41c2481d99'}""}, {'name': 'addrlen', 'type': 'int*', 'value': 42}]",0,0
3890.181753,7670,7670,7099,0,4026531840,sshd,ip-10-100-1-57,5,fstat,[],2,0,"[{'name': 'fd', 'type': 'int', 'value': 8}, {'name': 'statbuf', 'type': 'struct stat*', 'value': '0x7FFF1BBB4D30'}]",0,0
3890.183281,7670,7670,7099,0,4026531840,sshd,ip-10-100-1-57,1005,security_file_open,[],4,0,"[{'name': 'pathname', 'type': 'const char*', 'value': '/run/systemd/userdb'}, {'name': 'flags', 'type': 'int', 'value': 'O_RDONLY|O_NONBLOCK|O_LARGEFILE|O_DIRECTORY'}, {'name': 'dev', 'type': 'dev_t', 'value': 25}, {'name': 'inode', 'type': 'unsigned long', 'value': 46}]",0,0
3890.183468,7670,7670,7099,0,4026531840,sshd,ip-10-100-1-57,257,openat,[],4,8,"[{'name': 'dirfd', 'type': 'int', 'value': -100}, {'name': 'pathname', 'type': 'const char*', 'value': '/run/systemd/userdb/'}, {'name': 'flags', 'type': 'int', 'value': 'O_RDONLY|O_NONBLOCK|O_DIRECTORY|O_CLOEXEC'}, {'name': 'mode', 'type': 'mode_t', 'value': 569972316}]",0,0
3890.183519,7670,7670,7099,0,4026531840,sshd,ip-10-100-1-57,5,fstat,[139844705105545],2,0,"[{'name': 'fd', 'type': 'int', 'value': 8}, {'name': 'statbuf', 'type': 'struct stat*', 'value': '0x7FFF1BBB4C40'}]",0,0
3890.183578,7670,7670,7099,0,4026531840,sshd,ip-10-100-1-57,217,getdents64,[],3,96,"[{'name': 'fd', 'type': 'int', 'value': 8}, {'name': 'dirp', 'type': 'struct linux_dirent64*', 'value': '0x55D76817FD20'}, {'name': 'count', 'type': 'size_t', 'value': 32768}]",0,0
3890.18363,7670,7670,7099,0,4026531840,sshd,ip-10-100-1-57,41,socket,"[139844705184011, 7310315466561250676]",3,9,"[{'name': 'domain', 'type': 'int', 'value': 'AF_UNIX'}, {'name': 'type', 'type': 'const char*', 'value': 'SOCK_STREAM|SOCK_NONBLOCK|SOCK_CLOEXEC'}, {'name': 'protocol', 'type': 'int', 'value': 0}]",0,0
3890.183781,7670,7670,7099,0,4026531840,sshd,ip-10-100-1-57,42,connect,[],3,0,"[{'name': 'sockfd', 'type': 'int', 'value': 9}, {'name': 'addr', 'type': 'struct sockaddr*', 'value': ""{'sun_path': '/run/systemd/userdb/io.systemd.DynamicUser','sa_family': 'AF_UNIX'}""}, {'name': 'addrlen', 'type': 'int*', 'value': 45}]",0,0
3890.185138,7670,7670,7099,0,4026531840,sshd,ip-10-100-1-57,217,getdents64,[],3,0,"[{'name': 'fd', 'type': 'int', 'value': 8}, {'name': 'dirp', 'type': 'struct linux_dirent64*', 'value': '0x55D76817FD20'}, {'name': 'count', 'type': 'size_t', 'value': 32768}]",0,0
3890.185328,7670,7670,7099,0,4026531840,sshd,ip-10-100-1-57,3,close,[],1,0,"[{'name': 'fd', 'type': 'int', 'value': 8}]",0,0
3890.186234,7670,7670,7099,0,4026531840,sshd,ip-10-100-1-57,3,close,[139844705110407],1,0,"[{'name': 'fd', 'type': 'int', 'value': 9}]",0,0
3890.187055,7670,7670,7099,0,4026531840,sshd,ip-10-100-1-57,3,close,[139844705110407],1,0,"[{'name': 'fd', 'type': 'int', 'value': 10}]",0,0
3890.187299,7670,7670,7099,0,4026531840,sshd,ip-10-100-1-57,41,socket,[],3,8,"[{'name': 'domain', 'type': 'int', 'value': 'AF_NETLINK'}, {'name': 'type', 'type': 'const char*', 'value': 'SOCK_RAW'}, {'name': 'protocol', 'type': 'int', 'value': 9}]",0,0
3890.187357,7670,7670,7099,0,4026531840,sshd,ip-10-100-1-57,41,socket,"[139844705184011, 139844705077743, 139844711647002]",3,9,"[{'name': 'domain', 'type': 'int', 'value': 'AF_NETLINK'}, {'name': 'type', 'type': 'const char*', 'value': 'SOCK_RAW|SOCK_CLOEXEC'}, {'name': 'protocol', 'type': 'int', 'value': 0}]",0,0
3890.18743,7670,7670,7099,0,4026531840,sshd,ip-10-100-1-57,49,bind,[],3,0,"[{'name': 'sockfd', 'type': 'int', 'value': 9}, {'name': 'addr', 'type': 'void*', 'value': ""{'sa_family': 'AF_NETLINK'}""}, {'name': 'addrlen', 'type': 'int*', 'value': 12}]",0,0
3890.187238,7670,7670,7099,0,4026531840,sshd,ip-10-100-1-57,3,close,[],1,0,"[{'name': 'fd', 'type': 'int', 'value': 11}]",0,0
3890.187618,7670,7670,7099,0,4026531840,sshd,ip-10-100-1-57,51,getsockname,[],3,0,"[{'name': 'sockfd', 'type': 'int', 'value': 9}, {'name': 'addr', 'type': 'void*', 'value': ""{'sa_family': 'AF_NETLINK'}""}, {'name': 'addrlen', 'type': 'int*', 'value': '0x7FFF1BBB24E4'}]",0,0
3890.187738,7670,7670,7099,0,4026531840,sshd,ip-10-100-1-57,3,close,"[139844705129643, 139844705077743, 139844711647002]",1,0,"[{'name': 'fd', 'type': 'int', 'value': 9}]",0,0
3890.187806,7670,7670,7099,0,4026531840,sshd,ip-10-100-1-57,1003,cap_capable,[],1,0,"[{'name': 'cap', 'type': 'int', 'value': 'CAP_AUDIT_WRITE'}]",0,0
3890.188876,7670,7670,7099,0,4026531840,sshd,ip-10-100-1-57,3,close,[139844705110407],1,0,"[{'name': 'fd', 'type': 'int', 'value': 8}]",0,0
3892.133916,7670,7670,7099,0,4026531840,sshd,ip-10-100-1-57,3,close,"[139844705110407, 94383639724536]",1,0,"[{'name': 'fd', 'type': 'int', 'value': 5}]",0,0
3892.134715,7670,7670,7099,0,4026531840,sshd,ip-10-100-1-57,1005,security_file_open,[],4,0,"[{'name': 'pathname', 'type': 'const char*', 'value': '/var/log/btmp'}, {'name': 'flags', 'type': 'int', 'value': 'O_WRONLY|O_APPEND|O_LARGEFILE'}, {'name': 'dev', 'type': 'dev_t', 'value': 211812353}, {'name': 'inode', 'type': 'unsigned long', 'value': 70285}]",0,0
3892.134824,7670,7670,7099,0,4026531840,sshd,ip-10-100-1-57,257,openat,[],4,5,"[{'name': 'dirfd', 'type': 'int', 'value': -100}, {'name': 'pathname', 'type': 'const char*', 'value': '/var/log/btmp'}, {'name': 'flags', 'type': 'int', 'value': 'O_WRONLY|O_APPEND'}, {'name': 'mode', 'type': 'mode_t', 'value': 569949867}]",0,0
3892.134881,7670,7670,7099,0,4026531840,sshd,ip-10-100-1-57,5,fstat,[],2,0,"[{'name': 'fd', 'type': 'int', 'value': 5}, {'name': 'statbuf', 'type': 'struct stat*', 'value': '0x7FFF1BBB4FC0'}]",0,0
3892.135176,7670,7670,7099,0,4026531840,sshd,ip-10-100-1-57,3,close,"[139844705110407, 5679883563634262016]",1,0,"[{'name': 'fd', 'type': 'int', 'value': 5}]",0,0
3892.135294,7670,7670,7099,0,4026531840,sshd,ip-10-100-1-57,41,socket,[],3,5,"[{'name': 'domain', 'type': 'int', 'value': 'AF_NETLINK'}, {'name': 'type', 'type': 'const char*', 'value': 'SOCK_RAW'}, {'name': 'protocol', 'type': 'int', 'value': 9}]",0,0
3892.135443,7670,7670,7099,0,4026531840,sshd,ip-10-100-1-57,1003,cap_capable,[],1,0,"[{'name': 'cap', 'type': 'int', 'value': 'CAP_AUDIT_WRITE'}]",0,0
3892.135572,7670,7670,7099,0,4026531840,sshd,ip-10-100-1-57,3,close,[],1,0,"[{'name': 'fd', 'type': 'int', 'value': 5}]",0,0
3892.285364,7671,7671,7670,109,4026531840,sshd,ip-10-100-1-57,1010,sched_process_exit,[],0,0,[],0,0
3892.285552,7670,7670,7099,0,4026531840,sshd,ip-10-100-1-57,41,socket,[],3,5,"[{'name': 'domain', 'type': 'int', 'value': 'AF_UNIX'}, {'name': 'type', 'type': 'const char*', 'value': 'SOCK_DGRAM|SOCK_CLOEXEC'}, {'name': 'protocol', 'type': 'int', 'value': 0}]",0,0
3892.285637,7670,7670,7099,0,4026531840,sshd,ip-10-100-1-57,42,connect,[139844705182471],3,0,"[{'name': 'sockfd', 'type': 'int', 'value': 5}, {'name': 'addr', 'type': 'struct sockaddr*', 'value': ""{'sa_family': 'AF_UNIX','sun_path': '/dev/log'}""}, {'name': 'addrlen', 'type': 'int*', 'value': 110}]",0,0
3892.28569,7670,7670,7099,0,4026531840,sshd,ip-10-100-1-57,3,close,[],1,0,"[{'name': 'fd', 'type': 'int', 'value': 5}]",0,0
3892.286679,7670,7670,7099,0,4026531840,sshd,ip-10-100-1-57,41,socket,[],3,5,"[{'name': 'domain', 'type': 'int', 'value': 'AF_UNIX'}, {'name': 'type', 'type': 'const char*', 'value': 'SOCK_DGRAM|SOCK_CLOEXEC'}, {'name': 'protocol', 'type': 'int', 'value': 0}]",0,0
3892.286751,7670,7670,7099,0,4026531840,sshd,ip-10-100-1-57,42,connect,[139844705182471],3,0,"[{'name': 'sockfd', 'type': 'int', 'value': 5}, {'name': 'addr', 'type': 'struct sockaddr*', 'value': ""{'sa_family': 'AF_UNIX','sun_path': '/dev/log'}""}, {'name': 'addrlen', 'type': 'int*', 'value': 110}]",0,0
3892.286797,7670,7670,7099,0,4026531840,sshd,ip-10-100-1-57,3,close,[],1,0,"[{'name': 'fd', 'type': 'int', 'value': 5}]",0,0
3892.287239,7670,7670,7099,0,4026531840,sshd,ip-10-100-1-57,3,close,[],1,0,"[{'name': 'fd', 'type': 'int', 'value': 7}]",0,0
3892.287925,7670,7670,7099,0,4026531840,sshd,ip-10-100-1-57,1003,cap_capable,[],1,0,"[{'name': 'cap', 'type': 'int', 'value': 'CAP_KILL'}]",0,0
3892.287958,7670,7670,7099,0,4026531840,sshd,ip-10-100-1-57,62,kill,[],2,0,"[{'name': 'pid', 'type': 'pid_t', 'value': 7671}, {'name': 'sig', 'type': 'u32', 'value': 9}]",0,0
3892.288437,7670,7670,7099,0,4026531840,sshd,ip-10-100-1-57,1010,sched_process_exit,[],0,0,[],0,0
3892.288552,7099,7099,1,0,4026531840,sshd,ip-10-100-1-57,3,close,[],1,0,"[{'name': 'fd', 'type': 'int', 'value': 6}]",0,0
3894.496678,7099,7099,1,0,4026531840,sshd,ip-10-100-1-57,43,accept,[],3,5,"[{'name': 'sockfd', 'type': 'int', 'value': 3}, {'name': 'addr', 'type': 'void*', 'value': ""{'sa_family': 'AF_INET','sin_port': '42628','sin_addr': '190.104.254.196'}""}, {'name': 'addrlen', 'type': 'int*', 'value': '0x7FFF352DF788'}]",0,0
3894.49746,7099,7099,1,0,4026531840,sshd,ip-10-100-1-57,56,clone,[],5,7672,"[{'name': 'flags', 'type': 'unsigned int', 'value': 'CLONE_CHILD_CLEARTID|CLONE_CHILD_SETTID'}, {'name': 'stack', 'type': 'void*', 'value': '0x0'}, {'name': 'parent_tid', 'type': 'int*', 'value': '0x0'}, {'name': 'child_tid', 'type': 'int*', 'value': '0x7F22CC7790BF'}, {'name': 'tls', 'type': 'unsigned long', 'value': 0}]",0,0
3894.497605,7099,7099,1,0,4026531840,sshd,ip-10-100-1-57,3,close,[],1,0,"[{'name': 'fd', 'type': 'int', 'value': 7}]",0,0
3894.49783,7099,7099,1,0,4026531840,sshd,ip-10-100-1-57,3,close,[],1,0,"[{'name': 'fd', 'type': 'int', 'value': 9}]",0,0
3894.497787,7099,7099,1,0,4026531840,sshd,ip-10-100-1-57,3,close,[],1,0,"[{'name': 'fd', 'type': 'int', 'value': 8}]",0,0
3894.497948,7099,7099,1,0,4026531840,sshd,ip-10-100-1-57,3,close,[],1,0,"[{'name': 'fd', 'type': 'int', 'value': 5}]",0,0
3894.498371,7672,7672,7099,0,4026531840,sshd,ip-10-100-1-57,1005,security_file_open,[],4,0,"[{'name': 'pathname', 'type': 'const char*', 'value': '/proc/7672/oom_score_adj'}, {'name': 'flags', 'type': 'int', 'value': 'O_WRONLY|O_CREAT|O_TRUNC|O_LARGEFILE'}, {'name': 'dev', 'type': 'dev_t', 'value': 5}, {'name': 'inode', 'type': 'unsigned long', 'value': 48539}]",0,0
3894.49845,7672,7672,7099,0,4026531840,sshd,ip-10-100-1-57,257,openat,[],4,10,"[{'name': 'dirfd', 'type': 'int', 'value': -100}, {'name': 'pathname', 'type': 'const char*', 'value': '/proc/self/oom_score_adj'}, {'name': 'flags', 'type': 'int', 'value': 'O_WRONLY|O_CREAT|O_TRUNC'}, {'name': 'mode', 'type': 'mode_t', 'value': 3430563499}]",0,0
3894.498502,7672,7672,7099,0,4026531840,sshd,ip-10-100-1-57,5,fstat,[],2,0,"[{'name': 'fd', 'type': 'int', 'value': 10}, {'name': 'statbuf', 'type': 'struct stat*', 'value': '0x7FFF352DEF60'}]",0,0
3894.498562,7672,7672,7099,0,4026531840,sshd,ip-10-100-1-57,3,close,[],1,0,"[{'name': 'fd', 'type': 'int', 'value': 10}]",0,0
3894.498628,7672,7672,7099,0,4026531840,sshd,ip-10-100-1-57,3,close,[],1,0,"[{'name': 'fd', 'type': 'int', 'value': 6}]",0,0
3894.498664,7672,7672,7099,0,4026531840,sshd,ip-10-100-1-57,3,close,[],1,0,"[{'name': 'fd', 'type': 'int', 'value': 3}]",0,0
3894.498697,7672,7672,7099,0,4026531840,sshd,ip-10-100-1-57,3,close,[],1,0,"[{'name': 'fd', 'type': 'int', 'value': 4}]",0,0
3894.498913,7672,7672,7099,0,4026531840,sshd,ip-10-100-1-57,33,dup2,[139787436182075],2,4,"[{'name': 'oldfd', 'type': 'int', 'value': 7}, {'name': 'newfd', 'type': 'int', 'value': 4}]",0,0
3894.499028,7672,7672,7099,0,4026531840,sshd,ip-10-100-1-57,3,close,[],1,0,"[{'name': 'fd', 'type': 'int', 'value': 9}]",0,0
3894.499059,7672,7672,7099,0,4026531840,sshd,ip-10-100-1-57,59,execve,[139787436004091],2,0,"[{'name': 'pathname', 'type': 'const char*', 'value': '/usr/sbin/sshd'}, {'name': 'argv', 'type': 'const char*const*', 'value': ['/usr/sbin/sshd', '-D', '-o', 'AuthorizedKeysCommand /usr/share/ec2-instance-connect/eic_run_authorized_keys %u %f', '-o', 'AuthorizedKeysCommandUser ec2-instance-connect', '-R']}]",0,0
3894.498738,7672,7672,7099,0,4026531840,sshd,ip-10-100-1-57,3,close,[],1,0,"[{'name': 'fd', 'type': 'int', 'value': 8}]",0,0
3894.499172,7672,7672,7099,0,4026531840,sshd,ip-10-100-1-57,1004,security_bprm_check,[],3,0,"[{'name': 'pathname', 'type': 'const char*', 'value': '/usr/sbin/sshd'}, {'name': 'dev', 'type': 'dev_t', 'value': 211812353}, {'name': 'inode', 'type': 'unsigned long', 'value': 2833}]",0,0
3894.498965,7672,7672,7099,0,4026531840,sshd,ip-10-100-1-57,3,close,[],1,0,"[{'name': 'fd', 'type': 'int', 'value': 7}]",0,0
3894.498997,7672,7672,7099,0,4026531840,sshd,ip-10-100-1-57,33,dup2,[],2,5,"[{'name': 'oldfd', 'type': 'int', 'value': 9}, {'name': 'newfd', 'type': 'int', 'value': 5}]",0,0
3894.498838,7672,7672,7099,0,4026531840,sshd,ip-10-100-1-57,33,dup2,[139787436182075],2,0,"[{'name': 'oldfd', 'type': 'int', 'value': 5}, {'name': 'newfd', 'type': 'int', 'value': 0}]",0,0
3894.498881,7672,7672,7099,0,4026531840,sshd,ip-10-100-1-57,33,dup2,[],2,1,"[{'name': 'oldfd', 'type': 'int', 'value': 0}, {'name': 'newfd', 'type': 'int', 'value': 1}]",0,0
3894.499985,7672,7672,7099,0,4026531840,sshd,ip-10-100-1-57,21,access,"[140520372039147, 140520372030523, 4748352324462752356]",2,-2,"[{'name': 'pathname', 'type': 'const char*', 'value': '/etc/ld.so.preload'}, {'name': 'mode', 'type': 'mode_t', 'value': 'R_OK'}]",0,0
3894.500049,7672,7672,7099,0,4026531840,sshd,ip-10-100-1-57,1005,security_file_open,"[140520372039512, 140520371956106]",4,0,"[{'name': 'pathname', 'type': 'const char*', 'value': '/etc/ld.so.cache'}, {'name': 'flags', 'type': 'int', 'value': 'O_RDONLY|O_LARGEFILE'}, {'name': 'dev', 'type': 'dev_t', 'value': 211812353}, {'name': 'inode', 'type': 'unsigned long', 'value': 62841}]",0,0
3894.500093,7672,7672,7099,0,4026531840,sshd,ip-10-100-1-57,257,openat,[],4,3,"[{'name': 'dirfd', 'type': 'int', 'value': -100}, {'name': 'pathname', 'type': 'const char*', 'value': '/etc/ld.so.cache'}, {'name': 'flags', 'type': 'int', 'value': 'O_RDONLY|O_CLOEXEC'}, {'name': 'mode', 'type': 'mode_t', 'value': 1927016280}]",0,0
3894.500127,7672,7672,7099,0,4026531840,sshd,ip-10-100-1-57,5,fstat,[],2,0,"[{'name': 'fd', 'type': 'int', 'value': 3}, {'name': 'statbuf', 'type': 'struct stat*', 'value': '0x7FFEB23C3120'}]",0,0
3894.500168,7672,7672,7099,0,4026531840,sshd,ip-10-100-1-57,3,close,[],1,0,"[{'name': 'fd', 'type': 'int', 'value': 3}]",0,0
3894.500232,7672,7672,7099,0,4026531840,sshd,ip-10-100-1-57,1005,security_file_open,"[140520372039512, 140520371956173]",4,0,"[{'name': 'pathname', 'type': 'const char*', 'value': '/usr/lib/x86_64-linux-gnu/libwrap.so.0.7.6'}, {'name': 'flags', 'type': 'int', 'value': 'O_RDONLY|O_LARGEFILE'}, {'name': 'dev', 'type': 'dev_t', 'value': 211812353}, {'name': 'inode', 'type': 'unsigned long', 'value': 5556}]",0,0
3894.500274,7672,7672,7099,0,4026531840,sshd,ip-10-100-1-57,257,openat,[],4,3,"[{'name': 'dirfd', 'type': 'int', 'value': -100}, {'name': 'pathname', 'type': 'const char*', 'value': '/lib/x86_64-linux-gnu/libwrap.so.0'}, {'name': 'flags', 'type': 'int', 'value': 'O_RDONLY|O_CLOEXEC'}, {'name': 'mode', 'type': 'mode_t', 'value': 1927016280}]",0,0
3894.500314,7672,7672,7099,0,4026531840,sshd,ip-10-100-1-57,5,fstat,[],2,0,"[{'name': 'fd', 'type': 'int', 'value': 3}, {'name': 'statbuf', 'type': 'struct stat*', 'value': '0x7FFEB23C3170'}]",0,0
3894.500437,7672,7672,7099,0,4026531840,sshd,ip-10-100-1-57,3,close,[],1,0,"[{'name': 'fd', 'type': 'int', 'value': 3}]",0,0
3894.500485,7672,7672,7099,0,4026531840,sshd,ip-10-100-1-57,1005,security_file_open,[],4,0,"[{'name': 'pathname', 'type': 'const char*', 'value': '/usr/lib/x86_64-linux-gnu/libaudit.so.1.0.0'}, {'name': 'flags', 'type': 'int', 'value': 'O_RDONLY|O_LARGEFILE'}, {'name': 'dev', 'type': 'dev_t', 'value': 211812353}, {'name': 'inode', 'type': 'unsigned long', 'value': 3471}]",0,0
3894.500528,7672,7672,7099,0,4026531840,sshd,ip-10-100-1-57,257,openat,[],4,3,"[{'name': 'dirfd', 'type': 'int', 'value': -100}, {'name': 'pathname', 'type': 'const char*', 'value': '/lib/x86_64-linux-gnu/libaudit.so.1'}, {'name': 'flags', 'type': 'int', 'value': 'O_RDONLY|O_CLOEXEC'}, {'name': 'mode', 'type': 'mode_t', 'value': 1927016280}]",0,0
3894.50059,7672,7672,7099,0,4026531840,sshd,ip-10-100-1-57,5,fstat,[],2,0,"[{'name': 'fd', 'type': 'int', 'value': 3}, {'name': 'statbuf', 'type': 'struct stat*', 'value': '0x7FFEB23C3150'}]",0,0
3894.500693,7672,7672,7099,0,4026531840,sshd,ip-10-100-1-57,3,close,[],1,0,"[{'name': 'fd', 'type': 'int', 'value': 3}]",0,0
3894.500761,7672,7672,7099,0,4026531840,sshd,ip-10-100-1-57,1005,security_file_open,[],4,0,"[{'name': 'pathname', 'type': 'const char*', 'value': '/usr/lib/x86_64-linux-gnu/libpam.so.0.84.2'}, {'name': 'flags', 'type': 'int', 'value': 'O_RDONLY|O_LARGEFILE'}, {'name': 'dev', 'type': 'dev_t', 'value': 211812353}, {'name': 'inode', 'type': 'unsigned long', 'value': 4523}]",0,0
3894.500806,7672,7672,7099,0,4026531840,sshd,ip-10-100-1-57,257,openat,[],4,3,"[{'name': 'dirfd', 'type': 'int', 'value': -100}, {'name': 'pathname', 'type': 'const char*', 'value': '/lib/x86_64-linux-gnu/libpam.so.0'}, {'name': 'flags', 'type': 'int', 'value': 'O_RDONLY|O_CLOEXEC'}, {'name': 'mode', 'type': 'mode_t', 'value': 1927016280}]",0,0
3894.500948,7672,7672,7099,0,4026531840,sshd,ip-10-100-1-57,3,close,[],1,0,"[{'name': 'fd', 'type': 'int', 'value': 3}]",0,0
3894.500844,7672,7672,7099,0,4026531840,sshd,ip-10-100-1-57,5,fstat,[],2,0,"[{'name': 'fd', 'type': 'int', 'value': 3}, {'name': 'statbuf', 'type': 'struct stat*', 'value': '0x7FFEB23C3130'}]",0,0
3894.500993,7672,7672,7099,0,4026531840,sshd,ip-10-100-1-57,1005,security_file_open,[],4,0,"[{'name': 'pathname', 'type': 'const char*', 'value': '/usr/lib/x86_64-linux-gnu/libselinux.so.1'}, {'name': 'flags', 'type': 'int', 'value': 'O_RDONLY|O_LARGEFILE'}, {'name': 'dev', 'type': 'dev_t', 'value': 211812353}, {'name': 'inode', 'type': 'unsigned long', 'value': 3814}]",0,0
3894.501035,7672,7672,7099,0,4026531840,sshd,ip-10-100-1-57,257,openat,[],4,3,"[{'name': 'dirfd', 'type': 'int', 'value': -100}, {'name': 'pathname', 'type': 'const char*', 'value': '/lib/x86_64-linux-gnu/libselinux.so.1'}, {'name': 'flags', 'type': 'int', 'value': 'O_RDONLY|O_CLOEXEC'}, {'name': 'mode', 'type': 'mode_t', 'value': 1927016280}]",0,0
3894.501096,7672,7672,7099,0,4026531840,sshd,ip-10-100-1-57,5,fstat,[],2,0,"[{'name': 'fd', 'type': 'int', 'value': 3}, {'name': 'statbuf', 'type': 'struct stat*', 'value': '0x7FFEB23C3110'}]",0,0
3894.501193,7672,7672,7099,0,4026531840,sshd,ip-10-100-1-57,3,close,[],1,0,"[{'name': 'fd', 'type': 'int', 'value': 3}]",0,0
3894.501273,7672,7672,7099,0,4026531840,sshd,ip-10-100-1-57,1005,security_file_open,[],4,0,"[{'name': 'pathname', 'type': 'const char*', 'value': '/usr/lib/x86_64-linux-gnu/libsystemd.so.0.28.0'}, {'name': 'flags', 'type': 'int', 'value': 'O_RDONLY|O_LARGEFILE'}, {'name': 'dev', 'type': 'dev_t', 'value': 211812353}, {'name': 'inode', 'type': 'unsigned long', 'value': 4547}]",0,0
3894.501317,7672,7672,7099,0,4026531840,sshd,ip-10-100-1-57,257,openat,[],4,3,"[{'name': 'dirfd', 'type': 'int', 'value': -100}, {'name': 'pathname', 'type': 'const char*', 'value': '/lib/x86_64-linux-gnu/libsystemd.so.0'}, {'name': 'flags', 'type': 'int', 'value': 'O_RDONLY|O_CLOEXEC'}, {'name': 'mode', 'type': 'mode_t', 'value': 1927016280}]",0,0
3894.501355,7672,7672,7099,0,4026531840,sshd,ip-10-100-1-57,5,fstat,[],2,0,"[{'name': 'fd', 'type': 'int', 'value': 3}, {'name': 'statbuf', 'type': 'struct stat*', 'value': '0x7FFEB23C30F0'}]",0,0
3894.50147,7672,7672,7099,0,4026531840,sshd,ip-10-100-1-57,3,close,[],1,0,"[{'name': 'fd', 'type': 'int', 'value': 3}]",0,0
3894.501516,7672,7672,7099,0,4026531840,sshd,ip-10-100-1-57,1005,security_file_open,[],4,0,"[{'name': 'pathname', 'type': 'const char*', 'value': '/usr/lib/x86_64-linux-gnu/libcrypto.so.1.1'}, {'name': 'flags', 'type': 'int', 'value': 'O_RDONLY|O_LARGEFILE'}, {'name': 'dev', 'type': 'dev_t', 'value': 211812353}, {'name': 'inode', 'type': 'unsigned long', 'value': 4567}]",0,0
3894.501624,7672,7672,7099,0,4026531840,sshd,ip-10-100-1-57,257,openat,[],4,3,"[{'name': 'dirfd', 'type': 'int', 'value': -100}, {'name': 'pathname', 'type': 'const char*', 'value': '/lib/x86_64-linux-gnu/libcrypto.so.1.1'}, {'name': 'flags', 'type': 'int', 'value': 'O_RDONLY|O_CLOEXEC'}, {'name': 'mode', 'type': 'mode_t', 'value': 1927016280}]",0,0
3894.50167,7672,7672,7099,0,4026531840,sshd,ip-10-100-1-57,5,fstat,[],2,0,"[{'name': 'fd', 'type': 'int', 'value': 3}, {'name': 'statbuf', 'type': 'struct stat*', 'value': '0x7FFEB23C30D0'}]",0,0
3894.50179,7672,7672,7099,0,4026531840,sshd,ip-10-100-1-57,3,close,[],1,0,"[{'name': 'fd', 'type': 'int', 'value': 3}]",0,0
3894.501842,7672,7672,7099,0,4026531840,sshd,ip-10-100-1-57,1005,security_file_open,[],4,0,"[{'name': 'pathname', 'type': 'const char*', 'value': '/usr/lib/x86_64-linux-gnu/libutil-2.31.so'}, {'name': 'flags', 'type': 'int', 'value': 'O_RDONLY|O_LARGEFILE'}, {'name': 'dev', 'type': 'dev_t', 'value': 211812353}, {'name': 'inode', 'type': 'unsigned long', 'value': 3446}]",0,0
3894.501885,7672,7672,7099,0,4026531840,sshd,ip-10-100-1-57,257,openat,[],4,3,"[{'name': 'dirfd', 'type': 'int', 'value': -100}, {'name': 'pathname', 'type': 'const char*', 'value': '/lib/x86_64-linux-gnu/libutil.so.1'}, {'name': 'flags', 'type': 'int', 'value': 'O_RDONLY|O_CLOEXEC'}, {'name': 'mode', 'type': 'mode_t', 'value': 1927016280}]",0,0
3894.501934,7672,7672,7099,0,4026531840,sshd,ip-10-100-1-57,5,fstat,[],2,0,"[{'name': 'fd', 'type': 'int', 'value': 3}, {'name': 'statbuf', 'type': 'struct stat*', 'value': '0x7FFEB23C30B0'}]",0,0
3894.502037,7672,7672,7099,0,4026531840,sshd,ip-10-100-1-57,3,close,[],1,0,"[{'name': 'fd', 'type': 'int', 'value': 3}]",0,0
3894.502083,7672,7672,7099,0,4026531840,sshd,ip-10-100-1-57,1005,security_file_open,[],4,0,"[{'name': 'pathname', 'type': 'const char*', 'value': '/usr/lib/x86_64-linux-gnu/libz.so.1.2.11'}, {'name': 'flags', 'type': 'int', 'value': 'O_RDONLY|O_LARGEFILE'}, {'name': 'dev', 'type': 'dev_t', 'value': 211812353}, {'name': 'inode', 'type': 'unsigned long', 'value': 3823}]",0,0
3894.502147,7672,7672,7099,0,4026531840,sshd,ip-10-100-1-57,257,openat,[],4,3,"[{'name': 'dirfd', 'type': 'int', 'value': -100}, {'name': 'pathname', 'type': 'const char*', 'value': '/lib/x86_64-linux-gnu/libz.so.1'}, {'name': 'flags', 'type': 'int', 'value': 'O_RDONLY|O_CLOEXEC'}, {'name': 'mode', 'type': 'mode_t', 'value': 1927016280}]",0,0
3894.502186,7672,7672,7099,0,4026531840,sshd,ip-10-100-1-57,5,fstat,[],2,0,"[{'name': 'fd', 'type': 'int', 'value': 3}, {'name': 'statbuf', 'type': 'struct stat*', 'value': '0x7FFEB23C3090'}]",0,0
3894.502269,7672,7672,7099,0,4026531840,sshd,ip-10-100-1-57,3,close,[],1,0,"[{'name': 'fd', 'type': 'int', 'value': 3}]",0,0
3894.502336,7672,7672,7099,0,4026531840,sshd,ip-10-100-1-57,1005,security_file_open,[],4,0,"[{'name': 'pathname', 'type': 'const char*', 'value': '/usr/lib/x86_64-linux-gnu/libcrypt.so.1.1.0'}, {'name': 'flags', 'type': 'int', 'value': 'O_RDONLY|O_LARGEFILE'}, {'name': 'dev', 'type': 'dev_t', 'value': 211812353}, {'name': 'inode', 'type': 'unsigned long', 'value': 3453}]",0,0
3894.502379,7672,7672,7099,0,4026531840,sshd,ip-10-100-1-57,257,openat,[],4,3,"[{'name': 'dirfd', 'type': 'int', 'value': -100}, {'name': 'pathname', 'type': 'const char*', 'value': '/lib/x86_64-linux-gnu/libcrypt.so.1'}, {'name': 'flags', 'type': 'int', 'value': 'O_RDONLY|O_CLOEXEC'}, {'name': 'mode', 'type': 'mode_t', 'value': 1927016280}]",0,0
3894.502417,7672,7672,7099,0,4026531840,sshd,ip-10-100-1-57,5,fstat,[],2,0,"[{'name': 'fd', 'type': 'int', 'value': 3}, {'name': 'statbuf', 'type': 'struct stat*', 'value': '0x7FFEB23C3070'}]",0,0
3894.502529,7672,7672,7099,0,4026531840,sshd,ip-10-100-1-57,3,close,[],1,0,"[{'name': 'fd', 'type': 'int', 'value': 3}]",0,0
3894.502576,7672,7672,7099,0,4026531840,sshd,ip-10-100-1-57,1005,security_file_open,[],4,0,"[{'name': 'pathname', 'type': 'const char*', 'value': '/usr/lib/x86_64-linux-gnu/libgssapi_krb5.so.2.2'}, {'name': 'flags', 'type': 'int', 'value': 'O_RDONLY|O_LARGEFILE'}, {'name': 'dev', 'type': 'dev_t', 'value': 211812353}, {'name': 'inode', 'type': 'unsigned long', 'value': 5207}]",0,0
3894.502619,7672,7672,7099,0,4026531840,sshd,ip-10-100-1-57,257,openat,[],4,3,"[{'name': 'dirfd', 'type': 'int', 'value': -100}, {'name': 'pathname', 'type': 'const char*', 'value': '/lib/x86_64-linux-gnu/libgssapi_krb5.so.2'}, {'name': 'flags', 'type': 'int', 'value': 'O_RDONLY|O_CLOEXEC'}, {'name': 'mode', 'type': 'mode_t', 'value': 1927016280}]",0,0
3894.502679,7672,7672,7099,0,4026531840,sshd,ip-10-100-1-57,5,fstat,[],2,0,"[{'name': 'fd', 'type': 'int', 'value': 3}, {'name': 'statbuf', 'type': 'struct stat*', 'value': '0x7FFEB23C3050'}]",0,0
3894.502758,7672,7672,7099,0,4026531840,sshd,ip-10-100-1-57,3,close,[],1,0,"[{'name': 'fd', 'type': 'int', 'value': 3}]",0,0
3894.502814,7672,7672,7099,0,4026531840,sshd,ip-10-100-1-57,1005,security_file_open,[],4,0,"[{'name': 'pathname', 'type': 'const char*', 'value': '/usr/lib/x86_64-linux-gnu/libkrb5.so.3.3'}, {'name': 'flags', 'type': 'int', 'value': 'O_RDONLY|O_LARGEFILE'}, {'name': 'dev', 'type': 'dev_t', 'value': 211812353}, {'name': 'inode', 'type': 'unsigned long', 'value': 5205}]",0,0
3894.502868,7672,7672,7099,0,4026531840,sshd,ip-10-100-1-57,257,openat,[],4,3,"[{'name': 'dirfd', 'type': 'int', 'value': -100}, {'name': 'pathname', 'type': 'const char*', 'value': '/lib/x86_64-linux-gnu/libkrb5.so.3'}, {'name': 'flags', 'type': 'int', 'value': 'O_RDONLY|O_CLOEXEC'}, {'name': 'mode', 'type': 'mode_t', 'value': 1927016280}]",0,0
3894.502907,7672,7672,7099,0,4026531840,sshd,ip-10-100-1-57,5,fstat,[],2,0,"[{'name': 'fd', 'type': 'int', 'value': 3}, {'name': 'statbuf', 'type': 'struct stat*', 'value': '0x7FFEB23C3030'}]",0,0
3894.502993,7672,7672,7099,0,4026531840,sshd,ip-10-100-1-57,3,close,[],1,0,"[{'name': 'fd', 'type': 'int', 'value': 3}]",0,0
3894.503062,7672,7672,7099,0,4026531840,sshd,ip-10-100-1-57,1005,security_file_open,[],4,0,"[{'name': 'pathname', 'type': 'const char*', 'value': '/usr/lib/x86_64-linux-gnu/libcom_err.so.2.1'}, {'name': 'flags', 'type': 'int', 'value': 'O_RDONLY|O_LARGEFILE'}, {'name': 'dev', 'type': 'dev_t', 'value': 211812353}, {'name': 'inode', 'type': 'unsigned long', 'value': 3451}]",0,0
3894.503105,7672,7672,7099,0,4026531840,sshd,ip-10-100-1-57,257,openat,[],4,3,"[{'name': 'dirfd', 'type': 'int', 'value': -100}, {'name': 'pathname', 'type': 'const char*', 'value': '/lib/x86_64-linux-gnu/libcom_err.so.2'}, {'name': 'flags', 'type': 'int', 'value': 'O_RDONLY|O_CLOEXEC'}, {'name': 'mode', 'type': 'mode_t', 'value': 1927016280}]",0,0
3894.503143,7672,7672,7099,0,4026531840,sshd,ip-10-100-1-57,5,fstat,[],2,0,"[{'name': 'fd', 'type': 'int', 'value': 3}, {'name': 'statbuf', 'type': 'struct stat*', 'value': '0x7FFEB23C3010'}]",0,0
3894.510419,7672,7672,7099,0,4026531840,sshd,ip-10-100-1-57,3,close,[],1,0,"[{'name': 'fd', 'type': 'int', 'value': 3}]",0,0
3894.511133,7672,7672,7099,0,4026531840,sshd,ip-10-100-1-57,1005,security_file_open,"[140520372039512, 140520371956173]",4,0,"[{'name': 'pathname', 'type': 'const char*', 'value': '/usr/lib/x86_64-linux-gnu/libc-2.31.so'}, {'name': 'flags', 'type': 'int', 'value': 'O_RDONLY|O_LARGEFILE'}, {'name': 'dev', 'type': 'dev_t', 'value': 211812353}, {'name': 'inode', 'type': 'unsigned long', 'value': 3429}]",0,0
3894.511266,7672,7672,7099,0,4026531840,sshd,ip-10-100-1-57,257,openat,[],4,3,"[{'name': 'dirfd', 'type': 'int', 'value': -100}, {'name': 'pathname', 'type': 'const char*', 'value': '/lib/x86_64-linux-gnu/libc.so.6'}, {'name': 'flags', 'type': 'int', 'value': 'O_RDONLY|O_CLOEXEC'}, {'name': 'mode', 'type': 'mode_t', 'value': 1927016280}]",0,0
3894.51133,7672,7672,7099,0,4026531840,sshd,ip-10-100-1-57,5,fstat,[],2,0,"[{'name': 'fd', 'type': 'int', 'value': 3}, {'name': 'statbuf', 'type': 'struct stat*', 'value': '0x7FFEB23C2FF0'}]",0,0
3894.511492,7672,7672,7099,0,4026531840,sshd,ip-10-100-1-57,3,close,[],1,0,"[{'name': 'fd', 'type': 'int', 'value': 3}]",0,0
3894.511675,7672,7672,7099,0,4026531840,sshd,ip-10-100-1-57,1005,security_file_open,[],4,0,"[{'name': 'pathname', 'type': 'const char*', 'value': '/usr/lib/x86_64-linux-gnu/libnsl-2.31.so'}, {'name': 'flags', 'type': 'int', 'value': 'O_RDONLY|O_LARGEFILE'}, {'name': 'dev', 'type': 'dev_t', 'value': 211812353}, {'name': 'inode', 'type': 'unsigned long', 'value': 3434}]",0,0
3894.511774,7672,7672,7099,0,4026531840,sshd,ip-10-100-1-57,257,openat,[],4,3,"[{'name': 'dirfd', 'type': 'int', 'value': -100}, {'name': 'pathname', 'type': 'const char*', 'value': '/lib/x86_64-linux-gnu/libnsl.so.1'}, {'name': 'flags', 'type': 'int', 'value': 'O_RDONLY|O_CLOEXEC'}, {'name': 'mode', 'type': 'mode_t', 'value': 1927016280}]",0,0
3894.511829,7672,7672,7099,0,4026531840,sshd,ip-10-100-1-57,5,fstat,[],2,0,"[{'name': 'fd', 'type': 'int', 'value': 3}, {'name': 'statbuf', 'type': 'struct stat*', 'value': '0x7FFEB23C2FD0'}]",0,0
3894.512074,7672,7672,7099,0,4026531840,sshd,ip-10-100-1-57,3,close,[],1,0,"[{'name': 'fd', 'type': 'int', 'value': 3}]",0,0
3894.513297,7672,7672,7099,0,4026531840,sshd,ip-10-100-1-57,1005,security_file_open,"[140520372039512, 140520371956173]",4,0,"[{'name': 'pathname', 'type': 'const char*', 'value': '/usr/lib/x86_64-linux-gnu/libcap-ng.so.0.0.0'}, {'name': 'flags', 'type': 'int', 'value': 'O_RDONLY|O_LARGEFILE'}, {'name': 'dev', 'type': 'dev_t', 'value': 211812353}, {'name': 'inode', 'type': 'unsigned long', 'value': 3449}]",0,0
3894.513401,7672,7672,7099,0,4026531840,sshd,ip-10-100-1-57,257,openat,[],4,3,"[{'name': 'dirfd', 'type': 'int', 'value': -100}, {'name': 'pathname', 'type': 'const char*', 'value': '/lib/x86_64-linux-gnu/libcap-ng.so.0'}, {'name': 'flags', 'type': 'int', 'value': 'O_RDONLY|O_CLOEXEC'}, {'name': 'mode', 'type': 'mode_t', 'value': 1927016280}]",0,0
3894.513666,7672,7672,7099,0,4026531840,sshd,ip-10-100-1-57,5,fstat,[],2,0,"[{'name': 'fd', 'type': 'int', 'value': 3}, {'name': 'statbuf', 'type': 'struct stat*', 'value': '0x7FFEB23C2FB0'}]",0,0
3894.514826,7672,7672,7099,0,4026531840,sshd,ip-10-100-1-57,3,close,[],1,0,"[{'name': 'fd', 'type': 'int', 'value': 3}]",0,0
3894.514936,7672,7672,7099,0,4026531840,sshd,ip-10-100-1-57,1005,security_file_open,"[140520372039512, 140520371956173]",4,0,"[{'name': 'pathname', 'type': 'const char*', 'value': '/usr/lib/x86_64-linux-gnu/libdl-2.31.so'}, {'name': 'flags', 'type': 'int', 'value': 'O_RDONLY|O_LARGEFILE'}, {'name': 'dev', 'type': 'dev_t', 'value': 211812353}, {'name': 'inode', 'type': 'unsigned long', 'value': 3430}]",0,0
3894.515008,7672,7672,7099,0,4026531840,sshd,ip-10-100-1-57,257,openat,[],4,3,"[{'name': 'dirfd', 'type': 'int', 'value': -100}, {'name': 'pathname', 'type': 'const char*', 'value': '/lib/x86_64-linux-gnu/libdl.so.2'}, {'name': 'flags', 'type': 'int', 'value': 'O_RDONLY|O_CLOEXEC'}, {'name': 'mode', 'type': 'mode_t', 'value': 1927016280}]",0,0
3894.515059,7672,7672,7099,0,4026531840,sshd,ip-10-100-1-57,5,fstat,[],2,0,"[{'name': 'fd', 'type': 'int', 'value': 3}, {'name': 'statbuf', 'type': 'struct stat*', 'value': '0x7FFEB23C2F90'}]",0,0
3894.515161,7672,7672,7099,0,4026531840,sshd,ip-10-100-1-57,3,close,[],1,0,"[{'name': 'fd', 'type': 'int', 'value': 3}]",0,0
3894.515214,7672,7672,7099,0,4026531840,sshd,ip-10-100-1-57,1005,security_file_open,[],4,0,"[{'name': 'pathname', 'type': 'const char*', 'value': '/usr/lib/x86_64-linux-gnu/libpcre2-8.so.0.9.0'}, {'name': 'flags', 'type': 'int', 'value': 'O_RDONLY|O_LARGEFILE'}, {'name': 'dev', 'type': 'dev_t', 'value': 211812353}, {'name': 'inode', 'type': 'unsigned long', 'value': 3806}]",0,0
3894.515278,7672,7672,7099,0,4026531840,sshd,ip-10-100-1-57,257,openat,[],4,3,"[{'name': 'dirfd', 'type': 'int', 'value': -100}, {'name': 'pathname', 'type': 'const char*', 'value': '/lib/x86_64-linux-gnu/libpcre2-8.so.0'}, {'name': 'flags', 'type': 'int', 'value': 'O_RDONLY|O_CLOEXEC'}, {'name': 'mode', 'type': 'mode_t', 'value': 1927016280}]",0,0
3894.515318,7672,7672,7099,0,4026531840,sshd,ip-10-100-1-57,5,fstat,[],2,0,"[{'name': 'fd', 'type': 'int', 'value': 3}, {'name': 'statbuf', 'type': 'struct stat*', 'value': '0x7FFEB23C2F70'}]",0,0
3894.515509,7672,7672,7099,0,4026531840,sshd,ip-10-100-1-57,3,close,[],1,0,"[{'name': 'fd', 'type': 'int', 'value': 3}]",0,0
3894.51654,7672,7672,7099,0,4026531840,sshd,ip-10-100-1-57,1005,security_file_open,"[140520372039512, 140520371956173]",4,0,"[{'name': 'pathname', 'type': 'const char*', 'value': '/usr/lib/x86_64-linux-gnu/librt-2.31.so'}, {'name': 'flags', 'type': 'int', 'value': 'O_RDONLY|O_LARGEFILE'}, {'name': 'dev', 'type': 'dev_t', 'value': 211812353}, {'name': 'inode', 'type': 'unsigned long', 'value': 3444}]",0,0
3894.516641,7672,7672,7099,0,4026531840,sshd,ip-10-100-1-57,257,openat,[],4,3,"[{'name': 'dirfd', 'type': 'int', 'value': -100}, {'name': 'pathname', 'type': 'const char*', 'value': '/lib/x86_64-linux-gnu/librt.so.1'}, {'name': 'flags', 'type': 'int', 'value': 'O_RDONLY|O_CLOEXEC'}, {'name': 'mode', 'type': 'mode_t', 'value': 1927016280}]",0,0
3894.51669,7672,7672,7099,0,4026531840,sshd,ip-10-100-1-57,5,fstat,[],2,0,"[{'name': 'fd', 'type': 'int', 'value': 3}, {'name': 'statbuf', 'type': 'struct stat*', 'value': '0x7FFEB23C2F30'}]",0,0
3894.516906,7672,7672,7099,0,4026531840,sshd,ip-10-100-1-57,3,close,[],1,0,"[{'name': 'fd', 'type': 'int', 'value': 3}]",0,0
3894.517007,7672,7672,7099,0,4026531840,sshd,ip-10-100-1-57,1005,security_file_open,[],4,0,"[{'name': 'pathname', 'type': 'const char*', 'value': '/usr/lib/x86_64-linux-gnu/liblzma.so.5.2.4'}, {'name': 'flags', 'type': 'int', 'value': 'O_RDONLY|O_LARGEFILE'}, {'name': 'dev', 'type': 'dev_t', 'value': 211812353}, {'name': 'inode', 'type': 'unsigned long', 'value': 3738}]",0,0
3894.517184,7672,7672,7099,0,4026531840,sshd,ip-10-100-1-57,257,openat,[],4,3,"[{'name': 'dirfd', 'type': 'int', 'value': -100}, {'name': 'pathname', 'type': 'const char*', 'value': '/lib/x86_64-linux-gnu/liblzma.so.5'}, {'name': 'flags', 'type': 'int', 'value': 'O_RDONLY|O_CLOEXEC'}, {'name': 'mode', 'type': 'mode_t', 'value': 1927016280}]",0,0
3894.517243,7672,7672,7099,0,4026531840,sshd,ip-10-100-1-57,5,fstat,[],2,0,"[{'name': 'fd', 'type': 'int', 'value': 3}, {'name': 'statbuf', 'type': 'struct stat*', 'value': '0x7FFEB23C2F10'}]",0,0
3894.517591,7672,7672,7099,0,4026531840,sshd,ip-10-100-1-57,1005,security_file_open,[],4,0,"[{'name': 'pathname', 'type': 'const char*', 'value': '/usr/lib/x86_64-linux-gnu/liblz4.so.1.9.2'}, {'name': 'flags', 'type': 'int', 'value': 'O_RDONLY|O_LARGEFILE'}, {'name': 'dev', 'type': 'dev_t', 'value': 211812353}, {'name': 'inode', 'type': 'unsigned long', 'value': 3743}]",0,0
3894.517374,7672,7672,7099,0,4026531840,sshd,ip-10-100-1-57,3,close,[],1,0,"[{'name': 'fd', 'type': 'int', 'value': 3}]",0,0
3894.517666,7672,7672,7099,0,4026531840,sshd,ip-10-100-1-57,257,openat,[],4,3,"[{'name': 'dirfd', 'type': 'int', 'value': -100}, {'name': 'pathname', 'type': 'const char*', 'value': '/lib/x86_64-linux-gnu/liblz4.so.1'}, {'name': 'flags', 'type': 'int', 'value': 'O_RDONLY|O_CLOEXEC'}, {'name': 'mode', 'type': 'mode_t', 'value': 1927016280}]",0,0
3894.51773,7672,7672,7099,0,4026531840,sshd,ip-10-100-1-57,5,fstat,[],2,0,"[{'name': 'fd', 'type': 'int', 'value': 3}, {'name': 'statbuf', 'type': 'struct stat*', 'value': '0x7FFEB23C2EF0'}]",0,0
3894.517914,7672,7672,7099,0,4026531840,sshd,ip-10-100-1-57,3,close,[],1,0,"[{'name': 'fd', 'type': 'int', 'value': 3}]",0,0
3894.518081,7672,7672,7099,0,4026531840,sshd,ip-10-100-1-57,1005,security_file_open,[],4,0,"[{'name': 'pathname', 'type': 'const char*', 'value': '/usr/lib/x86_64-linux-gnu/libgcrypt.so.20.2.5'}, {'name': 'flags', 'type': 'int', 'value': 'O_RDONLY|O_LARGEFILE'}, {'name': 'dev', 'type': 'dev_t', 'value': 211812353}, {'name': 'inode', 'type': 'unsigned long', 'value': 3462}]",0,0
3894.518133,7672,7672,7099,0,4026531840,sshd,ip-10-100-1-57,257,openat,[],4,3,"[{'name': 'dirfd', 'type': 'int', 'value': -100}, {'name': 'pathname', 'type': 'const char*', 'value': '/lib/x86_64-linux-gnu/libgcrypt.so.20'}, {'name': 'flags', 'type': 'int', 'value': 'O_RDONLY|O_CLOEXEC'}, {'name': 'mode', 'type': 'mode_t', 'value': 1927016280}]",0,0
3894.518309,7672,7672,7099,0,4026531840,sshd,ip-10-100-1-57,5,fstat,[],2,0,"[{'name': 'fd', 'type': 'int', 'value': 3}, {'name': 'statbuf', 'type': 'struct stat*', 'value': '0x7FFEB23C2ED0'}]",0,0
3894.518429,7672,7672,7099,0,4026531840,sshd,ip-10-100-1-57,3,close,[],1,0,"[{'name': 'fd', 'type': 'int', 'value': 3}]",0,0
3894.518614,7672,7672,7099,0,4026531840,sshd,ip-10-100-1-57,1005,security_file_open,[],4,0,"[{'name': 'pathname', 'type': 'const char*', 'value': '/usr/lib/x86_64-linux-gnu/libpthread-2.31.so'}, {'name': 'flags', 'type': 'int', 'value': 'O_RDONLY|O_LARGEFILE'}, {'name': 'dev', 'type': 'dev_t', 'value': 211812353}, {'name': 'inode', 'type': 'unsigned long', 'value': 3442}]",0,0
3894.5187,7672,7672,7099,0,4026531840,sshd,ip-10-100-1-57,257,openat,[],4,3,"[{'name': 'dirfd', 'type': 'int', 'value': -100}, {'name': 'pathname', 'type': 'const char*', 'value': '/lib/x86_64-linux-gnu/libpthread.so.0'}, {'name': 'flags', 'type': 'int', 'value': 'O_RDONLY|O_CLOEXEC'}, {'name': 'mode', 'type': 'mode_t', 'value': 1927016280}]",0,0
3894.518819,7672,7672,7099,0,4026531840,sshd,ip-10-100-1-57,5,fstat,[],2,0,"[{'name': 'fd', 'type': 'int', 'value': 3}, {'name': 'statbuf', 'type': 'struct stat*', 'value': '0x7FFEB23C2EB0'}]",0,0
3894.518954,7672,7672,7099,0,4026531840,sshd,ip-10-100-1-57,3,close,[],1,0,"[{'name': 'fd', 'type': 'int', 'value': 3}]",0,0
3894.519158,7672,7672,7099,0,4026531840,sshd,ip-10-100-1-57,1005,security_file_open,[],4,0,"[{'name': 'pathname', 'type': 'const char*', 'value': '/usr/lib/x86_64-linux-gnu/libk5crypto.so.3.1'}, {'name': 'flags', 'type': 'int', 'value': 'O_RDONLY|O_LARGEFILE'}, {'name': 'dev', 'type': 'dev_t', 'value': 211812353}, {'name': 'inode', 'type': 'unsigned long', 'value': 5201}]",0,0
3894.519375,7672,7672,7099,0,4026531840,sshd,ip-10-100-1-57,257,openat,[],4,3,"[{'name': 'dirfd', 'type': 'int', 'value': -100}, {'name': 'pathname', 'type': 'const char*', 'value': '/lib/x86_64-linux-gnu/libk5crypto.so.3'}, {'name': 'flags', 'type': 'int', 'value': 'O_RDONLY|O_CLOEXEC'}, {'name': 'mode', 'type': 'mode_t', 'value': 1927016280}]",0,0
3894.521309,7672,7672,7099,0,4026531840,sshd,ip-10-100-1-57,5,fstat,[],2,0,"[{'name': 'fd', 'type': 'int', 'value': 3}, {'name': 'statbuf', 'type': 'struct stat*', 'value': '0x7FFEB23C2E90'}]",0,0
3894.521447,7672,7672,7099,0,4026531840,sshd,ip-10-100-1-57,3,close,[],1,0,"[{'name': 'fd', 'type': 'int', 'value': 3}]",0,0
3894.521504,7672,7672,7099,0,4026531840,sshd,ip-10-100-1-57,1005,security_file_open,"[140520372039512, 140520371956173]",4,0,"[{'name': 'pathname', 'type': 'const char*', 'value': '/usr/lib/x86_64-linux-gnu/libkrb5support.so.0.1'}, {'name': 'flags', 'type': 'int', 'value': 'O_RDONLY|O_LARGEFILE'}, {'name': 'dev', 'type': 'dev_t', 'value': 211812353}, {'name': 'inode', 'type': 'unsigned long', 'value': 5198}]",0,0
3894.521669,7672,7672,7099,0,4026531840,sshd,ip-10-100-1-57,257,openat,[],4,3,"[{'name': 'dirfd', 'type': 'int', 'value': -100}, {'name': 'pathname', 'type': 'const char*', 'value': '/lib/x86_64-linux-gnu/libkrb5support.so.0'}, {'name': 'flags', 'type': 'int', 'value': 'O_RDONLY|O_CLOEXEC'}, {'name': 'mode', 'type': 'mode_t', 'value': 1927016280}]",0,0
3894.521742,7672,7672,7099,0,4026531840,sshd,ip-10-100-1-57,5,fstat,[],2,0,"[{'name': 'fd', 'type': 'int', 'value': 3}, {'name': 'statbuf', 'type': 'struct stat*', 'value': '0x7FFEB23C2E70'}]",0,0
3894.522042,7672,7672,7099,0,4026531840,sshd,ip-10-100-1-57,1005,security_file_open,[],4,0,"[{'name': 'pathname', 'type': 'const char*', 'value': '/usr/lib/x86_64-linux-gnu/libkeyutils.so.1.8'}, {'name': 'flags', 'type': 'int', 'value': 'O_RDONLY|O_LARGEFILE'}, {'name': 'dev', 'type': 'dev_t', 'value': 211812353}, {'name': 'inode', 'type': 'unsigned long', 'value': 5203}]",0,0
3894.521828,7672,7672,7099,0,4026531840,sshd,ip-10-100-1-57,3,close,[],1,0,"[{'name': 'fd', 'type': 'int', 'value': 3}]",0,0
3894.523172,7672,7672,7099,0,4026531840,sshd,ip-10-100-1-57,257,openat,"[140520372039512, 140520371956173]",4,3,"[{'name': 'dirfd', 'type': 'int', 'value': -100}, {'name': 'pathname', 'type': 'const char*', 'value': '/lib/x86_64-linux-gnu/libkeyutils.so.1'}, {'name': 'flags', 'type': 'int', 'value': 'O_RDONLY|O_CLOEXEC'}, {'name': 'mode', 'type': 'mode_t', 'value': 1927016280}]",0,0
3894.52326,7672,7672,7099,0,4026531840,sshd,ip-10-100-1-57,5,fstat,[],2,0,"[{'name': 'fd', 'type': 'int', 'value': 3}, {'name': 'statbuf', 'type': 'struct stat*', 'value': '0x7FFEB23C2E50'}]",0,0
3894.523375,7672,7672,7099,0,4026531840,sshd,ip-10-100-1-57,3,close,[],1,0,"[{'name': 'fd', 'type': 'int', 'value': 3}]",0,0
3894.523626,7672,7672,7099,0,4026531840,sshd,ip-10-100-1-57,1005,security_file_open,[],4,0,"[{'name': 'pathname', 'type': 'const char*', 'value': '/usr/lib/x86_64-linux-gnu/libresolv-2.31.so'}, {'name': 'flags', 'type': 'int', 'value': 'O_RDONLY|O_LARGEFILE'}, {'name': 'dev', 'type': 'dev_t', 'value': 211812353}, {'name': 'inode', 'type': 'unsigned long', 'value': 3443}]",0,0
3894.523679,7672,7672,7099,0,4026531840,sshd,ip-10-100-1-57,257,openat,[],4,3,"[{'name': 'dirfd', 'type': 'int', 'value': -100}, {'name': 'pathname', 'type': 'const char*', 'value': '/lib/x86_64-linux-gnu/libresolv.so.2'}, {'name': 'flags', 'type': 'int', 'value': 'O_RDONLY|O_CLOEXEC'}, {'name': 'mode', 'type': 'mode_t', 'value': 1927016280}]",0,0
3894.523735,7672,7672,7099,0,4026531840,sshd,ip-10-100-1-57,5,fstat,[],2,0,"[{'name': 'fd', 'type': 'int', 'value': 3}, {'name': 'statbuf', 'type': 'struct stat*', 'value': '0x7FFEB23C2E30'}]",0,0
3894.524026,7672,7672,7099,0,4026531840,sshd,ip-10-100-1-57,3,close,[],1,0,"[{'name': 'fd', 'type': 'int', 'value': 3}]",0,0
3894.524232,7672,7672,7099,0,4026531840,sshd,ip-10-100-1-57,1005,security_file_open,[],4,0,"[{'name': 'pathname', 'type': 'const char*', 'value': '/usr/lib/x86_64-linux-gnu/libgpg-error.so.0.28.0'}, {'name': 'flags', 'type': 'int', 'value': 'O_RDONLY|O_LARGEFILE'}, {'name': 'dev', 'type': 'dev_t', 'value': 211812353}, {'name': 'inode', 'type': 'unsigned long', 'value': 3740}]",0,0
3894.524317,7672,7672,7099,0,4026531840,sshd,ip-10-100-1-57,257,openat,[],4,3,"[{'name': 'dirfd', 'type': 'int', 'value': -100}, {'name': 'pathname', 'type': 'const char*', 'value': '/lib/x86_64-linux-gnu/libgpg-error.so.0'}, {'name': 'flags', 'type': 'int', 'value': 'O_RDONLY|O_CLOEXEC'}, {'name': 'mode', 'type': 'mode_t', 'value': 1927016280}]",0,0
3894.524492,7672,7672,7099,0,4026531840,sshd,ip-10-100-1-57,5,fstat,[],2,0,"[{'name': 'fd', 'type': 'int', 'value': 3}, {'name': 'statbuf', 'type': 'struct stat*', 'value': '0x7FFEB23C2E10'}]",0,0
3894.524588,7672,7672,7099,0,4026531840,sshd,ip-10-100-1-57,3,close,[],1,0,"[{'name': 'fd', 'type': 'int', 'value': 3}]",0,0
3894.52741,7672,7672,7099,0,4026531840,sshd,ip-10-100-1-57,1005,security_file_open,[],4,0,"[{'name': 'pathname', 'type': 'const char*', 'value': '/proc/filesystems'}, {'name': 'flags', 'type': 'int', 'value': 'O_RDONLY|O_LARGEFILE'}, {'name': 'dev', 'type': 'dev_t', 'value': 5}, {'name': 'inode', 'type': 'unsigned long', 'value': 4026532130}]",0,0
3894.529491,7672,7672,7099,0,4026531840,sshd,ip-10-100-1-57,257,openat,[],4,3,"[{'name': 'dirfd', 'type': 'int', 'value': -100}, {'name': 'pathname', 'type': 'const char*', 'value': '/proc/filesystems'}, {'name': 'flags', 'type': 'int', 'value': 'O_RDONLY|O_CLOEXEC'}, {'name': 'mode', 'type': 'mode_t', 'value': 1920118443}]",0,0
3894.529659,7672,7672,7099,0,4026531840,sshd,ip-10-100-1-57,5,fstat,[],2,0,"[{'name': 'fd', 'type': 'int', 'value': 3}, {'name': 'statbuf', 'type': 'struct stat*', 'value': '0x7FFEB23C3D30'}]",0,0
3894.529767,7672,7672,7099,0,4026531840,sshd,ip-10-100-1-57,3,close,[140520365163691],1,0,"[{'name': 'fd', 'type': 'int', 'value': 3}]",0,0
3894.529969,7672,7672,7099,0,4026531840,sshd,ip-10-100-1-57,21,access,[140520365142699],2,-2,"[{'name': 'pathname', 'type': 'const char*', 'value': '/etc/selinux/config'}, {'name': 'mode', 'type': 'mode_t', 'value': 'F_OK'}]",0,0
3894.530054,7672,7672,7099,0,4026531840,sshd,ip-10-100-1-57,1003,cap_capable,[],1,0,"[{'name': 'cap', 'type': 'int', 'value': 'CAP_SETGID'}]",0,0
3894.530217,7672,7672,7099,0,4026531840,sshd,ip-10-100-1-57,1005,security_file_open,[],4,0,"[{'name': 'pathname', 'type': 'const char*', 'value': '/dev/null'}, {'name': 'flags', 'type': 'int', 'value': 'O_RDWR|O_LARGEFILE'}, {'name': 'dev', 'type': 'dev_t', 'value': 6}, {'name': 'inode', 'type': 'unsigned long', 'value': 6}]",0,0
3894.530408,7672,7672,7099,0,4026531840,sshd,ip-10-100-1-57,257,openat,[],4,3,"[{'name': 'dirfd', 'type': 'int', 'value': -100}, {'name': 'pathname', 'type': 'const char*', 'value': '/dev/null'}, {'name': 'flags', 'type': 'int', 'value': 'O_RDWR'}, {'name': 'mode', 'type': 'mode_t', 'value': 1920118443}]",0,0
3894.530453,7672,7672,7099,0,4026531840,sshd,ip-10-100-1-57,3,close,[],1,0,"[{'name': 'fd', 'type': 'int', 'value': 3}]",0,0
3894.532748,7672,7672,7099,0,4026531840,sshd,ip-10-100-1-57,1005,security_file_open,[],4,0,"[{'name': 'pathname', 'type': 'const char*', 'value': '/etc/ssl/openssl.cnf'}, {'name': 'flags', 'type': 'int', 'value': 'O_RDONLY|O_LARGEFILE'}, {'name': 'dev', 'type': 'dev_t', 'value': 211812353}, {'name': 'inode', 'type': 'unsigned long', 'value': 1152}]",0,0
3894.53418,7672,7672,7099,0,4026531840,sshd,ip-10-100-1-57,257,openat,[],4,3,"[{'name': 'dirfd', 'type': 'int', 'value': -100}, {'name': 'pathname', 'type': 'const char*', 'value': '/usr/lib/ssl/openssl.cnf'}, {'name': 'flags', 'type': 'int', 'value': 'O_RDONLY'}, {'name': 'mode', 'type': 'mode_t', 'value': 1920118443}]",0,0
3894.534304,7672,7672,7099,0,4026531840,sshd,ip-10-100-1-57,5,fstat,[],2,0,"[{'name': 'fd', 'type': 'int', 'value': 3}, {'name': 'statbuf', 'type': 'struct stat*', 'value': '0x7FFEB23C3140'}]",0,0
3894.535346,7672,7672,7099,0,4026531840,sshd,ip-10-100-1-57,3,close,[140520365163691],1,0,"[{'name': 'fd', 'type': 'int', 'value': 3}]",0,0
3894.536213,7672,7672,7099,0,4026531840,sshd,ip-10-100-1-57,1005,security_file_open,[140520365164124],4,0,"[{'name': 'pathname', 'type': 'const char*', 'value': '/proc/7672/fd'}, {'name': 'flags', 'type': 'int', 'value': 'O_RDONLY|O_NONBLOCK|O_LARGEFILE|O_DIRECTORY'}, {'name': 'dev', 'type': 'dev_t', 'value': 5}, {'name': 'inode', 'type': 'unsigned long', 'value': 48540}]",0,0
3894.53629,7672,7672,7099,0,4026531840,sshd,ip-10-100-1-57,257,openat,[],4,3,"[{'name': 'dirfd', 'type': 'int', 'value': -100}, {'name': 'pathname', 'type': 'const char*', 'value': '/proc/7672/fd'}, {'name': 'flags', 'type': 'int', 'value': 'O_RDONLY|O_NONBLOCK|O_DIRECTORY|O_CLOEXEC'}, {'name': 'mode', 'type': 'mode_t', 'value': 1920140892}]",0,0
3894.536325,7672,7672,7099,0,4026531840,sshd,ip-10-100-1-57,5,fstat,[140520365139593],2,0,"[{'name': 'fd', 'type': 'int', 'value': 3}, {'name': 'statbuf', 'type': 'struct stat*', 'value': '0x7FFEB23C24E0'}]",0,0
3894.53642,7672,7672,7099,0,4026531840,sshd,ip-10-100-1-57,217,getdents64,[],3,192,"[{'name': 'fd', 'type': 'int', 'value': 3}, {'name': 'dirp', 'type': 'struct linux_dirent64*', 'value': '0x55D46067A490'}, {'name': 'count', 'type': 'size_t', 'value': 32768}]",0,0
3894.536596,7672,7672,7099,0,4026531840,sshd,ip-10-100-1-57,217,getdents64,[],3,0,"[{'name': 'fd', 'type': 'int', 'value': 3}, {'name': 'dirp', 'type': 'struct linux_dirent64*', 'value': '0x55D46067A490'}, {'name': 'count', 'type': 'size_t', 'value': 32768}]",0,0
3894.536674,7672,7672,7099,0,4026531840,sshd,ip-10-100-1-57,3,close,[140520365163691],1,0,"[{'name': 'fd', 'type': 'int', 'value': 3}]",0,0
3894.536767,7672,7672,7099,0,4026531840,sshd,ip-10-100-1-57,32,dup,[],1,3,"[{'name': 'oldfd', 'type': 'int', 'value': 4}]",0,0
3894.536894,7672,7672,7099,0,4026531840,sshd,ip-10-100-1-57,3,close,[],1,0,"[{'name': 'fd', 'type': 'int', 'value': 4}]",0,0
3894.538085,7672,7672,7099,0,4026531840,sshd,ip-10-100-1-57,1005,security_file_open,[140520365164124],4,0,"[{'name': 'pathname', 'type': 'const char*', 'value': '/etc/gai.conf'}, {'name': 'flags', 'type': 'int', 'value': 'O_RDONLY|O_LARGEFILE'}, {'name': 'dev', 'type': 'dev_t', 'value': 211812353}, {'name': 'inode', 'type': 'unsigned long', 'value': 535}]",0,0
3894.53816,7672,7672,7099,0,4026531840,sshd,ip-10-100-1-57,257,openat,[],4,4,"[{'name': 'dirfd', 'type': 'int', 'value': -100}, {'name': 'pathname', 'type': 'const char*', 'value': '/etc/gai.conf'}, {'name': 'flags', 'type': 'int', 'value': 'O_RDONLY|O_CLOEXEC'}, {'name': 'mode', 'type': 'mode_t', 'value': 1920140892}]",0,0
3894.53822,7672,7672,7099,0,4026531840,sshd,ip-10-100-1-57,5,fstat,[],2,0,"[{'name': 'fd', 'type': 'int', 'value': 4}, {'name': 'statbuf', 'type': 'struct stat*', 'value': '0x7FFEB23C2E10'}]",0,0
3894.538269,7672,7672,7099,0,4026531840,sshd,ip-10-100-1-57,5,fstat,[],2,0,"[{'name': 'fd', 'type': 'int', 'value': 4}, {'name': 'statbuf', 'type': 'struct stat*', 'value': '0x7FFEB23C2C00'}]",0,0
3894.539148,7672,7672,7099,0,4026531840,sshd,ip-10-100-1-57,3,close,[140520365163691],1,0,"[{'name': 'fd', 'type': 'int', 'value': 4}]",0,0
3894.539247,7672,7672,7099,0,4026531840,sshd,ip-10-100-1-57,41,socket,[],3,4,"[{'name': 'domain', 'type': 'int', 'value': 'AF_NETLINK'}, {'name': 'type', 'type': 'const char*', 'value': 'SOCK_RAW|SOCK_CLOEXEC'}, {'name': 'protocol', 'type': 'int', 'value': 0}]",0,0
3894.53929,7672,7672,7099,0,4026531840,sshd,ip-10-100-1-57,49,bind,"[140520365216459, 140520365111753, 94370606525129, 94370606522402]",3,0,"[{'name': 'sockfd', 'type': 'int', 'value': 4}, {'name': 'addr', 'type': 'void*', 'value': ""{'sa_family': 'AF_NETLINK'}""}, {'name': 'addrlen', 'type': 'int*', 'value': 12}]",0,0
3894.539324,7672,7672,7099,0,4026531840,sshd,ip-10-100-1-57,51,getsockname,[],3,0,"[{'name': 'sockfd', 'type': 'int', 'value': 4}, {'name': 'addr', 'type': 'void*', 'value': ""{'sa_family': 'AF_NETLINK'}""}, {'name': 'addrlen', 'type': 'int*', 'value': '0x7FFEB23C2DF4'}]",0,0
3894.539432,7672,7672,7099,0,4026531840,sshd,ip-10-100-1-57,41,socket,"[140520365218059, 140520365460784, 140520365452070, 140520365111753, 94370606525129, 94370606522402]",3,6,"[{'name': 'domain', 'type': 'int', 'value': 'AF_UNIX'}, {'name': 'type', 'type': 'const char*', 'value': 'SOCK_STREAM|SOCK_NONBLOCK|SOCK_CLOEXEC'}, {'name': 'protocol', 'type': 'int', 'value': 0}]",0,0
3894.539482,7672,7672,7099,0,4026531840,sshd,ip-10-100-1-57,42,connect,[],3,-2,"[{'name': 'sockfd', 'type': 'int', 'value': 6}, {'name': 'addr', 'type': 'struct sockaddr*', 'value': ""{'sa_family': 'AF_UNIX','sun_path': '/var/run/nscd/socket'}""}, {'name': 'addrlen', 'type': 'int*', 'value': 110}]",0,0
3894.539578,7672,7672,7099,0,4026531840,sshd,ip-10-100-1-57,3,close,[],1,0,"[{'name': 'fd', 'type': 'int', 'value': 6}]",0,0
3894.539726,7672,7672,7099,0,4026531840,sshd,ip-10-100-1-57,3,close,[],1,0,"[{'name': 'fd', 'type': 'int', 'value': 4}]",0,0
3894.539797,7672,7672,7099,0,4026531840,sshd,ip-10-100-1-57,41,socket,[],3,4,"[{'name': 'domain', 'type': 'int', 'value': 'AF_INET6'}, {'name': 'type', 'type': 'const char*', 'value': 'SOCK_DGRAM|SOCK_CLOEXEC'}, {'name': 'protocol', 'type': 'int', 'value': 0}]",0,0
3894.539845,7672,7672,7099,0,4026531840,sshd,ip-10-100-1-57,42,connect,[],3,0,"[{'name': 'sockfd', 'type': 'int', 'value': 4}, {'name': 'addr', 'type': 'struct sockaddr*', 'value': ""{'sa_family': 'AF_INET6','sin6_port': '22','sin6_flowinfo': '0','sin6_addr': '::','sin6_scopeid': '0'}""}, {'name': 'addrlen', 'type': 'int*', 'value': 28}]",0,0
3894.540044,7672,7672,7099,0,4026531840,sshd,ip-10-100-1-57,51,getsockname,[],3,0,"[{'name': 'sockfd', 'type': 'int', 'value': 4}, {'name': 'addr', 'type': 'void*', 'value': ""{'sin6_flowinfo': '0','sin6_addr': '::1','sin6_scopeid': '0','sa_family': 'AF_INET6','sin6_port': '35469'}""}, {'name': 'addrlen', 'type': 'int*', 'value': '0x7FFEB23C2FE0'}]",0,0
3894.540117,7672,7672,7099,0,4026531840,sshd,ip-10-100-1-57,42,connect,[],3,0,"[{'name': 'sockfd', 'type': 'int', 'value': 4}, {'name': 'addr', 'type': 'struct sockaddr*', 'value': ""{'sa_family': 'AF_UNSPEC'}""}, {'name': 'addrlen', 'type': 'int*', 'value': 16}]",0,0
3894.540157,7672,7672,7099,0,4026531840,sshd,ip-10-100-1-57,42,connect,[],3,0,"[{'name': 'sockfd', 'type': 'int', 'value': 4}, {'name': 'addr', 'type': 'struct sockaddr*', 'value': ""{'sa_family': 'AF_INET','sin_port': '22','sin_addr': '0.0.0.0'}""}, {'name': 'addrlen', 'type': 'int*', 'value': 16}]",0,0
3894.540192,7672,7672,7099,0,4026531840,sshd,ip-10-100-1-57,51,getsockname,[],3,0,"[{'name': 'sockfd', 'type': 'int', 'value': 4}, {'name': 'addr', 'type': 'void*', 'value': ""{'sin6_scopeid': '0','sa_family': 'AF_INET6','sin6_port': '36208','sin6_flowinfo': '0','sin6_addr': '127.0.0.1'}""}, {'name': 'addrlen', 'type': 'int*', 'value': '0x7FFEB23C2FE0'}]",0,0
3894.540225,7672,7672,7099,0,4026531840,sshd,ip-10-100-1-57,3,close,"[140520365163691, 94370606525129, 94370606522402]",1,0,"[{'name': 'fd', 'type': 'int', 'value': 4}]",0,0
3894.540394,7672,7672,7099,0,4026531840,sshd,ip-10-100-1-57,41,socket,[],3,4,"[{'name': 'domain', 'type': 'int', 'value': 'AF_UNIX'}, {'name': 'type', 'type': 'const char*', 'value': 'SOCK_STREAM|SOCK_NONBLOCK|SOCK_CLOEXEC'}, {'name': 'protocol', 'type': 'int', 'value': 0}]",0,0
3894.5421,7672,7672,7099,0,4026531840,sshd,ip-10-100-1-57,42,connect,[],3,-2,"[{'name': 'sockfd', 'type': 'int', 'value': 4}, {'name': 'addr', 'type': 'struct sockaddr*', 'value': ""{'sa_family': 'AF_UNIX','sun_path': '/var/run/nscd/socket'}""}, {'name': 'addrlen', 'type': 'int*', 'value': 110}]",0,0
3894.542179,7672,7672,7099,0,4026531840,sshd,ip-10-100-1-57,3,close,[],1,0,"[{'name': 'fd', 'type': 'int', 'value': 4}]",0,0
3894.542224,7672,7672,7099,0,4026531840,sshd,ip-10-100-1-57,41,socket,[],3,4,"[{'name': 'domain', 'type': 'int', 'value': 'AF_UNIX'}, {'name': 'type', 'type': 'const char*', 'value': 'SOCK_STREAM|SOCK_NONBLOCK|SOCK_CLOEXEC'}, {'name': 'protocol', 'type': 'int', 'value': 0}]",0,0
3894.542266,7672,7672,7099,0,4026531840,sshd,ip-10-100-1-57,42,connect,"[140520365216519, 140520365462539, 94370638823232]",3,-2,"[{'name': 'sockfd', 'type': 'int', 'value': 4}, {'name': 'addr', 'type': 'struct sockaddr*', 'value': ""{'sa_family': 'AF_UNIX','sun_path': '/var/run/nscd/socket'}""}, {'name': 'addrlen', 'type': 'int*', 'value': 110}]",0,0
3894.542327,7672,7672,7099,0,4026531840,sshd,ip-10-100-1-57,3,close,[],1,0,"[{'name': 'fd', 'type': 'int', 'value': 4}]",0,0
3894.542416,7672,7672,7099,0,4026531840,sshd,ip-10-100-1-57,1005,security_file_open,[140520365164124],4,0,"[{'name': 'pathname', 'type': 'const char*', 'value': '/etc/nsswitch.conf'}, {'name': 'flags', 'type': 'int', 'value': 'O_RDONLY|O_LARGEFILE'}, {'name': 'dev', 'type': 'dev_t', 'value': 211812353}, {'name': 'inode', 'type': 'unsigned long', 'value': 22}]",0,0
3894.542596,7672,7672,7099,0,4026531840,sshd,ip-10-100-1-57,257,openat,[],4,4,"[{'name': 'dirfd', 'type': 'int', 'value': -100}, {'name': 'pathname', 'type': 'const char*', 'value': '/etc/nsswitch.conf'}, {'name': 'flags', 'type': 'int', 'value': 'O_RDONLY|O_CLOEXEC'}, {'name': 'mode', 'type': 'mode_t', 'value': 1920140892}]",0,0
3894.542648,7672,7672,7099,0,4026531840,sshd,ip-10-100-1-57,5,fstat,[],2,0,"[{'name': 'fd', 'type': 'int', 'value': 4}, {'name': 'statbuf', 'type': 'struct stat*', 'value': '0x7FFEB23C32E0'}]",0,0
3894.542723,7672,7672,7099,0,4026531840,sshd,ip-10-100-1-57,3,close,[140520365163691],1,0,"[{'name': 'fd', 'type': 'int', 'value': 4}]",0,0
3894.542821,7672,7672,7099,0,4026531840,sshd,ip-10-100-1-57,1005,security_file_open,"[140520372039512, 140520371956106]",4,0,"[{'name': 'pathname', 'type': 'const char*', 'value': '/etc/ld.so.cache'}, {'name': 'flags', 'type': 'int', 'value': 'O_RDONLY|O_LARGEFILE'}, {'name': 'dev', 'type': 'dev_t', 'value': 211812353}, {'name': 'inode', 'type': 'unsigned long', 'value': 62841}]",0,0
3894.542987,7672,7672,7099,0,4026531840,sshd,ip-10-100-1-57,257,openat,[],4,4,"[{'name': 'dirfd', 'type': 'int', 'value': -100}, {'name': 'pathname', 'type': 'const char*', 'value': '/etc/ld.so.cache'}, {'name': 'flags', 'type': 'int', 'value': 'O_RDONLY|O_CLOEXEC'}, {'name': 'mode', 'type': 'mode_t', 'value': 1927016280}]",0,0
3894.543047,7672,7672,7099,0,4026531840,sshd,ip-10-100-1-57,5,fstat,[],2,0,"[{'name': 'fd', 'type': 'int', 'value': 4}, {'name': 'statbuf', 'type': 'struct stat*', 'value': '0x7FFEB23C2A50'}]",0,0
3894.543128,7672,7672,7099,0,4026531840,sshd,ip-10-100-1-57,3,close,[],1,0,"[{'name': 'fd', 'type': 'int', 'value': 4}]",0,0
3894.543314,7672,7672,7099,0,4026531840,sshd,ip-10-100-1-57,1005,security_file_open,"[140520372039512, 140520371956173]",4,0,"[{'name': 'pathname', 'type': 'const char*', 'value': '/usr/lib/x86_64-linux-gnu/libnss_files-2.31.so'}, {'name': 'flags', 'type': 'int', 'value': 'O_RDONLY|O_LARGEFILE'}, {'name': 'dev', 'type': 'dev_t', 'value': 211812353}, {'name': 'inode', 'type': 'unsigned long', 'value': 3437}]",0,0
3894.543391,7672,7672,7099,0,4026531840,sshd,ip-10-100-1-57,257,openat,[],4,4,"[{'name': 'dirfd', 'type': 'int', 'value': -100}, {'name': 'pathname', 'type': 'const char*', 'value': '/lib/x86_64-linux-gnu/libnss_files.so.2'}, {'name': 'flags', 'type': 'int', 'value': 'O_RDONLY|O_CLOEXEC'}, {'name': 'mode', 'type': 'mode_t', 'value': 1927016280}]",0,0
3894.543432,7672,7672,7099,0,4026531840,sshd,ip-10-100-1-57,5,fstat,[],2,0,"[{'name': 'fd', 'type': 'int', 'value': 4}, {'name': 'statbuf', 'type': 'struct stat*', 'value': '0x7FFEB23C2AA0'}]",0,0
3894.543698,7672,7672,7099,0,4026531840,sshd,ip-10-100-1-57,3,close,[],1,0,"[{'name': 'fd', 'type': 'int', 'value': 4}]",0,0
3894.5454,7672,7672,7099,0,4026531840,sshd,ip-10-100-1-57,1005,security_file_open,[140520365164124],4,0,"[{'name': 'pathname', 'type': 'const char*', 'value': '/etc/passwd'}, {'name': 'flags', 'type': 'int', 'value': 'O_RDONLY|O_LARGEFILE'}, {'name': 'dev', 'type': 'dev_t', 'value': 211812353}, {'name': 'inode', 'type': 'unsigned long', 'value': 61241}]",0,0
3894.545675,7672,7672,7099,0,4026531840,sshd,ip-10-100-1-57,5,fstat,[],2,0,"[{'name': 'fd', 'type': 'int', 'value': 4}, {'name': 'statbuf', 'type': 'struct stat*', 'value': '0x7FFEB23C3310'}]",0,0
3894.545592,7672,7672,7099,0,4026531840,sshd,ip-10-100-1-57,257,openat,[],4,4,"[{'name': 'dirfd', 'type': 'int', 'value': -100}, {'name': 'pathname', 'type': 'const char*', 'value': '/etc/passwd'}, {'name': 'flags', 'type': 'int', 'value': 'O_RDONLY|O_CLOEXEC'}, {'name': 'mode', 'type': 'mode_t', 'value': 1920140892}]",0,0
3894.54575,7672,7672,7099,0,4026531840,sshd,ip-10-100-1-57,3,close,[140520365163691],1,0,"[{'name': 'fd', 'type': 'int', 'value': 4}]",0,0
3894.545906,7672,7672,7099,0,4026531840,sshd,ip-10-100-1-57,1005,security_file_open,[],4,0,"[{'name': 'pathname', 'type': 'const char*', 'value': '/etc/ssh/ssh_host_rsa_key'}, {'name': 'flags', 'type': 'int', 'value': 'O_RDONLY|O_LARGEFILE'}, {'name': 'dev', 'type': 'dev_t', 'value': 211812353}, {'name': 'inode', 'type': 'unsigned long', 'value': 61055}]",0,0
3894.545958,7672,7672,7099,0,4026531840,sshd,ip-10-100-1-57,257,openat,[],4,4,"[{'name': 'dirfd', 'type': 'int', 'value': -100}, {'name': 'pathname', 'type': 'const char*', 'value': '/etc/ssh/ssh_host_rsa_key'}, {'name': 'flags', 'type': 'int', 'value': 'O_RDONLY'}, {'name': 'mode', 'type': 'mode_t', 'value': 1920118443}]",0,0
3894.546084,7672,7672,7099,0,4026531840,sshd,ip-10-100-1-57,5,fstat,[140520365139593],2,0,"[{'name': 'fd', 'type': 'int', 'value': 4}, {'name': 'statbuf', 'type': 'struct stat*', 'value': '0x7FFEB23C34F0'}]",0,0
3894.546145,7672,7672,7099,0,4026531840,sshd,ip-10-100-1-57,5,fstat,[],2,0,"[{'name': 'fd', 'type': 'int', 'value': 4}, {'name': 'statbuf', 'type': 'struct stat*', 'value': '0x7FFEB23C24E0'}]",0,0
3894.548915,7672,7672,7099,0,4026531840,sshd,ip-10-100-1-57,3,close,[],1,0,"[{'name': 'fd', 'type': 'int', 'value': 4}]",0,0
3894.550942,7672,7672,7099,0,4026531840,sshd,ip-10-100-1-57,1005,security_file_open,[],4,0,"[{'name': 'pathname', 'type': 'const char*', 'value': '/etc/ssh/ssh_host_rsa_key'}, {'name': 'flags', 'type': 'int', 'value': 'O_RDONLY|O_LARGEFILE'}, {'name': 'dev', 'type': 'dev_t', 'value': 211812353}, {'name': 'inode', 'type': 'unsigned long', 'value': 61055}]",0,0
3894.551151,7672,7672,7099,0,4026531840,sshd,ip-10-100-1-57,257,openat,[],4,4,"[{'name': 'dirfd', 'type': 'int', 'value': -100}, {'name': 'pathname', 'type': 'const char*', 'value': '/etc/ssh/ssh_host_rsa_key'}, {'name': 'flags', 'type': 'int', 'value': 'O_RDONLY'}, {'name': 'mode', 'type': 'mode_t', 'value': 1920118443}]",0,0
3894.551271,7672,7672,7099,0,4026531840,sshd,ip-10-100-1-57,5,fstat,[],2,0,"[{'name': 'fd', 'type': 'int', 'value': 4}, {'name': 'statbuf', 'type': 'struct stat*', 'value': '0x7FFEB23C33B0'}]",0,0
3894.55145,7672,7672,7099,0,4026531840,sshd,ip-10-100-1-57,3,close,[140520365163691],1,0,"[{'name': 'fd', 'type': 'int', 'value': 4}]",0,0
3894.551656,7672,7672,7099,0,4026531840,sshd,ip-10-100-1-57,1005,security_file_open,[],4,0,"[{'name': 'pathname', 'type': 'const char*', 'value': '/etc/ssh/ssh_host_rsa_key.pub'}, {'name': 'flags', 'type': 'int', 'value': 'O_RDONLY|O_LARGEFILE'}, {'name': 'dev', 'type': 'dev_t', 'value': 211812353}, {'name': 'inode', 'type': 'unsigned long', 'value': 61060}]",0,0
3894.551731,7672,7672,7099,0,4026531840,sshd,ip-10-100-1-57,257,openat,[],4,4,"[{'name': 'dirfd', 'type': 'int', 'value': -100}, {'name': 'pathname', 'type': 'const char*', 'value': '/etc/ssh/ssh_host_rsa_key.pub'}, {'name': 'flags', 'type': 'int', 'value': 'O_RDONLY'}, {'name': 'mode', 'type': 'mode_t', 'value': 1920118443}]",0,0
3894.551765,7672,7672,7099,0,4026531840,sshd,ip-10-100-1-57,5,fstat,[],2,0,"[{'name': 'fd', 'type': 'int', 'value': 4}, {'name': 'statbuf', 'type': 'struct stat*', 'value': '0x7FFEB23C33B0'}]",0,0
3894.551826,7672,7672,7099,0,4026531840,sshd,ip-10-100-1-57,3,close,[],1,0,"[{'name': 'fd', 'type': 'int', 'value': 4}]",0,0
3894.554798,7672,7672,7099,0,4026531840,sshd,ip-10-100-1-57,1005,security_file_open,[],4,0,"[{'name': 'pathname', 'type': 'const char*', 'value': '/etc/ssh/ssh_host_ecdsa_key'}, {'name': 'flags', 'type': 'int', 'value': 'O_RDONLY|O_LARGEFILE'}, {'name': 'dev', 'type': 'dev_t', 'value': 211812353}, {'name': 'inode', 'type': 'unsigned long', 'value': 61063}]",0,0
3894.556713,7672,7672,7099,0,4026531840,sshd,ip-10-100-1-57,257,openat,[],4,4,"[{'name': 'dirfd', 'type': 'int', 'value': -100}, {'name': 'pathname', 'type': 'const char*', 'value': '/etc/ssh/ssh_host_ecdsa_key'}, {'name': 'flags', 'type': 'int', 'value': 'O_RDONLY'}, {'name': 'mode', 'type': 'mode_t', 'value': 1920118443}]",0,0
3894.556784,7672,7672,7099,0,4026531840,sshd,ip-10-100-1-57,5,fstat,[140520365139593],2,0,"[{'name': 'fd', 'type': 'int', 'value': 4}, {'name': 'statbuf', 'type': 'struct stat*', 'value': '0x7FFEB23C34F0'}]",0,0
3894.556868,7672,7672,7099,0,4026531840,sshd,ip-10-100-1-57,5,fstat,[],2,0,"[{'name': 'fd', 'type': 'int', 'value': 4}, {'name': 'statbuf', 'type': 'struct stat*', 'value': '0x7FFEB23C24E0'}]",0,0
3894.55775,7672,7672,7099,0,4026531840,sshd,ip-10-100-1-57,3,close,[],1,0,"[{'name': 'fd', 'type': 'int', 'value': 4}]",0,0
3894.558694,7672,7672,7099,0,4026531840,sshd,ip-10-100-1-57,1005,security_file_open,[],4,0,"[{'name': 'pathname', 'type': 'const char*', 'value': '/etc/ssh/ssh_host_ecdsa_key'}, {'name': 'flags', 'type': 'int', 'value': 'O_RDONLY|O_LARGEFILE'}, {'name': 'dev', 'type': 'dev_t', 'value': 211812353}, {'name': 'inode', 'type': 'unsigned long', 'value': 61063}]",0,0
3894.558862,7672,7672,7099,0,4026531840,sshd,ip-10-100-1-57,257,openat,[],4,4,"[{'name': 'dirfd', 'type': 'int', 'value': -100}, {'name': 'pathname', 'type': 'const char*', 'value': '/etc/ssh/ssh_host_ecdsa_key'}, {'name': 'flags', 'type': 'int', 'value': 'O_RDONLY'}, {'name': 'mode', 'type': 'mode_t', 'value': 1920118443}]",0,0
3894.558944,7672,7672,7099,0,4026531840,sshd,ip-10-100-1-57,5,fstat,[],2,0,"[{'name': 'fd', 'type': 'int', 'value': 4}, {'name': 'statbuf', 'type': 'struct stat*', 'value': '0x7FFEB23C33B0'}]",0,0
3894.559104,7672,7672,7099,0,4026531840,sshd,ip-10-100-1-57,3,close,[140520365163691],1,0,"[{'name': 'fd', 'type': 'int', 'value': 4}]",0,0
3894.559198,7672,7672,7099,0,4026531840,sshd,ip-10-100-1-57,1005,security_file_open,[],4,0,"[{'name': 'pathname', 'type': 'const char*', 'value': '/etc/ssh/ssh_host_ecdsa_key.pub'}, {'name': 'flags', 'type': 'int', 'value': 'O_RDONLY|O_LARGEFILE'}, {'name': 'dev', 'type': 'dev_t', 'value': 211812353}, {'name': 'inode', 'type': 'unsigned long', 'value': 61064}]",0,0
3894.559376,7672,7672,7099,0,4026531840,sshd,ip-10-100-1-57,257,openat,[],4,4,"[{'name': 'dirfd', 'type': 'int', 'value': -100}, {'name': 'pathname', 'type': 'const char*', 'value': '/etc/ssh/ssh_host_ecdsa_key.pub'}, {'name': 'flags', 'type': 'int', 'value': 'O_RDONLY'}, {'name': 'mode', 'type': 'mode_t', 'value': 1920118443}]",0,0
3894.559422,7672,7672,7099,0,4026531840,sshd,ip-10-100-1-57,5,fstat,[],2,0,"[{'name': 'fd', 'type': 'int', 'value': 4}, {'name': 'statbuf', 'type': 'struct stat*', 'value': '0x7FFEB23C33B0'}]",0,0
3894.559631,7672,7672,7099,0,4026531840,sshd,ip-10-100-1-57,3,close,[],1,0,"[{'name': 'fd', 'type': 'int', 'value': 4}]",0,0
3894.561159,7672,7672,7099,0,4026531840,sshd,ip-10-100-1-57,1005,security_file_open,[],4,0,"[{'name': 'pathname', 'type': 'const char*', 'value': '/etc/ssh/ssh_host_ed25519_key'}, {'name': 'flags', 'type': 'int', 'value': 'O_RDONLY|O_LARGEFILE'}, {'name': 'dev', 'type': 'dev_t', 'value': 211812353}, {'name': 'inode', 'type': 'unsigned long', 'value': 61068}]",0,0
3894.561866,7672,7672,7099,0,4026531840,sshd,ip-10-100-1-57,257,openat,[],4,4,"[{'name': 'dirfd', 'type': 'int', 'value': -100}, {'name': 'pathname', 'type': 'const char*', 'value': '/etc/ssh/ssh_host_ed25519_key'}, {'name': 'flags', 'type': 'int', 'value': 'O_RDONLY'}, {'name': 'mode', 'type': 'mode_t', 'value': 1920118443}]",0,0
3894.561964,7672,7672,7099,0,4026531840,sshd,ip-10-100-1-57,5,fstat,[140520365139593],2,0,"[{'name': 'fd', 'type': 'int', 'value': 4}, {'name': 'statbuf', 'type': 'struct stat*', 'value': '0x7FFEB23C34F0'}]",0,0
3894.562025,7672,7672,7099,0,4026531840,sshd,ip-10-100-1-57,5,fstat,[],2,0,"[{'name': 'fd', 'type': 'int', 'value': 4}, {'name': 'statbuf', 'type': 'struct stat*', 'value': '0x7FFEB23C24E0'}]",0,0
3894.562249,7672,7672,7099,0,4026531840,sshd,ip-10-100-1-57,3,close,[],1,0,"[{'name': 'fd', 'type': 'int', 'value': 4}]",0,0
3894.562429,7672,7672,7099,0,4026531840,sshd,ip-10-100-1-57,1005,security_file_open,[],4,0,"[{'name': 'pathname', 'type': 'const char*', 'value': '/etc/ssh/ssh_host_ed25519_key'}, {'name': 'flags', 'type': 'int', 'value': 'O_RDONLY|O_LARGEFILE'}, {'name': 'dev', 'type': 'dev_t', 'value': 211812353}, {'name': 'inode', 'type': 'unsigned long', 'value': 61068}]",0,0
3894.563611,7672,7672,7099,0,4026531840,sshd,ip-10-100-1-57,257,openat,[],4,4,"[{'name': 'dirfd', 'type': 'int', 'value': -100}, {'name': 'pathname', 'type': 'const char*', 'value': '/etc/ssh/ssh_host_ed25519_key'}, {'name': 'flags', 'type': 'int', 'value': 'O_RDONLY'}, {'name': 'mode', 'type': 'mode_t', 'value': 1920118443}]",0,0
3894.563679,7672,7672,7099,0,4026531840,sshd,ip-10-100-1-57,5,fstat,[],2,0,"[{'name': 'fd', 'type': 'int', 'value': 4}, {'name': 'statbuf', 'type': 'struct stat*', 'value': '0x7FFEB23C33B0'}]",0,0
3894.563732,7672,7672,7099,0,4026531840,sshd,ip-10-100-1-57,3,close,[140520365163691],1,0,"[{'name': 'fd', 'type': 'int', 'value': 4}]",0,0
3894.563782,7672,7672,7099,0,4026531840,sshd,ip-10-100-1-57,1005,security_file_open,[],4,0,"[{'name': 'pathname', 'type': 'const char*', 'value': '/etc/ssh/ssh_host_ed25519_key.pub'}, {'name': 'flags', 'type': 'int', 'value': 'O_RDONLY|O_LARGEFILE'}, {'name': 'dev', 'type': 'dev_t', 'value': 211812353}, {'name': 'inode', 'type': 'unsigned long', 'value': 61069}]",0,0
3894.563873,7672,7672,7099,0,4026531840,sshd,ip-10-100-1-57,257,openat,[],4,4,"[{'name': 'dirfd', 'type': 'int', 'value': -100}, {'name': 'pathname', 'type': 'const char*', 'value': '/etc/ssh/ssh_host_ed25519_key.pub'}, {'name': 'flags', 'type': 'int', 'value': 'O_RDONLY'}, {'name': 'mode', 'type': 'mode_t', 'value': 1920118443}]",0,0
3894.56398,7672,7672,7099,0,4026531840,sshd,ip-10-100-1-57,5,fstat,[],2,0,"[{'name': 'fd', 'type': 'int', 'value': 4}, {'name': 'statbuf', 'type': 'struct stat*', 'value': '0x7FFEB23C33B0'}]",0,0
3894.56406,7672,7672,7099,0,4026531840,sshd,ip-10-100-1-57,3,close,[],1,0,"[{'name': 'fd', 'type': 'int', 'value': 4}]",0,0
3894.565161,7672,7672,7099,0,4026531840,sshd,ip-10-100-1-57,4,stat,"[140520365139498, 94370638694864, 110399776305006]",2,0,"[{'name': 'pathname', 'type': 'const char*', 'value': '/run/sshd'}, {'name': 'statbuf', 'type': 'struct stat*', 'value': '0x7FFEB23C3680'}]",0,0
3894.565356,7672,7672,7099,0,4026531840,sshd,ip-10-100-1-57,1003,cap_capable,[],1,0,"[{'name': 'cap', 'type': 'int', 'value': 'CAP_SETGID'}]",0,0
3894.565465,7672,7672,7099,0,4026531840,sshd,ip-10-100-1-57,1005,security_file_open,[],4,0,"[{'name': 'pathname', 'type': 'const char*', 'value': '/dev/tty'}, {'name': 'flags', 'type': 'int', 'value': 'O_RDONLY|O_NOCTTY|O_LARGEFILE'}, {'name': 'dev', 'type': 'dev_t', 'value': 6}, {'name': 'inode', 'type': 'unsigned long', 'value': 13}]",0,0
3894.565512,7672,7672,7099,0,4026531840,sshd,ip-10-100-1-57,257,openat,[],4,-6,"[{'name': 'dirfd', 'type': 'int', 'value': -100}, {'name': 'pathname', 'type': 'const char*', 'value': '/dev/tty'}, {'name': 'flags', 'type': 'int', 'value': 'O_RDONLY|O_NOCTTY'}, {'name': 'mode', 'type': 'mode_t', 'value': 1920118443}]",0,0
3894.565737,7672,7672,7099,0,4026531840,sshd,ip-10-100-1-57,3,close,[],1,0,"[{'name': 'fd', 'type': 'int', 'value': 5}]",0,0
3894.565783,7672,7672,7099,0,4026531840,sshd,ip-10-100-1-57,32,dup,[],1,4,"[{'name': 'oldfd', 'type': 'int', 'value': 0}]",0,0
3894.565821,7672,7672,7099,0,4026531840,sshd,ip-10-100-1-57,1005,security_file_open,[],4,0,"[{'name': 'pathname', 'type': 'const char*', 'value': '/dev/null'}, {'name': 'flags', 'type': 'int', 'value': 'O_RDWR|O_LARGEFILE'}, {'name': 'dev', 'type': 'dev_t', 'value': 6}, {'name': 'inode', 'type': 'unsigned long', 'value': 6}]",0,0
3894.565957,7672,7672,7099,0,4026531840,sshd,ip-10-100-1-57,257,openat,[],4,5,"[{'name': 'dirfd', 'type': 'int', 'value': -100}, {'name': 'pathname', 'type': 'const char*', 'value': '/dev/null'}, {'name': 'flags', 'type': 'int', 'value': 'O_RDWR'}, {'name': 'mode', 'type': 'mode_t', 'value': 1920118443}]",0,0
3894.566,7672,7672,7099,0,4026531840,sshd,ip-10-100-1-57,33,dup2,[],2,0,"[{'name': 'oldfd', 'type': 'int', 'value': 5}, {'name': 'newfd', 'type': 'int', 'value': 0}]",0,0
3894.566033,7672,7672,7099,0,4026531840,sshd,ip-10-100-1-57,33,dup2,[],2,1,"[{'name': 'oldfd', 'type': 'int', 'value': 5}, {'name': 'newfd', 'type': 'int', 'value': 1}]",0,0
3894.566147,7672,7672,7099,0,4026531840,sshd,ip-10-100-1-57,33,dup2,[],2,2,"[{'name': 'oldfd', 'type': 'int', 'value': 5}, {'name': 'newfd', 'type': 'int', 'value': 2}]",0,0
3894.56619,7672,7672,7099,0,4026531840,sshd,ip-10-100-1-57,3,close,[],1,0,"[{'name': 'fd', 'type': 'int', 'value': 5}]",0,0
3894.566327,7672,7672,7099,0,4026531840,sshd,ip-10-100-1-57,51,getsockname,[140520365216715],3,0,"[{'name': 'sockfd', 'type': 'int', 'value': 4}, {'name': 'addr', 'type': 'void*', 'value': ""{'sin_addr': '10.100.1.57','sa_family': 'AF_INET','sin_port': '22'}""}, {'name': 'addrlen', 'type': 'int*', 'value': '0x7FFEB23C30EC'}]",0,0
3894.566504,7672,7672,7099,0,4026531840,sshd,ip-10-100-1-57,51,getsockname,[],3,0,"[{'name': 'sockfd', 'type': 'int', 'value': 4}, {'name': 'addr', 'type': 'void*', 'value': ""{'sa_family': 'AF_INET','sin_port': '22','sin_addr': '10.100.1.57'}""}, {'name': 'addrlen', 'type': 'int*', 'value': '0x7FFEB23C34DC'}]",0,0
3894.568346,7672,7672,7099,0,4026531840,sshd,ip-10-100-1-57,1005,security_file_open,[],4,0,"[{'name': 'pathname', 'type': 'const char*', 'value': '/etc/hosts.allow'}, {'name': 'flags', 'type': 'int', 'value': 'O_RDONLY|O_LARGEFILE'}, {'name': 'dev', 'type': 'dev_t', 'value': 211812353}, {'name': 'inode', 'type': 'unsigned long', 'value': 757}]",0,0
3894.566731,7672,7672,7099,0,4026531840,sshd,ip-10-100-1-57,51,getsockname,[],3,0,"[{'name': 'sockfd', 'type': 'int', 'value': 4}, {'name': 'addr', 'type': 'void*', 'value': ""{'sa_family': 'AF_INET','sin_port': '22','sin_addr': '10.100.1.57'}""}, {'name': 'addrlen', 'type': 'int*', 'value': '0x7FFEB23C15CC'}]",0,0
3894.56842,7672,7672,7099,0,4026531840,sshd,ip-10-100-1-57,257,openat,[],4,5,"[{'name': 'dirfd', 'type': 'int', 'value': -100}, {'name': 'pathname', 'type': 'const char*', 'value': '/etc/hosts.allow'}, {'name': 'flags', 'type': 'int', 'value': 'O_RDONLY'}, {'name': 'mode', 'type': 'mode_t', 'value': 1920118443}]",0,0
3894.568458,7672,7672,7099,0,4026531840,sshd,ip-10-100-1-57,5,fstat,[],2,0,"[{'name': 'fd', 'type': 'int', 'value': 5}, {'name': 'statbuf', 'type': 'struct stat*', 'value': '0x7FFEB23C2B60'}]",0,0
3894.568543,7672,7672,7099,0,4026531840,sshd,ip-10-100-1-57,3,close,[140520365163691],1,0,"[{'name': 'fd', 'type': 'int', 'value': 5}]",0,0
3894.568723,7672,7672,7099,0,4026531840,sshd,ip-10-100-1-57,1005,security_file_open,[],4,0,"[{'name': 'pathname', 'type': 'const char*', 'value': '/etc/hosts.deny'}, {'name': 'flags', 'type': 'int', 'value': 'O_RDONLY|O_LARGEFILE'}, {'name': 'dev', 'type': 'dev_t', 'value': 211812353}, {'name': 'inode', 'type': 'unsigned long', 'value': 758}]",0,0
3894.568794,7672,7672,7099,0,4026531840,sshd,ip-10-100-1-57,257,openat,[],4,5,"[{'name': 'dirfd', 'type': 'int', 'value': -100}, {'name': 'pathname', 'type': 'const char*', 'value': '/etc/hosts.deny'}, {'name': 'flags', 'type': 'int', 'value': 'O_RDONLY'}, {'name': 'mode', 'type': 'mode_t', 'value': 1920118443}]",0,0
3894.568837,7672,7672,7099,0,4026531840,sshd,ip-10-100-1-57,5,fstat,[],2,0,"[{'name': 'fd', 'type': 'int', 'value': 5}, {'name': 'statbuf', 'type': 'struct stat*', 'value': '0x7FFEB23C2B60'}]",0,0
3894.568913,7672,7672,7099,0,4026531840,sshd,ip-10-100-1-57,3,close,[],1,0,"[{'name': 'fd', 'type': 'int', 'value': 5}]",0,0
3894.569052,7672,7672,7099,0,4026531840,sshd,ip-10-100-1-57,51,getsockname,[140520365216715],3,0,"[{'name': 'sockfd', 'type': 'int', 'value': 4}, {'name': 'addr', 'type': 'void*', 'value': ""{'sa_family': 'AF_INET','sin_port': '22','sin_addr': '10.100.1.57'}""}, {'name': 'addrlen', 'type': 'int*', 'value': '0x7FFEB23C313C'}]",0,0
3894.742303,7672,7672,7099,0,4026531840,sshd,ip-10-100-1-57,56,clone,[],5,7673,"[{'name': 'flags', 'type': 'unsigned int', 'value': 'CLONE_CHILD_CLEARTID|CLONE_CHILD_SETTID'}, {'name': 'stack', 'type': 'void*', 'value': '0x0'}, {'name': 'parent_tid', 'type': 'int*', 'value': '0x0'}, {'name': 'child_tid', 'type': 'int*', 'value': '0x7FCD727000BF'}, {'name': 'tls', 'type': 'unsigned long', 'value': 0}]",0,0
3894.74244,7672,7672,7099,0,4026531840,sshd,ip-10-100-1-57,3,close,[],1,0,"[{'name': 'fd', 'type': 'int', 'value': 5}]",0,0
3894.742478,7672,7672,7099,0,4026531840,sshd,ip-10-100-1-57,3,close,[],1,0,"[{'name': 'fd', 'type': 'int', 'value': 8}]",0,0
3894.74268,7673,7673,7672,0,4026531840,sshd,ip-10-100-1-57,3,close,[],1,0,"[{'name': 'fd', 'type': 'int', 'value': 6}]",0,0
3894.742741,7673,7673,7672,0,4026531840,sshd,ip-10-100-1-57,3,close,[],1,0,"[{'name': 'fd', 'type': 'int', 'value': 7}]",0,0
3894.742999,7673,7673,7672,0,4026531840,sshd,ip-10-100-1-57,6,lstat,"[140520365139690, 7291046770080312623]",2,-2,"[{'name': 'pathname', 'type': 'const char*', 'value': '/etc/gss/mech'}, {'name': 'statbuf', 'type': 'struct stat*', 'value': '0x7FFEB23C3310'}]",0,0
3894.743064,7673,7673,7672,0,4026531840,sshd,ip-10-100-1-57,1005,security_file_open,"[140520365164124, 140520364983055, 140520367109838]",4,0,"[{'name': 'pathname', 'type': 'const char*', 'value': '/etc/gss/mech.d'}, {'name': 'flags', 'type': 'int', 'value': 'O_RDONLY|O_NONBLOCK|O_LARGEFILE|O_DIRECTORY'}, {'name': 'dev', 'type': 'dev_t', 'value': 211812353}, {'name': 'inode', 'type': 'unsigned long', 'value': 1421}]",0,0
3894.743123,7673,7673,7672,0,4026531840,sshd,ip-10-100-1-57,257,openat,[],4,6,"[{'name': 'dirfd', 'type': 'int', 'value': -100}, {'name': 'pathname', 'type': 'const char*', 'value': '/etc/gss/mech.d'}, {'name': 'flags', 'type': 'int', 'value': 'O_RDONLY|O_NONBLOCK|O_DIRECTORY|O_CLOEXEC'}, {'name': 'mode', 'type': 'mode_t', 'value': 1920140892}]",0,0
3894.743157,7673,7673,7672,0,4026531840,sshd,ip-10-100-1-57,5,fstat,[140520365139593],2,0,"[{'name': 'fd', 'type': 'int', 'value': 6}, {'name': 'statbuf', 'type': 'struct stat*', 'value': '0x7FFEB23C2AE0'}]",0,0
3894.743207,7673,7673,7672,0,4026531840,sshd,ip-10-100-1-57,217,getdents64,[],3,48,"[{'name': 'fd', 'type': 'int', 'value': 6}, {'name': 'dirp', 'type': 'struct linux_dirent64*', 'value': '0x55D460690CE0'}, {'name': 'count', 'type': 'size_t', 'value': 32768}]",0,0
3894.743314,7673,7673,7672,0,4026531840,sshd,ip-10-100-1-57,3,close,[],1,0,"[{'name': 'fd', 'type': 'int', 'value': 6}]",0,0
3894.743282,7673,7673,7672,0,4026531840,sshd,ip-10-100-1-57,217,getdents64,[],3,0,"[{'name': 'fd', 'type': 'int', 'value': 6}, {'name': 'dirp', 'type': 'struct linux_dirent64*', 'value': '0x55D460690CE0'}, {'name': 'count', 'type': 'size_t', 'value': 32768}]",0,0
3894.744935,7673,7673,7672,0,4026531840,sshd,ip-10-100-1-57,1003,cap_capable,"[140520365171403, 94370638916000]",1,0,"[{'name': 'cap', 'type': 'int', 'value': 'CAP_SYS_CHROOT'}]",0,0
3894.745053,7673,7673,7672,0,4026531840,sshd,ip-10-100-1-57,1003,cap_capable,[],1,0,"[{'name': 'cap', 'type': 'int', 'value': 'CAP_SETGID'}]",0,0
3894.745107,7673,7673,7672,0,4026531840,sshd,ip-10-100-1-57,1003,cap_capable,[],1,0,"[{'name': 'cap', 'type': 'int', 'value': 'CAP_SETGID'}]",0,0
3894.745147,7673,7673,7672,0,4026531840,sshd,ip-10-100-1-57,1003,cap_capable,[],1,0,"[{'name': 'cap', 'type': 'int', 'value': 'CAP_SETUID'}]",0,0
3894.745219,7673,7673,7672,109,4026531840,sshd,ip-10-100-1-57,1003,cap_capable,[],1,0,"[{'name': 'cap', 'type': 'int', 'value': 'CAP_SETGID'}]",0,0
3894.745242,7673,7673,7672,109,4026531840,sshd,ip-10-100-1-57,106,setgid,[],1,-1,"[{'name': 'gid', 'type': 'gid_t', 'value': 0}]",0,0
3894.745273,7673,7673,7672,109,4026531840,sshd,ip-10-100-1-57,1003,cap_capable,[],1,0,"[{'name': 'cap', 'type': 'int', 'value': 'CAP_SETGID'}]",0,0
3894.745373,7673,7673,7672,109,4026531840,sshd,ip-10-100-1-57,1003,cap_capable,[],1,0,"[{'name': 'cap', 'type': 'int', 'value': 'CAP_SETUID'}]",0,0
3894.745395,7673,7673,7672,109,4026531840,sshd,ip-10-100-1-57,105,setuid,[],1,-1,"[{'name': 'uid', 'type': 'uid_t', 'value': 0}]",0,0
3894.745426,7673,7673,7672,109,4026531840,sshd,ip-10-100-1-57,1003,cap_capable,[],1,0,"[{'name': 'cap', 'type': 'int', 'value': 'CAP_SETUID'}]",0,0
3894.745499,7673,7673,7672,109,4026531840,sshd,ip-10-100-1-57,157,prctl,[],5,0,"[{'name': 'option', 'type': 'int', 'value': 'PR_SET_NO_NEW_PRIVS'}, {'name': 'arg2', 'type': 'unsigned long', 'value': 1}, {'name': 'arg3', 'type': 'unsigned long', 'value': 0}, {'name': 'arg4', 'type': 'unsigned long', 'value': 140520365215390}, {'name': 'arg5', 'type': 'unsigned long', 'value': 0}]",0,0
3894.745608,7673,7673,7672,109,4026531840,sshd,ip-10-100-1-57,157,prctl,[],5,0,"[{'name': 'option', 'type': 'int', 'value': 'PR_SET_SECCOMP'}, {'name': 'arg2', 'type': 'unsigned long', 'value': 2}, {'name': 'arg3', 'type': 'unsigned long', 'value': 94370607308384}, {'name': 'arg4', 'type': 'unsigned long', 'value': 140520365215390}, {'name': 'arg5', 'type': 'unsigned long', 'value': 0}]",0,0
3895.619116,7672,7672,7099,0,4026531840,sshd,ip-10-100-1-57,1005,security_file_open,[140520365164124],4,0,"[{'name': 'pathname', 'type': 'const char*', 'value': '/etc/passwd'}, {'name': 'flags', 'type': 'int', 'value': 'O_RDONLY|O_LARGEFILE'}, {'name': 'dev', 'type': 'dev_t', 'value': 211812353}, {'name': 'inode', 'type': 'unsigned long', 'value': 61241}]",0,0
3895.620139,7672,7672,7099,0,4026531840,sshd,ip-10-100-1-57,257,openat,[140520365164124],4,5,"[{'name': 'dirfd', 'type': 'int', 'value': -100}, {'name': 'pathname', 'type': 'const char*', 'value': '/etc/passwd'}, {'name': 'flags', 'type': 'int', 'value': 'O_RDONLY|O_CLOEXEC'}, {'name': 'mode', 'type': 'mode_t', 'value': 1920140892}]",0,0
3895.621806,7672,7672,7099,0,4026531840,sshd,ip-10-100-1-57,3,close,[140520365163691],1,0,"[{'name': 'fd', 'type': 'int', 'value': 5}]",0,0
3895.620926,7672,7672,7099,0,4026531840,sshd,ip-10-100-1-57,5,fstat,[],2,0,"[{'name': 'fd', 'type': 'int', 'value': 5}, {'name': 'statbuf', 'type': 'struct stat*', 'value': '0x7FFEB23C31F0'}]",0,0
3895.622613,7672,7672,7099,0,4026531840,sshd,ip-10-100-1-57,1005,security_file_open,"[140520372039512, 140520371956106]",4,0,"[{'name': 'pathname', 'type': 'const char*', 'value': '/etc/ld.so.cache'}, {'name': 'flags', 'type': 'int', 'value': 'O_RDONLY|O_LARGEFILE'}, {'name': 'dev', 'type': 'dev_t', 'value': 211812353}, {'name': 'inode', 'type': 'unsigned long', 'value': 62841}]",0,0
3895.623398,7672,7672,7099,0,4026531840,sshd,ip-10-100-1-57,257,openat,"[140520372039512, 140520371956106]",4,5,"[{'name': 'dirfd', 'type': 'int', 'value': -100}, {'name': 'pathname', 'type': 'const char*', 'value': '/etc/ld.so.cache'}, {'name': 'flags', 'type': 'int', 'value': 'O_RDONLY|O_CLOEXEC'}, {'name': 'mode', 'type': 'mode_t', 'value': 1927016280}]",0,0
3895.62408,7672,7672,7099,0,4026531840,sshd,ip-10-100-1-57,5,fstat,[],2,0,"[{'name': 'fd', 'type': 'int', 'value': 5}, {'name': 'statbuf', 'type': 'struct stat*', 'value': '0x7FFEB23C2990'}]",0,0
3895.624618,7672,7672,7099,0,4026531840,sshd,ip-10-100-1-57,3,close,[],1,0,"[{'name': 'fd', 'type': 'int', 'value': 5}]",0,0
3895.625091,7672,7672,7099,0,4026531840,sshd,ip-10-100-1-57,1005,security_file_open,"[140520372039512, 140520371956173]",4,0,"[{'name': 'pathname', 'type': 'const char*', 'value': '/usr/lib/x86_64-linux-gnu/libnss_systemd.so.2'}, {'name': 'flags', 'type': 'int', 'value': 'O_RDONLY|O_LARGEFILE'}, {'name': 'dev', 'type': 'dev_t', 'value': 211812353}, {'name': 'inode', 'type': 'unsigned long', 'value': 4522}]",0,0
3895.625642,7672,7672,7099,0,4026531840,sshd,ip-10-100-1-57,257,openat,"[140520372039512, 140520371956173]",4,5,"[{'name': 'dirfd', 'type': 'int', 'value': -100}, {'name': 'pathname', 'type': 'const char*', 'value': '/lib/x86_64-linux-gnu/libnss_systemd.so.2'}, {'name': 'flags', 'type': 'int', 'value': 'O_RDONLY|O_CLOEXEC'}, {'name': 'mode', 'type': 'mode_t', 'value': 1927016280}]",0,0
3895.626194,7672,7672,7099,0,4026531840,sshd,ip-10-100-1-57,5,fstat,[],2,0,"[{'name': 'fd', 'type': 'int', 'value': 5}, {'name': 'statbuf', 'type': 'struct stat*', 'value': '0x7FFEB23C29E0'}]",0,0
3895.626331,7672,7672,7099,0,4026531840,sshd,ip-10-100-1-57,3,close,[],1,0,"[{'name': 'fd', 'type': 'int', 'value': 5}]",0,0
3895.627176,7672,7672,7099,0,4026531840,sshd,ip-10-100-1-57,41,socket,[],3,5,"[{'name': 'domain', 'type': 'int', 'value': 'AF_UNIX'}, {'name': 'type', 'type': 'const char*', 'value': 'SOCK_DGRAM|SOCK_CLOEXEC'}, {'name': 'protocol', 'type': 'int', 'value': 0}]",0,0
3895.627242,7672,7672,7099,0,4026531840,sshd,ip-10-100-1-57,42,connect,[140520365216519],3,-111,"[{'name': 'sockfd', 'type': 'int', 'value': 5}, {'name': 'addr', 'type': 'struct sockaddr*', 'value': ""{'sa_family': 'AF_UNIX','sun_path': 'userdb-c05d9fa2d2e27b60c284a2fb3d951382'}""}, {'name': 'addrlen', 'type': 'int*', 'value': 42}]",0,0
3895.627287,7672,7672,7099,0,4026531840,sshd,ip-10-100-1-57,3,close,[],1,0,"[{'name': 'fd', 'type': 'int', 'value': 5}]",0,0
3895.627355,7672,7672,7099,0,4026531840,sshd,ip-10-100-1-57,1005,security_file_open,[140520365164124],4,0,"[{'name': 'pathname', 'type': 'const char*', 'value': '/run/systemd/userdb'}, {'name': 'flags', 'type': 'int', 'value': 'O_RDONLY|O_NONBLOCK|O_LARGEFILE|O_DIRECTORY'}, {'name': 'dev', 'type': 'dev_t', 'value': 25}, {'name': 'inode', 'type': 'unsigned long', 'value': 46}]",0,0
3895.627614,7672,7672,7099,0,4026531840,sshd,ip-10-100-1-57,257,openat,[],4,5,"[{'name': 'dirfd', 'type': 'int', 'value': -100}, {'name': 'pathname', 'type': 'const char*', 'value': '/run/systemd/userdb/'}, {'name': 'flags', 'type': 'int', 'value': 'O_RDONLY|O_NONBLOCK|O_DIRECTORY|O_CLOEXEC'}, {'name': 'mode', 'type': 'mode_t', 'value': 1920140892}]",0,0
3895.627701,7672,7672,7099,0,4026531840,sshd,ip-10-100-1-57,5,fstat,[140520365139593],2,0,"[{'name': 'fd', 'type': 'int', 'value': 5}, {'name': 'statbuf', 'type': 'struct stat*', 'value': '0x7FFEB23C3100'}]",0,0
3895.62776,7672,7672,7099,0,4026531840,sshd,ip-10-100-1-57,217,getdents64,[],3,96,"[{'name': 'fd', 'type': 'int', 'value': 5}, {'name': 'dirp', 'type': 'struct linux_dirent64*', 'value': '0x55D460696800'}, {'name': 'count', 'type': 'size_t', 'value': 32768}]",0,0
3895.627809,7672,7672,7099,0,4026531840,sshd,ip-10-100-1-57,41,socket,[],3,8,"[{'name': 'domain', 'type': 'int', 'value': 'AF_UNIX'}, {'name': 'type', 'type': 'const char*', 'value': 'SOCK_STREAM|SOCK_NONBLOCK|SOCK_CLOEXEC'}, {'name': 'protocol', 'type': 'int', 'value': 0}]",0,0
3895.627898,7672,7672,7099,0,4026531840,sshd,ip-10-100-1-57,42,connect,"[140520365216519, 7310315466561250676]",3,0,"[{'name': 'sockfd', 'type': 'int', 'value': 8}, {'name': 'addr', 'type': 'struct sockaddr*', 'value': ""{'sa_family': 'AF_UNIX','sun_path': '/run/systemd/userdb/io.systemd.DynamicUser'}""}, {'name': 'addrlen', 'type': 'int*', 'value': 45}]",0,0
3895.628253,7672,7672,7099,0,4026531840,sshd,ip-10-100-1-57,217,getdents64,[],3,0,"[{'name': 'fd', 'type': 'int', 'value': 5}, {'name': 'dirp', 'type': 'struct linux_dirent64*', 'value': '0x55D460696800'}, {'name': 'count', 'type': 'size_t', 'value': 32768}]",0,0
3895.628429,7672,7672,7099,0,4026531840,sshd,ip-10-100-1-57,3,close,[140520365163691],1,0,"[{'name': 'fd', 'type': 'int', 'value': 5}]",0,0
3895.628624,7672,7672,7099,0,4026531840,sshd,ip-10-100-1-57,1005,security_file_open,[],4,0,"[{'name': 'pathname', 'type': 'const char*', 'value': '/proc/sys/kernel/random/boot_id'}, {'name': 'flags', 'type': 'int', 'value': 'O_RDONLY|O_NOCTTY|O_LARGEFILE'}, {'name': 'dev', 'type': 'dev_t', 'value': 5}, {'name': 'inode', 'type': 'unsigned long', 'value': 47320}]",0,0
3895.630176,7672,7672,7099,0,4026531840,sshd,ip-10-100-1-57,257,openat,[],4,5,"[{'name': 'dirfd', 'type': 'int', 'value': -100}, {'name': 'pathname', 'type': 'const char*', 'value': '/proc/sys/kernel/random/boot_id'}, {'name': 'flags', 'type': 'int', 'value': 'O_RDONLY|O_NOCTTY|O_CLOEXEC'}, {'name': 'mode', 'type': 'mode_t', 'value': 1920118443}]",0,0
3895.630504,7672,7672,7099,0,4026531840,sshd,ip-10-100-1-57,3,close,[],1,0,"[{'name': 'fd', 'type': 'int', 'value': 5}]",0,0
3895.630954,7672,7672,7099,0,4026531840,sshd,ip-10-100-1-57,3,close,[],1,0,"[{'name': 'fd', 'type': 'int', 'value': 8}]",0,0
3895.630283,7672,7672,7099,0,4026531840,sshd,ip-10-100-1-57,3,close,[],1,0,"[{'name': 'fd', 'type': 'int', 'value': 5}]",0,0
3895.632319,7672,7672,7099,0,4026531840,sshd,ip-10-100-1-57,3,close,[],1,0,"[{'name': 'fd', 'type': 'int', 'value': 9}]",0,0
3895.632413,7672,7672,7099,0,4026531840,sshd,ip-10-100-1-57,3,close,[],1,0,"[{'name': 'fd', 'type': 'int', 'value': 10}]",0,0
3895.632482,7672,7672,7099,0,4026531840,sshd,ip-10-100-1-57,1005,security_file_open,[140520365164124],4,0,"[{'name': 'pathname', 'type': 'const char*', 'value': '/usr/share/zoneinfo/Etc/UTC'}, {'name': 'flags', 'type': 'int', 'value': 'O_RDONLY|O_LARGEFILE'}, {'name': 'dev', 'type': 'dev_t', 'value': 211812353}, {'name': 'inode', 'type': 'unsigned long', 'value': 30883}]",0,0
3895.632721,7672,7672,7099,0,4026531840,sshd,ip-10-100-1-57,5,fstat,[],2,0,"[{'name': 'fd', 'type': 'int', 'value': 5}, {'name': 'statbuf', 'type': 'struct stat*', 'value': '0x7FFEB23C2870'}]",0,0
3895.632767,7672,7672,7099,0,4026531840,sshd,ip-10-100-1-57,5,fstat,[],2,0,"[{'name': 'fd', 'type': 'int', 'value': 5}, {'name': 'statbuf', 'type': 'struct stat*', 'value': '0x7FFEB23C26A0'}]",0,0
3895.632669,7672,7672,7099,0,4026531840,sshd,ip-10-100-1-57,257,openat,[],4,5,"[{'name': 'dirfd', 'type': 'int', 'value': -100}, {'name': 'pathname', 'type': 'const char*', 'value': '/etc/localtime'}, {'name': 'flags', 'type': 'int', 'value': 'O_RDONLY|O_CLOEXEC'}, {'name': 'mode', 'type': 'mode_t', 'value': 1920140892}]",0,0
3895.632848,7672,7672,7099,0,4026531840,sshd,ip-10-100-1-57,3,close,[140520365163691],1,0,"[{'name': 'fd', 'type': 'int', 'value': 5}]",0,0
3895.633045,7672,7672,7099,0,4026531840,sshd,ip-10-100-1-57,41,socket,[],3,5,"[{'name': 'domain', 'type': 'int', 'value': 'AF_UNIX'}, {'name': 'type', 'type': 'const char*', 'value': 'SOCK_DGRAM|SOCK_CLOEXEC'}, {'name': 'protocol', 'type': 'int', 'value': 0}]",0,0
3895.63313,7672,7672,7099,0,4026531840,sshd,ip-10-100-1-57,42,connect,[140520365216519],3,0,"[{'name': 'sockfd', 'type': 'int', 'value': 5}, {'name': 'addr', 'type': 'struct sockaddr*', 'value': ""{'sun_path': '/dev/log','sa_family': 'AF_UNIX'}""}, {'name': 'addrlen', 'type': 'int*', 'value': 110}]",0,0
3895.639998,7672,7672,7099,0,4026531840,sshd,ip-10-100-1-57,3,close,[],1,0,"[{'name': 'fd', 'type': 'int', 'value': 5}]",0,0
3895.640083,7672,7672,7099,0,4026531840,sshd,ip-10-100-1-57,1005,security_file_open,"[140520365141675, 8297038371372687919]",4,0,"[{'name': 'pathname', 'type': 'const char*', 'value': '/var/log/btmp'}, {'name': 'flags', 'type': 'int', 'value': 'O_WRONLY|O_APPEND|O_LARGEFILE'}, {'name': 'dev', 'type': 'dev_t', 'value': 211812353}, {'name': 'inode', 'type': 'unsigned long', 'value': 70285}]",0,0
3895.640163,7672,7672,7099,0,4026531840,sshd,ip-10-100-1-57,257,openat,[],4,5,"[{'name': 'dirfd', 'type': 'int', 'value': -100}, {'name': 'pathname', 'type': 'const char*', 'value': '/var/log/btmp'}, {'name': 'flags', 'type': 'int', 'value': 'O_WRONLY|O_APPEND'}, {'name': 'mode', 'type': 'mode_t', 'value': 1920118443}]",0,0
3895.640199,7672,7672,7099,0,4026531840,sshd,ip-10-100-1-57,5,fstat,"[140520365139593, 94370638916000]",2,0,"[{'name': 'fd', 'type': 'int', 'value': 5}, {'name': 'statbuf', 'type': 'struct stat*', 'value': '0x7FFEB23C3290'}]",0,0
3895.640313,7672,7672,7099,0,4026531840,sshd,ip-10-100-1-57,3,close,"[140520365144455, 9558327267730391040]",1,0,"[{'name': 'fd', 'type': 'int', 'value': 5}]",0,0
3895.640366,7672,7672,7099,0,4026531840,sshd,ip-10-100-1-57,41,socket,[],3,5,"[{'name': 'domain', 'type': 'int', 'value': 'AF_NETLINK'}, {'name': 'type', 'type': 'const char*', 'value': 'SOCK_RAW'}, {'name': 'protocol', 'type': 'int', 'value': 9}]",0,0
3895.640483,7672,7672,7099,0,4026531840,sshd,ip-10-100-1-57,1003,cap_capable,[140520365217770],1,0,"[{'name': 'cap', 'type': 'int', 'value': 'CAP_AUDIT_WRITE'}]",0,0
3895.640548,7672,7672,7099,0,4026531840,sshd,ip-10-100-1-57,3,close,"[140520365144455, 140520365720768]",1,0,"[{'name': 'fd', 'type': 'int', 'value': 5}]",0,0
3895.64268,7672,7672,7099,0,4026531840,sshd,ip-10-100-1-57,41,socket,"[140520365218059, 94370638829456]",3,5,"[{'name': 'domain', 'type': 'int', 'value': 'AF_NETLINK'}, {'name': 'type', 'type': 'const char*', 'value': 'SOCK_RAW'}, {'name': 'protocol', 'type': 'int', 'value': 9}]",0,0
3895.642872,7672,7672,7099,0,4026531840,sshd,ip-10-100-1-57,1003,cap_capable,[140520365217770],1,0,"[{'name': 'cap', 'type': 'int', 'value': 'CAP_AUDIT_WRITE'}]",0,0
3895.643047,7672,7672,7099,0,4026531840,sshd,ip-10-100-1-57,3,close,"[140520365144455, 140520365720768]",1,0,"[{'name': 'fd', 'type': 'int', 'value': 5}]",0,0
3895.643485,7672,7672,7099,0,4026531840,sshd,ip-10-100-1-57,1005,security_file_open,"[140520365141675, 28262342734079022]",4,0,"[{'name': 'pathname', 'type': 'const char*', 'value': '/etc/pam.d/sshd'}, {'name': 'flags', 'type': 'int', 'value': 'O_RDONLY|O_LARGEFILE'}, {'name': 'dev', 'type': 'dev_t', 'value': 211812353}, {'name': 'inode', 'type': 'unsigned long', 'value': 579}]",0,0
3895.64356,7672,7672,7099,0,4026531840,sshd,ip-10-100-1-57,257,openat,[],4,5,"[{'name': 'dirfd', 'type': 'int', 'value': -100}, {'name': 'pathname', 'type': 'const char*', 'value': '/etc/pam.d/sshd'}, {'name': 'flags', 'type': 'int', 'value': 'O_RDONLY'}, {'name': 'mode', 'type': 'mode_t', 'value': 1920118443}]",0,0
3895.6433,7672,7672,7099,0,4026531840,sshd,ip-10-100-1-57,4,stat,[],2,0,"[{'name': 'pathname', 'type': 'const char*', 'value': '/etc/pam.d'}, {'name': 'statbuf', 'type': 'struct stat*', 'value': '0x7FFEB23C33C0'}]",0,0
3895.643861,7672,7672,7099,0,4026531840,sshd,ip-10-100-1-57,4,stat,[],2,0,"[{'name': 'pathname', 'type': 'const char*', 'value': '/etc/pam.d'}, {'name': 'statbuf', 'type': 'struct stat*', 'value': '0x7FFEB23C2ED0'}]",0,0
3895.643607,7672,7672,7099,0,4026531840,sshd,ip-10-100-1-57,5,fstat,[],2,0,"[{'name': 'fd', 'type': 'int', 'value': 5}, {'name': 'statbuf', 'type': 'struct stat*', 'value': '0x7FFEB23C2C10'}]",0,0
3895.643915,7672,7672,7099,0,4026531840,sshd,ip-10-100-1-57,1005,security_file_open,[],4,0,"[{'name': 'pathname', 'type': 'const char*', 'value': '/etc/pam.d/common-auth'}, {'name': 'flags', 'type': 'int', 'value': 'O_RDONLY|O_LARGEFILE'}, {'name': 'dev', 'type': 'dev_t', 'value': 211812353}, {'name': 'inode', 'type': 'unsigned long', 'value': 256146}]",0,0
3895.64401,7672,7672,7099,0,4026531840,sshd,ip-10-100-1-57,257,openat,[],4,8,"[{'name': 'dirfd', 'type': 'int', 'value': -100}, {'name': 'pathname', 'type': 'const char*', 'value': '/etc/pam.d/common-auth'}, {'name': 'flags', 'type': 'int', 'value': 'O_RDONLY'}, {'name': 'mode', 'type': 'mode_t', 'value': 1920118443}]",0,0
3895.644143,7672,7672,7099,0,4026531840,sshd,ip-10-100-1-57,5,fstat,[],2,0,"[{'name': 'fd', 'type': 'int', 'value': 8}, {'name': 'statbuf', 'type': 'struct stat*', 'value': '0x7FFEB23C2600'}]",0,0
3895.644255,7672,7672,7099,0,4026531840,sshd,ip-10-100-1-57,1005,security_file_open,[],4,0,"[{'name': 'pathname', 'type': 'const char*', 'value': '/usr/lib/x86_64-linux-gnu/security/pam_unix.so'}, {'name': 'flags', 'type': 'int', 'value': 'O_RDONLY|O_LARGEFILE'}, {'name': 'dev', 'type': 'dev_t', 'value': 211812353}, {'name': 'inode', 'type': 'unsigned long', 'value': 3797}]",0,0
3895.644453,7672,7672,7099,0,4026531840,sshd,ip-10-100-1-57,257,openat,[],4,9,"[{'name': 'dirfd', 'type': 'int', 'value': -100}, {'name': 'pathname', 'type': 'const char*', 'value': '/lib/x86_64-linux-gnu/security/pam_unix.so'}, {'name': 'flags', 'type': 'int', 'value': 'O_RDONLY|O_CLOEXEC'}, {'name': 'mode', 'type': 'mode_t', 'value': 1927016280}]",0,0
3895.644674,7672,7672,7099,0,4026531840,sshd,ip-10-100-1-57,5,fstat,[],2,0,"[{'name': 'fd', 'type': 'int', 'value': 9}, {'name': 'statbuf', 'type': 'struct stat*', 'value': '0x7FFEB23C1E00'}]",0,0
3895.646322,7672,7672,7099,0,4026531840,sshd,ip-10-100-1-57,3,close,[],1,0,"[{'name': 'fd', 'type': 'int', 'value': 9}]",0,0
3895.646595,7672,7672,7099,0,4026531840,sshd,ip-10-100-1-57,1005,security_file_open,[],4,0,"[{'name': 'pathname', 'type': 'const char*', 'value': '/usr/lib/x86_64-linux-gnu/security/pam_succeed_if.so'}, {'name': 'flags', 'type': 'int', 'value': 'O_RDONLY|O_LARGEFILE'}, {'name': 'dev', 'type': 'dev_t', 'value': 211812353}, {'name': 'inode', 'type': 'unsigned long', 'value': 3790}]",0,0
3895.646655,7672,7672,7099,0,4026531840,sshd,ip-10-100-1-57,257,openat,[],4,9,"[{'name': 'dirfd', 'type': 'int', 'value': -100}, {'name': 'pathname', 'type': 'const char*', 'value': '/lib/x86_64-linux-gnu/security/pam_succeed_if.so'}, {'name': 'flags', 'type': 'int', 'value': 'O_RDONLY|O_CLOEXEC'}, {'name': 'mode', 'type': 'mode_t', 'value': 1927016280}]",0,0
3895.646846,7672,7672,7099,0,4026531840,sshd,ip-10-100-1-57,5,fstat,[],2,0,"[{'name': 'fd', 'type': 'int', 'value': 9}, {'name': 'statbuf', 'type': 'struct stat*', 'value': '0x7FFEB23C1E00'}]",0,0
3895.646975,7672,7672,7099,0,4026531840,sshd,ip-10-100-1-57,3,close,[],1,0,"[{'name': 'fd', 'type': 'int', 'value': 9}]",0,0
3895.648011,7672,7672,7099,0,4026531840,sshd,ip-10-100-1-57,1005,security_file_open,[],4,0,"[{'name': 'pathname', 'type': 'const char*', 'value': '/usr/lib/x86_64-linux-gnu/security/pam_deny.so'}, {'name': 'flags', 'type': 'int', 'value': 'O_RDONLY|O_LARGEFILE'}, {'name': 'dev', 'type': 'dev_t', 'value': 211812353}, {'name': 'inode', 'type': 'unsigned long', 'value': 3759}]",0,0
3895.64813,7672,7672,7099,0,4026531840,sshd,ip-10-100-1-57,257,openat,[],4,9,"[{'name': 'dirfd', 'type': 'int', 'value': -100}, {'name': 'pathname', 'type': 'const char*', 'value': '/lib/x86_64-linux-gnu/security/pam_deny.so'}, {'name': 'flags', 'type': 'int', 'value': 'O_RDONLY|O_CLOEXEC'}, {'name': 'mode', 'type': 'mode_t', 'value': 1927016280}]",0,0
3895.648378,7672,7672,7099,0,4026531840,sshd,ip-10-100-1-57,3,close,[],1,0,"[{'name': 'fd', 'type': 'int', 'value': 9}]",0,0
3895.648177,7672,7672,7099,0,4026531840,sshd,ip-10-100-1-57,5,fstat,[],2,0,"[{'name': 'fd', 'type': 'int', 'value': 9}, {'name': 'statbuf', 'type': 'struct stat*', 'value': '0x7FFEB23C1E00'}]",0,0
3895.648483,7672,7672,7099,0,4026531840,sshd,ip-10-100-1-57,1005,security_file_open,[],4,0,"[{'name': 'pathname', 'type': 'const char*', 'value': '/usr/lib/x86_64-linux-gnu/security/pam_permit.so'}, {'name': 'flags', 'type': 'int', 'value': 'O_RDONLY|O_LARGEFILE'}, {'name': 'dev', 'type': 'dev_t', 'value': 211812353}, {'name': 'inode', 'type': 'unsigned long', 'value': 3781}]",0,0
3895.648678,7672,7672,7099,0,4026531840,sshd,ip-10-100-1-57,257,openat,[],4,9,"[{'name': 'dirfd', 'type': 'int', 'value': -100}, {'name': 'pathname', 'type': 'const char*', 'value': '/lib/x86_64-linux-gnu/security/pam_permit.so'}, {'name': 'flags', 'type': 'int', 'value': 'O_RDONLY|O_CLOEXEC'}, {'name': 'mode', 'type': 'mode_t', 'value': 1927016280}]",0,0
3895.648745,7672,7672,7099,0,4026531840,sshd,ip-10-100-1-57,5,fstat,[],2,0,"[{'name': 'fd', 'type': 'int', 'value': 9}, {'name': 'statbuf', 'type': 'struct stat*', 'value': '0x7FFEB23C1E00'}]",0,0
3895.648873,7672,7672,7099,0,4026531840,sshd,ip-10-100-1-57,3,close,[],1,0,"[{'name': 'fd', 'type': 'int', 'value': 9}]",0,0
3895.649127,7672,7672,7099,0,4026531840,sshd,ip-10-100-1-57,3,close,[140520365163691],1,0,"[{'name': 'fd', 'type': 'int', 'value': 8}]",0,0
3895.650329,7672,7672,7099,0,4026531840,sshd,ip-10-100-1-57,1005,security_file_open,[],4,0,"[{'name': 'pathname', 'type': 'const char*', 'value': '/usr/lib/x86_64-linux-gnu/security/pam_nologin.so'}, {'name': 'flags', 'type': 'int', 'value': 'O_RDONLY|O_LARGEFILE'}, {'name': 'dev', 'type': 'dev_t', 'value': 211812353}, {'name': 'inode', 'type': 'unsigned long', 'value': 3780}]",0,0
3895.650414,7672,7672,7099,0,4026531840,sshd,ip-10-100-1-57,257,openat,[],4,8,"[{'name': 'dirfd', 'type': 'int', 'value': -100}, {'name': 'pathname', 'type': 'const char*', 'value': '/lib/x86_64-linux-gnu/security/pam_nologin.so'}, {'name': 'flags', 'type': 'int', 'value': 'O_RDONLY|O_CLOEXEC'}, {'name': 'mode', 'type': 'mode_t', 'value': 1927016280}]",0,0
3895.651104,7672,7672,7099,0,4026531840,sshd,ip-10-100-1-57,5,fstat,[],2,0,"[{'name': 'fd', 'type': 'int', 'value': 8}, {'name': 'statbuf', 'type': 'struct stat*', 'value': '0x7FFEB23C2410'}]",0,0
3895.651253,7672,7672,7099,0,4026531840,sshd,ip-10-100-1-57,3,close,[],1,0,"[{'name': 'fd', 'type': 'int', 'value': 8}]",0,0
3895.651484,7672,7672,7099,0,4026531840,sshd,ip-10-100-1-57,4,stat,[],2,0,"[{'name': 'pathname', 'type': 'const char*', 'value': '/etc/pam.d'}, {'name': 'statbuf', 'type': 'struct stat*', 'value': '0x7FFEB23C2ED0'}]",0,0
3895.652368,7672,7672,7099,0,4026531840,sshd,ip-10-100-1-57,1005,security_file_open,[],4,0,"[{'name': 'pathname', 'type': 'const char*', 'value': '/etc/pam.d/common-account'}, {'name': 'flags', 'type': 'int', 'value': 'O_RDONLY|O_LARGEFILE'}, {'name': 'dev', 'type': 'dev_t', 'value': 211812353}, {'name': 'inode', 'type': 'unsigned long', 'value': 560}]",0,0
3895.652468,7672,7672,7099,0,4026531840,sshd,ip-10-100-1-57,257,openat,[],4,8,"[{'name': 'dirfd', 'type': 'int', 'value': -100}, {'name': 'pathname', 'type': 'const char*', 'value': '/etc/pam.d/common-account'}, {'name': 'flags', 'type': 'int', 'value': 'O_RDONLY'}, {'name': 'mode', 'type': 'mode_t', 'value': 1920118443}]",0,0
3895.652507,7672,7672,7099,0,4026531840,sshd,ip-10-100-1-57,5,fstat,[],2,0,"[{'name': 'fd', 'type': 'int', 'value': 8}, {'name': 'statbuf', 'type': 'struct stat*', 'value': '0x7FFEB23C2600'}]",0,0
3895.652704,7672,7672,7099,0,4026531840,sshd,ip-10-100-1-57,3,close,[140520365163691],1,0,"[{'name': 'fd', 'type': 'int', 'value': 8}]",0,0
3895.652799,7672,7672,7099,0,4026531840,sshd,ip-10-100-1-57,1005,security_file_open,[],4,0,"[{'name': 'pathname', 'type': 'const char*', 'value': '/usr/lib/x86_64-linux-gnu/security/pam_selinux.so'}, {'name': 'flags', 'type': 'int', 'value': 'O_RDONLY|O_LARGEFILE'}, {'name': 'dev', 'type': 'dev_t', 'value': 211812353}, {'name': 'inode', 'type': 'unsigned long', 'value': 3786}]",0,0
3895.652859,7672,7672,7099,0,4026531840,sshd,ip-10-100-1-57,257,openat,[],4,8,"[{'name': 'dirfd', 'type': 'int', 'value': -100}, {'name': 'pathname', 'type': 'const char*', 'value': '/lib/x86_64-linux-gnu/security/pam_selinux.so'}, {'name': 'flags', 'type': 'int', 'value': 'O_RDONLY|O_CLOEXEC'}, {'name': 'mode', 'type': 'mode_t', 'value': 1927016280}]",0,0
3895.652919,7672,7672,7099,0,4026531840,sshd,ip-10-100-1-57,5,fstat,[],2,0,"[{'name': 'fd', 'type': 'int', 'value': 8}, {'name': 'statbuf', 'type': 'struct stat*', 'value': '0x7FFEB23C2410'}]",0,0
3895.653173,7672,7672,7099,0,4026531840,sshd,ip-10-100-1-57,3,close,[],1,0,"[{'name': 'fd', 'type': 'int', 'value': 8}]",0,0
3895.65341,7672,7672,7099,0,4026531840,sshd,ip-10-100-1-57,1005,security_file_open,[],4,0,"[{'name': 'pathname', 'type': 'const char*', 'value': '/usr/lib/x86_64-linux-gnu/security/pam_loginuid.so'}, {'name': 'flags', 'type': 'int', 'value': 'O_RDONLY|O_LARGEFILE'}, {'name': 'dev', 'type': 'dev_t', 'value': 211812353}, {'name': 'inode', 'type': 'unsigned long', 'value': 3775}]",0,0
3895.653586,7672,7672,7099,0,4026531840,sshd,ip-10-100-1-57,257,openat,[],4,8,"[{'name': 'dirfd', 'type': 'int', 'value': -100}, {'name': 'pathname', 'type': 'const char*', 'value': '/lib/x86_64-linux-gnu/security/pam_loginuid.so'}, {'name': 'flags', 'type': 'int', 'value': 'O_RDONLY|O_CLOEXEC'}, {'name': 'mode', 'type': 'mode_t', 'value': 1927016280}]",0,0
3895.653669,7672,7672,7099,0,4026531840,sshd,ip-10-100-1-57,5,fstat,[],2,0,"[{'name': 'fd', 'type': 'int', 'value': 8}, {'name': 'statbuf', 'type': 'struct stat*', 'value': '0x7FFEB23C2410'}]",0,0
3895.653905,7672,7672,7099,0,4026531840,sshd,ip-10-100-1-57,3,close,[],1,0,"[{'name': 'fd', 'type': 'int', 'value': 8}]",0,0
3895.654129,7672,7672,7099,0,4026531840,sshd,ip-10-100-1-57,1005,security_file_open,[],4,0,"[{'name': 'pathname', 'type': 'const char*', 'value': '/usr/lib/x86_64-linux-gnu/security/pam_keyinit.so'}, {'name': 'flags', 'type': 'int', 'value': 'O_RDONLY|O_LARGEFILE'}, {'name': 'dev', 'type': 'dev_t', 'value': 211812353}, {'name': 'inode', 'type': 'unsigned long', 'value': 3770}]",0,0
3895.654278,7672,7672,7099,0,4026531840,sshd,ip-10-100-1-57,257,openat,[],4,8,"[{'name': 'dirfd', 'type': 'int', 'value': -100}, {'name': 'pathname', 'type': 'const char*', 'value': '/lib/x86_64-linux-gnu/security/pam_keyinit.so'}, {'name': 'flags', 'type': 'int', 'value': 'O_RDONLY|O_CLOEXEC'}, {'name': 'mode', 'type': 'mode_t', 'value': 1927016280}]",0,0
3895.654328,7672,7672,7099,0,4026531840,sshd,ip-10-100-1-57,5,fstat,[],2,0,"[{'name': 'fd', 'type': 'int', 'value': 8}, {'name': 'statbuf', 'type': 'struct stat*', 'value': '0x7FFEB23C2410'}]",0,0
3895.654449,7672,7672,7099,0,4026531840,sshd,ip-10-100-1-57,3,close,[],1,0,"[{'name': 'fd', 'type': 'int', 'value': 8}]",0,0
3895.654664,7672,7672,7099,0,4026531840,sshd,ip-10-100-1-57,4,stat,[],2,0,"[{'name': 'pathname', 'type': 'const char*', 'value': '/etc/pam.d'}, {'name': 'statbuf', 'type': 'struct stat*', 'value': '0x7FFEB23C2ED0'}]",0,0
3895.654843,7672,7672,7099,0,4026531840,sshd,ip-10-100-1-57,1005,security_file_open,[],4,0,"[{'name': 'pathname', 'type': 'const char*', 'value': '/etc/pam.d/common-session'}, {'name': 'flags', 'type': 'int', 'value': 'O_RDONLY|O_LARGEFILE'}, {'name': 'dev', 'type': 'dev_t', 'value': 211812353}, {'name': 'inode', 'type': 'unsigned long', 'value': 562}]",0,0
3895.656411,7672,7672,7099,0,4026531840,sshd,ip-10-100-1-57,257,openat,[],4,8,"[{'name': 'dirfd', 'type': 'int', 'value': -100}, {'name': 'pathname', 'type': 'const char*', 'value': '/etc/pam.d/common-session'}, {'name': 'flags', 'type': 'int', 'value': 'O_RDONLY'}, {'name': 'mode', 'type': 'mode_t', 'value': 1920118443}]",0,0
3895.656503,7672,7672,7099,0,4026531840,sshd,ip-10-100-1-57,5,fstat,[],2,0,"[{'name': 'fd', 'type': 'int', 'value': 8}, {'name': 'statbuf', 'type': 'struct stat*', 'value': '0x7FFEB23C2600'}]",0,0
3895.656576,7672,7672,7099,0,4026531840,sshd,ip-10-100-1-57,1005,security_file_open,[],4,0,"[{'name': 'pathname', 'type': 'const char*', 'value': '/usr/lib/x86_64-linux-gnu/security/pam_umask.so'}, {'name': 'flags', 'type': 'int', 'value': 'O_RDONLY|O_LARGEFILE'}, {'name': 'dev', 'type': 'dev_t', 'value': 211812353}, {'name': 'inode', 'type': 'unsigned long', 'value': 3796}]",0,0
3895.656715,7672,7672,7099,0,4026531840,sshd,ip-10-100-1-57,257,openat,[],4,9,"[{'name': 'dirfd', 'type': 'int', 'value': -100}, {'name': 'pathname', 'type': 'const char*', 'value': '/lib/x86_64-linux-gnu/security/pam_umask.so'}, {'name': 'flags', 'type': 'int', 'value': 'O_RDONLY|O_CLOEXEC'}, {'name': 'mode', 'type': 'mode_t', 'value': 1927016280}]",0,0
3895.656856,7672,7672,7099,0,4026531840,sshd,ip-10-100-1-57,5,fstat,[],2,0,"[{'name': 'fd', 'type': 'int', 'value': 9}, {'name': 'statbuf', 'type': 'struct stat*', 'value': '0x7FFEB23C1E00'}]",0,0
3895.656955,7672,7672,7099,0,4026531840,sshd,ip-10-100-1-57,3,close,[],1,0,"[{'name': 'fd', 'type': 'int', 'value': 9}]",0,0
3895.658203,7672,7672,7099,0,4026531840,sshd,ip-10-100-1-57,1005,security_file_open,[],4,0,"[{'name': 'pathname', 'type': 'const char*', 'value': '/usr/lib/x86_64-linux-gnu/security/pam_systemd.so'}, {'name': 'flags', 'type': 'int', 'value': 'O_RDONLY|O_LARGEFILE'}, {'name': 'dev', 'type': 'dev_t', 'value': 211812353}, {'name': 'inode', 'type': 'unsigned long', 'value': 3760}]",0,0
3895.658289,7672,7672,7099,0,4026531840,sshd,ip-10-100-1-57,257,openat,[],4,9,"[{'name': 'dirfd', 'type': 'int', 'value': -100}, {'name': 'pathname', 'type': 'const char*', 'value': '/lib/x86_64-linux-gnu/security/pam_systemd.so'}, {'name': 'flags', 'type': 'int', 'value': 'O_RDONLY|O_CLOEXEC'}, {'name': 'mode', 'type': 'mode_t', 'value': 1927016280}]",0,0
3895.658333,7672,7672,7099,0,4026531840,sshd,ip-10-100-1-57,5,fstat,[],2,0,"[{'name': 'fd', 'type': 'int', 'value': 9}, {'name': 'statbuf', 'type': 'struct stat*', 'value': '0x7FFEB23C1E00'}]",0,0
3895.65927,7672,7672,7099,0,4026531840,sshd,ip-10-100-1-57,3,close,[],1,0,"[{'name': 'fd', 'type': 'int', 'value': 9}]",0,0
3895.659351,7672,7672,7099,0,4026531840,sshd,ip-10-100-1-57,1005,security_file_open,"[140520372039512, 140520371956106]",4,0,"[{'name': 'pathname', 'type': 'const char*', 'value': '/etc/ld.so.cache'}, {'name': 'flags', 'type': 'int', 'value': 'O_RDONLY|O_LARGEFILE'}, {'name': 'dev', 'type': 'dev_t', 'value': 211812353}, {'name': 'inode', 'type': 'unsigned long', 'value': 62841}]",0,0
3895.659465,7672,7672,7099,0,4026531840,sshd,ip-10-100-1-57,257,openat,[],4,9,"[{'name': 'dirfd', 'type': 'int', 'value': -100}, {'name': 'pathname', 'type': 'const char*', 'value': '/etc/ld.so.cache'}, {'name': 'flags', 'type': 'int', 'value': 'O_RDONLY|O_CLOEXEC'}, {'name': 'mode', 'type': 'mode_t', 'value': 1927016280}]",0,0
3895.659513,7672,7672,7099,0,4026531840,sshd,ip-10-100-1-57,5,fstat,[],2,0,"[{'name': 'fd', 'type': 'int', 'value': 9}, {'name': 'statbuf', 'type': 'struct stat*', 'value': '0x7FFEB23C1710'}]",0,0
3895.659718,7672,7672,7099,0,4026531840,sshd,ip-10-100-1-57,3,close,[],1,0,"[{'name': 'fd', 'type': 'int', 'value': 9}]",0,0
3895.659801,7672,7672,7099,0,4026531840,sshd,ip-10-100-1-57,1005,security_file_open,"[140520372039512, 140520371956173]",4,0,"[{'name': 'pathname', 'type': 'const char*', 'value': '/usr/lib/x86_64-linux-gnu/libpam_misc.so.0.82.1'}, {'name': 'flags', 'type': 'int', 'value': 'O_RDONLY|O_LARGEFILE'}, {'name': 'dev', 'type': 'dev_t', 'value': 211812353}, {'name': 'inode', 'type': 'unsigned long', 'value': 4524}]",0,0
3895.659846,7672,7672,7099,0,4026531840,sshd,ip-10-100-1-57,257,openat,[],4,9,"[{'name': 'dirfd', 'type': 'int', 'value': -100}, {'name': 'pathname', 'type': 'const char*', 'value': '/lib/x86_64-linux-gnu/libpam_misc.so.0'}, {'name': 'flags', 'type': 'int', 'value': 'O_RDONLY|O_CLOEXEC'}, {'name': 'mode', 'type': 'mode_t', 'value': 1927016280}]",0,0
3895.659885,7672,7672,7099,0,4026531840,sshd,ip-10-100-1-57,5,fstat,[],2,0,"[{'name': 'fd', 'type': 'int', 'value': 9}, {'name': 'statbuf', 'type': 'struct stat*', 'value': '0x7FFEB23C1760'}]",0,0
3895.662443,7672,7672,7099,0,4026531840,sshd,ip-10-100-1-57,3,close,[],1,0,"[{'name': 'fd', 'type': 'int', 'value': 9}]",0,0
3895.663362,7672,7672,7099,0,4026531840,sshd,ip-10-100-1-57,3,close,[140520365163691],1,0,"[{'name': 'fd', 'type': 'int', 'value': 8}]",0,0
3895.663458,7672,7672,7099,0,4026531840,sshd,ip-10-100-1-57,1005,security_file_open,[],4,0,"[{'name': 'pathname', 'type': 'const char*', 'value': '/usr/lib/x86_64-linux-gnu/security/pam_motd.so'}, {'name': 'flags', 'type': 'int', 'value': 'O_RDONLY|O_LARGEFILE'}, {'name': 'dev', 'type': 'dev_t', 'value': 211812353}, {'name': 'inode', 'type': 'unsigned long', 'value': 3778}]",0,0
3895.663511,7672,7672,7099,0,4026531840,sshd,ip-10-100-1-57,257,openat,[],4,8,"[{'name': 'dirfd', 'type': 'int', 'value': -100}, {'name': 'pathname', 'type': 'const char*', 'value': '/lib/x86_64-linux-gnu/security/pam_motd.so'}, {'name': 'flags', 'type': 'int', 'value': 'O_RDONLY|O_CLOEXEC'}, {'name': 'mode', 'type': 'mode_t', 'value': 1927016280}]",0,0
3895.663626,7672,7672,7099,0,4026531840,sshd,ip-10-100-1-57,5,fstat,[],2,0,"[{'name': 'fd', 'type': 'int', 'value': 8}, {'name': 'statbuf', 'type': 'struct stat*', 'value': '0x7FFEB23C2410'}]",0,0
3895.663845,7672,7672,7099,0,4026531840,sshd,ip-10-100-1-57,3,close,[],1,0,"[{'name': 'fd', 'type': 'int', 'value': 8}]",0,0
3895.664929,7672,7672,7099,0,4026531840,sshd,ip-10-100-1-57,1005,security_file_open,[],4,0,"[{'name': 'pathname', 'type': 'const char*', 'value': '/usr/lib/x86_64-linux-gnu/security/pam_mail.so'}, {'name': 'flags', 'type': 'int', 'value': 'O_RDONLY|O_LARGEFILE'}, {'name': 'dev', 'type': 'dev_t', 'value': 211812353}, {'name': 'inode', 'type': 'unsigned long', 'value': 3776}]",0,0
3895.665002,7672,7672,7099,0,4026531840,sshd,ip-10-100-1-57,257,openat,[],4,8,"[{'name': 'dirfd', 'type': 'int', 'value': -100}, {'name': 'pathname', 'type': 'const char*', 'value': '/lib/x86_64-linux-gnu/security/pam_mail.so'}, {'name': 'flags', 'type': 'int', 'value': 'O_RDONLY|O_CLOEXEC'}, {'name': 'mode', 'type': 'mode_t', 'value': 1927016280}]",0,0
3895.665055,7672,7672,7099,0,4026531840,sshd,ip-10-100-1-57,5,fstat,[],2,0,"[{'name': 'fd', 'type': 'int', 'value': 8}, {'name': 'statbuf', 'type': 'struct stat*', 'value': '0x7FFEB23C2410'}]",0,0
3895.665181,7672,7672,7099,0,4026531840,sshd,ip-10-100-1-57,3,close,[],1,0,"[{'name': 'fd', 'type': 'int', 'value': 8}]",0,0
3895.665438,7672,7672,7099,0,4026531840,sshd,ip-10-100-1-57,1005,security_file_open,[],4,0,"[{'name': 'pathname', 'type': 'const char*', 'value': '/usr/lib/x86_64-linux-gnu/security/pam_limits.so'}, {'name': 'flags', 'type': 'int', 'value': 'O_RDONLY|O_LARGEFILE'}, {'name': 'dev', 'type': 'dev_t', 'value': 211812353}, {'name': 'inode', 'type': 'unsigned long', 'value': 3772}]",0,0
3895.665657,7672,7672,7099,0,4026531840,sshd,ip-10-100-1-57,257,openat,[],4,8,"[{'name': 'dirfd', 'type': 'int', 'value': -100}, {'name': 'pathname', 'type': 'const char*', 'value': '/lib/x86_64-linux-gnu/security/pam_limits.so'}, {'name': 'flags', 'type': 'int', 'value': 'O_RDONLY|O_CLOEXEC'}, {'name': 'mode', 'type': 'mode_t', 'value': 1927016280}]",0,0
3895.666792,7672,7672,7099,0,4026531840,sshd,ip-10-100-1-57,5,fstat,[],2,0,"[{'name': 'fd', 'type': 'int', 'value': 8}, {'name': 'statbuf', 'type': 'struct stat*', 'value': '0x7FFEB23C2410'}]",0,0
3895.666915,7672,7672,7099,0,4026531840,sshd,ip-10-100-1-57,3,close,[],1,0,"[{'name': 'fd', 'type': 'int', 'value': 8}]",0,0
3895.667128,7672,7672,7099,0,4026531840,sshd,ip-10-100-1-57,1005,security_file_open,[],4,0,"[{'name': 'pathname', 'type': 'const char*', 'value': '/usr/lib/x86_64-linux-gnu/security/pam_env.so'}, {'name': 'flags', 'type': 'int', 'value': 'O_RDONLY|O_LARGEFILE'}, {'name': 'dev', 'type': 'dev_t', 'value': 211812353}, {'name': 'inode', 'type': 'unsigned long', 'value': 3762}]",0,0
3895.667325,7672,7672,7099,0,4026531840,sshd,ip-10-100-1-57,257,openat,[],4,8,"[{'name': 'dirfd', 'type': 'int', 'value': -100}, {'name': 'pathname', 'type': 'const char*', 'value': '/lib/x86_64-linux-gnu/security/pam_env.so'}, {'name': 'flags', 'type': 'int', 'value': 'O_RDONLY|O_CLOEXEC'}, {'name': 'mode', 'type': 'mode_t', 'value': 1927016280}]",0,0
3895.667414,7672,7672,7099,0,4026531840,sshd,ip-10-100-1-57,5,fstat,[],2,0,"[{'name': 'fd', 'type': 'int', 'value': 8}, {'name': 'statbuf', 'type': 'struct stat*', 'value': '0x7FFEB23C2410'}]",0,0
3895.667523,7672,7672,7099,0,4026531840,sshd,ip-10-100-1-57,3,close,[],1,0,"[{'name': 'fd', 'type': 'int', 'value': 8}]",0,0
3895.667828,7672,7672,7099,0,4026531840,sshd,ip-10-100-1-57,4,stat,"[140520365139498, 94370638951125]",2,0,"[{'name': 'pathname', 'type': 'const char*', 'value': '/etc/pam.d'}, {'name': 'statbuf', 'type': 'struct stat*', 'value': '0x7FFEB23C2ED0'}]",0,0
3895.667979,7672,7672,7099,0,4026531840,sshd,ip-10-100-1-57,1005,security_file_open,[],4,0,"[{'name': 'pathname', 'type': 'const char*', 'value': '/etc/pam.d/common-password'}, {'name': 'flags', 'type': 'int', 'value': 'O_RDONLY|O_LARGEFILE'}, {'name': 'dev', 'type': 'dev_t', 'value': 211812353}, {'name': 'inode', 'type': 'unsigned long', 'value': 561}]",0,0
3895.668049,7672,7672,7099,0,4026531840,sshd,ip-10-100-1-57,257,openat,[],4,8,"[{'name': 'dirfd', 'type': 'int', 'value': -100}, {'name': 'pathname', 'type': 'const char*', 'value': '/etc/pam.d/common-password'}, {'name': 'flags', 'type': 'int', 'value': 'O_RDONLY'}, {'name': 'mode', 'type': 'mode_t', 'value': 1920118443}]",0,0
3895.668175,7672,7672,7099,0,4026531840,sshd,ip-10-100-1-57,5,fstat,[],2,0,"[{'name': 'fd', 'type': 'int', 'value': 8}, {'name': 'statbuf', 'type': 'struct stat*', 'value': '0x7FFEB23C2600'}]",0,0
3895.668248,7672,7672,7099,0,4026531840,sshd,ip-10-100-1-57,3,close,[140520365163691],1,0,"[{'name': 'fd', 'type': 'int', 'value': 8}]",0,0
3895.668411,7672,7672,7099,0,4026531840,sshd,ip-10-100-1-57,3,close,[],1,0,"[{'name': 'fd', 'type': 'int', 'value': 5}]",0,0
3895.668489,7672,7672,7099,0,4026531840,sshd,ip-10-100-1-57,1005,security_file_open,[],4,0,"[{'name': 'pathname', 'type': 'const char*', 'value': '/etc/pam.d/other'}, {'name': 'flags', 'type': 'int', 'value': 'O_RDONLY|O_LARGEFILE'}, {'name': 'dev', 'type': 'dev_t', 'value': 211812353}, {'name': 'inode', 'type': 'unsigned long', 'value': 563}]",0,0
3895.668734,7672,7672,7099,0,4026531840,sshd,ip-10-100-1-57,5,fstat,[],2,0,"[{'name': 'fd', 'type': 'int', 'value': 5}, {'name': 'statbuf', 'type': 'struct stat*', 'value': '0x7FFEB23C2C10'}]",0,0
3895.668557,7672,7672,7099,0,4026531840,sshd,ip-10-100-1-57,257,openat,[],4,5,"[{'name': 'dirfd', 'type': 'int', 'value': -100}, {'name': 'pathname', 'type': 'const char*', 'value': '/etc/pam.d/other'}, {'name': 'flags', 'type': 'int', 'value': 'O_RDONLY'}, {'name': 'mode', 'type': 'mode_t', 'value': 1920118443}]",0,0
3895.668792,7672,7672,7099,0,4026531840,sshd,ip-10-100-1-57,4,stat,"[140520365139498, 94370638988655]",2,0,"[{'name': 'pathname', 'type': 'const char*', 'value': '/etc/pam.d'}, {'name': 'statbuf', 'type': 'struct stat*', 'value': '0x7FFEB23C2ED0'}]",0,0
3895.668857,7672,7672,7099,0,4026531840,sshd,ip-10-100-1-57,1005,security_file_open,[],4,0,"[{'name': 'pathname', 'type': 'const char*', 'value': '/etc/pam.d/common-auth'}, {'name': 'flags', 'type': 'int', 'value': 'O_RDONLY|O_LARGEFILE'}, {'name': 'dev', 'type': 'dev_t', 'value': 211812353}, {'name': 'inode', 'type': 'unsigned long', 'value': 256146}]",0,0
3895.668913,7672,7672,7099,0,4026531840,sshd,ip-10-100-1-57,257,openat,[],4,8,"[{'name': 'dirfd', 'type': 'int', 'value': -100}, {'name': 'pathname', 'type': 'const char*', 'value': '/etc/pam.d/common-auth'}, {'name': 'flags', 'type': 'int', 'value': 'O_RDONLY'}, {'name': 'mode', 'type': 'mode_t', 'value': 1920118443}]",0,0
3895.668969,7672,7672,7099,0,4026531840,sshd,ip-10-100-1-57,5,fstat,[],2,0,"[{'name': 'fd', 'type': 'int', 'value': 8}, {'name': 'statbuf', 'type': 'struct stat*', 'value': '0x7FFEB23C2600'}]",0,0
3895.669203,7672,7672,7099,0,4026531840,sshd,ip-10-100-1-57,3,close,[],1,0,"[{'name': 'fd', 'type': 'int', 'value': 8}]",0,0
3895.669251,7672,7672,7099,0,4026531840,sshd,ip-10-100-1-57,4,stat,"[140520365139498, 94370638988679]",2,0,"[{'name': 'pathname', 'type': 'const char*', 'value': '/etc/pam.d'}, {'name': 'statbuf', 'type': 'struct stat*', 'value': '0x7FFEB23C2ED0'}]",0,0
3895.669396,7672,7672,7099,0,4026531840,sshd,ip-10-100-1-57,1005,security_file_open,[],4,0,"[{'name': 'pathname', 'type': 'const char*', 'value': '/etc/pam.d/common-account'}, {'name': 'flags', 'type': 'int', 'value': 'O_RDONLY|O_LARGEFILE'}, {'name': 'dev', 'type': 'dev_t', 'value': 211812353}, {'name': 'inode', 'type': 'unsigned long', 'value': 560}]",0,0
3895.669446,7672,7672,7099,0,4026531840,sshd,ip-10-100-1-57,257,openat,[],4,8,"[{'name': 'dirfd', 'type': 'int', 'value': -100}, {'name': 'pathname', 'type': 'const char*', 'value': '/etc/pam.d/common-account'}, {'name': 'flags', 'type': 'int', 'value': 'O_RDONLY'}, {'name': 'mode', 'type': 'mode_t', 'value': 1920118443}]",0,0
3895.669488,7672,7672,7099,0,4026531840,sshd,ip-10-100-1-57,5,fstat,[],2,0,"[{'name': 'fd', 'type': 'int', 'value': 8}, {'name': 'statbuf', 'type': 'struct stat*', 'value': '0x7FFEB23C2600'}]",0,0
3895.66962,7672,7672,7099,0,4026531840,sshd,ip-10-100-1-57,3,close,[],1,0,"[{'name': 'fd', 'type': 'int', 'value': 8}]",0,0
3895.66977,7672,7672,7099,0,4026531840,sshd,ip-10-100-1-57,4,stat,"[140520365139498, 94370638988704]",2,0,"[{'name': 'pathname', 'type': 'const char*', 'value': '/etc/pam.d'}, {'name': 'statbuf', 'type': 'struct stat*', 'value': '0x7FFEB23C2ED0'}]",0,0
3895.669859,7672,7672,7099,0,4026531840,sshd,ip-10-100-1-57,1005,security_file_open,[],4,0,"[{'name': 'pathname', 'type': 'const char*', 'value': '/etc/pam.d/common-password'}, {'name': 'flags', 'type': 'int', 'value': 'O_RDONLY|O_LARGEFILE'}, {'name': 'dev', 'type': 'dev_t', 'value': 211812353}, {'name': 'inode', 'type': 'unsigned long', 'value': 561}]",0,0
3895.67014,7672,7672,7099,0,4026531840,sshd,ip-10-100-1-57,257,openat,[],4,8,"[{'name': 'dirfd', 'type': 'int', 'value': -100}, {'name': 'pathname', 'type': 'const char*', 'value': '/etc/pam.d/common-password'}, {'name': 'flags', 'type': 'int', 'value': 'O_RDONLY'}, {'name': 'mode', 'type': 'mode_t', 'value': 1920118443}]",0,0
3895.670186,7672,7672,7099,0,4026531840,sshd,ip-10-100-1-57,5,fstat,[],2,0,"[{'name': 'fd', 'type': 'int', 'value': 8}, {'name': 'statbuf', 'type': 'struct stat*', 'value': '0x7FFEB23C2600'}]",0,0
3895.670267,7672,7672,7099,0,4026531840,sshd,ip-10-100-1-57,3,close,[],1,0,"[{'name': 'fd', 'type': 'int', 'value': 8}]",0,0
3895.67031,7672,7672,7099,0,4026531840,sshd,ip-10-100-1-57,4,stat,"[140520365139498, 94370638988728]",2,0,"[{'name': 'pathname', 'type': 'const char*', 'value': '/etc/pam.d'}, {'name': 'statbuf', 'type': 'struct stat*', 'value': '0x7FFEB23C2ED0'}]",0,0
3895.67035,7672,7672,7099,0,4026531840,sshd,ip-10-100-1-57,1005,security_file_open,[],4,0,"[{'name': 'pathname', 'type': 'const char*', 'value': '/etc/pam.d/common-session'}, {'name': 'flags', 'type': 'int', 'value': 'O_RDONLY|O_LARGEFILE'}, {'name': 'dev', 'type': 'dev_t', 'value': 211812353}, {'name': 'inode', 'type': 'unsigned long', 'value': 562}]",0,0
3895.670523,7672,7672,7099,0,4026531840,sshd,ip-10-100-1-57,257,openat,[],4,8,"[{'name': 'dirfd', 'type': 'int', 'value': -100}, {'name': 'pathname', 'type': 'const char*', 'value': '/etc/pam.d/common-session'}, {'name': 'flags', 'type': 'int', 'value': 'O_RDONLY'}, {'name': 'mode', 'type': 'mode_t', 'value': 1920118443}]",0,0
3895.670622,7672,7672,7099,0,4026531840,sshd,ip-10-100-1-57,5,fstat,[],2,0,"[{'name': 'fd', 'type': 'int', 'value': 8}, {'name': 'statbuf', 'type': 'struct stat*', 'value': '0x7FFEB23C2600'}]",0,0
3895.670698,7672,7672,7099,0,4026531840,sshd,ip-10-100-1-57,3,close,[],1,0,"[{'name': 'fd', 'type': 'int', 'value': 8}]",0,0
3895.670872,7672,7672,7099,0,4026531840,sshd,ip-10-100-1-57,3,close,[],1,0,"[{'name': 'fd', 'type': 'int', 'value': 5}]",0,0
3895.670927,7672,7672,7099,0,4026531840,sshd,ip-10-100-1-57,51,getsockname,[140520365216715],3,0,"[{'name': 'sockfd', 'type': 'int', 'value': 4}, {'name': 'addr', 'type': 'void*', 'value': ""{'sin_addr': '10.100.1.57','sa_family': 'AF_INET','sin_port': '22'}""}, {'name': 'addrlen', 'type': 'int*', 'value': '0x7FFEB23C301C'}]",0,0
3895.671176,7672,7672,7099,0,4026531840,sshd,ip-10-100-1-57,1005,security_file_open,"[140520365141675, 32482207980220009]",4,0,"[{'name': 'pathname', 'type': 'const char*', 'value': '/etc/login.defs'}, {'name': 'flags', 'type': 'int', 'value': 'O_RDONLY|O_LARGEFILE'}, {'name': 'dev', 'type': 'dev_t', 'value': 211812353}, {'name': 'inode', 'type': 'unsigned long', 'value': 584}]",0,0
3895.671376,7672,7672,7099,0,4026531840,sshd,ip-10-100-1-57,257,openat,[],4,5,"[{'name': 'dirfd', 'type': 'int', 'value': -100}, {'name': 'pathname', 'type': 'const char*', 'value': '/etc/login.defs'}, {'name': 'flags', 'type': 'int', 'value': 'O_RDONLY'}, {'name': 'mode', 'type': 'mode_t', 'value': 1920118443}]",0,0
3895.671423,7672,7672,7099,0,4026531840,sshd,ip-10-100-1-57,5,fstat,[],2,0,"[{'name': 'fd', 'type': 'int', 'value': 5}, {'name': 'statbuf', 'type': 'struct stat*', 'value': '0x7FFEB23C3140'}]",0,0
3895.671519,7672,7672,7099,0,4026531840,sshd,ip-10-100-1-57,3,close,[],1,0,"[{'name': 'fd', 'type': 'int', 'value': 5}]",0,0
3895.671598,7672,7672,7099,0,4026531840,sshd,ip-10-100-1-57,4,stat,[],2,-2,"[{'name': 'pathname', 'type': 'const char*', 'value': '/etc/securetty'}, {'name': 'statbuf', 'type': 'struct stat*', 'value': '0x7FFEB23C3080'}]",0,0
3895.671802,7672,7672,7099,0,4026531840,sshd,ip-10-100-1-57,41,socket,[],3,5,"[{'name': 'domain', 'type': 'int', 'value': 'AF_UNIX'}, {'name': 'type', 'type': 'const char*', 'value': 'SOCK_DGRAM|SOCK_CLOEXEC'}, {'name': 'protocol', 'type': 'int', 'value': 0}]",0,0
3895.67195,7672,7672,7099,0,4026531840,sshd,ip-10-100-1-57,42,connect,[140520365216519],3,0,"[{'name': 'sockfd', 'type': 'int', 'value': 5}, {'name': 'addr', 'type': 'struct sockaddr*', 'value': ""{'sa_family': 'AF_UNIX','sun_path': '/dev/log'}""}, {'name': 'addrlen', 'type': 'int*', 'value': 110}]",0,0
3895.675968,7672,7672,7099,0,4026531840,sshd,ip-10-100-1-57,1005,security_file_open,[140520365164124],4,0,"[{'name': 'pathname', 'type': 'const char*', 'value': '/etc/passwd'}, {'name': 'flags', 'type': 'int', 'value': 'O_RDONLY|O_LARGEFILE'}, {'name': 'dev', 'type': 'dev_t', 'value': 211812353}, {'name': 'inode', 'type': 'unsigned long', 'value': 61241}]",0,0
3895.676027,7672,7672,7099,0,4026531840,sshd,ip-10-100-1-57,257,openat,[],4,8,"[{'name': 'dirfd', 'type': 'int', 'value': -100}, {'name': 'pathname', 'type': 'const char*', 'value': '/etc/passwd'}, {'name': 'flags', 'type': 'int', 'value': 'O_RDONLY|O_CLOEXEC'}, {'name': 'mode', 'type': 'mode_t', 'value': 1920140892}]",0,0
3895.676123,7672,7672,7099,0,4026531840,sshd,ip-10-100-1-57,5,fstat,[],2,0,"[{'name': 'fd', 'type': 'int', 'value': 8}, {'name': 'statbuf', 'type': 'struct stat*', 'value': '0x7FFEB23C2FD0'}]",0,0
3895.6762,7672,7672,7099,0,4026531840,sshd,ip-10-100-1-57,3,close,[140520365163691],1,0,"[{'name': 'fd', 'type': 'int', 'value': 8}]",0,0
3895.676335,7672,7672,7099,0,4026531840,sshd,ip-10-100-1-57,41,socket,[],3,8,"[{'name': 'domain', 'type': 'int', 'value': 'AF_UNIX'}, {'name': 'type', 'type': 'const char*', 'value': 'SOCK_DGRAM|SOCK_CLOEXEC'}, {'name': 'protocol', 'type': 'int', 'value': 0}]",0,0
3895.676393,7672,7672,7099,0,4026531840,sshd,ip-10-100-1-57,42,connect,[140520365216519],3,-111,"[{'name': 'sockfd', 'type': 'int', 'value': 8}, {'name': 'addr', 'type': 'struct sockaddr*', 'value': ""{'sun_path': 'userdb-c05d9fa2d2e27b60c284a2fb3d951382','sa_family': 'AF_UNIX'}""}, {'name': 'addrlen', 'type': 'int*', 'value': 42}]",0,0
3895.676554,7672,7672,7099,0,4026531840,sshd,ip-10-100-1-57,3,close,[],1,0,"[{'name': 'fd', 'type': 'int', 'value': 8}]",0,0
3895.676641,7672,7672,7099,0,4026531840,sshd,ip-10-100-1-57,1005,security_file_open,[],4,0,"[{'name': 'pathname', 'type': 'const char*', 'value': '/run/systemd/userdb'}, {'name': 'flags', 'type': 'int', 'value': 'O_RDONLY|O_NONBLOCK|O_LARGEFILE|O_DIRECTORY'}, {'name': 'dev', 'type': 'dev_t', 'value': 25}, {'name': 'inode', 'type': 'unsigned long', 'value': 46}]",0,0
3895.676713,7672,7672,7099,0,4026531840,sshd,ip-10-100-1-57,257,openat,[],4,8,"[{'name': 'dirfd', 'type': 'int', 'value': -100}, {'name': 'pathname', 'type': 'const char*', 'value': '/run/systemd/userdb/'}, {'name': 'flags', 'type': 'int', 'value': 'O_RDONLY|O_NONBLOCK|O_DIRECTORY|O_CLOEXEC'}, {'name': 'mode', 'type': 'mode_t', 'value': 1920140892}]",0,0
3895.676774,7672,7672,7099,0,4026531840,sshd,ip-10-100-1-57,5,fstat,[140520365139593],2,0,"[{'name': 'fd', 'type': 'int', 'value': 8}, {'name': 'statbuf', 'type': 'struct stat*', 'value': '0x7FFEB23C2EE0'}]",0,0
3895.676941,7672,7672,7099,0,4026531840,sshd,ip-10-100-1-57,217,getdents64,[],3,96,"[{'name': 'fd', 'type': 'int', 'value': 8}, {'name': 'dirp', 'type': 'struct linux_dirent64*', 'value': '0x55D4606A3AD0'}, {'name': 'count', 'type': 'size_t', 'value': 32768}]",0,0
3895.677036,7672,7672,7099,0,4026531840,sshd,ip-10-100-1-57,41,socket,[],3,9,"[{'name': 'domain', 'type': 'int', 'value': 'AF_UNIX'}, {'name': 'type', 'type': 'const char*', 'value': 'SOCK_STREAM|SOCK_NONBLOCK|SOCK_CLOEXEC'}, {'name': 'protocol', 'type': 'int', 'value': 0}]",0,0
3895.67718,7672,7672,7099,0,4026531840,sshd,ip-10-100-1-57,42,connect,"[140520365216519, 7310315466561250676]",3,0,"[{'name': 'sockfd', 'type': 'int', 'value': 9}, {'name': 'addr', 'type': 'struct sockaddr*', 'value': ""{'sa_family': 'AF_UNIX','sun_path': '/run/systemd/userdb/io.systemd.DynamicUser'}""}, {'name': 'addrlen', 'type': 'int*', 'value': 45}]",0,0
3895.677554,7672,7672,7099,0,4026531840,sshd,ip-10-100-1-57,217,getdents64,[],3,0,"[{'name': 'fd', 'type': 'int', 'value': 8}, {'name': 'dirp', 'type': 'struct linux_dirent64*', 'value': '0x55D4606A3AD0'}, {'name': 'count', 'type': 'size_t', 'value': 32768}]",0,0
3895.677707,7672,7672,7099,0,4026531840,sshd,ip-10-100-1-57,3,close,[],1,0,"[{'name': 'fd', 'type': 'int', 'value': 8}]",0,0
3895.67992,7672,7672,7099,0,4026531840,sshd,ip-10-100-1-57,3,close,[],1,0,"[{'name': 'fd', 'type': 'int', 'value': 9}]",0,0
3895.680453,7672,7672,7099,0,4026531840,sshd,ip-10-100-1-57,3,close,[],1,0,"[{'name': 'fd', 'type': 'int', 'value': 11}]",0,0
3895.680638,7672,7672,7099,0,4026531840,sshd,ip-10-100-1-57,1005,security_file_open,[140520365164124],4,0,"[{'name': 'pathname', 'type': 'const char*', 'value': '/etc/passwd'}, {'name': 'flags', 'type': 'int', 'value': 'O_RDONLY|O_LARGEFILE'}, {'name': 'dev', 'type': 'dev_t', 'value': 211812353}, {'name': 'inode', 'type': 'unsigned long', 'value': 61241}]",0,0
3895.680392,7672,7672,7099,0,4026531840,sshd,ip-10-100-1-57,3,close,[],1,0,"[{'name': 'fd', 'type': 'int', 'value': 10}]",0,0
3895.680737,7672,7672,7099,0,4026531840,sshd,ip-10-100-1-57,257,openat,[],4,8,"[{'name': 'dirfd', 'type': 'int', 'value': -100}, {'name': 'pathname', 'type': 'const char*', 'value': '/etc/passwd'}, {'name': 'flags', 'type': 'int', 'value': 'O_RDONLY|O_CLOEXEC'}, {'name': 'mode', 'type': 'mode_t', 'value': 1920140892}]",0,0
3895.681032,7672,7672,7099,0,4026531840,sshd,ip-10-100-1-57,5,fstat,[],2,0,"[{'name': 'fd', 'type': 'int', 'value': 8}, {'name': 'statbuf', 'type': 'struct stat*', 'value': '0x7FFEB23C2F90'}]",0,0
3895.68112,7672,7672,7099,0,4026531840,sshd,ip-10-100-1-57,3,close,[140520365163691],1,0,"[{'name': 'fd', 'type': 'int', 'value': 8}]",0,0
3895.681179,7672,7672,7099,0,4026531840,sshd,ip-10-100-1-57,41,socket,[],3,8,"[{'name': 'domain', 'type': 'int', 'value': 'AF_UNIX'}, {'name': 'type', 'type': 'const char*', 'value': 'SOCK_DGRAM|SOCK_CLOEXEC'}, {'name': 'protocol', 'type': 'int', 'value': 0}]",0,0
3895.681233,7672,7672,7099,0,4026531840,sshd,ip-10-100-1-57,42,connect,[140520365216519],3,-111,"[{'name': 'sockfd', 'type': 'int', 'value': 8}, {'name': 'addr', 'type': 'struct sockaddr*', 'value': ""{'sa_family': 'AF_UNIX','sun_path': 'userdb-c05d9fa2d2e27b60c284a2fb3d951382'}""}, {'name': 'addrlen', 'type': 'int*', 'value': 42}]",0,0
3895.681304,7672,7672,7099,0,4026531840,sshd,ip-10-100-1-57,3,close,[],1,0,"[{'name': 'fd', 'type': 'int', 'value': 8}]",0,0
3895.68136,7672,7672,7099,0,4026531840,sshd,ip-10-100-1-57,1005,security_file_open,[],4,0,"[{'name': 'pathname', 'type': 'const char*', 'value': '/run/systemd/userdb'}, {'name': 'flags', 'type': 'int', 'value': 'O_RDONLY|O_NONBLOCK|O_LARGEFILE|O_DIRECTORY'}, {'name': 'dev', 'type': 'dev_t', 'value': 25}, {'name': 'inode', 'type': 'unsigned long', 'value': 46}]",0,0
3895.681547,7672,7672,7099,0,4026531840,sshd,ip-10-100-1-57,257,openat,[],4,8,"[{'name': 'dirfd', 'type': 'int', 'value': -100}, {'name': 'pathname', 'type': 'const char*', 'value': '/run/systemd/userdb/'}, {'name': 'flags', 'type': 'int', 'value': 'O_RDONLY|O_NONBLOCK|O_DIRECTORY|O_CLOEXEC'}, {'name': 'mode', 'type': 'mode_t', 'value': 1920140892}]",0,0
3895.681597,7672,7672,7099,0,4026531840,sshd,ip-10-100-1-57,5,fstat,[140520365139593],2,0,"[{'name': 'fd', 'type': 'int', 'value': 8}, {'name': 'statbuf', 'type': 'struct stat*', 'value': '0x7FFEB23C2EA0'}]",0,0
3895.681657,7672,7672,7099,0,4026531840,sshd,ip-10-100-1-57,217,getdents64,[],3,96,"[{'name': 'fd', 'type': 'int', 'value': 8}, {'name': 'dirp', 'type': 'struct linux_dirent64*', 'value': '0x55D4606A3AD0'}, {'name': 'count', 'type': 'size_t', 'value': 32768}]",0,0
3895.68171,7672,7672,7099,0,4026531840,sshd,ip-10-100-1-57,41,socket,[],3,9,"[{'name': 'domain', 'type': 'int', 'value': 'AF_UNIX'}, {'name': 'type', 'type': 'const char*', 'value': 'SOCK_STREAM|SOCK_NONBLOCK|SOCK_CLOEXEC'}, {'name': 'protocol', 'type': 'int', 'value': 0}]",0,0
3895.681907,7672,7672,7099,0,4026531840,sshd,ip-10-100-1-57,42,connect,"[140520365216519, 7310315466561250676]",3,0,"[{'name': 'sockfd', 'type': 'int', 'value': 9}, {'name': 'addr', 'type': 'struct sockaddr*', 'value': ""{'sa_family': 'AF_UNIX','sun_path': '/run/systemd/userdb/io.systemd.DynamicUser'}""}, {'name': 'addrlen', 'type': 'int*', 'value': 45}]",0,0
3895.683905,7672,7672,7099,0,4026531840,sshd,ip-10-100-1-57,217,getdents64,[],3,0,"[{'name': 'fd', 'type': 'int', 'value': 8}, {'name': 'dirp', 'type': 'struct linux_dirent64*', 'value': '0x55D4606A3AD0'}, {'name': 'count', 'type': 'size_t', 'value': 32768}]",0,0
3895.68408,7672,7672,7099,0,4026531840,sshd,ip-10-100-1-57,3,close,[140520365163691],1,0,"[{'name': 'fd', 'type': 'int', 'value': 8}]",0,0
3895.685208,7672,7672,7099,0,4026531840,sshd,ip-10-100-1-57,3,close,[],1,0,"[{'name': 'fd', 'type': 'int', 'value': 9}]",0,0
3895.686035,7672,7672,7099,0,4026531840,sshd,ip-10-100-1-57,3,close,[],1,0,"[{'name': 'fd', 'type': 'int', 'value': 10}]",0,0
3895.686193,7672,7672,7099,0,4026531840,sshd,ip-10-100-1-57,3,close,[],1,0,"[{'name': 'fd', 'type': 'int', 'value': 11}]",0,0
3895.686706,7672,7672,7099,0,4026531840,sshd,ip-10-100-1-57,21,access,"[140520365142699, 1, 82]",2,-2,"[{'name': 'pathname', 'type': 'const char*', 'value': '/var/run/utmpx'}, {'name': 'mode', 'type': 'mode_t', 'value': 'F_OK'}]",0,0
3895.687637,7672,7672,7099,0,4026531840,sshd,ip-10-100-1-57,1005,security_file_open,[],4,0,"[{'name': 'pathname', 'type': 'const char*', 'value': '/run/utmp'}, {'name': 'flags', 'type': 'int', 'value': 'O_RDONLY|O_LARGEFILE'}, {'name': 'dev', 'type': 'dev_t', 'value': 25}, {'name': 'inode', 'type': 'unsigned long', 'value': 348}]",0,0
3895.68771,7672,7672,7099,0,4026531840,sshd,ip-10-100-1-57,257,openat,[],4,8,"[{'name': 'dirfd', 'type': 'int', 'value': -100}, {'name': 'pathname', 'type': 'const char*', 'value': '/var/run/utmp'}, {'name': 'flags', 'type': 'int', 'value': 'O_RDONLY|O_CLOEXEC'}, {'name': 'mode', 'type': 'mode_t', 'value': 1920140892}]",0,0
3895.687823,7672,7672,7099,0,4026531840,sshd,ip-10-100-1-57,3,close,[],1,0,"[{'name': 'fd', 'type': 'int', 'value': 8}]",0,0
3895.689031,7672,7672,7099,0,4026531840,sshd,ip-10-100-1-57,1005,security_file_open,[140520365164124],4,0,"[{'name': 'pathname', 'type': 'const char*', 'value': '/etc/passwd'}, {'name': 'flags', 'type': 'int', 'value': 'O_RDONLY|O_LARGEFILE'}, {'name': 'dev', 'type': 'dev_t', 'value': 211812353}, {'name': 'inode', 'type': 'unsigned long', 'value': 61241}]",0,0
3895.68937,7672,7672,7099,0,4026531840,sshd,ip-10-100-1-57,5,fstat,[],2,0,"[{'name': 'fd', 'type': 'int', 'value': 8}, {'name': 'statbuf', 'type': 'struct stat*', 'value': '0x7FFEB23C3030'}]",0,0
3895.689221,7672,7672,7099,0,4026531840,sshd,ip-10-100-1-57,257,openat,[],4,8,"[{'name': 'dirfd', 'type': 'int', 'value': -100}, {'name': 'pathname', 'type': 'const char*', 'value': '/etc/passwd'}, {'name': 'flags', 'type': 'int', 'value': 'O_RDONLY|O_CLOEXEC'}, {'name': 'mode', 'type': 'mode_t', 'value': 1920140892}]",0,0
3895.689582,7672,7672,7099,0,4026531840,sshd,ip-10-100-1-57,3,close,[140520365163691],1,0,"[{'name': 'fd', 'type': 'int', 'value': 8}]",0,0
3895.689651,7672,7672,7099,0,4026531840,sshd,ip-10-100-1-57,41,socket,[],3,8,"[{'name': 'domain', 'type': 'int', 'value': 'AF_UNIX'}, {'name': 'type', 'type': 'const char*', 'value': 'SOCK_DGRAM|SOCK_CLOEXEC'}, {'name': 'protocol', 'type': 'int', 'value': 0}]",0,0
3895.689849,7672,7672,7099,0,4026531840,sshd,ip-10-100-1-57,42,connect,[140520365216519],3,-111,"[{'name': 'sockfd', 'type': 'int', 'value': 8}, {'name': 'addr', 'type': 'struct sockaddr*', 'value': ""{'sa_family': 'AF_UNIX','sun_path': 'userdb-c05d9fa2d2e27b60c284a2fb3d951382'}""}, {'name': 'addrlen', 'type': 'int*', 'value': 42}]",0,0
3895.690005,7672,7672,7099,0,4026531840,sshd,ip-10-100-1-57,3,close,[],1,0,"[{'name': 'fd', 'type': 'int', 'value': 8}]",0,0
3895.690074,7672,7672,7099,0,4026531840,sshd,ip-10-100-1-57,1005,security_file_open,[],4,0,"[{'name': 'pathname', 'type': 'const char*', 'value': '/run/systemd/userdb'}, {'name': 'flags', 'type': 'int', 'value': 'O_RDONLY|O_NONBLOCK|O_LARGEFILE|O_DIRECTORY'}, {'name': 'dev', 'type': 'dev_t', 'value': 25}, {'name': 'inode', 'type': 'unsigned long', 'value': 46}]",0,0
3895.690257,7672,7672,7099,0,4026531840,sshd,ip-10-100-1-57,257,openat,[],4,8,"[{'name': 'dirfd', 'type': 'int', 'value': -100}, {'name': 'pathname', 'type': 'const char*', 'value': '/run/systemd/userdb/'}, {'name': 'flags', 'type': 'int', 'value': 'O_RDONLY|O_NONBLOCK|O_DIRECTORY|O_CLOEXEC'}, {'name': 'mode', 'type': 'mode_t', 'value': 1920140892}]",0,0
3895.690327,7672,7672,7099,0,4026531840,sshd,ip-10-100-1-57,5,fstat,[140520365139593],2,0,"[{'name': 'fd', 'type': 'int', 'value': 8}, {'name': 'statbuf', 'type': 'struct stat*', 'value': '0x7FFEB23C2F40'}]",0,0
3895.69037,7672,7672,7099,0,4026531840,sshd,ip-10-100-1-57,217,getdents64,[],3,96,"[{'name': 'fd', 'type': 'int', 'value': 8}, {'name': 'dirp', 'type': 'struct linux_dirent64*', 'value': '0x55D4606ABC30'}, {'name': 'count', 'type': 'size_t', 'value': 32768}]",0,0
3895.690527,7672,7672,7099,0,4026531840,sshd,ip-10-100-1-57,41,socket,[],3,9,"[{'name': 'domain', 'type': 'int', 'value': 'AF_UNIX'}, {'name': 'type', 'type': 'const char*', 'value': 'SOCK_STREAM|SOCK_NONBLOCK|SOCK_CLOEXEC'}, {'name': 'protocol', 'type': 'int', 'value': 0}]",0,0
3895.690616,7672,7672,7099,0,4026531840,sshd,ip-10-100-1-57,42,connect,"[140520365216519, 7310315466561250676]",3,0,"[{'name': 'sockfd', 'type': 'int', 'value': 9}, {'name': 'addr', 'type': 'struct sockaddr*', 'value': ""{'sun_path': '/run/systemd/userdb/io.systemd.DynamicUser','sa_family': 'AF_UNIX'}""}, {'name': 'addrlen', 'type': 'int*', 'value': 45}]",0,0
3895.691066,7672,7672,7099,0,4026531840,sshd,ip-10-100-1-57,3,close,[],1,0,"[{'name': 'fd', 'type': 'int', 'value': 8}]",0,0
3895.69089,7672,7672,7099,0,4026531840,sshd,ip-10-100-1-57,217,getdents64,[],3,0,"[{'name': 'fd', 'type': 'int', 'value': 8}, {'name': 'dirp', 'type': 'struct linux_dirent64*', 'value': '0x55D4606ABC30'}, {'name': 'count', 'type': 'size_t', 'value': 32768}]",0,0
3895.69325,7672,7672,7099,0,4026531840,sshd,ip-10-100-1-57,3,close,[],1,0,"[{'name': 'fd', 'type': 'int', 'value': 9}]",0,0
3895.69442,7672,7672,7099,0,4026531840,sshd,ip-10-100-1-57,3,close,[],1,0,"[{'name': 'fd', 'type': 'int', 'value': 10}]",0,0
3895.694466,7672,7672,7099,0,4026531840,sshd,ip-10-100-1-57,3,close,[],1,0,"[{'name': 'fd', 'type': 'int', 'value': 11}]",0,0
3895.694516,7672,7672,7099,0,4026531840,sshd,ip-10-100-1-57,1005,security_file_open,[140520365164124],4,0,"[{'name': 'pathname', 'type': 'const char*', 'value': '/etc/passwd'}, {'name': 'flags', 'type': 'int', 'value': 'O_RDONLY|O_LARGEFILE'}, {'name': 'dev', 'type': 'dev_t', 'value': 211812353}, {'name': 'inode', 'type': 'unsigned long', 'value': 61241}]",0,0
3895.694584,7672,7672,7099,0,4026531840,sshd,ip-10-100-1-57,257,openat,[],4,8,"[{'name': 'dirfd', 'type': 'int', 'value': -100}, {'name': 'pathname', 'type': 'const char*', 'value': '/etc/passwd'}, {'name': 'flags', 'type': 'int', 'value': 'O_RDONLY|O_CLOEXEC'}, {'name': 'mode', 'type': 'mode_t', 'value': 1920140892}]",0,0
3895.694624,7672,7672,7099,0,4026531840,sshd,ip-10-100-1-57,5,fstat,[],2,0,"[{'name': 'fd', 'type': 'int', 'value': 8}, {'name': 'statbuf', 'type': 'struct stat*', 'value': '0x7FFEB23C3030'}]",0,0
3895.694697,7672,7672,7099,0,4026531840,sshd,ip-10-100-1-57,3,close,[140520365163691],1,0,"[{'name': 'fd', 'type': 'int', 'value': 8}]",0,0
3895.69478,7672,7672,7099,0,4026531840,sshd,ip-10-100-1-57,41,socket,[],3,8,"[{'name': 'domain', 'type': 'int', 'value': 'AF_UNIX'}, {'name': 'type', 'type': 'const char*', 'value': 'SOCK_DGRAM|SOCK_CLOEXEC'}, {'name': 'protocol', 'type': 'int', 'value': 0}]",0,0
3895.694823,7672,7672,7099,0,4026531840,sshd,ip-10-100-1-57,42,connect,[140520365216519],3,-111,"[{'name': 'sockfd', 'type': 'int', 'value': 8}, {'name': 'addr', 'type': 'struct sockaddr*', 'value': ""{'sa_family': 'AF_UNIX','sun_path': 'userdb-c05d9fa2d2e27b60c284a2fb3d951382'}""}, {'name': 'addrlen', 'type': 'int*', 'value': 42}]",0,0
3895.694882,7672,7672,7099,0,4026531840,sshd,ip-10-100-1-57,3,close,[],1,0,"[{'name': 'fd', 'type': 'int', 'value': 8}]",0,0
3895.695043,7672,7672,7099,0,4026531840,sshd,ip-10-100-1-57,1005,security_file_open,[],4,0,"[{'name': 'pathname', 'type': 'const char*', 'value': '/run/systemd/userdb'}, {'name': 'flags', 'type': 'int', 'value': 'O_RDONLY|O_NONBLOCK|O_LARGEFILE|O_DIRECTORY'}, {'name': 'dev', 'type': 'dev_t', 'value': 25}, {'name': 'inode', 'type': 'unsigned long', 'value': 46}]",0,0
3895.695122,7672,7672,7099,0,4026531840,sshd,ip-10-100-1-57,257,openat,[],4,8,"[{'name': 'dirfd', 'type': 'int', 'value': -100}, {'name': 'pathname', 'type': 'const char*', 'value': '/run/systemd/userdb/'}, {'name': 'flags', 'type': 'int', 'value': 'O_RDONLY|O_NONBLOCK|O_DIRECTORY|O_CLOEXEC'}, {'name': 'mode', 'type': 'mode_t', 'value': 1920140892}]",0,0
3895.695178,7672,7672,7099,0,4026531840,sshd,ip-10-100-1-57,5,fstat,[140520365139593],2,0,"[{'name': 'fd', 'type': 'int', 'value': 8}, {'name': 'statbuf', 'type': 'struct stat*', 'value': '0x7FFEB23C2F40'}]",0,0
3895.695351,7672,7672,7099,0,4026531840,sshd,ip-10-100-1-57,217,getdents64,[],3,96,"[{'name': 'fd', 'type': 'int', 'value': 8}, {'name': 'dirp', 'type': 'struct linux_dirent64*', 'value': '0x55D4606ABC30'}, {'name': 'count', 'type': 'size_t', 'value': 32768}]",0,0
3895.695409,7672,7672,7099,0,4026531840,sshd,ip-10-100-1-57,41,socket,[],3,9,"[{'name': 'domain', 'type': 'int', 'value': 'AF_UNIX'}, {'name': 'type', 'type': 'const char*', 'value': 'SOCK_STREAM|SOCK_NONBLOCK|SOCK_CLOEXEC'}, {'name': 'protocol', 'type': 'int', 'value': 0}]",0,0
3895.695474,7672,7672,7099,0,4026531840,sshd,ip-10-100-1-57,42,connect,"[140520365216519, 7310315466561250676]",3,0,"[{'name': 'sockfd', 'type': 'int', 'value': 9}, {'name': 'addr', 'type': 'struct sockaddr*', 'value': ""{'sa_family': 'AF_UNIX','sun_path': '/run/systemd/userdb/io.systemd.DynamicUser'}""}, {'name': 'addrlen', 'type': 'int*', 'value': 45}]",0,0
3895.695755,7672,7672,7099,0,4026531840,sshd,ip-10-100-1-57,217,getdents64,[],3,0,"[{'name': 'fd', 'type': 'int', 'value': 8}, {'name': 'dirp', 'type': 'struct linux_dirent64*', 'value': '0x55D4606ABC30'}, {'name': 'count', 'type': 'size_t', 'value': 32768}]",0,0
3895.695951,7672,7672,7099,0,4026531840,sshd,ip-10-100-1-57,3,close,[],1,0,"[{'name': 'fd', 'type': 'int', 'value': 8}]",0,0
3895.698296,7672,7672,7099,0,4026531840,sshd,ip-10-100-1-57,3,close,[],1,0,"[{'name': 'fd', 'type': 'int', 'value': 9}]",0,0
3895.698603,7672,7672,7099,0,4026531840,sshd,ip-10-100-1-57,3,close,[],1,0,"[{'name': 'fd', 'type': 'int', 'value': 10}]",0,0
3895.698788,7672,7672,7099,0,4026531840,sshd,ip-10-100-1-57,3,close,[],1,0,"[{'name': 'fd', 'type': 'int', 'value': 11}]",0,0
3895.698847,7672,7672,7099,0,4026531840,sshd,ip-10-100-1-57,1005,security_file_open,[140520365164124],4,0,"[{'name': 'pathname', 'type': 'const char*', 'value': '/etc/passwd'}, {'name': 'flags', 'type': 'int', 'value': 'O_RDONLY|O_LARGEFILE'}, {'name': 'dev', 'type': 'dev_t', 'value': 211812353}, {'name': 'inode', 'type': 'unsigned long', 'value': 61241}]",0,0
3895.698928,7672,7672,7099,0,4026531840,sshd,ip-10-100-1-57,257,openat,[],4,8,"[{'name': 'dirfd', 'type': 'int', 'value': -100}, {'name': 'pathname', 'type': 'const char*', 'value': '/etc/passwd'}, {'name': 'flags', 'type': 'int', 'value': 'O_RDONLY|O_CLOEXEC'}, {'name': 'mode', 'type': 'mode_t', 'value': 1920140892}]",0,0
3895.699015,7672,7672,7099,0,4026531840,sshd,ip-10-100-1-57,5,fstat,[],2,0,"[{'name': 'fd', 'type': 'int', 'value': 8}, {'name': 'statbuf', 'type': 'struct stat*', 'value': '0x7FFEB23C3030'}]",0,0
3895.699224,7672,7672,7099,0,4026531840,sshd,ip-10-100-1-57,3,close,[140520365163691],1,0,"[{'name': 'fd', 'type': 'int', 'value': 8}]",0,0
3895.700396,7672,7672,7099,0,4026531840,sshd,ip-10-100-1-57,41,socket,[],3,8,"[{'name': 'domain', 'type': 'int', 'value': 'AF_UNIX'}, {'name': 'type', 'type': 'const char*', 'value': 'SOCK_DGRAM|SOCK_CLOEXEC'}, {'name': 'protocol', 'type': 'int', 'value': 0}]",0,0
3895.700447,7672,7672,7099,0,4026531840,sshd,ip-10-100-1-57,42,connect,[140520365216519],3,-111,"[{'name': 'sockfd', 'type': 'int', 'value': 8}, {'name': 'addr', 'type': 'struct sockaddr*', 'value': ""{'sa_family': 'AF_UNIX','sun_path': 'userdb-c05d9fa2d2e27b60c284a2fb3d951382'}""}, {'name': 'addrlen', 'type': 'int*', 'value': 42}]",0,0
3895.700533,7672,7672,7099,0,4026531840,sshd,ip-10-100-1-57,3,close,[],1,0,"[{'name': 'fd', 'type': 'int', 'value': 8}]",0,0
3895.700713,7672,7672,7099,0,4026531840,sshd,ip-10-100-1-57,1005,security_file_open,[140520365164124],4,0,"[{'name': 'pathname', 'type': 'const char*', 'value': '/run/systemd/userdb'}, {'name': 'flags', 'type': 'int', 'value': 'O_RDONLY|O_NONBLOCK|O_LARGEFILE|O_DIRECTORY'}, {'name': 'dev', 'type': 'dev_t', 'value': 25}, {'name': 'inode', 'type': 'unsigned long', 'value': 46}]",0,0
3895.700767,7672,7672,7099,0,4026531840,sshd,ip-10-100-1-57,257,openat,[],4,8,"[{'name': 'dirfd', 'type': 'int', 'value': -100}, {'name': 'pathname', 'type': 'const char*', 'value': '/run/systemd/userdb/'}, {'name': 'flags', 'type': 'int', 'value': 'O_RDONLY|O_NONBLOCK|O_DIRECTORY|O_CLOEXEC'}, {'name': 'mode', 'type': 'mode_t', 'value': 1920140892}]",0,0
3895.700801,7672,7672,7099,0,4026531840,sshd,ip-10-100-1-57,5,fstat,[140520365139593],2,0,"[{'name': 'fd', 'type': 'int', 'value': 8}, {'name': 'statbuf', 'type': 'struct stat*', 'value': '0x7FFEB23C2F40'}]",0,0
3895.700882,7672,7672,7099,0,4026531840,sshd,ip-10-100-1-57,217,getdents64,[],3,96,"[{'name': 'fd', 'type': 'int', 'value': 8}, {'name': 'dirp', 'type': 'struct linux_dirent64*', 'value': '0x55D4606ABC30'}, {'name': 'count', 'type': 'size_t', 'value': 32768}]",0,0
3895.700961,7672,7672,7099,0,4026531840,sshd,ip-10-100-1-57,41,socket,[],3,9,"[{'name': 'domain', 'type': 'int', 'value': 'AF_UNIX'}, {'name': 'type', 'type': 'const char*', 'value': 'SOCK_STREAM|SOCK_NONBLOCK|SOCK_CLOEXEC'}, {'name': 'protocol', 'type': 'int', 'value': 0}]",0,0
3895.70113,7672,7672,7099,0,4026531840,sshd,ip-10-100-1-57,42,connect,"[140520365216519, 7310315466561250676]",3,0,"[{'name': 'sockfd', 'type': 'int', 'value': 9}, {'name': 'addr', 'type': 'struct sockaddr*', 'value': ""{'sa_family': 'AF_UNIX','sun_path': '/run/systemd/userdb/io.systemd.DynamicUser'}""}, {'name': 'addrlen', 'type': 'int*', 'value': 45}]",0,0
3895.70162,7672,7672,7099,0,4026531840,sshd,ip-10-100-1-57,3,close,[140520365163691],1,0,"[{'name': 'fd', 'type': 'int', 'value': 8}]",0,0
3895.701432,7672,7672,7099,0,4026531840,sshd,ip-10-100-1-57,217,getdents64,[],3,0,"[{'name': 'fd', 'type': 'int', 'value': 8}, {'name': 'dirp', 'type': 'struct linux_dirent64*', 'value': '0x55D4606ABC30'}, {'name': 'count', 'type': 'size_t', 'value': 32768}]",0,0
3895.703392,7672,7672,7099,0,4026531840,sshd,ip-10-100-1-57,3,close,[],1,0,"[{'name': 'fd', 'type': 'int', 'value': 9}]",0,0
3895.703704,7672,7672,7099,0,4026531840,sshd,ip-10-100-1-57,3,close,[],1,0,"[{'name': 'fd', 'type': 'int', 'value': 10}]",0,0
3895.703772,7672,7672,7099,0,4026531840,sshd,ip-10-100-1-57,3,close,[],1,0,"[{'name': 'fd', 'type': 'int', 'value': 11}]",0,0
3895.703942,7672,7672,7099,0,4026531840,sshd,ip-10-100-1-57,1005,security_file_open,[140520365164124],4,0,"[{'name': 'pathname', 'type': 'const char*', 'value': '/etc/passwd'}, {'name': 'flags', 'type': 'int', 'value': 'O_RDONLY|O_LARGEFILE'}, {'name': 'dev', 'type': 'dev_t', 'value': 211812353}, {'name': 'inode', 'type': 'unsigned long', 'value': 61241}]",0,0
3895.704022,7672,7672,7099,0,4026531840,sshd,ip-10-100-1-57,257,openat,[],4,8,"[{'name': 'dirfd', 'type': 'int', 'value': -100}, {'name': 'pathname', 'type': 'const char*', 'value': '/etc/passwd'}, {'name': 'flags', 'type': 'int', 'value': 'O_RDONLY|O_CLOEXEC'}, {'name': 'mode', 'type': 'mode_t', 'value': 1920140892}]",0,0
3895.704072,7672,7672,7099,0,4026531840,sshd,ip-10-100-1-57,5,fstat,[],2,0,"[{'name': 'fd', 'type': 'int', 'value': 8}, {'name': 'statbuf', 'type': 'struct stat*', 'value': '0x7FFEB23C3030'}]",0,0
3895.70429,7672,7672,7099,0,4026531840,sshd,ip-10-100-1-57,3,close,[140520365163691],1,0,"[{'name': 'fd', 'type': 'int', 'value': 8}]",0,0
3895.704384,7672,7672,7099,0,4026531840,sshd,ip-10-100-1-57,41,socket,[],3,8,"[{'name': 'domain', 'type': 'int', 'value': 'AF_UNIX'}, {'name': 'type', 'type': 'const char*', 'value': 'SOCK_DGRAM|SOCK_CLOEXEC'}, {'name': 'protocol', 'type': 'int', 'value': 0}]",0,0
3895.704423,7672,7672,7099,0,4026531840,sshd,ip-10-100-1-57,42,connect,[140520365216519],3,-111,"[{'name': 'sockfd', 'type': 'int', 'value': 8}, {'name': 'addr', 'type': 'struct sockaddr*', 'value': ""{'sa_family': 'AF_UNIX','sun_path': 'userdb-c05d9fa2d2e27b60c284a2fb3d951382'}""}, {'name': 'addrlen', 'type': 'int*', 'value': 42}]",0,0
3895.704516,7672,7672,7099,0,4026531840,sshd,ip-10-100-1-57,3,close,[],1,0,"[{'name': 'fd', 'type': 'int', 'value': 8}]",0,0
3895.704766,7672,7672,7099,0,4026531840,sshd,ip-10-100-1-57,257,openat,[],4,8,"[{'name': 'dirfd', 'type': 'int', 'value': -100}, {'name': 'pathname', 'type': 'const char*', 'value': '/run/systemd/userdb/'}, {'name': 'flags', 'type': 'int', 'value': 'O_RDONLY|O_NONBLOCK|O_DIRECTORY|O_CLOEXEC'}, {'name': 'mode', 'type': 'mode_t', 'value': 1920140892}]",0,0
3895.704673,7672,7672,7099,0,4026531840,sshd,ip-10-100-1-57,1005,security_file_open,[],4,0,"[{'name': 'pathname', 'type': 'const char*', 'value': '/run/systemd/userdb'}, {'name': 'flags', 'type': 'int', 'value': 'O_RDONLY|O_NONBLOCK|O_LARGEFILE|O_DIRECTORY'}, {'name': 'dev', 'type': 'dev_t', 'value': 25}, {'name': 'inode', 'type': 'unsigned long', 'value': 46}]",0,0
3895.704935,7672,7672,7099,0,4026531840,sshd,ip-10-100-1-57,5,fstat,[140520365139593],2,0,"[{'name': 'fd', 'type': 'int', 'value': 8}, {'name': 'statbuf', 'type': 'struct stat*', 'value': '0x7FFEB23C2F40'}]",0,0
3895.704981,7672,7672,7099,0,4026531840,sshd,ip-10-100-1-57,217,getdents64,[],3,96,"[{'name': 'fd', 'type': 'int', 'value': 8}, {'name': 'dirp', 'type': 'struct linux_dirent64*', 'value': '0x55D4606ABC30'}, {'name': 'count', 'type': 'size_t', 'value': 32768}]",0,0
3895.705022,7672,7672,7099,0,4026531840,sshd,ip-10-100-1-57,41,socket,[],3,9,"[{'name': 'domain', 'type': 'int', 'value': 'AF_UNIX'}, {'name': 'type', 'type': 'const char*', 'value': 'SOCK_STREAM|SOCK_NONBLOCK|SOCK_CLOEXEC'}, {'name': 'protocol', 'type': 'int', 'value': 0}]",0,0
3895.705086,7672,7672,7099,0,4026531840,sshd,ip-10-100-1-57,42,connect,"[140520365216519, 7310315466561250676]",3,0,"[{'name': 'sockfd', 'type': 'int', 'value': 9}, {'name': 'addr', 'type': 'struct sockaddr*', 'value': ""{'sa_family': 'AF_UNIX','sun_path': '/run/systemd/userdb/io.systemd.DynamicUser'}""}, {'name': 'addrlen', 'type': 'int*', 'value': 45}]",0,0
3895.70713,7672,7672,7099,0,4026531840,sshd,ip-10-100-1-57,217,getdents64,[],3,0,"[{'name': 'fd', 'type': 'int', 'value': 8}, {'name': 'dirp', 'type': 'struct linux_dirent64*', 'value': '0x55D4606ABC30'}, {'name': 'count', 'type': 'size_t', 'value': 32768}]",0,0
3895.707869,7672,7672,7099,0,4026531840,sshd,ip-10-100-1-57,3,close,[140520365163691],1,0,"[{'name': 'fd', 'type': 'int', 'value': 8}]",0,0
3895.709116,7672,7672,7099,0,4026531840,sshd,ip-10-100-1-57,3,close,[],1,0,"[{'name': 'fd', 'type': 'int', 'value': 9}]",0,0
3895.709416,7672,7672,7099,0,4026531840,sshd,ip-10-100-1-57,3,close,[],1,0,"[{'name': 'fd', 'type': 'int', 'value': 10}]",0,0
3895.709457,7672,7672,7099,0,4026531840,sshd,ip-10-100-1-57,3,close,[],1,0,"[{'name': 'fd', 'type': 'int', 'value': 11}]",0,0
3895.709507,7672,7672,7099,0,4026531840,sshd,ip-10-100-1-57,41,socket,[],3,8,"[{'name': 'domain', 'type': 'int', 'value': 'AF_NETLINK'}, {'name': 'type', 'type': 'const char*', 'value': 'SOCK_RAW'}, {'name': 'protocol', 'type': 'int', 'value': 9}]",0,0
3895.709608,7672,7672,7099,0,4026531840,sshd,ip-10-100-1-57,41,socket,[],3,9,"[{'name': 'domain', 'type': 'int', 'value': 'AF_NETLINK'}, {'name': 'type', 'type': 'const char*', 'value': 'SOCK_RAW|SOCK_CLOEXEC'}, {'name': 'protocol', 'type': 'int', 'value': 0}]",0,0
3895.709785,7672,7672,7099,0,4026531840,sshd,ip-10-100-1-57,49,bind,"[140520365216459, 140520365111791, 140520371681050]",3,0,"[{'name': 'sockfd', 'type': 'int', 'value': 9}, {'name': 'addr', 'type': 'void*', 'value': ""{'sa_family': 'AF_NETLINK'}""}, {'name': 'addrlen', 'type': 'int*', 'value': 12}]",0,0
3895.70983,7672,7672,7099,0,4026531840,sshd,ip-10-100-1-57,51,getsockname,"[140520365216715, 140520365111791, 140520371681050]",3,0,"[{'name': 'sockfd', 'type': 'int', 'value': 9}, {'name': 'addr', 'type': 'void*', 'value': ""{'sa_family': 'AF_NETLINK'}""}, {'name': 'addrlen', 'type': 'int*', 'value': '0x7FFEB23C07E4'}]",0,0
3895.709974,7672,7672,7099,0,4026531840,sshd,ip-10-100-1-57,3,close,[],1,0,"[{'name': 'fd', 'type': 'int', 'value': 9}]",0,0
3895.710164,7672,7672,7099,0,4026531840,sshd,ip-10-100-1-57,1003,cap_capable,[140520365217770],1,0,"[{'name': 'cap', 'type': 'int', 'value': 'CAP_AUDIT_WRITE'}]",0,0
3895.7103,7672,7672,7099,0,4026531840,sshd,ip-10-100-1-57,3,close,[],1,0,"[{'name': 'fd', 'type': 'int', 'value': 8}]",0,0
3897.479691,7672,7672,7099,0,4026531840,sshd,ip-10-100-1-57,3,close,[],1,0,"[{'name': 'fd', 'type': 'int', 'value': 5}]",0,0
3897.48045,7672,7672,7099,0,4026531840,sshd,ip-10-100-1-57,1005,security_file_open,"[140520365141675, 8297038371372687919]",4,0,"[{'name': 'pathname', 'type': 'const char*', 'value': '/var/log/btmp'}, {'name': 'flags', 'type': 'int', 'value': 'O_WRONLY|O_APPEND|O_LARGEFILE'}, {'name': 'dev', 'type': 'dev_t', 'value': 211812353}, {'name': 'inode', 'type': 'unsigned long', 'value': 70285}]",0,0
3897.480562,7672,7672,7099,0,4026531840,sshd,ip-10-100-1-57,257,openat,[],4,5,"[{'name': 'dirfd', 'type': 'int', 'value': -100}, {'name': 'pathname', 'type': 'const char*', 'value': '/var/log/btmp'}, {'name': 'flags', 'type': 'int', 'value': 'O_WRONLY|O_APPEND'}, {'name': 'mode', 'type': 'mode_t', 'value': 1920118443}]",0,0
3897.480705,7672,7672,7099,0,4026531840,sshd,ip-10-100-1-57,5,fstat,"[140520365139593, 94370638916000]",2,0,"[{'name': 'fd', 'type': 'int', 'value': 5}, {'name': 'statbuf', 'type': 'struct stat*', 'value': '0x7FFEB23C32C0'}]",0,0
3897.480842,7672,7672,7099,0,4026531840,sshd,ip-10-100-1-57,3,close,"[140520365144455, 9558327267730391040]",1,0,"[{'name': 'fd', 'type': 'int', 'value': 5}]",0,0
3897.481159,7672,7672,7099,0,4026531840,sshd,ip-10-100-1-57,41,socket,[],3,5,"[{'name': 'domain', 'type': 'int', 'value': 'AF_NETLINK'}, {'name': 'type', 'type': 'const char*', 'value': 'SOCK_RAW'}, {'name': 'protocol', 'type': 'int', 'value': 9}]",0,0
3897.481219,7672,7672,7099,0,4026531840,sshd,ip-10-100-1-57,1003,cap_capable,[140520365217770],1,0,"[{'name': 'cap', 'type': 'int', 'value': 'CAP_AUDIT_WRITE'}]",0,0
3897.481372,7672,7672,7099,0,4026531840,sshd,ip-10-100-1-57,3,close,"[140520365144455, 140520365720768]",1,0,"[{'name': 'fd', 'type': 'int', 'value': 5}]",0,0
3897.704935,7673,7673,7672,109,4026531840,sshd,ip-10-100-1-57,1010,sched_process_exit,[],0,0,[],0,0
3897.70512,7672,7672,7099,0,4026531840,sshd,ip-10-100-1-57,41,socket,[],3,5,"[{'name': 'domain', 'type': 'int', 'value': 'AF_UNIX'}, {'name': 'type', 'type': 'const char*', 'value': 'SOCK_DGRAM|SOCK_CLOEXEC'}, {'name': 'protocol', 'type': 'int', 'value': 0}]",0,0
3897.705204,7672,7672,7099,0,4026531840,sshd,ip-10-100-1-57,42,connect,[140520365216519],3,0,"[{'name': 'sockfd', 'type': 'int', 'value': 5}, {'name': 'addr', 'type': 'struct sockaddr*', 'value': ""{'sa_family': 'AF_UNIX','sun_path': '/dev/log'}""}, {'name': 'addrlen', 'type': 'int*', 'value': 110}]",0,0
3897.705256,7672,7672,7099,0,4026531840,sshd,ip-10-100-1-57,3,close,"[140520365144455, 94370606813688, 94370638923008, 7234318571485226322]",1,0,"[{'name': 'fd', 'type': 'int', 'value': 5}]",0,0
3897.706318,7672,7672,7099,0,4026531840,sshd,ip-10-100-1-57,41,socket,[],3,5,"[{'name': 'domain', 'type': 'int', 'value': 'AF_UNIX'}, {'name': 'type', 'type': 'const char*', 'value': 'SOCK_DGRAM|SOCK_CLOEXEC'}, {'name': 'protocol', 'type': 'int', 'value': 0}]",0,0
3897.706392,7672,7672,7099,0,4026531840,sshd,ip-10-100-1-57,42,connect,[140520365216519],3,0,"[{'name': 'sockfd', 'type': 'int', 'value': 5}, {'name': 'addr', 'type': 'struct sockaddr*', 'value': ""{'sa_family': 'AF_UNIX','sun_path': '/dev/log'}""}, {'name': 'addrlen', 'type': 'int*', 'value': 110}]",0,0
3897.70644,7672,7672,7099,0,4026531840,sshd,ip-10-100-1-57,3,close,[],1,0,"[{'name': 'fd', 'type': 'int', 'value': 5}]",0,0
3897.706859,7672,7672,7099,0,4026531840,sshd,ip-10-100-1-57,3,close,[],1,0,"[{'name': 'fd', 'type': 'int', 'value': 7}]",0,0
3897.707508,7672,7672,7099,0,4026531840,sshd,ip-10-100-1-57,1003,cap_capable,[],1,0,"[{'name': 'cap', 'type': 'int', 'value': 'CAP_KILL'}]",0,0
3897.707541,7672,7672,7099,0,4026531840,sshd,ip-10-100-1-57,62,kill,[],2,0,"[{'name': 'pid', 'type': 'pid_t', 'value': 7673}, {'name': 'sig', 'type': 'u32', 'value': 9}]",0,0
3897.708,7672,7672,7099,0,4026531840,sshd,ip-10-100-1-57,1010,sched_process_exit,[],0,0,[],0,0
3897.708129,7099,7099,1,0,4026531840,sshd,ip-10-100-1-57,3,close,[],1,0,"[{'name': 'fd', 'type': 'int', 'value': 6}]",0,0
204.465025,7108,7108,1,0,4026531840,sshd,ip-10-100-1-79,43,accept,[140129105195575],3,5,"[{'name': 'sockfd', 'type': 'int', 'value': 3}, {'name': 'addr', 'type': 'const void*', 'value': ""{'sin_port': '40311','sin_addr': '222.187.238.87','sa_family': 'AF_INET'}""}, {'name': 'addrlen', 'type': 'int*', 'value': '0x7FFE9B7D9228'}]",0,0
204.46585,7108,7108,1,0,4026531840,sshd,ip-10-100-1-79,56,clone,[140129104945343],5,7274,"[{'name': 'flags', 'type': 'unsigned int', 'value': 'CLONE_CHILD_CLEARTID|CLONE_CHILD_SETTID'}, {'name': 'stack', 'type': 'void*', 'value': '0x0'}, {'name': 'parent_tid', 'type': 'int*', 'value': '0x0'}, {'name': 'child_tid', 'type': 'int*', 'value': '0x7F725985E0BF'}, {'name': 'tls', 'type': 'unsigned long', 'value': 0}]",0,0
204.466,7108,7108,1,0,4026531840,sshd,ip-10-100-1-79,3,close,[140129105123719],1,0,"[{'name': 'fd', 'type': 'int', 'value': 7}]",0,0
204.466116,7108,7108,1,0,4026531840,sshd,ip-10-100-1-79,3,close,[],1,0,"[{'name': 'fd', 'type': 'int', 'value': 8}]",0,0
204.466245,7108,7108,1,0,4026531840,sshd,ip-10-100-1-79,3,close,[140129105123719],1,0,"[{'name': 'fd', 'type': 'int', 'value': 9}]",0,0
204.466288,7108,7108,1,0,4026531840,sshd,ip-10-100-1-79,3,close,[],1,0,"[{'name': 'fd', 'type': 'int', 'value': 5}]",0,0
204.466768,7274,7274,7108,0,4026531840,sshd,ip-10-100-1-79,1005,security_file_open,"[140129105120939, 8313483762523399788]",4,0,"[{'name': 'pathname', 'type': 'const char*', 'value': '/proc/7274/oom_score_adj'}, {'name': 'flags', 'type': 'int', 'value': 'O_WRONLY|O_CREAT|O_TRUNC|O_LARGEFILE'}, {'name': 'dev', 'type': 'dev_t', 'value': 5}, {'name': 'inode', 'type': 'unsigned long', 'value': 38836}]",0,0
204.466843,7274,7274,7108,0,4026531840,sshd,ip-10-100-1-79,257,openat,[],4,10,"[{'name': 'dirfd', 'type': 'int', 'value': -100}, {'name': 'pathname', 'type': 'const char*', 'value': '/proc/self/oom_score_adj'}, {'name': 'flags', 'type': 'int', 'value': 'O_WRONLY|O_CREAT|O_TRUNC'}, {'name': 'mode', 'type': 'mode_t', 'value': 1502121643}]",0,0
204.466897,7274,7274,7108,0,4026531840,sshd,ip-10-100-1-79,5,fstat,[140129105118857],2,0,"[{'name': 'fd', 'type': 'int', 'value': 10}, {'name': 'statbuf', 'type': 'struct stat*', 'value': '0x7FFE9B7D8A00'}]",0,0
204.466957,7274,7274,7108,0,4026531840,sshd,ip-10-100-1-79,3,close,[140129105142955],1,0,"[{'name': 'fd', 'type': 'int', 'value': 10}]",0,0
204.467028,7274,7274,7108,0,4026531840,sshd,ip-10-100-1-79,3,close,[140129105123719],1,0,"[{'name': 'fd', 'type': 'int', 'value': 6}]",0,0
204.467067,7274,7274,7108,0,4026531840,sshd,ip-10-100-1-79,3,close,[140129105123719],1,0,"[{'name': 'fd', 'type': 'int', 'value': 3}]",0,0
204.467101,7274,7274,7108,0,4026531840,sshd,ip-10-100-1-79,3,close,[],1,0,"[{'name': 'fd', 'type': 'int', 'value': 4}]",0,0
204.467257,7274,7274,7108,0,4026531840,sshd,ip-10-100-1-79,33,dup2,[140129105123899],2,0,"[{'name': 'oldfd', 'type': 'int', 'value': 5}, {'name': 'newfd', 'type': 'int', 'value': 0}]",0,0
204.467297,7274,7274,7108,0,4026531840,sshd,ip-10-100-1-79,33,dup2,[],2,1,"[{'name': 'oldfd', 'type': 'int', 'value': 0}, {'name': 'newfd', 'type': 'int', 'value': 1}]",0,0
204.467149,7274,7274,7108,0,4026531840,sshd,ip-10-100-1-79,3,close,[],1,0,"[{'name': 'fd', 'type': 'int', 'value': 8}]",0,0
204.467331,7274,7274,7108,0,4026531840,sshd,ip-10-100-1-79,33,dup2,[140129105123899],2,4,"[{'name': 'oldfd', 'type': 'int', 'value': 7}, {'name': 'newfd', 'type': 'int', 'value': 4}]",0,0
204.467384,7274,7274,7108,0,4026531840,sshd,ip-10-100-1-79,3,close,[],1,0,"[{'name': 'fd', 'type': 'int', 'value': 7}]",0,0
204.467418,7274,7274,7108,0,4026531840,sshd,ip-10-100-1-79,33,dup2,[],2,5,"[{'name': 'oldfd', 'type': 'int', 'value': 9}, {'name': 'newfd', 'type': 'int', 'value': 5}]",0,0
204.467451,7274,7274,7108,0,4026531840,sshd,ip-10-100-1-79,3,close,[],1,0,"[{'name': 'fd', 'type': 'int', 'value': 9}]",0,0
204.467487,7274,7274,7108,0,4026531840,sshd,ip-10-100-1-79,59,execve,[140129104945915],2,0,"[{'name': 'pathname', 'type': 'const char*', 'value': '/usr/sbin/sshd'}, {'name': 'argv', 'type': 'const char*const*', 'value': ['/usr/sbin/sshd', '-D', '-o', 'AuthorizedKeysCommand /usr/share/ec2-instance-connect/eic_run_authorized_keys %u %f', '-o', 'AuthorizedKeysCommandUser ec2-instance-connect', '-R']}]",0,0
204.467596,7274,7274,7108,0,4026531840,sshd,ip-10-100-1-79,1004,security_bprm_check,[],3,0,"[{'name': 'pathname', 'type': 'const char*', 'value': '/usr/sbin/sshd'}, {'name': 'dev', 'type': 'dev_t', 'value': 211812353}, {'name': 'inode', 'type': 'unsigned long', 'value': 2833}]",0,0
204.46913,7274,7274,7108,0,4026531840,sshd,ip-10-100-1-79,21,access,"[140537888759275, 140537888750651, 4748352324462752356]",2,-2,"[{'name': 'pathname', 'type': 'const char*', 'value': '/etc/ld.so.preload'}, {'name': 'mode', 'type': 'mode_t', 'value': 'R_OK'}]",0,0
204.469258,7274,7274,7108,0,4026531840,sshd,ip-10-100-1-79,257,openat,[],4,3,"[{'name': 'dirfd', 'type': 'int', 'value': -100}, {'name': 'pathname', 'type': 'const char*', 'value': '/etc/ld.so.cache'}, {'name': 'flags', 'type': 'int', 'value': 'O_RDONLY|O_CLOEXEC'}, {'name': 'mode', 'type': 'mode_t', 'value': 2263867224}]",0,0
204.469188,7274,7274,7108,0,4026531840,sshd,ip-10-100-1-79,1005,security_file_open,"[140537888759640, 140537888676234]",4,0,"[{'name': 'pathname', 'type': 'const char*', 'value': '/etc/ld.so.cache'}, {'name': 'flags', 'type': 'int', 'value': 'O_RDONLY|O_LARGEFILE'}, {'name': 'dev', 'type': 'dev_t', 'value': 211812353}, {'name': 'inode', 'type': 'unsigned long', 'value': 62841}]",0,0
204.469293,7274,7274,7108,0,4026531840,sshd,ip-10-100-1-79,5,fstat,[140537888759081],2,0,"[{'name': 'fd', 'type': 'int', 'value': 3}, {'name': 'statbuf', 'type': 'struct stat*', 'value': '0x7FFCCE9009A0'}]",0,0
204.469348,7274,7274,7108,0,4026531840,sshd,ip-10-100-1-79,3,close,[140537888759323],1,0,"[{'name': 'fd', 'type': 'int', 'value': 3}]",0,0
204.469395,7274,7274,7108,0,4026531840,sshd,ip-10-100-1-79,1005,security_file_open,"[140537888759640, 140537888676301]",4,0,"[{'name': 'pathname', 'type': 'const char*', 'value': '/usr/lib/x86_64-linux-gnu/libwrap.so.0.7.6'}, {'name': 'flags', 'type': 'int', 'value': 'O_RDONLY|O_LARGEFILE'}, {'name': 'dev', 'type': 'dev_t', 'value': 211812353}, {'name': 'inode', 'type': 'unsigned long', 'value': 5556}]",0,0
204.469463,7274,7274,7108,0,4026531840,sshd,ip-10-100-1-79,257,openat,[],4,3,"[{'name': 'dirfd', 'type': 'int', 'value': -100}, {'name': 'pathname', 'type': 'const char*', 'value': '/lib/x86_64-linux-gnu/libwrap.so.0'}, {'name': 'flags', 'type': 'int', 'value': 'O_RDONLY|O_CLOEXEC'}, {'name': 'mode', 'type': 'mode_t', 'value': 2263867224}]",0,0
204.469508,7274,7274,7108,0,4026531840,sshd,ip-10-100-1-79,5,fstat,"[140537888759081, 140537888675355]",2,0,"[{'name': 'fd', 'type': 'int', 'value': 3}, {'name': 'statbuf', 'type': 'struct stat*', 'value': '0x7FFCCE9009F0'}]",0,0
204.471381,7274,7274,7108,0,4026531840,sshd,ip-10-100-1-79,3,close,"[140537888759323, 140537888675355]",1,0,"[{'name': 'fd', 'type': 'int', 'value': 3}]",0,0
204.471559,7274,7274,7108,0,4026531840,sshd,ip-10-100-1-79,1005,security_file_open,"[140537888759640, 140537888676301]",4,0,"[{'name': 'pathname', 'type': 'const char*', 'value': '/usr/lib/x86_64-linux-gnu/libaudit.so.1.0.0'}, {'name': 'flags', 'type': 'int', 'value': 'O_RDONLY|O_LARGEFILE'}, {'name': 'dev', 'type': 'dev_t', 'value': 211812353}, {'name': 'inode', 'type': 'unsigned long', 'value': 3471}]",0,0
204.471669,7274,7274,7108,0,4026531840,sshd,ip-10-100-1-79,257,openat,[],4,3,"[{'name': 'dirfd', 'type': 'int', 'value': -100}, {'name': 'pathname', 'type': 'const char*', 'value': '/lib/x86_64-linux-gnu/libaudit.so.1'}, {'name': 'flags', 'type': 'int', 'value': 'O_RDONLY|O_CLOEXEC'}, {'name': 'mode', 'type': 'mode_t', 'value': 2263867224}]",0,0
204.471783,7274,7274,7108,0,4026531840,sshd,ip-10-100-1-79,5,fstat,"[140537888759081, 140537888675355]",2,0,"[{'name': 'fd', 'type': 'int', 'value': 3}, {'name': 'statbuf', 'type': 'struct stat*', 'value': '0x7FFCCE9009D0'}]",0,0
204.471957,7274,7274,7108,0,4026531840,sshd,ip-10-100-1-79,3,close,[],1,0,"[{'name': 'fd', 'type': 'int', 'value': 3}]",0,0
204.472125,7274,7274,7108,0,4026531840,sshd,ip-10-100-1-79,1005,security_file_open,[],4,0,"[{'name': 'pathname', 'type': 'const char*', 'value': '/usr/lib/x86_64-linux-gnu/libpam.so.0.84.2'}, {'name': 'flags', 'type': 'int', 'value': 'O_RDONLY|O_LARGEFILE'}, {'name': 'dev', 'type': 'dev_t', 'value': 211812353}, {'name': 'inode', 'type': 'unsigned long', 'value': 4523}]",0,0
204.472193,7274,7274,7108,0,4026531840,sshd,ip-10-100-1-79,257,openat,[],4,3,"[{'name': 'dirfd', 'type': 'int', 'value': -100}, {'name': 'pathname', 'type': 'const char*', 'value': '/lib/x86_64-linux-gnu/libpam.so.0'}, {'name': 'flags', 'type': 'int', 'value': 'O_RDONLY|O_CLOEXEC'}, {'name': 'mode', 'type': 'mode_t', 'value': 2263867224}]",0,0
204.472257,7274,7274,7108,0,4026531840,sshd,ip-10-100-1-79,5,fstat,[],2,0,"[{'name': 'fd', 'type': 'int', 'value': 3}, {'name': 'statbuf', 'type': 'struct stat*', 'value': '0x7FFCCE9009B0'}]",0,0
204.472347,7274,7274,7108,0,4026531840,sshd,ip-10-100-1-79,3,close,[],1,0,"[{'name': 'fd', 'type': 'int', 'value': 3}]",0,0
204.47242,7274,7274,7108,0,4026531840,sshd,ip-10-100-1-79,1005,security_file_open,[],4,0,"[{'name': 'pathname', 'type': 'const char*', 'value': '/usr/lib/x86_64-linux-gnu/libselinux.so.1'}, {'name': 'flags', 'type': 'int', 'value': 'O_RDONLY|O_LARGEFILE'}, {'name': 'dev', 'type': 'dev_t', 'value': 211812353}, {'name': 'inode', 'type': 'unsigned long', 'value': 3814}]",0,0
204.472464,7274,7274,7108,0,4026531840,sshd,ip-10-100-1-79,257,openat,[],4,3,"[{'name': 'dirfd', 'type': 'int', 'value': -100}, {'name': 'pathname', 'type': 'const char*', 'value': '/lib/x86_64-linux-gnu/libselinux.so.1'}, {'name': 'flags', 'type': 'int', 'value': 'O_RDONLY|O_CLOEXEC'}, {'name': 'mode', 'type': 'mode_t', 'value': 2263867224}]",0,0
204.472504,7274,7274,7108,0,4026531840,sshd,ip-10-100-1-79,5,fstat,[],2,0,"[{'name': 'fd', 'type': 'int', 'value': 3}, {'name': 'statbuf', 'type': 'struct stat*', 'value': '0x7FFCCE900990'}]",0,0
204.472634,7274,7274,7108,0,4026531840,sshd,ip-10-100-1-79,3,close,[],1,0,"[{'name': 'fd', 'type': 'int', 'value': 3}]",0,0
204.473867,7274,7274,7108,0,4026531840,sshd,ip-10-100-1-79,1005,security_file_open,"[140537888759640, 140537888676301]",4,0,"[{'name': 'pathname', 'type': 'const char*', 'value': '/usr/lib/x86_64-linux-gnu/libsystemd.so.0.28.0'}, {'name': 'flags', 'type': 'int', 'value': 'O_RDONLY|O_LARGEFILE'}, {'name': 'dev', 'type': 'dev_t', 'value': 211812353}, {'name': 'inode', 'type': 'unsigned long', 'value': 4547}]",0,0
204.475099,7274,7274,7108,0,4026531840,sshd,ip-10-100-1-79,257,openat,"[140537888759640, 140537888676301]",4,3,"[{'name': 'dirfd', 'type': 'int', 'value': -100}, {'name': 'pathname', 'type': 'const char*', 'value': '/lib/x86_64-linux-gnu/libsystemd.so.0'}, {'name': 'flags', 'type': 'int', 'value': 'O_RDONLY|O_CLOEXEC'}, {'name': 'mode', 'type': 'mode_t', 'value': 2263867224}]",0,0
204.476353,7274,7274,7108,0,4026531840,sshd,ip-10-100-1-79,3,close,"[140537888759323, 140537888675355]",1,0,"[{'name': 'fd', 'type': 'int', 'value': 3}]",0,0
204.475673,7274,7274,7108,0,4026531840,sshd,ip-10-100-1-79,5,fstat,"[140537888759081, 140537888675355]",2,0,"[{'name': 'fd', 'type': 'int', 'value': 3}, {'name': 'statbuf', 'type': 'struct stat*', 'value': '0x7FFCCE900970'}]",0,0
204.476914,7274,7274,7108,0,4026531840,sshd,ip-10-100-1-79,1005,security_file_open,"[140537888759640, 140537888676301]",4,0,"[{'name': 'pathname', 'type': 'const char*', 'value': '/usr/lib/x86_64-linux-gnu/libcrypto.so.1.1'}, {'name': 'flags', 'type': 'int', 'value': 'O_RDONLY|O_LARGEFILE'}, {'name': 'dev', 'type': 'dev_t', 'value': 211812353}, {'name': 'inode', 'type': 'unsigned long', 'value': 4567}]",0,0
204.477126,7274,7274,7108,0,4026531840,sshd,ip-10-100-1-79,257,openat,[],4,3,"[{'name': 'dirfd', 'type': 'int', 'value': -100}, {'name': 'pathname', 'type': 'const char*', 'value': '/lib/x86_64-linux-gnu/libcrypto.so.1.1'}, {'name': 'flags', 'type': 'int', 'value': 'O_RDONLY|O_CLOEXEC'}, {'name': 'mode', 'type': 'mode_t', 'value': 2263867224}]",0,0
204.4772,7274,7274,7108,0,4026531840,sshd,ip-10-100-1-79,5,fstat,"[140537888759081, 140537888675355]",2,0,"[{'name': 'fd', 'type': 'int', 'value': 3}, {'name': 'statbuf', 'type': 'struct stat*', 'value': '0x7FFCCE900950'}]",0,0
204.477306,7274,7274,7108,0,4026531840,sshd,ip-10-100-1-79,3,close,"[140537888759323, 140537888675355]",1,0,"[{'name': 'fd', 'type': 'int', 'value': 3}]",0,0
204.477415,7274,7274,7108,0,4026531840,sshd,ip-10-100-1-79,1005,security_file_open,[],4,0,"[{'name': 'pathname', 'type': 'const char*', 'value': '/usr/lib/x86_64-linux-gnu/libutil-2.31.so'}, {'name': 'flags', 'type': 'int', 'value': 'O_RDONLY|O_LARGEFILE'}, {'name': 'dev', 'type': 'dev_t', 'value': 211812353}, {'name': 'inode', 'type': 'unsigned long', 'value': 3446}]",0,0
204.477583,7274,7274,7108,0,4026531840,sshd,ip-10-100-1-79,257,openat,[],4,3,"[{'name': 'dirfd', 'type': 'int', 'value': -100}, {'name': 'pathname', 'type': 'const char*', 'value': '/lib/x86_64-linux-gnu/libutil.so.1'}, {'name': 'flags', 'type': 'int', 'value': 'O_RDONLY|O_CLOEXEC'}, {'name': 'mode', 'type': 'mode_t', 'value': 2263867224}]",0,0
204.477632,7274,7274,7108,0,4026531840,sshd,ip-10-100-1-79,5,fstat,[],2,0,"[{'name': 'fd', 'type': 'int', 'value': 3}, {'name': 'statbuf', 'type': 'struct stat*', 'value': '0x7FFCCE900930'}]",0,0
204.477759,7274,7274,7108,0,4026531840,sshd,ip-10-100-1-79,3,close,[],1,0,"[{'name': 'fd', 'type': 'int', 'value': 3}]",0,0
204.477967,7274,7274,7108,0,4026531840,sshd,ip-10-100-1-79,1005,security_file_open,[],4,0,"[{'name': 'pathname', 'type': 'const char*', 'value': '/usr/lib/x86_64-linux-gnu/libz.so.1.2.11'}, {'name': 'flags', 'type': 'int', 'value': 'O_RDONLY|O_LARGEFILE'}, {'name': 'dev', 'type': 'dev_t', 'value': 211812353}, {'name': 'inode', 'type': 'unsigned long', 'value': 3823}]",0,0
204.478038,7274,7274,7108,0,4026531840,sshd,ip-10-100-1-79,257,openat,[],4,3,"[{'name': 'dirfd', 'type': 'int', 'value': -100}, {'name': 'pathname', 'type': 'const char*', 'value': '/lib/x86_64-linux-gnu/libz.so.1'}, {'name': 'flags', 'type': 'int', 'value': 'O_RDONLY|O_CLOEXEC'}, {'name': 'mode', 'type': 'mode_t', 'value': 2263867224}]",0,0
204.478338,7274,7274,7108,0,4026531840,sshd,ip-10-100-1-79,3,close,[],1,0,"[{'name': 'fd', 'type': 'int', 'value': 3}]",0,0
204.478178,7274,7274,7108,0,4026531840,sshd,ip-10-100-1-79,5,fstat,[],2,0,"[{'name': 'fd', 'type': 'int', 'value': 3}, {'name': 'statbuf', 'type': 'struct stat*', 'value': '0x7FFCCE900910'}]",0,0
204.478536,7274,7274,7108,0,4026531840,sshd,ip-10-100-1-79,1005,security_file_open,[],4,0,"[{'name': 'pathname', 'type': 'const char*', 'value': '/usr/lib/x86_64-linux-gnu/libcrypt.so.1.1.0'}, {'name': 'flags', 'type': 'int', 'value': 'O_RDONLY|O_LARGEFILE'}, {'name': 'dev', 'type': 'dev_t', 'value': 211812353}, {'name': 'inode', 'type': 'unsigned long', 'value': 3453}]",0,0
204.478673,7274,7274,7108,0,4026531840,sshd,ip-10-100-1-79,257,openat,[],4,3,"[{'name': 'dirfd', 'type': 'int', 'value': -100}, {'name': 'pathname', 'type': 'const char*', 'value': '/lib/x86_64-linux-gnu/libcrypt.so.1'}, {'name': 'flags', 'type': 'int', 'value': 'O_RDONLY|O_CLOEXEC'}, {'name': 'mode', 'type': 'mode_t', 'value': 2263867224}]",0,0
204.478725,7274,7274,7108,0,4026531840,sshd,ip-10-100-1-79,5,fstat,[],2,0,"[{'name': 'fd', 'type': 'int', 'value': 3}, {'name': 'statbuf', 'type': 'struct stat*', 'value': '0x7FFCCE9008F0'}]",0,0
204.478861,7274,7274,7108,0,4026531840,sshd,ip-10-100-1-79,3,close,[],1,0,"[{'name': 'fd', 'type': 'int', 'value': 3}]",0,0
204.479094,7274,7274,7108,0,4026531840,sshd,ip-10-100-1-79,1005,security_file_open,[],4,0,"[{'name': 'pathname', 'type': 'const char*', 'value': '/usr/lib/x86_64-linux-gnu/libgssapi_krb5.so.2.2'}, {'name': 'flags', 'type': 'int', 'value': 'O_RDONLY|O_LARGEFILE'}, {'name': 'dev', 'type': 'dev_t', 'value': 211812353}, {'name': 'inode', 'type': 'unsigned long', 'value': 5207}]",0,0
204.479167,7274,7274,7108,0,4026531840,sshd,ip-10-100-1-79,257,openat,[],4,3,"[{'name': 'dirfd', 'type': 'int', 'value': -100}, {'name': 'pathname', 'type': 'const char*', 'value': '/lib/x86_64-linux-gnu/libgssapi_krb5.so.2'}, {'name': 'flags', 'type': 'int', 'value': 'O_RDONLY|O_CLOEXEC'}, {'name': 'mode', 'type': 'mode_t', 'value': 2263867224}]",0,0
204.479276,7274,7274,7108,0,4026531840,sshd,ip-10-100-1-79,5,fstat,[],2,0,"[{'name': 'fd', 'type': 'int', 'value': 3}, {'name': 'statbuf', 'type': 'struct stat*', 'value': '0x7FFCCE9008D0'}]",0,0
204.479422,7274,7274,7108,0,4026531840,sshd,ip-10-100-1-79,3,close,[],1,0,"[{'name': 'fd', 'type': 'int', 'value': 3}]",0,0
204.479583,7274,7274,7108,0,4026531840,sshd,ip-10-100-1-79,1005,security_file_open,[],4,0,"[{'name': 'pathname', 'type': 'const char*', 'value': '/usr/lib/x86_64-linux-gnu/libkrb5.so.3.3'}, {'name': 'flags', 'type': 'int', 'value': 'O_RDONLY|O_LARGEFILE'}, {'name': 'dev', 'type': 'dev_t', 'value': 211812353}, {'name': 'inode', 'type': 'unsigned long', 'value': 5205}]",0,0
204.479684,7274,7274,7108,0,4026531840,sshd,ip-10-100-1-79,257,openat,[],4,3,"[{'name': 'dirfd', 'type': 'int', 'value': -100}, {'name': 'pathname', 'type': 'const char*', 'value': '/lib/x86_64-linux-gnu/libkrb5.so.3'}, {'name': 'flags', 'type': 'int', 'value': 'O_RDONLY|O_CLOEXEC'}, {'name': 'mode', 'type': 'mode_t', 'value': 2263867224}]",0,0
204.479815,7274,7274,7108,0,4026531840,sshd,ip-10-100-1-79,5,fstat,[],2,0,"[{'name': 'fd', 'type': 'int', 'value': 3}, {'name': 'statbuf', 'type': 'struct stat*', 'value': '0x7FFCCE9008B0'}]",0,0
204.481757,7274,7274,7108,0,4026531840,sshd,ip-10-100-1-79,3,close,"[140537888759323, 140537888675355]",1,0,"[{'name': 'fd', 'type': 'int', 'value': 3}]",0,0
204.48184,7274,7274,7108,0,4026531840,sshd,ip-10-100-1-79,1005,security_file_open,"[140537888759640, 140537888676301]",4,0,"[{'name': 'pathname', 'type': 'const char*', 'value': '/usr/lib/x86_64-linux-gnu/libcom_err.so.2.1'}, {'name': 'flags', 'type': 'int', 'value': 'O_RDONLY|O_LARGEFILE'}, {'name': 'dev', 'type': 'dev_t', 'value': 211812353}, {'name': 'inode', 'type': 'unsigned long', 'value': 3451}]",0,0
204.481888,7274,7274,7108,0,4026531840,sshd,ip-10-100-1-79,257,openat,[],4,3,"[{'name': 'dirfd', 'type': 'int', 'value': -100}, {'name': 'pathname', 'type': 'const char*', 'value': '/lib/x86_64-linux-gnu/libcom_err.so.2'}, {'name': 'flags', 'type': 'int', 'value': 'O_RDONLY|O_CLOEXEC'}, {'name': 'mode', 'type': 'mode_t', 'value': 2263867224}]",0,0
204.481933,7274,7274,7108,0,4026531840,sshd,ip-10-100-1-79,5,fstat,"[140537888759081, 140537888675355]",2,0,"[{'name': 'fd', 'type': 'int', 'value': 3}, {'name': 'statbuf', 'type': 'struct stat*', 'value': '0x7FFCCE900890'}]",0,0
204.482065,7274,7274,7108,0,4026531840,sshd,ip-10-100-1-79,3,close,[],1,0,"[{'name': 'fd', 'type': 'int', 'value': 3}]",0,0
204.482249,7274,7274,7108,0,4026531840,sshd,ip-10-100-1-79,1005,security_file_open,[],4,0,"[{'name': 'pathname', 'type': 'const char*', 'value': '/usr/lib/x86_64-linux-gnu/libc-2.31.so'}, {'name': 'flags', 'type': 'int', 'value': 'O_RDONLY|O_LARGEFILE'}, {'name': 'dev', 'type': 'dev_t', 'value': 211812353}, {'name': 'inode', 'type': 'unsigned long', 'value': 3429}]",0,0
204.4823,7274,7274,7108,0,4026531840,sshd,ip-10-100-1-79,257,openat,[],4,3,"[{'name': 'dirfd', 'type': 'int', 'value': -100}, {'name': 'pathname', 'type': 'const char*', 'value': '/lib/x86_64-linux-gnu/libc.so.6'}, {'name': 'flags', 'type': 'int', 'value': 'O_RDONLY|O_CLOEXEC'}, {'name': 'mode', 'type': 'mode_t', 'value': 2263867224}]",0,0
204.482386,7274,7274,7108,0,4026531840,sshd,ip-10-100-1-79,5,fstat,[],2,0,"[{'name': 'fd', 'type': 'int', 'value': 3}, {'name': 'statbuf', 'type': 'struct stat*', 'value': '0x7FFCCE900870'}]",0,0
204.483709,7274,7274,7108,0,4026531840,sshd,ip-10-100-1-79,1005,security_file_open,"[140537888759640, 140537888676301]",4,0,"[{'name': 'pathname', 'type': 'const char*', 'value': '/usr/lib/x86_64-linux-gnu/libnsl-2.31.so'}, {'name': 'flags', 'type': 'int', 'value': 'O_RDONLY|O_LARGEFILE'}, {'name': 'dev', 'type': 'dev_t', 'value': 211812353}, {'name': 'inode', 'type': 'unsigned long', 'value': 3434}]",0,0
204.482668,7274,7274,7108,0,4026531840,sshd,ip-10-100-1-79,3,close,[],1,0,"[{'name': 'fd', 'type': 'int', 'value': 3}]",0,0
204.483784,7274,7274,7108,0,4026531840,sshd,ip-10-100-1-79,257,openat,[],4,3,"[{'name': 'dirfd', 'type': 'int', 'value': -100}, {'name': 'pathname', 'type': 'const char*', 'value': '/lib/x86_64-linux-gnu/libnsl.so.1'}, {'name': 'flags', 'type': 'int', 'value': 'O_RDONLY|O_CLOEXEC'}, {'name': 'mode', 'type': 'mode_t', 'value': 2263867224}]",0,0
204.483827,7274,7274,7108,0,4026531840,sshd,ip-10-100-1-79,5,fstat,"[140537888759081, 140537888675355]",2,0,"[{'name': 'fd', 'type': 'int', 'value': 3}, {'name': 'statbuf', 'type': 'struct stat*', 'value': '0x7FFCCE900850'}]",0,0
204.484045,7274,7274,7108,0,4026531840,sshd,ip-10-100-1-79,3,close,"[140537888759323, 140537888675355]",1,0,"[{'name': 'fd', 'type': 'int', 'value': 3}]",0,0
204.484233,7274,7274,7108,0,4026531840,sshd,ip-10-100-1-79,1005,security_file_open,[],4,0,"[{'name': 'pathname', 'type': 'const char*', 'value': '/usr/lib/x86_64-linux-gnu/libcap-ng.so.0.0.0'}, {'name': 'flags', 'type': 'int', 'value': 'O_RDONLY|O_LARGEFILE'}, {'name': 'dev', 'type': 'dev_t', 'value': 211812353}, {'name': 'inode', 'type': 'unsigned long', 'value': 3449}]",0,0
204.484306,7274,7274,7108,0,4026531840,sshd,ip-10-100-1-79,257,openat,[],4,3,"[{'name': 'dirfd', 'type': 'int', 'value': -100}, {'name': 'pathname', 'type': 'const char*', 'value': '/lib/x86_64-linux-gnu/libcap-ng.so.0'}, {'name': 'flags', 'type': 'int', 'value': 'O_RDONLY|O_CLOEXEC'}, {'name': 'mode', 'type': 'mode_t', 'value': 2263867224}]",0,0
204.484349,7274,7274,7108,0,4026531840,sshd,ip-10-100-1-79,5,fstat,[],2,0,"[{'name': 'fd', 'type': 'int', 'value': 3}, {'name': 'statbuf', 'type': 'struct stat*', 'value': '0x7FFCCE900830'}]",0,0
204.485346,7274,7274,7108,0,4026531840,sshd,ip-10-100-1-79,3,close,"[140537888759323, 140537888675355]",1,0,"[{'name': 'fd', 'type': 'int', 'value': 3}]",0,0
204.485423,7274,7274,7108,0,4026531840,sshd,ip-10-100-1-79,1005,security_file_open,"[140537888759640, 140537888676301]",4,0,"[{'name': 'pathname', 'type': 'const char*', 'value': '/usr/lib/x86_64-linux-gnu/libdl-2.31.so'}, {'name': 'flags', 'type': 'int', 'value': 'O_RDONLY|O_LARGEFILE'}, {'name': 'dev', 'type': 'dev_t', 'value': 211812353}, {'name': 'inode', 'type': 'unsigned long', 'value': 3430}]",0,0
204.48551,7274,7274,7108,0,4026531840,sshd,ip-10-100-1-79,257,openat,[],4,3,"[{'name': 'dirfd', 'type': 'int', 'value': -100}, {'name': 'pathname', 'type': 'const char*', 'value': '/lib/x86_64-linux-gnu/libdl.so.2'}, {'name': 'flags', 'type': 'int', 'value': 'O_RDONLY|O_CLOEXEC'}, {'name': 'mode', 'type': 'mode_t', 'value': 2263867224}]",0,0
204.485758,7274,7274,7108,0,4026531840,sshd,ip-10-100-1-79,5,fstat,"[140537888759081, 140537888675355]",2,0,"[{'name': 'fd', 'type': 'int', 'value': 3}, {'name': 'statbuf', 'type': 'struct stat*', 'value': '0x7FFCCE900810'}]",0,0
204.485905,7274,7274,7108,0,4026531840,sshd,ip-10-100-1-79,3,close,[],1,0,"[{'name': 'fd', 'type': 'int', 'value': 3}]",0,0
204.485963,7274,7274,7108,0,4026531840,sshd,ip-10-100-1-79,1005,security_file_open,[],4,0,"[{'name': 'pathname', 'type': 'const char*', 'value': '/usr/lib/x86_64-linux-gnu/libpcre2-8.so.0.9.0'}, {'name': 'flags', 'type': 'int', 'value': 'O_RDONLY|O_LARGEFILE'}, {'name': 'dev', 'type': 'dev_t', 'value': 211812353}, {'name': 'inode', 'type': 'unsigned long', 'value': 3806}]",0,0
204.486156,7274,7274,7108,0,4026531840,sshd,ip-10-100-1-79,257,openat,[],4,3,"[{'name': 'dirfd', 'type': 'int', 'value': -100}, {'name': 'pathname', 'type': 'const char*', 'value': '/lib/x86_64-linux-gnu/libpcre2-8.so.0'}, {'name': 'flags', 'type': 'int', 'value': 'O_RDONLY|O_CLOEXEC'}, {'name': 'mode', 'type': 'mode_t', 'value': 2263867224}]",0,0
204.486229,7274,7274,7108,0,4026531840,sshd,ip-10-100-1-79,5,fstat,[],2,0,"[{'name': 'fd', 'type': 'int', 'value': 3}, {'name': 'statbuf', 'type': 'struct stat*', 'value': '0x7FFCCE9007F0'}]",0,0
204.486321,7274,7274,7108,0,4026531840,sshd,ip-10-100-1-79,3,close,[],1,0,"[{'name': 'fd', 'type': 'int', 'value': 3}]",0,0
204.487544,7274,7274,7108,0,4026531840,sshd,ip-10-100-1-79,1005,security_file_open,"[140537888759640, 140537888676301]",4,0,"[{'name': 'pathname', 'type': 'const char*', 'value': '/usr/lib/x86_64-linux-gnu/librt-2.31.so'}, {'name': 'flags', 'type': 'int', 'value': 'O_RDONLY|O_LARGEFILE'}, {'name': 'dev', 'type': 'dev_t', 'value': 211812353}, {'name': 'inode', 'type': 'unsigned long', 'value': 3444}]",0,0
204.487615,7274,7274,7108,0,4026531840,sshd,ip-10-100-1-79,257,openat,[],4,3,"[{'name': 'dirfd', 'type': 'int', 'value': -100}, {'name': 'pathname', 'type': 'const char*', 'value': '/lib/x86_64-linux-gnu/librt.so.1'}, {'name': 'flags', 'type': 'int', 'value': 'O_RDONLY|O_CLOEXEC'}, {'name': 'mode', 'type': 'mode_t', 'value': 2263867224}]",0,0
204.487681,7274,7274,7108,0,4026531840,sshd,ip-10-100-1-79,5,fstat,"[140537888759081, 140537888675355]",2,0,"[{'name': 'fd', 'type': 'int', 'value': 3}, {'name': 'statbuf', 'type': 'struct stat*', 'value': '0x7FFCCE9007B0'}]",0,0
204.487782,7274,7274,7108,0,4026531840,sshd,ip-10-100-1-79,3,close,"[140537888759323, 140537888675355]",1,0,"[{'name': 'fd', 'type': 'int', 'value': 3}]",0,0
204.487883,7274,7274,7108,0,4026531840,sshd,ip-10-100-1-79,1005,security_file_open,[],4,0,"[{'name': 'pathname', 'type': 'const char*', 'value': '/usr/lib/x86_64-linux-gnu/liblzma.so.5.2.4'}, {'name': 'flags', 'type': 'int', 'value': 'O_RDONLY|O_LARGEFILE'}, {'name': 'dev', 'type': 'dev_t', 'value': 211812353}, {'name': 'inode', 'type': 'unsigned long', 'value': 3738}]",0,0
204.488054,7274,7274,7108,0,4026531840,sshd,ip-10-100-1-79,257,openat,[],4,3,"[{'name': 'dirfd', 'type': 'int', 'value': -100}, {'name': 'pathname', 'type': 'const char*', 'value': '/lib/x86_64-linux-gnu/liblzma.so.5'}, {'name': 'flags', 'type': 'int', 'value': 'O_RDONLY|O_CLOEXEC'}, {'name': 'mode', 'type': 'mode_t', 'value': 2263867224}]",0,0
204.488108,7274,7274,7108,0,4026531840,sshd,ip-10-100-1-79,5,fstat,[],2,0,"[{'name': 'fd', 'type': 'int', 'value': 3}, {'name': 'statbuf', 'type': 'struct stat*', 'value': '0x7FFCCE900790'}]",0,0
204.48833,7274,7274,7108,0,4026531840,sshd,ip-10-100-1-79,3,close,[],1,0,"[{'name': 'fd', 'type': 'int', 'value': 3}]",0,0
204.488453,7274,7274,7108,0,4026531840,sshd,ip-10-100-1-79,1005,security_file_open,[],4,0,"[{'name': 'pathname', 'type': 'const char*', 'value': '/usr/lib/x86_64-linux-gnu/liblz4.so.1.9.2'}, {'name': 'flags', 'type': 'int', 'value': 'O_RDONLY|O_LARGEFILE'}, {'name': 'dev', 'type': 'dev_t', 'value': 211812353}, {'name': 'inode', 'type': 'unsigned long', 'value': 3743}]",0,0
204.488628,7274,7274,7108,0,4026531840,sshd,ip-10-100-1-79,257,openat,[],4,3,"[{'name': 'dirfd', 'type': 'int', 'value': -100}, {'name': 'pathname', 'type': 'const char*', 'value': '/lib/x86_64-linux-gnu/liblz4.so.1'}, {'name': 'flags', 'type': 'int', 'value': 'O_RDONLY|O_CLOEXEC'}, {'name': 'mode', 'type': 'mode_t', 'value': 2263867224}]",0,0
204.48868,7274,7274,7108,0,4026531840,sshd,ip-10-100-1-79,5,fstat,[],2,0,"[{'name': 'fd', 'type': 'int', 'value': 3}, {'name': 'statbuf', 'type': 'struct stat*', 'value': '0x7FFCCE900770'}]",0,0
204.489934,7274,7274,7108,0,4026531840,sshd,ip-10-100-1-79,3,close,"[140537888759323, 140537888675355]",1,0,"[{'name': 'fd', 'type': 'int', 'value': 3}]",0,0
204.490025,7274,7274,7108,0,4026531840,sshd,ip-10-100-1-79,1005,security_file_open,"[140537888759640, 140537888676301]",4,0,"[{'name': 'pathname', 'type': 'const char*', 'value': '/usr/lib/x86_64-linux-gnu/libgcrypt.so.20.2.5'}, {'name': 'flags', 'type': 'int', 'value': 'O_RDONLY|O_LARGEFILE'}, {'name': 'dev', 'type': 'dev_t', 'value': 211812353}, {'name': 'inode', 'type': 'unsigned long', 'value': 3462}]",0,0
204.490073,7274,7274,7108,0,4026531840,sshd,ip-10-100-1-79,257,openat,[],4,3,"[{'name': 'dirfd', 'type': 'int', 'value': -100}, {'name': 'pathname', 'type': 'const char*', 'value': '/lib/x86_64-linux-gnu/libgcrypt.so.20'}, {'name': 'flags', 'type': 'int', 'value': 'O_RDONLY|O_CLOEXEC'}, {'name': 'mode', 'type': 'mode_t', 'value': 2263867224}]",0,0
204.490115,7274,7274,7108,0,4026531840,sshd,ip-10-100-1-79,5,fstat,"[140537888759081, 140537888675355]",2,0,"[{'name': 'fd', 'type': 'int', 'value': 3}, {'name': 'statbuf', 'type': 'struct stat*', 'value': '0x7FFCCE900750'}]",0,0
204.490245,7274,7274,7108,0,4026531840,sshd,ip-10-100-1-79,3,close,[],1,0,"[{'name': 'fd', 'type': 'int', 'value': 3}]",0,0
204.490434,7274,7274,7108,0,4026531840,sshd,ip-10-100-1-79,1005,security_file_open,[],4,0,"[{'name': 'pathname', 'type': 'const char*', 'value': '/usr/lib/x86_64-linux-gnu/libpthread-2.31.so'}, {'name': 'flags', 'type': 'int', 'value': 'O_RDONLY|O_LARGEFILE'}, {'name': 'dev', 'type': 'dev_t', 'value': 211812353}, {'name': 'inode', 'type': 'unsigned long', 'value': 3442}]",0,0
204.490486,7274,7274,7108,0,4026531840,sshd,ip-10-100-1-79,257,openat,[],4,3,"[{'name': 'dirfd', 'type': 'int', 'value': -100}, {'name': 'pathname', 'type': 'const char*', 'value': '/lib/x86_64-linux-gnu/libpthread.so.0'}, {'name': 'flags', 'type': 'int', 'value': 'O_RDONLY|O_CLOEXEC'}, {'name': 'mode', 'type': 'mode_t', 'value': 2263867224}]",0,0
204.490624,7274,7274,7108,0,4026531840,sshd,ip-10-100-1-79,5,fstat,[],2,0,"[{'name': 'fd', 'type': 'int', 'value': 3}, {'name': 'statbuf', 'type': 'struct stat*', 'value': '0x7FFCCE900730'}]",0,0
204.491897,7274,7274,7108,0,4026531840,sshd,ip-10-100-1-79,1005,security_file_open,"[140537888759640, 140537888676301]",4,0,"[{'name': 'pathname', 'type': 'const char*', 'value': '/usr/lib/x86_64-linux-gnu/libk5crypto.so.3.1'}, {'name': 'flags', 'type': 'int', 'value': 'O_RDONLY|O_LARGEFILE'}, {'name': 'dev', 'type': 'dev_t', 'value': 211812353}, {'name': 'inode', 'type': 'unsigned long', 'value': 5201}]",0,0
204.491802,7274,7274,7108,0,4026531840,sshd,ip-10-100-1-79,3,close,"[140537888759323, 140537888675355]",1,0,"[{'name': 'fd', 'type': 'int', 'value': 3}]",0,0
204.491987,7274,7274,7108,0,4026531840,sshd,ip-10-100-1-79,5,fstat,"[140537888759081, 140537888675355]",2,0,"[{'name': 'fd', 'type': 'int', 'value': 3}, {'name': 'statbuf', 'type': 'struct stat*', 'value': '0x7FFCCE900710'}]",0,0
204.491946,7274,7274,7108,0,4026531840,sshd,ip-10-100-1-79,257,openat,[],4,3,"[{'name': 'dirfd', 'type': 'int', 'value': -100}, {'name': 'pathname', 'type': 'const char*', 'value': '/lib/x86_64-linux-gnu/libk5crypto.so.3'}, {'name': 'flags', 'type': 'int', 'value': 'O_RDONLY|O_CLOEXEC'}, {'name': 'mode', 'type': 'mode_t', 'value': 2263867224}]",0,0
204.492115,7274,7274,7108,0,4026531840,sshd,ip-10-100-1-79,3,close,[],1,0,"[{'name': 'fd', 'type': 'int', 'value': 3}]",0,0
204.492324,7274,7274,7108,0,4026531840,sshd,ip-10-100-1-79,1005,security_file_open,[],4,0,"[{'name': 'pathname', 'type': 'const char*', 'value': '/usr/lib/x86_64-linux-gnu/libkrb5support.so.0.1'}, {'name': 'flags', 'type': 'int', 'value': 'O_RDONLY|O_LARGEFILE'}, {'name': 'dev', 'type': 'dev_t', 'value': 211812353}, {'name': 'inode', 'type': 'unsigned long', 'value': 5198}]",0,0
204.49241,7274,7274,7108,0,4026531840,sshd,ip-10-100-1-79,257,openat,[],4,3,"[{'name': 'dirfd', 'type': 'int', 'value': -100}, {'name': 'pathname', 'type': 'const char*', 'value': '/lib/x86_64-linux-gnu/libkrb5support.so.0'}, {'name': 'flags', 'type': 'int', 'value': 'O_RDONLY|O_CLOEXEC'}, {'name': 'mode', 'type': 'mode_t', 'value': 2263867224}]",0,0
204.492527,7274,7274,7108,0,4026531840,sshd,ip-10-100-1-79,5,fstat,[],2,0,"[{'name': 'fd', 'type': 'int', 'value': 3}, {'name': 'statbuf', 'type': 'struct stat*', 'value': '0x7FFCCE9006F0'}]",0,0
204.492914,7274,7274,7108,0,4026531840,sshd,ip-10-100-1-79,1005,security_file_open,[],4,0,"[{'name': 'pathname', 'type': 'const char*', 'value': '/usr/lib/x86_64-linux-gnu/libkeyutils.so.1.8'}, {'name': 'flags', 'type': 'int', 'value': 'O_RDONLY|O_LARGEFILE'}, {'name': 'dev', 'type': 'dev_t', 'value': 211812353}, {'name': 'inode', 'type': 'unsigned long', 'value': 5203}]",0,0
204.492672,7274,7274,7108,0,4026531840,sshd,ip-10-100-1-79,3,close,[],1,0,"[{'name': 'fd', 'type': 'int', 'value': 3}]",0,0
204.49308,7274,7274,7108,0,4026531840,sshd,ip-10-100-1-79,257,openat,[],4,3,"[{'name': 'dirfd', 'type': 'int', 'value': -100}, {'name': 'pathname', 'type': 'const char*', 'value': '/lib/x86_64-linux-gnu/libkeyutils.so.1'}, {'name': 'flags', 'type': 'int', 'value': 'O_RDONLY|O_CLOEXEC'}, {'name': 'mode', 'type': 'mode_t', 'value': 2263867224}]",0,0
204.493155,7274,7274,7108,0,4026531840,sshd,ip-10-100-1-79,5,fstat,[],2,0,"[{'name': 'fd', 'type': 'int', 'value': 3}, {'name': 'statbuf', 'type': 'struct stat*', 'value': '0x7FFCCE9006D0'}]",0,0
204.493247,7274,7274,7108,0,4026531840,sshd,ip-10-100-1-79,3,close,[],1,0,"[{'name': 'fd', 'type': 'int', 'value': 3}]",0,0
204.493473,7274,7274,7108,0,4026531840,sshd,ip-10-100-1-79,1005,security_file_open,[],4,0,"[{'name': 'pathname', 'type': 'const char*', 'value': '/usr/lib/x86_64-linux-gnu/libresolv-2.31.so'}, {'name': 'flags', 'type': 'int', 'value': 'O_RDONLY|O_LARGEFILE'}, {'name': 'dev', 'type': 'dev_t', 'value': 211812353}, {'name': 'inode', 'type': 'unsigned long', 'value': 3443}]",0,0
204.493538,7274,7274,7108,0,4026531840,sshd,ip-10-100-1-79,257,openat,[],4,3,"[{'name': 'dirfd', 'type': 'int', 'value': -100}, {'name': 'pathname', 'type': 'const char*', 'value': '/lib/x86_64-linux-gnu/libresolv.so.2'}, {'name': 'flags', 'type': 'int', 'value': 'O_RDONLY|O_CLOEXEC'}, {'name': 'mode', 'type': 'mode_t', 'value': 2263867224}]",0,0
204.493641,7274,7274,7108,0,4026531840,sshd,ip-10-100-1-79,5,fstat,[],2,0,"[{'name': 'fd', 'type': 'int', 'value': 3}, {'name': 'statbuf', 'type': 'struct stat*', 'value': '0x7FFCCE9006B0'}]",0,0
204.493808,7274,7274,7108,0,4026531840,sshd,ip-10-100-1-79,3,close,[],1,0,"[{'name': 'fd', 'type': 'int', 'value': 3}]",0,0
204.495438,7274,7274,7108,0,4026531840,sshd,ip-10-100-1-79,1005,security_file_open,"[140537888759640, 140537888676301]",4,0,"[{'name': 'pathname', 'type': 'const char*', 'value': '/usr/lib/x86_64-linux-gnu/libgpg-error.so.0.28.0'}, {'name': 'flags', 'type': 'int', 'value': 'O_RDONLY|O_LARGEFILE'}, {'name': 'dev', 'type': 'dev_t', 'value': 211812353}, {'name': 'inode', 'type': 'unsigned long', 'value': 3740}]",0,0
204.495518,7274,7274,7108,0,4026531840,sshd,ip-10-100-1-79,257,openat,[],4,3,"[{'name': 'dirfd', 'type': 'int', 'value': -100}, {'name': 'pathname', 'type': 'const char*', 'value': '/lib/x86_64-linux-gnu/libgpg-error.so.0'}, {'name': 'flags', 'type': 'int', 'value': 'O_RDONLY|O_CLOEXEC'}, {'name': 'mode', 'type': 'mode_t', 'value': 2263867224}]",0,0
204.495563,7274,7274,7108,0,4026531840,sshd,ip-10-100-1-79,5,fstat,"[140537888759081, 140537888675355]",2,0,"[{'name': 'fd', 'type': 'int', 'value': 3}, {'name': 'statbuf', 'type': 'struct stat*', 'value': '0x7FFCCE900690'}]",0,0
204.49567,7274,7274,7108,0,4026531840,sshd,ip-10-100-1-79,3,close,"[140537888759323, 140537888675355]",1,0,"[{'name': 'fd', 'type': 'int', 'value': 3}]",0,0
204.498216,7274,7274,7108,0,4026531840,sshd,ip-10-100-1-79,1005,security_file_open,"[140537881861803, 7882834762089588076]",4,0,"[{'name': 'pathname', 'type': 'const char*', 'value': '/proc/filesystems'}, {'name': 'flags', 'type': 'int', 'value': 'O_RDONLY|O_LARGEFILE'}, {'name': 'dev', 'type': 'dev_t', 'value': 5}, {'name': 'inode', 'type': 'unsigned long', 'value': 4026532130}]",0,0
204.500416,7274,7274,7108,0,4026531840,sshd,ip-10-100-1-79,257,openat,"[140537881861803, 7882834762089588076]",4,3,"[{'name': 'dirfd', 'type': 'int', 'value': -100}, {'name': 'pathname', 'type': 'const char*', 'value': '/proc/filesystems'}, {'name': 'flags', 'type': 'int', 'value': 'O_RDONLY|O_CLOEXEC'}, {'name': 'mode', 'type': 'mode_t', 'value': 2256969387}]",0,0
204.500496,7274,7274,7108,0,4026531840,sshd,ip-10-100-1-79,5,fstat,[140537881859721],2,0,"[{'name': 'fd', 'type': 'int', 'value': 3}, {'name': 'statbuf', 'type': 'struct stat*', 'value': '0x7FFCCE9015B0'}]",0,0
204.500713,7274,7274,7108,0,4026531840,sshd,ip-10-100-1-79,3,close,[140537881883819],1,0,"[{'name': 'fd', 'type': 'int', 'value': 3}]",0,0
204.500966,7274,7274,7108,0,4026531840,sshd,ip-10-100-1-79,1003,cap_capable,[140537878343275],1,0,"[{'name': 'cap', 'type': 'int', 'value': 'CAP_SETGID'}]",0,0
204.500779,7274,7274,7108,0,4026531840,sshd,ip-10-100-1-79,21,access,[140537881862827],2,-2,"[{'name': 'pathname', 'type': 'const char*', 'value': '/etc/selinux/config'}, {'name': 'mode', 'type': 'mode_t', 'value': 'F_OK'}]",0,0
204.501087,7274,7274,7108,0,4026531840,sshd,ip-10-100-1-79,1005,security_file_open,"[140537881861803, 7881702269071589484]",4,0,"[{'name': 'pathname', 'type': 'const char*', 'value': '/dev/null'}, {'name': 'flags', 'type': 'int', 'value': 'O_RDWR|O_LARGEFILE'}, {'name': 'dev', 'type': 'dev_t', 'value': 6}, {'name': 'inode', 'type': 'unsigned long', 'value': 6}]",0,0
204.501227,7274,7274,7108,0,4026531840,sshd,ip-10-100-1-79,257,openat,[],4,3,"[{'name': 'dirfd', 'type': 'int', 'value': -100}, {'name': 'pathname', 'type': 'const char*', 'value': '/dev/null'}, {'name': 'flags', 'type': 'int', 'value': 'O_RDWR'}, {'name': 'mode', 'type': 'mode_t', 'value': 2256969387}]",0,0
204.501278,7274,7274,7108,0,4026531840,sshd,ip-10-100-1-79,3,close,"[140537881864583, 94764261063120, 110399776305006]",1,0,"[{'name': 'fd', 'type': 'int', 'value': 3}]",0,0
204.503366,7274,7274,7108,0,4026531840,sshd,ip-10-100-1-79,1005,security_file_open,"[140537881861803, 7309464444695966511]",4,0,"[{'name': 'pathname', 'type': 'const char*', 'value': '/etc/ssl/openssl.cnf'}, {'name': 'flags', 'type': 'int', 'value': 'O_RDONLY|O_LARGEFILE'}, {'name': 'dev', 'type': 'dev_t', 'value': 211812353}, {'name': 'inode', 'type': 'unsigned long', 'value': 1152}]",0,0
204.504686,7274,7274,7108,0,4026531840,sshd,ip-10-100-1-79,257,openat,"[140537881861803, 7309464444695966511]",4,3,"[{'name': 'dirfd', 'type': 'int', 'value': -100}, {'name': 'pathname', 'type': 'const char*', 'value': '/usr/lib/ssl/openssl.cnf'}, {'name': 'flags', 'type': 'int', 'value': 'O_RDONLY'}, {'name': 'mode', 'type': 'mode_t', 'value': 2256969387}]",0,0
204.504835,7274,7274,7108,0,4026531840,sshd,ip-10-100-1-79,5,fstat,[140537881859721],2,0,"[{'name': 'fd', 'type': 'int', 'value': 3}, {'name': 'statbuf', 'type': 'struct stat*', 'value': '0x7FFCCE9009C0'}]",0,0
204.505745,7274,7274,7108,0,4026531840,sshd,ip-10-100-1-79,3,close,[140537881883819],1,0,"[{'name': 'fd', 'type': 'int', 'value': 3}]",0,0
204.506556,7274,7274,7108,0,4026531840,sshd,ip-10-100-1-79,1005,security_file_open,[140537881884252],4,0,"[{'name': 'pathname', 'type': 'const char*', 'value': '/proc/7274/fd'}, {'name': 'flags', 'type': 'int', 'value': 'O_RDONLY|O_NONBLOCK|O_LARGEFILE|O_DIRECTORY'}, {'name': 'dev', 'type': 'dev_t', 'value': 5}, {'name': 'inode', 'type': 'unsigned long', 'value': 38837}]",0,0
204.50672,7274,7274,7108,0,4026531840,sshd,ip-10-100-1-79,257,openat,[],4,3,"[{'name': 'dirfd', 'type': 'int', 'value': -100}, {'name': 'pathname', 'type': 'const char*', 'value': '/proc/7274/fd'}, {'name': 'flags', 'type': 'int', 'value': 'O_RDONLY|O_NONBLOCK|O_DIRECTORY|O_CLOEXEC'}, {'name': 'mode', 'type': 'mode_t', 'value': 2256991836}]",0,0
204.506829,7274,7274,7108,0,4026531840,sshd,ip-10-100-1-79,5,fstat,[140537881859721],2,0,"[{'name': 'fd', 'type': 'int', 'value': 3}, {'name': 'statbuf', 'type': 'struct stat*', 'value': '0x7FFCCE8FFD60'}]",0,0
204.506999,7274,7274,7108,0,4026531840,sshd,ip-10-100-1-79,217,getdents64,[140537881666619],3,192,"[{'name': 'fd', 'type': 'int', 'value': 3}, {'name': 'dirp', 'type': 'struct linux_dirent64*', 'value': '0x563006205490'}, {'name': 'count', 'type': 'unsigned long', 'value': 32768}]",0,0
204.50705,7274,7274,7108,0,4026531840,sshd,ip-10-100-1-79,217,getdents64,[],3,0,"[{'name': 'fd', 'type': 'int', 'value': 3}, {'name': 'dirp', 'type': 'struct linux_dirent64*', 'value': '0x563006205490'}, {'name': 'count', 'type': 'unsigned long', 'value': 32768}]",0,0
204.507198,7274,7274,7108,0,4026531840,sshd,ip-10-100-1-79,3,close,[140537881883819],1,0,"[{'name': 'fd', 'type': 'int', 'value': 3}]",0,0
204.507282,7274,7274,7108,0,4026531840,sshd,ip-10-100-1-79,32,dup,"[140537881864715, 94764261063120, 110399776305006]",1,3,"[{'name': 'oldfd', 'type': 'int', 'value': 4}]",0,0
204.507424,7274,7274,7108,0,4026531840,sshd,ip-10-100-1-79,3,close,"[140537881864583, 94764261063120, 110399776305006]",1,0,"[{'name': 'fd', 'type': 'int', 'value': 4}]",0,0
204.508504,7274,7274,7108,0,4026531840,sshd,ip-10-100-1-79,1005,security_file_open,[140537881884252],4,0,"[{'name': 'pathname', 'type': 'const char*', 'value': '/etc/gai.conf'}, {'name': 'flags', 'type': 'int', 'value': 'O_RDONLY|O_LARGEFILE'}, {'name': 'dev', 'type': 'dev_t', 'value': 211812353}, {'name': 'inode', 'type': 'unsigned long', 'value': 535}]",0,0
204.508578,7274,7274,7108,0,4026531840,sshd,ip-10-100-1-79,257,openat,[],4,4,"[{'name': 'dirfd', 'type': 'int', 'value': -100}, {'name': 'pathname', 'type': 'const char*', 'value': '/etc/gai.conf'}, {'name': 'flags', 'type': 'int', 'value': 'O_RDONLY|O_CLOEXEC'}, {'name': 'mode', 'type': 'mode_t', 'value': 2256991836}]",0,0
204.508818,7274,7274,7108,0,4026531840,sshd,ip-10-100-1-79,5,fstat,[],2,0,"[{'name': 'fd', 'type': 'int', 'value': 4}, {'name': 'statbuf', 'type': 'struct stat*', 'value': '0x7FFCCE900480'}]",0,0
204.508662,7274,7274,7108,0,4026531840,sshd,ip-10-100-1-79,5,fstat,[140537881859721],2,0,"[{'name': 'fd', 'type': 'int', 'value': 4}, {'name': 'statbuf', 'type': 'struct stat*', 'value': '0x7FFCCE900690'}]",0,0
204.508883,7274,7274,7108,0,4026531840,sshd,ip-10-100-1-79,3,close,[140537881883819],1,0,"[{'name': 'fd', 'type': 'int', 'value': 4}]",0,0
204.508961,7274,7274,7108,0,4026531840,sshd,ip-10-100-1-79,41,socket,"[140537881938187, 140537881831881, 94764242782921, 94764242780194]",3,4,"[{'name': 'domain', 'type': 'int', 'value': 'AF_NETLINK'}, {'name': 'type', 'type': 'const char*', 'value': 'SOCK_RAW|SOCK_CLOEXEC'}, {'name': 'protocol', 'type': 'int', 'value': 0}]",0,0
204.509848,7274,7274,7108,0,4026531840,sshd,ip-10-100-1-79,49,bind,"[140537881936587, 140537881831881, 94764242782921, 94764242780194]",3,0,"[{'name': 'sockfd', 'type': 'int', 'value': 4}, {'name': 'addr', 'type': 'const void*', 'value': ""{'sa_family': 'AF_NETLINK'}""}, {'name': 'addrlen', 'type': 'int*', 'value': 12}]",0,0
204.509914,7274,7274,7108,0,4026531840,sshd,ip-10-100-1-79,51,getsockname,"[140537881936843, 140537881831881, 94764242782921, 94764242780194]",3,0,"[{'name': 'sockfd', 'type': 'int', 'value': 4}, {'name': 'addr', 'type': 'const void*', 'value': ""{'sa_family': 'AF_NETLINK'}""}, {'name': 'addrlen', 'type': 'int*', 'value': '0x7FFCCE900674'}]",0,0
204.510038,7274,7274,7108,0,4026531840,sshd,ip-10-100-1-79,41,socket,"[140537881938187, 140537882180912, 140537882172198, 140537881831881, 94764242782921, 94764242780194]",3,6,"[{'name': 'domain', 'type': 'int', 'value': 'AF_UNIX'}, {'name': 'type', 'type': 'const char*', 'value': 'SOCK_STREAM|SOCK_NONBLOCK|SOCK_CLOEXEC'}, {'name': 'protocol', 'type': 'int', 'value': 0}]",0,0
204.51028,7274,7274,7108,0,4026531840,sshd,ip-10-100-1-79,3,close,"[140537881883819, 140537882180912, 140537882172198, 140537881831881, 94764242782921, 94764242780194]",1,0,"[{'name': 'fd', 'type': 'int', 'value': 6}]",0,0
204.510093,7274,7274,7108,0,4026531840,sshd,ip-10-100-1-79,42,connect,"[140537881936647, 140537882180912, 140537882172198, 140537881831881, 94764242782921, 94764242780194]",3,-2,"[{'name': 'sockfd', 'type': 'int', 'value': 6}, {'name': 'addr', 'type': 'void*', 'value': ""{'sa_family': 'AF_UNIX','sun_path': '/var/run/nscd/socket'}""}, {'name': 'addrlen', 'type': 'int*', 'value': 110}]",0,0
204.510369,7274,7274,7108,0,4026531840,sshd,ip-10-100-1-79,3,close,[],1,0,"[{'name': 'fd', 'type': 'int', 'value': 4}]",0,0
204.510417,7274,7274,7108,0,4026531840,sshd,ip-10-100-1-79,41,socket,"[140537881938187, 94764242782921, 94764242780194]",3,4,"[{'name': 'domain', 'type': 'int', 'value': 'AF_INET6'}, {'name': 'type', 'type': 'const char*', 'value': 'SOCK_DGRAM|SOCK_CLOEXEC'}, {'name': 'protocol', 'type': 'int', 'value': 0}]",0,0
204.510465,7274,7274,7108,0,4026531840,sshd,ip-10-100-1-79,42,connect,[],3,0,"[{'name': 'sockfd', 'type': 'int', 'value': 4}, {'name': 'addr', 'type': 'void*', 'value': ""{'sa_family': 'AF_INET6','sin6_port': '22','sin6_flowinfo': '0','sin6_addr': '::','sin6_scopeid': '0'}""}, {'name': 'addrlen', 'type': 'int*', 'value': 28}]",0,0
204.51054,7274,7274,7108,0,4026531840,sshd,ip-10-100-1-79,51,getsockname,"[140537881936843, 94764242782921, 94764242780194]",3,0,"[{'name': 'sockfd', 'type': 'int', 'value': 4}, {'name': 'addr', 'type': 'const void*', 'value': ""{'sa_family': 'AF_INET6','sin6_port': '56209','sin6_flowinfo': '0','sin6_addr': '::1','sin6_scopeid': '0'}""}, {'name': 'addrlen', 'type': 'int*', 'value': '0x7FFCCE900860'}]",0,0
204.510696,7274,7274,7108,0,4026531840,sshd,ip-10-100-1-79,42,connect,[],3,0,"[{'name': 'sockfd', 'type': 'int', 'value': 4}, {'name': 'addr', 'type': 'void*', 'value': ""{'sa_family': 'AF_UNSPEC'}""}, {'name': 'addrlen', 'type': 'int*', 'value': 16}]",0,0
204.510744,7274,7274,7108,0,4026531840,sshd,ip-10-100-1-79,42,connect,[],3,0,"[{'name': 'sockfd', 'type': 'int', 'value': 4}, {'name': 'addr', 'type': 'void*', 'value': ""{'sa_family': 'AF_INET','sin_port': '22','sin_addr': '0.0.0.0'}""}, {'name': 'addrlen', 'type': 'int*', 'value': 16}]",0,0
204.510786,7274,7274,7108,0,4026531840,sshd,ip-10-100-1-79,51,getsockname,[],3,0,"[{'name': 'sockfd', 'type': 'int', 'value': 4}, {'name': 'addr', 'type': 'const void*', 'value': ""{'sa_family': 'AF_INET6','sin6_port': '38171','sin6_flowinfo': '0','sin6_addr': '127.0.0.1','sin6_scopeid': '0'}""}, {'name': 'addrlen', 'type': 'int*', 'value': '0x7FFCCE900860'}]",0,0
204.510911,7274,7274,7108,0,4026531840,sshd,ip-10-100-1-79,3,close,"[140537881883819, 94764242782921, 94764242780194]",1,0,"[{'name': 'fd', 'type': 'int', 'value': 4}]",0,0
204.511119,7274,7274,7108,0,4026531840,sshd,ip-10-100-1-79,41,socket,"[140537881938187, 140537882180912, 140537882182047, 441404715406721024]",3,4,"[{'name': 'domain', 'type': 'int', 'value': 'AF_UNIX'}, {'name': 'type', 'type': 'const char*', 'value': 'SOCK_STREAM|SOCK_NONBLOCK|SOCK_CLOEXEC'}, {'name': 'protocol', 'type': 'int', 'value': 0}]",0,0
204.512523,7274,7274,7108,0,4026531840,sshd,ip-10-100-1-79,42,connect,"[140537881936647, 140537882180912, 140537882182047, 441404715406721024]",3,-2,"[{'name': 'sockfd', 'type': 'int', 'value': 4}, {'name': 'addr', 'type': 'void*', 'value': ""{'sa_family': 'AF_UNIX','sun_path': '/var/run/nscd/socket'}""}, {'name': 'addrlen', 'type': 'int*', 'value': 110}]",0,0
204.512615,7274,7274,7108,0,4026531840,sshd,ip-10-100-1-79,3,close,"[140537881883819, 140537882180912, 140537882182047, 441404715406721024]",1,0,"[{'name': 'fd', 'type': 'int', 'value': 4}]",0,0
204.512687,7274,7274,7108,0,4026531840,sshd,ip-10-100-1-79,41,socket,"[140537881938187, 140537882182667, 94764261191488]",3,4,"[{'name': 'domain', 'type': 'int', 'value': 'AF_UNIX'}, {'name': 'type', 'type': 'const char*', 'value': 'SOCK_STREAM|SOCK_NONBLOCK|SOCK_CLOEXEC'}, {'name': 'protocol', 'type': 'int', 'value': 0}]",0,0
204.512843,7274,7274,7108,0,4026531840,sshd,ip-10-100-1-79,42,connect,"[140537881936647, 140537882182667, 94764261191488]",3,-2,"[{'name': 'sockfd', 'type': 'int', 'value': 4}, {'name': 'addr', 'type': 'void*', 'value': ""{'sa_family': 'AF_UNIX','sun_path': '/var/run/nscd/socket'}""}, {'name': 'addrlen', 'type': 'int*', 'value': 110}]",0,0
204.512888,7274,7274,7108,0,4026531840,sshd,ip-10-100-1-79,3,close,"[140537881883819, 140537882182667, 94764261191488]",1,0,"[{'name': 'fd', 'type': 'int', 'value': 4}]",0,0
204.512964,7274,7274,7108,0,4026531840,sshd,ip-10-100-1-79,1005,security_file_open,[140537881884252],4,0,"[{'name': 'pathname', 'type': 'const char*', 'value': '/etc/nsswitch.conf'}, {'name': 'flags', 'type': 'int', 'value': 'O_RDONLY|O_LARGEFILE'}, {'name': 'dev', 'type': 'dev_t', 'value': 211812353}, {'name': 'inode', 'type': 'unsigned long', 'value': 22}]",0,0
204.513089,7274,7274,7108,0,4026531840,sshd,ip-10-100-1-79,257,openat,[],4,4,"[{'name': 'dirfd', 'type': 'int', 'value': -100}, {'name': 'pathname', 'type': 'const char*', 'value': '/etc/nsswitch.conf'}, {'name': 'flags', 'type': 'int', 'value': 'O_RDONLY|O_CLOEXEC'}, {'name': 'mode', 'type': 'mode_t', 'value': 2256991836}]",0,0
204.513156,7274,7274,7108,0,4026531840,sshd,ip-10-100-1-79,5,fstat,[140537881859721],2,0,"[{'name': 'fd', 'type': 'int', 'value': 4}, {'name': 'statbuf', 'type': 'struct stat*', 'value': '0x7FFCCE900B60'}]",0,0
204.513224,7274,7274,7108,0,4026531840,sshd,ip-10-100-1-79,3,close,[140537881883819],1,0,"[{'name': 'fd', 'type': 'int', 'value': 4}]",0,0
204.513394,7274,7274,7108,0,4026531840,sshd,ip-10-100-1-79,1005,security_file_open,"[140537888759640, 140537888676234]",4,0,"[{'name': 'pathname', 'type': 'const char*', 'value': '/etc/ld.so.cache'}, {'name': 'flags', 'type': 'int', 'value': 'O_RDONLY|O_LARGEFILE'}, {'name': 'dev', 'type': 'dev_t', 'value': 211812353}, {'name': 'inode', 'type': 'unsigned long', 'value': 62841}]",0,0
204.513546,7274,7274,7108,0,4026531840,sshd,ip-10-100-1-79,257,openat,[],4,4,"[{'name': 'dirfd', 'type': 'int', 'value': -100}, {'name': 'pathname', 'type': 'const char*', 'value': '/etc/ld.so.cache'}, {'name': 'flags', 'type': 'int', 'value': 'O_RDONLY|O_CLOEXEC'}, {'name': 'mode', 'type': 'mode_t', 'value': 2263867224}]",0,0
204.513591,7274,7274,7108,0,4026531840,sshd,ip-10-100-1-79,5,fstat,[140537888759081],2,0,"[{'name': 'fd', 'type': 'int', 'value': 4}, {'name': 'statbuf', 'type': 'struct stat*', 'value': '0x7FFCCE9002D0'}]",0,0
204.513727,7274,7274,7108,0,4026531840,sshd,ip-10-100-1-79,3,close,[140537888759323],1,0,"[{'name': 'fd', 'type': 'int', 'value': 4}]",0,0
204.513806,7274,7274,7108,0,4026531840,sshd,ip-10-100-1-79,1005,security_file_open,"[140537888759640, 140537888676301]",4,0,"[{'name': 'pathname', 'type': 'const char*', 'value': '/usr/lib/x86_64-linux-gnu/libnss_files-2.31.so'}, {'name': 'flags', 'type': 'int', 'value': 'O_RDONLY|O_LARGEFILE'}, {'name': 'dev', 'type': 'dev_t', 'value': 211812353}, {'name': 'inode', 'type': 'unsigned long', 'value': 3437}]",0,0
204.513942,7274,7274,7108,0,4026531840,sshd,ip-10-100-1-79,257,openat,[],4,4,"[{'name': 'dirfd', 'type': 'int', 'value': -100}, {'name': 'pathname', 'type': 'const char*', 'value': '/lib/x86_64-linux-gnu/libnss_files.so.2'}, {'name': 'flags', 'type': 'int', 'value': 'O_RDONLY|O_CLOEXEC'}, {'name': 'mode', 'type': 'mode_t', 'value': 2263867224}]",0,0
204.514005,7274,7274,7108,0,4026531840,sshd,ip-10-100-1-79,5,fstat,"[140537888759081, 140537888675355]",2,0,"[{'name': 'fd', 'type': 'int', 'value': 4}, {'name': 'statbuf', 'type': 'struct stat*', 'value': '0x7FFCCE900320'}]",0,0
204.515548,7274,7274,7108,0,4026531840,sshd,ip-10-100-1-79,3,close,"[140537888759323, 140537888675355]",1,0,"[{'name': 'fd', 'type': 'int', 'value': 4}]",0,0
204.515715,7274,7274,7108,0,4026531840,sshd,ip-10-100-1-79,1005,security_file_open,[140537881884252],4,0,"[{'name': 'pathname', 'type': 'const char*', 'value': '/etc/passwd'}, {'name': 'flags', 'type': 'int', 'value': 'O_RDONLY|O_LARGEFILE'}, {'name': 'dev', 'type': 'dev_t', 'value': 211812353}, {'name': 'inode', 'type': 'unsigned long', 'value': 61241}]",0,0
204.516446,7274,7274,7108,0,4026531840,sshd,ip-10-100-1-79,257,openat,[140537881884252],4,4,"[{'name': 'dirfd', 'type': 'int', 'value': -100}, {'name': 'pathname', 'type': 'const char*', 'value': '/etc/passwd'}, {'name': 'flags', 'type': 'int', 'value': 'O_RDONLY|O_CLOEXEC'}, {'name': 'mode', 'type': 'mode_t', 'value': 2256991836}]",0,0
204.516546,7274,7274,7108,0,4026531840,sshd,ip-10-100-1-79,5,fstat,[140537881859721],2,0,"[{'name': 'fd', 'type': 'int', 'value': 4}, {'name': 'statbuf', 'type': 'struct stat*', 'value': '0x7FFCCE900B90'}]",0,0
204.516703,7274,7274,7108,0,4026531840,sshd,ip-10-100-1-79,1005,security_file_open,"[140537881861803, 8317981795760173871]",4,0,"[{'name': 'pathname', 'type': 'const char*', 'value': '/etc/ssh/ssh_host_rsa_key'}, {'name': 'flags', 'type': 'int', 'value': 'O_RDONLY|O_LARGEFILE'}, {'name': 'dev', 'type': 'dev_t', 'value': 211812353}, {'name': 'inode', 'type': 'unsigned long', 'value': 61055}]",0,0
204.516915,7274,7274,7108,0,4026531840,sshd,ip-10-100-1-79,257,openat,[],4,4,"[{'name': 'dirfd', 'type': 'int', 'value': -100}, {'name': 'pathname', 'type': 'const char*', 'value': '/etc/ssh/ssh_host_rsa_key'}, {'name': 'flags', 'type': 'int', 'value': 'O_RDONLY'}, {'name': 'mode', 'type': 'mode_t', 'value': 2256969387}]",0,0
204.516606,7274,7274,7108,0,4026531840,sshd,ip-10-100-1-79,3,close,[140537881883819],1,0,"[{'name': 'fd', 'type': 'int', 'value': 4}]",0,0
204.51696,7274,7274,7108,0,4026531840,sshd,ip-10-100-1-79,5,fstat,[140537881859721],2,0,"[{'name': 'fd', 'type': 'int', 'value': 4}, {'name': 'statbuf', 'type': 'struct stat*', 'value': '0x7FFCCE900D70'}]",0,0
204.519933,7274,7274,7108,0,4026531840,sshd,ip-10-100-1-79,3,close,[140537881864583],1,0,"[{'name': 'fd', 'type': 'int', 'value': 4}]",0,0
204.517,7274,7274,7108,0,4026531840,sshd,ip-10-100-1-79,5,fstat,[],2,0,"[{'name': 'fd', 'type': 'int', 'value': 4}, {'name': 'statbuf', 'type': 'struct stat*', 'value': '0x7FFCCE8FFD60'}]",0,0
204.521663,7274,7274,7108,0,4026531840,sshd,ip-10-100-1-79,1005,security_file_open,"[140537881861803, 8317981795760173871]",4,0,"[{'name': 'pathname', 'type': 'const char*', 'value': '/etc/ssh/ssh_host_rsa_key'}, {'name': 'flags', 'type': 'int', 'value': 'O_RDONLY|O_LARGEFILE'}, {'name': 'dev', 'type': 'dev_t', 'value': 211812353}, {'name': 'inode', 'type': 'unsigned long', 'value': 61055}]",0,0
204.522361,7274,7274,7108,0,4026531840,sshd,ip-10-100-1-79,257,openat,"[140537881861803, 8317981795760173871]",4,4,"[{'name': 'dirfd', 'type': 'int', 'value': -100}, {'name': 'pathname', 'type': 'const char*', 'value': '/etc/ssh/ssh_host_rsa_key'}, {'name': 'flags', 'type': 'int', 'value': 'O_RDONLY'}, {'name': 'mode', 'type': 'mode_t', 'value': 2256969387}]",0,0
204.522473,7274,7274,7108,0,4026531840,sshd,ip-10-100-1-79,5,fstat,[140537881859721],2,0,"[{'name': 'fd', 'type': 'int', 'value': 4}, {'name': 'statbuf', 'type': 'struct stat*', 'value': '0x7FFCCE900C30'}]",0,0
204.522551,7274,7274,7108,0,4026531840,sshd,ip-10-100-1-79,3,close,[140537881883819],1,0,"[{'name': 'fd', 'type': 'int', 'value': 4}]",0,0
204.522708,7274,7274,7108,0,4026531840,sshd,ip-10-100-1-79,1005,security_file_open,[],4,0,"[{'name': 'pathname', 'type': 'const char*', 'value': '/etc/ssh/ssh_host_rsa_key.pub'}, {'name': 'flags', 'type': 'int', 'value': 'O_RDONLY|O_LARGEFILE'}, {'name': 'dev', 'type': 'dev_t', 'value': 211812353}, {'name': 'inode', 'type': 'unsigned long', 'value': 61060}]",0,0
204.522768,7274,7274,7108,0,4026531840,sshd,ip-10-100-1-79,257,openat,[],4,4,"[{'name': 'dirfd', 'type': 'int', 'value': -100}, {'name': 'pathname', 'type': 'const char*', 'value': '/etc/ssh/ssh_host_rsa_key.pub'}, {'name': 'flags', 'type': 'int', 'value': 'O_RDONLY'}, {'name': 'mode', 'type': 'mode_t', 'value': 2256969387}]",0,0
204.52289,7274,7274,7108,0,4026531840,sshd,ip-10-100-1-79,5,fstat,[],2,0,"[{'name': 'fd', 'type': 'int', 'value': 4}, {'name': 'statbuf', 'type': 'struct stat*', 'value': '0x7FFCCE900C30'}]",0,0
204.523025,7274,7274,7108,0,4026531840,sshd,ip-10-100-1-79,3,close,[],1,0,"[{'name': 'fd', 'type': 'int', 'value': 4}]",0,0
204.52562,7274,7274,7108,0,4026531840,sshd,ip-10-100-1-79,1005,security_file_open,"[140537881861803, 8317981795760173871]",4,0,"[{'name': 'pathname', 'type': 'const char*', 'value': '/etc/ssh/ssh_host_ecdsa_key'}, {'name': 'flags', 'type': 'int', 'value': 'O_RDONLY|O_LARGEFILE'}, {'name': 'dev', 'type': 'dev_t', 'value': 211812353}, {'name': 'inode', 'type': 'unsigned long', 'value': 61063}]",0,0
204.527476,7274,7274,7108,0,4026531840,sshd,ip-10-100-1-79,257,openat,"[140537881861803, 8317981795760173871]",4,4,"[{'name': 'dirfd', 'type': 'int', 'value': -100}, {'name': 'pathname', 'type': 'const char*', 'value': '/etc/ssh/ssh_host_ecdsa_key'}, {'name': 'flags', 'type': 'int', 'value': 'O_RDONLY'}, {'name': 'mode', 'type': 'mode_t', 'value': 2256969387}]",0,0
204.527588,7274,7274,7108,0,4026531840,sshd,ip-10-100-1-79,5,fstat,[140537881859721],2,0,"[{'name': 'fd', 'type': 'int', 'value': 4}, {'name': 'statbuf', 'type': 'struct stat*', 'value': '0x7FFCCE900D70'}]",0,0
204.527735,7274,7274,7108,0,4026531840,sshd,ip-10-100-1-79,5,fstat,[],2,0,"[{'name': 'fd', 'type': 'int', 'value': 4}, {'name': 'statbuf', 'type': 'struct stat*', 'value': '0x7FFCCE8FFD60'}]",0,0
204.528709,7274,7274,7108,0,4026531840,sshd,ip-10-100-1-79,3,close,[140537881864583],1,0,"[{'name': 'fd', 'type': 'int', 'value': 4}]",0,0
204.529474,7274,7274,7108,0,4026531840,sshd,ip-10-100-1-79,1005,security_file_open,"[140537881861803, 8317981795760173871]",4,0,"[{'name': 'pathname', 'type': 'const char*', 'value': '/etc/ssh/ssh_host_ecdsa_key'}, {'name': 'flags', 'type': 'int', 'value': 'O_RDONLY|O_LARGEFILE'}, {'name': 'dev', 'type': 'dev_t', 'value': 211812353}, {'name': 'inode', 'type': 'unsigned long', 'value': 61063}]",0,0
204.529616,7274,7274,7108,0,4026531840,sshd,ip-10-100-1-79,257,openat,[],4,4,"[{'name': 'dirfd', 'type': 'int', 'value': -100}, {'name': 'pathname', 'type': 'const char*', 'value': '/etc/ssh/ssh_host_ecdsa_key'}, {'name': 'flags', 'type': 'int', 'value': 'O_RDONLY'}, {'name': 'mode', 'type': 'mode_t', 'value': 2256969387}]",0,0
204.529688,7274,7274,7108,0,4026531840,sshd,ip-10-100-1-79,5,fstat,[140537881859721],2,0,"[{'name': 'fd', 'type': 'int', 'value': 4}, {'name': 'statbuf', 'type': 'struct stat*', 'value': '0x7FFCCE900C30'}]",0,0
204.529781,7274,7274,7108,0,4026531840,sshd,ip-10-100-1-79,3,close,[140537881883819],1,0,"[{'name': 'fd', 'type': 'int', 'value': 4}]",0,0
204.529957,7274,7274,7108,0,4026531840,sshd,ip-10-100-1-79,1005,security_file_open,[],4,0,"[{'name': 'pathname', 'type': 'const char*', 'value': '/etc/ssh/ssh_host_ecdsa_key.pub'}, {'name': 'flags', 'type': 'int', 'value': 'O_RDONLY|O_LARGEFILE'}, {'name': 'dev', 'type': 'dev_t', 'value': 211812353}, {'name': 'inode', 'type': 'unsigned long', 'value': 61064}]",0,0
204.530029,7274,7274,7108,0,4026531840,sshd,ip-10-100-1-79,257,openat,[],4,4,"[{'name': 'dirfd', 'type': 'int', 'value': -100}, {'name': 'pathname', 'type': 'const char*', 'value': '/etc/ssh/ssh_host_ecdsa_key.pub'}, {'name': 'flags', 'type': 'int', 'value': 'O_RDONLY'}, {'name': 'mode', 'type': 'mode_t', 'value': 2256969387}]",0,0
204.530065,7274,7274,7108,0,4026531840,sshd,ip-10-100-1-79,5,fstat,[],2,0,"[{'name': 'fd', 'type': 'int', 'value': 4}, {'name': 'statbuf', 'type': 'struct stat*', 'value': '0x7FFCCE900C30'}]",0,0
204.531116,7274,7274,7108,0,4026531840,sshd,ip-10-100-1-79,3,close,[140537881883819],1,0,"[{'name': 'fd', 'type': 'int', 'value': 4}]",0,0
204.531982,7274,7274,7108,0,4026531840,sshd,ip-10-100-1-79,1005,security_file_open,"[140537881861803, 8317981795760173871]",4,0,"[{'name': 'pathname', 'type': 'const char*', 'value': '/etc/ssh/ssh_host_ed25519_key'}, {'name': 'flags', 'type': 'int', 'value': 'O_RDONLY|O_LARGEFILE'}, {'name': 'dev', 'type': 'dev_t', 'value': 211812353}, {'name': 'inode', 'type': 'unsigned long', 'value': 61068}]",0,0
204.532716,7274,7274,7108,0,4026531840,sshd,ip-10-100-1-79,257,openat,"[140537881861803, 8317981795760173871]",4,4,"[{'name': 'dirfd', 'type': 'int', 'value': -100}, {'name': 'pathname', 'type': 'const char*', 'value': '/etc/ssh/ssh_host_ed25519_key'}, {'name': 'flags', 'type': 'int', 'value': 'O_RDONLY'}, {'name': 'mode', 'type': 'mode_t', 'value': 2256969387}]",0,0
204.532789,7274,7274,7108,0,4026531840,sshd,ip-10-100-1-79,5,fstat,[140537881859721],2,0,"[{'name': 'fd', 'type': 'int', 'value': 4}, {'name': 'statbuf', 'type': 'struct stat*', 'value': '0x7FFCCE900D70'}]",0,0
204.532856,7274,7274,7108,0,4026531840,sshd,ip-10-100-1-79,5,fstat,[],2,0,"[{'name': 'fd', 'type': 'int', 'value': 4}, {'name': 'statbuf', 'type': 'struct stat*', 'value': '0x7FFCCE8FFD60'}]",0,0
204.533052,7274,7274,7108,0,4026531840,sshd,ip-10-100-1-79,3,close,[140537881864583],1,0,"[{'name': 'fd', 'type': 'int', 'value': 4}]",0,0
204.53411,7274,7274,7108,0,4026531840,sshd,ip-10-100-1-79,257,openat,[],4,4,"[{'name': 'dirfd', 'type': 'int', 'value': -100}, {'name': 'pathname', 'type': 'const char*', 'value': '/etc/ssh/ssh_host_ed25519_key'}, {'name': 'flags', 'type': 'int', 'value': 'O_RDONLY'}, {'name': 'mode', 'type': 'mode_t', 'value': 2256969387}]",0,0
204.533924,7274,7274,7108,0,4026531840,sshd,ip-10-100-1-79,1005,security_file_open,"[140537881861803, 8317981795760173871]",4,0,"[{'name': 'pathname', 'type': 'const char*', 'value': '/etc/ssh/ssh_host_ed25519_key'}, {'name': 'flags', 'type': 'int', 'value': 'O_RDONLY|O_LARGEFILE'}, {'name': 'dev', 'type': 'dev_t', 'value': 211812353}, {'name': 'inode', 'type': 'unsigned long', 'value': 61068}]",0,0
204.534178,7274,7274,7108,0,4026531840,sshd,ip-10-100-1-79,5,fstat,[140537881859721],2,0,"[{'name': 'fd', 'type': 'int', 'value': 4}, {'name': 'statbuf', 'type': 'struct stat*', 'value': '0x7FFCCE900C30'}]",0,0
204.534505,7274,7274,7108,0,4026531840,sshd,ip-10-100-1-79,257,openat,[],4,4,"[{'name': 'dirfd', 'type': 'int', 'value': -100}, {'name': 'pathname', 'type': 'const char*', 'value': '/etc/ssh/ssh_host_ed25519_key.pub'}, {'name': 'flags', 'type': 'int', 'value': 'O_RDONLY'}, {'name': 'mode', 'type': 'mode_t', 'value': 2256969387}]",0,0
204.534555,7274,7274,7108,0,4026531840,sshd,ip-10-100-1-79,5,fstat,[],2,0,"[{'name': 'fd', 'type': 'int', 'value': 4}, {'name': 'statbuf', 'type': 'struct stat*', 'value': '0x7FFCCE900C30'}]",0,0
204.534403,7274,7274,7108,0,4026531840,sshd,ip-10-100-1-79,1005,security_file_open,[],4,0,"[{'name': 'pathname', 'type': 'const char*', 'value': '/etc/ssh/ssh_host_ed25519_key.pub'}, {'name': 'flags', 'type': 'int', 'value': 'O_RDONLY|O_LARGEFILE'}, {'name': 'dev', 'type': 'dev_t', 'value': 211812353}, {'name': 'inode', 'type': 'unsigned long', 'value': 61069}]",0,0
204.535966,7274,7274,7108,0,4026531840,sshd,ip-10-100-1-79,1003,cap_capable,[140537878343275],1,0,"[{'name': 'cap', 'type': 'int', 'value': 'CAP_SETGID'}]",0,0
204.534713,7274,7274,7108,0,4026531840,sshd,ip-10-100-1-79,3,close,[],1,0,"[{'name': 'fd', 'type': 'int', 'value': 4}]",0,0
204.536057,7274,7274,7108,0,4026531840,sshd,ip-10-100-1-79,1005,security_file_open,"[140537881861803, 6064216145394624768]",4,0,"[{'name': 'pathname', 'type': 'const char*', 'value': '/dev/tty'}, {'name': 'flags', 'type': 'int', 'value': 'O_RDONLY|O_NOCTTY|O_LARGEFILE'}, {'name': 'dev', 'type': 'dev_t', 'value': 6}, {'name': 'inode', 'type': 'unsigned long', 'value': 13}]",0,0
204.535872,7274,7274,7108,0,4026531840,sshd,ip-10-100-1-79,4,stat,"[140537881859626, 94764261063120, 110399776305006]",2,0,"[{'name': 'pathname', 'type': 'const char*', 'value': '/run/sshd'}, {'name': 'statbuf', 'type': 'struct stat*', 'value': '0x7FFCCE900F00'}]",0,0
204.536432,7274,7274,7108,0,4026531840,sshd,ip-10-100-1-79,32,dup,"[140537881864715, 94764261063120, 110399776305006]",1,4,"[{'name': 'oldfd', 'type': 'int', 'value': 0}]",0,0
204.536545,7274,7274,7108,0,4026531840,sshd,ip-10-100-1-79,1005,security_file_open,"[140537881861803, 7881702269071589484]",4,0,"[{'name': 'pathname', 'type': 'const char*', 'value': '/dev/null'}, {'name': 'flags', 'type': 'int', 'value': 'O_RDWR|O_LARGEFILE'}, {'name': 'dev', 'type': 'dev_t', 'value': 6}, {'name': 'inode', 'type': 'unsigned long', 'value': 6}]",0,0
204.536687,7274,7274,7108,0,4026531840,sshd,ip-10-100-1-79,257,openat,[],4,5,"[{'name': 'dirfd', 'type': 'int', 'value': -100}, {'name': 'pathname', 'type': 'const char*', 'value': '/dev/null'}, {'name': 'flags', 'type': 'int', 'value': 'O_RDWR'}, {'name': 'mode', 'type': 'mode_t', 'value': 2256969387}]",0,0
204.534228,7274,7274,7108,0,4026531840,sshd,ip-10-100-1-79,3,close,[140537881883819],1,0,"[{'name': 'fd', 'type': 'int', 'value': 4}]",0,0
204.53632,7274,7274,7108,0,4026531840,sshd,ip-10-100-1-79,3,close,"[140537881864583, 94764261063120, 110399776305006]",1,0,"[{'name': 'fd', 'type': 'int', 'value': 5}]",0,0
204.536215,7274,7274,7108,0,4026531840,sshd,ip-10-100-1-79,257,openat,[],4,-6,"[{'name': 'dirfd', 'type': 'int', 'value': -100}, {'name': 'pathname', 'type': 'const char*', 'value': '/dev/tty'}, {'name': 'flags', 'type': 'int', 'value': 'O_RDONLY|O_NOCTTY'}, {'name': 'mode', 'type': 'mode_t', 'value': 2256969387}]",0,0
204.536729,7274,7274,7108,0,4026531840,sshd,ip-10-100-1-79,33,dup2,[140537881864763],2,0,"[{'name': 'oldfd', 'type': 'int', 'value': 5}, {'name': 'newfd', 'type': 'int', 'value': 0}]",0,0
204.53684,7274,7274,7108,0,4026531840,sshd,ip-10-100-1-79,33,dup2,[],2,2,"[{'name': 'oldfd', 'type': 'int', 'value': 5}, {'name': 'newfd', 'type': 'int', 'value': 2}]",0,0
204.536764,7274,7274,7108,0,4026531840,sshd,ip-10-100-1-79,33,dup2,[],2,1,"[{'name': 'oldfd', 'type': 'int', 'value': 5}, {'name': 'newfd', 'type': 'int', 'value': 1}]",0,0
204.536987,7274,7274,7108,0,4026531840,sshd,ip-10-100-1-79,3,close,[140537881864583],1,0,"[{'name': 'fd', 'type': 'int', 'value': 5}]",0,0
204.537174,7274,7274,7108,0,4026531840,sshd,ip-10-100-1-79,51,getsockname,[140537881936843],3,0,"[{'name': 'sockfd', 'type': 'int', 'value': 4}, {'name': 'addr', 'type': 'const void*', 'value': ""{'sa_family': 'AF_INET','sin_port': '22','sin_addr': '10.100.1.79'}""}, {'name': 'addrlen', 'type': 'int*', 'value': '0x7FFCCE90096C'}]",0,0
204.53849,7274,7274,7108,0,4026531840,sshd,ip-10-100-1-79,51,getsockname,[140537881936843],3,0,"[{'name': 'sockfd', 'type': 'int', 'value': 4}, {'name': 'addr', 'type': 'const void*', 'value': ""{'sa_family': 'AF_INET','sin_port': '22','sin_addr': '10.100.1.79'}""}, {'name': 'addrlen', 'type': 'int*', 'value': '0x7FFCCE900D5C'}]",0,0
204.53907,7274,7274,7108,0,4026531840,sshd,ip-10-100-1-79,51,getsockname,[140537881936843],3,0,"[{'name': 'sockfd', 'type': 'int', 'value': 4}, {'name': 'addr', 'type': 'const void*', 'value': ""{'sa_family': 'AF_INET','sin_port': '22','sin_addr': '10.100.1.79'}""}, {'name': 'addrlen', 'type': 'int*', 'value': '0x7FFCCE8FEE4C'}]",0,0
204.539141,7274,7274,7108,0,4026531840,sshd,ip-10-100-1-79,1005,security_file_open,"[140537881861803, 8606216625671009140]",4,0,"[{'name': 'pathname', 'type': 'const char*', 'value': '/etc/hosts.allow'}, {'name': 'flags', 'type': 'int', 'value': 'O_RDONLY|O_LARGEFILE'}, {'name': 'dev', 'type': 'dev_t', 'value': 211812353}, {'name': 'inode', 'type': 'unsigned long', 'value': 757}]",0,0
204.539359,7274,7274,7108,0,4026531840,sshd,ip-10-100-1-79,5,fstat,[140537881859721],2,0,"[{'name': 'fd', 'type': 'int', 'value': 5}, {'name': 'statbuf', 'type': 'struct stat*', 'value': '0x7FFCCE9003E0'}]",0,0
204.539209,7274,7274,7108,0,4026531840,sshd,ip-10-100-1-79,257,openat,[],4,5,"[{'name': 'dirfd', 'type': 'int', 'value': -100}, {'name': 'pathname', 'type': 'const char*', 'value': '/etc/hosts.allow'}, {'name': 'flags', 'type': 'int', 'value': 'O_RDONLY'}, {'name': 'mode', 'type': 'mode_t', 'value': 2256969387}]",0,0
204.540289,7274,7274,7108,0,4026531840,sshd,ip-10-100-1-79,3,close,[140537881883819],1,0,"[{'name': 'fd', 'type': 'int', 'value': 5}]",0,0
204.540359,7274,7274,7108,0,4026531840,sshd,ip-10-100-1-79,1005,security_file_open,"[140537881861803, 34179853933507444]",4,0,"[{'name': 'pathname', 'type': 'const char*', 'value': '/etc/hosts.deny'}, {'name': 'flags', 'type': 'int', 'value': 'O_RDONLY|O_LARGEFILE'}, {'name': 'dev', 'type': 'dev_t', 'value': 211812353}, {'name': 'inode', 'type': 'unsigned long', 'value': 758}]",0,0
204.540428,7274,7274,7108,0,4026531840,sshd,ip-10-100-1-79,257,openat,[],4,5,"[{'name': 'dirfd', 'type': 'int', 'value': -100}, {'name': 'pathname', 'type': 'const char*', 'value': '/etc/hosts.deny'}, {'name': 'flags', 'type': 'int', 'value': 'O_RDONLY'}, {'name': 'mode', 'type': 'mode_t', 'value': 2256969387}]",0,0
204.540463,7274,7274,7108,0,4026531840,sshd,ip-10-100-1-79,5,fstat,[140537881859721],2,0,"[{'name': 'fd', 'type': 'int', 'value': 5}, {'name': 'statbuf', 'type': 'struct stat*', 'value': '0x7FFCCE9003E0'}]",0,0
204.542174,7274,7274,7108,0,4026531840,sshd,ip-10-100-1-79,3,close,[140537881883819],1,0,"[{'name': 'fd', 'type': 'int', 'value': 5}]",0,0
204.542249,7274,7274,7108,0,4026531840,sshd,ip-10-100-1-79,51,getsockname,[140537881936843],3,0,"[{'name': 'sockfd', 'type': 'int', 'value': 4}, {'name': 'addr', 'type': 'const void*', 'value': ""{'sa_family': 'AF_INET','sin_port': '22','sin_addr': '10.100.1.79'}""}, {'name': 'addrlen', 'type': 'int*', 'value': '0x7FFCCE9009BC'}]",0,0
205.655392,7274,7274,7108,0,4026531840,sshd,ip-10-100-1-79,56,clone,[140537881686207],5,7275,"[{'name': 'flags', 'type': 'unsigned int', 'value': 'CLONE_CHILD_CLEARTID|CLONE_CHILD_SETTID'}, {'name': 'stack', 'type': 'void*', 'value': '0x0'}, {'name': 'parent_tid', 'type': 'int*', 'value': '0x0'}, {'name': 'child_tid', 'type': 'int*', 'value': '0x7FD18683F0BF'}, {'name': 'tls', 'type': 'unsigned long', 'value': 0}]",0,0
205.65566,7274,7274,7108,0,4026531840,sshd,ip-10-100-1-79,3,close,"[140537881864583, 94764261284704]",1,0,"[{'name': 'fd', 'type': 'int', 'value': 5}]",0,0
205.65576,7274,7274,7108,0,4026531840,sshd,ip-10-100-1-79,3,close,"[140537881864583, 94764261284704]",1,0,"[{'name': 'fd', 'type': 'int', 'value': 8}]",0,0
205.656055,7275,7275,7274,0,4026531840,sshd,ip-10-100-1-79,3,close,"[140537881864583, 94764261284704]",1,0,"[{'name': 'fd', 'type': 'int', 'value': 6}]",0,0
205.656156,7275,7275,7274,0,4026531840,sshd,ip-10-100-1-79,3,close,"[140537881864583, 94764261284704]",1,0,"[{'name': 'fd', 'type': 'int', 'value': 7}]",0,0
205.657503,7275,7275,7274,0,4026531840,sshd,ip-10-100-1-79,6,lstat,"[140537881859818, 7291046770080312623]",2,-2,"[{'name': 'pathname', 'type': 'const char*', 'value': '/etc/gss/mech'}, {'name': 'statbuf', 'type': 'struct stat*', 'value': '0x7FFCCE900B90'}]",0,0
205.657645,7275,7275,7274,0,4026531840,sshd,ip-10-100-1-79,1005,security_file_open,"[140537881884252, 140537881703183, 140537883829966]",4,0,"[{'name': 'pathname', 'type': 'const char*', 'value': '/etc/gss/mech.d'}, {'name': 'flags', 'type': 'int', 'value': 'O_RDONLY|O_NONBLOCK|O_LARGEFILE|O_DIRECTORY'}, {'name': 'dev', 'type': 'dev_t', 'value': 211812353}, {'name': 'inode', 'type': 'unsigned long', 'value': 1421}]",0,0
205.6577,7275,7275,7274,0,4026531840,sshd,ip-10-100-1-79,257,openat,[],4,6,"[{'name': 'dirfd', 'type': 'int', 'value': -100}, {'name': 'pathname', 'type': 'const char*', 'value': '/etc/gss/mech.d'}, {'name': 'flags', 'type': 'int', 'value': 'O_RDONLY|O_NONBLOCK|O_DIRECTORY|O_CLOEXEC'}, {'name': 'mode', 'type': 'mode_t', 'value': 2256991836}]",0,0
205.657842,7275,7275,7274,0,4026531840,sshd,ip-10-100-1-79,5,fstat,[140537881859721],2,0,"[{'name': 'fd', 'type': 'int', 'value': 6}, {'name': 'statbuf', 'type': 'struct stat*', 'value': '0x7FFCCE900360'}]",0,0
205.658449,7275,7275,7274,0,4026531840,sshd,ip-10-100-1-79,217,getdents64,[140537881666619],3,48,"[{'name': 'fd', 'type': 'int', 'value': 6}, {'name': 'dirp', 'type': 'struct linux_dirent64*', 'value': '0x56300621BE10'}, {'name': 'count', 'type': 'unsigned long', 'value': 32768}]",0,0
205.65855,7275,7275,7274,0,4026531840,sshd,ip-10-100-1-79,217,getdents64,[],3,0,"[{'name': 'fd', 'type': 'int', 'value': 6}, {'name': 'dirp', 'type': 'struct linux_dirent64*', 'value': '0x56300621BE10'}, {'name': 'count', 'type': 'unsigned long', 'value': 32768}]",0,0
205.658596,7275,7275,7274,0,4026531840,sshd,ip-10-100-1-79,3,close,"[140537881883819, 140537881703183, 140537883829966]",1,0,"[{'name': 'fd', 'type': 'int', 'value': 6}]",0,0
205.65927,7275,7275,7274,0,4026531840,sshd,ip-10-100-1-79,1003,cap_capable,[140537878343275],1,0,"[{'name': 'cap', 'type': 'int', 'value': 'CAP_SETGID'}]",0,0
205.659327,7275,7275,7274,0,4026531840,sshd,ip-10-100-1-79,1003,cap_capable,[],1,0,"[{'name': 'cap', 'type': 'int', 'value': 'CAP_SETGID'}]",0,0
205.659367,7275,7275,7274,0,4026531840,sshd,ip-10-100-1-79,1003,cap_capable,[],1,0,"[{'name': 'cap', 'type': 'int', 'value': 'CAP_SETUID'}]",0,0
205.659429,7275,7275,7274,109,4026531840,sshd,ip-10-100-1-79,1003,cap_capable,[],1,0,"[{'name': 'cap', 'type': 'int', 'value': 'CAP_SETGID'}]",0,0
205.659453,7275,7275,7274,109,4026531840,sshd,ip-10-100-1-79,106,setgid,[],1,-1,"[{'name': 'gid', 'type': 'gid_t', 'value': 0}]",0,0
205.659487,7275,7275,7274,109,4026531840,sshd,ip-10-100-1-79,1003,cap_capable,[],1,0,"[{'name': 'cap', 'type': 'int', 'value': 'CAP_SETGID'}]",0,0
205.659586,7275,7275,7274,109,4026531840,sshd,ip-10-100-1-79,105,setuid,[],1,-1,"[{'name': 'uid', 'type': 'uid_t', 'value': 0}]",0,0
205.659555,7275,7275,7274,109,4026531840,sshd,ip-10-100-1-79,1003,cap_capable,[],1,0,"[{'name': 'cap', 'type': 'int', 'value': 'CAP_SETUID'}]",0,0
205.659633,7275,7275,7274,109,4026531840,sshd,ip-10-100-1-79,1003,cap_capable,[],1,0,"[{'name': 'cap', 'type': 'int', 'value': 'CAP_SETUID'}]",0,0
205.659832,7275,7275,7274,109,4026531840,sshd,ip-10-100-1-79,157,prctl,[],5,0,"[{'name': 'option', 'type': 'int', 'value': 'PR_SET_SECCOMP'}, {'name': 'arg2', 'type': 'unsigned long', 'value': 2}, {'name': 'arg3', 'type': 'unsigned long', 'value': 94764243566176}, {'name': 'arg4', 'type': 'unsigned long', 'value': 140537881935518}, {'name': 'arg5', 'type': 'unsigned long', 'value': 0}]",0,0
205.65919,7275,7275,7274,0,4026531840,sshd,ip-10-100-1-79,1003,cap_capable,"[140537881891531, 94764261284704]",1,0,"[{'name': 'cap', 'type': 'int', 'value': 'CAP_SYS_CHROOT'}]",0,0
205.659715,7275,7275,7274,109,4026531840,sshd,ip-10-100-1-79,157,prctl,[140537881935518],5,0,"[{'name': 'option', 'type': 'int', 'value': 'PR_SET_NO_NEW_PRIVS'}, {'name': 'arg2', 'type': 'unsigned long', 'value': 1}, {'name': 'arg3', 'type': 'unsigned long', 'value': 0}, {'name': 'arg4', 'type': 'unsigned long', 'value': 140537881935518}, {'name': 'arg5', 'type': 'unsigned long', 'value': 0}]",0,0
324.542417,7274,7274,7108,0,4026531840,sshd,ip-10-100-1-79,1003,cap_capable,"[140537881032027, 94764242875824]",1,0,"[{'name': 'cap', 'type': 'int', 'value': 'CAP_KILL'}]",0,0
324.542465,7274,7274,7108,0,4026531840,sshd,ip-10-100-1-79,62,kill,[],2,0,"[{'name': 'pid', 'type': 'pid_t', 'value': 7275}, {'name': 'sig', 'type': 'int', 'value': 14}]",0,0
324.542553,7274,7274,7108,0,4026531840,sshd,ip-10-100-1-79,1003,cap_capable,[],1,0,"[{'name': 'cap', 'type': 'int', 'value': 'CAP_KILL'}]",0,0
324.542579,7274,7274,7108,0,4026531840,sshd,ip-10-100-1-79,62,kill,[],2,0,"[{'name': 'pid', 'type': 'pid_t', 'value': 0}, {'name': 'sig', 'type': 'int', 'value': 15}]",0,0
324.543178,7274,7274,7108,0,4026531840,sshd,ip-10-100-1-79,1010,sched_process_exit,[],0,0,[],0,0
324.543695,7275,7275,1,109,4026531840,sshd,ip-10-100-1-79,1010,sched_process_exit,[],0,0,[],0,0
324.543831,7108,7108,1,0,4026531840,sshd,ip-10-100-1-79,3,close,[140129105123719],1,0,"[{'name': 'fd', 'type': 'int', 'value': 6}]",0,0
